ranking_id,site_id,smr_key,composite_score,rank_position,passed_exclusionary,passed_avoidance,criteria_coverage,avg_confidence,sensitivity_stable,per_category_scores,run_id,ranked_at,composite_score_low,composite_score_high,weight_profile,site_name,country_code
bd6b305f-1e7d-480f-9f36-9a724ff28855,52db4dae-b014-45a4-96c4-49f80c1fdd11,nuscale_voygr6,6.612,,True,False,45.83,low,,"{'notes': ['high_unscored_fraction'], 'categories': {'EP': 5.5, 'HI': 5.5, 'NH': 7.84, 'NS': 6.77, 'RI': 5.34}, 'unscored_fraction': 0.5088}",20260425T140231_ff84d75e,2026-04-25 14:03:24.617499+00:00,4.774,6.993,baseline,Opalenie power station,PL
96ffea26-c49f-4a9b-804b-4dda246547b3,345fb795-170a-4fb5-833c-f6bcf2eb450c,nuscale_voygr6,6.58,,True,True,43.75,low,,"{'notes': ['high_unscored_fraction'], 'categories': {'EP': 4.64, 'HI': 3.65, 'NH': 7.13, 'NS': 7.26, 'RI': 7.24}, 'unscored_fraction': 0.5336}",20260425T140231_ff84d75e,2026-04-25 14:03:24.712042+00:00,4.67,6.985,baseline,Turceni power station,RO
69941c5f-a741-4bc0-9a11-1b4b654af531,778e0750-19f9-426e-a6c7-e0e30645fb97,nuscale_voygr6,6.566,,True,False,37.5,low,,"{'notes': ['high_unscored_fraction'], 'categories': {'EP': 5.79, 'HI': 5.5, 'NH': 7.12, 'NS': 7.44, 'RI': 4.82}, 'unscored_fraction': 0.6007}",20260425T140231_ff84d75e,2026-04-25 14:03:24.819094+00:00,4.424,7.062,baseline,Çoban Yıldız power station,TR
01871e48-dc04-488b-8fbd-0301c4eb2258,ad0c8590-c672-43f2-a813-1217a10f7d2d,nuscale_voygr6,6.521,,True,False,39.58,low,,"{'notes': ['high_unscored_fraction'], 'categories': {'EP': 4.64, 'HI': 5.5, 'NH': 7.18, 'NS': 6.53, 'RI': 6.71}, 'unscored_fraction': 0.576}",20260425T140231_ff84d75e,2026-04-25 14:03:24.914427+00:00,4.493,7.083,baseline,Konya Karapınar power station,TR
ee87afa1-42f3-483f-8593-e8c877e353af,558e7bff-5b5d-4666-9ca3-ec02f2269aab,nuscale_voygr6,6.476,,True,True,47.92,low,,"{'notes': ['high_unscored_fraction'], 'categories': {'EP': 5.5, 'HI': 4.3, 'NH': 7.53, 'NS': 7.06, 'RI': 5.34}, 'unscored_fraction': 0.4841}",20260425T140231_ff84d75e,2026-04-25 14:03:24.580545+00:00,4.793,6.945,baseline,Dolna Odra power station,PL
5114ec77-5621-4a8b-9956-38101a6608da,dadadad9-b67e-44b8-a9ab-4cbf116da20b,nuscale_voygr6,6.462,,True,False,47.92,low,,"{'notes': ['high_unscored_fraction'], 'categories': {'EP': 5.5, 'HI': 4.3, 'NH': 6.99, 'NS': 7.45, 'RI': 5.87}, 'unscored_fraction': 0.4841}",20260425T140231_ff84d75e,2026-04-25 14:03:24.633366+00:00,4.786,6.877,baseline,Puchaczow power station,PL
ca527bd3-db00-4ee1-b779-5d9f9e4ee67a,142cad75-648a-495d-8c10-792351e72126,nuscale_voygr6,6.436,,True,True,43.75,low,,"{'notes': ['high_unscored_fraction'], 'categories': {'EP': 5.5, 'HI': 5.5, 'NH': 6.68, 'NS': 7.21, 'RI': 5.66}, 'unscored_fraction': 0.53}",20260425T140231_ff84d75e,2026-04-25 14:03:24.837920+00:00,4.615,6.932,baseline,Eren-1 power station,TR
284f8e1a-54d2-490e-8a4c-0c1d8b3c148f,5fa0dfa9-c272-444e-8e70-80ab55b5d36c,nuscale_voygr6,6.345,,True,True,41.67,low,,"{'notes': ['high_unscored_fraction'], 'categories': {'EP': 4.64, 'HI': 5.5, 'NH': 7.04, 'NS': 5.96, 'RI': 7.24}, 'unscored_fraction': 0.5548}",20260425T140231_ff84d75e,2026-04-25 14:03:24.755457+00:00,4.489,6.968,baseline,Akdeniz Enerji power station,TR
db9d9643-18f2-45c2-babc-8103aabb0f03,fac3d0b5-36a5-48ae-8494-f2f08e4342f4,nuscale_voygr6,6.329,,True,False,41.67,low,,"{'notes': ['high_unscored_fraction'], 'categories': {'EP': 5.5, 'HI': 3.65, 'NH': 7.22, 'NS': 6.01, 'RI': 7.24}, 'unscored_fraction': 0.5548}",20260425T140231_ff84d75e,2026-04-25 14:03:24.457958+00:00,4.482,6.825,baseline,Zelwa power station,BY
e8fc2391-1016-4b78-9311-7a887511c6f9,29836b52-a882-4921-95a7-6417e636d9a2,nuscale_voygr6,6.309,,True,True,45.83,low,,"{'notes': ['high_unscored_fraction'], 'categories': {'EP': 3.79, 'HI': 5.6, 'NH': 6.87, 'NS': 7.11, 'RI': 5.87}, 'unscored_fraction': 0.5088}",20260425T140231_ff84d75e,2026-04-25 14:03:24.673081+00:00,4.625,6.719,baseline,Braila power station,RO
288fd5ce-e19a-43be-9976-304cbce6b125,d6cb5642-d5ec-4a15-bc6b-8be4cb0a382e,nuscale_voygr6,6.301,,True,True,43.75,low,,"{'notes': ['high_unscored_fraction'], 'categories': {'EP': 4.64, 'HI': 5.5, 'NH': 6.84, 'NS': 5.96, 'RI': 7.24}, 'unscored_fraction': 0.53}",20260425T140231_ff84d75e,2026-04-25 14:03:24.990794+00:00,4.551,6.917,baseline,Yeşilovacık power station,TR
34978d4e-ca04-4860-8ad2-750b6edd96cc,a55e3643-8ed4-434b-b14f-2d549d09c0d9,nuscale_voygr6,6.276,,True,False,47.92,low,,"{'notes': ['high_unscored_fraction'], 'categories': {'EP': 4.64, 'HI': 7.04, 'NH': 7.84, 'NS': 5.3, 'RI': 4.82}, 'unscored_fraction': 0.4876}",20260425T140231_ff84d75e,2026-04-25 14:03:24.661882+00:00,4.678,6.741,baseline,Zarnowiec power station,PL
7ad2372f-2bc8-4c67-a28a-8856f2c18350,323cdbf0-c4a8-467a-af76-e2e3df0b537f,nuscale_voygr6,6.209,,True,True,45.83,low,,"{'notes': ['high_unscored_fraction'], 'categories': {'EP': 3.79, 'HI': 5.6, 'NH': 6.56, 'NS': 7.11, 'RI': 5.87}, 'unscored_fraction': 0.5088}",20260425T140231_ff84d75e,2026-04-25 14:03:24.675395+00:00,4.576,6.619,baseline,Braila power station,RO
64197daf-617b-46fe-b700-c7d082bcf5df,c3790475-3d3b-4e2b-92ae-24503fe03e6b,nuscale_voygr6,6.122,,True,False,45.83,low,,"{'notes': ['high_unscored_fraction'], 'categories': {'EP': 4.64, 'HI': 2.9, 'NH': 7.13, 'NS': 7.35, 'RI': 5.55}, 'unscored_fraction': 0.5088}",20260425T140231_ff84d75e,2026-04-25 14:03:24.702679+00:00,4.534,6.532,baseline,Romag Termo power station,RO
29458e7e-2d76-4e35-91d5-9efe2d43a73f,993ccce2-d5e1-498d-827d-8dbfeb42582b,nuscale_voygr6,5.91,,True,False,43.75,low,,"{'notes': ['high_unscored_fraction'], 'categories': {'EP': 4.64, 'HI': 3.5, 'NH': 6.84, 'NS': 5.67, 'RI': 6.39}, 'unscored_fraction': 0.53}",20260425T140231_ff84d75e,2026-04-25 14:03:24.719559+00:00,4.367,6.436,baseline,Kostolac power station,RS
a1d72f1e-a612-4608-a7aa-1e171591218a,c657c5c3-38a2-472d-8962-9e7cefcd2c1e,nuscale_voygr6,5.866,,True,False,41.67,low,,"{'notes': ['high_unscored_fraction'], 'categories': {'EP': 4.64, 'HI': 5.5, 'NH': 5.88, 'NS': 6.53, 'RI': 5.66}, 'unscored_fraction': 0.5512}",20260425T140231_ff84d75e,2026-04-25 14:03:24.826308+00:00,4.286,6.425,baseline,Diler (Akbayir) Elbistan power station,TR
cd3a5c88-dbd2-4d67-bc71-066ce2bcc97f,5d4aee8d-9e73-4987-907a-d092e0ba92ed,nuscale_voygr6,5.835,,True,False,43.75,low,,"{'notes': ['high_unscored_fraction'], 'categories': {'EP': 4.64, 'HI': 3.5, 'NH': 6.57, 'NS': 5.79, 'RI': 6.39}, 'unscored_fraction': 0.53}",20260425T140231_ff84d75e,2026-04-25 14:03:24.721568+00:00,4.332,6.301,baseline,Kovin power station,RS
85128632-e7e6-40aa-9b01-7c966ac94718,9699244b-14c0-4e27-afd1-105494fccd60,nuscale_voygr6,5.79,,True,False,41.67,low,,"{'notes': ['high_unscored_fraction'], 'categories': {'EP': 4.64, 'HI': 5.5, 'NH': 5.93, 'NS': 6.53, 'RI': 5.13}, 'unscored_fraction': 0.5548}",20260425T140231_ff84d75e,2026-04-25 14:03:24.764032+00:00,4.242,6.349,baseline,Alpu power station,TR
ca9f623f-5b8d-4fe8-bf6e-42c75e80e30e,d12e7ffc-4cd3-4ff4-81da-ae360d59409b,nuscale_voygr6,5.789,,True,False,43.75,low,,"{'notes': ['high_unscored_fraction'], 'categories': {'EP': 5.5, 'HI': 3.65, 'NH': 5.8, 'NS': 8.13, 'RI': 3.13}, 'unscored_fraction': 0.53}",20260425T140231_ff84d75e,2026-04-25 14:03:24.810593+00:00,4.311,6.286,baseline,Çebi Enerji power station,TR
9adb180d-bfd7-4709-823a-9648f0e7d502,cc635340-954c-4428-9fa1-14383c7faceb,nuscale_voygr6,5.567,,True,False,41.67,low,,"{'notes': ['high_unscored_fraction'], 'categories': {'EP': 4.64, 'HI': 5.5, 'NH': 5.84, 'NS': 5.84, 'RI': 5.13}, 'unscored_fraction': 0.5548}",20260425T140231_ff84d75e,2026-04-25 14:03:24.875878+00:00,4.143,6.127,baseline,İÇDAŞ Bekirli power station,TR
c0734d18-df4f-4dae-b40d-ad1490aef249,3a06636d-c742-4b72-b9cd-21a4537c331b,nuscale_voygr6,5.492,,True,False,41.67,low,,"{'notes': ['high_unscored_fraction'], 'categories': {'EP': 5.5, 'HI': 4.58, 'NH': 6.08, 'NS': 5.9, 'RI': 3.97}, 'unscored_fraction': 0.5548}",20260425T140231_ff84d75e,2026-04-25 14:03:24.950870+00:00,4.11,6.095,baseline,Selena power station,TR
3582d6c3-59ea-4e3d-9c85-f2dcccc72a28,c8e1cc12-080a-4e01-925d-8fd6e4334856,nuscale_voygr6,5.474,,True,False,43.75,low,,"{'notes': ['high_unscored_fraction'], 'categories': {'EP': 4.64, 'HI': 3.65, 'NH': 5.99, 'NS': 6.53, 'RI': 3.97}, 'unscored_fraction': 0.53}",20260425T140231_ff84d75e,2026-04-25 14:03:24.919915+00:00,4.163,6.03,baseline,Meda power station,TR
c3a5c63b-cc24-45eb-99fc-c88dce7aeb23,d5151598-5a1a-4697-8147-592845ffef6c,nuscale_voygr6,5.398,,True,False,43.75,low,,"{'notes': ['high_unscored_fraction'], 'categories': {'EP': 5.5, 'HI': 3.65, 'NH': 5.99, 'NS': 5.44, 'RI': 4.82}, 'unscored_fraction': 0.53}",20260425T140231_ff84d75e,2026-04-25 14:03:24.859727+00:00,4.127,5.955,baseline,Güreci power station,TR
f9aedf59-21eb-434a-925d-4a92416f75b5,5b6be56c-d981-470c-a979-13a8764a34b8,nuscale_voygr6,5.371,,True,False,39.58,low,,"{'notes': ['high_unscored_fraction'], 'categories': {'EP': 4.64, 'HI': 5.5, 'NH': 6.42, 'NS': 4.59, 'RI': 4.82}, 'unscored_fraction': 0.576}",20260425T140231_ff84d75e,2026-04-25 14:03:24.912084+00:00,4.005,5.929,baseline,Kıvanç power station,TR
e4f75ca9-b72f-4852-b5be-222eff455b53,5ed91c1b-0a1b-4a4c-9b2b-f6bdc8ff9770,nuscale_voygr6,5.278,,True,False,43.75,low,,"{'notes': ['high_unscored_fraction'], 'categories': {'EP': 5.5, 'HI': 3.65, 'NH': 5.99, 'NS': 4.99, 'RI': 4.82}, 'unscored_fraction': 0.53}",20260425T140231_ff84d75e,2026-04-25 14:03:24.930159+00:00,4.071,5.835,baseline,Namal power station,TR
ae16e23c-ea7d-4291-a97b-db2694c247f6,2350bab4-9869-43f1-b62f-a4d5aea77ef5,nuscale_voygr6,5.266,,True,False,41.67,low,,"{'notes': ['high_unscored_fraction'], 'categories': {'EP': 3.79, 'HI': 5.5, 'NH': 5.84, 'NS': 5.1, 'RI': 5.13}, 'unscored_fraction': 0.5548}",20260425T140231_ff84d75e,2026-04-25 14:03:24.789354+00:00,4.009,5.825,baseline,Biga power station,TR
de0b6251-6114-4942-8e9f-c3bb1c6ed5fe,28baef4d-44e3-4b2e-bbe3-75f736371553,nuscale_voygr6,,,False,False,0.0,low,,"{'notes': ['excluded_by_E_code'], 'categories': {}, 'unscored_fraction': 0.0}",20260425T140231_ff84d75e,2026-04-25 14:03:24.835741+00:00,,,baseline,Enyat Samsun power station,TR
67344f73-e2c9-46db-a48d-5d7c9e78253f,180880c2-7284-4723-b02a-a62348b9b40b,nuscale_voygr6,,,False,False,0.0,low,,"{'notes': ['excluded_by_E_code'], 'categories': {}, 'unscored_fraction': 0.0}",20260425T140231_ff84d75e,2026-04-25 14:03:24.465148+00:00,,,baseline,Hodonin power station,CZ
59217b13-1256-4b2d-a419-0aef4bd3d15e,2fe0a0b3-4108-427e-8e54-f77e1ea7227c,nuscale_voygr6,,,False,True,0.0,low,,"{'notes': ['excluded_by_E_code'], 'categories': {}, 'unscored_fraction': 0.0}",20260425T140231_ff84d75e,2026-04-25 14:03:24.473507+00:00,,,baseline,Ledvice power station,CZ
9c386675-332d-45d5-9430-565e07c1e660,32484f7b-18a4-4b21-8e6a-6d68ae099d02,nuscale_voygr6,,,False,False,0.0,low,,"{'notes': ['excluded_by_E_code'], 'categories': {}, 'unscored_fraction': 0.0}",20260425T140231_ff84d75e,2026-04-25 14:03:24.495915+00:00,,,baseline,Pocerady power station,CZ
9119b750-bf08-48df-a737-d5d8ea063b34,829f61ff-0ad1-4288-8dd9-e41abbd0b6a7,nuscale_voygr6,,,False,False,0.0,low,,"{'notes': ['excluded_by_E_code'], 'categories': {}, 'unscored_fraction': 0.0}",20260425T140231_ff84d75e,2026-04-25 14:03:24.848156+00:00,,,baseline,Gebze Çolakoğlu power station,TR
a041d075-9cfa-4a65-97a0-7d0ddc833c5f,20bce4f5-ca0b-4145-87e5-0a0694343f31,nuscale_voygr6,,,False,False,0.0,low,,"{'notes': ['excluded_by_E_code'], 'categories': {}, 'unscored_fraction': 0.0}",20260425T140231_ff84d75e,2026-04-25 14:03:24.497710+00:00,,,baseline,Porici power station,CZ
3a22f5a3-d424-4239-94a5-6d3866783dca,20c9d02d-e9e8-40b3-a11e-7a2e01018d8c,nuscale_voygr6,,,False,False,0.0,low,,"{'notes': ['excluded_by_E_code'], 'categories': {}, 'unscored_fraction': 0.0}",20260425T140231_ff84d75e,2026-04-25 14:03:24.505927+00:00,,,baseline,Sko-Energo power station,CZ
acfb65e1-6d74-4ff4-b9a5-b95512250c9c,287cbb48-bb08-40dd-82c5-cfe1530dfbb9,nuscale_voygr6,,,False,True,0.0,low,,"{'notes': ['excluded_by_E_code'], 'categories': {}, 'unscored_fraction': 0.0}",20260425T140231_ff84d75e,2026-04-25 14:03:24.513796+00:00,,,baseline,Tusimice power station,CZ
f5fa8ef5-c286-4bfa-9da9-133c4f110df5,d110df11-ad8e-44dc-8a32-af692ca46c6f,nuscale_voygr6,,,False,False,0.0,low,,"{'notes': ['excluded_by_E_code'], 'categories': {}, 'unscored_fraction': 0.0}",20260425T140231_ff84d75e,2026-04-25 14:03:24.857577+00:00,,,baseline,Güneybatı Anadolu power station,TR
c75e0b49-3636-4156-9821-70fc1e2dbaad,e10aae79-05b7-4ad9-9d69-60ce190b4444,nuscale_voygr6,,,False,False,0.0,low,,"{'notes': ['excluded_by_E_code'], 'categories': {}, 'unscored_fraction': 0.0}",20260425T140231_ff84d75e,2026-04-25 14:03:24.868849+00:00,,,baseline,Hande power station,TR
440dbf6a-d04e-4b02-a9b0-b47d7fe77f58,55cfe45b-6357-40f9-8623-e9916f91f839,nuscale_voygr6,,,False,False,0.0,low,,"{'notes': ['excluded_by_E_code'], 'categories': {}, 'unscored_fraction': 0.0}",20260425T140231_ff84d75e,2026-04-25 14:03:24.889468+00:00,,,baseline,Kahramanmaraş Anadolu power station,TR
103c89e6-f786-4d33-8c5e-15b0a8845399,a733fc13-11a4-4722-b62d-85c85a4f8ef3,nuscale_voygr6,,,False,False,0.0,low,,"{'notes': ['excluded_by_E_code'], 'categories': {}, 'unscored_fraction': 0.0}",20260425T140231_ff84d75e,2026-04-25 14:03:24.462590+00:00,,,baseline,Detmarovice power station,CZ
ce58b3e3-faac-4bf5-95d3-45151aa66345,7af0e000-3d19-4e5e-b504-f74897f1510c,nuscale_voygr6,,,False,False,0.0,low,,"{'notes': ['excluded_by_E_code'], 'categories': {}, 'unscored_fraction': 0.0}",20260425T140231_ff84d75e,2026-04-25 14:03:24.519513+00:00,,,baseline,Ploče power station,HR
eb6969d8-79f0-43ad-bbc3-54cff718d0c6,8e7f6abf-e420-4f40-b9da-9ea76ccedfb1,nuscale_voygr6,,,False,False,0.0,low,,"{'notes': ['excluded_by_E_code'], 'categories': {}, 'unscored_fraction': 0.0}",20260425T140231_ff84d75e,2026-04-25 14:03:24.901313+00:00,,,baseline,Kemerköy power station,TR
8d12c168-3bfa-4e7d-aeeb-c1dd0aad4a86,2a3aad60-2bff-4206-8275-f6e2029f9278,nuscale_voygr6,,,False,False,0.0,low,,"{'notes': ['excluded_by_E_code'], 'categories': {}, 'unscored_fraction': 0.0}",20260425T140231_ff84d75e,2026-04-25 14:03:24.916167+00:00,,,baseline,Kütahya Domaniç power station,TR
46aab4b2-4ebe-4fe1-8e3a-6a8ef9d51320,f2b3a729-602a-4b6b-acc9-004244f2e556,nuscale_voygr6,,,False,False,0.0,low,,"{'notes': ['excluded_by_E_code'], 'categories': {}, 'unscored_fraction': 0.0}",20260425T140231_ff84d75e,2026-04-25 14:03:24.525187+00:00,,,baseline,Banhida-II power station,HU
4d4e1381-b1f4-4ee7-91f2-a538808d12f9,5de5f907-98e7-42d3-a7dd-cb65f839697b,nuscale_voygr6,,,False,False,0.0,low,,"{'notes': ['excluded_by_E_code'], 'categories': {}, 'unscored_fraction': 0.0}",20260425T140231_ff84d75e,2026-04-25 14:03:24.539802+00:00,,,baseline,Tiszapalkonya power station,HU
66b9612b-3c11-4a23-9622-970bc99403e2,059b3ad4-7196-4e6b-b169-8605ceeed841,nuscale_voygr6,,,False,True,0.0,low,,"{'notes': ['excluded_by_E_code'], 'categories': {}, 'unscored_fraction': 0.0}",20260425T140231_ff84d75e,2026-04-25 14:03:24.541648+00:00,,,baseline,Torony power station,HU
68a456b7-e361-49a4-8d08-853bf03cde90,1820429d-bd95-4e56-a6db-d9bb57e2ae07,nuscale_voygr6,,,False,False,0.0,low,,"{'notes': ['excluded_by_E_code'], 'categories': {}, 'unscored_fraction': 0.0}",20260425T140231_ff84d75e,2026-04-25 14:03:24.921724+00:00,,,baseline,Mersin Gülnar power station,TR
00bb8079-7ac7-4d45-a4a4-1e832b7da495,21ccc44f-3244-4e7f-9654-eae424288200,nuscale_voygr6,,,False,False,0.0,low,,"{'notes': ['excluded_by_E_code'], 'categories': {}, 'unscored_fraction': 0.0}",20260425T140231_ff84d75e,2026-04-25 14:03:24.932216+00:00,,,baseline,Naren Karabiga power station,TR
7f83a921-7708-468e-82d0-15129a46e168,3795824b-cb76-48dd-a65c-764c757ddc76,nuscale_voygr6,,,False,False,0.0,low,,"{'notes': ['excluded_by_E_code'], 'categories': {}, 'unscored_fraction': 0.0}",20260425T140231_ff84d75e,2026-04-25 14:03:24.547272+00:00,,,baseline,Bar power station,ME
59f920e9-2a1c-4784-8ead-762556b32744,e77a7e7f-11ba-4e61-98da-f44471bc52ab,nuscale_voygr6,,,False,False,0.0,low,,"{'notes': ['excluded_by_E_code'], 'categories': {}, 'unscored_fraction': 0.0}",20260425T140231_ff84d75e,2026-04-25 14:03:24.548802+00:00,,,baseline,Berane power station,ME
56e0d954-89c7-48a8-a906-d619f947e22a,7bff5ef2-646d-4b83-83b0-7f3da32f0254,nuscale_voygr6,,,False,False,0.0,low,,"{'notes': ['excluded_by_E_code'], 'categories': {}, 'unscored_fraction': 0.0}",20260425T140231_ff84d75e,2026-04-25 14:03:24.556896+00:00,,,baseline,Mariovo power station,MK
472f5f65-b643-4fe6-ae3a-c68c4e32644b,2ed9363f-a9fe-46e5-8b92-c50b47a9077a,nuscale_voygr6,,,False,False,0.0,low,,"{'notes': ['excluded_by_E_code'], 'categories': {}, 'unscored_fraction': 0.0}",20260425T140231_ff84d75e,2026-04-25 14:03:24.940525+00:00,,,baseline,Saltukova power station,TR
982e9504-89ae-4f93-ab40-974620002f28,e05ff795-8984-4170-9874-5355b70985b1,nuscale_voygr6,,,False,False,0.0,low,,"{'notes': ['excluded_by_E_code'], 'categories': {}, 'unscored_fraction': 0.0}",20260425T140231_ff84d75e,2026-04-25 14:03:24.955982+00:00,,,baseline,Silopi (Şırnak) power station,TR
65d36b1e-263a-4b4c-a658-6873adb58b05,1739b1b7-a6f3-466c-9dfa-3d1de9d5b6db,nuscale_voygr6,,,False,False,0.0,low,,"{'notes': ['excluded_by_E_code'], 'categories': {}, 'unscored_fraction': 0.0}",20260425T140231_ff84d75e,2026-04-25 14:03:24.555319+00:00,,,baseline,Bitola power station,MK
aa1d08bf-7200-467f-a894-b371a1864a71,06641fea-8997-4b69-a618-6afa34b82591,nuscale_voygr6,,,False,False,0.0,low,,"{'notes': ['excluded_by_E_code'], 'categories': {}, 'unscored_fraction': 0.0}",20260425T140231_ff84d75e,2026-04-25 14:03:24.567633+00:00,,,baseline,Bialystok power station,PL
07d0ab77-ffe6-4930-a6ad-d214bbd11dd2,cf9150af-0325-44d8-bbaf-493e742f2e2b,nuscale_voygr6,,,False,False,0.0,low,,"{'notes': ['excluded_by_E_code'], 'categories': {}, 'unscored_fraction': 0.0}",20260425T140231_ff84d75e,2026-04-25 14:03:24.959197+00:00,,,baseline,Şırnak Galata power station,TR
77e3756f-9261-42da-8356-bd9846022a9f,ccc15bde-1c5a-40bf-8f09-2fcb1e896ce5,nuscale_voygr6,,,False,False,0.0,low,,"{'notes': ['excluded_by_E_code'], 'categories': {}, 'unscored_fraction': 0.0}",20260425T140231_ff84d75e,2026-04-25 14:03:24.570961+00:00,,,baseline,Blachownia power station,PL
41b475a4-e849-4edc-b149-749003f4278e,b789a244-7d29-4be3-afe4-2f45d7f11eab,nuscale_voygr6,,,False,False,0.0,low,,"{'notes': ['excluded_by_E_code'], 'categories': {}, 'unscored_fraction': 0.0}",20260425T140231_ff84d75e,2026-04-25 14:03:24.578112+00:00,,,baseline,Czestochowa CHP power station,PL
c5fba000-54f4-46c1-930f-339a2a81dfa0,e9a1ae49-ff79-462c-af4e-7c6843221d36,nuscale_voygr6,,,False,False,0.0,low,,"{'notes': ['excluded_by_E_code'], 'categories': {}, 'unscored_fraction': 0.0}",20260425T140231_ff84d75e,2026-04-25 14:03:24.582809+00:00,,,baseline,Gdansk-2 power station,PL
b2033fe6-a5f1-4897-aaca-b61a9010cbaf,29479c3f-8db8-4f62-90e8-59ad6739f90b,nuscale_voygr6,,,False,False,0.0,low,,"{'notes': ['excluded_by_E_code'], 'categories': {}, 'unscored_fraction': 0.0}",20260425T140231_ff84d75e,2026-04-25 14:03:24.591340+00:00,,,baseline,Halemba power station,PL
1e9ff615-c2d9-42b5-9ad9-9da9713b7a79,98019711-a8c3-424a-870e-00d4fea75ed1,nuscale_voygr6,,,False,False,0.0,low,,"{'notes': ['excluded_by_E_code'], 'categories': {}, 'unscored_fraction': 0.0}",20260425T140231_ff84d75e,2026-04-25 14:03:24.961120+00:00,,,baseline,Şırnak Silopi (CİNER) power station,TR
d0ecb76c-e27b-4a7c-9688-58ce8dfe7121,021d1717-149a-4a32-af7b-5955ff593e45,nuscale_voygr6,,,False,False,0.0,low,,"{'notes': ['excluded_by_E_code'], 'categories': {}, 'unscored_fraction': 0.0}",20260425T140231_ff84d75e,2026-04-25 14:03:24.965474+00:00,,,baseline,Star Refinery Socar power station,TR
9b188487-1850-4518-bc57-67b7cd175e26,0ada7b2a-f928-4c21-b082-4c7345094245,nuscale_voygr6,,,False,False,0.0,low,,"{'notes': ['excluded_by_E_code'], 'categories': {}, 'unscored_fraction': 0.0}",20260425T140231_ff84d75e,2026-04-25 14:03:24.968392+00:00,,,baseline,Tekirdağ Malkara power station,TR
80632377-ae7d-417b-872f-77041e029a02,399668d6-bfed-4e5b-bf38-9ee5902101c3,nuscale_voygr6,,,False,False,0.0,low,,"{'notes': ['excluded_by_E_code'], 'categories': {}, 'unscored_fraction': 0.0}",20260425T140231_ff84d75e,2026-04-25 14:03:24.594300+00:00,,,baseline,Katowice PKE power station,PL
16c4749d-53a3-49ba-9506-684096db32a8,c9c85786-eb26-4e7b-b280-83a54b7e834f,nuscale_voygr6,,,False,False,0.0,low,,"{'notes': ['excluded_by_E_code'], 'categories': {}, 'unscored_fraction': 0.0}",20260425T140231_ff84d75e,2026-04-25 14:03:24.852071+00:00,,,baseline,Gölovası power station,TR
e204229c-3370-4a55-a89c-e9ea55fa176b,6c9571c4-5d3b-4f88-a7be-fa8c21425eeb,nuscale_voygr6,,,False,False,0.0,low,,"{'notes': ['excluded_by_E_code'], 'categories': {}, 'unscored_fraction': 0.0}",20260425T140231_ff84d75e,2026-04-25 14:03:24.974841+00:00,,,baseline,Tufanbeyli power station,TR
aadd0a48-751b-4a07-8662-50ee290bc99b,67e5a20f-e3ab-4c18-9864-cf4591d6e15f,nuscale_voygr6,,,False,False,0.0,low,,"{'notes': ['excluded_by_E_code'], 'categories': {}, 'unscored_fraction': 0.0}",20260425T140231_ff84d75e,2026-04-25 14:03:24.395485+00:00,,,baseline,Bugojno Thermal Power Project,BA
e3a35cd6-1086-4305-aa70-0f46819cc603,e299922a-1670-4aff-acda-fd80600af9af,nuscale_voygr6,,,False,False,0.0,low,,"{'notes': ['excluded_by_E_code'], 'categories': {}, 'unscored_fraction': 0.0}",20260425T140231_ff84d75e,2026-04-25 14:03:24.481482+00:00,,,baseline,Mondi Steti power station,CZ
a8d0640f-d4ab-4905-999f-c7ba2efbdf6a,0b187a1d-55de-47cf-96a3-06abc8ff2476,nuscale_voygr6,,,False,False,0.0,low,,"{'notes': ['excluded_by_E_code'], 'categories': {}, 'unscored_fraction': 0.0}",20260425T140231_ff84d75e,2026-04-25 14:03:24.604276+00:00,,,baseline,Leczna Power Station (Bogdanka SA),PL
81955b36-3073-4f40-a0f4-81bede1fec90,ddc8bb9c-bf77-4075-b38c-600fb072acf8,nuscale_voygr6,,,False,False,0.0,low,,"{'notes': ['excluded_by_E_code'], 'categories': {}, 'unscored_fraction': 0.0}",20260425T140231_ff84d75e,2026-04-25 14:03:24.977880+00:00,,,baseline,Uluköy power station,TR
e575f920-2d08-4414-8b9f-037243b21709,381221dd-76da-4adf-9b19-5da9f0779c22,nuscale_voygr6,,,False,True,0.0,low,,"{'notes': ['excluded_by_E_code'], 'categories': {}, 'unscored_fraction': 0.0}",20260425T140231_ff84d75e,2026-04-25 14:03:24.981571+00:00,,,baseline,Vize power station,TR
0c395f58-5459-41c1-9246-4765ed9831b9,d60b377c-9bb4-4fd5-adb7-a9a9ba98ae76,nuscale_voygr6,,,False,False,0.0,low,,"{'notes': ['excluded_by_E_code'], 'categories': {}, 'unscored_fraction': 0.0}",20260425T140231_ff84d75e,2026-04-25 14:03:24.612608+00:00,,,baseline,Lublin Power Station,PL
cb596ec7-1058-4499-b24a-de058d6de4df,c42c5942-264d-43a1-a9eb-95b00480eb1a,nuscale_voygr6,,,False,False,0.0,low,,"{'notes': ['excluded_by_E_code'], 'categories': {}, 'unscored_fraction': 0.0}",20260425T140231_ff84d75e,2026-04-25 14:03:24.614148+00:00,,,baseline,Miechowice power station,PL
d0fd6881-13c6-4d69-9692-afb3e841faff,ab57f5c3-8699-46f9-970f-3007dfc58af4,nuscale_voygr6,,,False,False,0.0,low,,"{'notes': ['excluded_by_E_code'], 'categories': {}, 'unscored_fraction': 0.0}",20260425T140231_ff84d75e,2026-04-25 14:03:24.622301+00:00,,,baseline,Patnow power station,PL
f451f64c-55d8-4955-9d15-308b72fc9d5a,fd4f7f8c-0d23-450d-9ea0-1b8e52e9a8af,nuscale_voygr6,,,False,False,0.0,low,,"{'notes': ['excluded_by_E_code'], 'categories': {}, 'unscored_fraction': 0.0}",20260425T140231_ff84d75e,2026-04-25 14:03:24.983356+00:00,,,baseline,Yatağan power station,TR
afe824f5-73f7-4bdc-9487-d572c30a7419,225656d9-8709-4c2f-9992-1e4f20a6fce8,nuscale_voygr6,,,False,False,0.0,low,,"{'notes': ['excluded_by_E_code'], 'categories': {}, 'unscored_fraction': 0.0}",20260425T140231_ff84d75e,2026-04-25 14:03:24.992365+00:00,,,baseline,Yıldırım Elazığ power station,TR
398f0b42-44e7-4392-9c63-67846469d348,b24f9ac5-5ddf-4b19-ba95-76dafeca3d2c,nuscale_voygr6,,,False,False,0.0,low,,"{'notes': ['excluded_by_E_code'], 'categories': {}, 'unscored_fraction': 0.0}",20260425T140231_ff84d75e,2026-04-25 14:03:24.627539+00:00,,,baseline,Pólnoc power station,PL
91fca0f3-f6dd-4413-bebb-98eb4675bcdf,a19228ce-f25a-4ffd-a249-9d01403e6b81,nuscale_voygr6,,,False,False,0.0,low,,"{'notes': ['excluded_by_E_code'], 'categories': {}, 'unscored_fraction': 0.0}",20260425T140231_ff84d75e,2026-04-25 14:03:24.637217+00:00,,,baseline,Pulawy power station (Vattenfall),PL
4eb3e0f0-221d-4aea-87ef-ee3c708989bd,48149515-0774-404d-b273-790b660a8d90,nuscale_voygr6,,,False,False,0.0,low,,"{'notes': ['excluded_by_E_code'], 'categories': {}, 'unscored_fraction': 0.0}",20260425T140231_ff84d75e,2026-04-25 14:03:24.996976+00:00,,,baseline,Yunus Emre power station,TR
eda5acaa-3a6c-4968-99b3-f169a1ad257e,1f305180-6bbf-4758-9a98-78bc9e96e195,nuscale_voygr6,,,False,True,0.0,low,,"{'notes': ['excluded_by_E_code'], 'categories': {}, 'unscored_fraction': 0.0}",20260425T140231_ff84d75e,2026-04-25 14:03:25.000046+00:00,,,baseline,ZETES power stations,TR
2eaec146-1770-47c9-9b83-4d21333cfca4,47be3ec4-7abe-4f4c-ac3d-b7f753b8514a,nuscale_voygr6,,,False,False,0.0,low,,"{'notes': ['excluded_by_E_code'], 'categories': {}, 'unscored_fraction': 0.0}",20260425T140231_ff84d75e,2026-04-25 14:03:24.646635+00:00,,,baseline,Siersza power station,PL
0fbb3f3f-b775-4310-8a72-3e295fdb46db,66bdc30c-4179-480b-a55a-5d15be5ac66b,nuscale_voygr6,,,False,False,0.0,low,,"{'notes': ['excluded_by_E_code'], 'categories': {}, 'unscored_fraction': 0.0}",20260425T140231_ff84d75e,2026-04-25 14:03:24.650025+00:00,,,baseline,Stalowa Wola power station,PL
eee4854e-049a-4e47-bfc7-aba6c44dc880,2da9dab9-7b4e-46e7-b1c8-70eeb329c177,nuscale_voygr6,,,False,False,0.0,low,,"{'notes': ['excluded_by_E_code'], 'categories': {}, 'unscored_fraction': 0.0}",20260425T140231_ff84d75e,2026-04-25 14:03:24.659910+00:00,,,baseline,Zabrze power station,PL
4e2b570b-4007-4749-bc99-cf28bdad9fcc,cec871bd-c7f6-4444-b0da-9b3a9ecc6963,nuscale_voygr6,,,False,True,0.0,low,,"{'notes': ['excluded_by_E_code'], 'categories': {}, 'unscored_fraction': 0.0}",20260425T140231_ff84d75e,2026-04-25 14:03:25.031005+00:00,,,baseline,Ladyzhyn power station,UA
723932d0-4a2f-4985-be20-7aa2b655a6ac,4e45df00-0d28-44d0-9697-3fa33d76fc88,nuscale_voygr6,,,False,True,0.0,low,,"{'notes': ['excluded_by_E_code'], 'categories': {}, 'unscored_fraction': 0.0}",20260425T140231_ff84d75e,2026-04-25 14:03:25.032529+00:00,,,baseline,Luganskaya power station,UA
17264a0e-2122-43e8-be6f-a9388a538cb9,202d797d-b0f9-4cd0-bbac-d7bb06805c09,nuscale_voygr6,,,False,False,0.0,low,,"{'notes': ['excluded_by_E_code'], 'categories': {}, 'unscored_fraction': 0.0}",20260425T140231_ff84d75e,2026-04-25 14:03:24.667189+00:00,,,baseline,ZW Nowa power station,PL
43477c88-adf6-4b08-9e5c-743fa3e3e6a9,5a33e5f0-6d86-4eab-adea-6c6bad7f3f45,nuscale_voygr6,,,False,False,0.0,low,,"{'notes': ['excluded_by_E_code'], 'categories': {}, 'unscored_fraction': 0.0}",20260425T140231_ff84d75e,2026-04-25 14:03:24.668847+00:00,,,baseline,Arad power station,RO
f47b97d3-dc8a-449e-a2d7-1e995baa863d,416aab55-6fd9-4a0a-b8f8-796fb62d86a5,nuscale_voygr6,,,False,False,0.0,low,,"{'notes': ['excluded_by_E_code'], 'categories': {}, 'unscored_fraction': 0.0}",20260425T140231_ff84d75e,2026-04-25 14:03:24.586418+00:00,,,baseline,Gliwice Works power station,PL
93880724-888b-42e9-ac02-ad243096b0f2,3657989a-61ae-4fe3-9e8b-6ba7e68f8c59,nuscale_voygr6,,,False,True,0.0,low,,"{'notes': ['excluded_by_E_code'], 'categories': {}, 'unscored_fraction': 0.0}",20260425T140231_ff84d75e,2026-04-25 14:03:25.041769+00:00,,,baseline,Vuglegirska power station,UA
9cfb06d5-39f5-4de1-98e7-606c16661f88,f2c061de-66ad-4fce-b911-7f1899f25b75,nuscale_voygr6,,,False,True,0.0,low,,"{'notes': ['excluded_by_E_code'], 'categories': {}, 'unscored_fraction': 0.0}",20260425T140231_ff84d75e,2026-04-25 14:03:25.046864+00:00,,,baseline,Zuevskaya power station,UA
265d599c-46b4-46e2-a3af-0d44df07452a,651839d3-4e8f-4214-89aa-1f96ea221121,nuscale_voygr6,,,False,False,0.0,low,,"{'notes': ['excluded_by_E_code'], 'categories': {}, 'unscored_fraction': 0.0}",20260425T140231_ff84d75e,2026-04-25 14:03:24.536055+00:00,,,baseline,Oroszlány power station,HU
d39fe2d2-f1c9-4468-a979-3c6746cde8f0,729f8d17-57c0-4d9a-adab-4b612d4abde5,nuscale_voygr6,,,False,False,0.0,low,,"{'notes': ['excluded_by_E_code'], 'categories': {}, 'unscored_fraction': 0.0}",20260425T140231_ff84d75e,2026-04-25 14:03:24.678875+00:00,,,baseline,Brasov power station,RO
8978c177-a93f-483c-89d6-0d1ca21b2054,28be296b-6ef5-4c7e-a604-3af01af45d17,nuscale_voygr6,,,False,False,0.0,low,,"{'notes': ['excluded_by_E_code'], 'categories': {}, 'unscored_fraction': 0.0}",20260425T140231_ff84d75e,2026-04-25 14:03:25.050692+00:00,,,baseline,Kosovo A power station,XK
9317178e-2380-449f-a249-c700892730c8,d28fa85d-4f6c-4b26-a585-cb0bed226ecb,nuscale_voygr6,,,False,False,0.0,low,,"{'notes': ['excluded_by_E_code'], 'categories': {}, 'unscored_fraction': 0.0}",20260425T140231_ff84d75e,2026-04-25 14:03:25.054042+00:00,,,baseline,Kosovo C power station,XK
1abc21ed-58de-49f3-b134-54c7a1cdb928,825dc024-9a53-4237-bf59-cbe0af0cf87d,nuscale_voygr6,,,False,False,0.0,low,,"{'notes': ['excluded_by_E_code'], 'categories': {}, 'unscored_fraction': 0.0}",20260425T140231_ff84d75e,2026-04-25 14:03:24.691363+00:00,,,baseline,Govora power station,RO
00a852cc-2645-414d-ae8f-ad395c383377,e073b3f8-4312-4d34-b322-6289a3121af1,nuscale_voygr6,,,False,False,0.0,low,,"{'notes': ['excluded_by_E_code'], 'categories': {}, 'unscored_fraction': 0.0}",20260425T140231_ff84d75e,2026-04-25 14:03:24.694951+00:00,,,baseline,Isalnita power station,RO
77aa82ad-8faa-4200-b466-a86b2b382e58,693d9b73-f9fc-4502-9b94-be020c5d21fb,nuscale_voygr6,,,False,False,0.0,low,,"{'notes': ['excluded_by_E_code'], 'categories': {}, 'unscored_fraction': 0.0}",20260425T140231_ff84d75e,2026-04-25 14:03:24.707930+00:00,,,baseline,Suceava power station,RO
ca085b5f-9299-4f66-b565-c81a5cd1f748,d30af109-79cb-4ab5-a878-6f574b58116a,nuscale_voygr6,,,False,False,0.0,low,,"{'notes': ['excluded_by_E_code'], 'categories': {}, 'unscored_fraction': 0.0}",20260425T140231_ff84d75e,2026-04-25 14:03:24.717132+00:00,,,baseline,Kolubara B power station,RS
87cf89dd-8f43-42a8-a953-712f7f3a68b5,c8f15aca-174b-4be6-a6d9-abfa4685d10d,nuscale_voygr6,,,False,False,0.0,low,,"{'notes': ['excluded_by_E_code'], 'categories': {}, 'unscored_fraction': 0.0}",20260425T140231_ff84d75e,2026-04-25 14:03:24.725097+00:00,,,baseline,Nikola Tesla power station,RS
569c68ae-15bb-4a43-bad0-5a705c3eb911,4cf7f820-7ad9-411e-bf39-2bbef290aaf6,nuscale_voygr6,,,False,False,0.0,low,,"{'notes': ['excluded_by_E_code'], 'categories': {}, 'unscored_fraction': 0.0}",20260425T140231_ff84d75e,2026-04-25 14:03:24.730364+00:00,,,baseline,Te-Tol power station,SI
6405a9ef-a284-487e-9e00-bc8a424ca231,c97125b3-20ed-4e21-a853-b928644ec7dd,nuscale_voygr6,,,False,False,0.0,low,,"{'notes': ['excluded_by_E_code'], 'categories': {}, 'unscored_fraction': 0.0}",20260425T140231_ff84d75e,2026-04-25 14:03:24.736737+00:00,,,baseline,Novaky power station,SK
3e5cb1ef-83d1-4782-817d-53c789e6638c,a2d8261c-3d08-4015-946c-47dbddbd0b98,nuscale_voygr6,,,False,False,0.0,low,,"{'notes': ['excluded_by_E_code'], 'categories': {}, 'unscored_fraction': 0.0}",20260425T140231_ff84d75e,2026-04-25 14:03:24.740123+00:00,,,baseline,U.S. Steel Kosice Works power station,SK
9e8b434d-8bf7-4bff-8e8f-85648a1c8dd6,4b11cac9-4fe0-4a2a-9c09-4fe9a0ac6015,nuscale_voygr6,,,False,False,0.0,low,,"{'notes': ['excluded_by_E_code'], 'categories': {}, 'unscored_fraction': 0.0}",20260425T140231_ff84d75e,2026-04-25 14:03:24.745207+00:00,,,baseline,Ada Yumurtalık power station,TR
be683be4-ed24-4a32-8bf6-aa0b512f41c9,bcb86777-4a54-4891-bb26-35b201bbd57d,nuscale_voygr6,,,False,False,0.0,low,,"{'notes': ['excluded_by_E_code'], 'categories': {}, 'unscored_fraction': 0.0}",20260425T140231_ff84d75e,2026-04-25 14:03:24.761582+00:00,,,baseline,Aliağa Enka power station,TR
47fddbe7-1e54-4b12-bff2-d56a6443a51a,8782d6f2-5f9f-4c67-b9f2-6756857bd200,nuscale_voygr6,,,False,False,0.0,low,,"{'notes': ['excluded_by_E_code'], 'categories': {}, 'unscored_fraction': 0.0}",20260425T140231_ff84d75e,2026-04-25 14:03:24.767996+00:00,,,baseline,Ant Enerji power station,TR
eef31f8c-ea62-47d0-a236-3bfd0745ec36,c7afd455-7beb-4d23-8d3b-e9a102782d2b,nuscale_voygr6,,,False,False,0.0,low,,"{'notes': ['excluded_by_E_code'], 'categories': {}, 'unscored_fraction': 0.0}",20260425T140231_ff84d75e,2026-04-25 14:03:24.775353+00:00,,,baseline,Avdan power station,TR
eb243aa5-2929-4b2c-8767-2c8ca926b43e,17568f0f-91fd-4efe-b4df-2c7cc5d80b7d,nuscale_voygr6,,,False,False,0.0,low,,"{'notes': ['excluded_by_E_code'], 'categories': {}, 'unscored_fraction': 0.0}",20260425T140231_ff84d75e,2026-04-25 14:03:24.843717+00:00,,,baseline,Evrese power station,TR
57b828cb-ddc7-41b0-a4f0-89389856051a,fecb62d9-6fb8-4f8d-83e3-78a7c75adb6e,nuscale_voygr6,,,False,False,0.0,low,,"{'notes': ['excluded_by_E_code'], 'categories': {}, 'unscored_fraction': 0.0}",20260425T140231_ff84d75e,2026-04-25 14:03:24.783296+00:00,,,baseline,Bandırma III power station,TR
e438fed7-b049-437f-ae84-fc4f246dfcf9,2b6a65d3-efb0-44d8-b88b-9aad311f4ac4,nuscale_voygr6,,,False,False,0.0,low,,"{'notes': ['excluded_by_E_code'], 'categories': {}, 'unscored_fraction': 0.0}",20260425T140231_ff84d75e,2026-04-25 14:03:24.793443+00:00,,,baseline,Bolu Göynük power station,TR
75f0528f-7da8-4c42-b74c-4b9ee56fcc99,e71ec827-7143-48dd-8c8a-8e81705fa971,nuscale_voygr6,,,False,False,0.0,low,,"{'notes': ['excluded_by_E_code'], 'categories': {}, 'unscored_fraction': 0.0}",20260425T140231_ff84d75e,2026-04-25 14:03:24.798378+00:00,,,baseline,Çalışkan Ceyhan power station,TR
b0613e44-173a-40fc-977e-92e33662a6f9,992a4bf0-3ff0-4f12-bb89-50dc9e8d7d35,nuscale_voygr6,,,False,False,0.0,low,,"{'notes': ['excluded_by_E_code'], 'categories': {}, 'unscored_fraction': 0.0}",20260425T140231_ff84d75e,2026-04-25 14:03:24.757702+00:00,,,baseline,Aksa Akrilik power station,TR
567db416-e90b-4d0d-8c51-31de90218f1f,fc307877-758b-4dbf-afbe-abfc4a778155,nuscale_voygr6,,,False,False,0.0,low,,"{'notes': ['excluded_by_E_code'], 'categories': {}, 'unscored_fraction': 0.0}",20260425T140231_ff84d75e,2026-04-25 14:03:24.804831+00:00,,,baseline,Çankırı Yıldızlar power station,TR
9a4277fc-5e09-4c5c-a4fb-c21d36521867,52a7babe-313f-493b-86b9-bd0c4aece4c3,nuscale_voygr6,,,False,False,0.0,low,,"{'notes': ['excluded_by_E_code'], 'categories': {}, 'unscored_fraction': 0.0}",20260425T140231_ff84d75e,2026-04-25 14:03:24.696710+00:00,,,baseline,Mintia-Deva power station,RO
c9a9697a-e1dd-4272-8a9b-392383ac6e03,a96dc545-41a9-4b0d-a7a3-f40ef711e5e3,nuscale_voygr6,,,False,False,0.0,low,,"{'notes': ['excluded_by_E_code'], 'categories': {}, 'unscored_fraction': 0.0}",20260425T140231_ff84d75e,2026-04-25 14:03:24.813824+00:00,,,baseline,Cenal power station,TR
2c43bdac-bb57-4217-a98b-67c743fa5a57,3f1ad930-cffb-4991-badd-773db74b890c,nuscale_voygr6,,,False,False,0.0,low,,"{'notes': ['excluded_by_E_code'], 'categories': {}, 'unscored_fraction': 0.0}",20260425T140231_ff84d75e,2026-04-25 14:03:24.833816+00:00,,,baseline,EMBA Hunutlu power station,TR
d9560838-6059-4243-99d1-eb9bc2642835,47c1271c-e2b2-42f5-99ee-f616bbef5b7e,nuscale_voygr6,,,False,False,0.0,low,,"{'notes': ['excluded_by_E_code'], 'categories': {}, 'unscored_fraction': 0.0}",20260425T140231_ff84d75e,2026-04-25 14:03:24.879520+00:00,,,baseline,Ilgın power station,TR
c456a27b-2475-45c7-ae56-ef76c246b8de,bac4a081-83dc-4aba-8076-b67bfc55f54c,nuscale_voygr6,,,False,False,0.0,low,,"{'notes': ['excluded_by_E_code'], 'categories': {}, 'unscored_fraction': 0.0}",20260425T140231_ff84d75e,2026-04-25 14:03:24.917623+00:00,,,baseline,Lüminer Enerji power station,TR
300466cc-3b52-4cd9-beae-f6910fbdf1da,f92bc907-9b9b-4d21-92fd-1705bd71128c,nuscale_voygr6,,,False,False,0.0,low,,"{'notes': ['excluded_by_E_code'], 'categories': {}, 'unscored_fraction': 0.0}",20260425T140231_ff84d75e,2026-04-25 14:03:24.839916+00:00,,,baseline,Ergene power station,TR
6e03b8aa-829f-48f9-b0be-e00f0f91518d,e780e4ac-0506-4186-9b58-0f378f878345,nuscale_voygr6,,,False,True,0.0,low,,"{'notes': ['excluded_by_E_code'], 'categories': {}, 'unscored_fraction': 0.0}",20260425T140231_ff84d75e,2026-04-25 14:03:24.850157+00:00,,,baseline,Gerze power station,TR
e8c3a2c8-bcfa-40bf-9d8c-40fa98726ca3,53481b7f-5b85-4bab-be04-4866c2e72c12,nuscale_voygr6,,,False,False,0.0,low,,"{'notes': ['excluded_by_E_code'], 'categories': {}, 'unscored_fraction': 0.0}",20260425T140231_ff84d75e,2026-04-25 14:03:24.855624+00:00,,,baseline,Güney Akdeniz power station,TR
53268dec-85a5-435f-963f-7a0bc8ae6f61,3819acc8-761d-49ba-89e7-967d3d37ec0e,nuscale_voygr6,,,False,False,0.0,low,,"{'notes': ['excluded_by_E_code'], 'categories': {}, 'unscored_fraction': 0.0}",20260425T140231_ff84d75e,2026-04-25 14:03:24.881087+00:00,,,baseline,Irmak power station,TR
5b522d42-2d09-4574-b19c-5f30fd99dd36,80179871-04fa-4806-9385-caf739b8a171,nuscale_voygr6,,,False,False,0.0,low,,"{'notes': ['excluded_by_E_code'], 'categories': {}, 'unscored_fraction': 0.0}",20260425T140231_ff84d75e,2026-04-25 14:03:24.862981+00:00,,,baseline,Habaş power station,TR
6b50ced4-946e-44e9-85da-4b35362cc161,d19ed873-b20a-43fd-b7e8-62e985c88820,nuscale_voygr6,,,False,False,0.0,low,,"{'notes': ['excluded_by_E_code'], 'categories': {}, 'unscored_fraction': 0.0}",20260425T140231_ff84d75e,2026-04-25 14:03:24.885984+00:00,,,baseline,İzdemir Enerji power station,TR
8254fe52-3ae1-4bfb-adc8-383bd2b1254c,0248611c-b745-404f-ad50-c2870882c7a1,nuscale_voygr6,,,False,False,0.0,low,,"{'notes': ['excluded_by_E_code'], 'categories': {}, 'unscored_fraction': 0.0}",20260425T140231_ff84d75e,2026-04-25 14:03:24.894562+00:00,,,baseline,Kangal power station,TR
00850b02-1618-423a-a84b-cef1a0476374,d020ac37-4f23-41b1-8f1e-b425b5769424,nuscale_voygr6,,,False,False,0.0,low,,"{'notes': ['excluded_by_E_code'], 'categories': {}, 'unscored_fraction': 0.0}",20260425T140231_ff84d75e,2026-04-25 14:03:24.906431+00:00,,,baseline,Kirazlıdere power complex,TR
c48e6be6-b803-4f23-b06f-45eeab4be2a9,42d5b3fd-7d07-409b-9154-4441695b7901,nuscale_voygr6,,,False,False,0.0,low,,"{'notes': ['excluded_by_E_code'], 'categories': {}, 'unscored_fraction': 0.0}",20260425T140231_ff84d75e,2026-04-25 14:03:24.923193+00:00,,,baseline,Mert power station,TR
b9bf900e-1fe4-4cb0-892e-d8f889080293,80b922cb-9e78-49aa-9d28-1dc84b1affef,nuscale_voygr6,,,False,False,0.0,low,,"{'notes': ['excluded_by_E_code'], 'categories': {}, 'unscored_fraction': 0.0}",20260425T140231_ff84d75e,2026-04-25 14:03:24.933921+00:00,,,baseline,Orhaneli power station,TR
978556ed-79e9-4534-a509-1b20fd97bab5,c13aeeb7-05e5-4f00-9b4b-654e73e5150d,nuscale_voygr6,,,False,False,0.0,low,,"{'notes': ['excluded_by_E_code'], 'categories': {}, 'unscored_fraction': 0.0}",20260425T140231_ff84d75e,2026-04-25 14:03:24.942272+00:00,,,baseline,Sanko Gölbaşı power station,TR
0aefe678-0a3b-446d-98db-afa8f6d4d97e,b5ff798e-e059-4d8b-a903-00a1fefc62ab,nuscale_voygr6,,,False,False,0.0,low,,"{'notes': ['excluded_by_E_code'], 'categories': {}, 'unscored_fraction': 0.0}",20260425T140231_ff84d75e,2026-04-25 14:03:24.948680+00:00,,,baseline,Sedef II TES power station,TR
89d24286-b6be-4fdf-9fbe-2c5d3b7b6fe3,660d9d71-6733-4294-951b-1c58614d58cf,nuscale_voygr6,,,False,False,0.0,low,,"{'notes': ['excluded_by_E_code'], 'categories': {}, 'unscored_fraction': 0.0}",20260425T140231_ff84d75e,2026-04-25 14:03:24.383655+00:00,,,baseline,Riedersbach power station,AT
becd6913-a717-45de-b7ec-d662509449c5,3bb6666f-de2f-4c6f-a28e-c3bddb71b54a,nuscale_voygr6,,,False,False,0.0,low,,"{'notes': ['excluded_by_E_code'], 'categories': {}, 'unscored_fraction': 0.0}",20260425T140231_ff84d75e,2026-04-25 14:03:24.428874+00:00,,,baseline,Maritsa 3 power station,BG
df677073-74c1-46bb-bf15-82858a860245,7fc17ab0-ce24-4830-a938-b8424d1e9368,nuscale_voygr6,,,False,False,0.0,low,,"{'notes': ['excluded_by_E_code'], 'categories': {}, 'unscored_fraction': 0.0}",20260425T140231_ff84d75e,2026-04-25 14:03:24.651584+00:00,,,baseline,Swiecie Pulp Mill power station,PL
25ea9caa-b1c1-41fa-9b0b-0cb24060ad10,5a57ae0a-6f91-46f4-a1f5-56a6b37596e9,nuscale_voygr6,,,False,False,0.0,low,,"{'notes': ['excluded_by_E_code'], 'categories': {}, 'unscored_fraction': 0.0}",20260425T140231_ff84d75e,2026-04-25 14:03:24.615546+00:00,,,baseline,Murcki-Staszic power station,PL
9d5afc71-334a-487b-9f67-4dfc1a9b6c2e,94a5c55f-c499-41b1-81da-deaa36686399,nuscale_voygr6,,,False,True,0.0,low,,"{'notes': ['excluded_by_E_code'], 'categories': {}, 'unscored_fraction': 0.0}",20260425T140231_ff84d75e,2026-04-25 14:03:24.954416+00:00,,,baseline,Seyitömer power station,TR
6134dbd1-648e-4215-9b2c-90e1d9ab0f71,4ca3c560-6d90-4bcf-b131-4e39b6b4f0de,nuscale_voygr6,,,False,False,0.0,low,,"{'notes': ['excluded_by_E_code'], 'categories': {}, 'unscored_fraction': 0.0}",20260425T140231_ff84d75e,2026-04-25 14:03:24.963958+00:00,,,baseline,Soma power station,TR
ccc0a728-3f91-4a31-b52e-9d4b0e6134ab,296282b1-d079-4c1e-b2df-12c25128b963,nuscale_voygr6,,,False,False,0.0,low,,"{'notes': ['excluded_by_E_code'], 'categories': {}, 'unscored_fraction': 0.0}",20260425T140231_ff84d75e,2026-04-25 14:03:24.726912+00:00,,,baseline,Štavalj Power Station,RS
c4cc995c-2763-440a-8ceb-241eaea37860,0750b80c-a54b-4ea5-b3e5-9dfb7309eca2,nuscale_voygr6,,,False,False,0.0,low,,"{'notes': ['excluded_by_E_code'], 'categories': {}, 'unscored_fraction': 0.0}",20260425T140231_ff84d75e,2026-04-25 14:03:24.728841+00:00,,,baseline,Sostanj power station,SI
157b46fa-d5b9-4260-bc2e-bc39958a2d4c,ba1f1f36-18b4-49ae-9882-f90418dc88ce,nuscale_voygr6,,,False,False,0.0,low,,"{'notes': ['excluded_by_E_code'], 'categories': {}, 'unscored_fraction': 0.0}",20260425T140231_ff84d75e,2026-04-25 14:03:24.781147+00:00,,,baseline,Bandırma Elektrik power station,TR
ddc32fe3-e19d-491d-94a7-2dad614e7516,a4af3789-2c40-41fc-a3ec-3b8d2fc6c645,nuscale_voygr6,,,False,False,0.0,low,,"{'notes': ['excluded_by_E_code'], 'categories': {}, 'unscored_fraction': 0.0}",20260425T140231_ff84d75e,2026-04-25 14:03:24.812231+00:00,,,baseline,Çelikler Yumurtalık power station,TR
f13d4130-e1e7-4619-a40b-15660ffe80c9,5067ece3-b204-495e-81c1-90a523252547,nuscale_voygr6,,,False,False,0.0,low,,"{'notes': ['excluded_by_E_code'], 'categories': {}, 'unscored_fraction': 0.0}",20260425T140231_ff84d75e,2026-04-25 14:03:24.824115+00:00,,,baseline,DETES 1 power station,TR
84ccbbd3-0b54-4d21-9248-b2f2d2de3259,0ca0b969-c519-48f3-97ab-7173d3aa6085,nuscale_voygr6,,,False,False,0.0,low,,"{'notes': ['excluded_by_E_code'], 'categories': {}, 'unscored_fraction': 0.0}",20260425T140231_ff84d75e,2026-04-25 14:03:24.853991+00:00,,,baseline,Gönen power station,TR
3fb961ce-bfb3-4e72-a36c-da7958c089f1,aa0bdb5e-45aa-4d15-8aee-cb5b0e14f5d9,nuscale_voygr6,,,False,False,0.0,low,,"{'notes': ['excluded_by_E_code'], 'categories': {}, 'unscored_fraction': 0.0}",20260425T140231_ff84d75e,2026-04-25 14:03:24.409215+00:00,,,baseline,Miljevina power station,BA
381f564b-d1b2-4757-921c-cd955f5975dd,fb7d4d9a-3f27-4b50-9941-6a8fccd25e9a,nuscale_voygr6,,,False,False,0.0,low,,"{'notes': ['excluded_by_E_code'], 'categories': {}, 'unscored_fraction': 0.0}",20260425T140231_ff84d75e,2026-04-25 14:03:25.024950+00:00,,,baseline,Kalush power station,UA
4e7add08-702f-4a78-a0aa-4243166e7bfc,532bfb42-0d4c-42cf-a81a-287f2b3a75bf,nuscale_voygr6,,,False,False,0.0,low,,"{'notes': ['excluded_by_E_code'], 'categories': {}, 'unscored_fraction': 0.0}",20260425T140231_ff84d75e,2026-04-25 14:03:24.378725+00:00,,,baseline,Enns Power Station,AT
8fb20d36-5281-4fef-9a41-8646632f6e4e,021c723b-98af-4b72-8f6c-ade538885f10,nuscale_voygr6,,,False,False,0.0,low,,"{'notes': ['excluded_by_E_code'], 'categories': {}, 'unscored_fraction': 0.0}",20260425T140231_ff84d75e,2026-04-25 14:03:24.385829+00:00,,,baseline,St Andrae power station,AT
71067c72-f299-4173-9f29-d95eaef1a8e2,d21335d4-0a3d-4464-85e0-352745a38db4,nuscale_voygr6,,,False,False,0.0,low,,"{'notes': ['excluded_by_E_code'], 'categories': {}, 'unscored_fraction': 0.0}",20260425T140231_ff84d75e,2026-04-25 14:03:24.902996+00:00,,,baseline,Kilikya power station,TR
79d15c24-94c7-4fdf-be53-5119fc65e17a,2dcd2c6d-f375-4408-9492-7910662fac03,nuscale_voygr6,,,False,False,0.0,low,,"{'notes': ['excluded_by_E_code'], 'categories': {}, 'unscored_fraction': 0.0}",20260425T140231_ff84d75e,2026-04-25 14:03:24.388125+00:00,,,baseline,Timelkam power station,AT
a0822f59-e302-44b3-9d4c-a14ee38fa28f,82011c29-a3d3-4a81-a27b-019d2649a251,nuscale_voygr6,,,False,False,0.0,low,,"{'notes': ['excluded_by_E_code'], 'categories': {}, 'unscored_fraction': 0.0}",20260425T140231_ff84d75e,2026-04-25 14:03:24.393488+00:00,,,baseline,Banovici power station,BA
ed186bb5-9cf6-49af-bcc6-f0391cdbbc1f,737b6d06-1d0c-4ae6-9683-ab3fea192b32,nuscale_voygr6,,,False,False,0.0,low,,"{'notes': ['excluded_by_E_code'], 'categories': {}, 'unscored_fraction': 0.0}",20260425T140231_ff84d75e,2026-04-25 14:03:24.986906+00:00,,,baseline,Yeniköy power station,TR
5a73c699-31d4-4c07-be15-9cacccdff998,772e2484-419b-47de-9739-924ac371ad10,nuscale_voygr6,,,False,False,0.0,low,,"{'notes': ['excluded_by_E_code'], 'categories': {}, 'unscored_fraction': 0.0}",20260425T140231_ff84d75e,2026-04-25 14:03:24.998436+00:00,,,baseline,Zafer power station,TR
6bd7b76e-8f24-4fc3-a97f-dc3a3eb8f83c,3bd2a957-ff3b-4bfd-9dba-808279edccb9,nuscale_voygr6,,,False,False,0.0,low,,"{'notes': ['excluded_by_E_code'], 'categories': {}, 'unscored_fraction': 0.0}",20260425T140231_ff84d75e,2026-04-25 14:03:25.034136+00:00,,,baseline,Myronivskyi power station,UA
306c0b0e-1405-4bb0-b5fc-881f0b8638cf,e2d645e3-c829-4aac-8f6f-d6a5507fd5fa,nuscale_voygr6,,,False,False,0.0,low,,"{'notes': ['excluded_by_E_code'], 'categories': {}, 'unscored_fraction': 0.0}",20260425T140231_ff84d75e,2026-04-25 14:03:24.399706+00:00,,,baseline,Glinica power station,BA
5840b804-f6c0-476f-952c-686d2fb02b67,0155b913-765f-4d44-89f5-c176b6867cef,nuscale_voygr6,,,False,True,0.0,low,,"{'notes': ['excluded_by_E_code'], 'categories': {}, 'unscored_fraction': 0.0}",20260425T140231_ff84d75e,2026-04-25 14:03:24.406402+00:00,,,baseline,Kongora Thermal Power Plant,BA
3b380fba-e533-4232-a9df-3e77ed1d3beb,447a9ea1-47fa-48a3-93f2-a77cbd629ac7,nuscale_voygr6,,,False,False,0.0,low,,"{'notes': ['excluded_by_E_code'], 'categories': {}, 'unscored_fraction': 0.0}",20260425T140231_ff84d75e,2026-04-25 14:03:25.038724+00:00,,,baseline,Starobesheve power station,UA
41797fd2-f128-4861-9752-f8c22816da84,e75c63e5-ef2f-4e08-8f8c-3da41215af9d,nuscale_voygr6,,,False,False,0.0,low,,"{'notes': ['excluded_by_E_code'], 'categories': {}, 'unscored_fraction': 0.0}",20260425T140231_ff84d75e,2026-04-25 14:03:24.411994+00:00,,,baseline,Stanari Thermal Power Plant,BA
79dfac94-4db4-464d-94ce-3655409b517d,0fb50bcc-5616-40d8-9109-8136a958f18d,nuscale_voygr6,,,False,False,0.0,low,,"{'notes': ['excluded_by_E_code'], 'categories': {}, 'unscored_fraction': 0.0}",20260425T140231_ff84d75e,2026-04-25 14:03:24.414425+00:00,,,baseline,Tuzla Thermal Power Plant,BA
f0a437d6-00b6-48c2-ba19-947c15fca76b,d762ceeb-514f-43a6-9f91-a2d422ed6c60,nuscale_voygr6,,,False,False,0.0,low,,"{'notes': ['excluded_by_E_code'], 'categories': {}, 'unscored_fraction': 0.0}",20260425T140231_ff84d75e,2026-04-25 14:03:24.460356+00:00,,,baseline,Chvaletice power station,CZ
fe5f5651-95d6-4491-979c-5eb977518699,d12d7173-8595-4b53-92af-75b44b5a2fb7,nuscale_voygr6,,,False,True,0.0,low,,"{'notes': ['excluded_by_E_code'], 'categories': {}, 'unscored_fraction': 0.0}",20260425T140231_ff84d75e,2026-04-25 14:03:24.431093+00:00,,,baseline,Maritsa Iztok-1 power station,BG
b1a23966-db83-481b-9edf-d8f570627106,4eb7914c-e000-403c-b5a5-c350de67bb83,nuscale_voygr6,,,False,False,0.0,low,,"{'notes': ['excluded_by_E_code'], 'categories': {}, 'unscored_fraction': 0.0}",20260425T140231_ff84d75e,2026-04-25 14:03:24.483328+00:00,,,baseline,Mostecka Power Station,CZ
8536586f-c1a0-4191-9e08-be3b0a96b78a,97ed917e-acfa-4002-be89-4ec44972ab45,nuscale_voygr6,,,False,False,0.0,low,,"{'notes': ['excluded_by_E_code'], 'categories': {}, 'unscored_fraction': 0.0}",20260425T140231_ff84d75e,2026-04-25 14:03:24.491943+00:00,,,baseline,Plzen CHP power station,CZ
f4f7e1aa-34f9-4581-8fef-fb08fc8efa0f,a6bf9980-016e-47ea-b40a-82e384a9eb43,nuscale_voygr6,,,False,False,0.0,low,,"{'notes': ['excluded_by_E_code'], 'categories': {}, 'unscored_fraction': 0.0}",20260425T140231_ff84d75e,2026-04-25 14:03:24.493931+00:00,,,baseline,Plzenska energetika ELU III power station,CZ
d131cf25-43e3-4dc8-8ce3-691495392e4d,ec5f337a-ca52-4b86-a0f4-4933eac349e3,nuscale_voygr6,,,False,False,0.0,low,,"{'notes': ['excluded_by_E_code'], 'categories': {}, 'unscored_fraction': 0.0}",20260425T140231_ff84d75e,2026-04-25 14:03:24.433223+00:00,,,baseline,Maritsa Iztok-2 power station,BG
e8086c57-49e4-4595-9848-d26420d77789,28b36531-865d-42ae-afb3-b8bad86f7014,nuscale_voygr6,,,False,False,0.0,low,,"{'notes': ['excluded_by_E_code'], 'categories': {}, 'unscored_fraction': 0.0}",20260425T140231_ff84d75e,2026-04-25 14:03:24.528546+00:00,,,baseline,Matra power station,HU
8ab46f08-7896-4a3d-8f41-d47ba25ba61e,34d88ce8-d49c-4b19-af2d-6efcb1b72149,nuscale_voygr6,,,False,False,0.0,low,,"{'notes': ['excluded_by_E_code'], 'categories': {}, 'unscored_fraction': 0.0}",20260425T140231_ff84d75e,2026-04-25 14:03:24.532340+00:00,,,baseline,Mecsek Hills power station,HU
dbf3514d-464b-4697-aa3f-20feb1a9e0ef,0e860f58-416b-4116-836d-04edf8ded225,nuscale_voygr6,,,False,True,0.0,low,,"{'notes': ['excluded_by_E_code'], 'categories': {}, 'unscored_fraction': 0.0}",20260425T140231_ff84d75e,2026-04-25 14:03:24.435422+00:00,,,baseline,Maritsa Iztok-3 power station,BG
2ce9e5e5-b768-4550-b52f-151d87e6f44d,85c56b15-450b-4bb1-b75e-5ea00ee51cb2,nuscale_voygr6,,,False,False,0.0,low,,"{'notes': ['excluded_by_E_code'], 'categories': {}, 'unscored_fraction': 0.0}",20260425T140231_ff84d75e,2026-04-25 14:03:24.448708+00:00,,,baseline,Varna power station,BG
259b7968-65db-4548-b9f7-239350437fec,a064c7ae-e699-4a94-a18c-79bdfe42bce3,nuscale_voygr6,,,False,False,0.0,low,,"{'notes': ['excluded_by_E_code'], 'categories': {}, 'unscored_fraction': 0.0}",20260425T140231_ff84d75e,2026-04-25 14:03:24.450791+00:00,,,baseline,Vidin Works power station,BG
26c43a81-4c0b-4474-87f1-77d97be5794f,a851b5f3-8392-4766-82b9-379c6c04fe5d,nuscale_voygr6,,,False,True,0.0,low,,"{'notes': ['excluded_by_E_code'], 'categories': {}, 'unscored_fraction': 0.0}",20260425T140231_ff84d75e,2026-04-25 14:03:24.550931+00:00,,,baseline,Maoce Power Station,ME
4c51c594-12f9-4381-b9ec-acf9303fb22f,43e5b2b4-2ccf-46ab-b01e-e3d480146455,nuscale_voygr6,,,False,False,0.0,low,,"{'notes': ['excluded_by_E_code'], 'categories': {}, 'unscored_fraction': 0.0}",20260425T140231_ff84d75e,2026-04-25 14:03:24.467128+00:00,,,baseline,Karvina power station,CZ
4dc82dcc-b40b-450d-841c-2285a35013c9,274ec928-e527-44cf-86c5-b6eddc09d0f7,nuscale_voygr6,,,False,False,0.0,low,,"{'notes': ['excluded_by_E_code'], 'categories': {}, 'unscored_fraction': 0.0}",20260425T140231_ff84d75e,2026-04-25 14:03:24.471155+00:00,,,baseline,Komorany power station,CZ
18054d3f-16d6-4983-a5e3-46d208bca0e8,c4d7f628-c108-4496-ac02-6076ea3ae448,nuscale_voygr6,,,False,False,0.0,low,,"{'notes': ['excluded_by_E_code'], 'categories': {}, 'unscored_fraction': 0.0}",20260425T140231_ff84d75e,2026-04-25 14:03:24.592901+00:00,,,baseline,Jaworzno power station,PL
030f52e6-d786-4c56-b720-b93082fec225,239ea0eb-a9c4-43cc-ac5f-35271bdc6613,nuscale_voygr6,,,False,False,0.0,low,,"{'notes': ['excluded_by_E_code'], 'categories': {}, 'unscored_fraction': 0.0}",20260425T140231_ff84d75e,2026-04-25 14:03:24.595694+00:00,,,baseline,Kedzierzyn CCS Project,PL
1b6a5574-eebb-49aa-9eaf-38ab720a598e,cbd67443-4a4e-44fd-a9ed-20ba9574c99e,nuscale_voygr6,,,False,False,0.0,low,,"{'notes': ['excluded_by_E_code'], 'categories': {}, 'unscored_fraction': 0.0}",20260425T140231_ff84d75e,2026-04-25 14:03:24.478099+00:00,,,baseline,Marianske Hory power station,CZ
8daa80be-e8f3-4702-8acb-fc0fdbff1c56,1d19dce6-c458-4656-901d-6a8d3c548761,nuscale_voygr6,,,False,True,0.0,low,,"{'notes': ['excluded_by_E_code'], 'categories': {}, 'unscored_fraction': 0.0}",20260425T140231_ff84d75e,2026-04-25 14:03:24.619055+00:00,,,baseline,Opole power station,PL
a17b7775-1351-44ef-8b0c-f2ea873e3ff6,8a9d5c87-7edc-49c3-85a2-d97727b9c9b2,nuscale_voygr6,,,False,False,0.0,low,,"{'notes': ['excluded_by_E_code'], 'categories': {}, 'unscored_fraction': 0.0}",20260425T140231_ff84d75e,2026-04-25 14:03:24.624131+00:00,,,baseline,Piast Ruch Power Station,PL
76780fea-d18d-4c64-8d98-62789fd1cc75,f3523341-daaa-4573-a856-becb2e1bb9e3,nuscale_voygr6,,,False,False,0.0,low,,"{'notes': ['excluded_by_E_code'], 'categories': {}, 'unscored_fraction': 0.0}",20260425T140231_ff84d75e,2026-04-25 14:03:24.479677+00:00,,,baseline,Melnik power station,CZ
80491ded-ba87-4ac8-9522-525a8b3ef605,b0ba194f-3c80-4725-b1e7-fa5277b38833,nuscale_voygr6,,,False,True,0.0,low,,"{'notes': ['excluded_by_E_code'], 'categories': {}, 'unscored_fraction': 0.0}",20260425T140231_ff84d75e,2026-04-25 14:03:24.503488+00:00,,,baseline,Prunerov power station,CZ
6acac0e1-8d65-408d-be71-7a8e99d2f9fb,b8a00967-90a3-4a4e-9979-6b8651d87380,nuscale_voygr6,,,False,False,0.0,low,,"{'notes': ['excluded_by_E_code'], 'categories': {}, 'unscored_fraction': 0.0}",20260425T140231_ff84d75e,2026-04-25 14:03:24.640509+00:00,,,baseline,Rybnik power station,PL
9b9d5caf-f79e-44c9-9acf-99eb9c9884f0,14e88076-ce0e-4693-bca4-e80f3f013c7f,nuscale_voygr6,,,False,False,0.0,low,,"{'notes': ['excluded_by_E_code'], 'categories': {}, 'unscored_fraction': 0.0}",20260425T140231_ff84d75e,2026-04-25 14:03:24.507767+00:00,,,baseline,Tisova power station,CZ
88bc1491-3499-4bc7-8633-51c1ca9392af,66c3f077-1ee6-41d7-8e6c-da374bb45139,nuscale_voygr6,,,False,False,0.0,low,,"{'notes': ['excluded_by_E_code'], 'categories': {}, 'unscored_fraction': 0.0}",20260425T140231_ff84d75e,2026-04-25 14:03:24.509891+00:00,,,baseline,Trebovice power station,CZ
71732020-9f93-4265-a793-ada50c18e17d,b24c9876-5a4d-4b83-b442-af2f4b0d1047,nuscale_voygr6,,,False,False,0.0,low,,"{'notes': ['excluded_by_E_code'], 'categories': {}, 'unscored_fraction': 0.0}",20260425T140231_ff84d75e,2026-04-25 14:03:24.665368+00:00,,,baseline,Zofiowka Mine power station,PL
2cd2c72d-f90e-4ae0-9757-c3391abe3bd8,5f4ed23c-cea2-41ef-a3e8-ac863e1bdcd6,nuscale_voygr6,,,False,False,0.0,low,,"{'notes': ['excluded_by_E_code'], 'categories': {}, 'unscored_fraction': 0.0}",20260425T140231_ff84d75e,2026-04-25 14:03:24.516037+00:00,,,baseline,Vresova TPS power station,CZ
a8b8aa7e-d8a4-43f8-974b-ca2bf39c2299,9825e28e-fd6e-460d-9caf-0342563f9060,nuscale_voygr6,,,False,False,0.0,low,,"{'notes': ['excluded_by_E_code'], 'categories': {}, 'unscored_fraction': 0.0}",20260425T140231_ff84d75e,2026-04-25 14:03:24.700126+00:00,,,baseline,Paroseni power station,RO
de6ea1b1-8f72-4a38-ae0c-a585a5bcac0b,ab151830-e5bd-46de-8400-01aa4c165366,nuscale_voygr6,,,False,True,0.0,low,,"{'notes': ['excluded_by_E_code'], 'categories': {}, 'unscored_fraction': 0.0}",20260425T140231_ff84d75e,2026-04-25 14:03:24.521285+00:00,,,baseline,Plomin power station,HR
a46ab761-b40f-40fc-becc-b3e5614daf3f,44698c12-3c50-4602-8104-dafa5fd215b6,nuscale_voygr6,,,False,False,0.0,low,,"{'notes': ['excluded_by_E_code'], 'categories': {}, 'unscored_fraction': 0.0}",20260425T140231_ff84d75e,2026-04-25 14:03:24.746818+00:00,,,baseline,Adana Akdeniz power station,TR
edd4e99c-ac48-40b0-b4df-85cd82ef4711,ef325d90-6d2d-4f8f-89f2-3bc98beb149b,nuscale_voygr6,,,False,False,0.0,low,,"{'notes': ['excluded_by_E_code'], 'categories': {}, 'unscored_fraction': 0.0}",20260425T140231_ff84d75e,2026-04-25 14:03:24.523404+00:00,,,baseline,Bakony power station,HU
ffec425d-13af-42ea-aca2-d10d03d28015,008a3366-6f56-4c1a-ac5d-6b0c75b7c7fd,nuscale_voygr6,,,False,False,0.0,low,,"{'notes': ['excluded_by_E_code'], 'categories': {}, 'unscored_fraction': 0.0}",20260425T140231_ff84d75e,2026-04-25 14:03:24.731796+00:00,,,baseline,Trbovlje power station,SI
329c3d75-d3d2-49f4-b16e-b4ee83d7bc05,7a805295-0cd2-48be-972e-5282c996549c,nuscale_voygr6,,,False,False,0.0,low,,"{'notes': ['excluded_by_E_code'], 'categories': {}, 'unscored_fraction': 0.0}",20260425T140231_ff84d75e,2026-04-25 14:03:24.777224+00:00,,,baseline,Ayas power station,TR
dbe08b7f-355f-4af7-957d-a1fcec1cd29f,903d6b94-cd9d-4c32-b7e2-4bbfbee929df,nuscale_voygr6,,,False,False,0.0,low,,"{'notes': ['excluded_by_E_code'], 'categories': {}, 'unscored_fraction': 0.0}",20260425T140231_ff84d75e,2026-04-25 14:03:24.530748+00:00,,,baseline,Matraterenye power station,HU
62ff2a0b-ad20-42cb-82ef-9acccb95a569,28980273-0ba6-4c8c-b080-7ff9b33cc4c9,nuscale_voygr6,,,False,False,0.0,low,,"{'notes': ['excluded_by_E_code'], 'categories': {}, 'unscored_fraction': 0.0}",20260425T140231_ff84d75e,2026-04-25 14:03:24.801589+00:00,,,baseline,Çan-2 power station,TR
e50120fe-9014-46e8-b26b-ed77acde00f4,1a5b8f8f-f4be-4514-8738-755d25e19b41,nuscale_voygr6,,,False,False,0.0,low,,"{'notes': ['excluded_by_E_code'], 'categories': {}, 'unscored_fraction': 0.0}",20260425T140231_ff84d75e,2026-04-25 14:03:24.543470+00:00,,,baseline,Kurzeme power station,LV
064703a0-94f6-4ca1-994b-f93df7e6e5f0,75f807aa-8278-43a3-8654-730713b96001,nuscale_voygr6,,,False,False,0.0,low,,"{'notes': ['excluded_by_E_code'], 'categories': {}, 'unscored_fraction': 0.0}",20260425T140231_ff84d75e,2026-04-25 14:03:24.791525+00:00,,,baseline,Bingöl power station,TR
316d033e-63c6-4e85-b833-cd007aa656f1,83d3abe4-2049-47ad-a66b-46034edb7569,nuscale_voygr6,,,False,False,0.0,low,,"{'notes': ['excluded_by_E_code'], 'categories': {}, 'unscored_fraction': 0.0}",20260425T140231_ff84d75e,2026-04-25 14:03:24.558894+00:00,,,baseline,Negotino power station,MK
cef13721-a55b-4a70-8bf2-8095bc134b00,e4e3b5f0-7038-47a5-84e3-04eb07b3c4d7,nuscale_voygr6,,,False,False,0.0,low,,"{'notes': ['excluded_by_E_code'], 'categories': {}, 'unscored_fraction': 0.0}",20260425T140231_ff84d75e,2026-04-25 14:03:24.562273+00:00,,,baseline,Adamow power station,PL
c412d527-424e-4d46-bb79-6d620fd85704,a70bbc9a-1469-4d56-be56-f282ed4130a8,nuscale_voygr6,,,False,False,0.0,low,,"{'notes': ['excluded_by_E_code'], 'categories': {}, 'unscored_fraction': 0.0}",20260425T140231_ff84d75e,2026-04-25 14:03:24.822513+00:00,,,baseline,Deniz power station,TR
b45718e3-5d85-4995-80e7-da5db9a14767,6e7fc4d8-636d-411a-baef-e138a5a07acc,nuscale_voygr6,,,False,False,0.0,low,,"{'notes': ['excluded_by_E_code'], 'categories': {}, 'unscored_fraction': 0.0}",20260425T140231_ff84d75e,2026-04-25 14:03:24.375731+00:00,,,baseline,Duernrohr power station,AT
477020ad-6b73-4664-95e8-11654a733baf,90820fe3-9889-4faf-9906-7c528f8d7bc5,nuscale_voygr6,,,False,False,0.0,low,,"{'notes': ['excluded_by_E_code'], 'categories': {}, 'unscored_fraction': 0.0}",20260425T140231_ff84d75e,2026-04-25 14:03:24.381496+00:00,,,baseline,Mellach power station,AT
e3b862dc-6cd0-43a4-af6b-2428512ed1f9,33d83e11-cfcd-47cb-be5e-82ca0fc352cc,nuscale_voygr6,,,False,False,0.0,low,,"{'notes': ['excluded_by_E_code'], 'categories': {}, 'unscored_fraction': 0.0}",20260425T140231_ff84d75e,2026-04-25 14:03:24.391511+00:00,,,baseline,Zeltweg power station,AT
a2634d91-3618-45fb-b2fb-ab2725ef2d55,96129c93-83a6-4b1c-929b-bfccba86a796,nuscale_voygr6,,,False,False,0.0,low,,"{'notes': ['excluded_by_E_code'], 'categories': {}, 'unscored_fraction': 0.0}",20260425T140231_ff84d75e,2026-04-25 14:03:24.967001+00:00,,,baseline,Suluova power station,TR
1ba01e8d-93f5-438d-93de-d8b9f585e627,99d712ac-7993-4186-8a0e-2e88bae7e90f,nuscale_voygr6,,,False,False,0.0,low,,"{'notes': ['excluded_by_E_code'], 'categories': {}, 'unscored_fraction': 0.0}",20260425T140231_ff84d75e,2026-04-25 14:03:24.389744+00:00,,,baseline,Voitsberg power station,AT
ae20399f-b273-4cd3-91b3-bc46015ff3fd,68aabff9-e662-4b9f-b37d-4c2ebc5f7539,nuscale_voygr6,,,False,False,0.0,low,,"{'notes': ['excluded_by_E_code'], 'categories': {}, 'unscored_fraction': 0.0}",20260425T140231_ff84d75e,2026-04-25 14:03:24.452967+00:00,,,baseline,Lelchitsy power station,BY
796cf2f6-772c-4d8a-aba0-51478f84f00f,d3b5a049-6bff-400b-9312-96985f03acea,nuscale_voygr6,,,False,False,0.0,low,,"{'notes': ['excluded_by_E_code'], 'categories': {}, 'unscored_fraction': 0.0}",20260425T140231_ff84d75e,2026-04-25 14:03:24.563989+00:00,,,baseline,Bedzin power station,PL
b8a054b7-d8a2-43af-ae92-cdae61f99ee2,85257083-08d1-4560-b198-a9df414da4a9,nuscale_voygr6,,,False,False,0.0,low,,"{'notes': ['excluded_by_E_code'], 'categories': {}, 'unscored_fraction': 0.0}",20260425T140231_ff84d75e,2026-04-25 14:03:24.397862+00:00,,,baseline,Gacko Thermal Power Plant,BA
edcca734-290b-4355-b334-a62842dddffe,344e0e9a-558e-4749-bb66-cd746be50cbd,nuscale_voygr6,,,False,False,0.0,low,,"{'notes': ['excluded_by_E_code'], 'categories': {}, 'unscored_fraction': 0.0}",20260425T140231_ff84d75e,2026-04-25 14:03:24.403984+00:00,,,baseline,Kamengrad Thermal Power Plant,BA
4cb41883-4cb9-4715-a09f-8191857ac89c,73fe8f06-c53b-4877-9c1d-5caf3d8f2749,nuscale_voygr6,,,False,False,0.0,low,,"{'notes': ['excluded_by_E_code'], 'categories': {}, 'unscored_fraction': 0.0}",20260425T140231_ff84d75e,2026-04-25 14:03:24.569480+00:00,,,baseline,Bielsko-Biala power station,PL
93386906-df92-46bf-8dc8-983dd7f546f8,9f4a0d6c-e2fa-4e9b-b412-d779d4abf82c,nuscale_voygr6,,,False,False,0.0,low,,"{'notes': ['excluded_by_E_code'], 'categories': {}, 'unscored_fraction': 0.0}",20260425T140231_ff84d75e,2026-04-25 14:03:24.572852+00:00,,,baseline,Bydgoszcz power station,PL
ad795375-e972-49b4-a0cf-dce60ccd2382,fee1d5b3-827f-4172-8492-a3e114a3c39e,nuscale_voygr6,,,False,False,0.0,low,,"{'notes': ['excluded_by_E_code'], 'categories': {}, 'unscored_fraction': 0.0}",20260425T140231_ff84d75e,2026-04-25 14:03:24.422026+00:00,,,baseline,Brikel power station,BG
c0ea3241-8278-4803-9627-5d21274ac1c7,398cc0f2-25d5-428a-93c9-5e4859680e86,nuscale_voygr6,,,False,False,0.0,low,,"{'notes': ['excluded_by_E_code'], 'categories': {}, 'unscored_fraction': 0.0}",20260425T140231_ff84d75e,2026-04-25 14:03:24.424459+00:00,,,baseline,Deven power station,BG
d93ab8ae-a680-42ff-a36f-721dd5f32f79,ad7a9c00-0c75-411f-8f89-859e603df1e6,nuscale_voygr6,,,False,False,0.0,low,,"{'notes': ['excluded_by_E_code'], 'categories': {}, 'unscored_fraction': 0.0}",20260425T140231_ff84d75e,2026-04-25 14:03:24.584634+00:00,,,baseline,Gdynia-3 power station,PL
8b4acfd9-614c-4eb1-946a-98867b0980b7,b1bcb7d3-cd40-40c9-9c59-a01fa71053b3,nuscale_voygr6,,,False,True,0.0,low,,"{'notes': ['excluded_by_E_code'], 'categories': {}, 'unscored_fraction': 0.0}",20260425T140231_ff84d75e,2026-04-25 14:03:24.437871+00:00,,,baseline,Maritsa Iztok-4 power station,BG
d8dddfa9-f854-47c7-b1c1-094d7210e0ec,33a015dd-51e0-497e-b0d3-4b1b3f070438,nuscale_voygr6,,,False,False,0.0,low,,"{'notes': ['excluded_by_E_code'], 'categories': {}, 'unscored_fraction': 0.0}",20260425T140231_ff84d75e,2026-04-25 14:03:24.440214+00:00,,,baseline,Republika power station,BG
5a0a1490-d2c1-4bc4-9a44-125eb70544e8,917008f5-fba1-4ef7-b82d-9aded2b69267,nuscale_voygr6,,,False,False,0.0,low,,"{'notes': ['excluded_by_E_code'], 'categories': {}, 'unscored_fraction': 0.0}",20260425T140231_ff84d75e,2026-04-25 14:03:24.589782+00:00,,,baseline,Gubin Power Project,PL
7b673549-3819-4dd3-a958-9af53219e33f,4411a22e-4e8a-4715-b000-1aae34494b68,nuscale_voygr6,,,False,False,0.0,low,,"{'notes': ['excluded_by_E_code'], 'categories': {}, 'unscored_fraction': 0.0}",20260425T140231_ff84d75e,2026-04-25 14:03:24.598547+00:00,,,baseline,Kozienice power station,PL
acf003bb-8350-4a3b-8bbe-3baec41ba234,2ec95392-978d-4a43-85b9-af3282c212ba,nuscale_voygr6,,,False,False,0.0,low,,"{'notes': ['excluded_by_E_code'], 'categories': {}, 'unscored_fraction': 0.0}",20260425T140231_ff84d75e,2026-04-25 14:03:24.976423+00:00,,,baseline,Tunçbilek power station,TR
950d05e8-a54b-4790-b713-ed5b65ab5c89,2fb27566-cc7b-4530-8ff9-e55e3a1985bd,nuscale_voygr6,,,False,False,0.0,low,,"{'notes': ['excluded_by_E_code'], 'categories': {}, 'unscored_fraction': 0.0}",20260425T140231_ff84d75e,2026-04-25 14:03:24.446883+00:00,,,baseline,Svilosa power station,BG
4d24c7c1-5757-4cc8-8937-c8f460d6d295,409dde58-5df1-44d9-b5ec-f8e2edd86786,nuscale_voygr6,,,False,False,0.0,low,,"{'notes': ['excluded_by_E_code'], 'categories': {}, 'unscored_fraction': 0.0}",20260425T140231_ff84d75e,2026-04-25 14:03:24.599968+00:00,,,baseline,Krakow-Leg power station,PL
88525c9b-fec4-4804-8b50-b643b84ce4db,adeb10a5-aaae-4e2c-b426-3db1c3d9bd5b,nuscale_voygr6,,,False,False,0.0,low,,"{'notes': ['excluded_by_E_code'], 'categories': {}, 'unscored_fraction': 0.0}",20260425T140231_ff84d75e,2026-04-25 14:03:24.865295+00:00,,,baseline,Hakan Enerji power station,TR
9fc19981-2430-4eb5-a935-49d92c6252d3,f1d2bca1-a7a9-4404-84c1-34fc8a59dab7,nuscale_voygr6,,,False,False,0.0,low,,"{'notes': ['excluded_by_E_code'], 'categories': {}, 'unscored_fraction': 0.0}",20260425T140231_ff84d75e,2026-04-25 14:03:24.468845+00:00,,,baseline,Kladno power station,CZ
c85d7830-95f3-4a0a-8c77-37a299185171,1c059a42-608c-4753-8fcf-ba797d94f900,nuscale_voygr6,,,False,False,0.0,low,,"{'notes': ['excluded_by_E_code'], 'categories': {}, 'unscored_fraction': 0.0}",20260425T140231_ff84d75e,2026-04-25 14:03:24.476153+00:00,,,baseline,Malesice power station,CZ
a03de149-63fd-49e5-91a2-cea04163a356,05daa6b2-bb29-4c26-a459-855626673955,nuscale_voygr6,,,False,False,0.0,low,,"{'notes': ['excluded_by_E_code'], 'categories': {}, 'unscored_fraction': 0.0}",20260425T140231_ff84d75e,2026-04-25 14:03:24.487042+00:00,,,baseline,Opatovice power station,CZ
cebd8e2b-52e9-4e92-a629-91045cccf1f0,9c4291f1-173b-467e-ae26-8cb01312c605,nuscale_voygr6,,,False,False,0.0,low,,"{'notes': ['excluded_by_E_code'], 'categories': {}, 'unscored_fraction': 0.0}",20260425T140231_ff84d75e,2026-04-25 14:03:24.490354+00:00,,,baseline,Plana Nad Luznici power station,CZ
b898d651-006c-4b61-a77d-e9691baf433d,44d40276-5847-41d1-ab9b-887bbdc1bcfe,nuscale_voygr6,,,False,False,0.0,low,,"{'notes': ['excluded_by_E_code'], 'categories': {}, 'unscored_fraction': 0.0}",20260425T140231_ff84d75e,2026-04-25 14:03:24.485294+00:00,,,baseline,Olomouc power station,CZ
357b0c86-c1b8-4083-bc99-9479855d9f13,de6735bd-7a79-43c8-baad-1fe23d50d6f0,nuscale_voygr6,,,False,False,0.0,low,,"{'notes': ['excluded_by_E_code'], 'categories': {}, 'unscored_fraction': 0.0}",20260425T140231_ff84d75e,2026-04-25 14:03:24.602847+00:00,,,baseline,Laziska power station,PL
8eea7419-6c62-48aa-8f65-09bd69eecb2f,187b4fd7-6a61-4e94-8ed4-495ac6dfc317,nuscale_voygr6,,,False,False,0.0,low,,"{'notes': ['excluded_by_E_code'], 'categories': {}, 'unscored_fraction': 0.0}",20260425T140231_ff84d75e,2026-04-25 14:03:24.607075+00:00,,,baseline,Legnica Power Station,PL
3c90458e-0bd7-4b77-9239-b1058acaa382,60baaa73-dd8c-4865-bb18-6c73d63a4052,nuscale_voygr6,,,False,False,0.0,low,,"{'notes': ['excluded_by_E_code'], 'categories': {}, 'unscored_fraction': 0.0}",20260425T140231_ff84d75e,2026-04-25 14:03:24.499988+00:00,,,baseline,Prerov power station,CZ
ae0715ff-a22c-4f80-adfc-f973931a7527,0ae8917b-a70b-41e5-82de-e4963a7686e3,nuscale_voygr6,,,False,False,0.0,low,,"{'notes': ['excluded_by_E_code'], 'categories': {}, 'unscored_fraction': 0.0}",20260425T140231_ff84d75e,2026-04-25 14:03:24.501644+00:00,,,baseline,Pribram power station,CZ
da75e577-1e87-49e7-b217-e03d792107ff,29a58981-aaf7-4450-ad41-49dd6d786168,nuscale_voygr6,,,False,False,0.0,low,,"{'notes': ['excluded_by_E_code'], 'categories': {}, 'unscored_fraction': 0.0}",20260425T140231_ff84d75e,2026-04-25 14:03:24.608446+00:00,,,baseline,Lodz-2 power station,PL
24f472df-adf1-44ba-a209-d92251e46423,82aac38c-3037-466c-9b37-bff9da707645,nuscale_voygr6,,,False,False,0.0,low,,"{'notes': ['excluded_by_E_code'], 'categories': {}, 'unscored_fraction': 0.0}",20260425T140231_ff84d75e,2026-04-25 14:03:24.866838+00:00,,,baseline,Hakan Kömür power station,TR
45cf6974-90ae-4d82-958d-d7b43ac00ad2,63601ccc-3f20-4cbd-95cb-0fbeaf821c6a,nuscale_voygr6,,,False,False,0.0,low,,"{'notes': ['excluded_by_E_code'], 'categories': {}, 'unscored_fraction': 0.0}",20260425T140231_ff84d75e,2026-04-25 14:03:24.511946+00:00,,,baseline,Trinec-E3 power station,CZ
e25ee9b7-a7c0-438c-8b11-1a5b8f7b37c8,aa38441d-aec7-4ae9-b4c3-68c5bf567db3,nuscale_voygr6,,,False,False,0.0,low,,"{'notes': ['excluded_by_E_code'], 'categories': {}, 'unscored_fraction': 0.0}",20260425T140231_ff84d75e,2026-04-25 14:03:24.517649+00:00,,,baseline,Zlin power station,CZ
119f6486-10d6-457c-9adb-349250c4fee6,e0e73325-5b32-4fef-b925-f0bb91114450,nuscale_voygr6,,,False,False,0.0,low,,"{'notes': ['excluded_by_E_code'], 'categories': {}, 'unscored_fraction': 0.0}",20260425T140231_ff84d75e,2026-04-25 14:03:24.870825+00:00,,,baseline,Helvacı power station,TR
2a68385d-f93f-44a5-8705-3d74c4954a58,f7dcdb63-26e6-44cd-b440-ec14fe507d90,nuscale_voygr6,,,False,False,0.0,low,,"{'notes': ['excluded_by_E_code'], 'categories': {}, 'unscored_fraction': 0.0}",20260425T140231_ff84d75e,2026-04-25 14:03:24.526772+00:00,,,baseline,Borsod power station,HU
e17d3985-a964-493a-8d83-5f423cff9f0e,997474f6-9bfd-4abd-a2ac-d8618db8f0b4,nuscale_voygr6,,,False,True,0.0,low,,"{'notes': ['excluded_by_E_code'], 'categories': {}, 'unscored_fraction': 0.0}",20260425T140231_ff84d75e,2026-04-25 14:03:24.534288+00:00,,,baseline,Mohacs power station,HU
3747940f-577c-4e95-aa0a-4936279c750f,e1649639-2e45-4226-9c7a-783d2dcb6724,nuscale_voygr6,,,False,False,0.0,low,,"{'notes': ['excluded_by_E_code'], 'categories': {}, 'unscored_fraction': 0.0}",20260425T140231_ff84d75e,2026-04-25 14:03:24.538010+00:00,,,baseline,Pecs power station,HU
819d2aa3-f253-4ad5-9f0d-4edebba98830,ef2ee2ae-e73e-490c-aa07-746543fe20e6,nuscale_voygr6,,,False,False,0.0,low,,"{'notes': ['excluded_by_E_code'], 'categories': {}, 'unscored_fraction': 0.0}",20260425T140231_ff84d75e,2026-04-25 14:03:24.611237+00:00,,,baseline,Lodz-4 power station,PL
6a2adb50-7cc6-427b-9ea0-06e856a45bc9,6ddc2960-3d72-4d5f-b358-56d1c54f47e0,nuscale_voygr6,,,False,False,0.0,low,,"{'notes': ['excluded_by_E_code'], 'categories': {}, 'unscored_fraction': 0.0}",20260425T140231_ff84d75e,2026-04-25 14:03:24.882613+00:00,,,baseline,İsken Sugözü power station,TR
25b803e0-6430-4f0a-8c74-092f6f4ea038,b3eb5dd2-98cf-40c4-b9ee-2a86fd066093,nuscale_voygr6,,,False,False,0.0,low,,"{'notes': ['excluded_by_E_code'], 'categories': {}, 'unscored_fraction': 0.0}",20260425T140231_ff84d75e,2026-04-25 14:03:24.545448+00:00,,,baseline,Kuchurgan power station,MD
96230c98-aa83-49fd-91b6-fbe59aff2923,b8bc6544-1571-4906-95e0-314d62c78a24,nuscale_voygr6,,,False,False,0.0,low,,"{'notes': ['excluded_by_E_code'], 'categories': {}, 'unscored_fraction': 0.0}",20260425T140231_ff84d75e,2026-04-25 14:03:24.620702+00:00,,,baseline,Ostrołęka power station,PL
d7900854-1693-4938-a5ce-ded100af6a95,a9385c82-79b7-4f8d-b609-0a12ed946fe6,nuscale_voygr6,,,False,True,0.0,low,,"{'notes': ['excluded_by_E_code'], 'categories': {}, 'unscored_fraction': 0.0}",20260425T140231_ff84d75e,2026-04-25 14:03:24.553115+00:00,,,baseline,Pljevlja power station,ME
0162b154-9dc8-48e5-9f19-2c0695eeae00,2981a12d-3444-4301-96ba-a63ef50bec3e,nuscale_voygr6,,,False,False,0.0,low,,"{'notes': ['excluded_by_E_code'], 'categories': {}, 'unscored_fraction': 0.0}",20260425T140231_ff84d75e,2026-04-25 14:03:24.625708+00:00,,,baseline,Polaniec power station,PL
cfc8966e-9e1d-4bca-835c-62ad13e6c5fa,ca423571-d2ab-44d4-b5ce-3e649d9cc776,nuscale_voygr6,,,False,False,0.0,low,,"{'notes': ['excluded_by_E_code'], 'categories': {}, 'unscored_fraction': 0.0}",20260425T140231_ff84d75e,2026-04-25 14:03:24.891085+00:00,,,baseline,Kandilli power station,TR
22ad9b16-9082-4783-84ae-04f09b8f8dc7,756218bb-3f16-443e-b6c6-400cd0ce2f87,nuscale_voygr6,,,False,False,0.0,low,,"{'notes': ['excluded_by_E_code'], 'categories': {}, 'unscored_fraction': 0.0}",20260425T140231_ff84d75e,2026-04-25 14:03:24.560712+00:00,,,baseline,Oslomej power station,MK
c9051095-71a6-4b99-bdf8-ebce841b70e0,8e485f8a-5c68-4541-ab1d-77783f6fcb2d,nuscale_voygr6,,,False,False,0.0,low,,"{'notes': ['excluded_by_E_code'], 'categories': {}, 'unscored_fraction': 0.0}",20260425T140231_ff84d75e,2026-04-25 14:03:24.565908+00:00,,,baseline,Belchatow power station,PL
9d696cd2-1195-4271-b4e9-3351ee396949,a91dfe3d-93e0-43a1-99d2-41abdd1fc2ce,nuscale_voygr6,,,False,False,0.0,low,,"{'notes': ['excluded_by_E_code'], 'categories': {}, 'unscored_fraction': 0.0}",20260425T140231_ff84d75e,2026-04-25 14:03:24.574575+00:00,,,baseline,Chorzow Elcho power station,PL
78158627-6be0-48c7-b3ac-a8a1fc769005,a6b51b4f-ba1d-49cd-bc99-8898acdbeb78,nuscale_voygr6,,,False,False,0.0,low,,"{'notes': ['excluded_by_E_code'], 'categories': {}, 'unscored_fraction': 0.0}",20260425T140231_ff84d75e,2026-04-25 14:03:24.576635+00:00,,,baseline,Czeczott power station,PL
c08e712e-b5b3-46b7-a279-bbebfb45f948,40b4334a-7ba4-4ed8-aa8e-3c405599fbd7,nuscale_voygr6,,,False,False,0.0,low,,"{'notes': ['excluded_by_E_code'], 'categories': {}, 'unscored_fraction': 0.0}",20260425T140231_ff84d75e,2026-04-25 14:03:24.630973+00:00,,,baseline,Poznan Karolin power station,PL
c731c987-79a8-4d18-9a6f-c6939505ce57,bfadbe66-971d-4f64-b222-604a7ee6ac6b,nuscale_voygr6,,,False,False,0.0,low,,"{'notes': ['excluded_by_E_code'], 'categories': {}, 'unscored_fraction': 0.0}",20260425T140231_ff84d75e,2026-04-25 14:03:24.892922+00:00,,,baseline,Kangal Etyemez power station,TR
46fff179-dd4c-4433-a76a-c72e86ff8c6c,0fec985c-c66e-40af-a123-a9ba4db269bb,nuscale_voygr6,,,False,False,0.0,low,,"{'notes': ['excluded_by_E_code'], 'categories': {}, 'unscored_fraction': 0.0}",20260425T140231_ff84d75e,2026-04-25 14:03:24.896056+00:00,,,baseline,Karaburun power station,TR
46460c90-c662-4e34-be59-0b71e3d67034,40650551-0c9c-45ea-bac6-befdb0cb5909,nuscale_voygr6,,,False,False,0.0,low,,"{'notes': ['excluded_by_E_code'], 'categories': {}, 'unscored_fraction': 0.0}",20260425T140231_ff84d75e,2026-04-25 14:03:24.588253+00:00,,,baseline,Gorzow power station,PL
8f3fbae4-0e9c-458c-8de7-861657e5941c,cf918ba6-6226-479f-b04c-b3c67885c0ba,nuscale_voygr6,,,False,False,0.0,low,,"{'notes': ['excluded_by_E_code'], 'categories': {}, 'unscored_fraction': 0.0}",20260425T140231_ff84d75e,2026-04-25 14:03:24.904859+00:00,,,baseline,Kipas MMP power station,TR
fa72e078-c278-4fa1-ab3e-654e334c3064,c39819ef-6798-4c01-9a82-9eead65b5f56,nuscale_voygr6,,,False,False,0.0,low,,"{'notes': ['excluded_by_E_code'], 'categories': {}, 'unscored_fraction': 0.0}",20260425T140231_ff84d75e,2026-04-25 14:03:24.597111+00:00,,,baseline,Konin power station,PL
771474a2-5a36-4daa-b697-edf98c65baae,27fc89b3-ee57-44ac-8073-a700bc8d12e8,nuscale_voygr6,,,False,False,0.0,low,,"{'notes': ['excluded_by_E_code'], 'categories': {}, 'unscored_fraction': 0.0}",20260425T140231_ff84d75e,2026-04-25 14:03:24.601408+00:00,,,baseline,Lagisza power station,PL
6ff06c37-f510-44bc-baff-bdd42212beb9,ee332928-87b2-4e7b-9203-20e402bc551f,nuscale_voygr6,,,False,False,0.0,low,,"{'notes': ['excluded_by_E_code'], 'categories': {}, 'unscored_fraction': 0.0}",20260425T140231_ff84d75e,2026-04-25 14:03:24.638604+00:00,,,baseline,Pulawy ZAP Works power station,PL
b2ad32a7-efbd-4606-bca5-949fbc30c2f1,ebc0f461-acfa-47da-8094-5b15ea3e25a0,nuscale_voygr6,,,False,False,0.0,low,,"{'notes': ['excluded_by_E_code'], 'categories': {}, 'unscored_fraction': 0.0}",20260425T140231_ff84d75e,2026-04-25 14:03:24.605665+00:00,,,baseline,Leczna Power Station (Enea),PL
30f4f3a3-b2b3-4b99-9923-6572dfef22d0,8dd8db4c-b62d-4f6b-a2ee-70a9ed785e7a,nuscale_voygr6,,,False,False,0.0,low,,"{'notes': ['excluded_by_E_code'], 'categories': {}, 'unscored_fraction': 0.0}",20260425T140231_ff84d75e,2026-04-25 14:03:24.609849+00:00,,,baseline,Lodz-3 power station,PL
70d6a3eb-487b-4ff7-8421-34d1114a367f,a67255dd-8134-418e-9377-e28516c53722,nuscale_voygr6,,,False,False,0.0,low,,"{'notes': ['excluded_by_E_code'], 'categories': {}, 'unscored_fraction': 0.0}",20260425T140231_ff84d75e,2026-04-25 14:03:24.644410+00:00,,,baseline,Siekierki power station,PL
090c1b5a-9269-4836-96d3-c5dab34e1d39,f8f9f43d-6a3b-445d-818e-ca82a90ace65,nuscale_voygr6,,,False,False,0.0,low,,"{'notes': ['excluded_by_E_code'], 'categories': {}, 'unscored_fraction': 0.0}",20260425T140231_ff84d75e,2026-04-25 14:03:24.653142+00:00,,,baseline,Szczecin power station,PL
fc09cce2-b860-4e4f-91d2-c95bdc33e602,76cd9b7f-7613-4fd4-95ab-bf534a2e2f5e,nuscale_voygr6,,,False,False,0.0,low,,"{'notes': ['excluded_by_E_code'], 'categories': {}, 'unscored_fraction': 0.0}",20260425T140231_ff84d75e,2026-04-25 14:03:24.908379+00:00,,,baseline,Kireçlik power station,TR
c09fc61e-82b8-404a-bf6c-1eefea8378b3,3d2d4c37-eb9d-4b35-a8b1-b3f485bc3e3f,nuscale_voygr6,,,False,False,0.0,low,,"{'notes': ['excluded_by_E_code'], 'categories': {}, 'unscored_fraction': 0.0}",20260425T140231_ff84d75e,2026-04-25 14:03:24.656695+00:00,,,baseline,Tychy power station,PL
3e0711db-ffdb-492b-9c43-bb6c0753aa6e,166f5fcc-1cc4-4cf5-9e52-59e7ce1557c6,nuscale_voygr6,,,False,True,0.0,low,,"{'notes': ['excluded_by_E_code'], 'categories': {}, 'unscored_fraction': 0.0}",20260425T140231_ff84d75e,2026-04-25 14:03:24.924947+00:00,,,baseline,METES power station,TR
ae0ac383-2139-4b05-9f2e-3b37b7ecb330,e2c23866-db1e-4316-82b5-7e3fe50c3c09,nuscale_voygr6,,,False,False,0.0,low,,"{'notes': ['excluded_by_E_code'], 'categories': {}, 'unscored_fraction': 0.0}",20260425T140231_ff84d75e,2026-04-25 14:03:24.629250+00:00,,,baseline,Pomorzany power station,PL
0c0631a8-b987-495f-96cb-60c5527b8f8f,cdc888ad-fd51-4710-a5ab-3cd0fe9ddb48,nuscale_voygr6,,,False,False,0.0,low,,"{'notes': ['excluded_by_E_code'], 'categories': {}, 'unscored_fraction': 0.0}",20260425T140231_ff84d75e,2026-04-25 14:03:24.635487+00:00,,,baseline,Pulawy power station (Grupa Azoty),PL
9ea441e7-3732-48d9-a844-1eeb84bc4955,0049a899-af5f-41cd-86ae-2ba729b6365f,nuscale_voygr6,,,False,False,0.0,low,,"{'notes': ['excluded_by_E_code'], 'categories': {}, 'unscored_fraction': 0.0}",20260425T140231_ff84d75e,2026-04-25 14:03:24.927950+00:00,,,baseline,Muğla power station,TR
961aaa53-9ba4-4191-8819-6902c20a1403,a7eeee6e-e14a-40ba-80b6-75ed2e170b20,nuscale_voygr6,,,False,False,0.0,low,,"{'notes': ['excluded_by_E_code'], 'categories': {}, 'unscored_fraction': 0.0}",20260425T140231_ff84d75e,2026-04-25 14:03:24.642126+00:00,,,baseline,Siechnice power station,PL
18e8a2ff-657a-43d2-891e-0942f4f6783a,f5be4e73-938d-4fe2-b585-5090ec780670,nuscale_voygr6,,,False,False,0.0,low,,"{'notes': ['excluded_by_E_code'], 'categories': {}, 'unscored_fraction': 0.0}",20260425T140231_ff84d75e,2026-04-25 14:03:24.648228+00:00,,,baseline,Skawina power station,PL
c4b66886-7c5a-4f69-bf5d-3bc09719f681,cd84938d-eea8-47a1-8ea6-2e9f943e5914,nuscale_voygr6,,,False,False,0.0,low,,"{'notes': ['excluded_by_E_code'], 'categories': {}, 'unscored_fraction': 0.0}",20260425T140231_ff84d75e,2026-04-25 14:03:24.655080+00:00,,,baseline,Turów power station,PL
4155c1e0-a706-4621-aa5c-64917545c46f,dc87cdf1-9936-4a59-a5e9-b5e360173490,nuscale_voygr6,,,False,False,0.0,low,,"{'notes': ['excluded_by_E_code'], 'categories': {}, 'unscored_fraction': 0.0}",20260425T140231_ff84d75e,2026-04-25 14:03:24.658463+00:00,,,baseline,Wroclaw power station,PL
8e7f96a6-499c-47bb-90b3-52c30a90a809,d40cdaf1-49e4-4c59-a6c8-2402cd2bf006,nuscale_voygr6,,,False,False,0.0,low,,"{'notes': ['excluded_by_E_code'], 'categories': {}, 'unscored_fraction': 0.0}",20260425T140231_ff84d75e,2026-04-25 14:03:24.663766+00:00,,,baseline,Zeran power station,PL
87f50201-9ae7-483e-bf3f-906a94cd4f59,dac2a974-a2de-46c5-b581-03985a9ae7d0,nuscale_voygr6,,,False,False,0.0,low,,"{'notes': ['excluded_by_E_code'], 'categories': {}, 'unscored_fraction': 0.0}",20260425T140231_ff84d75e,2026-04-25 14:03:24.670644+00:00,,,baseline,Bacau CHP power station,RO
7c1a594a-de04-44c5-b14e-82956b6f7e36,a4fa3246-27d6-4740-898c-bdf9dadcb88c,nuscale_voygr6,,,False,False,0.0,low,,"{'notes': ['excluded_by_E_code'], 'categories': {}, 'unscored_fraction': 0.0}",20260425T140231_ff84d75e,2026-04-25 14:03:24.682430+00:00,,,baseline,Craiova II power station,RO
f0e60d18-9151-4f17-8caf-e3c93818eaa7,6aed2eac-1c97-40c5-b842-fb15fd510f35,nuscale_voygr6,,,False,False,0.0,low,,"{'notes': ['excluded_by_E_code'], 'categories': {}, 'unscored_fraction': 0.0}",20260425T140231_ff84d75e,2026-04-25 14:03:24.689481+00:00,,,baseline,Giurgiu power station,RO
2cced95b-36d7-47fc-bf2d-741d72cb54c1,aff5ffe6-fe7a-4de7-afad-9d4645a64cd9,nuscale_voygr6,,,False,False,0.0,low,,"{'notes': ['excluded_by_E_code'], 'categories': {}, 'unscored_fraction': 0.0}",20260425T140231_ff84d75e,2026-04-25 14:03:24.684488+00:00,,,baseline,Doicesti power station,RO
c453ab99-78c6-46ec-8dcc-63c295711af4,8781d874-5923-4795-9c9f-b2a6c709025a,nuscale_voygr6,,,False,False,0.0,low,,"{'notes': ['excluded_by_E_code'], 'categories': {}, 'unscored_fraction': 0.0}",20260425T140231_ff84d75e,2026-04-25 14:03:24.687730+00:00,,,baseline,Galati Power Station,RO
4df832aa-4909-4027-ba19-7c5671e02598,1d8be6d0-f3a5-4b32-9d46-3526289731f8,nuscale_voygr6,,,False,False,0.0,low,,"{'notes': ['excluded_by_E_code'], 'categories': {}, 'unscored_fraction': 0.0}",20260425T140231_ff84d75e,2026-04-25 14:03:24.693308+00:00,,,baseline,Iasi-2 power station,RO
ec099a82-4347-4b3d-bd88-0a85f413f79f,3e5f4317-6f40-44fb-bfa2-e21dc4d9922d,nuscale_voygr6,,,False,False,0.0,low,,"{'notes': ['excluded_by_E_code'], 'categories': {}, 'unscored_fraction': 0.0}",20260425T140231_ff84d75e,2026-04-25 14:03:24.943828+00:00,,,baseline,Sanko Yumurtalık power station,TR
3ed221c0-d10d-4d48-bd27-c61c43dbfa6c,6c428b2a-ad09-448b-b24c-22465929d69c,nuscale_voygr6,,,False,False,0.0,low,,"{'notes': ['excluded_by_E_code'], 'categories': {}, 'unscored_fraction': 0.0}",20260425T140231_ff84d75e,2026-04-25 14:03:24.698465+00:00,,,baseline,Oradea power station,RO
e70075b5-bdb4-4547-a92f-550c40470f3c,958e4d82-853a-41f1-a442-94b4c4314221,nuscale_voygr6,,,False,True,0.0,low,,"{'notes': ['excluded_by_E_code'], 'categories': {}, 'unscored_fraction': 0.0}",20260425T140231_ff84d75e,2026-04-25 14:03:24.704386+00:00,,,baseline,Rovinari power station,RO
ba7512ef-9226-4bc2-aac8-78e4ff8af30c,d498ded8-449c-4672-8bb9-0ed6c8fef775,nuscale_voygr6,,,False,False,0.0,low,,"{'notes': ['excluded_by_E_code'], 'categories': {}, 'unscored_fraction': 0.0}",20260425T140231_ff84d75e,2026-04-25 14:03:24.706217+00:00,,,baseline,Slatina power station,RO
0487d076-247e-497a-978f-39049eccc49d,d1863136-5ff4-4b4d-a9c0-6219e92d637d,nuscale_voygr6,,,False,False,0.0,low,,"{'notes': ['excluded_by_E_code'], 'categories': {}, 'unscored_fraction': 0.0}",20260425T140231_ff84d75e,2026-04-25 14:03:24.947110+00:00,,,baseline,Sarp Golvasi power station,TR
ca1a41df-dbc0-4a83-b76a-97b923f226be,e43af28e-a3d3-4047-a9cf-f3b0990754b4,nuscale_voygr6,,,False,False,0.0,low,,"{'notes': ['excluded_by_E_code'], 'categories': {}, 'unscored_fraction': 0.0}",20260425T140231_ff84d75e,2026-04-25 14:03:24.709527+00:00,,,baseline,Târgu Jiu Thermal Plant,RO
e49f7682-77b3-40f8-9330-277e78e440fe,5d53da59-04c8-43e6-b29e-220bea4d9eb7,nuscale_voygr6,,,False,False,0.0,low,,"{'notes': ['excluded_by_E_code'], 'categories': {}, 'unscored_fraction': 0.0}",20260425T140231_ff84d75e,2026-04-25 14:03:24.713561+00:00,,,baseline,Despotovac power station,RS
563e0705-3e95-4f9f-a0c3-106f29c22fb5,0182ec25-0df9-4e4b-9861-d76a332bc282,nuscale_voygr6,,,False,False,0.0,low,,"{'notes': ['excluded_by_E_code'], 'categories': {}, 'unscored_fraction': 0.0}",20260425T140231_ff84d75e,2026-04-25 14:03:24.715488+00:00,,,baseline,Kolubara A power station,RS
562d1048-57fa-4e75-a0a6-7a0f1a7f2e39,06defca3-9105-437f-afd4-52f5603d9b8e,nuscale_voygr6,,,False,False,0.0,low,,"{'notes': ['excluded_by_E_code'], 'categories': {}, 'unscored_fraction': 0.0}",20260425T140231_ff84d75e,2026-04-25 14:03:24.735131+00:00,,,baseline,Martinska power station,SK
c22a541b-638c-4fc6-a1cc-0e9b8af5b7ab,770f1d3c-e5fd-493c-a376-e708d2abec6c,nuscale_voygr6,,,False,True,0.0,low,,"{'notes': ['excluded_by_E_code'], 'categories': {}, 'unscored_fraction': 0.0}",20260425T140231_ff84d75e,2026-04-25 14:03:24.741708+00:00,,,baseline,Vojany I power station,SK
53113bbe-c079-4834-ae66-6d96f5a809e1,2b03f2e2-64ac-4262-bbff-7a536bda5722,nuscale_voygr6,,,False,False,0.0,low,,"{'notes': ['excluded_by_E_code'], 'categories': {}, 'unscored_fraction': 0.0}",20260425T140231_ff84d75e,2026-04-25 14:03:24.723253+00:00,,,baseline,Morava power station,RS
9b8f45cf-7473-4114-91aa-fb277981e7dc,0ca4ff78-4113-4ad9-ac04-0fd541d42338,nuscale_voygr6,,,False,False,0.0,low,,"{'notes': ['excluded_by_E_code'], 'categories': {}, 'unscored_fraction': 0.0}",20260425T140231_ff84d75e,2026-04-25 14:03:24.952510+00:00,,,baseline,Şevketiye Lapseki power station,TR
12e26073-610c-4e69-8d65-aaac2048ab9e,66edd8f5-e60a-412d-9b80-56496d1407b1,nuscale_voygr6,,,False,False,0.0,low,,"{'notes': ['excluded_by_E_code'], 'categories': {}, 'unscored_fraction': 0.0}",20260425T140231_ff84d75e,2026-04-25 14:03:24.733692+00:00,,,baseline,Kosice power station,SK
9e7cce08-1f3b-4260-9146-d33c47e02731,1719d38b-61e8-4b01-844b-3a2f85c8a186,nuscale_voygr6,,,False,False,0.0,low,,"{'notes': ['excluded_by_E_code'], 'categories': {}, 'unscored_fraction': 0.0}",20260425T140231_ff84d75e,2026-04-25 14:03:24.738382+00:00,,,baseline,Trebisov power station,SK
d1694c7c-cb47-45cb-af00-77d5332d3fa8,e9bc02be-cf10-4b27-9b8a-0d4a954720e4,nuscale_voygr6,,,False,False,0.0,low,,"{'notes': ['excluded_by_E_code'], 'categories': {}, 'unscored_fraction': 0.0}",20260425T140231_ff84d75e,2026-04-25 14:03:24.750936+00:00,,,baseline,Afşin-Elbistan power stations,TR
66b49575-5fe7-4bcf-9f6b-69470b93233d,ce39538c-997e-4a7d-bc32-f164f50f9aa0,nuscale_voygr6,,,False,False,0.0,low,,"{'notes': ['excluded_by_E_code'], 'categories': {}, 'unscored_fraction': 0.0}",20260425T140231_ff84d75e,2026-04-25 14:03:24.752680+00:00,,,baseline,Ağan power station,TR
a5cef3ed-843f-4dda-b4ec-043aa66eb5db,9163ca37-1b31-409d-974f-9e7ed5e5f33d,nuscale_voygr6,,,False,False,0.0,low,,"{'notes': ['excluded_by_E_code'], 'categories': {}, 'unscored_fraction': 0.0}",20260425T140231_ff84d75e,2026-04-25 14:03:24.766021+00:00,,,baseline,Amasra Bartın power station,TR
f64a9cd8-2ca3-4af3-92db-02cc2b3a5ad9,b5a75ec8-a2fe-42ad-b33e-ea32e20ebdfb,nuscale_voygr6,,,False,False,0.0,low,,"{'notes': ['excluded_by_E_code'], 'categories': {}, 'unscored_fraction': 0.0}",20260425T140231_ff84d75e,2026-04-25 14:03:24.769947+00:00,,,baseline,Astoria Ceyhan power station,TR
9d80e6e2-037f-4d5d-b058-fc3c7a710370,b8875ff2-9e9d-4520-8879-c71468e9cc50,nuscale_voygr6,,,False,False,0.0,low,,"{'notes': ['excluded_by_E_code'], 'categories': {}, 'unscored_fraction': 0.0}",20260425T140231_ff84d75e,2026-04-25 14:03:24.779215+00:00,,,baseline,Babadere power station,TR
1ac17c3f-cd9f-421f-857a-67dfab2b6037,bb2453b0-c76d-40ea-bcc4-870391f05b2f,nuscale_voygr6,,,False,False,0.0,low,,"{'notes': ['excluded_by_E_code'], 'categories': {}, 'unscored_fraction': 0.0}",20260425T140231_ff84d75e,2026-04-25 14:03:24.785183+00:00,,,baseline,Bandırma Karat power station,TR
f7aacea6-c0ab-4496-8c2c-b6fd6451fce0,7b4d3f8f-a644-48a3-93f9-cd3c154dc5c2,nuscale_voygr6,,,False,False,0.0,low,,"{'notes': ['excluded_by_E_code'], 'categories': {}, 'unscored_fraction': 0.0}",20260425T140231_ff84d75e,2026-04-25 14:03:24.795063+00:00,,,baseline,Burnaz power station,TR
08cd67b4-d9f3-4996-9ceb-85e78c52206c,8b16dc60-1a2b-4b2c-bcad-1c334d246ae3,nuscale_voygr6,,,False,True,0.0,low,,"{'notes': ['excluded_by_E_code'], 'categories': {}, 'unscored_fraction': 0.0}",20260425T140231_ff84d75e,2026-04-25 14:03:24.806732+00:00,,,baseline,Çatalağzı power station,TR
99d1cd3e-e4db-45b0-bb71-15c8974ebe27,674deb4f-110c-4120-bea0-5f0711da3ea1,nuscale_voygr6,,,False,True,0.0,low,,"{'notes': ['excluded_by_E_code'], 'categories': {}, 'unscored_fraction': 0.0}",20260425T140231_ff84d75e,2026-04-25 14:03:24.808432+00:00,,,baseline,Çayırhan power station,TR
1fbddea6-927b-43a9-afe8-1c28ef669b46,28c80d72-dd9e-4fbf-a2c7-d48d49ca61dc,nuscale_voygr6,,,False,False,0.0,low,,"{'notes': ['excluded_by_E_code'], 'categories': {}, 'unscored_fraction': 0.0}",20260425T140231_ff84d75e,2026-04-25 14:03:24.820897+00:00,,,baseline,Demirtaş power station,TR
6a0d08b2-ec67-443b-8b04-2bb947ea2e47,bddb4fb7-c01d-4b71-bc30-1896b88298bf,nuscale_voygr6,,,False,False,0.0,low,,"{'notes': ['excluded_by_E_code'], 'categories': {}, 'unscored_fraction': 0.0}",20260425T140231_ff84d75e,2026-04-25 14:03:24.817020+00:00,,,baseline,Çırpılar power station,TR
96cc97ec-c242-4d18-a91c-948c4cb74870,9a6447f2-2887-4cce-a115-dc773d7f6eb1,nuscale_voygr6,,,False,False,0.0,low,,"{'notes': ['excluded_by_E_code'], 'categories': {}, 'unscored_fraction': 0.0}",20260425T140231_ff84d75e,2026-04-25 14:03:24.962552+00:00,,,baseline,Soma Kolin power station,TR
bee96df7-c306-47e4-b532-8cbf6b8c68d9,161660e7-3ccf-4704-b452-b126599700a0,nuscale_voygr6,,,False,False,0.0,low,,"{'notes': ['excluded_by_E_code'], 'categories': {}, 'unscored_fraction': 0.0}",20260425T140231_ff84d75e,2026-04-25 14:03:24.830045+00:00,,,baseline,DOSAB cogeneration plant,TR
83d5ba40-e463-4fca-bbe5-fe469f866252,b90e80f9-66f3-4290-8aa2-518b8422aba0,nuscale_voygr6,,,False,False,0.0,low,,"{'notes': ['excluded_by_E_code'], 'categories': {}, 'unscored_fraction': 0.0}",20260425T140231_ff84d75e,2026-04-25 14:03:24.841871+00:00,,,baseline,Eti Maden Bandirma power station,TR
0b7ff246-bdb0-4323-b6da-23f1ee0cbf69,cb08e7b6-0af3-45d9-95c3-3832e7e2677c,nuscale_voygr6,,,False,True,0.0,low,,"{'notes': ['excluded_by_E_code'], 'categories': {}, 'unscored_fraction': 0.0}",20260425T140231_ff84d75e,2026-04-25 14:03:24.845884+00:00,,,baseline,Filyos power station,TR
002a3bc6-9492-47bb-a524-a6c79c0e9efc,5a19f424-1a15-44e6-bf1b-c2c5886ac1bf,nuscale_voygr6,,,False,False,0.0,low,,"{'notes': ['excluded_by_E_code'], 'categories': {}, 'unscored_fraction': 0.0}",20260425T140231_ff84d75e,2026-04-25 14:03:24.861432+00:00,,,baseline,Gürmin Enerji Amasya power station,TR
16169748-36e7-48c7-baac-28ba6130be2e,0947a4c8-4fc1-492f-9c66-2c9a993c7fb0,nuscale_voygr6,,,False,False,0.0,low,,"{'notes': ['excluded_by_E_code'], 'categories': {}, 'unscored_fraction': 0.0}",20260425T140231_ff84d75e,2026-04-25 14:03:24.872565+00:00,,,baseline,HEMA Amasra power station,TR
df53ad05-44fd-4b7b-b352-970d8b37a431,746fc66e-d31f-4c5d-bf5c-ab5031b04b15,nuscale_voygr6,,,False,False,0.0,low,,"{'notes': ['excluded_by_E_code'], 'categories': {}, 'unscored_fraction': 0.0}",20260425T140231_ff84d75e,2026-04-25 14:03:24.877821+00:00,,,baseline,İÇDAŞ Biga power station,TR
d0f0133c-bbfc-491c-8bbc-152821cab398,1624a526-07d8-44a4-8ed7-3b035b748f03,nuscale_voygr6,,,False,False,0.0,low,,"{'notes': ['excluded_by_E_code'], 'categories': {}, 'unscored_fraction': 0.0}",20260425T140231_ff84d75e,2026-04-25 14:03:24.884449+00:00,,,baseline,İskenderun power station,TR
35dfdee3-6ef9-40ec-8591-1dac0fb0bb4c,56b8e2a3-1885-431f-9fd1-4cd3bebfad61,nuscale_voygr6,,,False,False,0.0,low,,"{'notes': ['excluded_by_E_code'], 'categories': {}, 'unscored_fraction': 0.0}",20260425T140231_ff84d75e,2026-04-25 14:03:24.887777+00:00,,,baseline,Iztek Ceyhan Komur power station,TR
372b23e6-0843-4a6a-9525-9fa7b7b282ce,a6478cb9-5b8c-4d64-bbe6-3d3ed6a3da2c,nuscale_voygr6,,,False,True,0.0,low,,"{'notes': ['excluded_by_E_code'], 'categories': {}, 'unscored_fraction': 0.0}",20260425T140231_ff84d75e,2026-04-25 14:03:24.897552+00:00,,,baseline,Karapinar Konya Şeker power station,TR
e1e25790-7c32-4afe-b236-a2d50ae70d84,8dd46a05-6e0c-4009-90ad-bd5909c25622,nuscale_voygr6,,,False,False,0.0,low,,"{'notes': ['excluded_by_E_code'], 'categories': {}, 'unscored_fraction': 0.0}",20260425T140231_ff84d75e,2026-04-25 14:03:24.899546+00:00,,,baseline,Kardemir Karabük Demir Çelik power station,TR
5287cc6f-7297-4a73-a630-26f87b8fabf0,7defe42d-669b-489f-aff5-d1b83436607d,nuscale_voygr6,,,False,False,0.0,low,,"{'notes': ['excluded_by_E_code'], 'categories': {}, 'unscored_fraction': 0.0}",20260425T140231_ff84d75e,2026-04-25 14:03:24.910025+00:00,,,baseline,Kınık power station,TR
391e88c5-d2df-4c78-8214-530860d23e17,b588126a-42d6-49dc-b227-9283af5a2578,nuscale_voygr6,,,False,False,0.0,low,,"{'notes': ['excluded_by_E_code'], 'categories': {}, 'unscored_fraction': 0.0}",20260425T140231_ff84d75e,2026-04-25 14:03:24.926446+00:00,,,baseline,Misis Adana power station,TR
064cb5e3-6780-408c-afd4-e008b5bd6db4,f2e65fcf-afc4-4443-ac14-f15c8ffe48f3,nuscale_voygr6,,,False,False,0.0,low,,"{'notes': ['excluded_by_E_code'], 'categories': {}, 'unscored_fraction': 0.0}",20260425T140231_ff84d75e,2026-04-25 14:03:24.935593+00:00,,,baseline,Orta Anadolu power station,TR
2b6942fe-ab0d-4c1e-aedd-e5570871c517,86996d34-c6e5-4097-ac28-ad2e5467f783,nuscale_voygr6,,,False,False,0.0,low,,"{'notes': ['excluded_by_E_code'], 'categories': {}, 'unscored_fraction': 0.0}",20260425T140231_ff84d75e,2026-04-25 14:03:24.937247+00:00,,,baseline,Petkim power station,TR
e94239cf-0bd6-4173-a933-ab7244077385,231565d3-4f56-43ee-a357-1f4451c6fbc3,nuscale_voygr6,,,False,False,0.0,low,,"{'notes': ['excluded_by_E_code'], 'categories': {}, 'unscored_fraction': 0.0}",20260425T140231_ff84d75e,2026-04-25 14:03:24.939108+00:00,,,baseline,Polat power station,TR
19b84b38-d08c-4bc0-ac9c-518ed8801b5d,db87ce6a-3802-44c5-945f-8a95d3cf111b,nuscale_voygr6,,,False,False,0.0,low,,"{'notes': ['excluded_by_E_code'], 'categories': {}, 'unscored_fraction': 0.0}",20260425T140231_ff84d75e,2026-04-25 14:03:24.945422+00:00,,,baseline,Saray Tekirdağ power station,TR
396e8166-c210-46a1-b2d9-0c1ec18cf02d,e03c394f-1c08-4101-b1fe-f6662fe4b424,nuscale_voygr6,,,False,True,0.0,low,,"{'notes': ['excluded_by_E_code'], 'categories': {}, 'unscored_fraction': 0.0}",20260425T140231_ff84d75e,2026-04-25 14:03:24.957676+00:00,,,baseline,Sinop Akfen power station,TR
170f7b0e-9814-439d-a283-42c68fbe528b,e8b6e342-2011-4343-b415-a8bf08501499,nuscale_voygr6,,,False,False,0.0,low,,"{'notes': ['excluded_by_E_code'], 'categories': {}, 'unscored_fraction': 0.0}",20260425T140231_ff84d75e,2026-04-25 14:03:24.988584+00:00,,,baseline,Yeniyurt power station,TR
143eb2c8-1584-4801-947b-e6a9ada44fb2,9eb693f6-6994-4937-bc4d-e8213baa5d47,nuscale_voygr6,,,False,True,0.0,low,,"{'notes': ['excluded_by_E_code'], 'categories': {}, 'unscored_fraction': 0.0}",20260425T140231_ff84d75e,2026-04-25 14:03:24.973002+00:00,,,baseline,Trakya Emba power station,TR
b60f6079-6565-495e-a858-ec81fcff0daf,43f99d45-6635-4392-a522-4a06445fdaf2,nuscale_voygr6,,,False,False,0.0,low,,"{'notes': ['excluded_by_E_code'], 'categories': {}, 'unscored_fraction': 0.0}",20260425T140231_ff84d75e,2026-04-25 14:03:24.969998+00:00,,,baseline,Teyo Tufanbeyli power station,TR
bc0e8c58-ea79-4e7e-8707-c04d71e5b2fa,44362378-9c74-44af-8a08-be4877f50e97,nuscale_voygr6,,,False,False,0.0,low,,"{'notes': ['excluded_by_E_code'], 'categories': {}, 'unscored_fraction': 0.0}",20260425T140231_ff84d75e,2026-04-25 14:03:24.971386+00:00,,,baseline,Tosyalı İskenderun power station,TR
b8da31df-c8dc-44b6-ae2e-a55793ab5b77,d3f986d9-a023-4d43-a0fb-03361f310873,nuscale_voygr6,,,False,True,0.0,low,,"{'notes': ['excluded_by_E_code'], 'categories': {}, 'unscored_fraction': 0.0}",20260425T140231_ff84d75e,2026-04-25 14:03:24.979879+00:00,,,baseline,Umut power station,TR
8734b854-cdfd-4863-a0cf-681e696a1775,52028d4f-7796-4463-832e-cff2e439c96a,nuscale_voygr6,,,False,False,0.0,low,,"{'notes': ['excluded_by_E_code'], 'categories': {}, 'unscored_fraction': 0.0}",20260425T140231_ff84d75e,2026-04-25 14:03:24.985006+00:00,,,baseline,Yenidere power station,TR
252ff392-52fd-4f83-abfd-ea54a5085375,57c0c830-725f-46ee-9322-0a4a3ad9efda,nuscale_voygr6,,,False,False,0.0,low,,"{'notes': ['excluded_by_E_code'], 'categories': {}, 'unscored_fraction': 0.0}",20260425T140231_ff84d75e,2026-04-25 14:03:24.993944+00:00,,,baseline,Yüksek Gölovası power station,TR
383e93cf-a9ba-4987-96c1-7d645e90a9aa,91f28dbb-16bd-449b-a20a-dc2b70cf2e66,nuscale_voygr6,,,False,False,0.0,low,,"{'notes': ['excluded_by_E_code'], 'categories': {}, 'unscored_fraction': 0.0}",20260425T140231_ff84d75e,2026-04-25 14:03:24.995445+00:00,,,baseline,Yumurtalık IC İçtaş power station,TR
387987e4-baa3-4cd3-8750-07412333d132,61b7e396-5c25-4591-9da1-eb54475f1805,nuscale_voygr6,,,False,False,0.0,low,,"{'notes': ['excluded_by_E_code'], 'categories': {}, 'unscored_fraction': 0.0}",20260425T140231_ff84d75e,2026-04-25 14:03:25.004556+00:00,,,baseline,Zorlu Soma power station,TR
bdd176f5-ca18-4fa6-9c1e-51f5272c443e,c47eb6a3-49c1-4879-95b6-9bcd53b7af04,nuscale_voygr6,,,False,True,0.0,low,,"{'notes': ['excluded_by_E_code'], 'categories': {}, 'unscored_fraction': 0.0}",20260425T140231_ff84d75e,2026-04-25 14:03:25.005996+00:00,,,baseline,Burshtyn power station,UA
15f708bd-d9bd-472d-b9b9-32cbb9830f69,7cc9cffa-e4e4-4546-902d-c8f4800dbdb2,nuscale_voygr6,,,False,True,0.0,low,,"{'notes': ['excluded_by_E_code'], 'categories': {}, 'unscored_fraction': 0.0}",20260425T140231_ff84d75e,2026-04-25 14:03:25.003114+00:00,,,baseline,Zorlu Akçakoca power station,TR
cb0e0ca7-e24e-4eba-923a-7af09777c144,e4c6a713-99e6-4fdf-afaa-d456779c504c,nuscale_voygr6,,,False,False,0.0,low,,"{'notes': ['excluded_by_E_code'], 'categories': {}, 'unscored_fraction': 0.0}",20260425T140231_ff84d75e,2026-04-25 14:03:25.019965+00:00,,,baseline,Chernihiv power station,UA
ea062c3b-9b95-40f7-b4df-4bcc65f6e171,5ed0a674-a292-44bc-997f-5c1990da1235,nuscale_voygr6,,,False,True,0.0,low,,"{'notes': ['excluded_by_E_code'], 'categories': {}, 'unscored_fraction': 0.0}",20260425T140231_ff84d75e,2026-04-25 14:03:25.023268+00:00,,,baseline,Dobrotvir power station,UA
64ca6e4d-b1c5-4361-9968-23adb3317a67,83fede8b-5f92-429d-920d-9a8928a74780,nuscale_voygr6,,,False,True,0.0,low,,"{'notes': ['excluded_by_E_code'], 'categories': {}, 'unscored_fraction': 0.0}",20260425T140231_ff84d75e,2026-04-25 14:03:25.027910+00:00,,,baseline,Kryvorizka power station,UA
9817761d-a660-42f8-8d05-bf7a99dddcdf,d3b9e403-7744-44c5-b5c3-999c4c1911d8,nuscale_voygr6,,,False,False,0.0,low,,"{'notes': ['excluded_by_E_code'], 'categories': {}, 'unscored_fraction': 0.0}",20260425T140231_ff84d75e,2026-04-25 14:03:25.026459+00:00,,,baseline,Kramatorskaya power station,UA
475d45fe-5f66-4bb3-baed-fc824c1d7e08,46b96bc3-b190-4045-9c86-eb674e2ea35e,nuscale_voygr6,,,False,True,0.0,low,,"{'notes': ['excluded_by_E_code'], 'categories': {}, 'unscored_fraction': 0.0}",20260425T140231_ff84d75e,2026-04-25 14:03:25.029491+00:00,,,baseline,Kurakhov power station,UA
0867980f-7ea1-4d00-baa2-bff8a643dc4e,725406d6-860f-4ca0-9c6a-425675bac381,nuscale_voygr6,,,False,False,0.0,low,,"{'notes': ['excluded_by_E_code'], 'categories': {}, 'unscored_fraction': 0.0}",20260425T140231_ff84d75e,2026-04-25 14:03:25.043331+00:00,,,baseline,Zaporizhia power station,UA
d8de7000-29b5-4c86-b2ef-91cc47185eaa,29b3a802-7ef1-4722-ad59-b1511b1b0075,nuscale_voygr6,,,False,True,0.0,low,,"{'notes': ['excluded_by_E_code'], 'categories': {}, 'unscored_fraction': 0.0}",20260425T140231_ff84d75e,2026-04-25 14:03:25.044863+00:00,,,baseline,Zmiivska power station,UA
797a2776-3a93-4c8d-ae54-6e641ba46656,fa6b7ac3-c1bf-478f-8d0a-1f357ea480cf,nuscale_voygr6,,,False,False,0.0,low,,"{'notes': ['excluded_by_E_code'], 'categories': {}, 'unscored_fraction': 0.0}",20260425T140231_ff84d75e,2026-04-25 14:03:25.001598+00:00,,,baseline,Zonguldak Modern power station,TR
71de96c2-c8cf-480b-ba5b-ce5afe2cff99,95872473-c476-4ceb-bcf5-54cfdf415e42,nuscale_voygr6,,,False,False,0.0,low,,"{'notes': ['excluded_by_E_code'], 'categories': {}, 'unscored_fraction': 0.0}",20260425T140231_ff84d75e,2026-04-25 14:03:25.007407+00:00,,,baseline,Cherkasy power station,UA
d1ac7778-9be8-4994-8ff2-bf449d2e4a2d,038d42e9-769b-4b22-9513-dccff48b42cd,nuscale_voygr6,,,False,False,0.0,low,,"{'notes': ['excluded_by_E_code'], 'categories': {}, 'unscored_fraction': 0.0}",20260425T140231_ff84d75e,2026-04-25 14:03:25.021548+00:00,,,baseline,Darnytska power station,UA
7f7cd5ca-fcc3-4b9d-bbcb-69f5f7459142,70781f2c-24c2-486c-8b32-310c36ba1238,nuscale_voygr6,,,False,True,0.0,low,,"{'notes': ['excluded_by_E_code'], 'categories': {}, 'unscored_fraction': 0.0}",20260425T140231_ff84d75e,2026-04-25 14:03:25.037215+00:00,,,baseline,Slavyansk power station,UA
5d8fad4b-7357-4807-89b8-c66cc549f237,76eba99c-dade-46dc-9130-478e43aa6202,nuscale_voygr6,,,False,True,0.0,low,,"{'notes': ['excluded_by_E_code'], 'categories': {}, 'unscored_fraction': 0.0}",20260425T140231_ff84d75e,2026-04-25 14:03:25.052321+00:00,,,baseline,Kosovo B power station,XK
321c40fb-37c5-4099-9487-0025af6fc762,f1f65cf9-996c-4922-97bd-76e38c032331,nuscale_voygr6,,,False,False,0.0,low,,"{'notes': ['excluded_by_E_code'], 'categories': {}, 'unscored_fraction': 0.0}",20260425T140231_ff84d75e,2026-04-25 14:03:24.677152+00:00,,,baseline,Brăila-Chișcani Thermal Power Plant,RO
f5835103-1561-41fe-a0bc-e0c1481c18be,18ecb024-ee4f-4045-8254-5e95d61dea8c,nuscale_voygr6,,,False,False,0.0,low,,"{'notes': ['excluded_by_E_code'], 'categories': {}, 'unscored_fraction': 0.0}",20260425T140231_ff84d75e,2026-04-25 14:03:24.686154+00:00,,,baseline,FPCU Feldioara,RO
0219fc30-a1ef-4ce0-9b0e-1e7f368f7c5c,d48d2f39-d58f-4299-9b2f-56d194d2d13b,nuscale_voygr6,,,False,False,0.0,low,,"{'notes': ['excluded_by_E_code'], 'categories': {}, 'unscored_fraction': 0.0}",20260425T140231_ff84d75e,2026-04-25 14:03:24.743433+00:00,,,baseline,Ada Yesildag Enerji power station,TR
15d00932-be79-4fd7-bc39-09190ccd1981,02253fcc-4fc6-42d4-a6a8-42365487302f,nuscale_voygr6,,,False,False,0.0,low,,"{'notes': ['excluded_by_E_code'], 'categories': {}, 'unscored_fraction': 0.0}",20260425T140231_ff84d75e,2026-04-25 14:03:25.035653+00:00,,,baseline,Prydniprovska power station,UA
894196a3-2e89-41ca-ba5b-2defb9997f07,8a5dc384-e272-41ed-9868-a0686ac3fc7e,nuscale_voygr6,,,False,False,0.0,low,,"{'notes': ['excluded_by_E_code'], 'categories': {}, 'unscored_fraction': 0.0}",20260425T140231_ff84d75e,2026-04-25 14:03:24.749110+00:00,,,baseline,Adana Ceyhan power station,TR
206cf909-b5f4-4a64-b25d-5bba849233f6,cdb6adfb-52ff-4631-939a-001080b20450,nuscale_voygr6,,,False,True,0.0,low,,"{'notes': ['excluded_by_E_code'], 'categories': {}, 'unscored_fraction': 0.0}",20260425T140231_ff84d75e,2026-04-25 14:03:25.040312+00:00,,,baseline,Trypilska power station,UA
dbd3e305-fd31-4727-8c4e-dbd618e18971,cb825b0f-e315-4221-b194-43d5b472382d,nuscale_voygr6,,,False,False,0.0,low,,"{'notes': ['excluded_by_E_code'], 'categories': {}, 'unscored_fraction': 0.0}",20260425T140231_ff84d75e,2026-04-25 14:03:24.759712+00:00,,,baseline,Albayrak Varaka Paper power station,TR
6b553113-9ea5-4a32-b96e-1d3156b43887,3bef37a3-239e-498d-a160-77452a6a9b79,nuscale_voygr6,,,False,False,0.0,low,,"{'notes': ['excluded_by_E_code'], 'categories': {}, 'unscored_fraction': 0.0}",20260425T140231_ff84d75e,2026-04-25 14:03:24.680625+00:00,,,baseline,Bucharest North East power station,RO
29301bb1-e91e-446b-aa3e-ee0ecf9d3d22,c6b846cb-3a01-4e17-9d51-da4b58fd1827,nuscale_voygr6,,,False,False,0.0,low,,"{'notes': ['excluded_by_E_code'], 'categories': {}, 'unscored_fraction': 0.0}",20260425T140231_ff84d75e,2026-04-25 14:03:24.771746+00:00,,,baseline,Atakaş power station,TR
c237cc73-ae90-4d6c-8b47-40864a4560b4,d9f32912-81f1-4b1c-a2b1-f04298217cec,nuscale_voygr6,,,False,False,0.0,low,,"{'notes': ['excluded_by_E_code'], 'categories': {}, 'unscored_fraction': 0.0}",20260425T140231_ff84d75e,2026-04-25 14:03:25.048720+00:00,,,baseline,Istok power station,XK
646c9017-3de8-4812-a9b0-f52556055376,1ce7624e-1d72-4293-8ff4-09096b56ddd2,nuscale_voygr6,,,False,False,0.0,low,,"{'notes': ['excluded_by_E_code'], 'categories': {}, 'unscored_fraction': 0.0}",20260425T140231_ff84d75e,2026-04-25 14:03:24.773606+00:00,,,baseline,Atlas Enerji İskenderun power station,TR
45de2082-ea5c-4436-a7ee-a657c3e3870f,b01fe781-dbc7-40f8-a544-946288020042,nuscale_voygr6,,,False,False,0.0,low,,"{'notes': ['excluded_by_E_code'], 'categories': {}, 'unscored_fraction': 0.0}",20260425T140231_ff84d75e,2026-04-25 14:03:24.419630+00:00,,,baseline,Bobov Dol power station,BG
d68064b7-2dfb-4f63-880c-b458e69a1027,1289753b-43db-4058-8fe1-6e38b5fb01b5,nuscale_voygr6,,,False,True,0.0,low,,"{'notes': ['excluded_by_E_code'], 'categories': {}, 'unscored_fraction': 0.0}",20260425T140231_ff84d75e,2026-04-25 14:03:24.787137+00:00,,,baseline,Barbaros-1 power station,TR
fca24a11-4b01-419e-be0f-858db5da0796,93685558-3355-4da2-9a4a-4cccd89f9269,nuscale_voygr6,,,False,False,0.0,low,,"{'notes': ['excluded_by_E_code'], 'categories': {}, 'unscored_fraction': 0.0}",20260425T140231_ff84d75e,2026-04-25 14:03:24.444731+00:00,,,baseline,Sliven power station,BG
ff956851-07c6-420a-ab21-212e3c0c2166,3bc834ed-5c2b-47d6-b555-2e20b9044053,nuscale_voygr6,,,False,False,0.0,low,,"{'notes': ['excluded_by_E_code'], 'categories': {}, 'unscored_fraction': 0.0}",20260425T140231_ff84d75e,2026-04-25 14:03:24.796726+00:00,,,baseline,Bursa power station,TR
69282f06-5c19-4427-9804-159b9f271011,ad1e8841-e4e4-413b-820a-8c14e09da5a0,nuscale_voygr6,,,False,False,0.0,low,,"{'notes': ['excluded_by_E_code'], 'categories': {}, 'unscored_fraction': 0.0}",20260425T140231_ff84d75e,2026-04-25 14:03:24.800022+00:00,,,baseline,Çan (18 Mart) power station,TR
269bc11d-eff8-4747-ac99-cc0534503fcc,dd413ee8-a6f2-4e7c-8e6c-6d0ed8637d83,nuscale_voygr6,,,False,False,0.0,low,,"{'notes': ['excluded_by_E_code'], 'categories': {}, 'unscored_fraction': 0.0}",20260425T140231_ff84d75e,2026-04-25 14:03:24.803201+00:00,,,baseline,Çankırı Orta power station,TR
48b2e5a9-7e45-4986-b6b2-429a71b44298,e6ecead0-54d1-41fe-8268-1253d0d7ef3e,nuscale_voygr6,,,False,False,0.0,low,,"{'notes': ['excluded_by_E_code'], 'categories': {}, 'unscored_fraction': 0.0}",20260425T140231_ff84d75e,2026-04-25 14:03:24.372954+00:00,,,baseline,Porto Romano Power Station,AL
68283991-4ac6-4c06-b39b-4f546275f520,e671be33-8b91-40bd-b563-b833293654aa,nuscale_voygr6,,,False,False,0.0,low,,"{'notes': ['excluded_by_E_code'], 'categories': {}, 'unscored_fraction': 0.0}",20260425T140231_ff84d75e,2026-04-25 14:03:24.401801+00:00,,,baseline,Kakanj Thermal Power Plant,BA
f959c91d-a9fc-4256-b108-45d49bf42b21,e894ba3e-e397-47c9-b0b9-a72cfb6bd680,nuscale_voygr6,,,False,False,0.0,low,,"{'notes': ['excluded_by_E_code'], 'categories': {}, 'unscored_fraction': 0.0}",20260425T140231_ff84d75e,2026-04-25 14:03:24.815399+00:00,,,baseline,Çerkezköy power station,TR
bb2c2bcd-489b-4bc3-9391-f40851754d1a,59f96677-d42b-4ae1-a3e9-32f3dc396a83,nuscale_voygr6,,,False,False,0.0,low,,"{'notes': ['excluded_by_E_code'], 'categories': {}, 'unscored_fraction': 0.0}",20260425T140231_ff84d75e,2026-04-25 14:03:24.828073+00:00,,,baseline,Dinar power station,TR
42411e40-5365-4d36-865d-b977881747eb,a23d073a-cbbd-469a-b134-380945fd3f4c,nuscale_voygr6,,,False,False,0.0,low,,"{'notes': ['excluded_by_E_code'], 'categories': {}, 'unscored_fraction': 0.0}",20260425T140231_ff84d75e,2026-04-25 14:03:24.417101+00:00,,,baseline,Ugljevik power station,BA
4f501455-b73d-4c05-8de5-8ed88556d9c9,30c9e377-b575-46fa-880f-922c46e6500a,nuscale_voygr6,,,False,False,0.0,low,,"{'notes': ['excluded_by_E_code'], 'categories': {}, 'unscored_fraction': 0.0}",20260425T140231_ff84d75e,2026-04-25 14:03:24.426895+00:00,,,baseline,Lom Power Station,BG
53fad50d-f3dd-4f18-a12d-470629dde03f,704ef487-f600-4f23-b06e-a0f81b627597,nuscale_voygr6,,,False,False,0.0,low,,"{'notes': ['excluded_by_E_code'], 'categories': {}, 'unscored_fraction': 0.0}",20260425T140231_ff84d75e,2026-04-25 14:03:24.442516+00:00,,,baseline,Ruse Iztok power station,BG
8643be98-6328-4f3d-8e04-0cfc45040a3f,aa336cdc-f6fe-4b08-b46d-69e852c501bf,nuscale_voygr6,,,False,False,0.0,low,,"{'notes': ['excluded_by_E_code'], 'categories': {}, 'unscored_fraction': 0.0}",20260425T140231_ff84d75e,2026-04-25 14:03:24.831980+00:00,,,baseline,Ece power station,TR
