run_id,criterion_a,criterion_b,pearson,spearman,max_abs,n_pairs,flagged,threshold,created_at
p16_20260425T141705_5037b797,BF-01,BF-02,0.1526,0.156,0.156,2904,False,0.7,2026-04-25 14:18:59.985203+00:00
p16_20260425T141705_5037b797,BF-01,EP-01,0.1298,0.1403,0.1403,2904,False,0.7,2026-04-25 14:18:59.985205+00:00
p16_20260425T141705_5037b797,BF-01,EP-02,-0.1023,-0.1054,0.1054,2904,False,0.7,2026-04-25 14:18:59.985214+00:00
p16_20260425T141705_5037b797,BF-01,EP-03,0.0,0.0,0.0,2904,False,0.7,2026-04-25 14:18:59.985377+00:00
p16_20260425T141705_5037b797,BF-01,EP-04,0.0,0.0,0.0,2904,False,0.7,2026-04-25 14:18:59.985377+00:00
p16_20260425T141705_5037b797,BF-01,EP-05,0.0,0.0,0.0,2904,False,0.7,2026-04-25 14:18:59.985377+00:00
p16_20260425T141705_5037b797,BF-01,HI-01,0.0092,0.0279,0.0279,2904,False,0.7,2026-04-25 14:18:59.985244+00:00
p16_20260425T141705_5037b797,BF-01,HI-02,-0.0466,-0.064,0.064,2904,False,0.7,2026-04-25 14:18:59.985225+00:00
p16_20260425T141705_5037b797,BF-01,HI-03,0.0318,-0.0174,0.0318,2904,False,0.7,2026-04-25 14:18:59.985241+00:00
p16_20260425T141705_5037b797,BF-01,HI-04,-0.0466,-0.064,0.064,2904,False,0.7,2026-04-25 14:18:59.985225+00:00
p16_20260425T141705_5037b797,BF-01,HI-05,0.0,0.0,0.0,2904,False,0.7,2026-04-25 14:18:59.985377+00:00
p16_20260425T141705_5037b797,BF-01,HI-06,0.0952,0.1007,0.1007,2904,False,0.7,2026-04-25 14:18:59.985214+00:00
p16_20260425T141705_5037b797,BF-01,HI-07,0.0,0.0,0.0,2904,False,0.7,2026-04-25 14:18:59.985378+00:00
p16_20260425T141705_5037b797,BF-01,HI-08,0.0,0.0,0.0,2904,False,0.7,2026-04-25 14:18:59.985378+00:00
p16_20260425T141705_5037b797,BF-01,NH-01,0.024,-0.0113,0.024,2904,False,0.7,2026-04-25 14:18:59.985245+00:00
p16_20260425T141705_5037b797,BF-01,NH-02,-0.032,-0.0486,0.0486,2904,False,0.7,2026-04-25 14:18:59.985233+00:00
p16_20260425T141705_5037b797,BF-01,NH-03,0.0282,0.0033,0.0282,2904,False,0.7,2026-04-25 14:18:59.985243+00:00
p16_20260425T141705_5037b797,BF-01,NH-04,0.0869,0.0747,0.0869,2904,False,0.7,2026-04-25 14:18:59.985218+00:00
p16_20260425T141705_5037b797,BF-01,NH-05,0.0019,0.0341,0.0341,2904,False,0.7,2026-04-25 14:18:59.985240+00:00
p16_20260425T141705_5037b797,BF-01,NH-06,0.0169,0.0456,0.0456,2904,False,0.7,2026-04-25 14:18:59.985235+00:00
p16_20260425T141705_5037b797,BF-01,NH-07,0.0,0.0,0.0,2904,False,0.7,2026-04-25 14:18:59.985378+00:00
p16_20260425T141705_5037b797,BF-01,NH-08,0.0,0.0,0.0,2904,False,0.7,2026-04-25 14:18:59.985378+00:00
p16_20260425T141705_5037b797,BF-01,NH-09,0.0,0.0,0.0,2904,False,0.7,2026-04-25 14:18:59.985378+00:00
p16_20260425T141705_5037b797,BF-01,NH-10,0.0,0.0,0.0,2904,False,0.7,2026-04-25 14:18:59.985379+00:00
p16_20260425T141705_5037b797,BF-01,NH-11,0.0,0.0,0.0,2904,False,0.7,2026-04-25 14:18:59.985376+00:00
p16_20260425T141705_5037b797,BF-01,NH-12,0.0302,0.0317,0.0317,2904,False,0.7,2026-04-25 14:18:59.985241+00:00
p16_20260425T141705_5037b797,BF-01,NH-13,0.0,0.0,0.0,2904,False,0.7,2026-04-25 14:18:59.985379+00:00
p16_20260425T141705_5037b797,BF-01,NH-14,0.0,0.0,0.0,2904,False,0.7,2026-04-25 14:18:59.985379+00:00
p16_20260425T141705_5037b797,BF-01,NS-01,0.0552,0.0383,0.0552,2904,False,0.7,2026-04-25 14:18:59.985229+00:00
p16_20260425T141705_5037b797,BF-01,NS-02,0.6904,0.6115,0.6904,2904,False,0.7,2026-04-25 14:18:59.985183+00:00
p16_20260425T141705_5037b797,BF-01,NS-03,-0.0457,-0.0438,0.0457,2904,False,0.7,2026-04-25 14:18:59.985235+00:00
p16_20260425T141705_5037b797,BF-01,NS-04,-0.1607,-0.1922,0.1922,2904,False,0.7,2026-04-25 14:18:59.985200+00:00
p16_20260425T141705_5037b797,BF-01,NS-05,0.1392,0.1472,0.1472,2904,False,0.7,2026-04-25 14:18:59.985204+00:00
p16_20260425T141705_5037b797,BF-01,NS-06,0.0,0.0,0.0,2904,False,0.7,2026-04-25 14:18:59.985380+00:00
p16_20260425T141705_5037b797,BF-01,NS-07,0.0,0.0,0.0,2904,False,0.7,2026-04-25 14:18:59.985380+00:00
p16_20260425T141705_5037b797,BF-01,NS-08,-0.0652,-0.1253,0.1253,2904,False,0.7,2026-04-25 14:18:59.985210+00:00
p16_20260425T141705_5037b797,BF-01,NS-09,0.0,0.0,0.0,2904,False,0.7,2026-04-25 14:18:59.985380+00:00
p16_20260425T141705_5037b797,BF-01,NS-10,0.0,0.0,0.0,2904,False,0.7,2026-04-25 14:18:59.985380+00:00
p16_20260425T141705_5037b797,BF-01,NS-11,0.0,0.0,0.0,2904,False,0.7,2026-04-25 14:18:59.985380+00:00
p16_20260425T141705_5037b797,BF-01,NS-12,0.0,0.0,0.0,2904,False,0.7,2026-04-25 14:18:59.985381+00:00
p16_20260425T141705_5037b797,BF-01,NS-13,0.0,0.0,0.0,2904,False,0.7,2026-04-25 14:18:59.985381+00:00
p16_20260425T141705_5037b797,BF-01,RI-01,0.0,0.0,0.0,2904,False,0.7,2026-04-25 14:18:59.985381+00:00
p16_20260425T141705_5037b797,BF-01,RI-02,0.0266,0.0176,0.0266,2904,False,0.7,2026-04-25 14:18:59.985244+00:00
p16_20260425T141705_5037b797,BF-01,RI-03,0.0,0.0,0.0,2904,False,0.7,2026-04-25 14:18:59.985381+00:00
p16_20260425T141705_5037b797,BF-01,RI-04,0.1233,0.1352,0.1352,2904,False,0.7,2026-04-25 14:18:59.985206+00:00
p16_20260425T141705_5037b797,BF-01,RI-05,0.0,0.0,0.0,2904,False,0.7,2026-04-25 14:18:59.985379+00:00
p16_20260425T141705_5037b797,BF-01,RI-06,0.0068,-0.0159,0.0159,2904,False,0.7,2026-04-25 14:18:59.985249+00:00
p16_20260425T141705_5037b797,BF-02,EP-01,0.0507,0.0485,0.0507,2904,False,0.7,2026-04-25 14:18:59.985232+00:00
p16_20260425T141705_5037b797,BF-02,EP-02,-0.0576,-0.0681,0.0681,2904,False,0.7,2026-04-25 14:18:59.985223+00:00
p16_20260425T141705_5037b797,BF-02,EP-03,0.0,0.0,0.0,2904,False,0.7,2026-04-25 14:18:59.985376+00:00
p16_20260425T141705_5037b797,BF-02,EP-04,0.0,0.0,0.0,2904,False,0.7,2026-04-25 14:18:59.985373+00:00
p16_20260425T141705_5037b797,BF-02,EP-05,0.0,0.0,0.0,2904,False,0.7,2026-04-25 14:18:59.985376+00:00
p16_20260425T141705_5037b797,BF-02,HI-01,0.0757,0.0786,0.0786,2904,False,0.7,2026-04-25 14:18:59.985220+00:00
p16_20260425T141705_5037b797,BF-02,HI-02,-0.0107,0.0309,0.0309,2904,False,0.7,2026-04-25 14:18:59.985242+00:00
p16_20260425T141705_5037b797,BF-02,HI-03,-0.037,-0.01,0.037,2904,False,0.7,2026-04-25 14:18:59.985238+00:00
p16_20260425T141705_5037b797,BF-02,HI-04,-0.0107,0.0309,0.0309,2904,False,0.7,2026-04-25 14:18:59.985242+00:00
p16_20260425T141705_5037b797,BF-02,HI-05,0.0,0.0,0.0,2904,False,0.7,2026-04-25 14:18:59.985371+00:00
p16_20260425T141705_5037b797,BF-02,HI-06,0.1792,0.1886,0.1886,2904,False,0.7,2026-04-25 14:18:59.985201+00:00
p16_20260425T141705_5037b797,BF-02,HI-07,0.0,0.0,0.0,2904,False,0.7,2026-04-25 14:18:59.985371+00:00
p16_20260425T141705_5037b797,BF-02,HI-08,0.0,0.0,0.0,2904,False,0.7,2026-04-25 14:18:59.985371+00:00
p16_20260425T141705_5037b797,BF-02,NH-01,-0.0778,-0.0732,0.0778,2904,False,0.7,2026-04-25 14:18:59.985220+00:00
p16_20260425T141705_5037b797,BF-02,NH-02,-0.0937,-0.0733,0.0937,2904,False,0.7,2026-04-25 14:18:59.985216+00:00
p16_20260425T141705_5037b797,BF-02,NH-03,0.0317,0.0289,0.0317,2904,False,0.7,2026-04-25 14:18:59.985241+00:00
p16_20260425T141705_5037b797,BF-02,NH-04,0.1261,0.1282,0.1282,2904,False,0.7,2026-04-25 14:18:59.985209+00:00
p16_20260425T141705_5037b797,BF-02,NH-05,0.0421,0.0396,0.0421,2904,False,0.7,2026-04-25 14:18:59.985236+00:00
p16_20260425T141705_5037b797,BF-02,NH-06,0.1069,0.1006,0.1069,2904,False,0.7,2026-04-25 14:18:59.985213+00:00
p16_20260425T141705_5037b797,BF-02,NH-07,0.0,0.0,0.0,2904,False,0.7,2026-04-25 14:18:59.985371+00:00
p16_20260425T141705_5037b797,BF-02,NH-08,0.0,0.0,0.0,2904,False,0.7,2026-04-25 14:18:59.985372+00:00
p16_20260425T141705_5037b797,BF-02,NH-09,0.0,0.0,0.0,2904,False,0.7,2026-04-25 14:18:59.985372+00:00
p16_20260425T141705_5037b797,BF-02,NH-10,0.0,0.0,0.0,2904,False,0.7,2026-04-25 14:18:59.985372+00:00
p16_20260425T141705_5037b797,BF-02,NH-11,0.0,0.0,0.0,2904,False,0.7,2026-04-25 14:18:59.985372+00:00
p16_20260425T141705_5037b797,BF-02,NH-12,-0.0333,-0.0225,0.0333,2904,False,0.7,2026-04-25 14:18:59.985240+00:00
p16_20260425T141705_5037b797,BF-02,NH-13,0.0,0.0,0.0,2904,False,0.7,2026-04-25 14:18:59.985373+00:00
p16_20260425T141705_5037b797,BF-02,NH-14,0.0,0.0,0.0,2904,False,0.7,2026-04-25 14:18:59.985373+00:00
p16_20260425T141705_5037b797,BF-02,NS-01,-0.0318,-0.0272,0.0318,2904,False,0.7,2026-04-25 14:18:59.985241+00:00
p16_20260425T141705_5037b797,BF-02,NS-02,0.126,0.1191,0.126,2904,False,0.7,2026-04-25 14:18:59.985209+00:00
p16_20260425T141705_5037b797,BF-02,NS-03,-0.0364,-0.0302,0.0364,2904,False,0.7,2026-04-25 14:18:59.985239+00:00
p16_20260425T141705_5037b797,BF-02,NS-04,-0.0932,-0.0905,0.0932,2904,False,0.7,2026-04-25 14:18:59.985216+00:00
p16_20260425T141705_5037b797,BF-02,NS-05,0.9825,0.992,0.992,2904,True,0.7,2026-04-25 14:18:59.985182+00:00
p16_20260425T141705_5037b797,BF-02,NS-06,0.0,0.0,0.0,2904,False,0.7,2026-04-25 14:18:59.985371+00:00
p16_20260425T141705_5037b797,BF-02,NS-07,0.0,0.0,0.0,2904,False,0.7,2026-04-25 14:18:59.985373+00:00
p16_20260425T141705_5037b797,BF-02,NS-08,-0.0961,-0.1467,0.1467,2904,False,0.7,2026-04-25 14:18:59.985204+00:00
p16_20260425T141705_5037b797,BF-02,NS-09,0.0,0.0,0.0,2904,False,0.7,2026-04-25 14:18:59.985373+00:00
p16_20260425T141705_5037b797,BF-02,NS-10,0.0,0.0,0.0,2904,False,0.7,2026-04-25 14:18:59.985374+00:00
p16_20260425T141705_5037b797,BF-02,NS-11,0.0,0.0,0.0,2904,False,0.7,2026-04-25 14:18:59.985374+00:00
p16_20260425T141705_5037b797,BF-02,NS-12,0.0,0.0,0.0,2904,False,0.7,2026-04-25 14:18:59.985374+00:00
p16_20260425T141705_5037b797,BF-02,NS-13,0.0,0.0,0.0,2904,False,0.7,2026-04-25 14:18:59.985374+00:00
p16_20260425T141705_5037b797,BF-02,RI-01,0.0,0.0,0.0,2904,False,0.7,2026-04-25 14:18:59.985375+00:00
p16_20260425T141705_5037b797,BF-02,RI-02,-0.026,-0.0472,0.0472,2904,False,0.7,2026-04-25 14:18:59.985234+00:00
p16_20260425T141705_5037b797,BF-02,RI-03,0.0,0.0,0.0,2904,False,0.7,2026-04-25 14:18:59.985375+00:00
p16_20260425T141705_5037b797,BF-02,RI-04,0.0883,0.0729,0.0883,2904,False,0.7,2026-04-25 14:18:59.985218+00:00
p16_20260425T141705_5037b797,BF-02,RI-05,0.0,0.0,0.0,2904,False,0.7,2026-04-25 14:18:59.985375+00:00
p16_20260425T141705_5037b797,BF-02,RI-06,0.0618,0.0988,0.0988,2904,False,0.7,2026-04-25 14:18:59.985215+00:00
p16_20260425T141705_5037b797,EP-01,EP-02,-0.279,-0.2771,0.279,2904,False,0.7,2026-04-25 14:18:59.985191+00:00
p16_20260425T141705_5037b797,EP-01,EP-03,0.0,0.0,0.0,2904,False,0.7,2026-04-25 14:18:59.985375+00:00
p16_20260425T141705_5037b797,EP-01,EP-04,0.0,0.0,0.0,2904,False,0.7,2026-04-25 14:18:59.985376+00:00
p16_20260425T141705_5037b797,EP-01,EP-05,0.0,0.0,0.0,2904,False,0.7,2026-04-25 14:18:59.985382+00:00
p16_20260425T141705_5037b797,EP-01,HI-01,0.3027,0.298,0.3027,2904,False,0.7,2026-04-25 14:18:59.985189+00:00
p16_20260425T141705_5037b797,EP-01,HI-02,-0.0255,-0.0657,0.0657,2904,False,0.7,2026-04-25 14:18:59.985224+00:00
p16_20260425T141705_5037b797,EP-01,HI-03,0.0592,0.02,0.0592,2904,False,0.7,2026-04-25 14:18:59.985227+00:00
p16_20260425T141705_5037b797,EP-01,HI-04,-0.0255,-0.0657,0.0657,2904,False,0.7,2026-04-25 14:18:59.985224+00:00
p16_20260425T141705_5037b797,EP-01,HI-05,0.0,0.0,0.0,2904,False,0.7,2026-04-25 14:18:59.985376+00:00
p16_20260425T141705_5037b797,EP-01,HI-06,0.3356,0.3363,0.3363,2904,False,0.7,2026-04-25 14:18:59.985187+00:00
p16_20260425T141705_5037b797,EP-01,HI-07,0.0,0.0,0.0,2904,False,0.7,2026-04-25 14:18:59.985382+00:00
p16_20260425T141705_5037b797,EP-01,HI-08,0.0,0.0,0.0,2904,False,0.7,2026-04-25 14:18:59.985388+00:00
p16_20260425T141705_5037b797,EP-01,NH-01,-0.2007,-0.192,0.2007,2904,False,0.7,2026-04-25 14:18:59.985199+00:00
p16_20260425T141705_5037b797,EP-01,NH-02,-0.0953,-0.1548,0.1548,2904,False,0.7,2026-04-25 14:18:59.985203+00:00
p16_20260425T141705_5037b797,EP-01,NH-03,-0.1282,-0.1573,0.1573,2904,False,0.7,2026-04-25 14:18:59.985203+00:00
p16_20260425T141705_5037b797,EP-01,NH-04,-0.0258,-0.0179,0.0258,2904,False,0.7,2026-04-25 14:18:59.985245+00:00
p16_20260425T141705_5037b797,EP-01,NH-05,0.0839,0.0754,0.0839,2904,False,0.7,2026-04-25 14:18:59.985219+00:00
p16_20260425T141705_5037b797,EP-01,NH-06,0.2738,0.2538,0.2738,2904,False,0.7,2026-04-25 14:18:59.985192+00:00
p16_20260425T141705_5037b797,EP-01,NH-07,0.0,0.0,0.0,2904,False,0.7,2026-04-25 14:18:59.985388+00:00
p16_20260425T141705_5037b797,EP-01,NH-08,0.0,0.0,0.0,2904,False,0.7,2026-04-25 14:18:59.985389+00:00
p16_20260425T141705_5037b797,EP-01,NH-09,0.0,0.0,0.0,2904,False,0.7,2026-04-25 14:18:59.985389+00:00
p16_20260425T141705_5037b797,EP-01,NH-10,0.0,0.0,0.0,2904,False,0.7,2026-04-25 14:18:59.985389+00:00
p16_20260425T141705_5037b797,EP-01,NH-11,0.0,0.0,0.0,2904,False,0.7,2026-04-25 14:18:59.985389+00:00
p16_20260425T141705_5037b797,EP-01,NH-12,-0.0517,-0.0538,0.0538,2904,False,0.7,2026-04-25 14:18:59.985230+00:00
p16_20260425T141705_5037b797,EP-01,NH-13,0.0,0.0,0.0,2904,False,0.7,2026-04-25 14:18:59.985389+00:00
p16_20260425T141705_5037b797,EP-01,NH-14,0.0,0.0,0.0,2904,False,0.7,2026-04-25 14:18:59.985390+00:00
p16_20260425T141705_5037b797,EP-01,NS-01,-0.03,-0.034,0.034,2904,False,0.7,2026-04-25 14:18:59.985240+00:00
p16_20260425T141705_5037b797,EP-01,NS-02,0.0693,0.0504,0.0693,2904,False,0.7,2026-04-25 14:18:59.985223+00:00
p16_20260425T141705_5037b797,EP-01,NS-03,-0.2494,-0.2477,0.2494,2904,False,0.7,2026-04-25 14:18:59.985194+00:00
p16_20260425T141705_5037b797,EP-01,NS-04,-0.3671,-0.3594,0.3671,2904,False,0.7,2026-04-25 14:18:59.985186+00:00
p16_20260425T141705_5037b797,EP-01,NS-05,0.0395,0.0391,0.0395,2904,False,0.7,2026-04-25 14:18:59.985237+00:00
p16_20260425T141705_5037b797,EP-01,NS-06,0.0,0.0,0.0,2904,False,0.7,2026-04-25 14:18:59.985390+00:00
p16_20260425T141705_5037b797,EP-01,NS-07,0.0,0.0,0.0,2904,False,0.7,2026-04-25 14:18:59.985390+00:00
p16_20260425T141705_5037b797,EP-01,NS-08,-0.2771,-0.2652,0.2771,2904,False,0.7,2026-04-25 14:18:59.985191+00:00
p16_20260425T141705_5037b797,EP-01,NS-09,0.0,0.0,0.0,2904,False,0.7,2026-04-25 14:18:59.985390+00:00
p16_20260425T141705_5037b797,EP-01,NS-10,0.0,0.0,0.0,2904,False,0.7,2026-04-25 14:18:59.985388+00:00
p16_20260425T141705_5037b797,EP-01,NS-11,0.0,0.0,0.0,2904,False,0.7,2026-04-25 14:18:59.985391+00:00
p16_20260425T141705_5037b797,EP-01,NS-12,0.0,0.0,0.0,2904,False,0.7,2026-04-25 14:18:59.985391+00:00
p16_20260425T141705_5037b797,EP-01,NS-13,0.0,0.0,0.0,2904,False,0.7,2026-04-25 14:18:59.985391+00:00
p16_20260425T141705_5037b797,EP-01,RI-01,0.0,0.0,0.0,2904,False,0.7,2026-04-25 14:18:59.985391+00:00
p16_20260425T141705_5037b797,EP-01,RI-02,-0.0428,-0.0438,0.0438,2904,False,0.7,2026-04-25 14:18:59.985236+00:00
p16_20260425T141705_5037b797,EP-01,RI-03,0.0,0.0,0.0,2904,False,0.7,2026-04-25 14:18:59.985392+00:00
p16_20260425T141705_5037b797,EP-01,RI-04,0.7221,0.7467,0.7467,2904,True,0.7,2026-04-25 14:18:59.985182+00:00
p16_20260425T141705_5037b797,EP-01,RI-05,0.0,0.0,0.0,2904,False,0.7,2026-04-25 14:18:59.985392+00:00
p16_20260425T141705_5037b797,EP-01,RI-06,-0.0511,-0.0248,0.0511,2904,False,0.7,2026-04-25 14:18:59.985232+00:00
p16_20260425T141705_5037b797,EP-02,EP-03,0.0,0.0,0.0,2904,False,0.7,2026-04-25 14:18:59.985392+00:00
p16_20260425T141705_5037b797,EP-02,EP-04,0.0,0.0,0.0,2904,False,0.7,2026-04-25 14:18:59.985392+00:00
p16_20260425T141705_5037b797,EP-02,EP-05,0.0,0.0,0.0,2904,False,0.7,2026-04-25 14:18:59.985393+00:00
p16_20260425T141705_5037b797,EP-02,HI-01,-0.2425,-0.2513,0.2513,2904,False,0.7,2026-04-25 14:18:59.985194+00:00
p16_20260425T141705_5037b797,EP-02,HI-02,0.0611,0.0364,0.0611,2904,False,0.7,2026-04-25 14:18:59.985227+00:00
p16_20260425T141705_5037b797,EP-02,HI-03,0.0473,0.1332,0.1332,2904,False,0.7,2026-04-25 14:18:59.985208+00:00
p16_20260425T141705_5037b797,EP-02,HI-04,0.0611,0.0364,0.0611,2904,False,0.7,2026-04-25 14:18:59.985227+00:00
p16_20260425T141705_5037b797,EP-02,HI-05,0.0,0.0,0.0,2904,False,0.7,2026-04-25 14:18:59.985393+00:00
p16_20260425T141705_5037b797,EP-02,HI-06,-0.3334,-0.3309,0.3334,2904,False,0.7,2026-04-25 14:18:59.985187+00:00
p16_20260425T141705_5037b797,EP-02,HI-07,0.0,0.0,0.0,2904,False,0.7,2026-04-25 14:18:59.985393+00:00
p16_20260425T141705_5037b797,EP-02,HI-08,0.0,0.0,0.0,2904,False,0.7,2026-04-25 14:18:59.985391+00:00
p16_20260425T141705_5037b797,EP-02,NH-01,0.2732,0.2726,0.2732,2904,False,0.7,2026-04-25 14:18:59.985192+00:00
p16_20260425T141705_5037b797,EP-02,NH-02,0.1685,0.1975,0.1975,2904,False,0.7,2026-04-25 14:18:59.985199+00:00
p16_20260425T141705_5037b797,EP-02,NH-03,0.0465,0.0358,0.0465,2904,False,0.7,2026-04-25 14:18:59.985234+00:00
p16_20260425T141705_5037b797,EP-02,NH-04,-0.0491,-0.0616,0.0616,2904,False,0.7,2026-04-25 14:18:59.985227+00:00
p16_20260425T141705_5037b797,EP-02,NH-05,-0.0574,-0.0462,0.0574,2904,False,0.7,2026-04-25 14:18:59.985228+00:00
p16_20260425T141705_5037b797,EP-02,NH-06,-0.1866,-0.1921,0.1921,2904,False,0.7,2026-04-25 14:18:59.985200+00:00
p16_20260425T141705_5037b797,EP-02,NH-07,0.0,0.0,0.0,2904,False,0.7,2026-04-25 14:18:59.985388+00:00
p16_20260425T141705_5037b797,EP-02,NH-08,0.0,0.0,0.0,2904,False,0.7,2026-04-25 14:18:59.985385+00:00
p16_20260425T141705_5037b797,EP-02,NH-09,0.0,0.0,0.0,2904,False,0.7,2026-04-25 14:18:59.985387+00:00
p16_20260425T141705_5037b797,EP-02,NH-10,0.0,0.0,0.0,2904,False,0.7,2026-04-25 14:18:59.985383+00:00
p16_20260425T141705_5037b797,EP-02,NH-11,0.0,0.0,0.0,2904,False,0.7,2026-04-25 14:18:59.985383+00:00
p16_20260425T141705_5037b797,EP-02,NH-12,0.0419,0.0517,0.0517,2904,False,0.7,2026-04-25 14:18:59.985231+00:00
p16_20260425T141705_5037b797,EP-02,NH-13,0.0,0.0,0.0,2904,False,0.7,2026-04-25 14:18:59.985383+00:00
p16_20260425T141705_5037b797,EP-02,NH-14,0.0,0.0,0.0,2904,False,0.7,2026-04-25 14:18:59.985383+00:00
p16_20260425T141705_5037b797,EP-02,NS-01,-0.015,-0.0129,0.015,2904,False,0.7,2026-04-25 14:18:59.985249+00:00
p16_20260425T141705_5037b797,EP-02,NS-02,0.0448,0.0703,0.0703,2904,False,0.7,2026-04-25 14:18:59.985222+00:00
p16_20260425T141705_5037b797,EP-02,NS-03,0.2381,0.236,0.2381,2904,False,0.7,2026-04-25 14:18:59.985196+00:00
p16_20260425T141705_5037b797,EP-02,NS-04,0.2595,0.254,0.2595,2904,False,0.7,2026-04-25 14:18:59.985193+00:00
p16_20260425T141705_5037b797,EP-02,NS-05,-0.0592,-0.0638,0.0638,2904,False,0.7,2026-04-25 14:18:59.985225+00:00
p16_20260425T141705_5037b797,EP-02,NS-06,0.0,0.0,0.0,2904,False,0.7,2026-04-25 14:18:59.985383+00:00
p16_20260425T141705_5037b797,EP-02,NS-07,0.0,0.0,0.0,2904,False,0.7,2026-04-25 14:18:59.985384+00:00
p16_20260425T141705_5037b797,EP-02,NS-08,0.304,0.3151,0.3151,2904,False,0.7,2026-04-25 14:18:59.985189+00:00
p16_20260425T141705_5037b797,EP-02,NS-09,0.0,0.0,0.0,2904,False,0.7,2026-04-25 14:18:59.985384+00:00
p16_20260425T141705_5037b797,EP-02,NS-10,0.0,0.0,0.0,2904,False,0.7,2026-04-25 14:18:59.985384+00:00
p16_20260425T141705_5037b797,EP-02,NS-11,0.0,0.0,0.0,2904,False,0.7,2026-04-25 14:18:59.985384+00:00
p16_20260425T141705_5037b797,EP-02,NS-12,0.0,0.0,0.0,2904,False,0.7,2026-04-25 14:18:59.985385+00:00
p16_20260425T141705_5037b797,EP-02,NS-13,0.0,0.0,0.0,2904,False,0.7,2026-04-25 14:18:59.985382+00:00
p16_20260425T141705_5037b797,EP-02,RI-01,0.0,0.0,0.0,2904,False,0.7,2026-04-25 14:18:59.985385+00:00
p16_20260425T141705_5037b797,EP-02,RI-02,-0.0479,-0.0381,0.0479,2904,False,0.7,2026-04-25 14:18:59.985233+00:00
p16_20260425T141705_5037b797,EP-02,RI-03,0.0,0.0,0.0,2904,False,0.7,2026-04-25 14:18:59.985385+00:00
p16_20260425T141705_5037b797,EP-02,RI-04,-0.4257,-0.4258,0.4258,2904,False,0.7,2026-04-25 14:18:59.985184+00:00
p16_20260425T141705_5037b797,EP-02,RI-05,0.0,0.0,0.0,2904,False,0.7,2026-04-25 14:18:59.985385+00:00
p16_20260425T141705_5037b797,EP-02,RI-06,-0.2422,-0.2915,0.2915,2904,False,0.7,2026-04-25 14:18:59.985190+00:00
p16_20260425T141705_5037b797,EP-03,EP-04,0.0,0.0,0.0,2904,False,0.7,2026-04-25 14:18:59.985386+00:00
p16_20260425T141705_5037b797,EP-03,EP-05,0.0,0.0,0.0,2904,False,0.7,2026-04-25 14:18:59.985386+00:00
p16_20260425T141705_5037b797,EP-03,HI-01,0.0,0.0,0.0,2904,False,0.7,2026-04-25 14:18:59.985386+00:00
p16_20260425T141705_5037b797,EP-03,HI-02,0.0,0.0,0.0,2904,False,0.7,2026-04-25 14:18:59.985386+00:00
p16_20260425T141705_5037b797,EP-03,HI-03,0.0,0.0,0.0,2904,False,0.7,2026-04-25 14:18:59.985387+00:00
p16_20260425T141705_5037b797,EP-03,HI-04,0.0,0.0,0.0,2904,False,0.7,2026-04-25 14:18:59.985387+00:00
p16_20260425T141705_5037b797,EP-03,HI-05,0.0,0.0,0.0,2904,False,0.7,2026-04-25 14:18:59.985387+00:00
p16_20260425T141705_5037b797,EP-03,HI-06,0.0,0.0,0.0,2904,False,0.7,2026-04-25 14:18:59.985387+00:00
p16_20260425T141705_5037b797,EP-03,HI-07,0.0,0.0,0.0,2904,False,0.7,2026-04-25 14:18:59.985382+00:00
p16_20260425T141705_5037b797,EP-03,HI-08,0.0,0.0,0.0,2904,False,0.7,2026-04-25 14:18:59.985370+00:00
p16_20260425T141705_5037b797,EP-03,NH-01,0.0,0.0,0.0,2904,False,0.7,2026-04-25 14:18:59.985359+00:00
p16_20260425T141705_5037b797,EP-03,NH-02,0.0,0.0,0.0,2904,False,0.7,2026-04-25 14:18:59.985370+00:00
p16_20260425T141705_5037b797,EP-03,NH-03,0.0,0.0,0.0,2904,False,0.7,2026-04-25 14:18:59.985353+00:00
p16_20260425T141705_5037b797,EP-03,NH-04,0.0,0.0,0.0,2904,False,0.7,2026-04-25 14:18:59.985353+00:00
p16_20260425T141705_5037b797,EP-03,NH-05,0.0,0.0,0.0,2904,False,0.7,2026-04-25 14:18:59.985354+00:00
p16_20260425T141705_5037b797,EP-03,NH-06,0.0,0.0,0.0,2904,False,0.7,2026-04-25 14:18:59.985354+00:00
p16_20260425T141705_5037b797,EP-03,NH-07,0.0,0.0,0.0,2904,False,0.7,2026-04-25 14:18:59.985354+00:00
p16_20260425T141705_5037b797,EP-03,NH-08,0.0,0.0,0.0,2904,False,0.7,2026-04-25 14:18:59.985354+00:00
p16_20260425T141705_5037b797,EP-03,NH-09,0.0,0.0,0.0,2904,False,0.7,2026-04-25 14:18:59.985355+00:00
p16_20260425T141705_5037b797,EP-03,NH-10,0.0,0.0,0.0,2904,False,0.7,2026-04-25 14:18:59.985355+00:00
p16_20260425T141705_5037b797,EP-03,NH-11,0.0,0.0,0.0,2904,False,0.7,2026-04-25 14:18:59.985355+00:00
p16_20260425T141705_5037b797,EP-03,NH-12,0.0,0.0,0.0,2904,False,0.7,2026-04-25 14:18:59.985355+00:00
p16_20260425T141705_5037b797,EP-03,NH-13,0.0,0.0,0.0,2904,False,0.7,2026-04-25 14:18:59.985353+00:00
p16_20260425T141705_5037b797,EP-03,NH-14,0.0,0.0,0.0,2904,False,0.7,2026-04-25 14:18:59.985355+00:00
p16_20260425T141705_5037b797,EP-03,NS-01,0.0,0.0,0.0,2904,False,0.7,2026-04-25 14:18:59.985356+00:00
p16_20260425T141705_5037b797,EP-03,NS-02,0.0,0.0,0.0,2904,False,0.7,2026-04-25 14:18:59.985356+00:00
p16_20260425T141705_5037b797,EP-03,NS-03,0.0,0.0,0.0,2904,False,0.7,2026-04-25 14:18:59.985356+00:00
p16_20260425T141705_5037b797,EP-03,NS-04,0.0,0.0,0.0,2904,False,0.7,2026-04-25 14:18:59.985357+00:00
p16_20260425T141705_5037b797,EP-03,NS-05,0.0,0.0,0.0,2904,False,0.7,2026-04-25 14:18:59.985357+00:00
p16_20260425T141705_5037b797,EP-03,NS-06,0.0,0.0,0.0,2904,False,0.7,2026-04-25 14:18:59.985357+00:00
p16_20260425T141705_5037b797,EP-03,NS-07,0.0,0.0,0.0,2904,False,0.7,2026-04-25 14:18:59.985357+00:00
p16_20260425T141705_5037b797,EP-03,NS-08,0.0,0.0,0.0,2904,False,0.7,2026-04-25 14:18:59.985358+00:00
p16_20260425T141705_5037b797,EP-03,NS-09,0.0,0.0,0.0,2904,False,0.7,2026-04-25 14:18:59.985358+00:00
p16_20260425T141705_5037b797,EP-03,NS-10,0.0,0.0,0.0,2904,False,0.7,2026-04-25 14:18:59.985358+00:00
p16_20260425T141705_5037b797,EP-03,NS-11,0.0,0.0,0.0,2904,False,0.7,2026-04-25 14:18:59.985356+00:00
p16_20260425T141705_5037b797,EP-03,NS-12,0.0,0.0,0.0,2904,False,0.7,2026-04-25 14:18:59.985353+00:00
p16_20260425T141705_5037b797,EP-03,NS-13,0.0,0.0,0.0,2904,False,0.7,2026-04-25 14:18:59.985350+00:00
p16_20260425T141705_5037b797,EP-03,RI-01,0.0,0.0,0.0,2904,False,0.7,2026-04-25 14:18:59.985352+00:00
p16_20260425T141705_5037b797,EP-03,RI-02,0.0,0.0,0.0,2904,False,0.7,2026-04-25 14:18:59.985347+00:00
p16_20260425T141705_5037b797,EP-03,RI-03,0.0,0.0,0.0,2904,False,0.7,2026-04-25 14:18:59.985348+00:00
p16_20260425T141705_5037b797,EP-03,RI-04,0.0,0.0,0.0,2904,False,0.7,2026-04-25 14:18:59.985348+00:00
p16_20260425T141705_5037b797,EP-03,RI-05,0.0,0.0,0.0,2904,False,0.7,2026-04-25 14:18:59.985348+00:00
p16_20260425T141705_5037b797,EP-03,RI-06,0.0,0.0,0.0,2904,False,0.7,2026-04-25 14:18:59.985348+00:00
p16_20260425T141705_5037b797,EP-04,EP-05,0.0,0.0,0.0,2904,False,0.7,2026-04-25 14:18:59.985348+00:00
p16_20260425T141705_5037b797,EP-04,HI-01,0.0,0.0,0.0,2904,False,0.7,2026-04-25 14:18:59.985349+00:00
p16_20260425T141705_5037b797,EP-04,HI-02,0.0,0.0,0.0,2904,False,0.7,2026-04-25 14:18:59.985349+00:00
p16_20260425T141705_5037b797,EP-04,HI-03,0.0,0.0,0.0,2904,False,0.7,2026-04-25 14:18:59.985349+00:00
p16_20260425T141705_5037b797,EP-04,HI-04,0.0,0.0,0.0,2904,False,0.7,2026-04-25 14:18:59.985349+00:00
p16_20260425T141705_5037b797,EP-04,HI-05,0.0,0.0,0.0,2904,False,0.7,2026-04-25 14:18:59.985347+00:00
p16_20260425T141705_5037b797,EP-04,HI-06,0.0,0.0,0.0,2904,False,0.7,2026-04-25 14:18:59.985350+00:00
p16_20260425T141705_5037b797,EP-04,HI-07,0.0,0.0,0.0,2904,False,0.7,2026-04-25 14:18:59.985350+00:00
p16_20260425T141705_5037b797,EP-04,HI-08,0.0,0.0,0.0,2904,False,0.7,2026-04-25 14:18:59.985350+00:00
p16_20260425T141705_5037b797,EP-04,NH-01,0.0,0.0,0.0,2904,False,0.7,2026-04-25 14:18:59.985350+00:00
p16_20260425T141705_5037b797,EP-04,NH-02,0.0,0.0,0.0,2904,False,0.7,2026-04-25 14:18:59.985351+00:00
p16_20260425T141705_5037b797,EP-04,NH-03,0.0,0.0,0.0,2904,False,0.7,2026-04-25 14:18:59.985351+00:00
p16_20260425T141705_5037b797,EP-04,NH-04,0.0,0.0,0.0,2904,False,0.7,2026-04-25 14:18:59.985351+00:00
p16_20260425T141705_5037b797,EP-04,NH-05,0.0,0.0,0.0,2904,False,0.7,2026-04-25 14:18:59.985351+00:00
p16_20260425T141705_5037b797,EP-04,NH-06,0.0,0.0,0.0,2904,False,0.7,2026-04-25 14:18:59.985352+00:00
p16_20260425T141705_5037b797,EP-04,NH-07,0.0,0.0,0.0,2904,False,0.7,2026-04-25 14:18:59.985352+00:00
p16_20260425T141705_5037b797,EP-04,NH-08,0.0,0.0,0.0,2904,False,0.7,2026-04-25 14:18:59.985352+00:00
p16_20260425T141705_5037b797,EP-04,NH-09,0.0,0.0,0.0,2904,False,0.7,2026-04-25 14:18:59.985358+00:00
p16_20260425T141705_5037b797,EP-04,NH-10,0.0,0.0,0.0,2904,False,0.7,2026-04-25 14:18:59.985353+00:00
p16_20260425T141705_5037b797,EP-04,NH-11,0.0,0.0,0.0,2904,False,0.7,2026-04-25 14:18:59.985358+00:00
p16_20260425T141705_5037b797,EP-04,NH-12,0.0,0.0,0.0,2904,False,0.7,2026-04-25 14:18:59.985365+00:00
p16_20260425T141705_5037b797,EP-04,NH-13,0.0,0.0,0.0,2904,False,0.7,2026-04-25 14:18:59.985365+00:00
p16_20260425T141705_5037b797,EP-04,NH-14,0.0,0.0,0.0,2904,False,0.7,2026-04-25 14:18:59.985365+00:00
p16_20260425T141705_5037b797,EP-04,NS-01,0.0,0.0,0.0,2904,False,0.7,2026-04-25 14:18:59.985365+00:00
p16_20260425T141705_5037b797,EP-04,NS-02,0.0,0.0,0.0,2904,False,0.7,2026-04-25 14:18:59.985366+00:00
p16_20260425T141705_5037b797,EP-04,NS-03,0.0,0.0,0.0,2904,False,0.7,2026-04-25 14:18:59.985366+00:00
p16_20260425T141705_5037b797,EP-04,NS-04,0.0,0.0,0.0,2904,False,0.7,2026-04-25 14:18:59.985366+00:00
p16_20260425T141705_5037b797,EP-04,NS-05,0.0,0.0,0.0,2904,False,0.7,2026-04-25 14:18:59.985366+00:00
p16_20260425T141705_5037b797,EP-04,NS-06,0.0,0.0,0.0,2904,False,0.7,2026-04-25 14:18:59.985367+00:00
p16_20260425T141705_5037b797,EP-04,NS-07,0.0,0.0,0.0,2904,False,0.7,2026-04-25 14:18:59.985367+00:00
p16_20260425T141705_5037b797,EP-04,NS-08,0.0,0.0,0.0,2904,False,0.7,2026-04-25 14:18:59.985367+00:00
p16_20260425T141705_5037b797,EP-04,NS-09,0.0,0.0,0.0,2904,False,0.7,2026-04-25 14:18:59.985365+00:00
p16_20260425T141705_5037b797,EP-04,NS-10,0.0,0.0,0.0,2904,False,0.7,2026-04-25 14:18:59.985367+00:00
p16_20260425T141705_5037b797,EP-04,NS-11,0.0,0.0,0.0,2904,False,0.7,2026-04-25 14:18:59.985368+00:00
p16_20260425T141705_5037b797,EP-04,NS-12,0.0,0.0,0.0,2904,False,0.7,2026-04-25 14:18:59.985368+00:00
p16_20260425T141705_5037b797,EP-04,NS-13,0.0,0.0,0.0,2904,False,0.7,2026-04-25 14:18:59.985368+00:00
p16_20260425T141705_5037b797,EP-04,RI-01,0.0,0.0,0.0,2904,False,0.7,2026-04-25 14:18:59.985368+00:00
p16_20260425T141705_5037b797,EP-04,RI-02,0.0,0.0,0.0,2904,False,0.7,2026-04-25 14:18:59.985369+00:00
p16_20260425T141705_5037b797,EP-04,RI-03,0.0,0.0,0.0,2904,False,0.7,2026-04-25 14:18:59.985369+00:00
p16_20260425T141705_5037b797,EP-04,RI-04,0.0,0.0,0.0,2904,False,0.7,2026-04-25 14:18:59.985369+00:00
p16_20260425T141705_5037b797,EP-04,RI-05,0.0,0.0,0.0,2904,False,0.7,2026-04-25 14:18:59.985369+00:00
p16_20260425T141705_5037b797,EP-04,RI-06,0.0,0.0,0.0,2904,False,0.7,2026-04-25 14:18:59.985369+00:00
p16_20260425T141705_5037b797,EP-05,HI-01,0.0,0.0,0.0,2904,False,0.7,2026-04-25 14:18:59.985370+00:00
p16_20260425T141705_5037b797,EP-05,HI-02,0.0,0.0,0.0,2904,False,0.7,2026-04-25 14:18:59.985367+00:00
p16_20260425T141705_5037b797,EP-05,HI-03,0.0,0.0,0.0,2904,False,0.7,2026-04-25 14:18:59.985364+00:00
p16_20260425T141705_5037b797,EP-05,HI-04,0.0,0.0,0.0,2904,False,0.7,2026-04-25 14:18:59.985362+00:00
p16_20260425T141705_5037b797,EP-05,HI-05,0.0,0.0,0.0,2904,False,0.7,2026-04-25 14:18:59.985364+00:00
p16_20260425T141705_5037b797,EP-05,HI-06,0.0,0.0,0.0,2904,False,0.7,2026-04-25 14:18:59.985359+00:00
p16_20260425T141705_5037b797,EP-05,HI-07,0.0,0.0,0.0,2904,False,0.7,2026-04-25 14:18:59.985359+00:00
p16_20260425T141705_5037b797,EP-05,HI-08,0.0,0.0,0.0,2904,False,0.7,2026-04-25 14:18:59.985360+00:00
p16_20260425T141705_5037b797,EP-05,NH-01,0.0,0.0,0.0,2904,False,0.7,2026-04-25 14:18:59.985360+00:00
p16_20260425T141705_5037b797,EP-05,NH-02,0.0,0.0,0.0,2904,False,0.7,2026-04-25 14:18:59.985360+00:00
p16_20260425T141705_5037b797,EP-05,NH-03,0.0,0.0,0.0,2904,False,0.7,2026-04-25 14:18:59.985360+00:00
p16_20260425T141705_5037b797,EP-05,NH-04,0.0,0.0,0.0,2904,False,0.7,2026-04-25 14:18:59.985360+00:00
p16_20260425T141705_5037b797,EP-05,NH-05,0.0,0.0,0.0,2904,False,0.7,2026-04-25 14:18:59.985361+00:00
p16_20260425T141705_5037b797,EP-05,NH-06,0.0,0.0,0.0,2904,False,0.7,2026-04-25 14:18:59.985361+00:00
p16_20260425T141705_5037b797,EP-05,NH-07,0.0,0.0,0.0,2904,False,0.7,2026-04-25 14:18:59.985361+00:00
p16_20260425T141705_5037b797,EP-05,NH-08,0.0,0.0,0.0,2904,False,0.7,2026-04-25 14:18:59.985359+00:00
p16_20260425T141705_5037b797,EP-05,NH-09,0.0,0.0,0.0,2904,False,0.7,2026-04-25 14:18:59.985361+00:00
p16_20260425T141705_5037b797,EP-05,NH-10,0.0,0.0,0.0,2904,False,0.7,2026-04-25 14:18:59.985362+00:00
p16_20260425T141705_5037b797,EP-05,NH-11,0.0,0.0,0.0,2904,False,0.7,2026-04-25 14:18:59.985362+00:00
p16_20260425T141705_5037b797,EP-05,NH-12,0.0,0.0,0.0,2904,False,0.7,2026-04-25 14:18:59.985362+00:00
p16_20260425T141705_5037b797,EP-05,NH-13,0.0,0.0,0.0,2904,False,0.7,2026-04-25 14:18:59.985362+00:00
p16_20260425T141705_5037b797,EP-05,NH-14,0.0,0.0,0.0,2904,False,0.7,2026-04-25 14:18:59.985363+00:00
p16_20260425T141705_5037b797,EP-05,NS-01,0.0,0.0,0.0,2904,False,0.7,2026-04-25 14:18:59.985363+00:00
p16_20260425T141705_5037b797,EP-05,NS-02,0.0,0.0,0.0,2904,False,0.7,2026-04-25 14:18:59.985363+00:00
p16_20260425T141705_5037b797,EP-05,NS-03,0.0,0.0,0.0,2904,False,0.7,2026-04-25 14:18:59.985363+00:00
p16_20260425T141705_5037b797,EP-05,NS-04,0.0,0.0,0.0,2904,False,0.7,2026-04-25 14:18:59.985364+00:00
p16_20260425T141705_5037b797,EP-05,NS-05,0.0,0.0,0.0,2904,False,0.7,2026-04-25 14:18:59.985364+00:00
p16_20260425T141705_5037b797,EP-05,NS-06,0.0,0.0,0.0,2904,False,0.7,2026-04-25 14:18:59.985393+00:00
p16_20260425T141705_5037b797,EP-05,NS-07,0.0,0.0,0.0,2904,False,0.7,2026-04-25 14:18:59.985394+00:00
p16_20260425T141705_5037b797,EP-05,NS-08,0.0,0.0,0.0,2904,False,0.7,2026-04-25 14:18:59.985394+00:00
p16_20260425T141705_5037b797,EP-05,NS-09,0.0,0.0,0.0,2904,False,0.7,2026-04-25 14:18:59.985405+00:00
p16_20260425T141705_5037b797,EP-05,NS-10,0.0,0.0,0.0,2904,False,0.7,2026-04-25 14:18:59.985423+00:00
p16_20260425T141705_5037b797,EP-05,NS-11,0.0,0.0,0.0,2904,False,0.7,2026-04-25 14:18:59.985424+00:00
p16_20260425T141705_5037b797,EP-05,NS-12,0.0,0.0,0.0,2904,False,0.7,2026-04-25 14:18:59.985424+00:00
p16_20260425T141705_5037b797,EP-05,NS-13,0.0,0.0,0.0,2904,False,0.7,2026-04-25 14:18:59.985424+00:00
p16_20260425T141705_5037b797,EP-05,RI-01,0.0,0.0,0.0,2904,False,0.7,2026-04-25 14:18:59.985424+00:00
p16_20260425T141705_5037b797,EP-05,RI-02,0.0,0.0,0.0,2904,False,0.7,2026-04-25 14:18:59.985424+00:00
p16_20260425T141705_5037b797,EP-05,RI-03,0.0,0.0,0.0,2904,False,0.7,2026-04-25 14:18:59.985425+00:00
p16_20260425T141705_5037b797,EP-05,RI-04,0.0,0.0,0.0,2904,False,0.7,2026-04-25 14:18:59.985425+00:00
p16_20260425T141705_5037b797,EP-05,RI-05,0.0,0.0,0.0,2904,False,0.7,2026-04-25 14:18:59.985425+00:00
p16_20260425T141705_5037b797,EP-05,RI-06,0.0,0.0,0.0,2904,False,0.7,2026-04-25 14:18:59.985425+00:00
p16_20260425T141705_5037b797,HI-01,HI-02,0.0824,0.1075,0.1075,2904,False,0.7,2026-04-25 14:18:59.985213+00:00
p16_20260425T141705_5037b797,HI-01,HI-03,0.0547,0.0153,0.0547,2904,False,0.7,2026-04-25 14:18:59.985229+00:00
p16_20260425T141705_5037b797,HI-01,HI-04,0.0824,0.1075,0.1075,2904,False,0.7,2026-04-25 14:18:59.985213+00:00
p16_20260425T141705_5037b797,HI-01,HI-05,0.0,0.0,0.0,2904,False,0.7,2026-04-25 14:18:59.985423+00:00
p16_20260425T141705_5037b797,HI-01,HI-06,0.3623,0.3602,0.3623,2904,False,0.7,2026-04-25 14:18:59.985186+00:00
p16_20260425T141705_5037b797,HI-01,HI-07,0.0,0.0,0.0,2904,False,0.7,2026-04-25 14:18:59.985426+00:00
p16_20260425T141705_5037b797,HI-01,HI-08,0.0,0.0,0.0,2904,False,0.7,2026-04-25 14:18:59.985426+00:00
p16_20260425T141705_5037b797,HI-01,NH-01,-0.2618,-0.2624,0.2624,2904,False,0.7,2026-04-25 14:18:59.985193+00:00
p16_20260425T141705_5037b797,HI-01,NH-02,-0.1698,-0.2287,0.2287,2904,False,0.7,2026-04-25 14:18:59.985196+00:00
p16_20260425T141705_5037b797,HI-01,NH-03,-0.0701,-0.0632,0.0701,2904,False,0.7,2026-04-25 14:18:59.985222+00:00
p16_20260425T141705_5037b797,HI-01,NH-04,-0.0552,-0.0545,0.0552,2904,False,0.7,2026-04-25 14:18:59.985229+00:00
p16_20260425T141705_5037b797,HI-01,NH-05,0.3196,0.3206,0.3206,2904,False,0.7,2026-04-25 14:18:59.985188+00:00
p16_20260425T141705_5037b797,HI-01,NH-06,0.1949,0.1976,0.1976,2904,False,0.7,2026-04-25 14:18:59.985199+00:00
p16_20260425T141705_5037b797,HI-01,NH-07,0.0,0.0,0.0,2904,False,0.7,2026-04-25 14:18:59.985426+00:00
p16_20260425T141705_5037b797,HI-01,NH-08,0.0,0.0,0.0,2904,False,0.7,2026-04-25 14:18:59.985427+00:00
p16_20260425T141705_5037b797,HI-01,NH-09,0.0,0.0,0.0,2904,False,0.7,2026-04-25 14:18:59.985427+00:00
p16_20260425T141705_5037b797,HI-01,NH-10,0.0,0.0,0.0,2904,False,0.7,2026-04-25 14:18:59.985427+00:00
p16_20260425T141705_5037b797,HI-01,NH-11,0.0,0.0,0.0,2904,False,0.7,2026-04-25 14:18:59.985427+00:00
p16_20260425T141705_5037b797,HI-01,NH-12,-0.0533,-0.0533,0.0533,2904,False,0.7,2026-04-25 14:18:59.985231+00:00
p16_20260425T141705_5037b797,HI-01,NH-13,0.0,0.0,0.0,2904,False,0.7,2026-04-25 14:18:59.985428+00:00
p16_20260425T141705_5037b797,HI-01,NH-14,0.0,0.0,0.0,2904,False,0.7,2026-04-25 14:18:59.985428+00:00
p16_20260425T141705_5037b797,HI-01,NS-01,-0.0995,-0.0942,0.0995,2904,False,0.7,2026-04-25 14:18:59.985215+00:00
p16_20260425T141705_5037b797,HI-01,NS-02,-0.052,-0.0447,0.052,2904,False,0.7,2026-04-25 14:18:59.985231+00:00
p16_20260425T141705_5037b797,HI-01,NS-03,-0.1307,-0.1282,0.1307,2904,False,0.7,2026-04-25 14:18:59.985208+00:00
p16_20260425T141705_5037b797,HI-01,NS-04,-0.2416,-0.2409,0.2416,2904,False,0.7,2026-04-25 14:18:59.985195+00:00
p16_20260425T141705_5037b797,HI-01,NS-05,0.0709,0.0745,0.0745,2904,False,0.7,2026-04-25 14:18:59.985221+00:00
p16_20260425T141705_5037b797,HI-01,NS-06,0.0,0.0,0.0,2904,False,0.7,2026-04-25 14:18:59.985428+00:00
p16_20260425T141705_5037b797,HI-01,NS-07,0.0,0.0,0.0,2904,False,0.7,2026-04-25 14:18:59.985428+00:00
p16_20260425T141705_5037b797,HI-01,NS-08,-0.3298,-0.3413,0.3413,2904,False,0.7,2026-04-25 14:18:59.985187+00:00
p16_20260425T141705_5037b797,HI-01,NS-09,0.0,0.0,0.0,2904,False,0.7,2026-04-25 14:18:59.985426+00:00
p16_20260425T141705_5037b797,HI-01,NS-10,0.0,0.0,0.0,2904,False,0.7,2026-04-25 14:18:59.985423+00:00
p16_20260425T141705_5037b797,HI-01,NS-11,0.0,0.0,0.0,2904,False,0.7,2026-04-25 14:18:59.985420+00:00
p16_20260425T141705_5037b797,HI-01,NS-12,0.0,0.0,0.0,2904,False,0.7,2026-04-25 14:18:59.985422+00:00
p16_20260425T141705_5037b797,HI-01,NS-13,0.0,0.0,0.0,2904,False,0.7,2026-04-25 14:18:59.985418+00:00
p16_20260425T141705_5037b797,HI-01,RI-01,0.0,0.0,0.0,2904,False,0.7,2026-04-25 14:18:59.985418+00:00
p16_20260425T141705_5037b797,HI-01,RI-02,-0.0843,-0.1133,0.1133,2904,False,0.7,2026-04-25 14:18:59.985211+00:00
p16_20260425T141705_5037b797,HI-01,RI-03,0.0,0.0,0.0,2904,False,0.7,2026-04-25 14:18:59.985418+00:00
p16_20260425T141705_5037b797,HI-01,RI-04,0.3588,0.3516,0.3588,2904,False,0.7,2026-04-25 14:18:59.985186+00:00
p16_20260425T141705_5037b797,HI-01,RI-05,0.0,0.0,0.0,2904,False,0.7,2026-04-25 14:18:59.985418+00:00
p16_20260425T141705_5037b797,HI-01,RI-06,-0.0038,0.0239,0.0239,2904,False,0.7,2026-04-25 14:18:59.985246+00:00
p16_20260425T141705_5037b797,HI-02,HI-03,0.0876,0.1336,0.1336,2904,False,0.7,2026-04-25 14:18:59.985207+00:00
p16_20260425T141705_5037b797,HI-02,HI-04,1.0,1.0,1.0,2904,True,0.7,2026-04-25 14:18:59.985178+00:00
p16_20260425T141705_5037b797,HI-02,HI-05,0.0,0.0,0.0,2904,False,0.7,2026-04-25 14:18:59.985418+00:00
p16_20260425T141705_5037b797,HI-02,HI-06,-0.0639,-0.1099,0.1099,2904,False,0.7,2026-04-25 14:18:59.985212+00:00
p16_20260425T141705_5037b797,HI-02,HI-07,0.0,0.0,0.0,2904,False,0.7,2026-04-25 14:18:59.985419+00:00
p16_20260425T141705_5037b797,HI-02,HI-08,0.0,0.0,0.0,2904,False,0.7,2026-04-25 14:18:59.985419+00:00
p16_20260425T141705_5037b797,HI-02,NH-01,0.1058,0.1105,0.1105,2904,False,0.7,2026-04-25 14:18:59.985212+00:00
p16_20260425T141705_5037b797,HI-02,NH-02,0.0659,0.0747,0.0747,2904,False,0.7,2026-04-25 14:18:59.985221+00:00
p16_20260425T141705_5037b797,HI-02,NH-03,-0.0035,0.0264,0.0264,2904,False,0.7,2026-04-25 14:18:59.985245+00:00
p16_20260425T141705_5037b797,HI-02,NH-04,0.016,0.0211,0.0211,2904,False,0.7,2026-04-25 14:18:59.985247+00:00
p16_20260425T141705_5037b797,HI-02,NH-05,0.0159,0.0221,0.0221,2904,False,0.7,2026-04-25 14:18:59.985246+00:00
p16_20260425T141705_5037b797,HI-02,NH-06,-0.0792,-0.1306,0.1306,2904,False,0.7,2026-04-25 14:18:59.985209+00:00
p16_20260425T141705_5037b797,HI-02,NH-07,0.0,0.0,0.0,2904,False,0.7,2026-04-25 14:18:59.985419+00:00
p16_20260425T141705_5037b797,HI-02,NH-08,0.0,0.0,0.0,2904,False,0.7,2026-04-25 14:18:59.985419+00:00
p16_20260425T141705_5037b797,HI-02,NH-09,0.0,0.0,0.0,2904,False,0.7,2026-04-25 14:18:59.985420+00:00
p16_20260425T141705_5037b797,HI-02,NH-10,0.0,0.0,0.0,2904,False,0.7,2026-04-25 14:18:59.985417+00:00
p16_20260425T141705_5037b797,HI-02,NH-11,0.0,0.0,0.0,2904,False,0.7,2026-04-25 14:18:59.985420+00:00
p16_20260425T141705_5037b797,HI-02,NH-12,0.0086,0.0112,0.0112,2904,False,0.7,2026-04-25 14:18:59.985251+00:00
p16_20260425T141705_5037b797,HI-02,NH-13,0.0,0.0,0.0,2904,False,0.7,2026-04-25 14:18:59.985420+00:00
p16_20260425T141705_5037b797,HI-02,NH-14,0.0,0.0,0.0,2904,False,0.7,2026-04-25 14:18:59.985420+00:00
p16_20260425T141705_5037b797,HI-02,NS-01,-0.0126,0.0124,0.0126,2904,False,0.7,2026-04-25 14:18:59.985250+00:00
p16_20260425T141705_5037b797,HI-02,NS-02,-0.0312,0.0009,0.0312,2904,False,0.7,2026-04-25 14:18:59.985242+00:00
p16_20260425T141705_5037b797,HI-02,NS-03,0.0274,0.0884,0.0884,2904,False,0.7,2026-04-25 14:18:59.985217+00:00
p16_20260425T141705_5037b797,HI-02,NS-04,0.0712,0.0938,0.0938,2904,False,0.7,2026-04-25 14:18:59.985216+00:00
p16_20260425T141705_5037b797,HI-02,NS-05,-0.0059,0.0235,0.0235,2904,False,0.7,2026-04-25 14:18:59.985246+00:00
p16_20260425T141705_5037b797,HI-02,NS-06,0.0,0.0,0.0,2904,False,0.7,2026-04-25 14:18:59.985421+00:00
p16_20260425T141705_5037b797,HI-02,NS-07,0.0,0.0,0.0,2904,False,0.7,2026-04-25 14:18:59.985421+00:00
p16_20260425T141705_5037b797,HI-02,NS-08,0.0605,0.139,0.139,2904,False,0.7,2026-04-25 14:18:59.985205+00:00
p16_20260425T141705_5037b797,HI-02,NS-09,0.0,0.0,0.0,2904,False,0.7,2026-04-25 14:18:59.985421+00:00
p16_20260425T141705_5037b797,HI-02,NS-10,0.0,0.0,0.0,2904,False,0.7,2026-04-25 14:18:59.985421+00:00
p16_20260425T141705_5037b797,HI-02,NS-11,0.0,0.0,0.0,2904,False,0.7,2026-04-25 14:18:59.985422+00:00
p16_20260425T141705_5037b797,HI-02,NS-12,0.0,0.0,0.0,2904,False,0.7,2026-04-25 14:18:59.985422+00:00
p16_20260425T141705_5037b797,HI-02,NS-13,0.0,0.0,0.0,2904,False,0.7,2026-04-25 14:18:59.985422+00:00
p16_20260425T141705_5037b797,HI-02,RI-01,0.0,0.0,0.0,2904,False,0.7,2026-04-25 14:18:59.985422+00:00
p16_20260425T141705_5037b797,HI-02,RI-02,0.0008,0.0575,0.0575,2904,False,0.7,2026-04-25 14:18:59.985228+00:00
p16_20260425T141705_5037b797,HI-02,RI-03,0.0,0.0,0.0,2904,False,0.7,2026-04-25 14:18:59.985428+00:00
p16_20260425T141705_5037b797,HI-02,RI-04,-0.0636,-0.1335,0.1335,2904,False,0.7,2026-04-25 14:18:59.985207+00:00
p16_20260425T141705_5037b797,HI-02,RI-05,0.0,0.0,0.0,2904,False,0.7,2026-04-25 14:18:59.985429+00:00
p16_20260425T141705_5037b797,HI-02,RI-06,0.0176,0.0546,0.0546,2904,False,0.7,2026-04-25 14:18:59.985230+00:00
p16_20260425T141705_5037b797,HI-03,HI-04,0.0876,0.1336,0.1336,2904,False,0.7,2026-04-25 14:18:59.985207+00:00
p16_20260425T141705_5037b797,HI-03,HI-05,0.0,0.0,0.0,2904,False,0.7,2026-04-25 14:18:59.985429+00:00
p16_20260425T141705_5037b797,HI-03,HI-06,0.022,-0.05,0.05,2904,False,0.7,2026-04-25 14:18:59.985232+00:00
p16_20260425T141705_5037b797,HI-03,HI-07,0.0,0.0,0.0,2904,False,0.7,2026-04-25 14:18:59.985432+00:00
p16_20260425T141705_5037b797,HI-03,HI-08,0.0,0.0,0.0,2904,False,0.7,2026-04-25 14:18:59.985435+00:00
p16_20260425T141705_5037b797,HI-03,NH-01,0.0792,0.1324,0.1324,2904,False,0.7,2026-04-25 14:18:59.985208+00:00
p16_20260425T141705_5037b797,HI-03,NH-02,0.0569,0.0901,0.0901,2904,False,0.7,2026-04-25 14:18:59.985217+00:00
p16_20260425T141705_5037b797,HI-03,NH-03,0.0116,0.0367,0.0367,2904,False,0.7,2026-04-25 14:18:59.985238+00:00
p16_20260425T141705_5037b797,HI-03,NH-04,-0.0571,-0.0633,0.0633,2904,False,0.7,2026-04-25 14:18:59.985225+00:00
p16_20260425T141705_5037b797,HI-03,NH-05,0.0811,0.0469,0.0811,2904,False,0.7,2026-04-25 14:18:59.985219+00:00
p16_20260425T141705_5037b797,HI-03,NH-06,-0.0167,-0.0355,0.0355,2904,False,0.7,2026-04-25 14:18:59.985239+00:00
p16_20260425T141705_5037b797,HI-03,NH-07,0.0,0.0,0.0,2904,False,0.7,2026-04-25 14:18:59.985435+00:00
p16_20260425T141705_5037b797,HI-03,NH-08,0.0,0.0,0.0,2904,False,0.7,2026-04-25 14:18:59.985436+00:00
p16_20260425T141705_5037b797,HI-03,NH-09,0.0,0.0,0.0,2904,False,0.7,2026-04-25 14:18:59.985436+00:00
p16_20260425T141705_5037b797,HI-03,NH-10,0.0,0.0,0.0,2904,False,0.7,2026-04-25 14:18:59.985347+00:00
p16_20260425T141705_5037b797,HI-03,NH-11,0.0,0.0,0.0,2904,False,0.7,2026-04-25 14:18:59.985436+00:00
p16_20260425T141705_5037b797,HI-03,NH-12,0.0027,0.0101,0.0101,2904,False,0.7,2026-04-25 14:18:59.985251+00:00
p16_20260425T141705_5037b797,HI-03,NH-13,0.0,0.0,0.0,2904,False,0.7,2026-04-25 14:18:59.985436+00:00
p16_20260425T141705_5037b797,HI-03,NH-14,0.0,0.0,0.0,2904,False,0.7,2026-04-25 14:18:59.985437+00:00
p16_20260425T141705_5037b797,HI-03,NS-01,0.0285,0.0216,0.0285,2904,False,0.7,2026-04-25 14:18:59.985243+00:00
p16_20260425T141705_5037b797,HI-03,NS-02,0.0422,0.0043,0.0422,2904,False,0.7,2026-04-25 14:18:59.985236+00:00
p16_20260425T141705_5037b797,HI-03,NS-03,0.096,0.1318,0.1318,2904,False,0.7,2026-04-25 14:18:59.985208+00:00
p16_20260425T141705_5037b797,HI-03,NS-04,-0.0022,0.0384,0.0384,2904,False,0.7,2026-04-25 14:18:59.985237+00:00
p16_20260425T141705_5037b797,HI-03,NS-05,-0.0203,-0.0067,0.0203,2904,False,0.7,2026-04-25 14:18:59.985247+00:00
p16_20260425T141705_5037b797,HI-03,NS-06,0.0,0.0,0.0,2904,False,0.7,2026-04-25 14:18:59.985437+00:00
p16_20260425T141705_5037b797,HI-03,NS-07,0.0,0.0,0.0,2904,False,0.7,2026-04-25 14:18:59.985437+00:00
p16_20260425T141705_5037b797,HI-03,NS-08,-0.0287,0.0977,0.0977,2904,False,0.7,2026-04-25 14:18:59.985215+00:00
p16_20260425T141705_5037b797,HI-03,NS-09,0.0,0.0,0.0,2904,False,0.7,2026-04-25 14:18:59.985437+00:00
p16_20260425T141705_5037b797,HI-03,NS-10,0.0,0.0,0.0,2904,False,0.7,2026-04-25 14:18:59.985438+00:00
p16_20260425T141705_5037b797,HI-03,NS-11,0.0,0.0,0.0,2904,False,0.7,2026-04-25 14:18:59.985438+00:00
p16_20260425T141705_5037b797,HI-03,NS-12,0.0,0.0,0.0,2904,False,0.7,2026-04-25 14:18:59.985438+00:00
p16_20260425T141705_5037b797,HI-03,NS-13,0.0,0.0,0.0,2904,False,0.7,2026-04-25 14:18:59.985438+00:00
p16_20260425T141705_5037b797,HI-03,RI-01,0.0,0.0,0.0,2904,False,0.7,2026-04-25 14:18:59.985438+00:00
p16_20260425T141705_5037b797,HI-03,RI-02,0.0319,0.0524,0.0524,2904,False,0.7,2026-04-25 14:18:59.985231+00:00
p16_20260425T141705_5037b797,HI-03,RI-03,0.0,0.0,0.0,2904,False,0.7,2026-04-25 14:18:59.985439+00:00
p16_20260425T141705_5037b797,HI-03,RI-04,0.0186,-0.0376,0.0376,2904,False,0.7,2026-04-25 14:18:59.985238+00:00
p16_20260425T141705_5037b797,HI-03,RI-05,0.0,0.0,0.0,2904,False,0.7,2026-04-25 14:18:59.985439+00:00
p16_20260425T141705_5037b797,HI-03,RI-06,0.0016,0.0152,0.0152,2904,False,0.7,2026-04-25 14:18:59.985249+00:00
p16_20260425T141705_5037b797,HI-04,HI-05,0.0,0.0,0.0,2904,False,0.7,2026-04-25 14:18:59.985439+00:00
p16_20260425T141705_5037b797,HI-04,HI-06,-0.0639,-0.1099,0.1099,2904,False,0.7,2026-04-25 14:18:59.985212+00:00
p16_20260425T141705_5037b797,HI-04,HI-07,0.0,0.0,0.0,2904,False,0.7,2026-04-25 14:18:59.985439+00:00
p16_20260425T141705_5037b797,HI-04,HI-08,0.0,0.0,0.0,2904,False,0.7,2026-04-25 14:18:59.985440+00:00
p16_20260425T141705_5037b797,HI-04,NH-01,0.1058,0.1105,0.1105,2904,False,0.7,2026-04-25 14:18:59.985212+00:00
p16_20260425T141705_5037b797,HI-04,NH-02,0.0659,0.0747,0.0747,2904,False,0.7,2026-04-25 14:18:59.985221+00:00
p16_20260425T141705_5037b797,HI-04,NH-03,-0.0035,0.0264,0.0264,2904,False,0.7,2026-04-25 14:18:59.985245+00:00
p16_20260425T141705_5037b797,HI-04,NH-04,0.016,0.0211,0.0211,2904,False,0.7,2026-04-25 14:18:59.985247+00:00
p16_20260425T141705_5037b797,HI-04,NH-05,0.0159,0.0221,0.0221,2904,False,0.7,2026-04-25 14:18:59.985247+00:00
p16_20260425T141705_5037b797,HI-04,NH-06,-0.0792,-0.1306,0.1306,2904,False,0.7,2026-04-25 14:18:59.985208+00:00
p16_20260425T141705_5037b797,HI-04,NH-07,0.0,0.0,0.0,2904,False,0.7,2026-04-25 14:18:59.985440+00:00
p16_20260425T141705_5037b797,HI-04,NH-08,0.0,0.0,0.0,2904,False,0.7,2026-04-25 14:18:59.985435+00:00
p16_20260425T141705_5037b797,HI-04,NH-09,0.0,0.0,0.0,2904,False,0.7,2026-04-25 14:18:59.985435+00:00
p16_20260425T141705_5037b797,HI-04,NH-10,0.0,0.0,0.0,2904,False,0.7,2026-04-25 14:18:59.985435+00:00
p16_20260425T141705_5037b797,HI-04,NH-11,0.0,0.0,0.0,2904,False,0.7,2026-04-25 14:18:59.985434+00:00
p16_20260425T141705_5037b797,HI-04,NH-12,0.0086,0.0112,0.0112,2904,False,0.7,2026-04-25 14:18:59.985251+00:00
p16_20260425T141705_5037b797,HI-04,NH-13,0.0,0.0,0.0,2904,False,0.7,2026-04-25 14:18:59.985429+00:00
p16_20260425T141705_5037b797,HI-04,NH-14,0.0,0.0,0.0,2904,False,0.7,2026-04-25 14:18:59.985430+00:00
p16_20260425T141705_5037b797,HI-04,NS-01,-0.0126,0.0124,0.0126,2904,False,0.7,2026-04-25 14:18:59.985251+00:00
p16_20260425T141705_5037b797,HI-04,NS-02,-0.0312,0.0009,0.0312,2904,False,0.7,2026-04-25 14:18:59.985242+00:00
p16_20260425T141705_5037b797,HI-04,NS-03,0.0274,0.0884,0.0884,2904,False,0.7,2026-04-25 14:18:59.985217+00:00
p16_20260425T141705_5037b797,HI-04,NS-04,0.0712,0.0938,0.0938,2904,False,0.7,2026-04-25 14:18:59.985216+00:00
p16_20260425T141705_5037b797,HI-04,NS-05,-0.0059,0.0235,0.0235,2904,False,0.7,2026-04-25 14:18:59.985246+00:00
p16_20260425T141705_5037b797,HI-04,NS-06,0.0,0.0,0.0,2904,False,0.7,2026-04-25 14:18:59.985430+00:00
p16_20260425T141705_5037b797,HI-04,NS-07,0.0,0.0,0.0,2904,False,0.7,2026-04-25 14:18:59.985430+00:00
p16_20260425T141705_5037b797,HI-04,NS-08,0.0605,0.139,0.139,2904,False,0.7,2026-04-25 14:18:59.985206+00:00
p16_20260425T141705_5037b797,HI-04,NS-09,0.0,0.0,0.0,2904,False,0.7,2026-04-25 14:18:59.985430+00:00
p16_20260425T141705_5037b797,HI-04,NS-10,0.0,0.0,0.0,2904,False,0.7,2026-04-25 14:18:59.985431+00:00
p16_20260425T141705_5037b797,HI-04,NS-11,0.0,0.0,0.0,2904,False,0.7,2026-04-25 14:18:59.985431+00:00
p16_20260425T141705_5037b797,HI-04,NS-12,0.0,0.0,0.0,2904,False,0.7,2026-04-25 14:18:59.985431+00:00
p16_20260425T141705_5037b797,HI-04,NS-13,0.0,0.0,0.0,2904,False,0.7,2026-04-25 14:18:59.985431+00:00
p16_20260425T141705_5037b797,HI-04,RI-01,0.0,0.0,0.0,2904,False,0.7,2026-04-25 14:18:59.985431+00:00
p16_20260425T141705_5037b797,HI-04,RI-02,0.0008,0.0575,0.0575,2904,False,0.7,2026-04-25 14:18:59.985228+00:00
p16_20260425T141705_5037b797,HI-04,RI-03,0.0,0.0,0.0,2904,False,0.7,2026-04-25 14:18:59.985429+00:00
p16_20260425T141705_5037b797,HI-04,RI-04,-0.0636,-0.1335,0.1335,2904,False,0.7,2026-04-25 14:18:59.985207+00:00
p16_20260425T141705_5037b797,HI-04,RI-05,0.0,0.0,0.0,2904,False,0.7,2026-04-25 14:18:59.985432+00:00
p16_20260425T141705_5037b797,HI-04,RI-06,0.0176,0.0546,0.0546,2904,False,0.7,2026-04-25 14:18:59.985230+00:00
p16_20260425T141705_5037b797,HI-05,HI-06,0.0,0.0,0.0,2904,False,0.7,2026-04-25 14:18:59.985432+00:00
p16_20260425T141705_5037b797,HI-05,HI-07,0.0,0.0,0.0,2904,False,0.7,2026-04-25 14:18:59.985432+00:00
p16_20260425T141705_5037b797,HI-05,HI-08,0.0,0.0,0.0,2904,False,0.7,2026-04-25 14:18:59.985433+00:00
p16_20260425T141705_5037b797,HI-05,NH-01,0.0,0.0,0.0,2904,False,0.7,2026-04-25 14:18:59.985433+00:00
p16_20260425T141705_5037b797,HI-05,NH-02,0.0,0.0,0.0,2904,False,0.7,2026-04-25 14:18:59.985433+00:00
p16_20260425T141705_5037b797,HI-05,NH-03,0.0,0.0,0.0,2904,False,0.7,2026-04-25 14:18:59.985433+00:00
p16_20260425T141705_5037b797,HI-05,NH-04,0.0,0.0,0.0,2904,False,0.7,2026-04-25 14:18:59.985433+00:00
p16_20260425T141705_5037b797,HI-05,NH-05,0.0,0.0,0.0,2904,False,0.7,2026-04-25 14:18:59.985434+00:00
p16_20260425T141705_5037b797,HI-05,NH-06,0.0,0.0,0.0,2904,False,0.7,2026-04-25 14:18:59.985434+00:00
p16_20260425T141705_5037b797,HI-05,NH-07,0.0,0.0,0.0,2904,False,0.7,2026-04-25 14:18:59.985434+00:00
p16_20260425T141705_5037b797,HI-05,NH-08,0.0,0.0,0.0,2904,False,0.7,2026-04-25 14:18:59.985423+00:00
p16_20260425T141705_5037b797,HI-05,NH-09,0.0,0.0,0.0,2904,False,0.7,2026-04-25 14:18:59.985417+00:00
p16_20260425T141705_5037b797,HI-05,NH-10,0.0,0.0,0.0,2904,False,0.7,2026-04-25 14:18:59.985417+00:00
p16_20260425T141705_5037b797,HI-05,NH-11,0.0,0.0,0.0,2904,False,0.7,2026-04-25 14:18:59.985417+00:00
p16_20260425T141705_5037b797,HI-05,NH-12,0.0,0.0,0.0,2904,False,0.7,2026-04-25 14:18:59.985400+00:00
p16_20260425T141705_5037b797,HI-05,NH-13,0.0,0.0,0.0,2904,False,0.7,2026-04-25 14:18:59.985400+00:00
p16_20260425T141705_5037b797,HI-05,NH-14,0.0,0.0,0.0,2904,False,0.7,2026-04-25 14:18:59.985400+00:00
p16_20260425T141705_5037b797,HI-05,NS-01,0.0,0.0,0.0,2904,False,0.7,2026-04-25 14:18:59.985401+00:00
p16_20260425T141705_5037b797,HI-05,NS-02,0.0,0.0,0.0,2904,False,0.7,2026-04-25 14:18:59.985401+00:00
p16_20260425T141705_5037b797,HI-05,NS-03,0.0,0.0,0.0,2904,False,0.7,2026-04-25 14:18:59.985401+00:00
p16_20260425T141705_5037b797,HI-05,NS-04,0.0,0.0,0.0,2904,False,0.7,2026-04-25 14:18:59.985401+00:00
p16_20260425T141705_5037b797,HI-05,NS-05,0.0,0.0,0.0,2904,False,0.7,2026-04-25 14:18:59.985402+00:00
p16_20260425T141705_5037b797,HI-05,NS-06,0.0,0.0,0.0,2904,False,0.7,2026-04-25 14:18:59.985402+00:00
p16_20260425T141705_5037b797,HI-05,NS-07,0.0,0.0,0.0,2904,False,0.7,2026-04-25 14:18:59.985402+00:00
p16_20260425T141705_5037b797,HI-05,NS-08,0.0,0.0,0.0,2904,False,0.7,2026-04-25 14:18:59.985400+00:00
p16_20260425T141705_5037b797,HI-05,NS-09,0.0,0.0,0.0,2904,False,0.7,2026-04-25 14:18:59.985402+00:00
p16_20260425T141705_5037b797,HI-05,NS-10,0.0,0.0,0.0,2904,False,0.7,2026-04-25 14:18:59.985403+00:00
p16_20260425T141705_5037b797,HI-05,NS-11,0.0,0.0,0.0,2904,False,0.7,2026-04-25 14:18:59.985403+00:00
p16_20260425T141705_5037b797,HI-05,NS-12,0.0,0.0,0.0,2904,False,0.7,2026-04-25 14:18:59.985403+00:00
p16_20260425T141705_5037b797,HI-05,NS-13,0.0,0.0,0.0,2904,False,0.7,2026-04-25 14:18:59.985403+00:00
p16_20260425T141705_5037b797,HI-05,RI-01,0.0,0.0,0.0,2904,False,0.7,2026-04-25 14:18:59.985404+00:00
p16_20260425T141705_5037b797,HI-05,RI-02,0.0,0.0,0.0,2904,False,0.7,2026-04-25 14:18:59.985404+00:00
p16_20260425T141705_5037b797,HI-05,RI-03,0.0,0.0,0.0,2904,False,0.7,2026-04-25 14:18:59.985404+00:00
p16_20260425T141705_5037b797,HI-05,RI-04,0.0,0.0,0.0,2904,False,0.7,2026-04-25 14:18:59.985404+00:00
p16_20260425T141705_5037b797,HI-05,RI-05,0.0,0.0,0.0,2904,False,0.7,2026-04-25 14:18:59.985404+00:00
p16_20260425T141705_5037b797,HI-05,RI-06,0.0,0.0,0.0,2904,False,0.7,2026-04-25 14:18:59.985405+00:00
p16_20260425T141705_5037b797,HI-06,HI-07,0.0,0.0,0.0,2904,False,0.7,2026-04-25 14:18:59.985402+00:00
p16_20260425T141705_5037b797,HI-06,HI-08,0.0,0.0,0.0,2904,False,0.7,2026-04-25 14:18:59.985399+00:00
p16_20260425T141705_5037b797,HI-06,NH-01,-0.3025,-0.3023,0.3025,2904,False,0.7,2026-04-25 14:18:59.985189+00:00
p16_20260425T141705_5037b797,HI-06,NH-02,-0.1216,-0.2124,0.2124,2904,False,0.7,2026-04-25 14:18:59.985197+00:00
p16_20260425T141705_5037b797,HI-06,NH-03,-0.0421,-0.0856,0.0856,2904,False,0.7,2026-04-25 14:18:59.985218+00:00
p16_20260425T141705_5037b797,HI-06,NH-04,-0.048,-0.0312,0.048,2904,False,0.7,2026-04-25 14:18:59.985233+00:00
p16_20260425T141705_5037b797,HI-06,NH-05,0.1933,0.1969,0.1969,2904,False,0.7,2026-04-25 14:18:59.985199+00:00
p16_20260425T141705_5037b797,HI-06,NH-06,0.1612,0.1729,0.1729,2904,False,0.7,2026-04-25 14:18:59.985202+00:00
p16_20260425T141705_5037b797,HI-06,NH-07,0.0,0.0,0.0,2904,False,0.7,2026-04-25 14:18:59.985397+00:00
p16_20260425T141705_5037b797,HI-06,NH-08,0.0,0.0,0.0,2904,False,0.7,2026-04-25 14:18:59.985399+00:00
p16_20260425T141705_5037b797,HI-06,NH-09,0.0,0.0,0.0,2904,False,0.7,2026-04-25 14:18:59.985394+00:00
p16_20260425T141705_5037b797,HI-06,NH-10,0.0,0.0,0.0,2904,False,0.7,2026-04-25 14:18:59.985394+00:00
p16_20260425T141705_5037b797,HI-06,NH-11,0.0,0.0,0.0,2904,False,0.7,2026-04-25 14:18:59.985395+00:00
p16_20260425T141705_5037b797,HI-06,NH-12,0.0661,0.0669,0.0669,2904,False,0.7,2026-04-25 14:18:59.985223+00:00
p16_20260425T141705_5037b797,HI-06,NH-13,0.0,0.0,0.0,2904,False,0.7,2026-04-25 14:18:59.985395+00:00
p16_20260425T141705_5037b797,HI-06,NH-14,0.0,0.0,0.0,2904,False,0.7,2026-04-25 14:18:59.985395+00:00
p16_20260425T141705_5037b797,HI-06,NS-01,-0.1423,-0.1363,0.1423,2904,False,0.7,2026-04-25 14:18:59.985205+00:00
p16_20260425T141705_5037b797,HI-06,NS-02,0.0186,0.011,0.0186,2904,False,0.7,2026-04-25 14:18:59.985248+00:00
p16_20260425T141705_5037b797,HI-06,NS-03,-0.2355,-0.2315,0.2355,2904,False,0.7,2026-04-25 14:18:59.985196+00:00
p16_20260425T141705_5037b797,HI-06,NS-04,-0.3134,-0.3223,0.3223,2904,False,0.7,2026-04-25 14:18:59.985188+00:00
p16_20260425T141705_5037b797,HI-06,NS-05,0.1914,0.1943,0.1943,2904,False,0.7,2026-04-25 14:18:59.985200+00:00
p16_20260425T141705_5037b797,HI-06,NS-06,0.0,0.0,0.0,2904,False,0.7,2026-04-25 14:18:59.985395+00:00
p16_20260425T141705_5037b797,HI-06,NS-07,0.0,0.0,0.0,2904,False,0.7,2026-04-25 14:18:59.985396+00:00
p16_20260425T141705_5037b797,HI-06,NS-08,-0.4097,-0.4307,0.4307,2904,False,0.7,2026-04-25 14:18:59.985184+00:00
p16_20260425T141705_5037b797,HI-06,NS-09,0.0,0.0,0.0,2904,False,0.7,2026-04-25 14:18:59.985396+00:00
p16_20260425T141705_5037b797,HI-06,NS-10,0.0,0.0,0.0,2904,False,0.7,2026-04-25 14:18:59.985396+00:00
p16_20260425T141705_5037b797,HI-06,NS-11,0.0,0.0,0.0,2904,False,0.7,2026-04-25 14:18:59.985396+00:00
p16_20260425T141705_5037b797,HI-06,NS-12,0.0,0.0,0.0,2904,False,0.7,2026-04-25 14:18:59.985394+00:00
p16_20260425T141705_5037b797,HI-06,NS-13,0.0,0.0,0.0,2904,False,0.7,2026-04-25 14:18:59.985396+00:00
p16_20260425T141705_5037b797,HI-06,RI-01,0.0,0.0,0.0,2904,False,0.7,2026-04-25 14:18:59.985397+00:00
p16_20260425T141705_5037b797,HI-06,RI-02,-0.1151,-0.124,0.124,2904,False,0.7,2026-04-25 14:18:59.985210+00:00
p16_20260425T141705_5037b797,HI-06,RI-03,0.0,0.0,0.0,2904,False,0.7,2026-04-25 14:18:59.985397+00:00
p16_20260425T141705_5037b797,HI-06,RI-04,0.4099,0.4099,0.4099,2904,False,0.7,2026-04-25 14:18:59.985185+00:00
p16_20260425T141705_5037b797,HI-06,RI-05,0.0,0.0,0.0,2904,False,0.7,2026-04-25 14:18:59.985397+00:00
p16_20260425T141705_5037b797,HI-06,RI-06,0.0724,0.1116,0.1116,2904,False,0.7,2026-04-25 14:18:59.985211+00:00
p16_20260425T141705_5037b797,HI-07,HI-08,0.0,0.0,0.0,2904,False,0.7,2026-04-25 14:18:59.985398+00:00
p16_20260425T141705_5037b797,HI-07,NH-01,0.0,0.0,0.0,2904,False,0.7,2026-04-25 14:18:59.985398+00:00
p16_20260425T141705_5037b797,HI-07,NH-02,0.0,0.0,0.0,2904,False,0.7,2026-04-25 14:18:59.985398+00:00
p16_20260425T141705_5037b797,HI-07,NH-03,0.0,0.0,0.0,2904,False,0.7,2026-04-25 14:18:59.985398+00:00
p16_20260425T141705_5037b797,HI-07,NH-04,0.0,0.0,0.0,2904,False,0.7,2026-04-25 14:18:59.985398+00:00
p16_20260425T141705_5037b797,HI-07,NH-05,0.0,0.0,0.0,2904,False,0.7,2026-04-25 14:18:59.985399+00:00
p16_20260425T141705_5037b797,HI-07,NH-06,0.0,0.0,0.0,2904,False,0.7,2026-04-25 14:18:59.985399+00:00
p16_20260425T141705_5037b797,HI-07,NH-07,0.0,0.0,0.0,2904,False,0.7,2026-04-25 14:18:59.985405+00:00
p16_20260425T141705_5037b797,HI-07,NH-08,0.0,0.0,0.0,2904,False,0.7,2026-04-25 14:18:59.985400+00:00
p16_20260425T141705_5037b797,HI-07,NH-09,0.0,0.0,0.0,2904,False,0.7,2026-04-25 14:18:59.985405+00:00
p16_20260425T141705_5037b797,HI-07,NH-10,0.0,0.0,0.0,2904,False,0.7,2026-04-25 14:18:59.985411+00:00
p16_20260425T141705_5037b797,HI-07,NH-11,0.0,0.0,0.0,2904,False,0.7,2026-04-25 14:18:59.985412+00:00
p16_20260425T141705_5037b797,HI-07,NH-12,0.0,0.0,0.0,2904,False,0.7,2026-04-25 14:18:59.985412+00:00
p16_20260425T141705_5037b797,HI-07,NH-13,0.0,0.0,0.0,2904,False,0.7,2026-04-25 14:18:59.985412+00:00
p16_20260425T141705_5037b797,HI-07,NH-14,0.0,0.0,0.0,2904,False,0.7,2026-04-25 14:18:59.985412+00:00
p16_20260425T141705_5037b797,HI-07,NS-01,0.0,0.0,0.0,2904,False,0.7,2026-04-25 14:18:59.985412+00:00
p16_20260425T141705_5037b797,HI-07,NS-02,0.0,0.0,0.0,2904,False,0.7,2026-04-25 14:18:59.985413+00:00
p16_20260425T141705_5037b797,HI-07,NS-03,0.0,0.0,0.0,2904,False,0.7,2026-04-25 14:18:59.985413+00:00
p16_20260425T141705_5037b797,HI-07,NS-04,0.0,0.0,0.0,2904,False,0.7,2026-04-25 14:18:59.985413+00:00
p16_20260425T141705_5037b797,HI-07,NS-05,0.0,0.0,0.0,2904,False,0.7,2026-04-25 14:18:59.985413+00:00
p16_20260425T141705_5037b797,HI-07,NS-06,0.0,0.0,0.0,2904,False,0.7,2026-04-25 14:18:59.985414+00:00
p16_20260425T141705_5037b797,HI-07,NS-07,0.0,0.0,0.0,2904,False,0.7,2026-04-25 14:18:59.985411+00:00
p16_20260425T141705_5037b797,HI-07,NS-08,0.0,0.0,0.0,2904,False,0.7,2026-04-25 14:18:59.985414+00:00
p16_20260425T141705_5037b797,HI-07,NS-09,0.0,0.0,0.0,2904,False,0.7,2026-04-25 14:18:59.985414+00:00
p16_20260425T141705_5037b797,HI-07,NS-10,0.0,0.0,0.0,2904,False,0.7,2026-04-25 14:18:59.985414+00:00
p16_20260425T141705_5037b797,HI-07,NS-11,0.0,0.0,0.0,2904,False,0.7,2026-04-25 14:18:59.985415+00:00
p16_20260425T141705_5037b797,HI-07,NS-12,0.0,0.0,0.0,2904,False,0.7,2026-04-25 14:18:59.985415+00:00
p16_20260425T141705_5037b797,HI-07,NS-13,0.0,0.0,0.0,2904,False,0.7,2026-04-25 14:18:59.985415+00:00
p16_20260425T141705_5037b797,HI-07,RI-01,0.0,0.0,0.0,2904,False,0.7,2026-04-25 14:18:59.985415+00:00
p16_20260425T141705_5037b797,HI-07,RI-02,0.0,0.0,0.0,2904,False,0.7,2026-04-25 14:18:59.985416+00:00
p16_20260425T141705_5037b797,HI-07,RI-03,0.0,0.0,0.0,2904,False,0.7,2026-04-25 14:18:59.985416+00:00
p16_20260425T141705_5037b797,HI-07,RI-04,0.0,0.0,0.0,2904,False,0.7,2026-04-25 14:18:59.985416+00:00
p16_20260425T141705_5037b797,HI-07,RI-05,0.0,0.0,0.0,2904,False,0.7,2026-04-25 14:18:59.985416+00:00
p16_20260425T141705_5037b797,HI-07,RI-06,0.0,0.0,0.0,2904,False,0.7,2026-04-25 14:18:59.985414+00:00
p16_20260425T141705_5037b797,HI-08,NH-01,0.0,0.0,0.0,2904,False,0.7,2026-04-25 14:18:59.985411+00:00
p16_20260425T141705_5037b797,HI-08,NH-02,0.0,0.0,0.0,2904,False,0.7,2026-04-25 14:18:59.985408+00:00
p16_20260425T141705_5037b797,HI-08,NH-03,0.0,0.0,0.0,2904,False,0.7,2026-04-25 14:18:59.985411+00:00
p16_20260425T141705_5037b797,HI-08,NH-04,0.0,0.0,0.0,2904,False,0.7,2026-04-25 14:18:59.985406+00:00
p16_20260425T141705_5037b797,HI-08,NH-05,0.0,0.0,0.0,2904,False,0.7,2026-04-25 14:18:59.985406+00:00
p16_20260425T141705_5037b797,HI-08,NH-06,0.0,0.0,0.0,2904,False,0.7,2026-04-25 14:18:59.985406+00:00
p16_20260425T141705_5037b797,HI-08,NH-07,0.0,0.0,0.0,2904,False,0.7,2026-04-25 14:18:59.985406+00:00
p16_20260425T141705_5037b797,HI-08,NH-08,0.0,0.0,0.0,2904,False,0.7,2026-04-25 14:18:59.985407+00:00
p16_20260425T141705_5037b797,HI-08,NH-09,0.0,0.0,0.0,2904,False,0.7,2026-04-25 14:18:59.985407+00:00
p16_20260425T141705_5037b797,HI-08,NH-10,0.0,0.0,0.0,2904,False,0.7,2026-04-25 14:18:59.985407+00:00
p16_20260425T141705_5037b797,HI-08,NH-11,0.0,0.0,0.0,2904,False,0.7,2026-04-25 14:18:59.985407+00:00
p16_20260425T141705_5037b797,HI-08,NH-12,0.0,0.0,0.0,2904,False,0.7,2026-04-25 14:18:59.985408+00:00
p16_20260425T141705_5037b797,HI-08,NH-13,0.0,0.0,0.0,2904,False,0.7,2026-04-25 14:18:59.985408+00:00
p16_20260425T141705_5037b797,HI-08,NH-14,0.0,0.0,0.0,2904,False,0.7,2026-04-25 14:18:59.985406+00:00
p16_20260425T141705_5037b797,HI-08,NS-01,0.0,0.0,0.0,2904,False,0.7,2026-04-25 14:18:59.985408+00:00
p16_20260425T141705_5037b797,HI-08,NS-02,0.0,0.0,0.0,2904,False,0.7,2026-04-25 14:18:59.985408+00:00
p16_20260425T141705_5037b797,HI-08,NS-03,0.0,0.0,0.0,2904,False,0.7,2026-04-25 14:18:59.985409+00:00
p16_20260425T141705_5037b797,HI-08,NS-04,0.0,0.0,0.0,2904,False,0.7,2026-04-25 14:18:59.985409+00:00
p16_20260425T141705_5037b797,HI-08,NS-05,0.0,0.0,0.0,2904,False,0.7,2026-04-25 14:18:59.985409+00:00
p16_20260425T141705_5037b797,HI-08,NS-06,0.0,0.0,0.0,2904,False,0.7,2026-04-25 14:18:59.985409+00:00
p16_20260425T141705_5037b797,HI-08,NS-07,0.0,0.0,0.0,2904,False,0.7,2026-04-25 14:18:59.985410+00:00
p16_20260425T141705_5037b797,HI-08,NS-08,0.0,0.0,0.0,2904,False,0.7,2026-04-25 14:18:59.985410+00:00
p16_20260425T141705_5037b797,HI-08,NS-09,0.0,0.0,0.0,2904,False,0.7,2026-04-25 14:18:59.985410+00:00
p16_20260425T141705_5037b797,HI-08,NS-10,0.0,0.0,0.0,2904,False,0.7,2026-04-25 14:18:59.985410+00:00
p16_20260425T141705_5037b797,HI-08,NS-11,0.0,0.0,0.0,2904,False,0.7,2026-04-25 14:18:59.985410+00:00
p16_20260425T141705_5037b797,HI-08,NS-12,0.0,0.0,0.0,2904,False,0.7,2026-04-25 14:18:59.985370+00:00
p16_20260425T141705_5037b797,HI-08,NS-13,0.0,0.0,0.0,2904,False,0.7,2026-04-25 14:18:59.985347+00:00
p16_20260425T141705_5037b797,HI-08,RI-01,0.0,0.0,0.0,2904,False,0.7,2026-04-25 14:18:59.985304+00:00
p16_20260425T141705_5037b797,HI-08,RI-02,0.0,0.0,0.0,2904,False,0.7,2026-04-25 14:18:59.985346+00:00
p16_20260425T141705_5037b797,HI-08,RI-03,0.0,0.0,0.0,2904,False,0.7,2026-04-25 14:18:59.985283+00:00
p16_20260425T141705_5037b797,HI-08,RI-04,0.0,0.0,0.0,2904,False,0.7,2026-04-25 14:18:59.985283+00:00
p16_20260425T141705_5037b797,HI-08,RI-05,0.0,0.0,0.0,2904,False,0.7,2026-04-25 14:18:59.985284+00:00
p16_20260425T141705_5037b797,HI-08,RI-06,0.0,0.0,0.0,2904,False,0.7,2026-04-25 14:18:59.985284+00:00
p16_20260425T141705_5037b797,NH-01,NH-02,0.6185,0.7221,0.7221,2904,True,0.7,2026-04-25 14:18:59.985182+00:00
p16_20260425T141705_5037b797,NH-01,NH-03,0.0657,0.0306,0.0657,2904,False,0.7,2026-04-25 14:18:59.985224+00:00
p16_20260425T141705_5037b797,NH-01,NH-04,-0.0058,-0.0278,0.0278,2904,False,0.7,2026-04-25 14:18:59.985244+00:00
p16_20260425T141705_5037b797,NH-01,NH-05,-0.4398,-0.413,0.4398,2904,False,0.7,2026-04-25 14:18:59.985184+00:00
p16_20260425T141705_5037b797,NH-01,NH-06,-0.1714,-0.209,0.209,2904,False,0.7,2026-04-25 14:18:59.985198+00:00
p16_20260425T141705_5037b797,NH-01,NH-07,0.0,0.0,0.0,2904,False,0.7,2026-04-25 14:18:59.985284+00:00
p16_20260425T141705_5037b797,NH-01,NH-08,0.0,0.0,0.0,2904,False,0.7,2026-04-25 14:18:59.985284+00:00
p16_20260425T141705_5037b797,NH-01,NH-09,0.0,0.0,0.0,2904,False,0.7,2026-04-25 14:18:59.985285+00:00
p16_20260425T141705_5037b797,NH-01,NH-10,0.0,0.0,0.0,2904,False,0.7,2026-04-25 14:18:59.985285+00:00
p16_20260425T141705_5037b797,NH-01,NH-11,0.0,0.0,0.0,2904,False,0.7,2026-04-25 14:18:59.985285+00:00
p16_20260425T141705_5037b797,NH-01,NH-12,0.0087,0.0044,0.0087,2904,False,0.7,2026-04-25 14:18:59.985252+00:00
p16_20260425T141705_5037b797,NH-01,NH-13,0.0,0.0,0.0,2904,False,0.7,2026-04-25 14:18:59.985285+00:00
p16_20260425T141705_5037b797,NH-01,NH-14,0.0,0.0,0.0,2904,False,0.7,2026-04-25 14:18:59.985283+00:00
p16_20260425T141705_5037b797,NH-01,NS-01,0.365,0.3672,0.3672,2904,False,0.7,2026-04-25 14:18:59.985185+00:00
p16_20260425T141705_5037b797,NH-01,NS-02,0.0967,0.0427,0.0967,2904,False,0.7,2026-04-25 14:18:59.985215+00:00
p16_20260425T141705_5037b797,NH-01,NS-03,0.2415,0.2417,0.2417,2904,False,0.7,2026-04-25 14:18:59.985195+00:00
p16_20260425T141705_5037b797,NH-01,NS-04,0.3508,0.3397,0.3508,2904,False,0.7,2026-04-25 14:18:59.985187+00:00
p16_20260425T141705_5037b797,NH-01,NS-05,-0.0558,-0.0619,0.0619,2904,False,0.7,2026-04-25 14:18:59.985226+00:00
p16_20260425T141705_5037b797,NH-01,NS-06,0.0,0.0,0.0,2904,False,0.7,2026-04-25 14:18:59.985285+00:00
p16_20260425T141705_5037b797,NH-01,NS-07,0.0,0.0,0.0,2904,False,0.7,2026-04-25 14:18:59.985286+00:00
p16_20260425T141705_5037b797,NH-01,NS-08,0.5389,0.5884,0.5884,2904,False,0.7,2026-04-25 14:18:59.985183+00:00
p16_20260425T141705_5037b797,NH-01,NS-09,0.0,0.0,0.0,2904,False,0.7,2026-04-25 14:18:59.985286+00:00
p16_20260425T141705_5037b797,NH-01,NS-10,0.0,0.0,0.0,2904,False,0.7,2026-04-25 14:18:59.985286+00:00
p16_20260425T141705_5037b797,NH-01,NS-11,0.0,0.0,0.0,2904,False,0.7,2026-04-25 14:18:59.985287+00:00
p16_20260425T141705_5037b797,NH-01,NS-12,0.0,0.0,0.0,2904,False,0.7,2026-04-25 14:18:59.985287+00:00
p16_20260425T141705_5037b797,NH-01,NS-13,0.0,0.0,0.0,2904,False,0.7,2026-04-25 14:18:59.985287+00:00
p16_20260425T141705_5037b797,NH-01,RI-01,0.0,0.0,0.0,2904,False,0.7,2026-04-25 14:18:59.985287+00:00
p16_20260425T141705_5037b797,NH-01,RI-02,0.208,0.1977,0.208,2904,False,0.7,2026-04-25 14:18:59.985198+00:00
p16_20260425T141705_5037b797,NH-01,RI-03,0.0,0.0,0.0,2904,False,0.7,2026-04-25 14:18:59.985287+00:00
p16_20260425T141705_5037b797,NH-01,RI-04,-0.2391,-0.2204,0.2391,2904,False,0.7,2026-04-25 14:18:59.985196+00:00
p16_20260425T141705_5037b797,NH-01,RI-05,0.0,0.0,0.0,2904,False,0.7,2026-04-25 14:18:59.985288+00:00
p16_20260425T141705_5037b797,NH-01,RI-06,0.3812,0.335,0.3812,2904,False,0.7,2026-04-25 14:18:59.985185+00:00
p16_20260425T141705_5037b797,NH-02,NH-03,0.089,0.019,0.089,2904,False,0.7,2026-04-25 14:18:59.985217+00:00
p16_20260425T141705_5037b797,NH-02,NH-04,0.0544,0.0317,0.0544,2904,False,0.7,2026-04-25 14:18:59.985230+00:00
p16_20260425T141705_5037b797,NH-02,NH-05,-0.1621,-0.2558,0.2558,2904,False,0.7,2026-04-25 14:18:59.985193+00:00
p16_20260425T141705_5037b797,NH-02,NH-06,-0.1264,-0.1853,0.1853,2904,False,0.7,2026-04-25 14:18:59.985201+00:00
p16_20260425T141705_5037b797,NH-02,NH-07,0.0,0.0,0.0,2904,False,0.7,2026-04-25 14:18:59.985288+00:00
p16_20260425T141705_5037b797,NH-02,NH-08,0.0,0.0,0.0,2904,False,0.7,2026-04-25 14:18:59.985286+00:00
p16_20260425T141705_5037b797,NH-02,NH-09,0.0,0.0,0.0,2904,False,0.7,2026-04-25 14:18:59.985282+00:00
p16_20260425T141705_5037b797,NH-02,NH-10,0.0,0.0,0.0,2904,False,0.7,2026-04-25 14:18:59.985280+00:00
p16_20260425T141705_5037b797,NH-02,NH-11,0.0,0.0,0.0,2904,False,0.7,2026-04-25 14:18:59.985282+00:00
p16_20260425T141705_5037b797,NH-02,NH-12,-0.0533,-0.0639,0.0639,2904,False,0.7,2026-04-25 14:18:59.985225+00:00
p16_20260425T141705_5037b797,NH-02,NH-13,0.0,0.0,0.0,2904,False,0.7,2026-04-25 14:18:59.985277+00:00
p16_20260425T141705_5037b797,NH-02,NH-14,0.0,0.0,0.0,2904,False,0.7,2026-04-25 14:18:59.985278+00:00
p16_20260425T141705_5037b797,NH-02,NS-01,0.0157,0.1215,0.1215,2904,False,0.7,2026-04-25 14:18:59.985210+00:00
p16_20260425T141705_5037b797,NH-02,NS-02,-0.0393,-0.0383,0.0393,2904,False,0.7,2026-04-25 14:18:59.985237+00:00
p16_20260425T141705_5037b797,NH-02,NS-03,0.0568,0.1106,0.1106,2904,False,0.7,2026-04-25 14:18:59.985211+00:00
p16_20260425T141705_5037b797,NH-02,NS-04,0.2303,0.2809,0.2809,2904,False,0.7,2026-04-25 14:18:59.985191+00:00
p16_20260425T141705_5037b797,NH-02,NS-05,-0.0699,-0.0606,0.0699,2904,False,0.7,2026-04-25 14:18:59.985223+00:00
p16_20260425T141705_5037b797,NH-02,NS-06,0.0,0.0,0.0,2904,False,0.7,2026-04-25 14:18:59.985278+00:00
p16_20260425T141705_5037b797,NH-02,NS-07,0.0,0.0,0.0,2904,False,0.7,2026-04-25 14:18:59.985278+00:00
p16_20260425T141705_5037b797,NH-02,NS-08,0.3297,0.4499,0.4499,2904,False,0.7,2026-04-25 14:18:59.985184+00:00
p16_20260425T141705_5037b797,NH-02,NS-09,0.0,0.0,0.0,2904,False,0.7,2026-04-25 14:18:59.985278+00:00
p16_20260425T141705_5037b797,NH-02,NS-10,0.0,0.0,0.0,2904,False,0.7,2026-04-25 14:18:59.985278+00:00
p16_20260425T141705_5037b797,NH-02,NS-11,0.0,0.0,0.0,2904,False,0.7,2026-04-25 14:18:59.985279+00:00
p16_20260425T141705_5037b797,NH-02,NS-12,0.0,0.0,0.0,2904,False,0.7,2026-04-25 14:18:59.985279+00:00
p16_20260425T141705_5037b797,NH-02,NS-13,0.0,0.0,0.0,2904,False,0.7,2026-04-25 14:18:59.985279+00:00
p16_20260425T141705_5037b797,NH-02,RI-01,0.0,0.0,0.0,2904,False,0.7,2026-04-25 14:18:59.985279+00:00
p16_20260425T141705_5037b797,NH-02,RI-02,0.1697,0.1812,0.1812,2904,False,0.7,2026-04-25 14:18:59.985201+00:00
p16_20260425T141705_5037b797,NH-02,RI-03,0.0,0.0,0.0,2904,False,0.7,2026-04-25 14:18:59.985277+00:00
p16_20260425T141705_5037b797,NH-02,RI-04,-0.1222,-0.1723,0.1723,2904,False,0.7,2026-04-25 14:18:59.985202+00:00
p16_20260425T141705_5037b797,NH-02,RI-05,0.0,0.0,0.0,2904,False,0.7,2026-04-25 14:18:59.985280+00:00
p16_20260425T141705_5037b797,NH-02,RI-06,0.167,0.1629,0.167,2904,False,0.7,2026-04-25 14:18:59.985202+00:00
p16_20260425T141705_5037b797,NH-03,NH-04,0.0857,0.1353,0.1353,2904,False,0.7,2026-04-25 14:18:59.985206+00:00
p16_20260425T141705_5037b797,NH-03,NH-05,0.0798,0.0469,0.0798,2904,False,0.7,2026-04-25 14:18:59.985219+00:00
p16_20260425T141705_5037b797,NH-03,NH-06,0.0075,0.0192,0.0192,2904,False,0.7,2026-04-25 14:18:59.985248+00:00
p16_20260425T141705_5037b797,NH-03,NH-07,0.0,0.0,0.0,2904,False,0.7,2026-04-25 14:18:59.985280+00:00
p16_20260425T141705_5037b797,NH-03,NH-08,0.0,0.0,0.0,2904,False,0.7,2026-04-25 14:18:59.985280+00:00
p16_20260425T141705_5037b797,NH-03,NH-09,0.0,0.0,0.0,2904,False,0.7,2026-04-25 14:18:59.985280+00:00
p16_20260425T141705_5037b797,NH-03,NH-10,0.0,0.0,0.0,2904,False,0.7,2026-04-25 14:18:59.985281+00:00
p16_20260425T141705_5037b797,NH-03,NH-11,0.0,0.0,0.0,2904,False,0.7,2026-04-25 14:18:59.985281+00:00
p16_20260425T141705_5037b797,NH-03,NH-12,0.0468,0.0619,0.0619,2904,False,0.7,2026-04-25 14:18:59.985227+00:00
p16_20260425T141705_5037b797,NH-03,NH-13,0.0,0.0,0.0,2904,False,0.7,2026-04-25 14:18:59.985281+00:00
p16_20260425T141705_5037b797,NH-03,NH-14,0.0,0.0,0.0,2904,False,0.7,2026-04-25 14:18:59.985281+00:00
p16_20260425T141705_5037b797,NH-03,NS-01,-0.0799,-0.1521,0.1521,2904,False,0.7,2026-04-25 14:18:59.985203+00:00
p16_20260425T141705_5037b797,NH-03,NS-02,0.0351,0.0517,0.0517,2904,False,0.7,2026-04-25 14:18:59.985231+00:00
p16_20260425T141705_5037b797,NH-03,NS-03,0.0133,0.013,0.0133,2904,False,0.7,2026-04-25 14:18:59.985250+00:00
p16_20260425T141705_5037b797,NH-03,NS-04,0.1033,0.0982,0.1033,2904,False,0.7,2026-04-25 14:18:59.985214+00:00
p16_20260425T141705_5037b797,NH-03,NS-05,0.0476,0.0298,0.0476,2904,False,0.7,2026-04-25 14:18:59.985234+00:00
p16_20260425T141705_5037b797,NH-03,NS-06,0.0,0.0,0.0,2904,False,0.7,2026-04-25 14:18:59.985282+00:00
p16_20260425T141705_5037b797,NH-03,NS-07,0.0,0.0,0.0,2904,False,0.7,2026-04-25 14:18:59.985282+00:00
p16_20260425T141705_5037b797,NH-03,NS-08,-0.0064,-0.0168,0.0168,2904,False,0.7,2026-04-25 14:18:59.985248+00:00
p16_20260425T141705_5037b797,NH-03,NS-09,0.0,0.0,0.0,2904,False,0.7,2026-04-25 14:18:59.985282+00:00
p16_20260425T141705_5037b797,NH-03,NS-10,0.0,0.0,0.0,2904,False,0.7,2026-04-25 14:18:59.985288+00:00
p16_20260425T141705_5037b797,NH-03,NS-11,0.0,0.0,0.0,2904,False,0.7,2026-04-25 14:18:59.985288+00:00
p16_20260425T141705_5037b797,NH-03,NS-12,0.0,0.0,0.0,2904,False,0.7,2026-04-25 14:18:59.985289+00:00
p16_20260425T141705_5037b797,NH-03,NS-13,0.0,0.0,0.0,2904,False,0.7,2026-04-25 14:18:59.985291+00:00
p16_20260425T141705_5037b797,NH-03,RI-01,0.0,0.0,0.0,2904,False,0.7,2026-04-25 14:18:59.985295+00:00
p16_20260425T141705_5037b797,NH-03,RI-02,-0.0467,-0.0759,0.0759,2904,False,0.7,2026-04-25 14:18:59.985221+00:00
p16_20260425T141705_5037b797,NH-03,RI-03,0.0,0.0,0.0,2904,False,0.7,2026-04-25 14:18:59.985295+00:00
p16_20260425T141705_5037b797,NH-03,RI-04,-0.1122,-0.1482,0.1482,2904,False,0.7,2026-04-25 14:18:59.985204+00:00
p16_20260425T141705_5037b797,NH-03,RI-05,0.0,0.0,0.0,2904,False,0.7,2026-04-25 14:18:59.985295+00:00
p16_20260425T141705_5037b797,NH-03,RI-06,0.0262,0.0493,0.0493,2904,False,0.7,2026-04-25 14:18:59.985232+00:00
p16_20260425T141705_5037b797,NH-04,NH-05,0.2223,0.2429,0.2429,2904,False,0.7,2026-04-25 14:18:59.985195+00:00
p16_20260425T141705_5037b797,NH-04,NH-06,-0.0241,0.055,0.055,2904,False,0.7,2026-04-25 14:18:59.985229+00:00
p16_20260425T141705_5037b797,NH-04,NH-07,0.0,0.0,0.0,2904,False,0.7,2026-04-25 14:18:59.985296+00:00
p16_20260425T141705_5037b797,NH-04,NH-08,0.0,0.0,0.0,2904,False,0.7,2026-04-25 14:18:59.985296+00:00
p16_20260425T141705_5037b797,NH-04,NH-09,0.0,0.0,0.0,2904,False,0.7,2026-04-25 14:18:59.985296+00:00
p16_20260425T141705_5037b797,NH-04,NH-10,0.0,0.0,0.0,2904,False,0.7,2026-04-25 14:18:59.985296+00:00
p16_20260425T141705_5037b797,NH-04,NH-11,0.0,0.0,0.0,2904,False,0.7,2026-04-25 14:18:59.985296+00:00
p16_20260425T141705_5037b797,NH-04,NH-12,0.1749,0.1316,0.1749,2904,False,0.7,2026-04-25 14:18:59.985202+00:00
p16_20260425T141705_5037b797,NH-04,NH-13,0.0,0.0,0.0,2904,False,0.7,2026-04-25 14:18:59.985297+00:00
p16_20260425T141705_5037b797,NH-04,NH-14,0.0,0.0,0.0,2904,False,0.7,2026-04-25 14:18:59.985297+00:00
p16_20260425T141705_5037b797,NH-04,NS-01,0.0367,0.0339,0.0367,2904,False,0.7,2026-04-25 14:18:59.985238+00:00
p16_20260425T141705_5037b797,NH-04,NS-02,0.0214,0.0383,0.0383,2904,False,0.7,2026-04-25 14:18:59.985238+00:00
p16_20260425T141705_5037b797,NH-04,NS-03,0.1922,0.2079,0.2079,2904,False,0.7,2026-04-25 14:18:59.985198+00:00
p16_20260425T141705_5037b797,NH-04,NS-04,0.2601,0.2252,0.2601,2904,False,0.7,2026-04-25 14:18:59.985193+00:00
p16_20260425T141705_5037b797,NH-04,NS-05,0.1188,0.1259,0.1259,2904,False,0.7,2026-04-25 14:18:59.985210+00:00
p16_20260425T141705_5037b797,NH-04,NS-06,0.0,0.0,0.0,2904,False,0.7,2026-04-25 14:18:59.985297+00:00
p16_20260425T141705_5037b797,NH-04,NS-07,0.0,0.0,0.0,2904,False,0.7,2026-04-25 14:18:59.985297+00:00
p16_20260425T141705_5037b797,NH-04,NS-08,0.07,0.0477,0.07,2904,False,0.7,2026-04-25 14:18:59.985222+00:00
p16_20260425T141705_5037b797,NH-04,NS-09,0.0,0.0,0.0,2904,False,0.7,2026-04-25 14:18:59.985298+00:00
p16_20260425T141705_5037b797,NH-04,NS-10,0.0,0.0,0.0,2904,False,0.7,2026-04-25 14:18:59.985298+00:00
p16_20260425T141705_5037b797,NH-04,NS-11,0.0,0.0,0.0,2904,False,0.7,2026-04-25 14:18:59.985298+00:00
p16_20260425T141705_5037b797,NH-04,NS-12,0.0,0.0,0.0,2904,False,0.7,2026-04-25 14:18:59.985298+00:00
p16_20260425T141705_5037b797,NH-04,NS-13,0.0,0.0,0.0,2904,False,0.7,2026-04-25 14:18:59.985299+00:00
p16_20260425T141705_5037b797,NH-04,RI-01,0.0,0.0,0.0,2904,False,0.7,2026-04-25 14:18:59.985299+00:00
p16_20260425T141705_5037b797,NH-04,RI-02,0.2981,0.3091,0.3091,2904,False,0.7,2026-04-25 14:18:59.985189+00:00
p16_20260425T141705_5037b797,NH-04,RI-03,0.0,0.0,0.0,2904,False,0.7,2026-04-25 14:18:59.985299+00:00
p16_20260425T141705_5037b797,NH-04,RI-04,-0.0776,-0.069,0.0776,2904,False,0.7,2026-04-25 14:18:59.985220+00:00
p16_20260425T141705_5037b797,NH-04,RI-05,0.0,0.0,0.0,2904,False,0.7,2026-04-25 14:18:59.985299+00:00
p16_20260425T141705_5037b797,NH-04,RI-06,0.0083,0.0147,0.0147,2904,False,0.7,2026-04-25 14:18:59.985250+00:00
p16_20260425T141705_5037b797,NH-05,NH-06,0.133,0.2066,0.2066,2904,False,0.7,2026-04-25 14:18:59.985198+00:00
p16_20260425T141705_5037b797,NH-05,NH-07,0.0,0.0,0.0,2904,False,0.7,2026-04-25 14:18:59.985299+00:00
p16_20260425T141705_5037b797,NH-05,NH-08,0.0,0.0,0.0,2904,False,0.7,2026-04-25 14:18:59.985295+00:00
p16_20260425T141705_5037b797,NH-05,NH-09,0.0,0.0,0.0,2904,False,0.7,2026-04-25 14:18:59.985294+00:00
p16_20260425T141705_5037b797,NH-05,NH-10,0.0,0.0,0.0,2904,False,0.7,2026-04-25 14:18:59.985294+00:00
p16_20260425T141705_5037b797,NH-05,NH-11,0.0,0.0,0.0,2904,False,0.7,2026-04-25 14:18:59.985294+00:00
p16_20260425T141705_5037b797,NH-05,NH-12,-0.0092,0.0028,0.0092,2904,False,0.7,2026-04-25 14:18:59.985252+00:00
p16_20260425T141705_5037b797,NH-05,NH-13,0.0,0.0,0.0,2904,False,0.7,2026-04-25 14:18:59.985289+00:00
p16_20260425T141705_5037b797,NH-05,NH-14,0.0,0.0,0.0,2904,False,0.7,2026-04-25 14:18:59.985277+00:00
p16_20260425T141705_5037b797,NH-05,NS-01,-0.288,-0.2823,0.288,2904,False,0.7,2026-04-25 14:18:59.985190+00:00
p16_20260425T141705_5037b797,NH-05,NS-02,-0.0785,-0.028,0.0785,2904,False,0.7,2026-04-25 14:18:59.985220+00:00
p16_20260425T141705_5037b797,NH-05,NS-03,-0.0363,-0.04,0.04,2904,False,0.7,2026-04-25 14:18:59.985236+00:00
p16_20260425T141705_5037b797,NH-05,NS-04,-0.0386,-0.0372,0.0386,2904,False,0.7,2026-04-25 14:18:59.985237+00:00
p16_20260425T141705_5037b797,NH-05,NS-05,0.0453,0.0461,0.0461,2904,False,0.7,2026-04-25 14:18:59.985234+00:00
p16_20260425T141705_5037b797,NH-05,NS-06,0.0,0.0,0.0,2904,False,0.7,2026-04-25 14:18:59.985289+00:00
p16_20260425T141705_5037b797,NH-05,NS-07,0.0,0.0,0.0,2904,False,0.7,2026-04-25 14:18:59.985289+00:00
p16_20260425T141705_5037b797,NH-05,NS-08,-0.2355,-0.2459,0.2459,2904,False,0.7,2026-04-25 14:18:59.985194+00:00
p16_20260425T141705_5037b797,NH-05,NS-09,0.0,0.0,0.0,2904,False,0.7,2026-04-25 14:18:59.985290+00:00
p16_20260425T141705_5037b797,NH-05,NS-10,0.0,0.0,0.0,2904,False,0.7,2026-04-25 14:18:59.985290+00:00
p16_20260425T141705_5037b797,NH-05,NS-11,0.0,0.0,0.0,2904,False,0.7,2026-04-25 14:18:59.985290+00:00
p16_20260425T141705_5037b797,NH-05,NS-12,0.0,0.0,0.0,2904,False,0.7,2026-04-25 14:18:59.985290+00:00
p16_20260425T141705_5037b797,NH-05,NS-13,0.0,0.0,0.0,2904,False,0.7,2026-04-25 14:18:59.985291+00:00
p16_20260425T141705_5037b797,NH-05,RI-01,0.0,0.0,0.0,2904,False,0.7,2026-04-25 14:18:59.985291+00:00
p16_20260425T141705_5037b797,NH-05,RI-02,0.0631,0.0113,0.0631,2904,False,0.7,2026-04-25 14:18:59.985226+00:00
p16_20260425T141705_5037b797,NH-05,RI-03,0.0,0.0,0.0,2904,False,0.7,2026-04-25 14:18:59.985291+00:00
p16_20260425T141705_5037b797,NH-05,RI-04,0.0965,0.0628,0.0965,2904,False,0.7,2026-04-25 14:18:59.985215+00:00
p16_20260425T141705_5037b797,NH-05,RI-05,0.0,0.0,0.0,2904,False,0.7,2026-04-25 14:18:59.985289+00:00
p16_20260425T141705_5037b797,NH-05,RI-06,-0.2756,-0.2223,0.2756,2904,False,0.7,2026-04-25 14:18:59.985192+00:00
p16_20260425T141705_5037b797,NH-06,NH-07,0.0,0.0,0.0,2904,False,0.7,2026-04-25 14:18:59.985291+00:00
p16_20260425T141705_5037b797,NH-06,NH-08,0.0,0.0,0.0,2904,False,0.7,2026-04-25 14:18:59.985292+00:00
p16_20260425T141705_5037b797,NH-06,NH-09,0.0,0.0,0.0,2904,False,0.7,2026-04-25 14:18:59.985292+00:00
p16_20260425T141705_5037b797,NH-06,NH-10,0.0,0.0,0.0,2904,False,0.7,2026-04-25 14:18:59.985292+00:00
p16_20260425T141705_5037b797,NH-06,NH-11,0.0,0.0,0.0,2904,False,0.7,2026-04-25 14:18:59.985292+00:00
p16_20260425T141705_5037b797,NH-06,NH-12,-0.0049,0.0188,0.0188,2904,False,0.7,2026-04-25 14:18:59.985248+00:00
p16_20260425T141705_5037b797,NH-06,NH-13,0.0,0.0,0.0,2904,False,0.7,2026-04-25 14:18:59.985293+00:00
p16_20260425T141705_5037b797,NH-06,NH-14,0.0,0.0,0.0,2904,False,0.7,2026-04-25 14:18:59.985293+00:00
p16_20260425T141705_5037b797,NH-06,NS-01,0.0144,-0.0048,0.0144,2904,False,0.7,2026-04-25 14:18:59.985250+00:00
p16_20260425T141705_5037b797,NH-06,NS-02,-0.0173,-0.0481,0.0481,2904,False,0.7,2026-04-25 14:18:59.985233+00:00
p16_20260425T141705_5037b797,NH-06,NS-03,-0.1435,-0.1238,0.1435,2904,False,0.7,2026-04-25 14:18:59.985205+00:00
p16_20260425T141705_5037b797,NH-06,NS-04,-0.1936,-0.1479,0.1936,2904,False,0.7,2026-04-25 14:18:59.985200+00:00
p16_20260425T141705_5037b797,NH-06,NS-05,0.1141,0.1034,0.1141,2904,False,0.7,2026-04-25 14:18:59.985211+00:00
p16_20260425T141705_5037b797,NH-06,NS-06,0.0,0.0,0.0,2904,False,0.7,2026-04-25 14:18:59.985293+00:00
p16_20260425T141705_5037b797,NH-06,NS-07,0.0,0.0,0.0,2904,False,0.7,2026-04-25 14:18:59.985293+00:00
p16_20260425T141705_5037b797,NH-06,NS-08,-0.1444,-0.146,0.146,2904,False,0.7,2026-04-25 14:18:59.985205+00:00
p16_20260425T141705_5037b797,NH-06,NS-09,0.0,0.0,0.0,2904,False,0.7,2026-04-25 14:18:59.985294+00:00
p16_20260425T141705_5037b797,NH-06,NS-10,0.0,0.0,0.0,2904,False,0.7,2026-04-25 14:18:59.985294+00:00
p16_20260425T141705_5037b797,NH-06,NS-11,0.0,0.0,0.0,2904,False,0.7,2026-04-25 14:18:59.985283+00:00
p16_20260425T141705_5037b797,NH-06,NS-12,0.0,0.0,0.0,2904,False,0.7,2026-04-25 14:18:59.985277+00:00
p16_20260425T141705_5037b797,NH-06,NS-13,0.0,0.0,0.0,2904,False,0.7,2026-04-25 14:18:59.985276+00:00
p16_20260425T141705_5037b797,NH-06,RI-01,0.0,0.0,0.0,2904,False,0.7,2026-04-25 14:18:59.985276+00:00
p16_20260425T141705_5037b797,NH-06,RI-02,0.0669,0.0172,0.0669,2904,False,0.7,2026-04-25 14:18:59.985223+00:00
p16_20260425T141705_5037b797,NH-06,RI-03,0.0,0.0,0.0,2904,False,0.7,2026-04-25 14:18:59.985259+00:00
p16_20260425T141705_5037b797,NH-06,RI-04,0.2844,0.2812,0.2844,2904,False,0.7,2026-04-25 14:18:59.985191+00:00
p16_20260425T141705_5037b797,NH-06,RI-05,0.0,0.0,0.0,2904,False,0.7,2026-04-25 14:18:59.985259+00:00
p16_20260425T141705_5037b797,NH-06,RI-06,0.0157,-0.0101,0.0157,2904,False,0.7,2026-04-25 14:18:59.985249+00:00
p16_20260425T141705_5037b797,NH-07,NH-08,0.0,0.0,0.0,2904,False,0.7,2026-04-25 14:18:59.985260+00:00
p16_20260425T141705_5037b797,NH-07,NH-09,0.0,0.0,0.0,2904,False,0.7,2026-04-25 14:18:59.985260+00:00
p16_20260425T141705_5037b797,NH-07,NH-10,0.0,0.0,0.0,2904,False,0.7,2026-04-25 14:18:59.985260+00:00
p16_20260425T141705_5037b797,NH-07,NH-11,0.0,0.0,0.0,2904,False,0.7,2026-04-25 14:18:59.985261+00:00
p16_20260425T141705_5037b797,NH-07,NH-12,0.0,0.0,0.0,2904,False,0.7,2026-04-25 14:18:59.985261+00:00
p16_20260425T141705_5037b797,NH-07,NH-13,0.0,0.0,0.0,2904,False,0.7,2026-04-25 14:18:59.985261+00:00
p16_20260425T141705_5037b797,NH-07,NH-14,0.0,0.0,0.0,2904,False,0.7,2026-04-25 14:18:59.985261+00:00
p16_20260425T141705_5037b797,NH-07,NS-01,0.0,0.0,0.0,2904,False,0.7,2026-04-25 14:18:59.985262+00:00
p16_20260425T141705_5037b797,NH-07,NS-02,0.0,0.0,0.0,2904,False,0.7,2026-04-25 14:18:59.985259+00:00
p16_20260425T141705_5037b797,NH-07,NS-03,0.0,0.0,0.0,2904,False,0.7,2026-04-25 14:18:59.985262+00:00
p16_20260425T141705_5037b797,NH-07,NS-04,0.0,0.0,0.0,2904,False,0.7,2026-04-25 14:18:59.985262+00:00
p16_20260425T141705_5037b797,NH-07,NS-05,0.0,0.0,0.0,2904,False,0.7,2026-04-25 14:18:59.985263+00:00
p16_20260425T141705_5037b797,NH-07,NS-06,0.0,0.0,0.0,2904,False,0.7,2026-04-25 14:18:59.985263+00:00
p16_20260425T141705_5037b797,NH-07,NS-07,0.0,0.0,0.0,2904,False,0.7,2026-04-25 14:18:59.985263+00:00
p16_20260425T141705_5037b797,NH-07,NS-08,0.0,0.0,0.0,2904,False,0.7,2026-04-25 14:18:59.985263+00:00
p16_20260425T141705_5037b797,NH-07,NS-09,0.0,0.0,0.0,2904,False,0.7,2026-04-25 14:18:59.985264+00:00
p16_20260425T141705_5037b797,NH-07,NS-10,0.0,0.0,0.0,2904,False,0.7,2026-04-25 14:18:59.985264+00:00
p16_20260425T141705_5037b797,NH-07,NS-11,0.0,0.0,0.0,2904,False,0.7,2026-04-25 14:18:59.985264+00:00
p16_20260425T141705_5037b797,NH-07,NS-12,0.0,0.0,0.0,2904,False,0.7,2026-04-25 14:18:59.985264+00:00
p16_20260425T141705_5037b797,NH-07,NS-13,0.0,0.0,0.0,2904,False,0.7,2026-04-25 14:18:59.985264+00:00
p16_20260425T141705_5037b797,NH-07,RI-01,0.0,0.0,0.0,2904,False,0.7,2026-04-25 14:18:59.985262+00:00
p16_20260425T141705_5037b797,NH-07,RI-02,0.0,0.0,0.0,2904,False,0.7,2026-04-25 14:18:59.985259+00:00
p16_20260425T141705_5037b797,NH-07,RI-03,0.0,0.0,0.0,2904,False,0.7,2026-04-25 14:18:59.985258+00:00
p16_20260425T141705_5037b797,NH-07,RI-04,0.0,0.0,0.0,2904,False,0.7,2026-04-25 14:18:59.985258+00:00
p16_20260425T141705_5037b797,NH-07,RI-05,0.0,0.0,0.0,2904,False,0.7,2026-04-25 14:18:59.985254+00:00
p16_20260425T141705_5037b797,NH-07,RI-06,0.0,0.0,0.0,2904,False,0.7,2026-04-25 14:18:59.985255+00:00
p16_20260425T141705_5037b797,NH-08,NH-09,0.0,0.0,0.0,2904,False,0.7,2026-04-25 14:18:59.985254+00:00
p16_20260425T141705_5037b797,NH-08,NH-10,0.0,0.0,0.0,2904,False,0.7,2026-04-25 14:18:59.985254+00:00
p16_20260425T141705_5037b797,NH-08,NH-11,0.0,0.0,0.0,2904,False,0.7,2026-04-25 14:18:59.985252+00:00
p16_20260425T141705_5037b797,NH-08,NH-12,0.0,0.0,0.0,2904,False,0.7,2026-04-25 14:18:59.985253+00:00
p16_20260425T141705_5037b797,NH-08,NH-13,0.0,0.0,0.0,2904,False,0.7,2026-04-25 14:18:59.985253+00:00
p16_20260425T141705_5037b797,NH-08,NH-14,0.0,0.0,0.0,2904,False,0.7,2026-04-25 14:18:59.985253+00:00
p16_20260425T141705_5037b797,NH-08,NS-01,0.0,0.0,0.0,2904,False,0.7,2026-04-25 14:18:59.985253+00:00
p16_20260425T141705_5037b797,NH-08,NS-02,0.0,0.0,0.0,2904,False,0.7,2026-04-25 14:18:59.985255+00:00
p16_20260425T141705_5037b797,NH-08,NS-03,0.0,0.0,0.0,2904,False,0.7,2026-04-25 14:18:59.985254+00:00
p16_20260425T141705_5037b797,NH-08,NS-04,0.0,0.0,0.0,2904,False,0.7,2026-04-25 14:18:59.985256+00:00
p16_20260425T141705_5037b797,NH-08,NS-05,0.0,0.0,0.0,2904,False,0.7,2026-04-25 14:18:59.985256+00:00
p16_20260425T141705_5037b797,NH-08,NS-06,0.0,0.0,0.0,2904,False,0.7,2026-04-25 14:18:59.985256+00:00
p16_20260425T141705_5037b797,NH-08,NS-07,0.0,0.0,0.0,2904,False,0.7,2026-04-25 14:18:59.985256+00:00
p16_20260425T141705_5037b797,NH-08,NS-08,0.0,0.0,0.0,2904,False,0.7,2026-04-25 14:18:59.985256+00:00
p16_20260425T141705_5037b797,NH-08,NS-09,0.0,0.0,0.0,2904,False,0.7,2026-04-25 14:18:59.985257+00:00
p16_20260425T141705_5037b797,NH-08,NS-10,0.0,0.0,0.0,2904,False,0.7,2026-04-25 14:18:59.985257+00:00
p16_20260425T141705_5037b797,NH-08,NS-11,0.0,0.0,0.0,2904,False,0.7,2026-04-25 14:18:59.985257+00:00
p16_20260425T141705_5037b797,NH-08,NS-12,0.0,0.0,0.0,2904,False,0.7,2026-04-25 14:18:59.985258+00:00
p16_20260425T141705_5037b797,NH-08,NS-13,0.0,0.0,0.0,2904,False,0.7,2026-04-25 14:18:59.985258+00:00
p16_20260425T141705_5037b797,NH-08,RI-01,0.0,0.0,0.0,2904,False,0.7,2026-04-25 14:18:59.985265+00:00
p16_20260425T141705_5037b797,NH-08,RI-02,0.0,0.0,0.0,2904,False,0.7,2026-04-25 14:18:59.985260+00:00
p16_20260425T141705_5037b797,NH-08,RI-03,0.0,0.0,0.0,2904,False,0.7,2026-04-25 14:18:59.985265+00:00
p16_20260425T141705_5037b797,NH-08,RI-04,0.0,0.0,0.0,2904,False,0.7,2026-04-25 14:18:59.985271+00:00
p16_20260425T141705_5037b797,NH-08,RI-05,0.0,0.0,0.0,2904,False,0.7,2026-04-25 14:18:59.985271+00:00
p16_20260425T141705_5037b797,NH-08,RI-06,0.0,0.0,0.0,2904,False,0.7,2026-04-25 14:18:59.985272+00:00
p16_20260425T141705_5037b797,NH-09,NH-10,0.0,0.0,0.0,2904,False,0.7,2026-04-25 14:18:59.985272+00:00
p16_20260425T141705_5037b797,NH-09,NH-11,0.0,0.0,0.0,2904,False,0.7,2026-04-25 14:18:59.985272+00:00
p16_20260425T141705_5037b797,NH-09,NH-12,0.0,0.0,0.0,2904,False,0.7,2026-04-25 14:18:59.985272+00:00
p16_20260425T141705_5037b797,NH-09,NH-13,0.0,0.0,0.0,2904,False,0.7,2026-04-25 14:18:59.985273+00:00
p16_20260425T141705_5037b797,NH-09,NH-14,0.0,0.0,0.0,2904,False,0.7,2026-04-25 14:18:59.985273+00:00
p16_20260425T141705_5037b797,NH-09,NS-01,0.0,0.0,0.0,2904,False,0.7,2026-04-25 14:18:59.985273+00:00
p16_20260425T141705_5037b797,NH-09,NS-02,0.0,0.0,0.0,2904,False,0.7,2026-04-25 14:18:59.985273+00:00
p16_20260425T141705_5037b797,NH-09,NS-03,0.0,0.0,0.0,2904,False,0.7,2026-04-25 14:18:59.985273+00:00
p16_20260425T141705_5037b797,NH-09,NS-04,0.0,0.0,0.0,2904,False,0.7,2026-04-25 14:18:59.985271+00:00
p16_20260425T141705_5037b797,NH-09,NS-05,0.0,0.0,0.0,2904,False,0.7,2026-04-25 14:18:59.985274+00:00
p16_20260425T141705_5037b797,NH-09,NS-06,0.0,0.0,0.0,2904,False,0.7,2026-04-25 14:18:59.985274+00:00
p16_20260425T141705_5037b797,NH-09,NS-07,0.0,0.0,0.0,2904,False,0.7,2026-04-25 14:18:59.985274+00:00
p16_20260425T141705_5037b797,NH-09,NS-08,0.0,0.0,0.0,2904,False,0.7,2026-04-25 14:18:59.985275+00:00
p16_20260425T141705_5037b797,NH-09,NS-09,0.0,0.0,0.0,2904,False,0.7,2026-04-25 14:18:59.985275+00:00
p16_20260425T141705_5037b797,NH-09,NS-10,0.0,0.0,0.0,2904,False,0.7,2026-04-25 14:18:59.985275+00:00
p16_20260425T141705_5037b797,NH-09,NS-11,0.0,0.0,0.0,2904,False,0.7,2026-04-25 14:18:59.985275+00:00
p16_20260425T141705_5037b797,NH-09,NS-12,0.0,0.0,0.0,2904,False,0.7,2026-04-25 14:18:59.985276+00:00
p16_20260425T141705_5037b797,NH-09,NS-13,0.0,0.0,0.0,2904,False,0.7,2026-04-25 14:18:59.985276+00:00
p16_20260425T141705_5037b797,NH-09,RI-01,0.0,0.0,0.0,2904,False,0.7,2026-04-25 14:18:59.985265+00:00
p16_20260425T141705_5037b797,NH-09,RI-02,0.0,0.0,0.0,2904,False,0.7,2026-04-25 14:18:59.985276+00:00
p16_20260425T141705_5037b797,NH-09,RI-03,0.0,0.0,0.0,2904,False,0.7,2026-04-25 14:18:59.985274+00:00
p16_20260425T141705_5037b797,NH-09,RI-04,0.0,0.0,0.0,2904,False,0.7,2026-04-25 14:18:59.985271+00:00
p16_20260425T141705_5037b797,NH-09,RI-05,0.0,0.0,0.0,2904,False,0.7,2026-04-25 14:18:59.985268+00:00
p16_20260425T141705_5037b797,NH-09,RI-06,0.0,0.0,0.0,2904,False,0.7,2026-04-25 14:18:59.985271+00:00
p16_20260425T141705_5037b797,NH-10,NH-11,0.0,0.0,0.0,2904,False,0.7,2026-04-25 14:18:59.985266+00:00
p16_20260425T141705_5037b797,NH-10,NH-12,0.0,0.0,0.0,2904,False,0.7,2026-04-25 14:18:59.985266+00:00
p16_20260425T141705_5037b797,NH-10,NH-13,0.0,0.0,0.0,2904,False,0.7,2026-04-25 14:18:59.985266+00:00
p16_20260425T141705_5037b797,NH-10,NH-14,0.0,0.0,0.0,2904,False,0.7,2026-04-25 14:18:59.985266+00:00
p16_20260425T141705_5037b797,NH-10,NS-01,0.0,0.0,0.0,2904,False,0.7,2026-04-25 14:18:59.985266+00:00
p16_20260425T141705_5037b797,NH-10,NS-02,0.0,0.0,0.0,2904,False,0.7,2026-04-25 14:18:59.985267+00:00
p16_20260425T141705_5037b797,NH-10,NS-03,0.0,0.0,0.0,2904,False,0.7,2026-04-25 14:18:59.985267+00:00
p16_20260425T141705_5037b797,NH-10,NS-04,0.0,0.0,0.0,2904,False,0.7,2026-04-25 14:18:59.985267+00:00
p16_20260425T141705_5037b797,NH-10,NS-05,0.0,0.0,0.0,2904,False,0.7,2026-04-25 14:18:59.985267+00:00
p16_20260425T141705_5037b797,NH-10,NS-06,0.0,0.0,0.0,2904,False,0.7,2026-04-25 14:18:59.985268+00:00
p16_20260425T141705_5037b797,NH-10,NS-07,0.0,0.0,0.0,2904,False,0.7,2026-04-25 14:18:59.985265+00:00
p16_20260425T141705_5037b797,NH-10,NS-08,0.0,0.0,0.0,2904,False,0.7,2026-04-25 14:18:59.985268+00:00
p16_20260425T141705_5037b797,NH-10,NS-09,0.0,0.0,0.0,2904,False,0.7,2026-04-25 14:18:59.985268+00:00
p16_20260425T141705_5037b797,NH-10,NS-10,0.0,0.0,0.0,2904,False,0.7,2026-04-25 14:18:59.985269+00:00
p16_20260425T141705_5037b797,NH-10,NS-11,0.0,0.0,0.0,2904,False,0.7,2026-04-25 14:18:59.985269+00:00
p16_20260425T141705_5037b797,NH-10,NS-12,0.0,0.0,0.0,2904,False,0.7,2026-04-25 14:18:59.985269+00:00
p16_20260425T141705_5037b797,NH-10,NS-13,0.0,0.0,0.0,2904,False,0.7,2026-04-25 14:18:59.985269+00:00
p16_20260425T141705_5037b797,NH-10,RI-01,0.0,0.0,0.0,2904,False,0.7,2026-04-25 14:18:59.985269+00:00
p16_20260425T141705_5037b797,NH-10,RI-02,0.0,0.0,0.0,2904,False,0.7,2026-04-25 14:18:59.985270+00:00
p16_20260425T141705_5037b797,NH-10,RI-03,0.0,0.0,0.0,2904,False,0.7,2026-04-25 14:18:59.985270+00:00
p16_20260425T141705_5037b797,NH-10,RI-04,0.0,0.0,0.0,2904,False,0.7,2026-04-25 14:18:59.985270+00:00
p16_20260425T141705_5037b797,NH-10,RI-05,0.0,0.0,0.0,2904,False,0.7,2026-04-25 14:18:59.985270+00:00
p16_20260425T141705_5037b797,NH-10,RI-06,0.0,0.0,0.0,2904,False,0.7,2026-04-25 14:18:59.985300+00:00
p16_20260425T141705_5037b797,NH-11,NH-12,0.0,0.0,0.0,2904,False,0.7,2026-04-25 14:18:59.985255+00:00
p16_20260425T141705_5037b797,NH-11,NH-13,0.0,0.0,0.0,2904,False,0.7,2026-04-25 14:18:59.985300+00:00
p16_20260425T141705_5037b797,NH-11,NH-14,0.0,0.0,0.0,2904,False,0.7,2026-04-25 14:18:59.985324+00:00
p16_20260425T141705_5037b797,NH-11,NS-01,0.0,0.0,0.0,2904,False,0.7,2026-04-25 14:18:59.985330+00:00
p16_20260425T141705_5037b797,NH-11,NS-02,0.0,0.0,0.0,2904,False,0.7,2026-04-25 14:18:59.985330+00:00
p16_20260425T141705_5037b797,NH-11,NS-03,0.0,0.0,0.0,2904,False,0.7,2026-04-25 14:18:59.985330+00:00
p16_20260425T141705_5037b797,NH-11,NS-04,0.0,0.0,0.0,2904,False,0.7,2026-04-25 14:18:59.985331+00:00
p16_20260425T141705_5037b797,NH-11,NS-05,0.0,0.0,0.0,2904,False,0.7,2026-04-25 14:18:59.985331+00:00
p16_20260425T141705_5037b797,NH-11,NS-06,0.0,0.0,0.0,2904,False,0.7,2026-04-25 14:18:59.985331+00:00
p16_20260425T141705_5037b797,NH-11,NS-07,0.0,0.0,0.0,2904,False,0.7,2026-04-25 14:18:59.985331+00:00
p16_20260425T141705_5037b797,NH-11,NS-08,0.0,0.0,0.0,2904,False,0.7,2026-04-25 14:18:59.985331+00:00
p16_20260425T141705_5037b797,NH-11,NS-09,0.0,0.0,0.0,2904,False,0.7,2026-04-25 14:18:59.985332+00:00
p16_20260425T141705_5037b797,NH-11,NS-10,0.0,0.0,0.0,2904,False,0.7,2026-04-25 14:18:59.985332+00:00
p16_20260425T141705_5037b797,NH-11,NS-11,0.0,0.0,0.0,2904,False,0.7,2026-04-25 14:18:59.985330+00:00
p16_20260425T141705_5037b797,NH-11,NS-12,0.0,0.0,0.0,2904,False,0.7,2026-04-25 14:18:59.985332+00:00
p16_20260425T141705_5037b797,NH-11,NS-13,0.0,0.0,0.0,2904,False,0.7,2026-04-25 14:18:59.985333+00:00
p16_20260425T141705_5037b797,NH-11,RI-01,0.0,0.0,0.0,2904,False,0.7,2026-04-25 14:18:59.985333+00:00
p16_20260425T141705_5037b797,NH-11,RI-02,0.0,0.0,0.0,2904,False,0.7,2026-04-25 14:18:59.985333+00:00
p16_20260425T141705_5037b797,NH-11,RI-03,0.0,0.0,0.0,2904,False,0.7,2026-04-25 14:18:59.985333+00:00
p16_20260425T141705_5037b797,NH-11,RI-04,0.0,0.0,0.0,2904,False,0.7,2026-04-25 14:18:59.985333+00:00
p16_20260425T141705_5037b797,NH-11,RI-05,0.0,0.0,0.0,2904,False,0.7,2026-04-25 14:18:59.985334+00:00
p16_20260425T141705_5037b797,NH-11,RI-06,0.0,0.0,0.0,2904,False,0.7,2026-04-25 14:18:59.985334+00:00
p16_20260425T141705_5037b797,NH-12,NH-13,0.0,0.0,0.0,2904,False,0.7,2026-04-25 14:18:59.985334+00:00
p16_20260425T141705_5037b797,NH-12,NH-14,0.0,0.0,0.0,2904,False,0.7,2026-04-25 14:18:59.985334+00:00
p16_20260425T141705_5037b797,NH-12,NS-01,0.063,0.0633,0.0633,2904,False,0.7,2026-04-25 14:18:59.985226+00:00
p16_20260425T141705_5037b797,NH-12,NS-02,0.0246,0.0178,0.0246,2904,False,0.7,2026-04-25 14:18:59.985245+00:00
p16_20260425T141705_5037b797,NH-12,NS-03,0.1068,0.1072,0.1072,2904,False,0.7,2026-04-25 14:18:59.985213+00:00
p16_20260425T141705_5037b797,NH-12,NS-04,0.0854,0.084,0.0854,2904,False,0.7,2026-04-25 14:18:59.985218+00:00
p16_20260425T141705_5037b797,NH-12,NS-05,-0.0357,-0.0225,0.0357,2904,False,0.7,2026-04-25 14:18:59.985239+00:00
p16_20260425T141705_5037b797,NH-12,NS-06,0.0,0.0,0.0,2904,False,0.7,2026-04-25 14:18:59.985335+00:00
p16_20260425T141705_5037b797,NH-12,NS-07,0.0,0.0,0.0,2904,False,0.7,2026-04-25 14:18:59.985332+00:00
p16_20260425T141705_5037b797,NH-12,NS-08,0.0573,0.0619,0.0619,2904,False,0.7,2026-04-25 14:18:59.985226+00:00
p16_20260425T141705_5037b797,NH-12,NS-09,0.0,0.0,0.0,2904,False,0.7,2026-04-25 14:18:59.985329+00:00
p16_20260425T141705_5037b797,NH-12,NS-10,0.0,0.0,0.0,2904,False,0.7,2026-04-25 14:18:59.985326+00:00
p16_20260425T141705_5037b797,NH-12,NS-11,0.0,0.0,0.0,2904,False,0.7,2026-04-25 14:18:59.985329+00:00
p16_20260425T141705_5037b797,NH-12,NS-12,0.0,0.0,0.0,2904,False,0.7,2026-04-25 14:18:59.985324+00:00
p16_20260425T141705_5037b797,NH-12,NS-13,0.0,0.0,0.0,2904,False,0.7,2026-04-25 14:18:59.985324+00:00
p16_20260425T141705_5037b797,NH-12,RI-01,0.0,0.0,0.0,2904,False,0.7,2026-04-25 14:18:59.985324+00:00
p16_20260425T141705_5037b797,NH-12,RI-02,-0.0547,-0.0743,0.0743,2904,False,0.7,2026-04-25 14:18:59.985222+00:00
p16_20260425T141705_5037b797,NH-12,RI-03,0.0,0.0,0.0,2904,False,0.7,2026-04-25 14:18:59.985325+00:00
p16_20260425T141705_5037b797,NH-12,RI-04,0.0109,0.0022,0.0109,2904,False,0.7,2026-04-25 14:18:59.985251+00:00
p16_20260425T141705_5037b797,NH-12,RI-05,0.0,0.0,0.0,2904,False,0.7,2026-04-25 14:18:59.985325+00:00
p16_20260425T141705_5037b797,NH-12,RI-06,0.1285,0.1154,0.1285,2904,False,0.7,2026-04-25 14:18:59.985209+00:00
p16_20260425T141705_5037b797,NH-13,NH-14,0.0,0.0,0.0,2904,False,0.7,2026-04-25 14:18:59.985325+00:00
p16_20260425T141705_5037b797,NH-13,NS-01,0.0,0.0,0.0,2904,False,0.7,2026-04-25 14:18:59.985325+00:00
p16_20260425T141705_5037b797,NH-13,NS-02,0.0,0.0,0.0,2904,False,0.7,2026-04-25 14:18:59.985326+00:00
p16_20260425T141705_5037b797,NH-13,NS-03,0.0,0.0,0.0,2904,False,0.7,2026-04-25 14:18:59.985326+00:00
p16_20260425T141705_5037b797,NH-13,NS-04,0.0,0.0,0.0,2904,False,0.7,2026-04-25 14:18:59.985326+00:00
p16_20260425T141705_5037b797,NH-13,NS-05,0.0,0.0,0.0,2904,False,0.7,2026-04-25 14:18:59.985324+00:00
p16_20260425T141705_5037b797,NH-13,NS-06,0.0,0.0,0.0,2904,False,0.7,2026-04-25 14:18:59.985326+00:00
p16_20260425T141705_5037b797,NH-13,NS-07,0.0,0.0,0.0,2904,False,0.7,2026-04-25 14:18:59.985327+00:00
p16_20260425T141705_5037b797,NH-13,NS-08,0.0,0.0,0.0,2904,False,0.7,2026-04-25 14:18:59.985327+00:00
p16_20260425T141705_5037b797,NH-13,NS-09,0.0,0.0,0.0,2904,False,0.7,2026-04-25 14:18:59.985327+00:00
p16_20260425T141705_5037b797,NH-13,NS-10,0.0,0.0,0.0,2904,False,0.7,2026-04-25 14:18:59.985327+00:00
p16_20260425T141705_5037b797,NH-13,NS-11,0.0,0.0,0.0,2904,False,0.7,2026-04-25 14:18:59.985328+00:00
p16_20260425T141705_5037b797,NH-13,NS-12,0.0,0.0,0.0,2904,False,0.7,2026-04-25 14:18:59.985328+00:00
p16_20260425T141705_5037b797,NH-13,NS-13,0.0,0.0,0.0,2904,False,0.7,2026-04-25 14:18:59.985328+00:00
p16_20260425T141705_5037b797,NH-13,RI-01,0.0,0.0,0.0,2904,False,0.7,2026-04-25 14:18:59.985328+00:00
p16_20260425T141705_5037b797,NH-13,RI-02,0.0,0.0,0.0,2904,False,0.7,2026-04-25 14:18:59.985329+00:00
p16_20260425T141705_5037b797,NH-13,RI-03,0.0,0.0,0.0,2904,False,0.7,2026-04-25 14:18:59.985329+00:00
p16_20260425T141705_5037b797,NH-13,RI-04,0.0,0.0,0.0,2904,False,0.7,2026-04-25 14:18:59.985335+00:00
p16_20260425T141705_5037b797,NH-13,RI-05,0.0,0.0,0.0,2904,False,0.7,2026-04-25 14:18:59.985329+00:00
p16_20260425T141705_5037b797,NH-13,RI-06,0.0,0.0,0.0,2904,False,0.7,2026-04-25 14:18:59.985335+00:00
p16_20260425T141705_5037b797,NH-14,NS-01,0.0,0.0,0.0,2904,False,0.7,2026-04-25 14:18:59.985341+00:00
p16_20260425T141705_5037b797,NH-14,NS-02,0.0,0.0,0.0,2904,False,0.7,2026-04-25 14:18:59.985342+00:00
p16_20260425T141705_5037b797,NH-14,NS-03,0.0,0.0,0.0,2904,False,0.7,2026-04-25 14:18:59.985342+00:00
p16_20260425T141705_5037b797,NH-14,NS-04,0.0,0.0,0.0,2904,False,0.7,2026-04-25 14:18:59.985342+00:00
p16_20260425T141705_5037b797,NH-14,NS-05,0.0,0.0,0.0,2904,False,0.7,2026-04-25 14:18:59.985342+00:00
p16_20260425T141705_5037b797,NH-14,NS-06,0.0,0.0,0.0,2904,False,0.7,2026-04-25 14:18:59.985342+00:00
p16_20260425T141705_5037b797,NH-14,NS-07,0.0,0.0,0.0,2904,False,0.7,2026-04-25 14:18:59.985343+00:00
p16_20260425T141705_5037b797,NH-14,NS-08,0.0,0.0,0.0,2904,False,0.7,2026-04-25 14:18:59.985343+00:00
p16_20260425T141705_5037b797,NH-14,NS-09,0.0,0.0,0.0,2904,False,0.7,2026-04-25 14:18:59.985343+00:00
p16_20260425T141705_5037b797,NH-14,NS-10,0.0,0.0,0.0,2904,False,0.7,2026-04-25 14:18:59.985343+00:00
p16_20260425T141705_5037b797,NH-14,NS-11,0.0,0.0,0.0,2904,False,0.7,2026-04-25 14:18:59.985344+00:00
p16_20260425T141705_5037b797,NH-14,NS-12,0.0,0.0,0.0,2904,False,0.7,2026-04-25 14:18:59.985341+00:00
p16_20260425T141705_5037b797,NH-14,NS-13,0.0,0.0,0.0,2904,False,0.7,2026-04-25 14:18:59.985344+00:00
p16_20260425T141705_5037b797,NH-14,RI-01,0.0,0.0,0.0,2904,False,0.7,2026-04-25 14:18:59.985344+00:00
p16_20260425T141705_5037b797,NH-14,RI-02,0.0,0.0,0.0,2904,False,0.7,2026-04-25 14:18:59.985344+00:00
p16_20260425T141705_5037b797,NH-14,RI-03,0.0,0.0,0.0,2904,False,0.7,2026-04-25 14:18:59.985345+00:00
p16_20260425T141705_5037b797,NH-14,RI-04,0.0,0.0,0.0,2904,False,0.7,2026-04-25 14:18:59.985345+00:00
p16_20260425T141705_5037b797,NH-14,RI-05,0.0,0.0,0.0,2904,False,0.7,2026-04-25 14:18:59.985345+00:00
p16_20260425T141705_5037b797,NH-14,RI-06,0.0,0.0,0.0,2904,False,0.7,2026-04-25 14:18:59.985345+00:00
p16_20260425T141705_5037b797,NS-01,NS-02,0.1497,0.1266,0.1497,2904,False,0.7,2026-04-25 14:18:59.985204+00:00
p16_20260425T141705_5037b797,NS-01,NS-03,0.2122,0.2088,0.2122,2904,False,0.7,2026-04-25 14:18:59.985198+00:00
p16_20260425T141705_5037b797,NS-01,NS-04,0.2434,0.2332,0.2434,2904,False,0.7,2026-04-25 14:18:59.985195+00:00
p16_20260425T141705_5037b797,NS-01,NS-05,-0.0214,-0.0284,0.0284,2904,False,0.7,2026-04-25 14:18:59.985243+00:00
p16_20260425T141705_5037b797,NS-01,NS-06,0.0,0.0,0.0,2904,False,0.7,2026-04-25 14:18:59.985346+00:00
p16_20260425T141705_5037b797,NS-01,NS-07,0.0,0.0,0.0,2904,False,0.7,2026-04-25 14:18:59.985346+00:00
p16_20260425T141705_5037b797,NS-01,NS-08,0.3004,0.3204,0.3204,2904,False,0.7,2026-04-25 14:18:59.985188+00:00
p16_20260425T141705_5037b797,NS-01,NS-09,0.0,0.0,0.0,2904,False,0.7,2026-04-25 14:18:59.985346+00:00
p16_20260425T141705_5037b797,NS-01,NS-10,0.0,0.0,0.0,2904,False,0.7,2026-04-25 14:18:59.985346+00:00
p16_20260425T141705_5037b797,NS-01,NS-11,0.0,0.0,0.0,2904,False,0.7,2026-04-25 14:18:59.985344+00:00
p16_20260425T141705_5037b797,NS-01,NS-12,0.0,0.0,0.0,2904,False,0.7,2026-04-25 14:18:59.985341+00:00
p16_20260425T141705_5037b797,NS-01,NS-13,0.0,0.0,0.0,2904,False,0.7,2026-04-25 14:18:59.985338+00:00
p16_20260425T141705_5037b797,NS-01,RI-01,0.0,0.0,0.0,2904,False,0.7,2026-04-25 14:18:59.985341+00:00
p16_20260425T141705_5037b797,NS-01,RI-02,0.2382,0.2453,0.2453,2904,False,0.7,2026-04-25 14:18:59.985194+00:00
p16_20260425T141705_5037b797,NS-01,RI-03,0.0,0.0,0.0,2904,False,0.7,2026-04-25 14:18:59.985336+00:00
p16_20260425T141705_5037b797,NS-01,RI-04,-0.0078,0.0022,0.0078,2904,False,0.7,2026-04-25 14:18:59.985252+00:00
p16_20260425T141705_5037b797,NS-01,RI-05,0.0,0.0,0.0,2904,False,0.7,2026-04-25 14:18:59.985336+00:00
p16_20260425T141705_5037b797,NS-01,RI-06,0.219,0.2116,0.219,2904,False,0.7,2026-04-25 14:18:59.985197+00:00
p16_20260425T141705_5037b797,NS-02,NS-03,0.0538,0.0775,0.0775,2904,False,0.7,2026-04-25 14:18:59.985221+00:00
p16_20260425T141705_5037b797,NS-02,NS-04,-0.1198,-0.1086,0.1198,2904,False,0.7,2026-04-25 14:18:59.985210+00:00
p16_20260425T141705_5037b797,NS-02,NS-05,0.1103,0.1113,0.1113,2904,False,0.7,2026-04-25 14:18:59.985211+00:00
p16_20260425T141705_5037b797,NS-02,NS-06,0.0,0.0,0.0,2904,False,0.7,2026-04-25 14:18:59.985336+00:00
p16_20260425T141705_5037b797,NS-02,NS-07,0.0,0.0,0.0,2904,False,0.7,2026-04-25 14:18:59.985336+00:00
p16_20260425T141705_5037b797,NS-02,NS-08,0.0282,0.0042,0.0282,2904,False,0.7,2026-04-25 14:18:59.985243+00:00
p16_20260425T141705_5037b797,NS-02,NS-09,0.0,0.0,0.0,2904,False,0.7,2026-04-25 14:18:59.985337+00:00
p16_20260425T141705_5037b797,NS-02,NS-10,0.0,0.0,0.0,2904,False,0.7,2026-04-25 14:18:59.985337+00:00
p16_20260425T141705_5037b797,NS-02,NS-11,0.0,0.0,0.0,2904,False,0.7,2026-04-25 14:18:59.985337+00:00
p16_20260425T141705_5037b797,NS-02,NS-12,0.0,0.0,0.0,2904,False,0.7,2026-04-25 14:18:59.985337+00:00
p16_20260425T141705_5037b797,NS-02,NS-13,0.0,0.0,0.0,2904,False,0.7,2026-04-25 14:18:59.985338+00:00
p16_20260425T141705_5037b797,NS-02,RI-01,0.0,0.0,0.0,2904,False,0.7,2026-04-25 14:18:59.985338+00:00
p16_20260425T141705_5037b797,NS-02,RI-02,0.0404,0.0442,0.0442,2904,False,0.7,2026-04-25 14:18:59.985235+00:00
p16_20260425T141705_5037b797,NS-02,RI-03,0.0,0.0,0.0,2904,False,0.7,2026-04-25 14:18:59.985335+00:00
p16_20260425T141705_5037b797,NS-02,RI-04,0.0448,0.0222,0.0448,2904,False,0.7,2026-04-25 14:18:59.985235+00:00
p16_20260425T141705_5037b797,NS-02,RI-05,0.0,0.0,0.0,2904,False,0.7,2026-04-25 14:18:59.985338+00:00
p16_20260425T141705_5037b797,NS-02,RI-06,-0.0191,-0.0575,0.0575,2904,False,0.7,2026-04-25 14:18:59.985228+00:00
p16_20260425T141705_5037b797,NS-03,NS-04,0.2241,0.2181,0.2241,2904,False,0.7,2026-04-25 14:18:59.985197+00:00
p16_20260425T141705_5037b797,NS-03,NS-05,-0.028,-0.0224,0.028,2904,False,0.7,2026-04-25 14:18:59.985244+00:00
p16_20260425T141705_5037b797,NS-03,NS-06,0.0,0.0,0.0,2904,False,0.7,2026-04-25 14:18:59.985338+00:00
p16_20260425T141705_5037b797,NS-03,NS-07,0.0,0.0,0.0,2904,False,0.7,2026-04-25 14:18:59.985339+00:00
p16_20260425T141705_5037b797,NS-03,NS-08,0.2173,0.24,0.24,2904,False,0.7,2026-04-25 14:18:59.985196+00:00
p16_20260425T141705_5037b797,NS-03,NS-09,0.0,0.0,0.0,2904,False,0.7,2026-04-25 14:18:59.985339+00:00
p16_20260425T141705_5037b797,NS-03,NS-10,0.0,0.0,0.0,2904,False,0.7,2026-04-25 14:18:59.985339+00:00
p16_20260425T141705_5037b797,NS-03,NS-11,0.0,0.0,0.0,2904,False,0.7,2026-04-25 14:18:59.985339+00:00
p16_20260425T141705_5037b797,NS-03,NS-12,0.0,0.0,0.0,2904,False,0.7,2026-04-25 14:18:59.985340+00:00
p16_20260425T141705_5037b797,NS-03,NS-13,0.0,0.0,0.0,2904,False,0.7,2026-04-25 14:18:59.985340+00:00
p16_20260425T141705_5037b797,NS-03,RI-01,0.0,0.0,0.0,2904,False,0.7,2026-04-25 14:18:59.985340+00:00
p16_20260425T141705_5037b797,NS-03,RI-02,0.2934,0.2506,0.2934,2904,False,0.7,2026-04-25 14:18:59.985190+00:00
p16_20260425T141705_5037b797,NS-03,RI-03,0.0,0.0,0.0,2904,False,0.7,2026-04-25 14:18:59.985340+00:00
p16_20260425T141705_5037b797,NS-03,RI-04,-0.3566,-0.3496,0.3566,2904,False,0.7,2026-04-25 14:18:59.985186+00:00
p16_20260425T141705_5037b797,NS-03,RI-05,0.0,0.0,0.0,2904,False,0.7,2026-04-25 14:18:59.985340+00:00
p16_20260425T141705_5037b797,NS-03,RI-06,0.0663,0.0451,0.0663,2904,False,0.7,2026-04-25 14:18:59.985224+00:00
p16_20260425T141705_5037b797,NS-04,NS-05,-0.0792,-0.0809,0.0809,2904,False,0.7,2026-04-25 14:18:59.985219+00:00
p16_20260425T141705_5037b797,NS-04,NS-06,0.0,0.0,0.0,2904,False,0.7,2026-04-25 14:18:59.985335+00:00
p16_20260425T141705_5037b797,NS-04,NS-07,0.0,0.0,0.0,2904,False,0.7,2026-04-25 14:18:59.985323+00:00
p16_20260425T141705_5037b797,NS-04,NS-08,0.6057,0.6026,0.6057,2904,False,0.7,2026-04-25 14:18:59.985183+00:00
p16_20260425T141705_5037b797,NS-04,NS-09,0.0,0.0,0.0,2904,False,0.7,2026-04-25 14:18:59.985312+00:00
p16_20260425T141705_5037b797,NS-04,NS-10,0.0,0.0,0.0,2904,False,0.7,2026-04-25 14:18:59.985323+00:00
p16_20260425T141705_5037b797,NS-04,NS-11,0.0,0.0,0.0,2904,False,0.7,2026-04-25 14:18:59.985306+00:00
p16_20260425T141705_5037b797,NS-04,NS-12,0.0,0.0,0.0,2904,False,0.7,2026-04-25 14:18:59.985307+00:00
p16_20260425T141705_5037b797,NS-04,NS-13,0.0,0.0,0.0,2904,False,0.7,2026-04-25 14:18:59.985307+00:00
p16_20260425T141705_5037b797,NS-04,RI-01,0.0,0.0,0.0,2904,False,0.7,2026-04-25 14:18:59.985307+00:00
p16_20260425T141705_5037b797,NS-04,RI-02,0.1651,0.1647,0.1651,2904,False,0.7,2026-04-25 14:18:59.985202+00:00
p16_20260425T141705_5037b797,NS-04,RI-03,0.0,0.0,0.0,2904,False,0.7,2026-04-25 14:18:59.985307+00:00
p16_20260425T141705_5037b797,NS-04,RI-04,-0.4108,-0.4143,0.4143,2904,False,0.7,2026-04-25 14:18:59.985185+00:00
p16_20260425T141705_5037b797,NS-04,RI-05,0.0,0.0,0.0,2904,False,0.7,2026-04-25 14:18:59.985308+00:00
p16_20260425T141705_5037b797,NS-04,RI-06,0.1759,0.1256,0.1759,2904,False,0.7,2026-04-25 14:18:59.985201+00:00
p16_20260425T141705_5037b797,NS-05,NS-06,0.0,0.0,0.0,2904,False,0.7,2026-04-25 14:18:59.985308+00:00
p16_20260425T141705_5037b797,NS-05,NS-07,0.0,0.0,0.0,2904,False,0.7,2026-04-25 14:18:59.985308+00:00
p16_20260425T141705_5037b797,NS-05,NS-08,-0.0846,-0.1389,0.1389,2904,False,0.7,2026-04-25 14:18:59.985206+00:00
p16_20260425T141705_5037b797,NS-05,NS-09,0.0,0.0,0.0,2904,False,0.7,2026-04-25 14:18:59.985308+00:00
p16_20260425T141705_5037b797,NS-05,NS-10,0.0,0.0,0.0,2904,False,0.7,2026-04-25 14:18:59.985308+00:00
p16_20260425T141705_5037b797,NS-05,NS-11,0.0,0.0,0.0,2904,False,0.7,2026-04-25 14:18:59.985306+00:00
p16_20260425T141705_5037b797,NS-05,NS-12,0.0,0.0,0.0,2904,False,0.7,2026-04-25 14:18:59.985309+00:00
p16_20260425T141705_5037b797,NS-05,NS-13,0.0,0.0,0.0,2904,False,0.7,2026-04-25 14:18:59.985309+00:00
p16_20260425T141705_5037b797,NS-05,RI-01,0.0,0.0,0.0,2904,False,0.7,2026-04-25 14:18:59.985309+00:00
p16_20260425T141705_5037b797,NS-05,RI-02,-0.0224,-0.0476,0.0476,2904,False,0.7,2026-04-25 14:18:59.985233+00:00
p16_20260425T141705_5037b797,NS-05,RI-03,0.0,0.0,0.0,2904,False,0.7,2026-04-25 14:18:59.985310+00:00
p16_20260425T141705_5037b797,NS-05,RI-04,0.0808,0.0663,0.0808,2904,False,0.7,2026-04-25 14:18:59.985219+00:00
p16_20260425T141705_5037b797,NS-05,RI-05,0.0,0.0,0.0,2904,False,0.7,2026-04-25 14:18:59.985310+00:00
p16_20260425T141705_5037b797,NS-05,RI-06,0.0746,0.1056,0.1056,2904,False,0.7,2026-04-25 14:18:59.985214+00:00
p16_20260425T141705_5037b797,NS-06,NS-07,0.0,0.0,0.0,2904,False,0.7,2026-04-25 14:18:59.985310+00:00
p16_20260425T141705_5037b797,NS-06,NS-08,0.0,0.0,0.0,2904,False,0.7,2026-04-25 14:18:59.985310+00:00
p16_20260425T141705_5037b797,NS-06,NS-09,0.0,0.0,0.0,2904,False,0.7,2026-04-25 14:18:59.985310+00:00
p16_20260425T141705_5037b797,NS-06,NS-10,0.0,0.0,0.0,2904,False,0.7,2026-04-25 14:18:59.985311+00:00
p16_20260425T141705_5037b797,NS-06,NS-11,0.0,0.0,0.0,2904,False,0.7,2026-04-25 14:18:59.985311+00:00
p16_20260425T141705_5037b797,NS-06,NS-12,0.0,0.0,0.0,2904,False,0.7,2026-04-25 14:18:59.985311+00:00
p16_20260425T141705_5037b797,NS-06,NS-13,0.0,0.0,0.0,2904,False,0.7,2026-04-25 14:18:59.985309+00:00
p16_20260425T141705_5037b797,NS-06,RI-01,0.0,0.0,0.0,2904,False,0.7,2026-04-25 14:18:59.985306+00:00
p16_20260425T141705_5037b797,NS-06,RI-02,0.0,0.0,0.0,2904,False,0.7,2026-04-25 14:18:59.985303+00:00
p16_20260425T141705_5037b797,NS-06,RI-03,0.0,0.0,0.0,2904,False,0.7,2026-04-25 14:18:59.985306+00:00
p16_20260425T141705_5037b797,NS-06,RI-04,0.0,0.0,0.0,2904,False,0.7,2026-04-25 14:18:59.985301+00:00
p16_20260425T141705_5037b797,NS-06,RI-05,0.0,0.0,0.0,2904,False,0.7,2026-04-25 14:18:59.985301+00:00
p16_20260425T141705_5037b797,NS-06,RI-06,0.0,0.0,0.0,2904,False,0.7,2026-04-25 14:18:59.985301+00:00
p16_20260425T141705_5037b797,NS-07,NS-08,0.0,0.0,0.0,2904,False,0.7,2026-04-25 14:18:59.985301+00:00
p16_20260425T141705_5037b797,NS-07,NS-09,0.0,0.0,0.0,2904,False,0.7,2026-04-25 14:18:59.985302+00:00
p16_20260425T141705_5037b797,NS-07,NS-10,0.0,0.0,0.0,2904,False,0.7,2026-04-25 14:18:59.985302+00:00
p16_20260425T141705_5037b797,NS-07,NS-11,0.0,0.0,0.0,2904,False,0.7,2026-04-25 14:18:59.985302+00:00
p16_20260425T141705_5037b797,NS-07,NS-12,0.0,0.0,0.0,2904,False,0.7,2026-04-25 14:18:59.985302+00:00
p16_20260425T141705_5037b797,NS-07,NS-13,0.0,0.0,0.0,2904,False,0.7,2026-04-25 14:18:59.985302+00:00
p16_20260425T141705_5037b797,NS-07,RI-01,0.0,0.0,0.0,2904,False,0.7,2026-04-25 14:18:59.985303+00:00
p16_20260425T141705_5037b797,NS-07,RI-02,0.0,0.0,0.0,2904,False,0.7,2026-04-25 14:18:59.985300+00:00
p16_20260425T141705_5037b797,NS-07,RI-03,0.0,0.0,0.0,2904,False,0.7,2026-04-25 14:18:59.985303+00:00
p16_20260425T141705_5037b797,NS-07,RI-04,0.0,0.0,0.0,2904,False,0.7,2026-04-25 14:18:59.985303+00:00
p16_20260425T141705_5037b797,NS-07,RI-05,0.0,0.0,0.0,2904,False,0.7,2026-04-25 14:18:59.985304+00:00
p16_20260425T141705_5037b797,NS-07,RI-06,0.0,0.0,0.0,2904,False,0.7,2026-04-25 14:18:59.985304+00:00
p16_20260425T141705_5037b797,NS-08,NS-09,0.0,0.0,0.0,2904,False,0.7,2026-04-25 14:18:59.985304+00:00
p16_20260425T141705_5037b797,NS-08,NS-10,0.0,0.0,0.0,2904,False,0.7,2026-04-25 14:18:59.985304+00:00
p16_20260425T141705_5037b797,NS-08,NS-11,0.0,0.0,0.0,2904,False,0.7,2026-04-25 14:18:59.985300+00:00
p16_20260425T141705_5037b797,NS-08,NS-12,0.0,0.0,0.0,2904,False,0.7,2026-04-25 14:18:59.985305+00:00
p16_20260425T141705_5037b797,NS-08,NS-13,0.0,0.0,0.0,2904,False,0.7,2026-04-25 14:18:59.985305+00:00
p16_20260425T141705_5037b797,NS-08,RI-01,0.0,0.0,0.0,2904,False,0.7,2026-04-25 14:18:59.985305+00:00
p16_20260425T141705_5037b797,NS-08,RI-02,0.1837,0.2185,0.2185,2904,False,0.7,2026-04-25 14:18:59.985197+00:00
p16_20260425T141705_5037b797,NS-08,RI-03,0.0,0.0,0.0,2904,False,0.7,2026-04-25 14:18:59.985305+00:00
p16_20260425T141705_5037b797,NS-08,RI-04,-0.2887,-0.2904,0.2904,2904,False,0.7,2026-04-25 14:18:59.985190+00:00
p16_20260425T141705_5037b797,NS-08,RI-05,0.0,0.0,0.0,2904,False,0.7,2026-04-25 14:18:59.985311+00:00
p16_20260425T141705_5037b797,NS-08,RI-06,0.1961,0.1507,0.1961,2904,False,0.7,2026-04-25 14:18:59.985200+00:00
p16_20260425T141705_5037b797,NS-09,NS-10,0.0,0.0,0.0,2904,False,0.7,2026-04-25 14:18:59.985306+00:00
p16_20260425T141705_5037b797,NS-09,NS-11,0.0,0.0,0.0,2904,False,0.7,2026-04-25 14:18:59.985312+00:00
p16_20260425T141705_5037b797,NS-09,NS-12,0.0,0.0,0.0,2904,False,0.7,2026-04-25 14:18:59.985318+00:00
p16_20260425T141705_5037b797,NS-09,NS-13,0.0,0.0,0.0,2904,False,0.7,2026-04-25 14:18:59.985318+00:00
p16_20260425T141705_5037b797,NS-09,RI-01,0.0,0.0,0.0,2904,False,0.7,2026-04-25 14:18:59.985318+00:00
p16_20260425T141705_5037b797,NS-09,RI-02,0.0,0.0,0.0,2904,False,0.7,2026-04-25 14:18:59.985319+00:00
p16_20260425T141705_5037b797,NS-09,RI-03,0.0,0.0,0.0,2904,False,0.7,2026-04-25 14:18:59.985319+00:00
p16_20260425T141705_5037b797,NS-09,RI-04,0.0,0.0,0.0,2904,False,0.7,2026-04-25 14:18:59.985319+00:00
p16_20260425T141705_5037b797,NS-09,RI-05,0.0,0.0,0.0,2904,False,0.7,2026-04-25 14:18:59.985319+00:00
p16_20260425T141705_5037b797,NS-09,RI-06,0.0,0.0,0.0,2904,False,0.7,2026-04-25 14:18:59.985319+00:00
p16_20260425T141705_5037b797,NS-10,NS-11,0.0,0.0,0.0,2904,False,0.7,2026-04-25 14:18:59.985320+00:00
p16_20260425T141705_5037b797,NS-10,NS-12,0.0,0.0,0.0,2904,False,0.7,2026-04-25 14:18:59.985320+00:00
p16_20260425T141705_5037b797,NS-10,NS-13,0.0,0.0,0.0,2904,False,0.7,2026-04-25 14:18:59.985320+00:00
p16_20260425T141705_5037b797,NS-10,RI-01,0.0,0.0,0.0,2904,False,0.7,2026-04-25 14:18:59.985318+00:00
p16_20260425T141705_5037b797,NS-10,RI-02,0.0,0.0,0.0,2904,False,0.7,2026-04-25 14:18:59.985320+00:00
p16_20260425T141705_5037b797,NS-10,RI-03,0.0,0.0,0.0,2904,False,0.7,2026-04-25 14:18:59.985321+00:00
p16_20260425T141705_5037b797,NS-10,RI-04,0.0,0.0,0.0,2904,False,0.7,2026-04-25 14:18:59.985321+00:00
p16_20260425T141705_5037b797,NS-10,RI-05,0.0,0.0,0.0,2904,False,0.7,2026-04-25 14:18:59.985321+00:00
p16_20260425T141705_5037b797,NS-10,RI-06,0.0,0.0,0.0,2904,False,0.7,2026-04-25 14:18:59.985322+00:00
p16_20260425T141705_5037b797,NS-11,NS-12,0.0,0.0,0.0,2904,False,0.7,2026-04-25 14:18:59.985322+00:00
p16_20260425T141705_5037b797,NS-11,NS-13,0.0,0.0,0.0,2904,False,0.7,2026-04-25 14:18:59.985322+00:00
p16_20260425T141705_5037b797,NS-11,RI-01,0.0,0.0,0.0,2904,False,0.7,2026-04-25 14:18:59.985322+00:00
p16_20260425T141705_5037b797,NS-11,RI-02,0.0,0.0,0.0,2904,False,0.7,2026-04-25 14:18:59.985322+00:00
p16_20260425T141705_5037b797,NS-11,RI-03,0.0,0.0,0.0,2904,False,0.7,2026-04-25 14:18:59.985323+00:00
p16_20260425T141705_5037b797,NS-11,RI-04,0.0,0.0,0.0,2904,False,0.7,2026-04-25 14:18:59.985323+00:00
p16_20260425T141705_5037b797,NS-11,RI-05,0.0,0.0,0.0,2904,False,0.7,2026-04-25 14:18:59.985321+00:00
p16_20260425T141705_5037b797,NS-11,RI-06,0.0,0.0,0.0,2904,False,0.7,2026-04-25 14:18:59.985317+00:00
p16_20260425T141705_5037b797,NS-12,NS-13,0.0,0.0,0.0,2904,False,0.7,2026-04-25 14:18:59.985315+00:00
p16_20260425T141705_5037b797,NS-12,RI-01,0.0,0.0,0.0,2904,False,0.7,2026-04-25 14:18:59.985317+00:00
p16_20260425T141705_5037b797,NS-12,RI-02,0.0,0.0,0.0,2904,False,0.7,2026-04-25 14:18:59.985312+00:00
p16_20260425T141705_5037b797,NS-12,RI-03,0.0,0.0,0.0,2904,False,0.7,2026-04-25 14:18:59.985312+00:00
p16_20260425T141705_5037b797,NS-12,RI-04,0.0,0.0,0.0,2904,False,0.7,2026-04-25 14:18:59.985313+00:00
p16_20260425T141705_5037b797,NS-12,RI-05,0.0,0.0,0.0,2904,False,0.7,2026-04-25 14:18:59.985313+00:00
p16_20260425T141705_5037b797,NS-12,RI-06,0.0,0.0,0.0,2904,False,0.7,2026-04-25 14:18:59.985313+00:00
p16_20260425T141705_5037b797,NS-13,RI-01,0.0,0.0,0.0,2904,False,0.7,2026-04-25 14:18:59.985313+00:00
p16_20260425T141705_5037b797,NS-13,RI-02,0.0,0.0,0.0,2904,False,0.7,2026-04-25 14:18:59.985314+00:00
p16_20260425T141705_5037b797,NS-13,RI-03,0.0,0.0,0.0,2904,False,0.7,2026-04-25 14:18:59.985314+00:00
p16_20260425T141705_5037b797,NS-13,RI-04,0.0,0.0,0.0,2904,False,0.7,2026-04-25 14:18:59.985314+00:00
p16_20260425T141705_5037b797,NS-13,RI-05,0.0,0.0,0.0,2904,False,0.7,2026-04-25 14:18:59.985314+00:00
p16_20260425T141705_5037b797,NS-13,RI-06,0.0,0.0,0.0,2904,False,0.7,2026-04-25 14:18:59.985312+00:00
p16_20260425T141705_5037b797,RI-01,RI-02,0.0,0.0,0.0,2904,False,0.7,2026-04-25 14:18:59.985315+00:00
p16_20260425T141705_5037b797,RI-01,RI-03,0.0,0.0,0.0,2904,False,0.7,2026-04-25 14:18:59.985315+00:00
p16_20260425T141705_5037b797,RI-01,RI-04,0.0,0.0,0.0,2904,False,0.7,2026-04-25 14:18:59.985315+00:00
p16_20260425T141705_5037b797,RI-01,RI-05,0.0,0.0,0.0,2904,False,0.7,2026-04-25 14:18:59.985315+00:00
p16_20260425T141705_5037b797,RI-01,RI-06,0.0,0.0,0.0,2904,False,0.7,2026-04-25 14:18:59.985316+00:00
p16_20260425T141705_5037b797,RI-02,RI-03,0.0,0.0,0.0,2904,False,0.7,2026-04-25 14:18:59.985316+00:00
p16_20260425T141705_5037b797,RI-02,RI-04,-0.0928,-0.0822,0.0928,2904,False,0.7,2026-04-25 14:18:59.985217+00:00
p16_20260425T141705_5037b797,RI-02,RI-05,0.0,0.0,0.0,2904,False,0.7,2026-04-25 14:18:59.985316+00:00
p16_20260425T141705_5037b797,RI-02,RI-06,0.1063,0.0587,0.1063,2904,False,0.7,2026-04-25 14:18:59.985213+00:00
p16_20260425T141705_5037b797,RI-03,RI-04,0.0,0.0,0.0,2904,False,0.7,2026-04-25 14:18:59.985316+00:00
p16_20260425T141705_5037b797,RI-03,RI-05,0.0,0.0,0.0,2904,False,0.7,2026-04-25 14:18:59.985317+00:00
p16_20260425T141705_5037b797,RI-03,RI-06,0.0,0.0,0.0,2904,False,0.7,2026-04-25 14:18:59.985317+00:00
p16_20260425T141705_5037b797,RI-04,RI-05,0.0,0.0,0.0,2904,False,0.7,2026-04-25 14:18:59.985317+00:00
p16_20260425T141705_5037b797,RI-04,RI-06,-0.0349,-0.0096,0.0349,2904,False,0.7,2026-04-25 14:18:59.985240+00:00
p16_20260425T141705_5037b797,RI-05,RI-06,0.0,0.0,0.0,2904,False,0.7,2026-04-25 14:18:59.985440+00:00
