country_code,site_name,site_id,nearest_airport_km,nearest_airport_name,nearest_airport_type,flight_path_distance_km,airport_count,hi01_quality,hi01_comment,nearest_seveso_km,nearest_industrial_km,hi02_quality,hi02_comment,nearest_toxic_source_km,hi03_quality,hi03_comment,nearest_flammable_storage_km,nearest_pipeline_km,hi04_quality,hi04_comment,hazmat_route_distance_km,hi05_quality,hi05_comment,nearest_military_km,nearest_military_name,military_count,hi06_quality,hi06_comment,nearest_transmitter_km,transmitter_type,transmitter_count,hi07_quality,hi07_comment,nearest_nuclear_km,nearest_nuclear_name,hi08_quality,hi08_comment,fetched_at,run_id,source_db,merge_run_id
AL,Porto Romano Power Station,e6ecead0-54d1-41fe-8268-1253d0d7ef3e,25.11,Tirana International Airport Mother Teresa,large_airport,12.56,1,high,Nearest: Tirana International Airport Mother Teresa (large_airport) at 25.1 km; Nearest large: 25.1 km; Nearest medium: 77.7 km; Within 30 km: 1; Source: OurAirports; quality: high,,,not_applicable,No chemical/petrochemical facilities within search radius; Source: EEA E-PRTR; quality: insufficient,,not_applicable,No toxic release sources within search radius; Source: EEA E-PRTR; quality: insufficient,,,not_applicable,No flammable storage facilities within search radius; Source: EEA E-PRTR; quality: insufficient,,,,2.16,Bunker,42,high,"Nearest military: Bunker (bunker), 2.2 km [A6]. Total features within 25 km: 42. Source: OSM Overpass [FIX-04 military]",4.49,communication,66,medium,"Nearest transmitter: communication, 4.5 km. Total within 25 km: 66. Source: OSM Overpass [FIX-04 transmitter]",,,,,2026-04-17 18:24:28.226573+00:00,fix04_20260417_182300,api,merge_phase2_20260421
AT,Duernrohr power station,6e7fc4d8-636d-411a-baef-e138a5a07acc,10.48,Tulln Heliport,heliport,7.06,7,high,Nearest: Tulln Heliport (heliport) at 10.5 km; Nearest large: 53.6 km; Nearest medium: 58.7 km; Within 30 km: 7; Source: OurAirports; quality: high,,0.69,high,No chemical/petrochemical facilities within search radius; Source: EEA E-PRTR; quality: high,0.69,high,Nearest toxic release source: Abfallverwertungsanlage MVA Dürnrohr at 0.7 km; Within 5 km: 2; Source: EEA E-PRTR; quality: high,,,high,No flammable storage facilities within search radius; Source: EEA E-PRTR; quality: high,,,,10.98,,9,medium,"Nearest military: unnamed (bunker), 11.0 km [A6]. Total features within 25 km: 9. Source: OSM Overpass [FIX-04 military]",0.2,mast,313,medium,"Nearest transmitter: mast, 0.2 km. Total within 25 km: 313. Source: OSM Overpass [FIX-04 transmitter]",,,,,2026-04-18 07:14:14.073708+00:00,fix04_20260418_071244,api,merge_phase2_20260421
AT,Enns Power Station,532bfb42-0d4c-42cf-a81a-287f2b3a75bf,13.21,Hofkirchen Airfield,small_airport,6.6,6,high,Nearest: Hofkirchen Airfield (small_airport) at 13.2 km; Nearest large: 21.4 km; Within 30 km: 6; Source: OurAirports; quality: high,,5.36,high,No chemical/petrochemical facilities within search radius; Source: EEA E-PRTR; quality: high,5.36,high,"Nearest toxic release source: UWEG Asten, Ipfdorferstr. 9 at 5.4 km; Within 5 km: 0; Source: EEA E-PRTR; quality: high",,,high,No flammable storage facilities within search radius; Source: EEA E-PRTR; quality: high,,,,0.57,Towarek-Schul-Kaserne,17,high,"Nearest military: Towarek-Schul-Kaserne (military), 0.6 km [A5]. Total features within 25 km: 17. Source: OSM Overpass [FIX-04 military]",0.37,lighting,447,medium,"Nearest transmitter: lighting, 0.4 km. Total within 25 km: 447. Source: OSM Overpass [FIX-04 transmitter]",,,,,2026-04-18 07:16:36.049781+00:00,fix04_20260418_071244,api,merge_phase2_20260421
AT,Mellach power station,90820fe3-9889-4faf-9906-7c528f8d7bc5,10.05,Graz Airport,large_airport,5.02,4,high,Nearest: Graz Airport (large_airport) at 10.0 km; Nearest large: 10.0 km; Nearest medium: 49.9 km; Within 30 km: 4; Violations: A4; Source: OurAirports; quality: high,,10.21,high,No chemical/petrochemical facilities within search radius; Source: EEA E-PRTR; quality: high,10.21,high,"Nearest toxic release source: INAKTIV Saubermacher AG, Baurestmassendeponie at 10.2 km; Within 5 km: 0; Source: EEA E-PRTR; quality: high",,,high,No flammable storage facilities within search radius; Source: EEA E-PRTR; quality: high,,,,7.3,,14,medium,"Nearest military: unnamed (military), 7.3 km [A5]. Total features within 25 km: 14. Source: OSM Overpass [FIX-04 military]",0.23,mast,407,medium,"Nearest transmitter: mast, 0.2 km. Total within 25 km: 407. Source: OSM Overpass [FIX-04 transmitter]",,,,,2026-04-17 18:34:51.282944+00:00,fix04_20260417_183150,api,merge_phase2_20260421
AT,Riedersbach power station,660d9d71-6733-4294-951b-1c58614d58cf,15.06,Altötting-Burghausen District Hospital Burghausen Heliport,heliport,12.51,12,high,Nearest: Altötting-Burghausen District Hospital Burghausen Heliport (heliport) at 15.1 km; Nearest large: 29.1 km; Nearest medium: 80.2 km; Within 30 km: 12; Source: OurAirports; quality: high,,21.88,high,No chemical/petrochemical facilities within search radius; Source: EEA E-PRTR; quality: high,21.88,high,Nearest toxic release source: Siggerwiesen at 21.9 km; Within 5 km: 0; Source: EEA E-PRTR; quality: high,,,high,No flammable storage facilities within search radius; Source: EEA E-PRTR; quality: high,,,,19.0,,4,medium,"Nearest military: unnamed (bunker), 19.0 km [A6]. Total features within 25 km: 4. Source: OSM Overpass [FIX-04 military]",0.29,mast,159,medium,"Nearest transmitter: mast, 0.3 km. Total within 25 km: 159. Source: OSM Overpass [FIX-04 transmitter]",,,,,2026-04-17 18:37:06.337489+00:00,fix04_20260417_183150,api,merge_phase2_20260421
AT,St Andrae power station,021c723b-98af-4b72-8f6c-ade538885f10,1.15,St. Andrä Im Lavanttal Heliport,heliport,1.15,6,high,Nearest: St. Andrä Im Lavanttal Heliport (heliport) at 1.1 km; Nearest large: 38.4 km; Nearest medium: 50.6 km; Within 30 km: 6; Violations: A1; Source: OurAirports; quality: high,,24.24,high,No chemical/petrochemical facilities within search radius; Source: EEA E-PRTR; quality: high,24.24,high,Nearest toxic release source: Werk Wietersdorf at 24.2 km; Within 5 km: 0; Source: EEA E-PRTR; quality: high,,,high,No flammable storage facilities within search radius; Source: EEA E-PRTR; quality: high,,,,12.43,Österreichisches Bundesheer,0,not_found,No military features found within 25 km. Source: OSM Overpass [FIX-04 military],0.55,communication,123,medium,"Nearest transmitter: communication, 0.5 km. Total within 25 km: 123. Source: OSM Overpass [FIX-04 transmitter]",,,,,2026-04-17 18:38:11.804825+00:00,fix04_20260417_182300,api,merge_phase2_20260421
AT,Timelkam power station,2dcd2c6d-f375-4408-9492-7910662fac03,21.75,Gmunden-Laakirchen Airfield,small_airport,10.87,3,high,Nearest: Gmunden-Laakirchen Airfield (small_airport) at 21.7 km; Nearest large: 50.0 km; Within 30 km: 3; Source: OurAirports; quality: high,,,medium,No chemical/petrochemical facilities within search radius; Source: EEA E-PRTR; quality: medium,,medium,No toxic release sources within search radius; Source: EEA E-PRTR; quality: medium,,,medium,No flammable storage facilities within search radius; Source: EEA E-PRTR; quality: medium,,,,5.9,Ehemaliger FLAK-Turm,0,not_found,No military features found within 25 km. Source: OSM Overpass [FIX-04 military],0.19,mast,0,not_found,No transmitters/masts found within 25 km. Source: OSM Overpass [FIX-04 transmitter],,,,,2026-04-17 18:40:44.225638+00:00,fix04_20260417_182300,api,merge_phase2_20260421
AT,Voitsberg power station,99d712ac-7993-4186-8a0e-2e88bae7e90f,22.08,Graz Airport,large_airport,11.04,3,high,Nearest: Graz Airport (large_airport) at 22.1 km; Nearest large: 22.1 km; Nearest medium: 35.9 km; Within 30 km: 3; Source: OurAirports; quality: high,,19.55,high,No chemical/petrochemical facilities within search radius; Source: EEA E-PRTR; quality: high,19.55,high,"Nearest toxic release source: INAKTIV Saubermacher AG, Baurestmassendeponie at 19.6 km; Within 5 km: 0; Source: EEA E-PRTR; quality: high",,,high,No flammable storage facilities within search radius; Source: EEA E-PRTR; quality: high,,,,16.25,Feliferhof,0,not_found,No military features found within 25 km. Source: OSM Overpass [FIX-04 military],0.72,communication,0,not_found,No transmitters/masts found within 25 km. Source: OSM Overpass [FIX-04 transmitter],,,,,2026-04-17 18:43:35.502634+00:00,fix04_20260417_182300,api,merge_phase2_20260421
AT,Zeltweg power station,33d83e11-cfcd-47cb-be5e-82ca0fc352cc,15.73,Sankt Michael ÖAMTC Heliport,heliport,10.5,6,high,Nearest: Sankt Michael ÖAMTC Heliport (heliport) at 15.7 km; Nearest large: 35.4 km; Nearest medium: 32.3 km; Within 30 km: 6; Source: OurAirports; quality: high,,13.7,high,No chemical/petrochemical facilities within search radius; Source: EEA E-PRTR; quality: high,13.7,high,Nearest toxic release source: SERVUS ABFALL Dienstleistungs GmbH at 13.7 km; Within 5 km: 0; Source: EEA E-PRTR; quality: high,,,high,No flammable storage facilities within search radius; Source: EEA E-PRTR; quality: high,,,,12.05,Ortnerhof,47,medium,"Nearest military: Ortnerhof (range), 12.0 km [A5]. Total features within 25 km: 47. Source: OSM Overpass [FIX-04 military]",4.08,communication,232,medium,"Nearest transmitter: communication, 4.1 km. Total within 25 km: 232. Source: OSM Overpass [FIX-04 transmitter]",,,,,2026-04-17 18:48:31.270232+00:00,fix04_20260417_183150,api,merge_phase2_20260421
BA,Banovici power station,82011c29-a3d3-4a81-a27b-019d2649a251,12.81,Ciljuge Sport Airfield,small_airport,6.4,3,high,Nearest: Ciljuge Sport Airfield (small_airport) at 12.8 km; Nearest large: 16.5 km; Within 30 km: 3; Source: OurAirports; quality: high,,,not_applicable,No chemical/petrochemical facilities within search radius; Source: EEA E-PRTR; quality: insufficient,,not_applicable,No toxic release sources within search radius; Source: EEA E-PRTR; quality: insufficient,,,not_applicable,No flammable storage facilities within search radius; Source: EEA E-PRTR; quality: insufficient,,,,10.91,,5,medium,"Nearest military: unnamed (military), 10.9 km [A5]. Total features within 25 km: 5. Source: OSM Overpass [FIX-04 military]",9.65,mast,11,medium,"Nearest transmitter: mast, 9.6 km. Total within 25 km: 11. Source: OSM Overpass [FIX-04 transmitter]",,,,,2026-04-18 07:17:39.856318+00:00,fix04_20260418_071244,api,merge_phase2_20260421
BA,Bugojno Thermal Power Project,67e5a20f-e3ab-4c18-9864-cf4591d6e15f,51.8,Visoko Kenan Jusufbasic Airfield,small_airport,25.9,0,high,Nearest: Visoko Kenan Jusufbasic Airfield (small_airport) at 51.8 km; Nearest large: 74.9 km; Within 30 km: 0; Source: OurAirports; quality: high,,,not_applicable,No chemical/petrochemical facilities within search radius; Source: EEA E-PRTR; quality: insufficient,,not_applicable,No toxic release sources within search radius; Source: EEA E-PRTR; quality: insufficient,,,not_applicable,No flammable storage facilities within search radius; Source: EEA E-PRTR; quality: insufficient,,,,1.75,Vojarna Bugojno,0,not_found,No military features found within 25 km. Source: OSM Overpass [FIX-04 military],2.74,bell_tower,0,not_found,No transmitters/masts found within 25 km. Source: OSM Overpass [FIX-04 transmitter],,,,,2026-04-17 18:51:04.813338+00:00,fix04_20260417_182300,api,merge_phase2_20260421
BA,Gacko Thermal Power Plant,85257083-08d1-4560-b198-a9df414da4a9,53.83,Trebinje Helipad,heliport,27.63,0,high,Nearest: Trebinje Helipad (heliport) at 53.8 km; Nearest large: 55.3 km; Nearest medium: 87.1 km; Within 30 km: 0; Source: OurAirports; quality: high,,,not_applicable,No chemical/petrochemical facilities within search radius; Source: EEA E-PRTR; quality: insufficient,,not_applicable,No toxic release sources within search radius; Source: EEA E-PRTR; quality: insufficient,,,not_applicable,No flammable storage facilities within search radius; Source: EEA E-PRTR; quality: insufficient,,,,,,0,not_found,No military features found within 25 km. Source: OSM Overpass [FIX-04 military],9.98,communication,0,not_found,No transmitters/masts found within 25 km. Source: OSM Overpass [FIX-04 transmitter],,,,,2026-04-18 07:18:25.954457+00:00,fix04_20260418_071244,api,merge_phase2_20260421
BA,Glinica power station,e2d645e3-c829-4aac-8f6f-d6a5507fd5fa,6.74,Mostar International Airport,large_airport,3.37,1,high,Nearest: Mostar International Airport (large_airport) at 6.7 km; Nearest large: 6.7 km; Nearest medium: 90.9 km; Within 30 km: 1; Violations: A4; Source: OurAirports; quality: high,,,not_applicable,No chemical/petrochemical facilities within search radius; Source: EEA E-PRTR; quality: insufficient,,not_applicable,No toxic release sources within search radius; Source: EEA E-PRTR; quality: insufficient,,,not_applicable,No flammable storage facilities within search radius; Source: EEA E-PRTR; quality: insufficient,,,,1.08,Bunker,0,not_found,No military features found within 25 km. Source: OSM Overpass [FIX-04 military],1.05,communication,0,not_found,No transmitters/masts found within 25 km. Source: OSM Overpass [FIX-04 transmitter],,,,,2026-04-17 19:00:15.261730+00:00,fix04_20260417_182300,api,merge_phase2_20260421
BA,Kakanj Thermal Power Plant,e671be33-8b91-40bd-b563-b833293654aa,7.3,Visoko Kenan Jusufbasic Airfield,small_airport,3.65,3,high,Nearest: Visoko Kenan Jusufbasic Airfield (small_airport) at 7.3 km; Nearest large: 34.2 km; Within 30 km: 3; Source: OurAirports; quality: high,,,not_applicable,No chemical/petrochemical facilities within search radius; Source: EEA E-PRTR; quality: insufficient,,not_applicable,No toxic release sources within search radius; Source: EEA E-PRTR; quality: insufficient,,,not_applicable,No flammable storage facilities within search radius; Source: EEA E-PRTR; quality: insufficient,,,,12.37,Kasarna OS BiH „Tufo Buza“,4,medium,"Nearest military: Kasarna OS BiH „Tufo Buza“ (base), 12.4 km [A5]. Total features within 25 km: 4. Source: OSM Overpass [FIX-04 military]",2.8,minaret,40,medium,"Nearest transmitter: minaret, 2.8 km. Total within 25 km: 40. Source: OSM Overpass [FIX-04 transmitter]",,,,,2026-04-17 18:58:59.929908+00:00,fix04_20260417_183150,api,merge_phase2_20260421
BA,Kamengrad Thermal Power Plant,344e0e9a-558e-4749-bb66-cd746be50cbd,1.58,PPG Paragliding Field,small_airport,0.79,2,high,"Nearest: PPG Paragliding Field (small_airport) at 1.6 km; Nearest large: 53.4 km; Nearest medium: 74.3 km; Within 30 km: 2; Violations: A1, A3; Source: OurAirports; quality: high",,,not_applicable,No chemical/petrochemical facilities within search radius; Source: EEA E-PRTR; quality: insufficient,,not_applicable,No toxic release sources within search radius; Source: EEA E-PRTR; quality: insufficient,,,not_applicable,No flammable storage facilities within search radius; Source: EEA E-PRTR; quality: insufficient,,,,25.02,"Kasarna ""Žarko Zgonjanin"" Prijedor",0,not_found,No military features found within 25 km. Source: OSM Overpass [FIX-04 military],4.84,minaret,0,not_found,No transmitters/masts found within 25 km. Source: OSM Overpass [FIX-04 transmitter],,,,,2026-04-17 19:03:44.355185+00:00,fix04_20260417_182300,api,merge_phase2_20260421
BA,Kongora Thermal Power Plant,0155b913-765f-4d44-89f5-c176b6867cef,38.73,Livno Brda Bosni Airfield,small_airport,19.36,0,high,Nearest: Livno Brda Bosni Airfield (small_airport) at 38.7 km; Nearest large: 58.0 km; Nearest medium: 66.3 km; Within 30 km: 0; Source: OurAirports; quality: high,,,not_applicable,No chemical/petrochemical facilities within search radius; Source: EEA E-PRTR; quality: insufficient,,not_applicable,No toxic release sources within search radius; Source: EEA E-PRTR; quality: insufficient,,,not_applicable,No flammable storage facilities within search radius; Source: EEA E-PRTR; quality: insufficient,,,,21.71,,0,not_found,No military features found within 25 km. Source: OSM Overpass [FIX-04 military],8.5,antenna,0,not_found,No transmitters/masts found within 25 km. Source: OSM Overpass [FIX-04 transmitter],,,,,2026-04-17 19:07:17.592200+00:00,fix04_20260417_182300,api,merge_phase2_20260421
BA,Miljevina power station,aa0bdb5e-45aa-4d15-8aee-cb5b0e14f5d9,42.72,Sarajevo International Airport,large_airport,21.36,0,high,Nearest: Sarajevo International Airport (large_airport) at 42.7 km; Nearest large: 42.7 km; Nearest medium: 94.1 km; Within 30 km: 0; Source: OurAirports; quality: high,,,not_applicable,No chemical/petrochemical facilities within search radius; Source: EEA E-PRTR; quality: insufficient,,not_applicable,No toxic release sources within search radius; Source: EEA E-PRTR; quality: insufficient,,,not_applicable,No flammable storage facilities within search radius; Source: EEA E-PRTR; quality: insufficient,,,,11.93,"Radničko naselje HES ""Gornja Drina""",2,medium,"Nearest military: Radničko naselje HES ""Gornja Drina"" (barracks), 11.9 km [A5]. Total features within 25 km: 2. Source: OSM Overpass [FIX-04 military]",16.06,tower,5,medium,"Nearest transmitter: tower, 16.1 km. Total within 25 km: 5. Source: OSM Overpass [FIX-04 transmitter]",,,,,2026-04-18 07:18:40.286972+00:00,fix04_20260418_071244,api,merge_phase2_20260421
BA,Stanari Thermal Power Plant,e75c63e5-ef2f-4e08-8f8c-3da41215af9d,33.47,Koprivna Begovac Airfield,small_airport,16.73,0,high,Nearest: Koprivna Begovac Airfield (small_airport) at 33.5 km; Nearest large: 44.2 km; Within 30 km: 0; Source: OurAirports; quality: high,,,not_applicable,No chemical/petrochemical facilities within search radius; Source: EEA E-PRTR; quality: insufficient,,not_applicable,No toxic release sources within search radius; Source: EEA E-PRTR; quality: insufficient,,,not_applicable,No flammable storage facilities within search radius; Source: EEA E-PRTR; quality: insufficient,,,,10.54,,6,medium,"Nearest military: unnamed (military), 10.5 km [A5]. Total features within 25 km: 6. Source: OSM Overpass [FIX-04 military]",16.37,minaret,18,medium,"Nearest transmitter: minaret, 16.4 km. Total within 25 km: 18. Source: OSM Overpass [FIX-04 transmitter]",,,,,2026-04-17 19:13:17.634459+00:00,fix04_20260417_182300,api,merge_phase2_20260421
BA,Tuzla Thermal Power Plant,0fb50bcc-5616-40d8-9109-8136a958f18d,11.38,Ciljuge Sport Airfield,small_airport,5.69,3,high,Nearest: Ciljuge Sport Airfield (small_airport) at 11.4 km; Nearest large: 11.5 km; Within 30 km: 3; Violations: A4; Source: OurAirports; quality: high,,,not_applicable,No chemical/petrochemical facilities within search radius; Source: EEA E-PRTR; quality: insufficient,,not_applicable,No toxic release sources within search radius; Source: EEA E-PRTR; quality: insufficient,,,not_applicable,No flammable storage facilities within search radius; Source: EEA E-PRTR; quality: insufficient,,,,5.46,ostaci vojne fortifikacije 1941-1945,8,medium,"Nearest military: ostaci vojne fortifikacije 1941-1945 (bunker), 5.5 km [A6]. Total features within 25 km: 8. Source: OSM Overpass [FIX-04 military]",4.43,mast,19,medium,"Nearest transmitter: mast, 4.4 km. Total within 25 km: 19. Source: OSM Overpass [FIX-04 transmitter]",,,,,2026-04-18 07:18:50.427820+00:00,fix04_20260418_071244,api,merge_phase2_20260421
BA,Ugljevik power station,a23d073a-cbbd-469a-b134-380945fd3f4c,12.77,Dragon Airfield,small_airport,6.39,4,high,Nearest: Dragon Airfield (small_airport) at 12.8 km; Nearest large: 31.5 km; Nearest medium: 87.5 km; Within 30 km: 4; Source: OurAirports; quality: high,,,not_applicable,No chemical/petrochemical facilities within search radius; Source: EEA E-PRTR; quality: insufficient,,not_applicable,No toxic release sources within search radius; Source: EEA E-PRTR; quality: insufficient,,,not_applicable,No flammable storage facilities within search radius; Source: EEA E-PRTR; quality: insufficient,,,,2.48,,11,high,"Nearest military: unnamed (bunker), 2.5 km [A6]. Total features within 25 km: 11. Source: OSM Overpass [FIX-04 military]",0.4,mast,29,medium,"Nearest transmitter: mast, 0.4 km. Total within 25 km: 29. Source: OSM Overpass [FIX-04 transmitter]",,,,,2026-04-18 07:19:19.439778+00:00,fix04_20260418_071244,api,merge_phase2_20260421
BG,Bobov Dol power station,b01fe781-dbc7-40f8-a544-946288020042,3.62,Panicharevo Airfield,small_airport,1.81,3,high,"Nearest: Panicharevo Airfield (small_airport) at 3.6 km; Nearest large: 55.5 km; Within 30 km: 3; Violations: A1, A3; Source: OurAirports; quality: high",,,medium,No chemical/petrochemical facilities within search radius; Source: EEA E-PRTR; quality: medium,,medium,No toxic release sources within search radius; Source: EEA E-PRTR; quality: medium,,,medium,No flammable storage facilities within search radius; Source: EEA E-PRTR; quality: medium,,,,10.78,,4,medium,"Nearest military: unnamed (military), 10.8 km [A5]. Total features within 25 km: 4. Source: OSM Overpass [FIX-04 military]",0.24,mast,0,not_found,No transmitters/masts found within 25 km. Source: OSM Overpass [FIX-04 transmitter],,,,,2026-04-17 19:19:35.770197+00:00,fix04_20260417_182300,api,merge_phase2_20260421
BG,Brikel power station,fee1d5b3-827f-4172-8492-a3e114a3c39e,18.58,Daskal-Atanasovo Airfield,small_airport,9.29,2,high,Nearest: Daskal-Atanasovo Airfield (small_airport) at 18.6 km; Nearest large: 87.6 km; Nearest medium: 49.6 km; Within 30 km: 2; Source: OurAirports; quality: high,,,medium,No chemical/petrochemical facilities within search radius; Source: EEA E-PRTR; quality: medium,,medium,No toxic release sources within search radius; Source: EEA E-PRTR; quality: medium,,,medium,No flammable storage facilities within search radius; Source: EEA E-PRTR; quality: medium,,,,,,0,not_found,No military features found within 25 km. Source: OSM Overpass [FIX-04 military],0.19,mast,19,medium,"Nearest transmitter: mast, 0.2 km. Total within 25 km: 19. Source: OSM Overpass [FIX-04 transmitter]",,,,,2026-04-18 07:19:52.083379+00:00,fix04_20260418_071244,api,merge_phase2_20260421
BG,Deven power station,398cc0f2-25d5-428a-93c9-5e4859680e86,16.09,Varna Airport,large_airport,8.05,5,high,Nearest: Varna Airport (large_airport) at 16.1 km; Nearest large: 16.1 km; Nearest medium: 51.1 km; Within 30 km: 5; Source: OurAirports; quality: high,,0.96,high,No chemical/petrochemical facilities within search radius; Source: EEA E-PRTR; quality: high,0.96,high,Nearest toxic release source: Hus OOD at 1.0 km; Within 5 km: 2; Source: EEA E-PRTR; quality: high,,,high,No flammable storage facilities within search radius; Source: EEA E-PRTR; quality: high,,,,5.66,"Под. 34960 ""Побити камъни""",0,not_found,No military features found within 25 km. Source: OSM Overpass [FIX-04 military],5.39,mast,55,medium,"Nearest transmitter: mast, 5.4 km. Total within 25 km: 55. Source: OSM Overpass [FIX-04 transmitter]",,,,,2026-04-18 07:20:19.857377+00:00,fix04_20260418_071244,api,merge_phase2_20260421
BG,Lom Power Station,30c9e377-b575-46fa-880f-922c46e6500a,32.28,Erden Airfield,small_airport,16.14,0,high,Nearest: Erden Airfield (small_airport) at 32.3 km; Nearest large: 80.1 km; Within 30 km: 0; Source: OurAirports; quality: high,,,medium,No chemical/petrochemical facilities within search radius; Source: EEA E-PRTR; quality: medium,,medium,No toxic release sources within search radius; Source: EEA E-PRTR; quality: medium,,,medium,No flammable storage facilities within search radius; Source: EEA E-PRTR; quality: medium,,,,3.87,,2,high,"Nearest military: unnamed (military), 3.9 km [A5]. Total features within 25 km: 2. Source: OSM Overpass [FIX-04 military]",4.1,tower,18,medium,"Nearest transmitter: tower, 4.1 km. Total within 25 km: 18. Source: OSM Overpass [FIX-04 transmitter]",,,,,2026-04-17 19:46:53.585361+00:00,fix04_20260417_183150,api,merge_phase2_20260421
BG,Maritsa 3 power station,3bb6666f-de2f-4c6f-a28e-c3bddb71b54a,17.85,Gorski Izvor Airstrip,small_airport,8.92,2,high,Nearest: Gorski Izvor Airstrip (small_airport) at 17.8 km; Nearest large: 63.8 km; Nearest medium: 74.9 km; Within 30 km: 2; Source: OurAirports; quality: high,,,medium,No chemical/petrochemical facilities within search radius; Source: EEA E-PRTR; quality: medium,,medium,No toxic release sources within search radius; Source: EEA E-PRTR; quality: medium,,,medium,No flammable storage facilities within search radius; Source: EEA E-PRTR; quality: medium,,,,9.99,,6,medium,"Nearest military: unnamed (military), 10.0 km [A5]. Total features within 25 km: 6. Source: OSM Overpass [FIX-04 military]",0.54,mast,31,medium,"Nearest transmitter: mast, 0.5 km. Total within 25 km: 31. Source: OSM Overpass [FIX-04 transmitter]",,,,,2026-04-18 07:21:14.352001+00:00,fix04_20260418_071244,api,merge_phase2_20260421
BG,Maritsa Iztok-1 power station,d12d7173-8595-4b53-92af-75b44b5a2fb7,18.28,Daskal-Atanasovo Airfield,small_airport,9.14,2,high,Nearest: Daskal-Atanasovo Airfield (small_airport) at 18.3 km; Nearest large: 87.8 km; Nearest medium: 49.3 km; Within 30 km: 2; Source: OurAirports; quality: high,,,medium,No chemical/petrochemical facilities within search radius; Source: EEA E-PRTR; quality: medium,,medium,No toxic release sources within search radius; Source: EEA E-PRTR; quality: medium,,,medium,No flammable storage facilities within search radius; Source: EEA E-PRTR; quality: medium,,,,,,0,not_found,No military features found within 25 km. Source: OSM Overpass [FIX-04 military],0.21,mast,0,not_found,No transmitters/masts found within 25 km. Source: OSM Overpass [FIX-04 transmitter],,,,,2026-04-18 07:21:42.487314+00:00,fix04_20260418_071244,api,merge_phase2_20260421
BG,Maritsa Iztok-2 power station,ec5f337a-ca52-4b86-a0f4-4933eac349e3,9.64,Pet Mogili Airstrip,small_airport,4.82,4,high,Nearest: Pet Mogili Airstrip (small_airport) at 9.6 km; Nearest medium: 28.6 km; Within 30 km: 4; Source: OurAirports; quality: high,,,medium,No chemical/petrochemical facilities within search radius; Source: EEA E-PRTR; quality: medium,,medium,No toxic release sources within search radius; Source: EEA E-PRTR; quality: medium,,,medium,No flammable storage facilities within search radius; Source: EEA E-PRTR; quality: medium,,,,20.2,,1,medium,"Nearest military: unnamed (military), 20.2 km [A5]. Total features within 25 km: 1. Source: OSM Overpass [FIX-04 military]",0.35,mast,0,not_found,No transmitters/masts found within 25 km. Source: OSM Overpass [FIX-04 transmitter],,,,,2026-04-17 19:56:07.909359+00:00,fix04_20260417_182300,api,merge_phase2_20260421
BG,Maritsa Iztok-3 power station,0e860f58-416b-4116-836d-04edf8ded225,20.34,Pet Mogili Airstrip,small_airport,10.17,2,high,Nearest: Pet Mogili Airstrip (small_airport) at 20.3 km; Nearest large: 95.4 km; Nearest medium: 44.9 km; Within 30 km: 2; Source: OurAirports; quality: high,,,medium,No chemical/petrochemical facilities within search radius; Source: EEA E-PRTR; quality: medium,,medium,No toxic release sources within search radius; Source: EEA E-PRTR; quality: medium,,,medium,No flammable storage facilities within search radius; Source: EEA E-PRTR; quality: medium,,,,,,0,not_found,No military features found within 25 km. Source: OSM Overpass [FIX-04 military],0.4,mast,0,not_found,No transmitters/masts found within 25 km. Source: OSM Overpass [FIX-04 transmitter],,,,,2026-04-18 07:22:47.027404+00:00,fix04_20260418_071244,api,merge_phase2_20260421
BG,Maritsa Iztok-4 power station,b1bcb7d3-cd40-40c9-9c59-a01fa71053b3,20.4,Pet Mogili Airstrip,small_airport,10.2,2,high,Nearest: Pet Mogili Airstrip (small_airport) at 20.4 km; Nearest large: 95.5 km; Nearest medium: 44.9 km; Within 30 km: 2; Source: OurAirports; quality: high,,,medium,No chemical/petrochemical facilities within search radius; Source: EEA E-PRTR; quality: medium,,medium,No toxic release sources within search radius; Source: EEA E-PRTR; quality: medium,,,medium,No flammable storage facilities within search radius; Source: EEA E-PRTR; quality: medium,,,,,,0,not_found,No military features found within 25 km. Source: OSM Overpass [FIX-04 military],0.33,mast,18,medium,"Nearest transmitter: mast, 0.3 km. Total within 25 km: 18. Source: OSM Overpass [FIX-04 transmitter]",,,,,2026-04-18 07:23:17.400521+00:00,fix04_20260418_071244,api,merge_phase2_20260421
BG,Republika power station,33a015dd-51e0-497e-b0d3-4b1b3f070438,17.71,Breznik Airfield,small_airport,8.86,6,high,Nearest: Breznik Airfield (small_airport) at 17.7 km; Nearest large: 29.4 km; Within 30 km: 6; Source: OurAirports; quality: high,,1.43,high,No chemical/petrochemical facilities within search radius; Source: EEA E-PRTR; quality: high,1.43,high,Nearest toxic release source: Aiforos BG EAD at 1.4 km; Within 5 km: 2; Source: EEA E-PRTR; quality: high,,,high,No flammable storage facilities within search radius; Source: EEA E-PRTR; quality: high,,,,3.14,ГУСВ под. 64920,0,not_found,No military features found within 25 km. Source: OSM Overpass [FIX-04 military],3.57,mast,125,medium,"Nearest transmitter: mast, 3.6 km. Total within 25 km: 125. Source: OSM Overpass [FIX-04 transmitter]",,,,,2026-04-17 20:09:25.156294+00:00,fix04_20260417_182300,api,merge_phase2_20260421
BG,Ruse Iztok power station,704ef487-f600-4f23-b06e-a0f81b627597,9.86,Nikolovo Airfield,small_airport,4.93,5,high,Nearest: Nikolovo Airfield (small_airport) at 9.9 km; Nearest large: 71.2 km; Nearest medium: 83.1 km; Within 30 km: 5; Source: OurAirports; quality: high,5.24,5.24,high,Nearest chemical/petrochemical: Refinery Polisan at 5.2 km; Within 5 km: 0; Within 10 km: 2; Source: EEA E-PRTR; quality: high,,high,No toxic release sources within search radius; Source: EEA E-PRTR; quality: high,5.24,,high,Nearest flammable storage: Refinery Polisan at 5.2 km; Within 2 km: 0; Within 5 km: 0; Source: EEA E-PRTR; quality: high,,,,3.44,,35,high,"Nearest military: unnamed (bunker), 3.4 km [A6]. Total features within 25 km: 35. Source: OSM Overpass [FIX-04 military]",1.51,lighting,37,medium,"Nearest transmitter: lighting, 1.5 km. Total within 25 km: 37. Source: OSM Overpass [FIX-04 transmitter]",,,,,2026-04-18 07:23:28.792873+00:00,fix04_20260418_071244,api,merge_phase2_20260421
BG,Sliven power station,93685558-3355-4da2-9a4a-4cccd89f9269,2.89,Sliven Barshen Airfield,small_airport,1.45,3,high,"Nearest: Sliven Barshen Airfield (small_airport) at 2.9 km; Nearest large: 97.8 km; Nearest medium: 22.3 km; Within 30 km: 3; Violations: A1, A3; Source: OurAirports; quality: high",,,medium,No chemical/petrochemical facilities within search radius; Source: EEA E-PRTR; quality: medium,,medium,No toxic release sources within search radius; Source: EEA E-PRTR; quality: medium,,,medium,No flammable storage facilities within search radius; Source: EEA E-PRTR; quality: medium,,,,0.74,,22,high,"Nearest military: unnamed (military), 0.7 km [A5]. Total features within 25 km: 22. Source: OSM Overpass [FIX-04 military]",2.64,mast,60,medium,"Nearest transmitter: mast, 2.6 km. Total within 25 km: 60. Source: OSM Overpass [FIX-04 transmitter]",,,,,2026-04-18 07:24:36.816062+00:00,fix04_20260418_071244,api,merge_phase2_20260421
BG,Svilosa power station,2fb27566-cc7b-4530-8ff9-e55e3a1985bd,3.18,Svishtov Airfield,small_airport,1.59,3,high,"Nearest: Svishtov Airfield (small_airport) at 3.2 km; Nearest medium: 63.8 km; Within 30 km: 3; Violations: A1, A3; Source: OurAirports; quality: high",,,medium,No chemical/petrochemical facilities within search radius; Source: EEA E-PRTR; quality: medium,,medium,No toxic release sources within search radius; Source: EEA E-PRTR; quality: medium,,,medium,No flammable storage facilities within search radius; Source: EEA E-PRTR; quality: medium,,,,4.7,,7,high,"Nearest military: unnamed (bunker), 4.7 km [A6]. Total features within 25 km: 7. Source: OSM Overpass [FIX-04 military]",4.75,communication,8,medium,"Nearest transmitter: communication, 4.7 km. Total within 25 km: 8. Source: OSM Overpass [FIX-04 transmitter]",,,,,2026-04-18 07:24:47.245520+00:00,fix04_20260418_071244,api,merge_phase2_20260421
BG,Varna power station,85c56b15-450b-4bb1-b75e-5ea00ee51cb2,6.37,Varna Airport,large_airport,3.19,4,high,Nearest: Varna Airport (large_airport) at 6.4 km; Nearest large: 6.4 km; Nearest medium: 42.2 km; Within 30 km: 4; Violations: A4; Source: OurAirports; quality: high,,11.72,high,No chemical/petrochemical facilities within search radius; Source: EEA E-PRTR; quality: high,11.72,high,Nearest toxic release source: Hus OOD at 11.7 km; Within 5 km: 0; Source: EEA E-PRTR; quality: high,,,high,No flammable storage facilities within search radius; Source: EEA E-PRTR; quality: high,,,,1.12,ТЕРЕМ-КРЗ Флотски Арсенал Варна ЕООД,0,not_found,No military features found within 25 km. Source: OSM Overpass [FIX-04 military],5.6,mast,64,medium,"Nearest transmitter: mast, 5.6 km. Total within 25 km: 64. Source: OSM Overpass [FIX-04 transmitter]",,,,,2026-04-17 20:20:26.592343+00:00,fix04_20260417_182300,api,merge_phase2_20260421
BG,Vidin Works power station,a064c7ae-e699-4a94-a18c-79bdfe42bce3,8.69,Vidin Smurdan Airfield,small_airport,4.35,1,high,Nearest: Vidin Smurdan Airfield (small_airport) at 8.7 km; Nearest large: 92.5 km; Within 30 km: 1; Source: OurAirports; quality: high,,,medium,No chemical/petrochemical facilities within search radius; Source: EEA E-PRTR; quality: medium,,medium,No toxic release sources within search radius; Source: EEA E-PRTR; quality: medium,,,medium,No flammable storage facilities within search radius; Source: EEA E-PRTR; quality: medium,,,,6.29,,7,medium,"Nearest military: unnamed (range), 6.3 km [A5]. Total features within 25 km: 7. Source: OSM Overpass [FIX-04 military]",1.44,mast,0,not_found,No transmitters/masts found within 25 km. Source: OSM Overpass [FIX-04 transmitter],,,,,2026-04-17 20:24:18.609110+00:00,fix04_20260417_182300,api,merge_phase2_20260421
BY,Lelchitsy power station,68aabff9-e662-4b9f-b37d-4c2ebc5f7539,61.7,VD Bolshoy Bokov Airfield,small_airport,30.85,0,high,Nearest: VD Bolshoy Bokov Airfield (small_airport) at 61.7 km; Within 30 km: 0; Source: OurAirports; quality: high,,,not_applicable,No chemical/petrochemical facilities within search radius; Source: EEA E-PRTR; quality: insufficient,,not_applicable,No toxic release sources within search radius; Source: EEA E-PRTR; quality: insufficient,,,not_applicable,No flammable storage facilities within search radius; Source: EEA E-PRTR; quality: insufficient,,,,0.14,ваеннай ўстанова,2,high,"Nearest military: ваеннай ўстанова (range), 0.1 km [A5]. Total features within 25 km: 2. Source: OSM Overpass [FIX-04 military]",0.74,mast,49,medium,"Nearest transmitter: mast, 0.7 km. Total within 25 km: 49. Source: OSM Overpass [FIX-04 transmitter]",,,,,2026-04-17 20:28:14.284543+00:00,fix04_20260417_183150,api,merge_phase2_20260421
BY,Zelwa power station,fac3d0b5-36a5-48ae-8494-f2f08e4342f4,49.96,Shchuchyn,small_airport,24.98,0,high,Nearest: Shchuchyn (small_airport) at 50.0 km; Nearest medium: 66.1 km; Within 30 km: 0; Source: OurAirports; quality: high,,,not_applicable,No chemical/petrochemical facilities within search radius; Source: EEA E-PRTR; quality: insufficient,,not_applicable,No toxic release sources within search radius; Source: EEA E-PRTR; quality: insufficient,,,not_applicable,No flammable storage facilities within search radius; Source: EEA E-PRTR; quality: insufficient,,,,0.14,Ваенны камісарыят Зэльвенскага раёна,2,high,"Nearest military: Ваенны камісарыят Зэльвенскага раёна (office), 0.1 km [A5]. Total features within 25 km: 2. Source: OSM Overpass [FIX-04 military]",0.62,lighting,214,medium,"Nearest transmitter: lighting, 0.6 km. Total within 25 km: 214. Source: OSM Overpass [FIX-04 transmitter]",,,,,2026-04-18 07:25:35.569781+00:00,fix04_20260418_071244,api,merge_phase2_20260421
CZ,Chvaletice power station,d762ceeb-514f-43a6-9f91-a2d422ed6c60,5.05,Škudly Airstrip,small_airport,2.53,18,high,Nearest: Škudly Airstrip (small_airport) at 5.1 km; Nearest large: 20.7 km; Nearest medium: 11.0 km; Within 30 km: 18; Source: OurAirports; quality: high,,,medium,No chemical/petrochemical facilities within search radius; Source: EEA E-PRTR; quality: medium,,medium,No toxic release sources within search radius; Source: EEA E-PRTR; quality: medium,,,medium,No flammable storage facilities within search radius; Source: EEA E-PRTR; quality: medium,,,,8.8,ÚŽ-6a Mokošín,0,not_found,No military features found within 25 km. Source: OSM Overpass [FIX-04 military],0.86,communication,0,not_found,No transmitters/masts found within 25 km. Source: OSM Overpass [FIX-04 transmitter],,,,,2026-04-17 20:29:38.862955+00:00,fix04_20260417_182300,api,merge_phase2_20260421
CZ,Detmarovice power station,a733fc13-11a4-4722-b62d-85c85a4f8ef3,6.17,Letiště Orlová,small_airport,3.08,12,high,Nearest: Letiště Orlová (small_airport) at 6.2 km; Nearest large: 34.5 km; Nearest medium: 75.7 km; Within 30 km: 12; Source: OurAirports; quality: high,,24.41,high,No chemical/petrochemical facilities within search radius; Source: EEA E-PRTR; quality: high,24.41,high,Nearest toxic release source: Site nr 2251 at 24.4 km; Within 5 km: 0; Source: EEA E-PRTR; quality: high,,,high,No flammable storage facilities within search radius; Source: EEA E-PRTR; quality: high,,,,1.38,XVI/15/A-140 Z,64,high,"Nearest military: XVI/15/A-140 Z (bunker), 1.4 km [A6]. Total features within 25 km: 64. Source: OSM Overpass [FIX-04 military]",1.11,mast,255,medium,"Nearest transmitter: mast, 1.1 km. Total within 25 km: 255. Source: OSM Overpass [FIX-04 transmitter]",,,,,2026-04-17 20:40:44.556598+00:00,fix04_20260417_182300,api,merge_phase2_20260421
CZ,Hodonin power station,180880c2-7284-4723-b02a-a62348b9b40b,4.28,Holič Airfield,small_airport,2.14,14,high,Nearest: Holič Airfield (small_airport) at 4.3 km; Nearest large: 75.6 km; Nearest medium: 30.9 km; Within 30 km: 14; Source: OurAirports; quality: high,,,medium,No chemical/petrochemical facilities within search radius; Source: EEA E-PRTR; quality: medium,,medium,No toxic release sources within search radius; Source: EEA E-PRTR; quality: medium,,,medium,No flammable storage facilities within search radius; Source: EEA E-PRTR; quality: medium,,,,9.34,Einmannbunker,95,medium,"Nearest military: Einmannbunker (bunker), 9.3 km [A6]. Total features within 25 km: 95. Source: OSM Overpass [FIX-04 military]",0.06,lighting,126,medium,"Nearest transmitter: lighting, 0.1 km. Total within 25 km: 126. Source: OSM Overpass [FIX-04 transmitter]",,,,,2026-04-17 20:48:16.767960+00:00,fix04_20260417_183150,api,merge_phase2_20260421
CZ,Karvina power station,43e5b2b4-2ccf-46ab-b01e-e3d480146455,4.77,Letiště Orlová,small_airport,2.39,13,high,Nearest: Letiště Orlová (small_airport) at 4.8 km; Nearest large: 30.1 km; Nearest medium: 66.3 km; Within 30 km: 13; Source: OurAirports; quality: high,,,medium,No chemical/petrochemical facilities within search radius; Source: EEA E-PRTR; quality: medium,,medium,No toxic release sources within search radius; Source: EEA E-PRTR; quality: medium,,,medium,No flammable storage facilities within search radius; Source: EEA E-PRTR; quality: medium,,,,3.22,Muzeum Civilní Ochrany - Archa Projekt,59,high,"Nearest military: Muzeum Civilní Ochrany - Archa Projekt (bunker), 3.2 km [A6]. Total features within 25 km: 59. Source: OSM Overpass [FIX-04 military]",2.65,tower,227,medium,"Nearest transmitter: tower, 2.7 km. Total within 25 km: 227. Source: OSM Overpass [FIX-04 transmitter]",,,,,2026-04-17 20:43:48.921234+00:00,fix04_20260417_182300,api,merge_phase2_20260421
CZ,Kladno power station,f1d2bca1-a7a9-4404-84c1-34fc8a59dab7,3.33,Kladno Hospital Heliport,heliport,2.65,30,high,Nearest: Kladno Hospital Heliport (heliport) at 3.3 km; Nearest large: 11.0 km; Nearest medium: 20.3 km; Within 30 km: 30; Violations: A4; Source: OurAirports; quality: high,,,medium,No chemical/petrochemical facilities within search radius; Source: EEA E-PRTR; quality: medium,,medium,No toxic release sources within search radius; Source: EEA E-PRTR; quality: medium,,,medium,No flammable storage facilities within search radius; Source: EEA E-PRTR; quality: medium,,,,1.41,Pozorovatelna CO Halda,116,high,"Nearest military: Pozorovatelna CO Halda (bunker), 1.4 km [A6]. Total features within 25 km: 116. Source: OSM Overpass [FIX-04 military]",1.88,communication,334,medium,"Nearest transmitter: communication, 1.9 km. Total within 25 km: 334. Source: OSM Overpass [FIX-04 transmitter]",,,,,2026-04-18 07:26:13.645180+00:00,fix04_20260418_071244,api,merge_phase2_20260421
CZ,Komorany power station,274ec928-e527-44cf-86c5-b6eddc09d0f7,4.63,Most Hospital Heliport,heliport,3.93,17,high,Nearest: Most Hospital Heliport (heliport) at 4.6 km; Nearest large: 58.6 km; Nearest medium: 67.6 km; Within 30 km: 17; Source: OurAirports; quality: high,,,medium,No chemical/petrochemical facilities within search radius; Source: EEA E-PRTR; quality: medium,,medium,No toxic release sources within search radius; Source: EEA E-PRTR; quality: medium,,,medium,No flammable storage facilities within search radius; Source: EEA E-PRTR; quality: medium,,,,0.56,VI./118/C,0,not_found,No military features found within 25 km. Source: OSM Overpass [FIX-04 military],3.73,communication,0,not_found,No transmitters/masts found within 25 km. Source: OSM Overpass [FIX-04 transmitter],,,,,2026-04-17 20:48:59.998557+00:00,fix04_20260417_182300,api,merge_phase2_20260421
CZ,Ledvice power station,2fe0a0b3-4108-427e-8e54-f77e1ea7227c,0.33,Lednice Power Station Heliport,heliport,0.33,18,high,Nearest: Lednice Power Station Heliport (heliport) at 0.3 km; Nearest large: 62.0 km; Nearest medium: 59.2 km; Within 30 km: 18; Violations: A1; Source: OurAirports; quality: high,,,medium,No chemical/petrochemical facilities within search radius; Source: EEA E-PRTR; quality: medium,,medium,No toxic release sources within search radius; Source: EEA E-PRTR; quality: medium,,,medium,No flammable storage facilities within search radius; Source: EEA E-PRTR; quality: medium,,,,2.11,XI./150a/B -,31,high,"Nearest military: XI./150a/B - (bunker), 2.1 km [A6]. Total features within 25 km: 31. Source: OSM Overpass [FIX-04 military]",0.42,tower,211,medium,"Nearest transmitter: tower, 0.4 km. Total within 25 km: 211. Source: OSM Overpass [FIX-04 transmitter]",,,,,2026-04-17 20:50:53.755882+00:00,fix04_20260417_182300,api,merge_phase2_20260421
CZ,Malesice power station,1c059a42-608c-4753-8fcf-ba797d94f900,1.39,Malešice Heliport,heliport,1.39,33,high,"Nearest: Malešice Heliport (heliport) at 1.4 km; Nearest large: 19.0 km; Nearest medium: 4.3 km; Within 30 km: 33; Violations: A1, A2; Source: OurAirports; quality: high",,,medium,No chemical/petrochemical facilities within search radius; Source: EEA E-PRTR; quality: medium,,medium,No toxic release sources within search radius; Source: EEA E-PRTR; quality: medium,,,medium,No flammable storage facilities within search radius; Source: EEA E-PRTR; quality: medium,,,,4.32,Vojenské letiště Kbely,57,high,"Nearest military: Vojenské letiště Kbely (airfield), 4.3 km [A5]. Total features within 25 km: 57. Source: OSM Overpass [FIX-04 military]",0.25,mast,630,medium,"Nearest transmitter: mast, 0.2 km. Total within 25 km: 630. Source: OSM Overpass [FIX-04 transmitter]",,,,,2026-04-17 20:56:44.922904+00:00,fix04_20260417_182300,api,merge_phase2_20260421
CZ,Marianske Hory power station,cbd67443-4a4e-44fd-a9ed-20ba9574c99e,6.91,The Area Of Fire And Rescue Force Heliport,heliport,4.81,17,high,Nearest: The Area Of Fire And Rescue Force Heliport (heliport) at 6.9 km; Nearest large: 21.5 km; Nearest medium: 74.0 km; Within 30 km: 17; Source: OurAirports; quality: high,,,medium,No chemical/petrochemical facilities within search radius; Source: EEA E-PRTR; quality: medium,,medium,No toxic release sources within search radius; Source: EEA E-PRTR; quality: medium,,,medium,No flammable storage facilities within search radius; Source: EEA E-PRTR; quality: medium,,,,2.11,,0,not_found,No military features found within 25 km. Source: OSM Overpass [FIX-04 military],1.13,communication,190,medium,"Nearest transmitter: communication, 1.1 km. Total within 25 km: 190. Source: OSM Overpass [FIX-04 transmitter]",,,,,2026-04-17 21:00:48.621919+00:00,fix04_20260417_182300,api,merge_phase2_20260421
CZ,Melnik power station,f3523341-daaa-4573-a856-becb2e1bb9e3,2.3,Horní Počáply Airstrip,small_airport,1.15,17,high,"Nearest: Horní Počáply Airstrip (small_airport) at 2.3 km; Nearest large: 36.4 km; Nearest medium: 21.9 km; Within 30 km: 17; Violations: A1, A3; Source: OurAirports; quality: high",,,medium,No chemical/petrochemical facilities within search radius; Source: EEA E-PRTR; quality: medium,,medium,No toxic release sources within search radius; Source: EEA E-PRTR; quality: medium,,,medium,No flammable storage facilities within search radius; Source: EEA E-PRTR; quality: medium,,,,1.62,P1/25/A-200 Z,100,high,"Nearest military: P1/25/A-200 Z (bunker), 1.6 km [A6]. Total features within 25 km: 100. Source: OSM Overpass [FIX-04 military]",2.68,communication,154,medium,"Nearest transmitter: communication, 2.7 km. Total within 25 km: 154. Source: OSM Overpass [FIX-04 transmitter]",,,,,2026-04-17 20:59:56.057909+00:00,fix04_20260417_183150,api,merge_phase2_20260421
CZ,Mondi Steti power station,e299922a-1670-4aff-acda-fd80600af9af,2.19,Štětí Airstrip,small_airport,1.09,17,high,"Nearest: Štětí Airstrip (small_airport) at 2.2 km; Nearest large: 40.9 km; Nearest medium: 27.2 km; Within 30 km: 17; Violations: A1, A3; Source: OurAirports; quality: high",,,medium,No chemical/petrochemical facilities within search radius; Source: EEA E-PRTR; quality: medium,,medium,No toxic release sources within search radius; Source: EEA E-PRTR; quality: medium,,,medium,No flammable storage facilities within search radius; Source: EEA E-PRTR; quality: medium,,,,0.96,,0,not_found,No military features found within 25 km. Source: OSM Overpass [FIX-04 military],1.26,lighting,0,not_found,No transmitters/masts found within 25 km. Source: OSM Overpass [FIX-04 transmitter],,,,,2026-04-17 21:04:20.592662+00:00,fix04_20260417_182300,api,merge_phase2_20260421
CZ,Mostecka Power Station,4eb7914c-e000-403c-b5a5-c350de67bb83,0.4,Most Hospital Heliport,heliport,0.4,17,high,Nearest: Most Hospital Heliport (heliport) at 0.4 km; Nearest large: 61.1 km; Nearest medium: 62.6 km; Within 30 km: 17; Violations: A1; Source: OurAirports; quality: high,,,medium,No chemical/petrochemical facilities within search radius; Source: EEA E-PRTR; quality: medium,,medium,No toxic release sources within search radius; Source: EEA E-PRTR; quality: medium,,,medium,No flammable storage facilities within search radius; Source: EEA E-PRTR; quality: medium,,,,4.23,K-52/4/A-160,48,high,"Nearest military: K-52/4/A-160 (bunker), 4.2 km [A6]. Total features within 25 km: 48. Source: OSM Overpass [FIX-04 military]",1.1,observation,157,medium,"Nearest transmitter: observation, 1.1 km. Total within 25 km: 157. Source: OSM Overpass [FIX-04 transmitter]",,,,,2026-04-17 21:05:47.189705+00:00,fix04_20260417_182300,api,merge_phase2_20260421
CZ,Olomouc power station,44d40276-5847-41d1-ab9b-887bbdc1bcfe,5.09,Olomouc University Hospital Surgical Pavilion Heliport,heliport,3.54,14,high,Nearest: Olomouc University Hospital Surgical Pavilion Heliport (heliport) at 5.1 km; Nearest large: 59.8 km; Nearest medium: 17.7 km; Within 30 km: 14; Source: OurAirports; quality: high,,,medium,No chemical/petrochemical facilities within search radius; Source: EEA E-PRTR; quality: medium,,medium,No toxic release sources within search radius; Source: EEA E-PRTR; quality: medium,,,medium,No flammable storage facilities within search radius; Source: EEA E-PRTR; quality: medium,,,,2.96,,0,not_found,No military features found within 25 km. Source: OSM Overpass [FIX-04 military],0.49,communication,0,not_found,No transmitters/masts found within 25 km. Source: OSM Overpass [FIX-04 transmitter],,,,,2026-04-17 21:11:36.867413+00:00,fix04_20260417_182300,api,merge_phase2_20260421
CZ,Opatovice power station,05daa6b2-bb29-4c26-a459-855626673955,6.25,Kunětice Airfield,small_airport,3.13,21,high,Nearest: Kunětice Airfield (small_airport) at 6.3 km; Nearest large: 12.5 km; Nearest medium: 35.6 km; Within 30 km: 21; Violations: A4; Source: OurAirports; quality: high,,,medium,No chemical/petrochemical facilities within search radius; Source: EEA E-PRTR; quality: medium,,medium,No toxic release sources within search radius; Source: EEA E-PRTR; quality: medium,,,medium,No flammable storage facilities within search radius; Source: EEA E-PRTR; quality: medium,,,,4.05,,181,high,"Nearest military: unnamed (trench), 4.1 km [A5]. Total features within 25 km: 181. Source: OSM Overpass [FIX-04 military]",0.86,communication,465,medium,"Nearest transmitter: communication, 0.9 km. Total within 25 km: 465. Source: OSM Overpass [FIX-04 transmitter]",,,,,2026-04-17 21:13:04.288471+00:00,fix04_20260417_182300,api,merge_phase2_20260421
CZ,Plana Nad Luznici power station,9c4291f1-173b-467e-ae26-8cb01312c605,2.56,Tábor Airfield,small_airport,1.28,6,high,"Nearest: Tábor Airfield (small_airport) at 2.6 km; Nearest large: 50.8 km; Nearest medium: 80.2 km; Within 30 km: 6; Violations: A1, A3; Source: OurAirports; quality: high",,,medium,No chemical/petrochemical facilities within search radius; Source: EEA E-PRTR; quality: medium,,medium,No toxic release sources within search radius; Source: EEA E-PRTR; quality: medium,,,medium,No flammable storage facilities within search radius; Source: EEA E-PRTR; quality: medium,,,,6.74,,0,not_found,No military features found within 25 km. Source: OSM Overpass [FIX-04 military],0.7,communication,0,not_found,No transmitters/masts found within 25 km. Source: OSM Overpass [FIX-04 transmitter],,,,,2026-04-17 21:15:42.739680+00:00,fix04_20260417_182300,api,merge_phase2_20260421
CZ,Plzen CHP power station,97ed917e-acfa-4002-be89-4ec44972ab45,1.64,Plzeň University Hospital Rooftop Heliport,heliport,1.64,14,high,Nearest: Plzeň University Hospital Rooftop Heliport (heliport) at 1.6 km; Nearest large: 60.7 km; Nearest medium: 12.5 km; Within 30 km: 14; Violations: A1; Source: OurAirports; quality: high,,,medium,No chemical/petrochemical facilities within search radius; Source: EEA E-PRTR; quality: medium,,medium,No toxic release sources within search radius; Source: EEA E-PRTR; quality: medium,,,medium,No flammable storage facilities within search radius; Source: EEA E-PRTR; quality: medium,,,,1.74,vyhlídka na Mikulce,39,high,"Nearest military: vyhlídka na Mikulce (bunker), 1.7 km [A6]. Total features within 25 km: 39. Source: OSM Overpass [FIX-04 military]",0.94,communication,185,medium,"Nearest transmitter: communication, 0.9 km. Total within 25 km: 185. Source: OSM Overpass [FIX-04 transmitter]",,,,,2026-04-17 21:19:30.463945+00:00,fix04_20260417_183150,api,merge_phase2_20260421
CZ,Plzenska energetika ELU III power station,a6bf9980-016e-47ea-b40a-82e384a9eb43,3.46,Plzeň University Hospital Rooftop Heliport,heliport,3.46,14,high,Nearest: Plzeň University Hospital Rooftop Heliport (heliport) at 3.5 km; Nearest large: 60.0 km; Nearest medium: 8.8 km; Within 30 km: 14; Source: OurAirports; quality: high,,,medium,No chemical/petrochemical facilities within search radius; Source: EEA E-PRTR; quality: medium,,medium,No toxic release sources within search radius; Source: EEA E-PRTR; quality: medium,,,medium,No flammable storage facilities within search radius; Source: EEA E-PRTR; quality: medium,,,,1.75,Kryt CO č. 9,90,high,"Nearest military: Kryt CO č. 9 (bunker), 1.7 km [A6]. Total features within 25 km: 90. Source: OSM Overpass [FIX-04 military]",1.35,communication,187,medium,"Nearest transmitter: communication, 1.3 km. Total within 25 km: 187. Source: OSM Overpass [FIX-04 transmitter]",,,,,2026-04-17 21:18:45.796967+00:00,fix04_20260417_182300,api,merge_phase2_20260421
CZ,Pocerady power station,32484f7b-18a4-4b21-8e6a-6d68ae099d02,6.03,Rana Loumy Airfield,small_airport,3.01,21,high,Nearest: Rana Loumy Airfield (small_airport) at 6.0 km; Nearest large: 55.2 km; Nearest medium: 56.3 km; Within 30 km: 21; Source: OurAirports; quality: high,,,medium,No chemical/petrochemical facilities within search radius; Source: EEA E-PRTR; quality: medium,,medium,No toxic release sources within search radius; Source: EEA E-PRTR; quality: medium,,,medium,No flammable storage facilities within search radius; Source: EEA E-PRTR; quality: medium,,,,7.94,C-13/19/A-200 Z,47,medium,"Nearest military: C-13/19/A-200 Z (bunker), 7.9 km [A6]. Total features within 25 km: 47. Source: OSM Overpass [FIX-04 military]",3.67,mast,147,medium,"Nearest transmitter: mast, 3.7 km. Total within 25 km: 147. Source: OSM Overpass [FIX-04 transmitter]",,,,,2026-04-17 21:23:16.122800+00:00,fix04_20260417_183150,api,merge_phase2_20260421
CZ,Porici power station,20bce4f5-ca0b-4145-87e5-0a0694343f31,6.21,Horní Staré Město Heliport,heliport,3.5,16,high,Nearest: Horní Staré Město Heliport (heliport) at 6.2 km; Nearest large: 64.0 km; Nearest medium: 81.7 km; Within 30 km: 16; Source: OurAirports; quality: high,,,medium,No chemical/petrochemical facilities within search radius; Source: EEA E-PRTR; quality: medium,,medium,No toxic release sources within search radius; Source: EEA E-PRTR; quality: medium,,,medium,No flammable storage facilities within search radius; Source: EEA E-PRTR; quality: medium,,,,0.19,VS ŠTOB CO elektrárny Poříčí II,537,high,"Nearest military: VS ŠTOB CO elektrárny Poříčí II (bunker), 0.2 km [A6]. Total features within 25 km: 537. Source: OSM Overpass [FIX-04 military]",1.21,communication,138,medium,"Nearest transmitter: communication, 1.2 km. Total within 25 km: 138. Source: OSM Overpass [FIX-04 transmitter]",,,,,2026-04-18 07:27:29.973399+00:00,fix04_20260418_071244,api,merge_phase2_20260421
CZ,Prerov power station,60baaa73-dd8c-4865-bb18-6c73d63a4052,2.75,Přerov Air Base,medium_airport,1.37,18,high,"Nearest: Přerov Air Base (medium_airport) at 2.7 km; Nearest large: 56.6 km; Nearest medium: 2.7 km; Within 30 km: 18; Violations: A1, A2; Source: OurAirports; quality: high",,,medium,No chemical/petrochemical facilities within search radius; Source: EEA E-PRTR; quality: medium,,medium,No toxic release sources within search radius; Source: EEA E-PRTR; quality: medium,,,medium,No flammable storage facilities within search radius; Source: EEA E-PRTR; quality: medium,,,,2.73,Letiště Přerov,30,high,"Nearest military: Letiště Přerov (airfield), 2.7 km [A5]. Total features within 25 km: 30. Source: OSM Overpass [FIX-04 military]",0.98,lighting,229,medium,"Nearest transmitter: lighting, 1.0 km. Total within 25 km: 229. Source: OSM Overpass [FIX-04 transmitter]",,,,,2026-04-17 21:34:00.114431+00:00,fix04_20260417_183150,api,merge_phase2_20260421
CZ,Pribram power station,0ae8917b-a70b-41e5-82de-e4963a7686e3,7.51,Příbram Airfield,small_airport,3.76,3,high,Nearest: Příbram Airfield (small_airport) at 7.5 km; Nearest large: 48.6 km; Nearest medium: 52.5 km; Within 30 km: 3; Source: OurAirports; quality: high,,,medium,No chemical/petrochemical facilities within search radius; Source: EEA E-PRTR; quality: medium,,medium,No toxic release sources within search radius; Source: EEA E-PRTR; quality: medium,,,medium,No flammable storage facilities within search radius; Source: EEA E-PRTR; quality: medium,,,,6.5,,44,medium,"Nearest military: unnamed (military), 6.5 km [A5]. Total features within 25 km: 44. Source: OSM Overpass [FIX-04 military]",1.04,communication,139,medium,"Nearest transmitter: communication, 1.0 km. Total within 25 km: 139. Source: OSM Overpass [FIX-04 transmitter]",,,,,2026-04-17 21:26:41.094576+00:00,fix04_20260417_182300,api,merge_phase2_20260421
CZ,Prunerov power station,b0ba194f-3c80-4725-b1e7-fa5277b38833,2.88,Kadaň Hospital Heliport,heliport,2.88,15,high,Nearest: Kadaň Hospital Heliport (heliport) at 2.9 km; Nearest large: 33.8 km; Nearest medium: 82.2 km; Within 30 km: 15; Source: OurAirports; quality: high,,,medium,No chemical/petrochemical facilities within search radius; Source: EEA E-PRTR; quality: medium,,medium,No toxic release sources within search radius; Source: EEA E-PRTR; quality: medium,,,medium,No flammable storage facilities within search radius; Source: EEA E-PRTR; quality: medium,,,,1.59,K-50/6/D2,21,high,"Nearest military: K-50/6/D2 (bunker), 1.6 km [A6]. Total features within 25 km: 21. Source: OSM Overpass [FIX-04 military]",0.43,communication,151,medium,"Nearest transmitter: communication, 0.4 km. Total within 25 km: 151. Source: OSM Overpass [FIX-04 transmitter]",,,,,2026-04-17 21:27:07.741346+00:00,fix04_20260417_182300,api,merge_phase2_20260421
CZ,Sko-Energo power station,20c9d02d-e9e8-40b3-a11e-7a2e01018d8c,1.84,Klaudiánova Hospital Heliport,heliport,1.62,20,high,"Nearest: Klaudiánova Hospital Heliport (heliport) at 1.8 km; Nearest large: 59.4 km; Nearest medium: 23.2 km; Within 30 km: 20; Violations: A1, A3; Source: OurAirports; quality: high",,,medium,No chemical/petrochemical facilities within search radius; Source: EEA E-PRTR; quality: medium,,medium,No toxic release sources within search radius; Source: EEA E-PRTR; quality: medium,,,medium,No flammable storage facilities within search radius; Source: EEA E-PRTR; quality: medium,,,,2.54,Pozorovatelna CO Kosmonosy,21,high,"Nearest military: Pozorovatelna CO Kosmonosy (bunker), 2.5 km [A6]. Total features within 25 km: 21. Source: OSM Overpass [FIX-04 military]",0.05,lighting,156,medium,"Nearest transmitter: lighting, 0.0 km. Total within 25 km: 156. Source: OSM Overpass [FIX-04 transmitter]",,,,,2026-04-18 07:29:39.030498+00:00,fix04_20260418_071244,api,merge_phase2_20260421
CZ,Tisova power station,14e88076-ce0e-4693-bca4-e80f3f013c7f,7.25,Rovná u Sokolova Airstrip,small_airport,3.63,9,high,Nearest: Rovná u Sokolova Airstrip (small_airport) at 7.3 km; Nearest large: 22.5 km; Nearest medium: 56.1 km; Within 30 km: 9; Source: OurAirports; quality: high,,,medium,No chemical/petrochemical facilities within search radius; Source: EEA E-PRTR; quality: medium,,medium,No toxic release sources within search radius; Source: EEA E-PRTR; quality: medium,,,medium,No flammable storage facilities within search radius; Source: EEA E-PRTR; quality: medium,,,,9.29,Pozorovací stanoviště Smrkovec,7,medium,"Nearest military: Pozorovací stanoviště Smrkovec (bunker), 9.3 km [A6]. Total features within 25 km: 7. Source: OSM Overpass [FIX-04 military]",2.69,communication,144,medium,"Nearest transmitter: communication, 2.7 km. Total within 25 km: 144. Source: OSM Overpass [FIX-04 transmitter]",,,,,2026-04-18 07:30:35.123650+00:00,fix04_20260418_071244,api,merge_phase2_20260421
CZ,Trebovice power station,66c3f077-1ee6-41d7-8e6c-da374bb45139,3.46,The Area Of Fire And Rescue Force Heliport,heliport,3.46,18,high,Nearest: The Area Of Fire And Rescue Force Heliport (heliport) at 3.5 km; Nearest large: 16.7 km; Nearest medium: 72.6 km; Within 30 km: 18; Source: OurAirports; quality: high,,,medium,No chemical/petrochemical facilities within search radius; Source: EEA E-PRTR; quality: medium,,medium,No toxic release sources within search radius; Source: EEA E-PRTR; quality: medium,,,medium,No flammable storage facilities within search radius; Source: EEA E-PRTR; quality: medium,,,,4.89,Pozorovatelna CO,92,high,"Nearest military: Pozorovatelna CO (bunker), 4.9 km [A6]. Total features within 25 km: 92. Source: OSM Overpass [FIX-04 military]",1.1,communication,174,medium,"Nearest transmitter: communication, 1.1 km. Total within 25 km: 174. Source: OSM Overpass [FIX-04 transmitter]",,,,,2026-04-17 21:32:47.556351+00:00,fix04_20260417_182300,api,merge_phase2_20260421
CZ,Trinec-E3 power station,63601ccc-3f20-4cbd-95cb-0fbeaf821c6a,20.47,Havířov Heliport,heliport,10.99,7,high,Nearest: Havířov Heliport (heliport) at 20.5 km; Nearest large: 40.5 km; Nearest medium: 49.6 km; Within 30 km: 7; Source: OurAirports; quality: high,,,medium,No chemical/petrochemical facilities within search radius; Source: EEA E-PRTR; quality: medium,,medium,No toxic release sources within search radius; Source: EEA E-PRTR; quality: medium,,,medium,No flammable storage facilities within search radius; Source: EEA E-PRTR; quality: medium,,,,8.26,,26,medium,"Nearest military: unnamed (bunker), 8.3 km [A6]. Total features within 25 km: 26. Source: OSM Overpass [FIX-04 military]",1.27,antenna,0,not_found,No transmitters/masts found within 25 km. Source: OSM Overpass [FIX-04 transmitter],,,,,2026-04-17 21:34:13.610933+00:00,fix04_20260417_182300,api,merge_phase2_20260421
CZ,Tusimice power station,287cbb48-bb08-40dd-82c5-cfe1530dfbb9,3.95,Kadaň Emergency Heliport,heliport,3.95,15,high,Nearest: Kadaň Emergency Heliport (heliport) at 4.0 km; Nearest large: 36.2 km; Nearest medium: 77.2 km; Within 30 km: 15; Source: OurAirports; quality: high,,,medium,No chemical/petrochemical facilities within search radius; Source: EEA E-PRTR; quality: medium,,medium,No toxic release sources within search radius; Source: EEA E-PRTR; quality: medium,,,medium,No flammable storage facilities within search radius; Source: EEA E-PRTR; quality: medium,,,,5.57,V.a/38/B,0,not_found,No military features found within 25 km. Source: OSM Overpass [FIX-04 military],0.97,communication,0,not_found,No transmitters/masts found within 25 km. Source: OSM Overpass [FIX-04 transmitter],,,,,2026-04-17 21:37:06.296107+00:00,fix04_20260417_182300,api,merge_phase2_20260421
CZ,Vresova TPS power station,5f4ed23c-cea2-41ef-a3e8-ac863e1bdcd6,7.19,Hory Airfield,small_airport,3.59,10,high,Nearest: Hory Airfield (small_airport) at 7.2 km; Nearest large: 16.7 km; Nearest medium: 60.0 km; Within 30 km: 10; Source: OurAirports; quality: high,,,medium,No chemical/petrochemical facilities within search radius; Source: EEA E-PRTR; quality: medium,,medium,No toxic release sources within search radius; Source: EEA E-PRTR; quality: medium,,,medium,No flammable storage facilities within search radius; Source: EEA E-PRTR; quality: medium,,,,7.93,,0,not_found,No military features found within 25 km. Source: OSM Overpass [FIX-04 military],2.69,tower,0,not_found,No transmitters/masts found within 25 km. Source: OSM Overpass [FIX-04 transmitter],,,,,2026-04-17 21:39:39.404946+00:00,fix04_20260417_182300,api,merge_phase2_20260421
CZ,Zlin power station,aa38441d-aec7-4ae9-b4c3-68c5bf567db3,3.72,Bat’A Hospital Heliport,heliport,3.72,18,high,Nearest: Bat’A Hospital Heliport (heliport) at 3.7 km; Nearest large: 61.9 km; Nearest medium: 26.8 km; Within 30 km: 18; Source: OurAirports; quality: high,,,medium,No chemical/petrochemical facilities within search radius; Source: EEA E-PRTR; quality: medium,,medium,No toxic release sources within search radius; Source: EEA E-PRTR; quality: medium,,,medium,No flammable storage facilities within search radius; Source: EEA E-PRTR; quality: medium,,,,1.27,bunkr,9,high,"Nearest military: bunkr (bunker), 1.3 km [A6]. Total features within 25 km: 9. Source: OSM Overpass [FIX-04 military]",0.39,observation,0,not_found,No transmitters/masts found within 25 km. Source: OSM Overpass [FIX-04 transmitter],,,,,2026-04-17 21:41:11.712598+00:00,fix04_20260417_182300,api,merge_phase2_20260421
HR,Ploče power station,7af0e000-3d19-4e5e-b504-f74897f1510c,41.85,Osejava Heliport,heliport,21.15,0,high,Nearest: Osejava Heliport (heliport) at 41.8 km; Nearest large: 42.3 km; Nearest medium: 66.5 km; Within 30 km: 0; Source: OurAirports; quality: high,,,medium,No chemical/petrochemical facilities within search radius; Source: EEA E-PRTR; quality: medium,,medium,No toxic release sources within search radius; Source: EEA E-PRTR; quality: medium,,,medium,No flammable storage facilities within search radius; Source: EEA E-PRTR; quality: medium,,,,1.14,,0,not_found,No military features found within 25 km. Source: OSM Overpass [FIX-04 military],7.64,communication,0,not_found,No transmitters/masts found within 25 km. Source: OSM Overpass [FIX-04 transmitter],,,,,2026-04-17 21:43:39.258721+00:00,fix04_20260417_182300,api,merge_phase2_20260421
HR,Plomin power station,ab151830-e5bd-46de-8400-01aa4c165366,26.56,Cres Heliport,heliport,16.5,1,high,Nearest: Cres Heliport (heliport) at 26.6 km; Nearest large: 33.0 km; Nearest medium: 56.7 km; Within 30 km: 1; Source: OurAirports; quality: high,,,medium,No chemical/petrochemical facilities within search radius; Source: EEA E-PRTR; quality: medium,,medium,No toxic release sources within search radius; Source: EEA E-PRTR; quality: medium,,,medium,No flammable storage facilities within search radius; Source: EEA E-PRTR; quality: medium,,,,4.25,,0,not_found,No military features found within 25 km. Source: OSM Overpass [FIX-04 military],1.67,communication,41,medium,"Nearest transmitter: communication, 1.7 km. Total within 25 km: 41. Source: OSM Overpass [FIX-04 transmitter]",,,,,2026-04-17 21:48:02.497329+00:00,fix04_20260417_182300,api,merge_phase2_20260421
HU,Bakony power station,ef325d90-6d2d-4f8f-89f2-3bc98beb149b,7.48,Kislőd Airstrip,small_airport,3.74,6,high,Nearest: Kislőd Airstrip (small_airport) at 7.5 km; Nearest medium: 54.7 km; Within 30 km: 6; Source: OurAirports; quality: high,,1.44,high,No chemical/petrochemical facilities within search radius; Source: EEA E-PRTR; quality: high,1.44,high,Nearest toxic release source: BIOMASS Kft. Ajka Hulladékhasznosító telep at 1.4 km; Within 5 km: 2; Source: EEA E-PRTR; quality: high,,,high,No flammable storage facilities within search radius; Source: EEA E-PRTR; quality: high,,,,12.62,,0,not_found,No military features found within 25 km. Source: OSM Overpass [FIX-04 military],1.65,mast,0,not_found,No transmitters/masts found within 25 km. Source: OSM Overpass [FIX-04 transmitter],,,,,2026-04-17 21:50:28.884520+00:00,fix04_20260417_182300,api,merge_phase2_20260421
HU,Banhida-II power station,f2b3a729-602a-4b6b-acc9-004244f2e556,6.72,Kecskéd Airfield,small_airport,3.36,3,high,Nearest: Kecskéd Airfield (small_airport) at 6.7 km; Nearest large: 69.2 km; Nearest medium: 42.5 km; Within 30 km: 3; Source: OurAirports; quality: high,,5.49,high,No chemical/petrochemical facilities within search radius; Source: EEA E-PRTR; quality: high,5.49,high,Nearest toxic release source: NHSZ Vértes Vidéke Hulladékgazdálkodási Nonprofit Kft. Tatabánya Duna-Vértes Regionális Hulladékkezelő Központ at 5.5 km; Within 5 km: 0; Source: EEA E-PRTR; quality: high,,,high,No flammable storage facilities within search radius; Source: EEA E-PRTR; quality: high,,,,10.5,Nőtlen szálló,41,medium,"Nearest military: Nőtlen szálló (barracks), 10.5 km [A5]. Total features within 25 km: 41. Source: OSM Overpass [FIX-04 military]",0.13,water_tower,224,medium,"Nearest transmitter: water_tower, 0.1 km. Total within 25 km: 224. Source: OSM Overpass [FIX-04 transmitter]",,,,,2026-04-17 21:50:03.378184+00:00,fix04_20260417_183150,api,merge_phase2_20260421
HU,Borsod power station,f7dcdb63-26e6-44cd-b440-ec14fe507d90,31.84,Miskolc Heliport,heliport,24.13,0,high,Nearest: Miskolc Heliport (heliport) at 31.8 km; Nearest large: 62.4 km; Nearest medium: 85.4 km; Within 30 km: 0; Source: OurAirports; quality: high,,3.0,high,No chemical/petrochemical facilities within search radius; Source: EEA E-PRTR; quality: high,3.0,high,Nearest toxic release source: BanKonzult Vill Kft. Tiszaújváros Bankonzultvill tiszaújvárosi üzem at 3.0 km; Within 5 km: 2; Source: EEA E-PRTR; quality: high,,,high,No flammable storage facilities within search radius; Source: EEA E-PRTR; quality: high,,,,25.35,,0,not_found,No military features found within 25 km. Source: OSM Overpass [FIX-04 military],1.17,water_tower,132,medium,"Nearest transmitter: water_tower, 1.2 km. Total within 25 km: 132. Source: OSM Overpass [FIX-04 transmitter]",,,,,2026-04-17 21:52:56.554955+00:00,fix04_20260417_182300,api,merge_phase2_20260421
HU,Matra power station,28b36531-865d-42ae-afb3-b8bad86f7014,7.01,Gyöngyös Pipishegy Airfield,small_airport,3.51,5,high,Nearest: Gyöngyös Pipishegy Airfield (small_airport) at 7.0 km; Nearest large: 72.2 km; Nearest medium: 75.3 km; Within 30 km: 5; Source: OurAirports; quality: high,,0.31,high,No chemical/petrochemical facilities within search radius; Source: EEA E-PRTR; quality: high,0.31,high,Nearest toxic release source: GEOSOL Kft. Halmajugra GEOSOL I. Alternatív Tüzelőanyag Előkészítő Telephely at 0.3 km; Within 5 km: 4; Source: EEA E-PRTR; quality: high,,,high,No flammable storage facilities within search radius; Source: EEA E-PRTR; quality: high,,,,6.9,bunker vagy lőszer tároló,4,medium,"Nearest military: bunker vagy lőszer tároló (bunker), 6.9 km [A6]. Total features within 25 km: 4. Source: OSM Overpass [FIX-04 military]",0.23,water_tower,150,medium,"Nearest transmitter: water_tower, 0.2 km. Total within 25 km: 150. Source: OSM Overpass [FIX-04 transmitter]",,,,,2026-04-17 21:52:07.564588+00:00,fix04_20260417_183150,api,merge_phase2_20260421
HU,Matraterenye power station,903d6b94-cd9d-4c32-b7e2-4bbfbee929df,10.82,Bátonyterenye-Világosipuszta sportreptér,small_airport,5.41,3,high,Nearest: Bátonyterenye-Világosipuszta sportreptér (small_airport) at 10.8 km; Nearest large: 83.1 km; Nearest medium: 91.7 km; Within 30 km: 3; Source: OurAirports; quality: high,,,medium,No chemical/petrochemical facilities within search radius; Source: EEA E-PRTR; quality: medium,,medium,No toxic release sources within search radius; Source: EEA E-PRTR; quality: medium,,,medium,No flammable storage facilities within search radius; Source: EEA E-PRTR; quality: medium,,,,10.64,Bem József laktanya,0,not_found,No military features found within 25 km. Source: OSM Overpass [FIX-04 military],1.21,communication,0,not_found,No transmitters/masts found within 25 km. Source: OSM Overpass [FIX-04 transmitter],,,,,2026-04-17 21:55:25.010872+00:00,fix04_20260417_182300,api,merge_phase2_20260421
HU,Mecsek Hills power station,34d88ce8-d49c-4b19-af2d-6efcb1b72149,9.81,Pécs Hospital Heliport,heliport,8.7,2,high,Nearest: Pécs Hospital Heliport (heliport) at 9.8 km; Nearest large: 17.4 km; Nearest medium: 35.0 km; Within 30 km: 2; Source: OurAirports; quality: high,,15.95,high,No chemical/petrochemical facilities within search radius; Source: EEA E-PRTR; quality: high,15.95,high,Nearest toxic release source: BIOKOM Nonprofit Kft. Kökény HULLADÉKLERAKÓ II/A ÜTEM at 16.0 km; Within 5 km: 0; Source: EEA E-PRTR; quality: high,,,high,No flammable storage facilities within search radius; Source: EEA E-PRTR; quality: high,,,,9.27,,0,not_found,No military features found within 25 km. Source: OSM Overpass [FIX-04 military],2.54,bell_tower,235,medium,"Nearest transmitter: bell_tower, 2.5 km. Total within 25 km: 235. Source: OSM Overpass [FIX-04 transmitter]",,,,,2026-04-17 21:57:55.158835+00:00,fix04_20260417_182300,api,merge_phase2_20260421
HU,Mohacs power station,997474f6-9bfd-4abd-a2ac-d8618db8f0b4,30.63,Mirkovac Airstrip,small_airport,15.32,0,high,Nearest: Mirkovac Airstrip (small_airport) at 30.6 km; Nearest large: 33.8 km; Nearest medium: 60.2 km; Within 30 km: 0; Source: OurAirports; quality: high,,20.82,high,No chemical/petrochemical facilities within search radius; Source: EEA E-PRTR; quality: high,20.82,high,Nearest toxic release source: Belvárd Power Kft. Belvárdgyula Hulladékhasznosító telep at 20.8 km; Within 5 km: 0; Source: EEA E-PRTR; quality: high,,,high,No flammable storage facilities within search radius; Source: EEA E-PRTR; quality: high,,,,20.32,,9,medium,"Nearest military: unnamed (bunker), 20.3 km [A6]. Total features within 25 km: 9. Source: OSM Overpass [FIX-04 military]",0.06,communication,170,medium,"Nearest transmitter: communication, 0.1 km. Total within 25 km: 170. Source: OSM Overpass [FIX-04 transmitter]",,,,,2026-04-17 22:02:58.866988+00:00,fix04_20260417_182300,api,merge_phase2_20260421
HU,Oroszlány power station,651839d3-4e8f-4214-89aa-1f96ea221121,4.4,Kecskéd Airfield,small_airport,2.2,2,high,Nearest: Kecskéd Airfield (small_airport) at 4.4 km; Nearest large: 74.9 km; Nearest medium: 37.7 km; Within 30 km: 2; Source: OurAirports; quality: high,,1.47,high,No chemical/petrochemical facilities within search radius; Source: EEA E-PRTR; quality: high,1.47,high,Nearest toxic release source: Vértesi Erőmű Zrt. Oroszlány Oroszlányi Erőmű salak és pernyetározó (Oroszlányi zagytér) at 1.5 km; Within 5 km: 2; Source: EEA E-PRTR; quality: high,,,high,No flammable storage facilities within search radius; Source: EEA E-PRTR; quality: high,,,,6.1,GRANIT típusú atomfej tároló,0,not_found,No military features found within 25 km. Source: OSM Overpass [FIX-04 military],0.23,mast,229,medium,"Nearest transmitter: mast, 0.2 km. Total within 25 km: 229. Source: OSM Overpass [FIX-04 transmitter]",,,,,2026-04-17 22:04:37.530919+00:00,fix04_20260417_182300,api,merge_phase2_20260421
HU,Pecs power station,e1649639-2e45-4226-9c7a-783d2dcb6724,4.61,Pécs Hospital Heliport,heliport,4.26,2,high,Nearest: Pécs Hospital Heliport (heliport) at 4.6 km; Nearest large: 8.5 km; Nearest medium: 45.2 km; Within 30 km: 2; Violations: A4; Source: OurAirports; quality: high,,10.01,high,No chemical/petrochemical facilities within search radius; Source: EEA E-PRTR; quality: high,10.01,high,Nearest toxic release source: BIOKOM Nonprofit Kft. Kökény HULLADÉKLERAKÓ II/A ÜTEM at 10.0 km; Within 5 km: 0; Source: EEA E-PRTR; quality: high,,,high,No flammable storage facilities within search radius; Source: EEA E-PRTR; quality: high,,,,6.85,,8,medium,"Nearest military: unnamed (yes), 6.8 km [A5]. Total features within 25 km: 8. Source: OSM Overpass [FIX-04 military]",1.04,communication,250,medium,"Nearest transmitter: communication, 1.0 km. Total within 25 km: 250. Source: OSM Overpass [FIX-04 transmitter]",,,,,2026-04-17 22:11:48.772531+00:00,fix04_20260417_183150,api,merge_phase2_20260421
HU,Tiszapalkonya power station,5de5f907-98e7-42d3-a7dd-cb65f839697b,31.8,Miskolc Heliport,heliport,23.25,0,high,Nearest: Miskolc Heliport (heliport) at 31.8 km; Nearest large: 62.4 km; Nearest medium: 83.9 km; Within 30 km: 0; Source: OurAirports; quality: high,,4.0,high,No chemical/petrochemical facilities within search radius; Source: EEA E-PRTR; quality: high,4.0,high,Nearest toxic release source: BanKonzult Vill Kft. Tiszaújváros Bankonzultvill tiszaújvárosi üzem at 4.0 km; Within 5 km: 2; Source: EEA E-PRTR; quality: high,,,high,No flammable storage facilities within search radius; Source: EEA E-PRTR; quality: high,,,,24.44,BARSZ 502,1,medium,"Nearest military: BARSZ 502 (military), 24.4 km [A5]. Total features within 25 km: 1. Source: OSM Overpass [FIX-04 military]",1.52,communication,131,medium,"Nearest transmitter: communication, 1.5 km. Total within 25 km: 131. Source: OSM Overpass [FIX-04 transmitter]",,,,,2026-04-17 22:14:48.007138+00:00,fix04_20260417_183150,api,merge_phase2_20260421
HU,Torony power station,059b3ad4-7196-4e6b-b169-8605ceeed841,6.13,Markusovszky Hospital Heliport,heliport,4.16,8,high,Nearest: Markusovszky Hospital Heliport (heliport) at 6.1 km; Nearest large: 87.4 km; Nearest medium: 70.6 km; Within 30 km: 8; Source: OurAirports; quality: high,,,medium,No chemical/petrochemical facilities within search radius; Source: EEA E-PRTR; quality: medium,,medium,No toxic release sources within search radius; Source: EEA E-PRTR; quality: medium,,,medium,No flammable storage facilities within search radius; Source: EEA E-PRTR; quality: medium,,,,4.83,,0,not_found,No military features found within 25 km. Source: OSM Overpass [FIX-04 military],1.95,observation,0,not_found,No transmitters/masts found within 25 km. Source: OSM Overpass [FIX-04 transmitter],,,,,2026-04-17 22:16:08.038684+00:00,fix04_20260417_182300,api,merge_phase2_20260421
LV,Kurzeme power station,1a5b8f8f-f4be-4514-8738-755d25e19b41,6.49,Ventspils International Airport,small_airport,3.24,1,high,Nearest: Ventspils International Airport (small_airport) at 6.5 km; Within 30 km: 1; Source: OurAirports; quality: high,,16.33,high,No chemical/petrochemical facilities within search radius; Source: EEA E-PRTR; quality: high,16.33,high,"Nearest toxic release source: SIA ""Ventspils labiekārtošanas kombināts"", Cieto sadzīves atkritumu poligons „Pentuļi” at 16.3 km; Within 5 km: 0; Source: EEA E-PRTR; quality: high",,,high,No flammable storage facilities within search radius; Source: EEA E-PRTR; quality: high,,,,5.39,,0,not_found,No military features found within 25 km. Source: OSM Overpass [FIX-04 military],0.33,lighting,194,medium,"Nearest transmitter: lighting, 0.3 km. Total within 25 km: 194. Source: OSM Overpass [FIX-04 transmitter]",,,,,2026-04-17 22:20:11.094753+00:00,fix04_20260417_182300,api,merge_phase2_20260421
MD,Kuchurgan power station,b3eb5dd2-98cf-40c4-b9ee-2a86fd066093,7.03,Lymanske Airfield,small_airport,3.52,2,high,Nearest: Lymanske Airfield (small_airport) at 7.0 km; Nearest large: 60.4 km; Nearest medium: 37.6 km; Within 30 km: 2; Source: OurAirports; quality: high,,,not_applicable,No chemical/petrochemical facilities within search radius; Source: EEA E-PRTR; quality: insufficient,,not_applicable,No toxic release sources within search radius; Source: EEA E-PRTR; quality: insufficient,,,not_applicable,No flammable storage facilities within search radius; Source: EEA E-PRTR; quality: insufficient,,,,11.38,ДОТ № 1202 ТиУР,12,medium,"Nearest military: ДОТ № 1202 ТиУР (bunker), 11.4 km [A6]. Total features within 25 km: 12. Source: OSM Overpass [FIX-04 military]",0.47,mast,85,medium,"Nearest transmitter: mast, 0.5 km. Total within 25 km: 85. Source: OSM Overpass [FIX-04 transmitter]",,,,,2026-04-17 22:19:14.357580+00:00,fix04_20260417_183150,api,merge_phase2_20260421
ME,Bar power station,3795824b-cb76-48dd-a65c-764c757ddc76,28.0,Splendid Hotel Helipad,heliport,15.72,1,high,Nearest: Splendid Hotel Helipad (heliport) at 28.0 km; Nearest large: 31.4 km; Nearest medium: 45.9 km; Within 30 km: 1; Source: OurAirports; quality: high,,,not_applicable,No chemical/petrochemical facilities within search radius; Source: EEA E-PRTR; quality: insufficient,,not_applicable,No toxic release sources within search radius; Source: EEA E-PRTR; quality: insufficient,,,not_applicable,No flammable storage facilities within search radius; Source: EEA E-PRTR; quality: insufficient,,,,0.89,,0,not_found,No military features found within 25 km. Source: OSM Overpass [FIX-04 military],0.46,tower,0,not_found,No transmitters/masts found within 25 km. Source: OSM Overpass [FIX-04 transmitter],,,,,2026-04-17 22:22:40.596973+00:00,fix04_20260417_182300,api,merge_phase2_20260421
ME,Berane power station,e77a7e7f-11ba-4e61-98da-f44471bc52ab,0.2,Berane Airport,small_airport,0.1,2,high,"Nearest: Berane Airport (small_airport) at 0.2 km; Nearest large: 73.0 km; Within 30 km: 2; Violations: A1, A3; Source: OurAirports; quality: high",,,not_applicable,No chemical/petrochemical facilities within search radius; Source: EEA E-PRTR; quality: insufficient,,not_applicable,No toxic release sources within search radius; Source: EEA E-PRTR; quality: insufficient,,,not_applicable,No flammable storage facilities within search radius; Source: EEA E-PRTR; quality: insufficient,,,,14.81,Zekova Glava,3,medium,"Nearest military: Zekova Glava (military), 14.8 km [A5]. Total features within 25 km: 3. Source: OSM Overpass [FIX-04 military]",1.02,observation,12,medium,"Nearest transmitter: observation, 1.0 km. Total within 25 km: 12. Source: OSM Overpass [FIX-04 transmitter]",,,,,2026-04-17 22:21:27.054870+00:00,fix04_20260417_183150,api,merge_phase2_20260421
ME,Maoce Power Station,a851b5f3-8392-4766-82b9-379c6c04fe5d,47.97,Zlatibor Sport Airstrip (U.C.),small_airport,23.99,0,high,Nearest: Zlatibor Sport Airstrip (U.C.) (small_airport) at 48.0 km; Nearest large: 97.6 km; Nearest medium: 65.8 km; Within 30 km: 0; Source: OurAirports; quality: high,,,not_applicable,No chemical/petrochemical facilities within search radius; Source: EEA E-PRTR; quality: insufficient,,not_applicable,No toxic release sources within search radius; Source: EEA E-PRTR; quality: insufficient,,,not_applicable,No flammable storage facilities within search radius; Source: EEA E-PRTR; quality: insufficient,,,,1.24,"Kasarna ""Vladimir Knežević - Volođa""",0,not_found,No military features found within 25 km. Source: OSM Overpass [FIX-04 military],2.66,communication,0,not_found,No transmitters/masts found within 25 km. Source: OSM Overpass [FIX-04 transmitter],,,,,2026-04-17 22:25:15.132601+00:00,fix04_20260417_182300,api,merge_phase2_20260421
ME,Pljevlja power station,a9385c82-79b7-4f8d-b609-0a12ed946fe6,51.79,Zlatibor Sport Airstrip (U.C.),small_airport,25.89,0,high,Nearest: Zlatibor Sport Airstrip (U.C.) (small_airport) at 51.8 km; Nearest large: 97.0 km; Nearest medium: 69.5 km; Within 30 km: 0; Source: OurAirports; quality: high,,,not_applicable,No chemical/petrochemical facilities within search radius; Source: EEA E-PRTR; quality: insufficient,,not_applicable,No toxic release sources within search radius; Source: EEA E-PRTR; quality: insufficient,,,not_applicable,No flammable storage facilities within search radius; Source: EEA E-PRTR; quality: insufficient,,,,2.91,"Kasarna ""Vladimir Knežević - Volođa""",1,high,"Nearest military: Kasarna ""Vladimir Knežević - Volođa"" (base), 2.9 km [A5]. Total features within 25 km: 1. Source: OSM Overpass [FIX-04 military]",0.27,mast,14,medium,"Nearest transmitter: mast, 0.3 km. Total within 25 km: 14. Source: OSM Overpass [FIX-04 transmitter]",,,,,2026-04-17 22:23:53.585356+00:00,fix04_20260417_183150,api,merge_phase2_20260421
MK,Bitola power station,1739b1b7-a6f3-466c-9dfa-3d1de9d5b6db,6.64,Logovardi Sport Aerodrome,small_airport,3.32,2,high,Nearest: Logovardi Sport Aerodrome (small_airport) at 6.6 km; Nearest large: 63.6 km; Nearest medium: 91.0 km; Within 30 km: 2; Source: OurAirports; quality: high,,,not_applicable,No chemical/petrochemical facilities within search radius; Source: EEA E-PRTR; quality: insufficient,,not_applicable,No toxic release sources within search radius; Source: EEA E-PRTR; quality: insufficient,,,not_applicable,No flammable storage facilities within search radius; Source: EEA E-PRTR; quality: insufficient,,,,16.17,,9,medium,"Nearest military: unnamed (military), 16.2 km [A5]. Total features within 25 km: 9. Source: OSM Overpass [FIX-04 military]",0.22,mast,26,medium,"Nearest transmitter: mast, 0.2 km. Total within 25 km: 26. Source: OSM Overpass [FIX-04 transmitter]",,,,,2026-04-17 22:24:58.708066+00:00,fix04_20260417_183150,api,merge_phase2_20260421
MK,Mariovo power station,7bff5ef2-646d-4b83-83b0-7f3da32f0254,22.17,Promachi Heliport,heliport,15.7,1,high,Nearest: Promachi Heliport (heliport) at 22.2 km; Nearest large: 89.2 km; Nearest medium: 93.1 km; Within 30 km: 1; Source: OurAirports; quality: high,,,not_applicable,No chemical/petrochemical facilities within search radius; Source: EEA E-PRTR; quality: insufficient,,not_applicable,No toxic release sources within search radius; Source: EEA E-PRTR; quality: insufficient,,,not_applicable,No flammable storage facilities within search radius; Source: EEA E-PRTR; quality: insufficient,,,,21.92,Стефанец,0,not_found,No military features found within 25 km. Source: OSM Overpass [FIX-04 military],1.57,mast,0,not_found,No transmitters/masts found within 25 km. Source: OSM Overpass [FIX-04 transmitter],,,,,2026-04-17 22:27:49.486368+00:00,fix04_20260417_182300,api,merge_phase2_20260421
MK,Negotino power station,83d3abe4-2049-47ad-a66b-46034edb7569,6.34,Krivolak Airstrip,small_airport,3.17,2,high,Nearest: Krivolak Airstrip (small_airport) at 6.3 km; Nearest large: 66.0 km; Within 30 km: 2; Source: OurAirports; quality: high,,,not_applicable,No chemical/petrochemical facilities within search radius; Source: EEA E-PRTR; quality: insufficient,,not_applicable,No toxic release sources within search radius; Source: EEA E-PRTR; quality: insufficient,,,not_applicable,No flammable storage facilities within search radius; Source: EEA E-PRTR; quality: insufficient,,,,6.96,Krivolak Trainig Area  KTA,2,medium,"Nearest military: Krivolak Trainig Area  KTA (range), 7.0 km [A5]. Total features within 25 km: 2. Source: OSM Overpass [FIX-04 military]",4.5,mast,7,medium,"Nearest transmitter: mast, 4.5 km. Total within 25 km: 7. Source: OSM Overpass [FIX-04 transmitter]",,,,,2026-04-17 22:29:33.146503+00:00,fix04_20260417_183150,api,merge_phase2_20260421
MK,Oslomej power station,756218bb-3f16-443e-b6c6-400cd0ce2f87,7.41,Kičevo Military Barracks Heliport,heliport,7.41,1,high,Nearest: Kičevo Military Barracks Heliport (heliport) at 7.4 km; Nearest large: 49.6 km; Nearest medium: 69.9 km; Within 30 km: 1; Source: OurAirports; quality: high,,,not_applicable,No chemical/petrochemical facilities within search radius; Source: EEA E-PRTR; quality: insufficient,,not_applicable,No toxic release sources within search radius; Source: EEA E-PRTR; quality: insufficient,,,not_applicable,No flammable storage facilities within search radius; Source: EEA E-PRTR; quality: insufficient,,,,7.33,,3,medium,"Nearest military: unnamed (military), 7.3 km [A5]. Total features within 25 km: 3. Source: OSM Overpass [FIX-04 military]",1.44,communication,14,medium,"Nearest transmitter: communication, 1.4 km. Total within 25 km: 14. Source: OSM Overpass [FIX-04 transmitter]",,,,,2026-04-17 22:31:20.693985+00:00,fix04_20260417_183150,api,merge_phase2_20260421
PL,Adamow power station,e4e3b5f0-7038-47a5-84e3-04eb07b3c4d7,36.27,Rossoszyca  (Warta) Highway Strip,small_airport,18.14,0,high,Nearest: Rossoszyca  (Warta) Highway Strip (small_airport) at 36.3 km; Nearest large: 66.8 km; Nearest medium: 40.9 km; Within 30 km: 0; Source: OurAirports; quality: high,,,medium,No chemical/petrochemical facilities within search radius; Source: EEA E-PRTR; quality: medium,,medium,No toxic release sources within search radius; Source: EEA E-PRTR; quality: medium,,,medium,No flammable storage facilities within search radius; Source: EEA E-PRTR; quality: medium,,,,4.34,12 Wielkopolska Brygada Obrony Terytorialnej,28,high,"Nearest military: 12 Wielkopolska Brygada Obrony Terytorialnej (military), 4.3 km [A5]. Total features within 25 km: 28. Source: OSM Overpass [FIX-04 military]",0.3,mast,97,medium,"Nearest transmitter: mast, 0.3 km. Total within 25 km: 97. Source: OSM Overpass [FIX-04 transmitter]",,,,,2026-04-18 07:32:46.112705+00:00,fix04_20260418_071244,api,merge_phase2_20260421
PL,Bedzin power station,d3b5a049-6bff-400b-9312-96985f03acea,10.4,Katowice-Muchowiec Airfield,small_airport,5.2,5,high,Nearest: Katowice-Muchowiec Airfield (small_airport) at 10.4 km; Nearest large: 19.6 km; Within 30 km: 5; Source: OurAirports; quality: high,,5.51,high,No chemical/petrochemical facilities within search radius; Source: EEA E-PRTR; quality: high,5.51,high,Nearest toxic release source: Site nr 1212 at 5.5 km; Within 5 km: 0; Source: EEA E-PRTR; quality: high,,,high,No flammable storage facilities within search radius; Source: EEA E-PRTR; quality: high,,,,1.39,Wojskowe Centrum Rekrutacji,417,high,"Nearest military: Wojskowe Centrum Rekrutacji (military), 1.4 km [A5]. Total features within 25 km: 417. Source: OSM Overpass [FIX-04 military]",0.25,mast,496,medium,"Nearest transmitter: mast, 0.2 km. Total within 25 km: 496. Source: OSM Overpass [FIX-04 transmitter]",,,,,2026-04-17 22:35:49.620443+00:00,fix04_20260417_183150,api,merge_phase2_20260421
PL,Belchatow power station,8e485f8a-5c68-4541-ab1d-77783f6fcb2d,7.61,Kamieńsk-Orla Góra Airfield,small_airport,3.8,3,high,Nearest: Kamieńsk-Orla Góra Airfield (small_airport) at 7.6 km; Nearest large: 50.9 km; Nearest medium: 33.4 km; Within 30 km: 3; Source: OurAirports; quality: high,,,medium,No chemical/petrochemical facilities within search radius; Source: EEA E-PRTR; quality: medium,,medium,No toxic release sources within search radius; Source: EEA E-PRTR; quality: medium,,,medium,No flammable storage facilities within search radius; Source: EEA E-PRTR; quality: medium,,,,5.69,Bunkier 1,17,medium,"Nearest military: Bunkier 1 (bunker), 5.7 km [A6]. Total features within 25 km: 17. Source: OSM Overpass [FIX-04 military]",0.71,mast,100,medium,"Nearest transmitter: mast, 0.7 km. Total within 25 km: 100. Source: OSM Overpass [FIX-04 transmitter]",,,,,2026-04-18 07:33:40.227792+00:00,fix04_20260418_071244,api,merge_phase2_20260421
PL,Bialystok power station,06641fea-8997-4b69-a618-6afa34b82591,5.18,Białystok-Krywlany Airfield,small_airport,2.59,5,high,Nearest: Białystok-Krywlany Airfield (small_airport) at 5.2 km; Nearest medium: 77.4 km; Within 30 km: 5; Source: OurAirports; quality: high,,18.82,high,No chemical/petrochemical facilities within search radius; Source: EEA E-PRTR; quality: high,18.82,high,Nearest toxic release source: Site nr 2367 at 18.8 km; Within 5 km: 0; Source: EEA E-PRTR; quality: high,,,high,No flammable storage facilities within search radius; Source: EEA E-PRTR; quality: high,,,,2.07,,9,high,"Nearest military: unnamed (military), 2.1 km [A5]. Total features within 25 km: 9. Source: OSM Overpass [FIX-04 military]",0.21,mast,95,medium,"Nearest transmitter: mast, 0.2 km. Total within 25 km: 95. Source: OSM Overpass [FIX-04 transmitter]",,,,,2026-04-17 22:34:31.122416+00:00,fix04_20260417_182300,api,merge_phase2_20260421
PL,Bielsko-Biala power station,73fe8f06-c53b-4877-9c1d-5caf3d8f2749,3.74,Bielsko-Biała Aleksandrowice Airfield,small_airport,1.87,6,high,"Nearest: Bielsko-Biała Aleksandrowice Airfield (small_airport) at 3.7 km; Nearest large: 60.1 km; Nearest medium: 71.7 km; Within 30 km: 6; Violations: A1, A3; Source: OurAirports; quality: high",,16.69,high,No chemical/petrochemical facilities within search radius; Source: EEA E-PRTR; quality: high,16.69,high,Nearest toxic release source: Site nr 3102 at 16.7 km; Within 5 km: 0; Source: EEA E-PRTR; quality: high,,,high,No flammable storage facilities within search radius; Source: EEA E-PRTR; quality: high,,,,0.81,18 Batalion Powietrznodesantowy (JW 1328),0,not_found,No military features found within 25 km. Source: OSM Overpass [FIX-04 military],0.2,mast,216,medium,"Nearest transmitter: mast, 0.2 km. Total within 25 km: 216. Source: OSM Overpass [FIX-04 transmitter]",,,,,2026-04-17 22:36:59.104201+00:00,fix04_20260417_182300,api,merge_phase2_20260421
PL,Blachownia power station,ccc15bde-1c5a-40bf-8f09-2fcb1e896ce5,5.67,Konopiska Airstrip,small_airport,2.84,5,high,Nearest: Konopiska Airstrip (small_airport) at 5.7 km; Nearest large: 35.1 km; Nearest medium: 86.7 km; Within 30 km: 5; Source: OurAirports; quality: high,,11.32,high,No chemical/petrochemical facilities within search radius; Source: EEA E-PRTR; quality: high,11.32,high,Nearest toxic release source: Site nr 2627 at 11.3 km; Within 5 km: 0; Source: EEA E-PRTR; quality: high,,,high,No flammable storage facilities within search radius; Source: EEA E-PRTR; quality: high,,,,7.61,Schron bojowy na 1 CKM,24,medium,"Nearest military: Schron bojowy na 1 CKM (bunker), 7.6 km [A6]. Total features within 25 km: 24. Source: OSM Overpass [FIX-04 military]",0.17,mast,158,medium,"Nearest transmitter: mast, 0.2 km. Total within 25 km: 158. Source: OSM Overpass [FIX-04 transmitter]",,,,,2026-04-17 22:40:36.501329+00:00,fix04_20260417_182300,api,merge_phase2_20260421
PL,Bydgoszcz power station,9f4a0d6c-e2fa-4e9b-b412-d779d4abf82c,7.43,Ignacy Jan Paderewski Bydgoszcz Airport,medium_airport,3.71,4,high,Nearest: Ignacy Jan Paderewski Bydgoszcz Airport (medium_airport) at 7.4 km; Nearest medium: 7.4 km; Within 30 km: 4; Violations: A2; Source: OurAirports; quality: high,,3.44,high,No chemical/petrochemical facilities within search radius; Source: EEA E-PRTR; quality: high,3.44,high,Nearest toxic release source: Site nr 2717 at 3.4 km; Within 5 km: 2; Source: EEA E-PRTR; quality: high,,,high,No flammable storage facilities within search radius; Source: EEA E-PRTR; quality: high,,,,1.11,Skład popiołów i żużli,61,high,"Nearest military: Skład popiołów i żużli (danger_area), 1.1 km [A6]. Total features within 25 km: 61. Source: OSM Overpass [FIX-04 military]",0.17,lighting,216,medium,"Nearest transmitter: lighting, 0.2 km. Total within 25 km: 216. Source: OSM Overpass [FIX-04 transmitter]",,,,,2026-04-17 22:44:47.534725+00:00,fix04_20260417_182300,api,merge_phase2_20260421
PL,Chorzow Elcho power station,a91dfe3d-93e0-43a1-99d2-41abdd1fc2ce,8.95,Katowice-Muchowiec Airfield,small_airport,4.48,4,high,Nearest: Katowice-Muchowiec Airfield (small_airport) at 9.0 km; Nearest large: 20.3 km; Within 30 km: 4; Source: OurAirports; quality: high,,6.8,high,No chemical/petrochemical facilities within search radius; Source: EEA E-PRTR; quality: high,6.8,high,Nearest toxic release source: Site nr 1212 at 6.8 km; Within 5 km: 0; Source: EEA E-PRTR; quality: high,,,high,No flammable storage facilities within search radius; Source: EEA E-PRTR; quality: high,,,,2.79,Wojskowa Komenda Uzupełnień w Chorzowie,0,not_found,No military features found within 25 km. Source: OSM Overpass [FIX-04 military],0.17,mast,0,not_found,No transmitters/masts found within 25 km. Source: OSM Overpass [FIX-04 transmitter],,,,,2026-04-17 22:47:27.052935+00:00,fix04_20260417_182300,api,merge_phase2_20260421
PL,Czeczott power station,a6b51b4f-ba1d-49cd-bc99-8898acdbeb78,1.69,Goczałkowice,small_airport,0.84,7,high,"Nearest: Goczałkowice (small_airport) at 1.7 km; Nearest large: 57.4 km; Nearest medium: 85.1 km; Within 30 km: 7; Violations: A1, A3; Source: OurAirports; quality: high",,20.2,high,No chemical/petrochemical facilities within search radius; Source: EEA E-PRTR; quality: high,20.2,high,Nearest toxic release source: Site nr 2251 at 20.2 km; Within 5 km: 0; Source: EEA E-PRTR; quality: high,,,high,No flammable storage facilities within search radius; Source: EEA E-PRTR; quality: high,,,,4.14,,0,not_found,No military features found within 25 km. Source: OSM Overpass [FIX-04 military],0.38,communication,0,not_found,No transmitters/masts found within 25 km. Source: OSM Overpass [FIX-04 transmitter],,,,,2026-04-17 22:52:34.865766+00:00,fix04_20260417_182300,api,merge_phase2_20260421
PL,Czestochowa CHP power station,b789a244-7d29-4be3-afe4-2f45d7f11eab,10.87,Częstochowa-Rudniki Airport,small_airport,5.44,4,high,Nearest: Częstochowa-Rudniki Airport (small_airport) at 10.9 km; Nearest large: 35.7 km; Nearest medium: 84.2 km; Within 30 km: 4; Source: OurAirports; quality: high,,7.75,high,No chemical/petrochemical facilities within search radius; Source: EEA E-PRTR; quality: high,7.75,high,Nearest toxic release source: Site nr 2627 at 7.7 km; Within 5 km: 0; Source: EEA E-PRTR; quality: high,,,high,No flammable storage facilities within search radius; Source: EEA E-PRTR; quality: high,,,,4.79,Ruiny budynków,18,high,"Nearest military: Ruiny budynków (barracks), 4.8 km [A5]. Total features within 25 km: 18. Source: OSM Overpass [FIX-04 military]",0.09,mast,167,medium,"Nearest transmitter: mast, 0.1 km. Total within 25 km: 167. Source: OSM Overpass [FIX-04 transmitter]",,,,,2026-04-17 22:52:58.556054+00:00,fix04_20260417_182300,api,merge_phase2_20260421
PL,Dolna Odra power station,558e7bff-5b5d-4666-9ca3-ec02f2269aab,23.12,Szczecin-Dąbie Airfield,small_airport,11.56,3,high,Nearest: Szczecin-Dąbie Airfield (small_airport) at 23.1 km; Nearest large: 50.9 km; Nearest medium: 77.5 km; Within 30 km: 3; Source: OurAirports; quality: high,,14.84,high,No chemical/petrochemical facilities within search radius; Source: EEA E-PRTR; quality: high,14.84,high,Nearest toxic release source: Site nr 5279 at 14.8 km; Within 5 km: 0; Source: EEA E-PRTR; quality: high,,,high,No flammable storage facilities within search radius; Source: EEA E-PRTR; quality: high,,,,4.43,Übungsplatz Freiwillige Feuerwehr Gartz,47,high,"Nearest military: Übungsplatz Freiwillige Feuerwehr Gartz (training_area), 4.4 km [A5]. Total features within 25 km: 47. Source: OSM Overpass [FIX-04 military]",0.12,communication,222,medium,"Nearest transmitter: communication, 0.1 km. Total within 25 km: 222. Source: OSM Overpass [FIX-04 transmitter]",,,,,2026-04-18 07:33:53.898804+00:00,fix04_20260418_071244,api,merge_phase2_20260421
PL,Gdansk-2 power station,e9a1ae49-ff79-462c-af4e-7c6843221d36,11.34,Gdańsk Lech Wałęsa Airport,large_airport,5.67,4,high,Nearest: Gdańsk Lech Wałęsa Airport (large_airport) at 11.3 km; Nearest large: 11.3 km; Nearest medium: 50.6 km; Within 30 km: 4; Violations: A4; Source: OurAirports; quality: high,6.53,6.53,high,Nearest chemical/petrochemical: Site nr 23 at 6.5 km; (SEVESO upper tier); Within 5 km: 0; Within 10 km: 2; Source: EEA E-PRTR; quality: high,9.39,high,Nearest toxic release source: Site nr 655 at 9.4 km; Within 5 km: 0; Source: EEA E-PRTR; quality: high,6.53,,high,Nearest flammable storage: Site nr 23 at 6.5 km; Within 2 km: 0; Within 5 km: 0; Source: EEA E-PRTR; quality: high,,,,0.95,,87,high,"Nearest military: unnamed (bunker), 1.0 km [A6]. Total features within 25 km: 87. Source: OSM Overpass [FIX-04 military]",0.37,communication,281,medium,"Nearest transmitter: communication, 0.4 km. Total within 25 km: 281. Source: OSM Overpass [FIX-04 transmitter]",,,,,2026-04-17 22:56:35.702440+00:00,fix04_20260417_183150,api,merge_phase2_20260421
PL,Gdynia-3 power station,ad7a9c00-0c75-411f-8f89-859e603df1e6,3.75,Oksywie Air Base / Gdynia-Kosakowo Airfield,small_airport,1.88,5,high,"Nearest: Oksywie Air Base / Gdynia-Kosakowo Airfield (small_airport) at 3.8 km; Nearest large: 19.6 km; Nearest medium: 48.6 km; Within 30 km: 5; Violations: A1, A3; Source: OurAirports; quality: high",,,medium,No chemical/petrochemical facilities within search radius; Source: EEA E-PRTR; quality: medium,,medium,No toxic release sources within search radius; Source: EEA E-PRTR; quality: medium,,,medium,No flammable storage facilities within search radius; Source: EEA E-PRTR; quality: medium,,,,0.31,Rejonowy Zarząd Infrastruktury w Gdyni,0,not_found,No military features found within 25 km. Source: OSM Overpass [FIX-04 military],0.0,antenna,252,medium,"Nearest transmitter: antenna, 0.0 km. Total within 25 km: 252. Source: OSM Overpass [FIX-04 transmitter]",,,,,2026-04-17 22:59:13.213989+00:00,fix04_20260417_182300,api,merge_phase2_20260421
PL,Gliwice Works power station,416aab55-6fd9-4a0a-b8f8-796fb62d86a5,6.34,Gliwice-Trynek Airfield,small_airport,3.17,3,high,Nearest: Gliwice-Trynek Airfield (small_airport) at 6.3 km; Nearest large: 36.7 km; Within 30 km: 3; Source: OurAirports; quality: high,,12.66,high,No chemical/petrochemical facilities within search radius; Source: EEA E-PRTR; quality: high,12.66,high,Nearest toxic release source: Site nr 1417 at 12.7 km; Within 5 km: 0; Source: EEA E-PRTR; quality: high,,,high,No flammable storage facilities within search radius; Source: EEA E-PRTR; quality: high,,,,2.24,"Jednostka Wojskowa AGAT im. gen. dyw. Stefana Roweckiego ""GROTA"", 131 Batalion Lekkiej Piechoty",121,high,"Nearest military: Jednostka Wojskowa AGAT im. gen. dyw. Stefana Roweckiego ""GROTA"", 131 Batalion Lekkiej Piechoty (military), 2.2 km [A5]. Total features within 25 km: 121. Source: OSM Overpass [FIX-04 military]",1.38,mast,0,not_found,No transmitters/masts found within 25 km. Source: OSM Overpass [FIX-04 transmitter],,,,,2026-04-17 23:00:44.666446+00:00,fix04_20260417_182300,api,merge_phase2_20260421
PL,Gorzow power station,40650551-0c9c-45ea-bac6-befdb0cb5909,2.64,Gorzów Wielkopolski Hospital Helipad,heliport,1.71,7,high,"Nearest: Gorzów Wielkopolski Hospital Helipad (heliport) at 2.6 km; Nearest large: 96.0 km; Nearest medium: 76.9 km; Within 30 km: 7; Violations: A1, A3; Source: OurAirports; quality: high",,,medium,No chemical/petrochemical facilities within search radius; Source: EEA E-PRTR; quality: medium,,medium,No toxic release sources within search radius; Source: EEA E-PRTR; quality: medium,,,medium,No flammable storage facilities within search radius; Source: EEA E-PRTR; quality: medium,,,,1.44,,0,not_found,No military features found within 25 km. Source: OSM Overpass [FIX-04 military],0.05,communication,116,medium,"Nearest transmitter: communication, 0.1 km. Total within 25 km: 116. Source: OSM Overpass [FIX-04 transmitter]",,,,,2026-04-17 23:02:12.867150+00:00,fix04_20260417_182300,api,merge_phase2_20260421
PL,Gubin Power Project,917008f5-fba1-4ef7-b82d-9aded2b69267,4.77,Lotnisko Sportowe Gubin,small_airport,2.38,3,high,Nearest: Lotnisko Sportowe Gubin (small_airport) at 4.8 km; Nearest large: 95.4 km; Nearest medium: 66.9 km; Within 30 km: 3; Source: OurAirports; quality: high,,,medium,No chemical/petrochemical facilities within search radius; Source: EEA E-PRTR; quality: medium,,medium,No toxic release sources within search radius; Source: EEA E-PRTR; quality: medium,,,medium,No flammable storage facilities within search radius; Source: EEA E-PRTR; quality: medium,,,,21.4,Bunker der ehem. Bereitschaftspolizei,0,not_found,No military features found within 25 km. Source: OSM Overpass [FIX-04 military],1.27,communication,101,medium,"Nearest transmitter: communication, 1.3 km. Total within 25 km: 101. Source: OSM Overpass [FIX-04 transmitter]",,,,,2026-04-17 23:05:41.200325+00:00,fix04_20260417_182300,api,merge_phase2_20260421
PL,Halemba power station,29479c3f-8db8-4f62-90e8-59ad6739f90b,12.94,Katowice-Muchowiec Airfield,small_airport,6.47,4,high,Nearest: Katowice-Muchowiec Airfield (small_airport) at 12.9 km; Nearest large: 31.6 km; Within 30 km: 4; Source: OurAirports; quality: high,,8.28,high,No chemical/petrochemical facilities within search radius; Source: EEA E-PRTR; quality: high,8.28,high,Nearest toxic release source: Site nr 1417 at 8.3 km; Within 5 km: 0; Source: EEA E-PRTR; quality: high,,,high,No flammable storage facilities within search radius; Source: EEA E-PRTR; quality: high,,,,2.12,"Strzelnica wojskowa ?, na mapach od 1970 do 2004",177,high,"Nearest military: Strzelnica wojskowa ?, na mapach od 1970 do 2004 (range), 2.1 km [A5]. Total features within 25 km: 177. Source: OSM Overpass [FIX-04 military]",0.18,mast,480,medium,"Nearest transmitter: mast, 0.2 km. Total within 25 km: 480. Source: OSM Overpass [FIX-04 transmitter]",,,,,2026-04-17 23:04:51.254953+00:00,fix04_20260417_183150,api,merge_phase2_20260421
PL,Jaworzno power station,c4d7f628-c108-4496-ac02-6076ea3ae448,14.1,Katowice-Muchowiec Airfield,small_airport,7.05,3,high,Nearest: Katowice-Muchowiec Airfield (small_airport) at 14.1 km; Nearest large: 31.0 km; Within 30 km: 3; Source: OurAirports; quality: high,14.85,14.71,high,Nearest chemical/petrochemical: Site nr 4173 at 14.8 km; (SEVESO upper tier); Within 5 km: 0; Within 10 km: 0; Source: EEA E-PRTR; quality: high,14.71,high,Nearest toxic release source: Site nr 1212 at 14.7 km; Within 5 km: 0; Source: EEA E-PRTR; quality: high,14.85,,high,Nearest flammable storage: Site nr 4173 at 14.8 km; Within 2 km: 0; Within 5 km: 0; Source: EEA E-PRTR; quality: high,,,,2.46,,0,not_found,No military features found within 25 km. Source: OSM Overpass [FIX-04 military],0.37,mast,0,not_found,No transmitters/masts found within 25 km. Source: OSM Overpass [FIX-04 transmitter],,,,,2026-04-17 23:08:14.725337+00:00,fix04_20260417_182300,api,merge_phase2_20260421
PL,Katowice PKE power station,399668d6-bfed-4e5b-bf38-9ee5902101c3,5.48,Katowice-Muchowiec Airfield,small_airport,2.74,5,high,Nearest: Katowice-Muchowiec Airfield (small_airport) at 5.5 km; Nearest large: 21.2 km; Within 30 km: 5; Source: OurAirports; quality: high,,0.95,high,No chemical/petrochemical facilities within search radius; Source: EEA E-PRTR; quality: high,0.95,high,Nearest toxic release source: Site nr 1212 at 0.9 km; Within 5 km: 2; Source: EEA E-PRTR; quality: high,,,high,No flammable storage facilities within search radius; Source: EEA E-PRTR; quality: high,,,,6.01,,426,medium,"Nearest military: unnamed (military), 6.0 km [A5]. Total features within 25 km: 426. Source: OSM Overpass [FIX-04 military]",0.49,mast,516,medium,"Nearest transmitter: mast, 0.5 km. Total within 25 km: 516. Source: OSM Overpass [FIX-04 transmitter]",,,,,2026-04-18 07:34:45.886153+00:00,fix04_20260418_071244,api,merge_phase2_20260421
PL,Kedzierzyn CCS Project,239ea0eb-a9c4-43cc-ac5f-35271bdc6613,15.85,Kuźnia Raciborska Firefighting Airstrip,small_airport,7.93,3,high,Nearest: Kuźnia Raciborska Firefighting Airstrip (small_airport) at 15.9 km; Nearest large: 62.2 km; Within 30 km: 3; Source: OurAirports; quality: high,,,medium,No chemical/petrochemical facilities within search radius; Source: EEA E-PRTR; quality: medium,,medium,No toxic release sources within search radius; Source: EEA E-PRTR; quality: medium,,,medium,No flammable storage facilities within search radius; Source: EEA E-PRTR; quality: medium,,,,4.63,Schron przeciwlotniczy,0,not_found,No military features found within 25 km. Source: OSM Overpass [FIX-04 military],0.1,mast,0,not_found,No transmitters/masts found within 25 km. Source: OSM Overpass [FIX-04 transmitter],,,,,2026-04-17 23:16:53.406440+00:00,fix04_20260417_182300,api,merge_phase2_20260421
PL,Konin power station,c39819ef-6798-4c01-9a82-9eead65b5f56,8.19,Kazimierz Biskupi Airfield,small_airport,4.09,1,high,Nearest: Kazimierz Biskupi Airfield (small_airport) at 8.2 km; Nearest large: 99.3 km; Nearest medium: 30.3 km; Within 30 km: 1; Source: OurAirports; quality: high,,,medium,No chemical/petrochemical facilities within search radius; Source: EEA E-PRTR; quality: medium,,medium,No toxic release sources within search radius; Source: EEA E-PRTR; quality: medium,,,medium,No flammable storage facilities within search radius; Source: EEA E-PRTR; quality: medium,,,,11.56,,0,not_found,No military features found within 25 km. Source: OSM Overpass [FIX-04 military],0.38,communication,123,medium,"Nearest transmitter: communication, 0.4 km. Total within 25 km: 123. Source: OSM Overpass [FIX-04 transmitter]",,,,,2026-04-17 23:20:10.174899+00:00,fix04_20260417_182300,api,merge_phase2_20260421
PL,Kozienice power station,4411a22e-4e8a-4715-b000-1aae34494b68,24.08,Deblin Military Air Base,medium_airport,12.04,2,high,Nearest: Deblin Military Air Base (medium_airport) at 24.1 km; Nearest large: 76.1 km; Nearest medium: 24.1 km; Within 30 km: 2; Source: OurAirports; quality: high,,2.08,high,No chemical/petrochemical facilities within search radius; Source: EEA E-PRTR; quality: high,2.08,high,Nearest toxic release source: Site nr 3952 at 2.1 km; Within 5 km: 2; Source: EEA E-PRTR; quality: high,,,high,No flammable storage facilities within search radius; Source: EEA E-PRTR; quality: high,,,,15.46,3 Regionalna Baza Logistyczna – Skład Życzyn,0,not_found,No military features found within 25 km. Source: OSM Overpass [FIX-04 military],1.08,mast,0,not_found,No transmitters/masts found within 25 km. Source: OSM Overpass [FIX-04 transmitter],,,,,2026-04-17 23:27:24.668395+00:00,fix04_20260417_182300,api,merge_phase2_20260421
PL,Krakow-Leg power station,409dde58-5df1-44d9-b5ec-f8e2edd86786,0.87,Kraków-Łęg Heliport,heliport,0.87,5,high,Nearest: Kraków-Łęg Heliport (heliport) at 0.9 km; Nearest large: 16.0 km; Within 30 km: 5; Violations: A1; Source: OurAirports; quality: high,,3.67,high,No chemical/petrochemical facilities within search radius; Source: EEA E-PRTR; quality: high,3.67,high,Nearest toxic release source: Site nr 3229 at 3.7 km; Within 5 km: 2; Source: EEA E-PRTR; quality: high,,,high,No flammable storage facilities within search radius; Source: EEA E-PRTR; quality: high,,,,2.37,Jednostka wojskowa,84,high,"Nearest military: Jednostka wojskowa (barracks), 2.4 km [A5]. Total features within 25 km: 84. Source: OSM Overpass [FIX-04 military]",0.26,mast,465,medium,"Nearest transmitter: mast, 0.3 km. Total within 25 km: 465. Source: OSM Overpass [FIX-04 transmitter]",,,,,2026-04-18 07:35:02.541494+00:00,fix04_20260418_071244,api,merge_phase2_20260421
PL,Lagisza power station,27fc89b3-ee57-44ac-8073-a700bc8d12e8,14.69,Katowice Wojciech Korfanty International Airport,large_airport,7.34,4,high,Nearest: Katowice Wojciech Korfanty International Airport (large_airport) at 14.7 km; Nearest large: 14.7 km; Within 30 km: 4; Violations: A4; Source: OurAirports; quality: high,,8.62,high,No chemical/petrochemical facilities within search radius; Source: EEA E-PRTR; quality: high,8.62,high,Nearest toxic release source: Site nr 1212 at 8.6 km; Within 5 km: 0; Source: EEA E-PRTR; quality: high,,,high,No flammable storage facilities within search radius; Source: EEA E-PRTR; quality: high,,,,3.62,,413,high,"Nearest military: unnamed (bunker), 3.6 km [A6]. Total features within 25 km: 413. Source: OSM Overpass [FIX-04 military]",0.27,mast,471,medium,"Nearest transmitter: mast, 0.3 km. Total within 25 km: 471. Source: OSM Overpass [FIX-04 transmitter]",,,,,2026-04-18 07:35:51.094728+00:00,fix04_20260418_071244,api,merge_phase2_20260421
PL,Laziska power station,de6735bd-7a79-43c8-baad-1fe23d50d6f0,16.96,Rybnik-Gotartowice Glider Field,small_airport,8.48,7,high,Nearest: Rybnik-Gotartowice Glider Field (small_airport) at 17.0 km; Nearest large: 41.5 km; Within 30 km: 7; Source: OurAirports; quality: high,,12.69,high,No chemical/petrochemical facilities within search radius; Source: EEA E-PRTR; quality: high,12.69,high,Nearest toxic release source: Site nr 2251 at 12.7 km; Within 5 km: 0; Source: EEA E-PRTR; quality: high,,,high,No flammable storage facilities within search radius; Source: EEA E-PRTR; quality: high,,,,1.52,,70,high,"Nearest military: unnamed (bunker), 1.5 km [A6]. Total features within 25 km: 70. Source: OSM Overpass [FIX-04 military]",,,0,not_found,No transmitters/masts found within 25 km. Source: OSM Overpass [FIX-04 transmitter],,,,,2026-04-18 07:38:48.394868+00:00,fix04_20260418_071244,api,merge_phase2_20260421
PL,Leczna Power Station (Bogdanka SA),0b187a1d-55de-47cf-96a3-06abc8ff2476,11.51,Lotnisko Nadrybie,small_airport,5.75,3,high,Nearest: Lotnisko Nadrybie (small_airport) at 11.5 km; Nearest large: 13.5 km; Nearest medium: 74.0 km; Within 30 km: 3; Violations: A4; Source: OurAirports; quality: high,,17.1,high,No chemical/petrochemical facilities within search radius; Source: EEA E-PRTR; quality: high,17.1,high,Nearest toxic release source: Site nr 3828 at 17.1 km; Within 5 km: 0; Source: EEA E-PRTR; quality: high,,,high,No flammable storage facilities within search radius; Source: EEA E-PRTR; quality: high,,,,11.5,Skład Materiałów Wybuchowych,13,medium,"Nearest military: Skład Materiałów Wybuchowych (military), 11.5 km [A5]. Total features within 25 km: 13. Source: OSM Overpass [FIX-04 military]",0.37,lighting,0,not_found,No transmitters/masts found within 25 km. Source: OSM Overpass [FIX-04 transmitter],,,,,2026-04-17 23:36:24.095092+00:00,fix04_20260417_182300,api,merge_phase2_20260421
PL,Leczna Power Station (Enea),ebc0f461-acfa-47da-8094-5b15ea3e25a0,11.48,Lotnisko Nadrybie,small_airport,5.74,3,high,Nearest: Lotnisko Nadrybie (small_airport) at 11.5 km; Nearest large: 13.6 km; Nearest medium: 74.2 km; Within 30 km: 3; Violations: A4; Source: OurAirports; quality: high,,17.22,high,No chemical/petrochemical facilities within search radius; Source: EEA E-PRTR; quality: high,17.22,high,Nearest toxic release source: Site nr 3828 at 17.2 km; Within 5 km: 0; Source: EEA E-PRTR; quality: high,,,high,No flammable storage facilities within search radius; Source: EEA E-PRTR; quality: high,,,,11.4,Skład Materiałów Wybuchowych,13,medium,"Nearest military: Skład Materiałów Wybuchowych (military), 11.4 km [A5]. Total features within 25 km: 13. Source: OSM Overpass [FIX-04 military]",0.49,lighting,155,medium,"Nearest transmitter: lighting, 0.5 km. Total within 25 km: 155. Source: OSM Overpass [FIX-04 transmitter]",,,,,2026-04-17 23:43:47.860215+00:00,fix04_20260417_182300,api,merge_phase2_20260421
PL,Legnica Power Station,187b4fd7-6a61-4e94-8ed4-495ac6dfc317,17.17,Podgórze Airstrip,small_airport,8.59,4,high,Nearest: Podgórze Airstrip (small_airport) at 17.2 km; Nearest large: 52.0 km; Nearest medium: 85.6 km; Within 30 km: 4; Source: OurAirports; quality: high,,21.38,high,No chemical/petrochemical facilities within search radius; Source: EEA E-PRTR; quality: high,21.38,high,Nearest toxic release source: Site nr 449 at 21.4 km; Within 5 km: 0; Source: EEA E-PRTR; quality: high,,,high,No flammable storage facilities within search radius; Source: EEA E-PRTR; quality: high,,,,0.71,,18,high,"Nearest military: unnamed (bunker), 0.7 km [A6]. Total features within 25 km: 18. Source: OSM Overpass [FIX-04 military]",0.72,communication,169,medium,"Nearest transmitter: communication, 0.7 km. Total within 25 km: 169. Source: OSM Overpass [FIX-04 transmitter]",,,,,2026-04-17 23:46:43.399910+00:00,fix04_20260417_182300,api,merge_phase2_20260421
PL,Lodz-2 power station,29a58981-aaf7-4450-ad41-49dd6d786168,4.14,Łódź Władysław Reymont Airport,large_airport,2.07,5,high,Nearest: Łódź Władysław Reymont Airport (large_airport) at 4.1 km; Nearest large: 4.1 km; Nearest medium: 28.2 km; Within 30 km: 5; Violations: A4; Source: OurAirports; quality: high,,11.55,high,No chemical/petrochemical facilities within search radius; Source: EEA E-PRTR; quality: high,11.55,high,Nearest toxic release source: Site nr 4276 at 11.6 km; Within 5 km: 0; Source: EEA E-PRTR; quality: high,,,high,No flammable storage facilities within search radius; Source: EEA E-PRTR; quality: high,,,,2.56,,18,high,"Nearest military: unnamed (military), 2.6 km [A5]. Total features within 25 km: 18. Source: OSM Overpass [FIX-04 military]",0.88,portal,0,not_found,No transmitters/masts found within 25 km. Source: OSM Overpass [FIX-04 transmitter],,,,,2026-04-17 23:53:52.421207+00:00,fix04_20260417_182300,api,merge_phase2_20260421
PL,Lodz-3 power station,8dd8db4c-b62d-4f6b-a2ee-70a9ed785e7a,8.64,Łódź Władysław Reymont Airport,large_airport,4.32,5,high,Nearest: Łódź Władysław Reymont Airport (large_airport) at 8.6 km; Nearest large: 8.6 km; Nearest medium: 29.8 km; Within 30 km: 5; Violations: A4; Source: OurAirports; quality: high,,5.04,high,No chemical/petrochemical facilities within search radius; Source: EEA E-PRTR; quality: high,5.04,high,Nearest toxic release source: Site nr 4276 at 5.0 km; Within 5 km: 0; Source: EEA E-PRTR; quality: high,,,high,No flammable storage facilities within search radius; Source: EEA E-PRTR; quality: high,,,,3.39,Black Raven,18,high,"Nearest military: Black Raven (range), 3.4 km [A5]. Total features within 25 km: 18. Source: OSM Overpass [FIX-04 military]",1.04,communication,246,medium,"Nearest transmitter: communication, 1.0 km. Total within 25 km: 246. Source: OSM Overpass [FIX-04 transmitter]",,,,,2026-04-18 07:39:41.112819+00:00,fix04_20260418_071244,api,merge_phase2_20260421
PL,Lodz-4 power station,ef2ee2ae-e73e-490c-aa07-746543fe20e6,10.1,Łódź Władysław Reymont Airport,large_airport,5.05,5,high,Nearest: Łódź Władysław Reymont Airport (large_airport) at 10.1 km; Nearest large: 10.1 km; Nearest medium: 32.9 km; Within 30 km: 5; Violations: A4; Source: OurAirports; quality: high,,14.69,high,No chemical/petrochemical facilities within search radius; Source: EEA E-PRTR; quality: high,14.69,high,Nearest toxic release source: Site nr 4276 at 14.7 km; Within 5 km: 0; Source: EEA E-PRTR; quality: high,,,high,No flammable storage facilities within search radius; Source: EEA E-PRTR; quality: high,,,,5.5,3,0,not_found,No military features found within 25 km. Source: OSM Overpass [FIX-04 military],0.34,mast,254,medium,"Nearest transmitter: mast, 0.3 km. Total within 25 km: 254. Source: OSM Overpass [FIX-04 transmitter]",,,,,2026-04-17 23:57:51.579850+00:00,fix04_20260417_182300,api,merge_phase2_20260421
PL,Lublin Power Station,d60b377c-9bb4-4fd5-adb7-a9a9ba98ae76,9.79,Świdnik Airfield,small_airport,4.9,3,high,Nearest: Świdnik Airfield (small_airport) at 9.8 km; Nearest large: 11.6 km; Nearest medium: 59.6 km; Within 30 km: 3; Violations: A4; Source: OurAirports; quality: high,,14.42,high,No chemical/petrochemical facilities within search radius; Source: EEA E-PRTR; quality: high,14.42,high,Nearest toxic release source: Site nr 3831 at 14.4 km; Within 5 km: 0; Source: EEA E-PRTR; quality: high,,,high,No flammable storage facilities within search radius; Source: EEA E-PRTR; quality: high,,,,1.24,19 Brygada Zmechanizowana,19,high,"Nearest military: 19 Brygada Zmechanizowana (barracks), 1.2 km [A5]. Total features within 25 km: 19. Source: OSM Overpass [FIX-04 military]",0.57,tower,0,not_found,No transmitters/masts found within 25 km. Source: OSM Overpass [FIX-04 transmitter],,,,,2026-04-18 00:00:14.785399+00:00,fix04_20260417_182300,api,merge_phase2_20260421
PL,Miechowice power station,c42c5942-264d-43a1-a9eb-95b00480eb1a,14.98,Gliwice-Trynek Airfield,small_airport,7.49,3,high,Nearest: Gliwice-Trynek Airfield (small_airport) at 15.0 km; Nearest large: 22.0 km; Within 30 km: 3; Source: OurAirports; quality: high,,6.13,high,No chemical/petrochemical facilities within search radius; Source: EEA E-PRTR; quality: high,6.13,high,Nearest toxic release source: Site nr 1417 at 6.1 km; Within 5 km: 0; Source: EEA E-PRTR; quality: high,,,high,No flammable storage facilities within search radius; Source: EEA E-PRTR; quality: high,,,,1.72,,0,not_found,No military features found within 25 km. Source: OSM Overpass [FIX-04 military],0.21,mast,455,medium,"Nearest transmitter: mast, 0.2 km. Total within 25 km: 455. Source: OSM Overpass [FIX-04 transmitter]",,,,,2026-04-18 00:02:50.205280+00:00,fix04_20260417_182300,api,merge_phase2_20260421
PL,Murcki-Staszic power station,5a57ae0a-6f91-46f4-a1f5-56a6b37596e9,6.68,Katowice-Muchowiec Airfield,small_airport,3.34,6,high,Nearest: Katowice-Muchowiec Airfield (small_airport) at 6.7 km; Nearest large: 33.3 km; Within 30 km: 6; Source: OurAirports; quality: high,,13.06,high,No chemical/petrochemical facilities within search radius; Source: EEA E-PRTR; quality: high,13.06,high,Nearest toxic release source: Site nr 1212 at 13.1 km; Within 5 km: 0; Source: EEA E-PRTR; quality: high,,,high,No flammable storage facilities within search radius; Source: EEA E-PRTR; quality: high,,,,3.84,Dawne stanowisko radaru FuMG-62 Würzburg,0,not_found,No military features found within 25 km. Source: OSM Overpass [FIX-04 military],0.18,mast,482,medium,"Nearest transmitter: mast, 0.2 km. Total within 25 km: 482. Source: OSM Overpass [FIX-04 transmitter]",,,,,2026-04-18 00:06:18.866991+00:00,fix04_20260417_182300,api,merge_phase2_20260421
PL,Opalenie power station,52db4dae-b014-45a4-96c4-49f80c1fdd11,5.99,Gniewskie Pole Airfield,small_airport,3.0,6,high,Nearest: Gniewskie Pole Airfield (small_airport) at 6.0 km; Nearest large: 74.4 km; Nearest medium: 37.7 km; Within 30 km: 6; Source: OurAirports; quality: high,,19.56,high,No chemical/petrochemical facilities within search radius; Source: EEA E-PRTR; quality: high,19.56,high,Nearest toxic release source: Site nr 4338 at 19.6 km; Within 5 km: 0; Source: EEA E-PRTR; quality: high,,,high,No flammable storage facilities within search radius; Source: EEA E-PRTR; quality: high,,,,17.5,,13,medium,"Nearest military: unnamed (bunker), 17.5 km [A6]. Total features within 25 km: 13. Source: OSM Overpass [FIX-04 military]",3.91,communication,0,not_found,No transmitters/masts found within 25 km. Source: OSM Overpass [FIX-04 transmitter],,,,,2026-04-18 00:10:40.283889+00:00,fix04_20260417_182300,api,merge_phase2_20260421
PL,Opole power station,1d19dce6-c458-4656-901d-6a8d3c548761,14.95,Opole-Polska Nowa Wieś Airfield,small_airport,7.48,3,high,Nearest: Opole-Polska Nowa Wieś Airfield (small_airport) at 15.0 km; Nearest large: 80.3 km; Within 30 km: 3; Source: OurAirports; quality: high,,13.75,high,No chemical/petrochemical facilities within search radius; Source: EEA E-PRTR; quality: high,13.75,high,Nearest toxic release source: Site nr 4559 at 13.8 km; Within 5 km: 0; Source: EEA E-PRTR; quality: high,,,high,No flammable storage facilities within search radius; Source: EEA E-PRTR; quality: high,,,,6.66,,0,not_found,No military features found within 25 km. Source: OSM Overpass [FIX-04 military],0.71,mast,118,medium,"Nearest transmitter: mast, 0.7 km. Total within 25 km: 118. Source: OSM Overpass [FIX-04 transmitter]",,,,,2026-04-18 00:12:36.666723+00:00,fix04_20260417_182300,api,merge_phase2_20260421
PL,Ostrołęka power station,b8bc6544-1571-4906-95e0-314d62c78a24,31.64,Grądy Airfield,small_airport,15.82,0,high,Nearest: Grądy Airfield (small_airport) at 31.6 km; Nearest large: 97.2 km; Nearest medium: 61.5 km; Within 30 km: 0; Source: OurAirports; quality: high,,7.97,high,No chemical/petrochemical facilities within search radius; Source: EEA E-PRTR; quality: high,7.97,high,Nearest toxic release source: Site nr 3605 at 8.0 km; Within 5 km: 0; Source: EEA E-PRTR; quality: high,,,high,No flammable storage facilities within search radius; Source: EEA E-PRTR; quality: high,,,,1.44,Jednostka wojskowa w Ostrołęce,0,not_found,No military features found within 25 km. Source: OSM Overpass [FIX-04 military],0.7,mast,0,not_found,No transmitters/masts found within 25 km. Source: OSM Overpass [FIX-04 transmitter],,,,,2026-04-18 00:15:28.431705+00:00,fix04_20260417_182300,api,merge_phase2_20260421
PL,Patnow power station,ab57f5c3-8699-46f9-970f-3007dfc58af4,5.31,Kazimierz Biskupi Airfield,small_airport,2.66,2,high,Nearest: Kazimierz Biskupi Airfield (small_airport) at 5.3 km; Nearest medium: 27.5 km; Within 30 km: 2; Source: OurAirports; quality: high,,,medium,No chemical/petrochemical facilities within search radius; Source: EEA E-PRTR; quality: medium,,medium,No toxic release sources within search radius; Source: EEA E-PRTR; quality: medium,,,medium,No flammable storage facilities within search radius; Source: EEA E-PRTR; quality: medium,,,,8.71,,12,medium,"Nearest military: unnamed (military), 8.7 km [A5]. Total features within 25 km: 12. Source: OSM Overpass [FIX-04 military]",0.39,mast,121,medium,"Nearest transmitter: mast, 0.4 km. Total within 25 km: 121. Source: OSM Overpass [FIX-04 transmitter]",,,,,2026-04-18 00:23:05.053627+00:00,fix04_20260417_183150,api,merge_phase2_20260421
PL,Piast Ruch Power Station,8a9d5c87-7edc-49c3-85a2-d97727b9c9b2,3.73,Bojszowy Airstrip,small_airport,1.86,7,high,"Nearest: Bojszowy Airstrip (small_airport) at 3.7 km; Nearest large: 49.6 km; Nearest medium: 93.8 km; Within 30 km: 7; Violations: A1, A3; Source: OurAirports; quality: high",,,medium,No chemical/petrochemical facilities within search radius; Source: EEA E-PRTR; quality: medium,,medium,No toxic release sources within search radius; Source: EEA E-PRTR; quality: medium,,,medium,No flammable storage facilities within search radius; Source: EEA E-PRTR; quality: medium,,,,6.6,,85,medium,"Nearest military: unnamed (bunker), 6.6 km [A6]. Total features within 25 km: 85. Source: OSM Overpass [FIX-04 military]",1.97,mast,281,medium,"Nearest transmitter: mast, 2.0 km. Total within 25 km: 281. Source: OSM Overpass [FIX-04 transmitter]",,,,,2026-04-18 07:40:00.419881+00:00,fix04_20260418_071244,api,merge_phase2_20260421
PL,Polaniec power station,2981a12d-3444-4301-96ba-a63ef50bec3e,8.02,Górki Airfield,small_airport,4.01,3,high,Nearest: Górki Airfield (small_airport) at 8.0 km; Nearest large: 60.9 km; Within 30 km: 3; Source: OurAirports; quality: high,,23.04,high,No chemical/petrochemical facilities within search radius; Source: EEA E-PRTR; quality: high,23.04,high,Nearest toxic release source: Site nr 5078 at 23.0 km; Within 5 km: 0; Source: EEA E-PRTR; quality: high,,,high,No flammable storage facilities within search radius; Source: EEA E-PRTR; quality: high,,,,22.76,34 Batalion Lekkiej Piechoty w Tarnobrzegu,3,medium,"Nearest military: 34 Batalion Lekkiej Piechoty w Tarnobrzegu (military), 22.8 km [A5]. Total features within 25 km: 3. Source: OSM Overpass [FIX-04 military]",0.45,lighting,101,medium,"Nearest transmitter: lighting, 0.4 km. Total within 25 km: 101. Source: OSM Overpass [FIX-04 transmitter]",,,,,2026-04-18 00:19:01.064366+00:00,fix04_20260417_182300,api,merge_phase2_20260421
PL,Pólnoc power station,b24f9ac5-5ddf-4b19-ba95-76dafeca3d2c,14.72,Linowiec Airfield,small_airport,7.36,5,high,Nearest: Linowiec Airfield (small_airport) at 14.7 km; Nearest large: 48.8 km; Nearest medium: 28.6 km; Within 30 km: 5; Source: OurAirports; quality: high,,18.51,high,No chemical/petrochemical facilities within search radius; Source: EEA E-PRTR; quality: high,18.51,high,Nearest toxic release source: Site nr 1368 at 18.5 km; Within 5 km: 0; Source: EEA E-PRTR; quality: high,,,high,No flammable storage facilities within search radius; Source: EEA E-PRTR; quality: high,,,,7.81,Bateria artyleryjska Mały Barv,7,medium,"Nearest military: Bateria artyleryjska Mały Barv (bunker), 7.8 km [A6]. Total features within 25 km: 7. Source: OSM Overpass [FIX-04 military]",0.56,communication,111,medium,"Nearest transmitter: communication, 0.6 km. Total within 25 km: 111. Source: OSM Overpass [FIX-04 transmitter]",,,,,2026-04-18 07:41:42.125616+00:00,fix04_20260418_071244,api,merge_phase2_20260421
PL,Pomorzany power station,e2c23866-db1e-4316-82b5-7e3fe50c3c09,6.7,Szczecin Hospital Heliport,heliport,3.58,3,high,Nearest: Szczecin Hospital Heliport (heliport) at 6.7 km; Nearest large: 33.0 km; Nearest medium: 59.5 km; Within 30 km: 3; Source: OurAirports; quality: high,,5.58,high,No chemical/petrochemical facilities within search radius; Source: EEA E-PRTR; quality: high,5.58,high,Nearest toxic release source: Site nr 4303 at 5.6 km; Within 5 km: 0; Source: EEA E-PRTR; quality: high,,,high,No flammable storage facilities within search radius; Source: EEA E-PRTR; quality: high,,,,3.39,15 Wojskowy Oddział Gospodarczy,65,high,"Nearest military: 15 Wojskowy Oddział Gospodarczy (military), 3.4 km [A5]. Total features within 25 km: 65. Source: OSM Overpass [FIX-04 military]",0.21,mast,357,medium,"Nearest transmitter: mast, 0.2 km. Total within 25 km: 357. Source: OSM Overpass [FIX-04 transmitter]",,,,,2026-04-18 07:42:34.708920+00:00,fix04_20260418_071244,api,merge_phase2_20260421
PL,Poznan Karolin power station,40b4334a-7ba4-4ed8-aa8e-3c405599fbd7,3.76,Poznań-Kobylnica Airfield,small_airport,1.88,11,high,"Nearest: Poznań-Kobylnica Airfield (small_airport) at 3.8 km; Nearest large: 11.3 km; Nearest medium: 11.7 km; Within 30 km: 11; Violations: A1, A3, A4; Source: OurAirports; quality: high",,,medium,No chemical/petrochemical facilities within search radius; Source: EEA E-PRTR; quality: medium,,medium,No toxic release sources within search radius; Source: EEA E-PRTR; quality: medium,,,medium,No flammable storage facilities within search radius; Source: EEA E-PRTR; quality: medium,,,,0.7,Schron piechoty J1 IV,44,high,"Nearest military: Schron piechoty J1 IV (bunker), 0.7 km [A6]. Total features within 25 km: 44. Source: OSM Overpass [FIX-04 military]",0.24,mast,540,medium,"Nearest transmitter: mast, 0.2 km. Total within 25 km: 540. Source: OSM Overpass [FIX-04 transmitter]",,,,,2026-04-18 00:23:26.142864+00:00,fix04_20260417_182300,api,merge_phase2_20260421
PL,Puchaczow power station,dadadad9-b67e-44b8-a9ab-4cbf116da20b,7.06,Lotnisko Nadrybie,small_airport,3.53,3,high,Nearest: Lotnisko Nadrybie (small_airport) at 7.1 km; Nearest large: 18.8 km; Nearest medium: 79.5 km; Within 30 km: 3; Source: OurAirports; quality: high,,22.65,high,No chemical/petrochemical facilities within search radius; Source: EEA E-PRTR; quality: high,22.65,high,Nearest toxic release source: Site nr 3828 at 22.7 km; Within 5 km: 0; Source: EEA E-PRTR; quality: high,,,high,No flammable storage facilities within search radius; Source: EEA E-PRTR; quality: high,,,,5.78,Skład Materiałów Wybuchowych,7,medium,"Nearest military: Skład Materiałów Wybuchowych (military), 5.8 km [A5]. Total features within 25 km: 7. Source: OSM Overpass [FIX-04 military]",6.23,lighting,74,medium,"Nearest transmitter: lighting, 6.2 km. Total within 25 km: 74. Source: OSM Overpass [FIX-04 transmitter]",,,,,2026-04-18 00:24:41.045379+00:00,fix04_20260417_182300,api,merge_phase2_20260421
PL,Pulawy power station (Grupa Azoty),cdc888ad-fd51-4710-a5ab-3cd0fe9ddb48,15.89,Deblin Military Air Base,medium_airport,7.94,2,high,Nearest: Deblin Military Air Base (medium_airport) at 15.9 km; Nearest large: 55.3 km; Nearest medium: 15.9 km; Within 30 km: 2; Source: OurAirports; quality: high,,17.03,high,No chemical/petrochemical facilities within search radius; Source: EEA E-PRTR; quality: high,17.03,high,Nearest toxic release source: Site nr 4268 at 17.0 km; Within 5 km: 0; Source: EEA E-PRTR; quality: high,,,high,No flammable storage facilities within search radius; Source: EEA E-PRTR; quality: high,,,,0.17,,27,high,"Nearest military: unnamed (military), 0.2 km [A5]. Total features within 25 km: 27. Source: OSM Overpass [FIX-04 military]",0.45,monitoring,88,medium,"Nearest transmitter: monitoring, 0.5 km. Total within 25 km: 88. Source: OSM Overpass [FIX-04 transmitter]",,,,,2026-04-18 00:26:29.718920+00:00,fix04_20260417_182300,api,merge_phase2_20260421
PL,Pulawy power station (Vattenfall),a19228ce-f25a-4ffd-a249-9d01403e6b81,15.89,Deblin Military Air Base,medium_airport,7.94,2,high,Nearest: Deblin Military Air Base (medium_airport) at 15.9 km; Nearest large: 55.3 km; Nearest medium: 15.9 km; Within 30 km: 2; Source: OurAirports; quality: high,,17.03,high,No chemical/petrochemical facilities within search radius; Source: EEA E-PRTR; quality: high,17.03,high,Nearest toxic release source: Site nr 4268 at 17.0 km; Within 5 km: 0; Source: EEA E-PRTR; quality: high,,,high,No flammable storage facilities within search radius; Source: EEA E-PRTR; quality: high,,,,0.17,,0,not_found,No military features found within 25 km. Source: OSM Overpass [FIX-04 military],0.45,monitoring,88,medium,"Nearest transmitter: monitoring, 0.5 km. Total within 25 km: 88. Source: OSM Overpass [FIX-04 transmitter]",,,,,2026-04-18 00:28:37.245548+00:00,fix04_20260417_182300,api,merge_phase2_20260421
PL,Pulawy ZAP Works power station,ee332928-87b2-4e7b-9203-20e402bc551f,11.86,Deblin Military Air Base,medium_airport,5.93,2,high,Nearest: Deblin Military Air Base (medium_airport) at 11.9 km; Nearest large: 56.8 km; Nearest medium: 11.9 km; Within 30 km: 2; Source: OurAirports; quality: high,,16.85,high,No chemical/petrochemical facilities within search radius; Source: EEA E-PRTR; quality: high,16.85,high,Nearest toxic release source: Site nr 4268 at 16.8 km; Within 5 km: 0; Source: EEA E-PRTR; quality: high,,,high,No flammable storage facilities within search radius; Source: EEA E-PRTR; quality: high,,,,3.61,,28,high,"Nearest military: unnamed (bunker), 3.6 km [A6]. Total features within 25 km: 28. Source: OSM Overpass [FIX-04 military]",1.29,communication,88,medium,"Nearest transmitter: communication, 1.3 km. Total within 25 km: 88. Source: OSM Overpass [FIX-04 transmitter]",,,,,2026-04-18 00:31:24.173819+00:00,fix04_20260417_182300,api,merge_phase2_20260421
PL,Rybnik power station,b8a00967-90a3-4a4e-9979-6b8651d87380,10.34,Rybnik-Gotartowice Glider Field,small_airport,5.17,5,high,Nearest: Rybnik-Gotartowice Glider Field (small_airport) at 10.3 km; Nearest large: 55.0 km; Within 30 km: 5; Source: OurAirports; quality: high,,15.58,high,No chemical/petrochemical facilities within search radius; Source: EEA E-PRTR; quality: high,15.58,high,Nearest toxic release source: Site nr 2251 at 15.6 km; Within 5 km: 0; Source: EEA E-PRTR; quality: high,,,high,No flammable storage facilities within search radius; Source: EEA E-PRTR; quality: high,,,,4.04,Strzelnica Bractwa Kurkowego,0,not_found,No military features found within 25 km. Source: OSM Overpass [FIX-04 military],0.99,tower,267,medium,"Nearest transmitter: tower, 1.0 km. Total within 25 km: 267. Source: OSM Overpass [FIX-04 transmitter]",,,,,2026-04-18 00:34:24.432238+00:00,fix04_20260417_182300,api,merge_phase2_20260421
PL,Siechnice power station,a7eeee6e-e14a-40ba-80b6-75ed2e170b20,4.0,Święta Katarzyna Airstrip,small_airport,2.0,6,high,Nearest: Święta Katarzyna Airstrip (small_airport) at 4.0 km; Nearest large: 20.2 km; Within 30 km: 6; Source: OurAirports; quality: high,,,medium,No chemical/petrochemical facilities within search radius; Source: EEA E-PRTR; quality: medium,,medium,No toxic release sources within search radius; Source: EEA E-PRTR; quality: medium,,,medium,No flammable storage facilities within search radius; Source: EEA E-PRTR; quality: medium,,,,9.11,schron dawnego loniska polowego w Stanowicach,65,medium,"Nearest military: schron dawnego loniska polowego w Stanowicach (bunker), 9.1 km [A6]. Total features within 25 km: 65. Source: OSM Overpass [FIX-04 military]",0.19,mast,296,medium,"Nearest transmitter: mast, 0.2 km. Total within 25 km: 296. Source: OSM Overpass [FIX-04 transmitter]",,,,,2026-04-18 00:43:45.751501+00:00,fix04_20260417_183150,api,merge_phase2_20260421
PL,Siekierki power station,a67255dd-8134-418e-9377-e28516c53722,8.61,Warsaw Chopin Airport,large_airport,4.31,11,high,Nearest: Warsaw Chopin Airport (large_airport) at 8.6 km; Nearest large: 8.6 km; Nearest medium: 38.8 km; Within 30 km: 11; Violations: A4; Source: OurAirports; quality: high,,,medium,No chemical/petrochemical facilities within search radius; Source: EEA E-PRTR; quality: medium,,medium,No toxic release sources within search radius; Source: EEA E-PRTR; quality: medium,,,medium,No flammable storage facilities within search radius; Source: EEA E-PRTR; quality: medium,,,,2.87,JW 3561,179,high,"Nearest military: JW 3561 (military), 2.9 km [A5]. Total features within 25 km: 179. Source: OSM Overpass [FIX-04 military]",0.41,mast,528,medium,"Nearest transmitter: mast, 0.4 km. Total within 25 km: 528. Source: OSM Overpass [FIX-04 transmitter]",,,,,2026-04-18 07:43:41.930444+00:00,fix04_20260418_071244,api,merge_phase2_20260421
PL,Siersza power station,47be3ec4-7abe-4f4c-ac3d-b7f753b8514a,18.63,Niegowoniczki Airfield,small_airport,9.32,3,high,Nearest: Niegowoniczki Airfield (small_airport) at 18.6 km; Nearest large: 27.3 km; Within 30 km: 3; Source: OurAirports; quality: high,6.24,6.24,high,Nearest chemical/petrochemical: Site nr 4173 at 6.2 km; (SEVESO upper tier); Within 5 km: 0; Within 10 km: 2; Source: EEA E-PRTR; quality: high,8.78,high,Nearest toxic release source: Site nr 4191 at 8.8 km; Within 5 km: 0; Source: EEA E-PRTR; quality: high,6.24,,high,Nearest flammable storage: Site nr 4173 at 6.2 km; Within 2 km: 0; Within 5 km: 0; Source: EEA E-PRTR; quality: high,,,,5.46,,174,medium,"Nearest military: unnamed (bunker), 5.5 km [A6]. Total features within 25 km: 174. Source: OSM Overpass [FIX-04 military]",2.84,communication,310,medium,"Nearest transmitter: communication, 2.8 km. Total within 25 km: 310. Source: OSM Overpass [FIX-04 transmitter]",,,,,2026-04-18 07:44:07.938739+00:00,fix04_20260418_071244,api,merge_phase2_20260421
PL,Skawina power station,f5be4e73-938d-4fe2-b585-5090ec780670,11.24,Kraków John Paul II International Airport,large_airport,5.62,6,high,Nearest: Kraków John Paul II International Airport (large_airport) at 11.2 km; Nearest large: 11.2 km; Within 30 km: 6; Violations: A4; Source: OurAirports; quality: high,,18.21,high,No chemical/petrochemical facilities within search radius; Source: EEA E-PRTR; quality: high,18.21,high,Nearest toxic release source: Site nr 3229 at 18.2 km; Within 5 km: 0; Source: EEA E-PRTR; quality: high,,,high,No flammable storage facilities within search radius; Source: EEA E-PRTR; quality: high,,,,7.21,"Schron bojowy Fortu ""Bielany""",112,medium,"Nearest military: Schron bojowy Fortu ""Bielany"" (bunker), 7.2 km [A6]. Total features within 25 km: 112. Source: OSM Overpass [FIX-04 military]",0.28,mast,464,medium,"Nearest transmitter: mast, 0.3 km. Total within 25 km: 464. Source: OSM Overpass [FIX-04 transmitter]",,,,,2026-04-18 00:40:16.329583+00:00,fix04_20260417_182300,api,merge_phase2_20260421
PL,Stalowa Wola power station,66bdc30c-4179-480b-a55a-5d15be5ac66b,9.85,Stalowa Wola-Turbia Airfield,small_airport,4.93,2,high,Nearest: Stalowa Wola-Turbia Airfield (small_airport) at 9.9 km; Nearest large: 49.5 km; Within 30 km: 2; Source: OurAirports; quality: high,,1.19,high,No chemical/petrochemical facilities within search radius; Source: EEA E-PRTR; quality: high,1.19,high,Nearest toxic release source: Site nr 283 at 1.2 km; Within 5 km: 4; Source: EEA E-PRTR; quality: high,,,high,No flammable storage facilities within search radius; Source: EEA E-PRTR; quality: high,,,,3.16,Strzelnica,21,high,"Nearest military: Strzelnica (military), 3.2 km [A5]. Total features within 25 km: 21. Source: OSM Overpass [FIX-04 military]",0.19,mast,72,medium,"Nearest transmitter: mast, 0.2 km. Total within 25 km: 72. Source: OSM Overpass [FIX-04 transmitter]",,,,,2026-04-18 07:44:55.802887+00:00,fix04_20260418_071244,api,merge_phase2_20260421
PL,Swiecie Pulp Mill power station,7fc17ab0-ce24-4830-a938-b8424d1e9368,10.9,Watorowo Airfield,small_airport,5.45,6,high,Nearest: Watorowo Airfield (small_airport) at 10.9 km; Nearest medium: 42.3 km; Within 30 km: 6; Source: OurAirports; quality: high,,,medium,No chemical/petrochemical facilities within search radius; Source: EEA E-PRTR; quality: medium,,medium,No toxic release sources within search radius; Source: EEA E-PRTR; quality: medium,,,medium,No flammable storage facilities within search radius; Source: EEA E-PRTR; quality: medium,,,,5.86,3. Włocławski Batalion Drogowo-Mostowy im. gen. Karola Sierakowskiego,11,medium,"Nearest military: 3. Włocławski Batalion Drogowo-Mostowy im. gen. Karola Sierakowskiego (military), 5.9 km [A5]. Total features within 25 km: 11. Source: OSM Overpass [FIX-04 military]",0.33,communication,111,medium,"Nearest transmitter: communication, 0.3 km. Total within 25 km: 111. Source: OSM Overpass [FIX-04 transmitter]",,,,,2026-04-18 07:45:11.426588+00:00,fix04_20260418_071244,api,merge_phase2_20260421
PL,Szczecin power station,f8f9f43d-6a3b-445d-818e-ca82a90ace65,3.86,Szczecin-Dąbie Airfield,small_airport,1.93,4,high,"Nearest: Szczecin-Dąbie Airfield (small_airport) at 3.9 km; Nearest large: 28.4 km; Nearest medium: 59.3 km; Within 30 km: 4; Violations: A1, A3; Source: OurAirports; quality: high",,2.25,high,No chemical/petrochemical facilities within search radius; Source: EEA E-PRTR; quality: high,2.25,high,Nearest toxic release source: Site nr 4303 at 2.3 km; Within 5 km: 2; Source: EEA E-PRTR; quality: high,,,high,No flammable storage facilities within search radius; Source: EEA E-PRTR; quality: high,,,,2.37,,0,not_found,No military features found within 25 km. Source: OSM Overpass [FIX-04 military],0.26,communication,372,medium,"Nearest transmitter: communication, 0.3 km. Total within 25 km: 372. Source: OSM Overpass [FIX-04 transmitter]",,,,,2026-04-18 00:45:29.424722+00:00,fix04_20260417_182300,api,merge_phase2_20260421
PL,Turów power station,cd84938d-eea8-47a1-8ea6-2e9f943e5914,5.12,Bogatynia Airstrip,small_airport,2.56,10,high,Nearest: Bogatynia Airstrip (small_airport) at 5.1 km; Nearest large: 82.6 km; Nearest medium: 46.3 km; Within 30 km: 10; Source: OurAirports; quality: high,,,medium,No chemical/petrochemical facilities within search radius; Source: EEA E-PRTR; quality: medium,,medium,No toxic release sources within search radius; Source: EEA E-PRTR; quality: medium,,,medium,No flammable storage facilities within search radius; Source: EEA E-PRTR; quality: medium,,,,9.26,,0,not_found,No military features found within 25 km. Source: OSM Overpass [FIX-04 military],1.62,mast,240,medium,"Nearest transmitter: mast, 1.6 km. Total within 25 km: 240. Source: OSM Overpass [FIX-04 transmitter]",,,,,2026-04-18 00:47:21.045483+00:00,fix04_20260417_182300,api,merge_phase2_20260421
PL,Tychy power station,3d2d4c37-eb9d-4b35-a8b1-b3f485bc3e3f,8.47,Bojszowy Airstrip,small_airport,4.24,5,high,Nearest: Bojszowy Airstrip (small_airport) at 8.5 km; Nearest large: 41.4 km; Within 30 km: 5; Source: OurAirports; quality: high,,21.03,high,No chemical/petrochemical facilities within search radius; Source: EEA E-PRTR; quality: high,21.03,high,Nearest toxic release source: Site nr 1212 at 21.0 km; Within 5 km: 0; Source: EEA E-PRTR; quality: high,,,high,No flammable storage facilities within search radius; Source: EEA E-PRTR; quality: high,,,,2.08,Wojskowe Centrum Rekrutacji w Tychach,80,high,"Nearest military: Wojskowe Centrum Rekrutacji w Tychach (office), 2.1 km [A5]. Total features within 25 km: 80. Source: OSM Overpass [FIX-04 military]",0.06,mast,0,not_found,No transmitters/masts found within 25 km. Source: OSM Overpass [FIX-04 transmitter],,,,,2026-04-18 00:52:45.363711+00:00,fix04_20260417_182300,api,merge_phase2_20260421
PL,Wroclaw power station,dc87cdf1-9936-4a59-a5e9-b5e360173490,9.34,Wrocław-Szymanów Airfield,small_airport,4.67,7,high,Nearest: Wrocław-Szymanów Airfield (small_airport) at 9.3 km; Nearest large: 10.2 km; Within 30 km: 7; Violations: A4; Source: OurAirports; quality: high,,24.23,high,No chemical/petrochemical facilities within search radius; Source: EEA E-PRTR; quality: high,24.23,high,Nearest toxic release source: Site nr 1539 at 24.2 km; Within 5 km: 0; Source: EEA E-PRTR; quality: high,,,high,No flammable storage facilities within search radius; Source: EEA E-PRTR; quality: high,,,,0.45,,74,high,"Nearest military: unnamed (bunker), 0.5 km [A6]. Total features within 25 km: 74. Source: OSM Overpass [FIX-04 military]",0.15,mast,311,medium,"Nearest transmitter: mast, 0.2 km. Total within 25 km: 311. Source: OSM Overpass [FIX-04 transmitter]",,,,,2026-04-18 00:55:12.405839+00:00,fix04_20260417_183150,api,merge_phase2_20260421
PL,Zabrze power station,2da9dab9-7b4e-46e7-b1c8-70eeb329c177,10.19,Gliwice-Trynek Airfield,small_airport,5.09,3,high,Nearest: Gliwice-Trynek Airfield (small_airport) at 10.2 km; Nearest large: 26.8 km; Within 30 km: 3; Source: OurAirports; quality: high,,3.02,high,No chemical/petrochemical facilities within search radius; Source: EEA E-PRTR; quality: high,3.02,high,Nearest toxic release source: Site nr 1417 at 3.0 km; Within 5 km: 2; Source: EEA E-PRTR; quality: high,,,high,No flammable storage facilities within search radius; Source: EEA E-PRTR; quality: high,,,,3.67,,189,high,"Nearest military: unnamed (bunker), 3.7 km [A6]. Total features within 25 km: 189. Source: OSM Overpass [FIX-04 military]",0.17,mast,435,medium,"Nearest transmitter: mast, 0.2 km. Total within 25 km: 435. Source: OSM Overpass [FIX-04 transmitter]",,,,,2026-04-18 00:58:19.458974+00:00,fix04_20260417_183150,api,merge_phase2_20260421
PL,Zarnowiec power station,a55e3643-8ed4-434b-b14f-2d549d09c0d9,30.67,Gdynia (Rumia) Highway Strip,small_airport,15.33,0,high,Nearest: Gdynia (Rumia) Highway Strip (small_airport) at 30.7 km; Nearest large: 51.7 km; Nearest medium: 46.1 km; Within 30 km: 0; Source: OurAirports; quality: high,21.65,21.65,high,Nearest chemical/petrochemical: Site nr 660 at 21.6 km; (SEVESO upper tier); Within 5 km: 0; Within 10 km: 0; Source: EEA E-PRTR; quality: high,,high,No toxic release sources within search radius; Source: EEA E-PRTR; quality: high,21.65,,high,Nearest flammable storage: Site nr 660 at 21.6 km; Within 2 km: 0; Within 5 km: 0; Source: EEA E-PRTR; quality: high,,,,9.18,Schron,16,medium,"Nearest military: Schron (bunker), 9.2 km [A6]. Total features within 25 km: 16. Source: OSM Overpass [FIX-04 military]",0.21,communication,75,medium,"Nearest transmitter: communication, 0.2 km. Total within 25 km: 75. Source: OSM Overpass [FIX-04 transmitter]",,,,,2026-04-18 07:46:36.441625+00:00,fix04_20260418_071244,api,merge_phase2_20260421
PL,Zeran power station,d40cdaf1-49e4-4c59-a6c8-2402cd2bf006,6.51,Warsaw Babice Airport,small_airport,3.25,10,high,Nearest: Warsaw Babice Airport (small_airport) at 6.5 km; Nearest large: 14.5 km; Nearest medium: 46.4 km; Within 30 km: 10; Violations: A4; Source: OurAirports; quality: high,,,medium,No chemical/petrochemical facilities within search radius; Source: EEA E-PRTR; quality: medium,,medium,No toxic release sources within search radius; Source: EEA E-PRTR; quality: medium,,,medium,No flammable storage facilities within search radius; Source: EEA E-PRTR; quality: medium,,,,2.58,Warsztat Remontowy Pojazdów Kołowych,0,not_found,No military features found within 25 km. Source: OSM Overpass [FIX-04 military],0.16,industrial,0,not_found,No transmitters/masts found within 25 km. Source: OSM Overpass [FIX-04 transmitter],,,,,2026-04-18 01:00:52.509774+00:00,fix04_20260417_182300,api,merge_phase2_20260421
PL,Zofiowka Mine power station,b24c9876-5a4d-4b83-b442-af2f4b0d1047,3.69,Jastrzębie-Zdrój Heliport,heliport,3.69,7,high,Nearest: Jastrzębie-Zdrój Heliport (heliport) at 3.7 km; Nearest large: 47.5 km; Nearest medium: 81.3 km; Within 30 km: 7; Source: OurAirports; quality: high,,12.24,high,No chemical/petrochemical facilities within search radius; Source: EEA E-PRTR; quality: high,12.24,high,Nearest toxic release source: Site nr 2251 at 12.2 km; Within 5 km: 0; Source: EEA E-PRTR; quality: high,,,high,No flammable storage facilities within search radius; Source: EEA E-PRTR; quality: high,,,,1.97,Strzelnica SW,51,high,"Nearest military: Strzelnica SW (range), 2.0 km [A5]. Total features within 25 km: 51. Source: OSM Overpass [FIX-04 military]",0.14,mast,249,medium,"Nearest transmitter: mast, 0.1 km. Total within 25 km: 249. Source: OSM Overpass [FIX-04 transmitter]",,,,,2026-04-18 01:02:48.013008+00:00,fix04_20260417_182300,api,merge_phase2_20260421
PL,ZW Nowa power station,202d797d-b0f9-4cd0-bbac-d7bb06805c09,10.54,Niegowoniczki Airfield,small_airport,5.27,4,high,Nearest: Niegowoniczki Airfield (small_airport) at 10.5 km; Nearest large: 20.0 km; Within 30 km: 4; Source: OurAirports; quality: high,23.24,16.51,high,Nearest chemical/petrochemical: Site nr 4173 at 23.2 km; (SEVESO upper tier); Within 5 km: 0; Within 10 km: 0; Source: EEA E-PRTR; quality: high,16.51,high,Nearest toxic release source: Site nr 1212 at 16.5 km; Within 5 km: 0; Source: EEA E-PRTR; quality: high,23.24,,high,Nearest flammable storage: Site nr 4173 at 23.2 km; Within 2 km: 0; Within 5 km: 0; Source: EEA E-PRTR; quality: high,,,,2.08,,339,high,"Nearest military: unnamed (bunker), 2.1 km [A6]. Total features within 25 km: 339. Source: OSM Overpass [FIX-04 military]",0.22,observation,0,not_found,No transmitters/masts found within 25 km. Source: OSM Overpass [FIX-04 transmitter],,,,,2026-04-18 01:05:52.226516+00:00,fix04_20260417_182300,api,merge_phase2_20260421
RO,Arad power station,5a33e5f0-6d86-4eab-adea-6c6bad7f3f45,7.15,Arad International Airport,medium_airport,3.57,3,high,Nearest: Arad International Airport (medium_airport) at 7.1 km; Nearest large: 45.9 km; Nearest medium: 7.1 km; Within 30 km: 3; Violations: A2; Source: OurAirports; quality: high,,9.74,high,No chemical/petrochemical facilities within search radius; Source: EEA E-PRTR; quality: high,9.74,high,Nearest toxic release source: Site: 107AR0000.SITE at 9.7 km; Within 5 km: 0; Source: EEA E-PRTR; quality: high,,,high,No flammable storage facilities within search radius; Source: EEA E-PRTR; quality: high,,,,3.11,,0,not_found,No military features found within 25 km. Source: OSM Overpass [FIX-04 military],2.3,mast,0,not_found,No transmitters/masts found within 25 km. Source: OSM Overpass [FIX-04 transmitter],,,,,2026-04-18 01:10:32.323224+00:00,fix04_20260417_182300,api,merge_phase2_20260421
RO,Bacau CHP power station,dac2a974-a2de-46c5-b581-03985a9ae7d0,2.02,Industrial Zone Bacău Helipad,heliport,1.26,6,high,"Nearest: Industrial Zone Bacău Helipad (heliport) at 2.0 km; Nearest large: 2.5 km; Within 30 km: 6; Violations: A1, A3, A4; Source: OurAirports; quality: high",,,medium,No chemical/petrochemical facilities within search radius; Source: EEA E-PRTR; quality: medium,,medium,No toxic release sources within search radius; Source: EEA E-PRTR; quality: medium,,,medium,No flammable storage facilities within search radius; Source: EEA E-PRTR; quality: medium,,,,1.45,,114,high,"Nearest military: unnamed (bunker), 1.4 km [A6]. Total features within 25 km: 114. Source: OSM Overpass [FIX-04 military]",1.38,mast,17,medium,"Nearest transmitter: mast, 1.4 km. Total within 25 km: 17. Source: OSM Overpass [FIX-04 transmitter]",,,,,2026-04-18 01:09:23.284043+00:00,fix04_20260417_183150,api,merge_phase2_20260421
RO,Braila power station,29836b52-a882-4921-95a7-6417e636d9a2,22.17,Aerial Club Vădeni,small_airport,11.09,1,high,Nearest: Aerial Club Vădeni (small_airport) at 22.2 km; Nearest large: 99.8 km; Nearest medium: 63.1 km; Within 30 km: 1; Source: OurAirports; quality: high,,18.71,high,No chemical/petrochemical facilities within search radius; Source: EEA E-PRTR; quality: high,18.71,high,Nearest toxic release source: Site: 127BR0000.SITE at 18.7 km; Within 5 km: 0; Source: EEA E-PRTR; quality: high,,,high,No flammable storage facilities within search radius; Source: EEA E-PRTR; quality: high,,,,8.86,,153,medium,"Nearest military: unnamed (bunker), 8.9 km [A6]. Total features within 25 km: 153. Source: OSM Overpass [FIX-04 military]",0.23,mast,0,not_found,No transmitters/masts found within 25 km. Source: OSM Overpass [FIX-04 transmitter],,,,,2026-04-18 01:11:56.168437+00:00,fix04_20260417_182300,api,merge_phase2_20260421
RO,Braila power station,323cdbf0-c4a8-467a-af76-e2e3df0b537f,22.17,Aerial Club Vădeni,small_airport,11.09,1,high,Nearest: Aerial Club Vădeni (small_airport) at 22.2 km; Nearest large: 99.8 km; Nearest medium: 63.1 km; Within 30 km: 1; Source: OurAirports; quality: high,,18.71,high,No chemical/petrochemical facilities within search radius; Source: EEA E-PRTR; quality: high,18.71,high,Nearest toxic release source: Site: 127BR0000.SITE at 18.7 km; Within 5 km: 0; Source: EEA E-PRTR; quality: high,,,high,No flammable storage facilities within search radius; Source: EEA E-PRTR; quality: high,,,,8.86,,153,medium,"Nearest military: unnamed (bunker), 8.9 km [A6]. Total features within 25 km: 153. Source: OSM Overpass [FIX-04 military]",0.23,mast,74,medium,"Nearest transmitter: mast, 0.2 km. Total within 25 km: 74. Source: OSM Overpass [FIX-04 transmitter]",,,,,2026-04-18 01:13:53.380251+00:00,fix04_20260417_182300,api,merge_phase2_20260421
RO,Brăila-Chișcani Thermal Power Plant,f1f65cf9-996c-4922-97bd-76e38c032331,10.01,Aerial Club Vădeni,small_airport,5.0,3,high,Nearest: Aerial Club Vădeni (small_airport) at 10.0 km; Nearest medium: 65.9 km; Within 30 km: 3; Source: OurAirports; quality: high,,8.55,high,No chemical/petrochemical facilities within search radius; Source: EEA E-PRTR; quality: high,8.55,high,Nearest toxic release source: Site: 127BR0000.SITE at 8.5 km; Within 5 km: 0; Source: EEA E-PRTR; quality: high,,,high,No flammable storage facilities within search radius; Source: EEA E-PRTR; quality: high,,,,1.81,,329,high,"Nearest military: unnamed (bunker), 1.8 km [A6]. Total features within 25 km: 329. Source: OSM Overpass [FIX-04 military]",1.87,lighting,220,medium,"Nearest transmitter: lighting, 1.9 km. Total within 25 km: 220. Source: OSM Overpass [FIX-04 transmitter]",,,,,2026-04-18 01:19:40.400184+00:00,fix04_20260417_183150,api,merge_phase2_20260421
RO,Brasov power station,729f8d17-57c0-4d9a-adab-4b612d4abde5,6.61,Sânpetru-Brașov Aerodrome,small_airport,3.31,11,high,Nearest: Sânpetru-Brașov Aerodrome (small_airport) at 6.6 km; Nearest large: 10.8 km; Within 30 km: 11; Violations: A4; Source: OurAirports; quality: high,,,medium,No chemical/petrochemical facilities within search radius; Source: EEA E-PRTR; quality: medium,,medium,No toxic release sources within search radius; Source: EEA E-PRTR; quality: medium,,,medium,No flammable storage facilities within search radius; Source: EEA E-PRTR; quality: medium,,,,1.4,,190,high,"Nearest military: unnamed (bunker), 1.4 km [A6]. Total features within 25 km: 190. Source: OSM Overpass [FIX-04 military]",1.42,water_tower,50,medium,"Nearest transmitter: water_tower, 1.4 km. Total within 25 km: 50. Source: OSM Overpass [FIX-04 transmitter]",,,,,2026-04-18 07:47:53.548245+00:00,fix04_20260418_071244,api,merge_phase2_20260421
RO,Bucharest North East power station,3bef37a3-239e-498d-a160-77452a6a9b79,2.06,Ministry Of National Defense Helipad,heliport,2.06,20,high,Nearest: Ministry Of National Defense Helipad (heliport) at 2.1 km; Nearest large: 7.9 km; Within 30 km: 20; Violations: A4; Source: OurAirports; quality: high,,9.93,high,No chemical/petrochemical facilities within search radius; Source: EEA E-PRTR; quality: high,9.93,high,Nearest toxic release source: Site: 116IF0000.SITE at 9.9 km; Within 5 km: 0; Source: EEA E-PRTR; quality: high,,,high,No flammable storage facilities within search radius; Source: EEA E-PRTR; quality: high,,,,0.3,,1218,high,"Nearest military: unnamed (bunker), 0.3 km [A6]. Total features within 25 km: 1218. Source: OSM Overpass [FIX-04 military]",0.3,communication,0,not_found,No transmitters/masts found within 25 km. Source: OSM Overpass [FIX-04 transmitter],,,,,2026-04-18 01:21:12.794567+00:00,fix04_20260417_182300,api,merge_phase2_20260421
RO,Craiova II power station,a4fa3246-27d6-4740-898c-bdf9dadcb88c,4.45,Emergency County Hospital Craiova Helipad,heliport,3.27,5,high,Nearest: Emergency County Hospital Craiova Helipad (heliport) at 4.4 km; Nearest large: 6.8 km; Within 30 km: 5; Violations: A4; Source: OurAirports; quality: high,,,medium,No chemical/petrochemical facilities within search radius; Source: EEA E-PRTR; quality: medium,,medium,No toxic release sources within search radius; Source: EEA E-PRTR; quality: medium,,,medium,No flammable storage facilities within search radius; Source: EEA E-PRTR; quality: medium,,,,1.33,,0,not_found,No military features found within 25 km. Source: OSM Overpass [FIX-04 military],2.4,antenna,51,medium,"Nearest transmitter: antenna, 2.4 km. Total within 25 km: 51. Source: OSM Overpass [FIX-04 transmitter]",,,,,2026-04-18 01:22:37.383206+00:00,fix04_20260417_182300,api,merge_phase2_20260421
RO,Doicesti power station,aff5ffe6-fe7a-4de7-afad-9d4645a64cd9,27.67,Ilfoveni (Aerogetic) Airfield,small_airport,13.83,1,high,Nearest: Ilfoveni (Aerogetic) Airfield (small_airport) at 27.7 km; Nearest large: 73.5 km; Within 30 km: 1; Source: OurAirports; quality: high,,6.52,high,No chemical/petrochemical facilities within search radius; Source: EEA E-PRTR; quality: high,6.52,high,Nearest toxic release source: Site: 114DB0000.SITE at 6.5 km; Within 5 km: 0; Source: EEA E-PRTR; quality: high,,,high,No flammable storage facilities within search radius; Source: EEA E-PRTR; quality: high,,,,5.68,,0,not_found,No military features found within 25 km. Source: OSM Overpass [FIX-04 military],2.15,communication,0,not_found,No transmitters/masts found within 25 km. Source: OSM Overpass [FIX-04 transmitter],,,,,2026-04-18 01:24:01.679503+00:00,fix04_20260417_182300,api,merge_phase2_20260421
RO,FPCU Feldioara,18ecb024-ee4f-4045-8254-5e95d61dea8c,8.59,Sânpetru-Brașov Aerodrome,small_airport,4.3,11,high,Nearest: Sânpetru-Brașov Aerodrome (small_airport) at 8.6 km; Nearest large: 10.9 km; Within 30 km: 11; Violations: A4; Source: OurAirports; quality: high,,,medium,No chemical/petrochemical facilities within search radius; Source: EEA E-PRTR; quality: medium,,medium,No toxic release sources within search radius; Source: EEA E-PRTR; quality: medium,,,medium,No flammable storage facilities within search radius; Source: EEA E-PRTR; quality: medium,,,,8.54,Depozit Muniție,192,medium,"Nearest military: Depozit Muniție (military), 8.5 km [A5]. Total features within 25 km: 192. Source: OSM Overpass [FIX-04 military]",3.69,communication,64,medium,"Nearest transmitter: communication, 3.7 km. Total within 25 km: 64. Source: OSM Overpass [FIX-04 transmitter]",,,,,2026-04-18 07:48:32.876038+00:00,fix04_20260418_071244,api,merge_phase2_20260421
RO,Galati Power Station,8781d874-5923-4795-9c9f-b2a6c709025a,3.9,Damen Shipyard Heliport,heliport,3.9,5,high,Nearest: Damen Shipyard Heliport (heliport) at 3.9 km; Nearest medium: 49.8 km; Within 30 km: 5; Source: OurAirports; quality: high,,18.91,high,No chemical/petrochemical facilities within search radius; Source: EEA E-PRTR; quality: high,18.91,high,Nearest toxic release source: Site: 127BR0000.SITE at 18.9 km; Within 5 km: 0; Source: EEA E-PRTR; quality: high,,,high,No flammable storage facilities within search radius; Source: EEA E-PRTR; quality: high,,,,0.15,,335,high,"Nearest military: unnamed (bunker), 0.2 km [A6]. Total features within 25 km: 335. Source: OSM Overpass [FIX-04 military]",0.27,communication,282,medium,"Nearest transmitter: communication, 0.3 km. Total within 25 km: 282. Source: OSM Overpass [FIX-04 transmitter]",,,,,2026-04-18 01:27:05.322949+00:00,fix04_20260417_183150,api,merge_phase2_20260421
RO,Giurgiu power station,6aed2eac-1c97-40c5-b842-fb15fd510f35,16.64,Nikolovo Airfield,small_airport,8.32,5,high,Nearest: Nikolovo Airfield (small_airport) at 16.6 km; Nearest large: 70.7 km; Nearest medium: 82.8 km; Within 30 km: 5; Source: OurAirports; quality: high,10.67,10.67,high,Nearest chemical/petrochemical: Refinery Polisan at 10.7 km; Within 5 km: 0; Within 10 km: 0; Source: EEA E-PRTR; quality: high,,high,No toxic release sources within search radius; Source: EEA E-PRTR; quality: high,10.67,,high,Nearest flammable storage: Refinery Polisan at 10.7 km; Within 2 km: 0; Within 5 km: 0; Source: EEA E-PRTR; quality: high,,,,0.63,,0,not_found,No military features found within 25 km. Source: OSM Overpass [FIX-04 military],4.48,lighting,36,medium,"Nearest transmitter: lighting, 4.5 km. Total within 25 km: 36. Source: OSM Overpass [FIX-04 transmitter]",,,,,2026-04-18 01:29:59.023675+00:00,fix04_20260417_182300,api,merge_phase2_20260421
RO,Govora power station,825dc024-9a53-4237-bf59-cbe0af0cf87d,4.77,Râmnicu Vâlcea Heliport,heliport,4.77,1,high,Nearest: Râmnicu Vâlcea Heliport (heliport) at 4.8 km; Nearest large: 84.5 km; Within 30 km: 1; Source: OurAirports; quality: high,,,medium,No chemical/petrochemical facilities within search radius; Source: EEA E-PRTR; quality: medium,,medium,No toxic release sources within search radius; Source: EEA E-PRTR; quality: medium,,,medium,No flammable storage facilities within search radius; Source: EEA E-PRTR; quality: medium,,,,0.51,,0,not_found,No military features found within 25 km. Source: OSM Overpass [FIX-04 military],3.17,mast,0,not_found,No transmitters/masts found within 25 km. Source: OSM Overpass [FIX-04 transmitter],,,,,2026-04-18 01:33:28.456835+00:00,fix04_20260417_182300,api,merge_phase2_20260421
RO,Iasi-2 power station,1d8be6d0-f3a5-4b32-9d46-3526289731f8,6.01,2nd Detachment of Firefighters Iaşi Helipad,heliport,3.07,4,high,Nearest: 2nd Detachment of Firefighters Iaşi Helipad (heliport) at 6.0 km; Nearest large: 8.1 km; Nearest medium: 76.9 km; Within 30 km: 4; Violations: A4; Source: OurAirports; quality: high,,1.97,high,No chemical/petrochemical facilities within search radius; Source: EEA E-PRTR; quality: high,1.97,high,Nearest toxic release source: Site: 108IS0000.SITE at 2.0 km; Within 5 km: 2; Source: EEA E-PRTR; quality: high,,,high,No flammable storage facilities within search radius; Source: EEA E-PRTR; quality: high,,,,2.43,,137,high,"Nearest military: unnamed (bunker), 2.4 km [A6]. Total features within 25 km: 137. Source: OSM Overpass [FIX-04 military]",2.02,water_tower,119,medium,"Nearest transmitter: water_tower, 2.0 km. Total within 25 km: 119. Source: OSM Overpass [FIX-04 transmitter]",,,,,2026-04-18 01:32:07.561776+00:00,fix04_20260417_183150,api,merge_phase2_20260421
RO,Isalnita power station,e073b3f8-4312-4d34-b322-6289a3121af1,3.78,Mihăița Airstrip,small_airport,1.89,5,high,"Nearest: Mihăița Airstrip (small_airport) at 3.8 km; Nearest large: 15.6 km; Within 30 km: 5; Violations: A1, A3, A4; Source: OurAirports; quality: high",,,medium,No chemical/petrochemical facilities within search radius; Source: EEA E-PRTR; quality: medium,,medium,No toxic release sources within search radius; Source: EEA E-PRTR; quality: medium,,,medium,No flammable storage facilities within search radius; Source: EEA E-PRTR; quality: medium,,,,5.4,,215,medium,"Nearest military: unnamed (military), 5.4 km [A5]. Total features within 25 km: 215. Source: OSM Overpass [FIX-04 military]",0.28,mast,53,medium,"Nearest transmitter: mast, 0.3 km. Total within 25 km: 53. Source: OSM Overpass [FIX-04 transmitter]",,,,,2026-04-18 01:33:04.582186+00:00,fix04_20260417_183150,api,merge_phase2_20260421
RO,Mintia-Deva power station,52a7babe-313f-493b-86b9-bd0c4aece4c3,12.36,Săulești Airfield,small_airport,6.18,1,high,Nearest: Săulești Airfield (small_airport) at 12.4 km; Nearest large: 98.6 km; Nearest medium: 70.6 km; Within 30 km: 1; Source: OurAirports; quality: high,,5.52,high,No chemical/petrochemical facilities within search radius; Source: EEA E-PRTR; quality: high,5.52,high,Nearest toxic release source: Site: 108HD0000.SITE at 5.5 km; Within 5 km: 0; Source: EEA E-PRTR; quality: high,,,high,No flammable storage facilities within search radius; Source: EEA E-PRTR; quality: high,,,,3.61,,18,high,"Nearest military: unnamed (military), 3.6 km [A5]. Total features within 25 km: 18. Source: OSM Overpass [FIX-04 military]",0.6,mast,34,medium,"Nearest transmitter: mast, 0.6 km. Total within 25 km: 34. Source: OSM Overpass [FIX-04 transmitter]",,,,,2026-04-18 01:34:48.988342+00:00,fix04_20260417_182300,api,merge_phase2_20260421
RO,Oradea power station,6c428b2a-ad09-448b-b24c-22465929d69c,5.17,Oradea / Smurd Bh 2 Heliport,heliport,3.32,5,high,Nearest: Oradea / Smurd Bh 2 Heliport (heliport) at 5.2 km; Nearest large: 6.6 km; Within 30 km: 5; Violations: A4; Source: OurAirports; quality: high,,3.38,high,No chemical/petrochemical facilities within search radius; Source: EEA E-PRTR; quality: high,3.38,high,Nearest toxic release source: Site: 109BH0000.SITE at 3.4 km; Within 5 km: 6; Source: EEA E-PRTR; quality: high,,,high,No flammable storage facilities within search radius; Source: EEA E-PRTR; quality: high,,,,1.78,,0,not_found,No military features found within 25 km. Source: OSM Overpass [FIX-04 military],0.81,water_tower,66,medium,"Nearest transmitter: water_tower, 0.8 km. Total within 25 km: 66. Source: OSM Overpass [FIX-04 transmitter]",,,,,2026-04-18 01:37:07.753703+00:00,fix04_20260417_182300,api,merge_phase2_20260421
RO,Paroseni power station,9825e28e-fd6e-460d-9caf-0342563f9060,40.67,Barza Târgu-Jiu Airfield,small_airport,20.33,0,high,Nearest: Barza Târgu-Jiu Airfield (small_airport) at 40.7 km; Nearest large: 79.4 km; Nearest medium: 79.0 km; Within 30 km: 0; Source: OurAirports; quality: high,,,medium,No chemical/petrochemical facilities within search radius; Source: EEA E-PRTR; quality: medium,,medium,No toxic release sources within search radius; Source: EEA E-PRTR; quality: medium,,,medium,No flammable storage facilities within search radius; Source: EEA E-PRTR; quality: medium,,,,2.68,,9,high,"Nearest military: unnamed (bunker), 2.7 km [A6]. Total features within 25 km: 9. Source: OSM Overpass [FIX-04 military]",0.35,mast,0,not_found,No transmitters/masts found within 25 km. Source: OSM Overpass [FIX-04 transmitter],,,,,2026-04-18 01:41:04.560919+00:00,fix04_20260417_182300,api,merge_phase2_20260421
RO,Romag Termo power station,c3790475-3d3b-4e2b-92ae-24503fe03e6b,6.65,Drobeta-Turnu Severin Heliport,heliport,6.65,2,high,Nearest: Drobeta-Turnu Severin Heliport (heliport) at 6.7 km; Nearest medium: 89.3 km; Within 30 km: 2; Source: OurAirports; quality: high,,3.25,high,No chemical/petrochemical facilities within search radius; Source: EEA E-PRTR; quality: high,3.25,high,Nearest toxic release source: Site: 109MH0000.SITE at 3.3 km; Within 5 km: 2; Source: EEA E-PRTR; quality: high,,,high,No flammable storage facilities within search radius; Source: EEA E-PRTR; quality: high,,,,4.64,,27,high,"Nearest military: unnamed (bunker), 4.6 km [A6]. Total features within 25 km: 27. Source: OSM Overpass [FIX-04 military]",2.21,mast,0,not_found,No transmitters/masts found within 25 km. Source: OSM Overpass [FIX-04 transmitter],,,,,2026-04-18 01:42:33.367212+00:00,fix04_20260417_182300,api,merge_phase2_20260421
RO,Rovinari power station,958e4d82-853a-41f1-a442-94b4c4314221,18.77,Barza Târgu-Jiu Airfield,small_airport,9.38,1,high,Nearest: Barza Târgu-Jiu Airfield (small_airport) at 18.8 km; Nearest large: 88.9 km; Nearest medium: 89.4 km; Within 30 km: 1; Source: OurAirports; quality: high,,,medium,No chemical/petrochemical facilities within search radius; Source: EEA E-PRTR; quality: medium,,medium,No toxic release sources within search radius; Source: EEA E-PRTR; quality: medium,,,medium,No flammable storage facilities within search radius; Source: EEA E-PRTR; quality: medium,,,,7.99,,0,not_found,No military features found within 25 km. Source: OSM Overpass [FIX-04 military],11.75,mast,17,medium,"Nearest transmitter: mast, 11.8 km. Total within 25 km: 17. Source: OSM Overpass [FIX-04 transmitter]",,,,,2026-04-18 01:46:31.994700+00:00,fix04_20260417_182300,api,merge_phase2_20260421
RO,Slatina power station,d498ded8-449c-4672-8bb9-0ed6c8fef775,38.93,Deveselu Heliport,heliport,19.89,0,high,Nearest: Deveselu Heliport (heliport) at 38.9 km; Nearest large: 39.8 km; Within 30 km: 0; Source: OurAirports; quality: high,7.59,7.59,high,Nearest chemical/petrochemical: Site: 117OT0000.SITE at 7.6 km; Within 5 km: 0; Within 10 km: 2; Source: EEA E-PRTR; quality: high,,high,No toxic release sources within search radius; Source: EEA E-PRTR; quality: high,7.59,,high,Nearest flammable storage: Site: 117OT0000.SITE at 7.6 km; Within 2 km: 0; Within 5 km: 0; Source: EEA E-PRTR; quality: high,,,,0.34,,34,high,"Nearest military: unnamed (bunker), 0.3 km [A6]. Total features within 25 km: 34. Source: OSM Overpass [FIX-04 military]",1.32,communication,22,medium,"Nearest transmitter: communication, 1.3 km. Total within 25 km: 22. Source: OSM Overpass [FIX-04 transmitter]",,,,,2026-04-18 01:47:58.403145+00:00,fix04_20260417_182300,api,merge_phase2_20260421
RO,Suceava power station,693d9b73-f9fc-4502-9b94-be020c5d21fb,4.62,"Suceava ""St. John the New"" Emergency Hospital Heliport",heliport,2.88,3,high,"Nearest: Suceava ""St. John the New"" Emergency Hospital Heliport (heliport) at 4.6 km; Nearest large: 5.8 km; Nearest medium: 71.6 km; Within 30 km: 3; Violations: A4; Source: OurAirports; quality: high",,14.69,high,No chemical/petrochemical facilities within search radius; Source: EEA E-PRTR; quality: high,14.69,high,Nearest toxic release source: Site: 113SV0000.SITE at 14.7 km; Within 5 km: 0; Source: EEA E-PRTR; quality: high,,,high,No flammable storage facilities within search radius; Source: EEA E-PRTR; quality: high,,,,0.15,,0,not_found,No military features found within 25 km. Source: OSM Overpass [FIX-04 military],2.24,chimney,29,medium,"Nearest transmitter: chimney, 2.2 km. Total within 25 km: 29. Source: OSM Overpass [FIX-04 transmitter]",,,,,2026-04-18 01:49:32.378946+00:00,fix04_20260417_182300,api,merge_phase2_20260421
RO,Târgu Jiu Thermal Plant,e43af28e-a3d3-4047-a9cf-f3b0990754b4,5.72,Barza Târgu-Jiu Airfield,small_airport,2.86,1,high,Nearest: Barza Târgu-Jiu Airfield (small_airport) at 5.7 km; Nearest large: 93.3 km; Nearest medium: 90.8 km; Within 30 km: 1; Source: OurAirports; quality: high,,,medium,No chemical/petrochemical facilities within search radius; Source: EEA E-PRTR; quality: medium,,medium,No toxic release sources within search radius; Source: EEA E-PRTR; quality: medium,,,medium,No flammable storage facilities within search radius; Source: EEA E-PRTR; quality: medium,,,,0.21,Cercul Militar Județean Gorj,0,not_found,No military features found within 25 km. Source: OSM Overpass [FIX-04 military],2.4,tower,0,not_found,No transmitters/masts found within 25 km. Source: OSM Overpass [FIX-04 transmitter],,,,,2026-04-18 01:53:01.022220+00:00,fix04_20260417_182300,api,merge_phase2_20260421
RO,Turceni power station,345fb795-170a-4fb5-833c-f6bcf2eb450c,36.85,Predeşti SkyFun Airfield,small_airport,18.43,0,high,Nearest: Predeşti SkyFun Airfield (small_airport) at 36.9 km; Nearest large: 54.6 km; Within 30 km: 0; Source: OurAirports; quality: high,,,medium,No chemical/petrochemical facilities within search radius; Source: EEA E-PRTR; quality: medium,,medium,No toxic release sources within search radius; Source: EEA E-PRTR; quality: medium,,,medium,No flammable storage facilities within search radius; Source: EEA E-PRTR; quality: medium,,,,2.91,,8,high,"Nearest military: unnamed (bunker), 2.9 km [A6]. Total features within 25 km: 8. Source: OSM Overpass [FIX-04 military]",2.97,communication,0,not_found,No transmitters/masts found within 25 km. Source: OSM Overpass [FIX-04 transmitter],,,,,2026-04-18 01:55:23.872606+00:00,fix04_20260417_182300,api,merge_phase2_20260421
RS,Despotovac power station,5d53da59-04c8-43e6-b29e-220bea4d9eb7,8.51,Jagodina-Barutana Airfield,small_airport,4.26,3,high,Nearest: Jagodina-Barutana Airfield (small_airport) at 8.5 km; Nearest large: 92.7 km; Nearest medium: 59.8 km; Within 30 km: 3; Source: OurAirports; quality: high,,,low,No chemical/petrochemical facilities within search radius; Source: EEA E-PRTR; quality: low,,low,No toxic release sources within search radius; Source: EEA E-PRTR; quality: low,,,low,No flammable storage facilities within search radius; Source: EEA E-PRTR; quality: low,,,,12.82,,0,not_found,No military features found within 25 km. Source: OSM Overpass [FIX-04 military],3.74,communication,60,medium,"Nearest transmitter: communication, 3.7 km. Total within 25 km: 60. Source: OSM Overpass [FIX-04 transmitter]",,,,,2026-04-18 01:56:58.041092+00:00,fix04_20260417_182300,api,merge_phase2_20260421
RS,Kolubara A power station,0182ec25-0df9-4e4b-9861-d76a332bc282,24.12,Zabrežje Airfield,small_airport,12.06,3,high,Nearest: Zabrežje Airfield (small_airport) at 24.1 km; Nearest large: 37.6 km; Nearest medium: 50.7 km; Within 30 km: 3; Source: OurAirports; quality: high,,,low,No chemical/petrochemical facilities within search radius; Source: EEA E-PRTR; quality: low,,low,No toxic release sources within search radius; Source: EEA E-PRTR; quality: low,,,low,No flammable storage facilities within search radius; Source: EEA E-PRTR; quality: low,,,,21.56,,4,medium,"Nearest military: unnamed (military), 21.6 km [A5]. Total features within 25 km: 4. Source: OSM Overpass [FIX-04 military]",0.16,mast,107,medium,"Nearest transmitter: mast, 0.2 km. Total within 25 km: 107. Source: OSM Overpass [FIX-04 transmitter]",,,,,2026-04-18 02:03:53.102483+00:00,fix04_20260417_183150,api,merge_phase2_20260421
RS,Kolubara B power station,d30af109-79cb-4ab5-a878-6f574b58116a,25.31,Zabrežje Airfield,small_airport,12.65,3,high,Nearest: Zabrežje Airfield (small_airport) at 25.3 km; Nearest large: 39.1 km; Nearest medium: 52.1 km; Within 30 km: 3; Source: OurAirports; quality: high,,,low,No chemical/petrochemical facilities within search radius; Source: EEA E-PRTR; quality: low,,low,No toxic release sources within search radius; Source: EEA E-PRTR; quality: low,,,low,No flammable storage facilities within search radius; Source: EEA E-PRTR; quality: low,,,,22.23,,4,medium,"Nearest military: unnamed (military), 22.2 km [A5]. Total features within 25 km: 4. Source: OSM Overpass [FIX-04 military]",1.02,communication,105,medium,"Nearest transmitter: communication, 1.0 km. Total within 25 km: 105. Source: OSM Overpass [FIX-04 transmitter]",,,,,2026-04-18 07:49:21.531117+00:00,fix04_20260418_071244,api,merge_phase2_20260421
RS,Kostolac power station,993ccce2-d5e1-498d-827d-8dbfeb42582b,1.47,Kostolac Airfield,small_airport,0.74,5,high,"Nearest: Kostolac Airfield (small_airport) at 1.5 km; Nearest large: 68.9 km; Nearest medium: 75.8 km; Within 30 km: 5; Violations: A1, A3; Source: OurAirports; quality: high",,,low,No chemical/petrochemical facilities within search radius; Source: EEA E-PRTR; quality: low,,low,No toxic release sources within search radius; Source: EEA E-PRTR; quality: low,,,low,No flammable storage facilities within search radius; Source: EEA E-PRTR; quality: low,,,,9.73,Касарна „Звезда”,4,medium,"Nearest military: Касарна „Звезда” (military), 9.7 km [A5]. Total features within 25 km: 4. Source: OSM Overpass [FIX-04 military]",1.51,communication,79,medium,"Nearest transmitter: communication, 1.5 km. Total within 25 km: 79. Source: OSM Overpass [FIX-04 transmitter]",,,,,2026-04-18 07:49:40.663612+00:00,fix04_20260418_071244,api,merge_phase2_20260421
RS,Kovin power station,5d4aee8d-9e73-4987-907a-d092e0ba92ed,2.74,Kovin Airstrip,small_airport,1.37,3,high,"Nearest: Kovin Airstrip (small_airport) at 2.7 km; Nearest large: 52.5 km; Nearest medium: 59.6 km; Within 30 km: 3; Violations: A1, A3; Source: OurAirports; quality: high",,,low,No chemical/petrochemical facilities within search radius; Source: EEA E-PRTR; quality: low,,low,No toxic release sources within search radius; Source: EEA E-PRTR; quality: low,,,low,No flammable storage facilities within search radius; Source: EEA E-PRTR; quality: low,,,,11.78,,0,not_found,No military features found within 25 km. Source: OSM Overpass [FIX-04 military],0.71,water_tower,71,medium,"Nearest transmitter: water_tower, 0.7 km. Total within 25 km: 71. Source: OSM Overpass [FIX-04 transmitter]",,,,,2026-04-18 02:04:55.798609+00:00,fix04_20260417_182300,api,merge_phase2_20260421
RS,Morava power station,2b03f2e2-64ac-4262-bbff-7a536bda5722,21.52,Smederevska Palanka / Rudine Airfield,small_airport,10.76,3,high,Nearest: Smederevska Palanka / Rudine Airfield (small_airport) at 21.5 km; Nearest large: 94.6 km; Nearest medium: 64.5 km; Within 30 km: 3; Source: OurAirports; quality: high,,,low,No chemical/petrochemical facilities within search radius; Source: EEA E-PRTR; quality: low,,low,No toxic release sources within search radius; Source: EEA E-PRTR; quality: low,,,low,No flammable storage facilities within search radius; Source: EEA E-PRTR; quality: low,,,,3.61,Касарна,0,not_found,No military features found within 25 km. Source: OSM Overpass [FIX-04 military],0.2,mast,0,not_found,No transmitters/masts found within 25 km. Source: OSM Overpass [FIX-04 transmitter],,,,,2026-04-18 02:09:38.077915+00:00,fix04_20260417_182300,api,merge_phase2_20260421
RS,Nikola Tesla power station,c8f15aca-174b-4be6-a6d9-abfa4685d10d,4.47,Zabrežje Airfield,small_airport,2.24,9,high,Nearest: Zabrežje Airfield (small_airport) at 4.5 km; Nearest large: 20.2 km; Nearest medium: 30.4 km; Within 30 km: 9; Source: OurAirports; quality: high,,,low,No chemical/petrochemical facilities within search radius; Source: EEA E-PRTR; quality: low,,low,No toxic release sources within search radius; Source: EEA E-PRTR; quality: low,,,low,No flammable storage facilities within search radius; Source: EEA E-PRTR; quality: low,,,,2.19,Касарна Обреновац,0,not_found,No military features found within 25 km. Source: OSM Overpass [FIX-04 military],1.14,mast,0,not_found,No transmitters/masts found within 25 km. Source: OSM Overpass [FIX-04 transmitter],,,,,2026-04-18 02:13:07.029233+00:00,fix04_20260417_182300,api,merge_phase2_20260421
RS,Štavalj Power Station,296282b1-d079-4c1e-b2df-12c25128b963,48.11,Berane General Hospital Heliport,heliport,24.77,0,high,Nearest: Berane General Hospital Heliport (heliport) at 48.1 km; Nearest medium: 73.7 km; Within 30 km: 0; Source: OurAirports; quality: high,,,low,No chemical/petrochemical facilities within search radius; Source: EEA E-PRTR; quality: low,,low,No toxic release sources within search radius; Source: EEA E-PRTR; quality: low,,,low,No flammable storage facilities within search radius; Source: EEA E-PRTR; quality: low,,,,0.39,,5,high,"Nearest military: unnamed (military), 0.4 km [A5]. Total features within 25 km: 5. Source: OSM Overpass [FIX-04 military]",1.21,communication,0,not_found,No transmitters/masts found within 25 km. Source: OSM Overpass [FIX-04 transmitter],,,,,2026-04-18 02:14:36.679819+00:00,fix04_20260417_182300,api,merge_phase2_20260421
SI,Sostanj power station,0750b80c-a54b-4ea5-b3e5-9dfb7309eca2,2.87,Šoštanj Airfield,small_airport,1.44,10,high,"Nearest: Šoštanj Airfield (small_airport) at 2.9 km; Nearest large: 48.7 km; Nearest medium: 49.9 km; Within 30 km: 10; Violations: A1, A3; Source: OurAirports; quality: high",,0.0,high,No chemical/petrochemical facilities within search radius; Source: EEA E-PRTR; quality: high,0.0,high,Nearest toxic release source: Termoelektrarna Šoštanj at 0.0 km; Within 5 km: 2; Source: EEA E-PRTR; quality: high,,,high,No flammable storage facilities within search radius; Source: EEA E-PRTR; quality: high,,,,16.28,Skladišče SV Zaloška Gorica,7,medium,"Nearest military: Skladišče SV Zaloška Gorica (military), 16.3 km [A5]. Total features within 25 km: 7. Source: OSM Overpass [FIX-04 military]",0.1,mast,110,medium,"Nearest transmitter: mast, 0.1 km. Total within 25 km: 110. Source: OSM Overpass [FIX-04 transmitter]",,,,,2026-04-18 02:14:29.500152+00:00,fix04_20260417_183150,api,merge_phase2_20260421
SI,Te-Tol power station,4cf7f820-7ad9-411e-bf39-2bbef290aaf6,1.91,Ljubljana University Hospital Heliport,heliport,1.91,7,high,Nearest: Ljubljana University Hospital Heliport (heliport) at 1.9 km; Nearest large: 19.6 km; Nearest medium: 78.1 km; Within 30 km: 7; Violations: A1; Source: OurAirports; quality: high,,6.69,high,No chemical/petrochemical facilities within search radius; Source: EEA E-PRTR; quality: high,6.69,high,Nearest toxic release source: Javno podjetje vodovod kanalizacija Snaga at 6.7 km; Within 5 km: 0; Source: EEA E-PRTR; quality: high,,,high,No flammable storage facilities within search radius; Source: EEA E-PRTR; quality: high,,,,1.4,,0,not_found,No military features found within 25 km. Source: OSM Overpass [FIX-04 military],0.6,mast,319,medium,"Nearest transmitter: mast, 0.6 km. Total within 25 km: 319. Source: OSM Overpass [FIX-04 transmitter]",,,,,2026-04-18 02:16:03.820417+00:00,fix04_20260417_182300,api,merge_phase2_20260421
SI,Trbovlje power station,008a3366-6f56-4c1a-ac5d-6b0c75b7c7fd,5.2,Zagorje ob Savi Airfield,small_airport,2.6,10,high,Nearest: Zagorje ob Savi Airfield (small_airport) at 5.2 km; Nearest large: 47.8 km; Nearest medium: 44.1 km; Within 30 km: 10; Source: OurAirports; quality: high,,23.46,high,No chemical/petrochemical facilities within search radius; Source: EEA E-PRTR; quality: high,23.46,high,"Nearest toxic release source: SIMBIO, družba za ravnanje z odpadki, Odlagaišče nenevarnih odpadkov Bukovžlak at 23.5 km; Within 5 km: 0; Source: EEA E-PRTR; quality: high",,,high,No flammable storage facilities within search radius; Source: EEA E-PRTR; quality: high,,,,18.84,Strelišče Pečovnik,0,not_found,No military features found within 25 km. Source: OSM Overpass [FIX-04 military],0.5,mast,98,medium,"Nearest transmitter: mast, 0.5 km. Total within 25 km: 98. Source: OSM Overpass [FIX-04 transmitter]",,,,,2026-04-18 02:24:22.622391+00:00,fix04_20260417_182300,api,merge_phase2_20260421
SK,Kosice power station,66edd8f5-e60a-412d-9b80-56496d1407b1,4.49,Košice International Airport,medium_airport,2.24,14,high,Nearest: Košice International Airport (medium_airport) at 4.5 km; Nearest large: 73.2 km; Nearest medium: 4.5 km; Within 30 km: 14; Violations: A2; Source: OurAirports; quality: high,,,medium,No chemical/petrochemical facilities within search radius; Source: EEA E-PRTR; quality: medium,,medium,No toxic release sources within search radius; Source: EEA E-PRTR; quality: medium,,,medium,No flammable storage facilities within search radius; Source: EEA E-PRTR; quality: medium,,,,2.67,,47,high,"Nearest military: unnamed (bunker), 2.7 km [A6]. Total features within 25 km: 47. Source: OSM Overpass [FIX-04 military]",0.3,communication,447,medium,"Nearest transmitter: communication, 0.3 km. Total within 25 km: 447. Source: OSM Overpass [FIX-04 transmitter]",,,,,2026-04-18 02:33:54.192873+00:00,fix04_20260417_183150,api,merge_phase2_20260421
SK,Martinska power station,06defca3-9105-437f-afd4-52f5603d9b8e,3.26,Martin Airfield,small_airport,1.63,6,high,"Nearest: Martin Airfield (small_airport) at 3.3 km; Nearest large: 91.3 km; Nearest medium: 28.8 km; Within 30 km: 6; Violations: A1, A3; Source: OurAirports; quality: high",,,medium,No chemical/petrochemical facilities within search radius; Source: EEA E-PRTR; quality: medium,,medium,No toxic release sources within search radius; Source: EEA E-PRTR; quality: medium,,,medium,No flammable storage facilities within search radius; Source: EEA E-PRTR; quality: medium,,,,1.48,Základňa výcviku a mobilizačného doplňovania,19,high,"Nearest military: Základňa výcviku a mobilizačného doplňovania (military), 1.5 km [A5]. Total features within 25 km: 19. Source: OSM Overpass [FIX-04 military]",2.64,communication,193,medium,"Nearest transmitter: communication, 2.6 km. Total within 25 km: 193. Source: OSM Overpass [FIX-04 transmitter]",,,,,2026-04-18 07:50:34.648831+00:00,fix04_20260418_071244,api,merge_phase2_20260421
SK,Novaky power station,c97125b3-20ed-4e21-a853-b928644ec7dd,8.44,Prievidza Airfield,small_airport,4.22,10,high,Nearest: Prievidza Airfield (small_airport) at 8.4 km; Nearest medium: 44.6 km; Within 30 km: 10; Source: OurAirports; quality: high,,,medium,No chemical/petrochemical facilities within search radius; Source: EEA E-PRTR; quality: medium,,medium,No toxic release sources within search radius; Source: EEA E-PRTR; quality: medium,,,medium,No flammable storage facilities within search radius; Source: EEA E-PRTR; quality: medium,,,,3.12,,14,high,"Nearest military: unnamed (military), 3.1 km [A5]. Total features within 25 km: 14. Source: OSM Overpass [FIX-04 military]",1.95,communication,108,medium,"Nearest transmitter: communication, 2.0 km. Total within 25 km: 108. Source: OSM Overpass [FIX-04 transmitter]",,,,,2026-04-18 07:51:22.270066+00:00,fix04_20260418_071244,api,merge_phase2_20260421
SK,Trebisov power station,1719d38b-61e8-4b01-844b-3a2f85c8a186,3.26,Trebišov Airstrip,small_airport,1.63,11,high,"Nearest: Trebišov Airstrip (small_airport) at 3.3 km; Nearest large: 40.1 km; Nearest medium: 35.2 km; Within 30 km: 11; Violations: A1, A3; Source: OurAirports; quality: high",,,medium,No chemical/petrochemical facilities within search radius; Source: EEA E-PRTR; quality: medium,,medium,No toxic release sources within search radius; Source: EEA E-PRTR; quality: medium,,,medium,No flammable storage facilities within search radius; Source: EEA E-PRTR; quality: medium,,,,1.1,,90,high,"Nearest military: unnamed (military), 1.1 km [A5]. Total features within 25 km: 90. Source: OSM Overpass [FIX-04 military]",5.83,communication,134,medium,"Nearest transmitter: communication, 5.8 km. Total within 25 km: 134. Source: OSM Overpass [FIX-04 transmitter]",,,,,2026-04-18 07:53:56.719914+00:00,fix04_20260418_071244,api,merge_phase2_20260421
SK,U.S. Steel Kosice Works power station,a2d8261c-3d08-4015-946c-47dbddbd0b98,3.16,Letisko Veľká Ida,small_airport,1.58,13,high,"Nearest: Letisko Veľká Ida (small_airport) at 3.2 km; Nearest large: 78.6 km; Nearest medium: 6.3 km; Within 30 km: 13; Violations: A1, A2, A3; Source: OurAirports; quality: high",,,medium,No chemical/petrochemical facilities within search radius; Source: EEA E-PRTR; quality: medium,,medium,No toxic release sources within search radius; Source: EEA E-PRTR; quality: medium,,,medium,No flammable storage facilities within search radius; Source: EEA E-PRTR; quality: medium,,,,4.02,,33,high,"Nearest military: unnamed (military), 4.0 km [A5]. Total features within 25 km: 33. Source: OSM Overpass [FIX-04 military]",0.87,communication,421,medium,"Nearest transmitter: communication, 0.9 km. Total within 25 km: 421. Source: OSM Overpass [FIX-04 transmitter]",,,,,2026-04-18 02:38:41.981450+00:00,fix04_20260417_183150,api,merge_phase2_20260421
SK,Vojany I power station,770f1d3c-e5fd-493c-a376-e708d2abec6c,12.29,Kačanov Airstrip,small_airport,6.14,8,high,Nearest: Kačanov Airstrip (small_airport) at 12.3 km; Nearest large: 23.2 km; Nearest medium: 55.2 km; Within 30 km: 8; Source: OurAirports; quality: high,,,medium,No chemical/petrochemical facilities within search radius; Source: EEA E-PRTR; quality: medium,,medium,No toxic release sources within search radius; Source: EEA E-PRTR; quality: medium,,,medium,No flammable storage facilities within search radius; Source: EEA E-PRTR; quality: medium,,,,14.9,Už,18,medium,"Nearest military: Už (bunker), 14.9 km [A6]. Total features within 25 km: 18. Source: OSM Overpass [FIX-04 military]",0.46,mast,184,medium,"Nearest transmitter: mast, 0.5 km. Total within 25 km: 184. Source: OSM Overpass [FIX-04 transmitter]",,,,,2026-04-18 07:54:20.570701+00:00,fix04_20260418_071244,api,merge_phase2_20260421
TR,Ada Yesildag Enerji power station,d48d2f39-d58f-4299-9b2f-56d194d2d13b,94.85,Bozyazı Forest Depot Helipad,heliport,94.85,0,high,Nearest: Bozyazı Forest Depot Helipad (heliport) at 94.9 km; Within 30 km: 0; Source: OurAirports; quality: high,,,low,No chemical/petrochemical facilities within search radius; Source: EEA E-PRTR; quality: low,,low,No toxic release sources within search radius; Source: EEA E-PRTR; quality: low,,,low,No flammable storage facilities within search radius; Source: EEA E-PRTR; quality: low,,,,0.41,T.C. Silifke Kaymakamlığı İlçe Jandarma Komutanlığı,3,high,"Nearest military: T.C. Silifke Kaymakamlığı İlçe Jandarma Komutanlığı (military), 0.4 km [A5]. Total features within 25 km: 3. Source: OSM Overpass [FIX-04 military]",1.72,minaret,20,medium,"Nearest transmitter: minaret, 1.7 km. Total within 25 km: 20. Source: OSM Overpass [FIX-04 transmitter]",,,,,2026-04-18 07:55:04.244546+00:00,fix04_20260418_071244,api,merge_phase2_20260421
TR,Ada Yumurtalık power station,4b11cac9-4fe0-4a2a-9c09-4fe9a0ac6015,28.48,Kelaynak Aviation Club Airport,small_airport,14.24,1,high,Nearest: Kelaynak Aviation Club Airport (small_airport) at 28.5 km; Nearest large: 53.8 km; Nearest medium: 42.5 km; Within 30 km: 1; Source: OurAirports; quality: high,,,low,No chemical/petrochemical facilities within search radius; Source: EEA E-PRTR; quality: low,,low,No toxic release sources within search radius; Source: EEA E-PRTR; quality: low,,,low,No flammable storage facilities within search radius; Source: EEA E-PRTR; quality: low,,,,19.81,,1,medium,"Nearest military: unnamed (military), 19.8 km [A5]. Total features within 25 km: 1. Source: OSM Overpass [FIX-04 military]",5.07,tower,18,medium,"Nearest transmitter: tower, 5.1 km. Total within 25 km: 18. Source: OSM Overpass [FIX-04 transmitter]",,,,,2026-04-18 02:39:53.858997+00:00,fix04_20260417_182300,api,merge_phase2_20260421
TR,Adana Akdeniz power station,44698c12-3c50-4602-8104-dafa5fd215b6,29.82,Kelaynak Aviation Club Airport,small_airport,14.91,1,high,Nearest: Kelaynak Aviation Club Airport (small_airport) at 29.8 km; Nearest large: 54.9 km; Nearest medium: 43.9 km; Within 30 km: 1; Source: OurAirports; quality: high,,,low,No chemical/petrochemical facilities within search radius; Source: EEA E-PRTR; quality: low,,low,No toxic release sources within search radius; Source: EEA E-PRTR; quality: low,,,low,No flammable storage facilities within search radius; Source: EEA E-PRTR; quality: low,,,,19.96,,0,not_found,No military features found within 25 km. Source: OSM Overpass [FIX-04 military],6.82,communication,16,medium,"Nearest transmitter: communication, 6.8 km. Total within 25 km: 16. Source: OSM Overpass [FIX-04 transmitter]",,,,,2026-04-18 02:41:25.480195+00:00,fix04_20260417_182300,api,merge_phase2_20260421
TR,Adana Ceyhan power station,8a5dc384-e272-41ed-9868-a0686ac3fc7e,24.78,Kelaynak Aviation Club Airport,small_airport,12.39,1,high,Nearest: Kelaynak Aviation Club Airport (small_airport) at 24.8 km; Nearest large: 48.0 km; Nearest medium: 34.9 km; Within 30 km: 1; Source: OurAirports; quality: high,,,low,No chemical/petrochemical facilities within search radius; Source: EEA E-PRTR; quality: low,,low,No toxic release sources within search radius; Source: EEA E-PRTR; quality: low,,,low,No flammable storage facilities within search radius; Source: EEA E-PRTR; quality: low,,,,20.4,Yüreğir Jandarma Komutanlığı,1,medium,"Nearest military: Yüreğir Jandarma Komutanlığı (military), 20.4 km [A5]. Total features within 25 km: 1. Source: OSM Overpass [FIX-04 military]",0.15,water_tower,34,medium,"Nearest transmitter: water_tower, 0.1 km. Total within 25 km: 34. Source: OSM Overpass [FIX-04 transmitter]",,,,,2026-04-18 02:44:09.369981+00:00,fix04_20260417_182300,api,merge_phase2_20260421
TR,Afşin-Elbistan power stations,e9bc02be-cf10-4b27-9b8a-0d4a954720e4,90.11,Kahramanmaraş Airport,medium_airport,45.06,0,high,Nearest: Kahramanmaraş Airport (medium_airport) at 90.1 km; Nearest medium: 90.1 km; Within 30 km: 0; Source: OurAirports; quality: high,,,low,No chemical/petrochemical facilities within search radius; Source: EEA E-PRTR; quality: low,,low,No toxic release sources within search radius; Source: EEA E-PRTR; quality: low,,,low,No flammable storage facilities within search radius; Source: EEA E-PRTR; quality: low,,,,2.42,,1,high,"Nearest military: unnamed (military), 2.4 km [A5]. Total features within 25 km: 1. Source: OSM Overpass [FIX-04 military]",2.37,communication,31,medium,"Nearest transmitter: communication, 2.4 km. Total within 25 km: 31. Source: OSM Overpass [FIX-04 transmitter]",,,,,2026-04-18 02:47:30.655930+00:00,fix04_20260417_183150,api,merge_phase2_20260421
TR,Ağan power station,ce39538c-997e-4a7d-bc32-f164f50f9aa0,19.08,Ekinlik Island Heliport,heliport,19.08,2,high,Nearest: Ekinlik Island Heliport (heliport) at 19.1 km; Nearest medium: 58.9 km; Within 30 km: 2; Source: OurAirports; quality: high,,,low,No chemical/petrochemical facilities within search radius; Source: EEA E-PRTR; quality: low,,low,No toxic release sources within search radius; Source: EEA E-PRTR; quality: low,,,low,No flammable storage facilities within search radius; Source: EEA E-PRTR; quality: low,,,,24.14,,1,medium,"Nearest military: unnamed (military), 24.1 km [A5]. Total features within 25 km: 1. Source: OSM Overpass [FIX-04 military]",2.18,communication,38,medium,"Nearest transmitter: communication, 2.2 km. Total within 25 km: 38. Source: OSM Overpass [FIX-04 transmitter]",,,,,2026-04-18 02:45:21.929300+00:00,fix04_20260417_182300,api,merge_phase2_20260421
TR,Akdeniz Enerji power station,5fa0dfa9-c272-444e-8e70-80ab55b5d36c,67.26,Bozyazı Forest Depot Helipad,heliport,67.26,0,high,Nearest: Bozyazı Forest Depot Helipad (heliport) at 67.3 km; Within 30 km: 0; Source: OurAirports; quality: high,,,low,No chemical/petrochemical facilities within search radius; Source: EEA E-PRTR; quality: low,,low,No toxic release sources within search radius; Source: EEA E-PRTR; quality: low,,,low,No flammable storage facilities within search radius; Source: EEA E-PRTR; quality: low,,,,16.99,,0,not_found,No military features found within 25 km. Source: OSM Overpass [FIX-04 military],4.72,observation,0,not_found,No transmitters/masts found within 25 km. Source: OSM Overpass [FIX-04 transmitter],,,,,2026-04-18 02:47:45.965313+00:00,fix04_20260417_182300,api,merge_phase2_20260421
TR,Aksa Akrilik power station,992a4bf0-3ff0-4f12-bb89-50dc9e8d7d35,2.46,Yalova Air Base,small_airport,1.23,8,high,"Nearest: Yalova Air Base (small_airport) at 2.5 km; Nearest large: 24.5 km; Nearest medium: 37.1 km; Within 30 km: 8; Violations: A1, A3; Source: OurAirports; quality: high",,,low,No chemical/petrochemical facilities within search radius; Source: EEA E-PRTR; quality: low,,low,No toxic release sources within search radius; Source: EEA E-PRTR; quality: low,,,low,No flammable storage facilities within search radius; Source: EEA E-PRTR; quality: low,,,,2.5,18. Ana Üs Komutanlığı,26,high,"Nearest military: 18. Ana Üs Komutanlığı (airfield), 2.5 km [A5]. Total features within 25 km: 26. Source: OSM Overpass [FIX-04 military]",0.51,mast,0,not_found,No transmitters/masts found within 25 km. Source: OSM Overpass [FIX-04 transmitter],,,,,2026-04-18 02:50:08.121157+00:00,fix04_20260417_182300,api,merge_phase2_20260421
TR,Albayrak Varaka Paper power station,cb825b0f-e315-4221-b194-43d5b472382d,7.63,Balıkesir Airport,medium_airport,3.81,1,high,Nearest: Balıkesir Airport (medium_airport) at 7.6 km; Nearest large: 82.2 km; Nearest medium: 7.6 km; Within 30 km: 1; Violations: A2; Source: OurAirports; quality: high,,,low,No chemical/petrochemical facilities within search radius; Source: EEA E-PRTR; quality: low,,low,No toxic release sources within search radius; Source: EEA E-PRTR; quality: low,,,low,No flammable storage facilities within search radius; Source: EEA E-PRTR; quality: low,,,,6.51,Şehit Hv. Plt. Üçvş. İsmail Dalan Hava Lojmanları,0,not_found,No military features found within 25 km. Source: OSM Overpass [FIX-04 military],5.2,minaret,42,medium,"Nearest transmitter: minaret, 5.2 km. Total within 25 km: 42. Source: OSM Overpass [FIX-04 transmitter]",,,,,2026-04-18 02:56:12.239232+00:00,fix04_20260417_182300,api,merge_phase2_20260421
TR,Aliağa Enka power station,bcb86777-4a54-4891-bb26-35b201bbd57d,15.59,Yenifoça 7th Gendarmerie Regiment Command Helipad,heliport,13.01,3,high,Nearest: Yenifoça 7th Gendarmerie Regiment Command Helipad (heliport) at 15.6 km; Nearest large: 54.8 km; Nearest medium: 27.3 km; Within 30 km: 3; Source: OurAirports; quality: high,,,low,No chemical/petrochemical facilities within search radius; Source: EEA E-PRTR; quality: low,,low,No toxic release sources within search radius; Source: EEA E-PRTR; quality: low,,,low,No flammable storage facilities within search radius; Source: EEA E-PRTR; quality: low,,,,6.6,,15,medium,"Nearest military: unnamed (military), 6.6 km [A5]. Total features within 25 km: 15. Source: OSM Overpass [FIX-04 military]",5.49,mast,18,medium,"Nearest transmitter: mast, 5.5 km. Total within 25 km: 18. Source: OSM Overpass [FIX-04 transmitter]",,,,,2026-04-18 03:00:38.782179+00:00,fix04_20260417_182300,api,merge_phase2_20260421
TR,Alpu power station,9699244b-14c0-4e27-afd1-105494fccd60,10.8,Çukurhisar Airport,medium_airport,5.4,3,high,Nearest: Çukurhisar Airport (medium_airport) at 10.8 km; Nearest large: 30.8 km; Nearest medium: 10.8 km; Within 30 km: 3; Source: OurAirports; quality: high,,,low,No chemical/petrochemical facilities within search radius; Source: EEA E-PRTR; quality: low,,low,No toxic release sources within search radius; Source: EEA E-PRTR; quality: low,,,low,No flammable storage facilities within search radius; Source: EEA E-PRTR; quality: low,,,,27.02,1. Ana Jet Üs Komutanlığı,0,not_found,No military features found within 25 km. Source: OSM Overpass [FIX-04 military],6.53,water_tower,0,not_found,No transmitters/masts found within 25 km. Source: OSM Overpass [FIX-04 transmitter],,,,,2026-04-18 03:04:14.015903+00:00,fix04_20260417_182300,api,merge_phase2_20260421
TR,Amasra Bartın power station,9163ca37-1b31-409d-974f-9e7ed5e5f33d,10.56,Bartin Naval Base Heliport,heliport,10.56,1,high,Nearest: Bartin Naval Base Heliport (heliport) at 10.6 km; Nearest medium: 32.8 km; Within 30 km: 1; Source: OurAirports; quality: high,,,low,No chemical/petrochemical facilities within search radius; Source: EEA E-PRTR; quality: low,,low,No toxic release sources within search radius; Source: EEA E-PRTR; quality: low,,,low,No flammable storage facilities within search radius; Source: EEA E-PRTR; quality: low,,,,3.16,,10,high,"Nearest military: unnamed (military), 3.2 km [A5]. Total features within 25 km: 10. Source: OSM Overpass [FIX-04 military]",3.66,minaret,0,not_found,No transmitters/masts found within 25 km. Source: OSM Overpass [FIX-04 transmitter],,,,,2026-04-18 03:06:48.512311+00:00,fix04_20260417_182300,api,merge_phase2_20260421
TR,Ant Enerji power station,8782d6f2-5f9f-4c67-b9f2-6756857bd200,35.17,Milas Bodrum International Airport,large_airport,17.59,0,high,Nearest: Milas Bodrum International Airport (large_airport) at 35.2 km; Nearest large: 35.2 km; Within 30 km: 0; Source: OurAirports; quality: high,,,low,No chemical/petrochemical facilities within search radius; Source: EEA E-PRTR; quality: low,,low,No toxic release sources within search radius; Source: EEA E-PRTR; quality: low,,,low,No flammable storage facilities within search radius; Source: EEA E-PRTR; quality: low,,,,22.29,Milas İlçe Jandarma Komutanlığı,2,medium,"Nearest military: Milas İlçe Jandarma Komutanlığı (military), 22.3 km [A5]. Total features within 25 km: 2. Source: OSM Overpass [FIX-04 military]",2.91,tower,27,medium,"Nearest transmitter: tower, 2.9 km. Total within 25 km: 27. Source: OSM Overpass [FIX-04 transmitter]",,,,,2026-04-18 03:08:19.979041+00:00,fix04_20260417_182300,api,merge_phase2_20260421
TR,Astoria Ceyhan power station,b5a75ec8-a2fe-42ad-b33e-ea32e20ebdfb,25.36,Osmaniye Provincial Hospital Helipad,heliport,17.82,1,high,Nearest: Osmaniye Provincial Hospital Helipad (heliport) at 25.4 km; Nearest large: 61.2 km; Nearest medium: 48.8 km; Within 30 km: 1; Source: OurAirports; quality: high,,,low,No chemical/petrochemical facilities within search radius; Source: EEA E-PRTR; quality: low,,low,No toxic release sources within search radius; Source: EEA E-PRTR; quality: low,,,low,No flammable storage facilities within search radius; Source: EEA E-PRTR; quality: low,,,,20.24,T.C. Erzin Kaymakamlığı İlçe Jandarma Komutanlığı,0,not_found,No military features found within 25 km. Source: OSM Overpass [FIX-04 military],3.78,antenna,0,not_found,No transmitters/masts found within 25 km. Source: OSM Overpass [FIX-04 transmitter],,,,,2026-04-18 03:10:54.873925+00:00,fix04_20260417_182300,api,merge_phase2_20260421
TR,Atakaş power station,c6b846cb-3a01-4e17-9d51-da4b58fd1827,2.02,İsdemir İskenderun Demir Ve Çelik Anonim Şirketi Helipad,heliport,2.02,4,high,Nearest: İsdemir İskenderun Demir Ve Çelik Anonim Şirketi Helipad (heliport) at 2.0 km; Nearest large: 88.1 km; Nearest medium: 38.1 km; Within 30 km: 4; Source: OurAirports; quality: high,,,low,No chemical/petrochemical facilities within search radius; Source: EEA E-PRTR; quality: low,,low,No toxic release sources within search radius; Source: EEA E-PRTR; quality: low,,,low,No flammable storage facilities within search radius; Source: EEA E-PRTR; quality: low,,,,7.83,Şehit Ahmet Tor Kışlası,0,not_found,No military features found within 25 km. Source: OSM Overpass [FIX-04 military],2.95,mast,0,not_found,No transmitters/masts found within 25 km. Source: OSM Overpass [FIX-04 transmitter],,,,,2026-04-18 03:13:35.832554+00:00,fix04_20260417_182300,api,merge_phase2_20260421
TR,Atlas Enerji İskenderun power station,1ce7624e-1d72-4293-8ff4-09096b56ddd2,2.61,İsdemir (İskenderun Iron and Steel) Heliport,heliport,2.61,4,high,Nearest: İsdemir (İskenderun Iron and Steel) Heliport (heliport) at 2.6 km; Nearest large: 88.8 km; Nearest medium: 37.3 km; Within 30 km: 4; Source: OurAirports; quality: high,,,low,No chemical/petrochemical facilities within search radius; Source: EEA E-PRTR; quality: low,,low,No toxic release sources within search radius; Source: EEA E-PRTR; quality: low,,,low,No flammable storage facilities within search radius; Source: EEA E-PRTR; quality: low,,,,7.05,Şehit Ahmet Tor Kışlası,7,medium,"Nearest military: Şehit Ahmet Tor Kışlası (military), 7.1 km [A5]. Total features within 25 km: 7. Source: OSM Overpass [FIX-04 military]",3.71,mast,42,medium,"Nearest transmitter: mast, 3.7 km. Total within 25 km: 42. Source: OSM Overpass [FIX-04 transmitter]",,,,,2026-04-18 03:17:33.414799+00:00,fix04_20260417_182300,api,merge_phase2_20260421
TR,Avdan power station,c7afd455-7beb-4d23-8d3b-e9a102782d2b,1.77,Denizli Regional Directorate of Forestry Helicopter Heliport,heliport,1.77,3,high,Nearest: Denizli Regional Directorate of Forestry Helicopter Heliport (heliport) at 1.8 km; Nearest medium: 53.5 km; Within 30 km: 3; Violations: A1; Source: OurAirports; quality: high,,,low,No chemical/petrochemical facilities within search radius; Source: EEA E-PRTR; quality: low,,low,No toxic release sources within search radius; Source: EEA E-PRTR; quality: low,,,low,No flammable storage facilities within search radius; Source: EEA E-PRTR; quality: low,,,,0.97,,8,high,"Nearest military: unnamed (checkpoint), 1.0 km [A5]. Total features within 25 km: 8. Source: OSM Overpass [FIX-04 military]",3.56,mast,38,medium,"Nearest transmitter: mast, 3.6 km. Total within 25 km: 38. Source: OSM Overpass [FIX-04 transmitter]",,,,,2026-04-18 03:24:57.837944+00:00,fix04_20260417_182300,api,merge_phase2_20260421
TR,Ayas power station,7a805295-0cd2-48be-972e-5282c996549c,30.04,Kelaynak Aviation Club Airport,small_airport,15.02,0,high,Nearest: Kelaynak Aviation Club Airport (small_airport) at 30.0 km; Nearest large: 55.2 km; Nearest medium: 44.1 km; Within 30 km: 0; Source: OurAirports; quality: high,,,low,No chemical/petrochemical facilities within search radius; Source: EEA E-PRTR; quality: low,,low,No toxic release sources within search radius; Source: EEA E-PRTR; quality: low,,,low,No flammable storage facilities within search radius; Source: EEA E-PRTR; quality: low,,,,20.42,,1,medium,"Nearest military: unnamed (military), 20.4 km [A5]. Total features within 25 km: 1. Source: OSM Overpass [FIX-04 military]",6.71,tower,0,not_found,No transmitters/masts found within 25 km. Source: OSM Overpass [FIX-04 transmitter],,,,,2026-04-18 03:28:29.826963+00:00,fix04_20260417_182300,api,merge_phase2_20260421
TR,Babadere power station,b8875ff2-9e9d-4520-8879-c71468e9cc50,19.03,Assos Aviation Village Airport,small_airport,9.51,1,high,Nearest: Assos Aviation Village Airport (small_airport) at 19.0 km; Nearest large: 70.7 km; Nearest medium: 62.2 km; Within 30 km: 1; Source: OurAirports; quality: high,,,low,No chemical/petrochemical facilities within search radius; Source: EEA E-PRTR; quality: low,,low,No toxic release sources within search radius; Source: EEA E-PRTR; quality: low,,,low,No flammable storage facilities within search radius; Source: EEA E-PRTR; quality: low,,,,22.02,,0,not_found,No military features found within 25 km. Source: OSM Overpass [FIX-04 military],2.28,minaret,35,medium,"Nearest transmitter: minaret, 2.3 km. Total within 25 km: 35. Source: OSM Overpass [FIX-04 transmitter]",,,,,2026-04-18 03:29:58.286940+00:00,fix04_20260417_182300,api,merge_phase2_20260421
TR,Bandırma Elektrik power station,ba1f1f36-18b4-49ae-9882-f90418dc88ce,11.45,Erdek Heliport,heliport,10.64,2,high,Nearest: Erdek Heliport (heliport) at 11.4 km; Nearest medium: 21.3 km; Within 30 km: 2; Source: OurAirports; quality: high,,,low,No chemical/petrochemical facilities within search radius; Source: EEA E-PRTR; quality: low,,low,No toxic release sources within search radius; Source: EEA E-PRTR; quality: low,,,low,No flammable storage facilities within search radius; Source: EEA E-PRTR; quality: low,,,,11.47,Mayın Filosu Komutanlığı,11,medium,"Nearest military: Mayın Filosu Komutanlığı (military), 11.5 km [A5]. Total features within 25 km: 11. Source: OSM Overpass [FIX-04 military]",5.34,communication,44,medium,"Nearest transmitter: communication, 5.3 km. Total within 25 km: 44. Source: OSM Overpass [FIX-04 transmitter]",,,,,2026-04-18 03:29:23.413172+00:00,fix04_20260417_183150,api,merge_phase2_20260421
TR,Bandırma III power station,fecb62d9-6fb8-4f8d-83e3-78a7c75adb6e,42.61,Balıkesir Airport,medium_airport,21.31,0,high,Nearest: Balıkesir Airport (medium_airport) at 42.6 km; Nearest large: 48.6 km; Nearest medium: 42.6 km; Within 30 km: 0; Source: OurAirports; quality: high,,,low,No chemical/petrochemical facilities within search radius; Source: EEA E-PRTR; quality: low,,low,No toxic release sources within search radius; Source: EEA E-PRTR; quality: low,,,low,No flammable storage facilities within search radius; Source: EEA E-PRTR; quality: low,,,,17.13,T.C. İvrindi Kaymakamlığı İlçe Jandarma Komutanlığı Korucu Jandarma Karakol Komutanlığı,0,not_found,No military features found within 25 km. Source: OSM Overpass [FIX-04 military],2.54,communication,0,not_found,No transmitters/masts found within 25 km. Source: OSM Overpass [FIX-04 transmitter],,,,,2026-04-18 03:32:29.650370+00:00,fix04_20260417_182300,api,merge_phase2_20260421
TR,Bandırma Karat power station,bb2453b0-c76d-40ea-bcc4-870391f05b2f,4.34,Bandırma Airport,medium_airport,2.17,2,high,Nearest: Bandırma Airport (medium_airport) at 4.3 km; Nearest large: 99.0 km; Nearest medium: 4.3 km; Within 30 km: 2; Violations: A2; Source: OurAirports; quality: high,,,low,No chemical/petrochemical facilities within search radius; Source: EEA E-PRTR; quality: low,,low,No toxic release sources within search radius; Source: EEA E-PRTR; quality: low,,,low,No flammable storage facilities within search radius; Source: EEA E-PRTR; quality: low,,,,0.48,Bandırma Askerlik Şubesi,0,not_found,No military features found within 25 km. Source: OSM Overpass [FIX-04 military],0.75,communication,44,medium,"Nearest transmitter: communication, 0.7 km. Total within 25 km: 44. Source: OSM Overpass [FIX-04 transmitter]",,,,,2026-04-18 03:35:06.391452+00:00,fix04_20260417_182300,api,merge_phase2_20260421
TR,Barbaros-1 power station,1289753b-43db-4058-8fe1-6e38b5fb01b5,25.99,Sinop Airport,medium_airport,13.0,1,high,Nearest: Sinop Airport (medium_airport) at 26.0 km; Nearest medium: 26.0 km; Within 30 km: 1; Source: OurAirports; quality: high,,,low,No chemical/petrochemical facilities within search radius; Source: EEA E-PRTR; quality: low,,low,No toxic release sources within search radius; Source: EEA E-PRTR; quality: low,,,low,No flammable storage facilities within search radius; Source: EEA E-PRTR; quality: low,,,,24.73,,0,not_found,No military features found within 25 km. Source: OSM Overpass [FIX-04 military],17.92,communication,0,not_found,No transmitters/masts found within 25 km. Source: OSM Overpass [FIX-04 transmitter],,,,,2026-04-18 03:37:38.870851+00:00,fix04_20260417_182300,api,merge_phase2_20260421
TR,Biga power station,2350bab4-9869-43f1-b62f-a4d5aea77ef5,19.07,Ekinlik Island Heliport,heliport,19.07,2,high,Nearest: Ekinlik Island Heliport (heliport) at 19.1 km; Nearest medium: 61.0 km; Within 30 km: 2; Source: OurAirports; quality: high,,,low,No chemical/petrochemical facilities within search radius; Source: EEA E-PRTR; quality: low,,low,No toxic release sources within search radius; Source: EEA E-PRTR; quality: low,,,low,No flammable storage facilities within search radius; Source: EEA E-PRTR; quality: low,,,,21.24,,1,medium,"Nearest military: unnamed (military), 21.2 km [A5]. Total features within 25 km: 1. Source: OSM Overpass [FIX-04 military]",1.9,communication,45,medium,"Nearest transmitter: communication, 1.9 km. Total within 25 km: 45. Source: OSM Overpass [FIX-04 transmitter]",,,,,2026-04-18 03:36:56.428600+00:00,fix04_20260417_183150,api,merge_phase2_20260421
TR,Bingöl power station,75f807aa-8278-43a3-8654-730713b96001,56.69,Bingöl Airport,small_airport,28.34,0,high,Nearest: Bingöl Airport (small_airport) at 56.7 km; Nearest medium: 75.2 km; Within 30 km: 0; Source: OurAirports; quality: high,,,low,No chemical/petrochemical facilities within search radius; Source: EEA E-PRTR; quality: low,,low,No toxic release sources within search radius; Source: EEA E-PRTR; quality: low,,,low,No flammable storage facilities within search radius; Source: EEA E-PRTR; quality: low,,,,10.63,,7,medium,"Nearest military: unnamed (military), 10.6 km [A5]. Total features within 25 km: 7. Source: OSM Overpass [FIX-04 military]",10.06,communication,20,medium,"Nearest transmitter: communication, 10.1 km. Total within 25 km: 20. Source: OSM Overpass [FIX-04 transmitter]",,,,,2026-04-18 03:39:05.972480+00:00,fix04_20260417_182300,api,merge_phase2_20260421
TR,Bolu Göynük power station,2b6a65d3-efb0-44d8-b88b-9aad311f4ac4,47.2,Çukurhisar Airport,medium_airport,23.6,0,high,Nearest: Çukurhisar Airport (medium_airport) at 47.2 km; Nearest large: 54.9 km; Nearest medium: 47.2 km; Within 30 km: 0; Source: OurAirports; quality: high,,,low,No chemical/petrochemical facilities within search radius; Source: EEA E-PRTR; quality: low,,low,No toxic release sources within search radius; Source: EEA E-PRTR; quality: low,,,low,No flammable storage facilities within search radius; Source: EEA E-PRTR; quality: low,,,,,,0,not_found,No military features found within 25 km. Source: OSM Overpass [FIX-04 military],13.37,observation,23,medium,"Nearest transmitter: observation, 13.4 km. Total within 25 km: 23. Source: OSM Overpass [FIX-04 transmitter]",,,,,2026-04-18 07:55:51.492924+00:00,fix04_20260418_071244,api,merge_phase2_20260421
TR,Burnaz power station,7b4d3f8f-a644-48a3-93f9-cd3c154dc5c2,11.2,İskenderun Naval Heliport,heliport,8.4,6,high,Nearest: İskenderun Naval Heliport (heliport) at 11.2 km; Nearest large: 97.8 km; Nearest medium: 16.8 km; Within 30 km: 6; Source: OurAirports; quality: high,,,low,No chemical/petrochemical facilities within search radius; Source: EEA E-PRTR; quality: low,,low,No toxic release sources within search radius; Source: EEA E-PRTR; quality: low,,,low,No flammable storage facilities within search radius; Source: EEA E-PRTR; quality: low,,,,8.15,1.Deniz Er Eğitim Alayı,10,medium,"Nearest military: 1.Deniz Er Eğitim Alayı (military), 8.2 km [A5]. Total features within 25 km: 10. Source: OSM Overpass [FIX-04 military]",3.79,communication,53,medium,"Nearest transmitter: communication, 3.8 km. Total within 25 km: 53. Source: OSM Overpass [FIX-04 transmitter]",,,,,2026-04-18 03:41:22.719475+00:00,fix04_20260417_183150,api,merge_phase2_20260421
TR,Bursa power station,3bc834ed-5c2b-47d6-b555-2e20b9044053,34.54,ÖNÖC Central District Helipad,heliport,19.75,0,high,Nearest: ÖNÖC Central District Helipad (heliport) at 34.5 km; Nearest medium: 51.0 km; Within 30 km: 0; Source: OurAirports; quality: high,,,low,No chemical/petrochemical facilities within search radius; Source: EEA E-PRTR; quality: low,,low,No toxic release sources within search radius; Source: EEA E-PRTR; quality: low,,,low,No flammable storage facilities within search radius; Source: EEA E-PRTR; quality: low,,,,16.42,T.C. Orhaneli Kaymakamlığı İlçe Jandarma Komutanlığı,1,medium,"Nearest military: T.C. Orhaneli Kaymakamlığı İlçe Jandarma Komutanlığı (military), 16.4 km [A5]. Total features within 25 km: 1. Source: OSM Overpass [FIX-04 military]",8.25,communication,12,medium,"Nearest transmitter: communication, 8.2 km. Total within 25 km: 12. Source: OSM Overpass [FIX-04 transmitter]",,,,,2026-04-18 03:42:55.116028+00:00,fix04_20260417_182300,api,merge_phase2_20260421
TR,Çalışkan Ceyhan power station,e71ec827-7143-48dd-8c8a-8e81705fa971,20.95,Osmaniye Provincial Hospital Helipad,heliport,19.15,1,high,Nearest: Osmaniye Provincial Hospital Helipad (heliport) at 20.9 km; Nearest large: 63.6 km; Nearest medium: 51.0 km; Within 30 km: 1; Source: OurAirports; quality: high,,,low,No chemical/petrochemical facilities within search radius; Source: EEA E-PRTR; quality: low,,low,No toxic release sources within search radius; Source: EEA E-PRTR; quality: low,,,low,No flammable storage facilities within search radius; Source: EEA E-PRTR; quality: low,,,,16.59,T.C. Erzin Kaymakamlığı İlçe Jandarma Komutanlığı,3,medium,"Nearest military: T.C. Erzin Kaymakamlığı İlçe Jandarma Komutanlığı (military), 16.6 km [A5]. Total features within 25 km: 3. Source: OSM Overpass [FIX-04 military]",6.01,minaret,40,medium,"Nearest transmitter: minaret, 6.0 km. Total within 25 km: 40. Source: OSM Overpass [FIX-04 transmitter]",,,,,2026-04-18 03:44:15.907221+00:00,fix04_20260417_182300,api,merge_phase2_20260421
TR,Çan (18 Mart) power station,ad1e8841-e4e4-413b-820a-8c14e09da5a0,48.5,Çanakkale Airport,medium_airport,24.25,0,high,Nearest: Çanakkale Airport (medium_airport) at 48.5 km; Nearest large: 52.4 km; Nearest medium: 48.5 km; Within 30 km: 0; Source: OurAirports; quality: high,,,low,No chemical/petrochemical facilities within search radius; Source: EEA E-PRTR; quality: low,,low,No toxic release sources within search radius; Source: EEA E-PRTR; quality: low,,,low,No flammable storage facilities within search radius; Source: EEA E-PRTR; quality: low,,,,6.83,Çan İİlçe Jandarma Komutanlığı,1,medium,"Nearest military: Çan İİlçe Jandarma Komutanlığı (military), 6.8 km [A5]. Total features within 25 km: 1. Source: OSM Overpass [FIX-04 military]",3.85,minaret,24,medium,"Nearest transmitter: minaret, 3.9 km. Total within 25 km: 24. Source: OSM Overpass [FIX-04 transmitter]",,,,,2026-04-18 03:43:45.962870+00:00,fix04_20260417_183150,api,merge_phase2_20260421
TR,Çan-2 power station,28980273-0ba6-4c8c-b080-7ff9b33cc4c9,46.02,Çanakkale Airport,medium_airport,23.01,0,high,Nearest: Çanakkale Airport (medium_airport) at 46.0 km; Nearest large: 53.8 km; Nearest medium: 46.0 km; Within 30 km: 0; Source: OurAirports; quality: high,,,low,No chemical/petrochemical facilities within search radius; Source: EEA E-PRTR; quality: low,,low,No toxic release sources within search radius; Source: EEA E-PRTR; quality: low,,,low,No flammable storage facilities within search radius; Source: EEA E-PRTR; quality: low,,,,9.27,Çan İİlçe Jandarma Komutanlığı,0,not_found,No military features found within 25 km. Source: OSM Overpass [FIX-04 military],6.04,minaret,23,medium,"Nearest transmitter: minaret, 6.0 km. Total within 25 km: 23. Source: OSM Overpass [FIX-04 transmitter]",,,,,2026-04-18 03:45:48.123679+00:00,fix04_20260417_182300,api,merge_phase2_20260421
TR,Çankırı Orta power station,dd413ee8-a6f2-4e7c-8e6c-6d0ed8637d83,54.96,Turkey Air Traffic Control Center Helipad,heliport,28.01,0,high,Nearest: Turkey Air Traffic Control Center Helipad (heliport) at 55.0 km; Nearest large: 56.0 km; Nearest medium: 76.3 km; Within 30 km: 0; Source: OurAirports; quality: high,,,low,No chemical/petrochemical facilities within search radius; Source: EEA E-PRTR; quality: low,,low,No toxic release sources within search radius; Source: EEA E-PRTR; quality: low,,,low,No flammable storage facilities within search radius; Source: EEA E-PRTR; quality: low,,,,,,0,not_found,No military features found within 25 km. Source: OSM Overpass [FIX-04 military],2.3,minaret,33,medium,"Nearest transmitter: minaret, 2.3 km. Total within 25 km: 33. Source: OSM Overpass [FIX-04 transmitter]",,,,,2026-04-18 07:56:02.650700+00:00,fix04_20260418_071244,api,merge_phase2_20260421
TR,Çankırı Yıldızlar power station,fc307877-758b-4dbf-afbe-abfc4a778155,59.11,Turkey Air Traffic Control Center Helipad,heliport,30.02,0,high,Nearest: Turkey Air Traffic Control Center Helipad (heliport) at 59.1 km; Nearest large: 60.0 km; Nearest medium: 86.9 km; Within 30 km: 0; Source: OurAirports; quality: high,,,low,No chemical/petrochemical facilities within search radius; Source: EEA E-PRTR; quality: low,,low,No toxic release sources within search radius; Source: EEA E-PRTR; quality: low,,,low,No flammable storage facilities within search radius; Source: EEA E-PRTR; quality: low,,,,24.5,Çankırı İl Jandarma Komutanlığı,2,medium,"Nearest military: Çankırı İl Jandarma Komutanlığı (military), 24.5 km [A5]. Total features within 25 km: 2. Source: OSM Overpass [FIX-04 military]",10.15,communication,37,medium,"Nearest transmitter: communication, 10.2 km. Total within 25 km: 37. Source: OSM Overpass [FIX-04 transmitter]",,,,,2026-04-18 07:56:55.737218+00:00,fix04_20260418_071244,api,merge_phase2_20260421
TR,Çatalağzı power station,8b16dc60-1a2b-4b2c-bcad-1c334d246ae3,0.26,Çatalağzı Thermal Power Plant Heliport,heliport,0.26,2,high,Nearest: Çatalağzı Thermal Power Plant Heliport (heliport) at 0.3 km; Nearest medium: 15.7 km; Within 30 km: 2; Violations: A1; Source: OurAirports; quality: high,,,low,No chemical/petrochemical facilities within search radius; Source: EEA E-PRTR; quality: low,,low,No toxic release sources within search radius; Source: EEA E-PRTR; quality: low,,,low,No flammable storage facilities within search radius; Source: EEA E-PRTR; quality: low,,,,,,0,not_found,No military features found within 25 km. Source: OSM Overpass [FIX-04 military],1.18,communication,0,not_found,No transmitters/masts found within 25 km. Source: OSM Overpass [FIX-04 transmitter],,,,,2026-04-18 07:57:08.908111+00:00,fix04_20260418_071244,api,merge_phase2_20260421
TR,Çayırhan power station,674deb4f-110c-4120-bea0-5f0711da3ea1,64.17,Orhan Ünsal Air Park,small_airport,32.09,0,high,Nearest: Orhan Ünsal Air Park (small_airport) at 64.2 km; Nearest medium: 68.0 km; Within 30 km: 0; Source: OurAirports; quality: high,,,low,No chemical/petrochemical facilities within search radius; Source: EEA E-PRTR; quality: low,,low,No toxic release sources within search radius; Source: EEA E-PRTR; quality: low,,,low,No flammable storage facilities within search radius; Source: EEA E-PRTR; quality: low,,,,22.86,,1,medium,"Nearest military: unnamed (military), 22.9 km [A5]. Total features within 25 km: 1. Source: OSM Overpass [FIX-04 military]",3.58,communication,24,medium,"Nearest transmitter: communication, 3.6 km. Total within 25 km: 24. Source: OSM Overpass [FIX-04 transmitter]",,,,,2026-04-18 03:49:15.768537+00:00,fix04_20260417_183150,api,merge_phase2_20260421
TR,Çebi Enerji power station,d12e7ffc-4cd3-4ff4-81da-ae360d59409b,14.32,Tekirdağ Çorlu Airport,medium_airport,7.16,2,high,Nearest: Tekirdağ Çorlu Airport (medium_airport) at 14.3 km; Nearest large: 70.8 km; Nearest medium: 14.3 km; Within 30 km: 2; Source: OurAirports; quality: high,,,low,No chemical/petrochemical facilities within search radius; Source: EEA E-PRTR; quality: low,,low,No toxic release sources within search radius; Source: EEA E-PRTR; quality: low,,,low,No flammable storage facilities within search radius; Source: EEA E-PRTR; quality: low,,,,5.09,Marmaraereğlisi İlçe Jandarma Komutanlığı,16,medium,"Nearest military: Marmaraereğlisi İlçe Jandarma Komutanlığı (military), 5.1 km [A5]. Total features within 25 km: 16. Source: OSM Overpass [FIX-04 military]",0.4,water_tower,286,medium,"Nearest transmitter: water_tower, 0.4 km. Total within 25 km: 286. Source: OSM Overpass [FIX-04 transmitter]",,,,,2026-04-18 03:49:34.588970+00:00,fix04_20260417_183150,api,merge_phase2_20260421
TR,Çelikler Yumurtalık power station,a4af3789-2c40-41fc-a3ec-3b8d2fc6c645,31.73,Osmaniye Provincial Hospital Helipad,heliport,15.89,0,high,Nearest: Osmaniye Provincial Hospital Helipad (heliport) at 31.7 km; Nearest large: 57.3 km; Nearest medium: 45.5 km; Within 30 km: 0; Source: OurAirports; quality: high,,,low,No chemical/petrochemical facilities within search radius; Source: EEA E-PRTR; quality: low,,low,No toxic release sources within search radius; Source: EEA E-PRTR; quality: low,,,low,No flammable storage facilities within search radius; Source: EEA E-PRTR; quality: low,,,,24.55,,0,not_found,No military features found within 25 km. Source: OSM Overpass [FIX-04 military],1.55,tower,22,medium,"Nearest transmitter: tower, 1.5 km. Total within 25 km: 22. Source: OSM Overpass [FIX-04 transmitter]",,,,,2026-04-18 03:51:27.201101+00:00,fix04_20260417_182300,api,merge_phase2_20260421
TR,Cenal power station,a96dc545-41a9-4b0d-a7a3-f40ef711e5e3,20.63,Ekinlik Island Heliport,heliport,20.63,2,high,Nearest: Ekinlik Island Heliport (heliport) at 20.6 km; Nearest large: 99.6 km; Nearest medium: 56.9 km; Within 30 km: 2; Source: OurAirports; quality: high,,,low,No chemical/petrochemical facilities within search radius; Source: EEA E-PRTR; quality: low,,low,No toxic release sources within search radius; Source: EEA E-PRTR; quality: low,,,low,No flammable storage facilities within search radius; Source: EEA E-PRTR; quality: low,,,,,,0,not_found,No military features found within 25 km. Source: OSM Overpass [FIX-04 military],0.29,mast,29,medium,"Nearest transmitter: mast, 0.3 km. Total within 25 km: 29. Source: OSM Overpass [FIX-04 transmitter]",,,,,2026-04-18 07:57:22.944321+00:00,fix04_20260418_071244,api,merge_phase2_20260421
TR,Çerkezköy power station,e894ba3e-e397-47c9-b0b9-a72cfb6bd680,4.0,ÇOSB Helipad,heliport,4.0,2,high,Nearest: ÇOSB Helipad (heliport) at 4.0 km; Nearest large: 61.2 km; Nearest medium: 17.5 km; Within 30 km: 2; Source: OurAirports; quality: high,,,low,No chemical/petrochemical facilities within search radius; Source: EEA E-PRTR; quality: low,,low,No toxic release sources within search radius; Source: EEA E-PRTR; quality: low,,,low,No flammable storage facilities within search radius; Source: EEA E-PRTR; quality: low,,,,0.43,Askeri Sosyal Tesisler - Askeri Gazino,22,high,"Nearest military: Askeri Sosyal Tesisler - Askeri Gazino (military), 0.4 km [A5]. Total features within 25 km: 22. Source: OSM Overpass [FIX-04 military]",0.23,lighting,448,medium,"Nearest transmitter: lighting, 0.2 km. Total within 25 km: 448. Source: OSM Overpass [FIX-04 transmitter]",,,,,2026-04-18 03:53:11.304883+00:00,fix04_20260417_182300,api,merge_phase2_20260421
TR,Çırpılar power station,bddb4fb7-c01d-4b71-bc30-1896b88298bf,40.73,Balıkesir Koca Seyit Airport,large_airport,20.36,0,high,Nearest: Balıkesir Koca Seyit Airport (large_airport) at 40.7 km; Nearest large: 40.7 km; Nearest medium: 54.7 km; Within 30 km: 0; Source: OurAirports; quality: high,,,low,No chemical/petrochemical facilities within search radius; Source: EEA E-PRTR; quality: low,,low,No toxic release sources within search radius; Source: EEA E-PRTR; quality: low,,,low,No flammable storage facilities within search radius; Source: EEA E-PRTR; quality: low,,,,,,0,not_found,No military features found within 25 km. Source: OSM Overpass [FIX-04 military],7.69,communication,20,medium,"Nearest transmitter: communication, 7.7 km. Total within 25 km: 20. Source: OSM Overpass [FIX-04 transmitter]",,,,,2026-04-18 07:57:36.295433+00:00,fix04_20260418_071244,api,merge_phase2_20260421
TR,Çoban Yıldız power station,778e0750-19f9-426e-a6c7-e0e30645fb97,53.21,Konya Airport,large_airport,26.61,0,high,Nearest: Konya Airport (large_airport) at 53.2 km; Nearest large: 53.2 km; Within 30 km: 0; Source: OurAirports; quality: high,,,low,No chemical/petrochemical facilities within search radius; Source: EEA E-PRTR; quality: low,,low,No toxic release sources within search radius; Source: EEA E-PRTR; quality: low,,,low,No flammable storage facilities within search radius; Source: EEA E-PRTR; quality: low,,,,,,0,not_found,No military features found within 25 km. Source: OSM Overpass [FIX-04 military],2.81,water_tower,38,medium,"Nearest transmitter: water_tower, 2.8 km. Total within 25 km: 38. Source: OSM Overpass [FIX-04 transmitter]",,,,,2026-04-18 07:57:53.213912+00:00,fix04_20260418_071244,api,merge_phase2_20260421
TR,Demirtaş power station,28c80d72-dd9e-4fbf-a2c7-d48d49ca61dc,23.4,Kelaynak Aviation Club Airport,small_airport,11.7,1,high,Nearest: Kelaynak Aviation Club Airport (small_airport) at 23.4 km; Nearest large: 46.3 km; Nearest medium: 37.0 km; Within 30 km: 1; Source: OurAirports; quality: high,,,low,No chemical/petrochemical facilities within search radius; Source: EEA E-PRTR; quality: low,,low,No toxic release sources within search radius; Source: EEA E-PRTR; quality: low,,,low,No flammable storage facilities within search radius; Source: EEA E-PRTR; quality: low,,,,10.13,,2,medium,"Nearest military: unnamed (military), 10.1 km [A5]. Total features within 25 km: 2. Source: OSM Overpass [FIX-04 military]",5.72,communication,15,medium,"Nearest transmitter: communication, 5.7 km. Total within 25 km: 15. Source: OSM Overpass [FIX-04 transmitter]",,,,,2026-04-18 03:54:19.647572+00:00,fix04_20260417_182300,api,merge_phase2_20260421
TR,Deniz power station,a70bbc9a-1469-4d56-be56-f282ed4130a8,15.59,Yenifoça 7th Gendarmerie Regiment Command Helipad,heliport,13.01,3,high,Nearest: Yenifoça 7th Gendarmerie Regiment Command Helipad (heliport) at 15.6 km; Nearest large: 54.8 km; Nearest medium: 27.3 km; Within 30 km: 3; Source: OurAirports; quality: high,,,low,No chemical/petrochemical facilities within search radius; Source: EEA E-PRTR; quality: low,,low,No toxic release sources within search radius; Source: EEA E-PRTR; quality: low,,,low,No flammable storage facilities within search radius; Source: EEA E-PRTR; quality: low,,,,6.6,,15,medium,"Nearest military: unnamed (military), 6.6 km [A5]. Total features within 25 km: 15. Source: OSM Overpass [FIX-04 military]",5.49,mast,18,medium,"Nearest transmitter: mast, 5.5 km. Total within 25 km: 18. Source: OSM Overpass [FIX-04 transmitter]",,,,,2026-04-18 03:55:35.445859+00:00,fix04_20260417_182300,api,merge_phase2_20260421
TR,DETES 1 power station,5067ece3-b204-495e-81c1-90a523252547,3.49,Çatalağzı Thermal Power Plant Heliport,heliport,3.49,2,high,Nearest: Çatalağzı Thermal Power Plant Heliport (heliport) at 3.5 km; Nearest medium: 18.4 km; Within 30 km: 2; Source: OurAirports; quality: high,,,low,No chemical/petrochemical facilities within search radius; Source: EEA E-PRTR; quality: low,,low,No toxic release sources within search radius; Source: EEA E-PRTR; quality: low,,,low,No flammable storage facilities within search radius; Source: EEA E-PRTR; quality: low,,,,,,0,not_found,No military features found within 25 km. Source: OSM Overpass [FIX-04 military],3.1,minaret,21,medium,"Nearest transmitter: minaret, 3.1 km. Total within 25 km: 21. Source: OSM Overpass [FIX-04 transmitter]",,,,,2026-04-18 07:58:07.639778+00:00,fix04_20260418_071244,api,merge_phase2_20260421
TR,Diler (Akbayir) Elbistan power station,c657c5c3-38a2-472d-8962-9e7cefcd2c1e,69.49,Malatya Erhaç Airport,medium_airport,34.74,0,high,Nearest: Malatya Erhaç Airport (medium_airport) at 69.5 km; Nearest medium: 69.5 km; Within 30 km: 0; Source: OurAirports; quality: high,,,low,No chemical/petrochemical facilities within search radius; Source: EEA E-PRTR; quality: low,,low,No toxic release sources within search radius; Source: EEA E-PRTR; quality: low,,,low,No flammable storage facilities within search radius; Source: EEA E-PRTR; quality: low,,,,,,0,not_found,No military features found within 25 km. Source: OSM Overpass [FIX-04 military],5.91,tower,28,medium,"Nearest transmitter: tower, 5.9 km. Total within 25 km: 28. Source: OSM Overpass [FIX-04 transmitter]",,,,,2026-04-18 07:59:11.113542+00:00,fix04_20260418_071244,api,merge_phase2_20260421
TR,Dinar power station,59f96677-d42b-4ae1-a3e9-32f3dc396a83,27.71,Isparta/Kilic Airport,small_airport,13.86,2,high,Nearest: Isparta/Kilic Airport (small_airport) at 27.7 km; Nearest medium: 29.2 km; Within 30 km: 2; Source: OurAirports; quality: high,,,low,No chemical/petrochemical facilities within search radius; Source: EEA E-PRTR; quality: low,,low,No toxic release sources within search radius; Source: EEA E-PRTR; quality: low,,,low,No flammable storage facilities within search radius; Source: EEA E-PRTR; quality: low,,,,,,0,not_found,No military features found within 25 km. Source: OSM Overpass [FIX-04 military],13.69,communication,0,not_found,No transmitters/masts found within 25 km. Source: OSM Overpass [FIX-04 transmitter],,,,,2026-04-18 07:59:26.876635+00:00,fix04_20260418_071244,api,merge_phase2_20260421
TR,DOSAB cogeneration plant,161660e7-3ccf-4704-b452-b126599700a0,3.66,Bursa Yunuseli Airport,small_airport,1.83,7,high,"Nearest: Bursa Yunuseli Airport (small_airport) at 3.7 km; Nearest large: 78.5 km; Nearest medium: 50.8 km; Within 30 km: 7; Violations: A1, A3; Source: OurAirports; quality: high",,,low,No chemical/petrochemical facilities within search radius; Source: EEA E-PRTR; quality: low,,low,No toxic release sources within search radius; Source: EEA E-PRTR; quality: low,,,low,No flammable storage facilities within search radius; Source: EEA E-PRTR; quality: low,,,,3.47,Işıklar Jandarma Astsubay Meslek Yüksekokulu Yunuseli Yerleşkesi,13,high,"Nearest military: Işıklar Jandarma Astsubay Meslek Yüksekokulu Yunuseli Yerleşkesi (military), 3.5 km [A5]. Total features within 25 km: 13. Source: OSM Overpass [FIX-04 military]",0.18,minaret,0,not_found,No transmitters/masts found within 25 km. Source: OSM Overpass [FIX-04 transmitter],,,,,2026-04-18 04:05:13.085850+00:00,fix04_20260417_182300,api,merge_phase2_20260421
TR,Ece power station,aa336cdc-f6fe-4b08-b46d-69e852c501bf,23.4,Kelaynak Aviation Club Airport,small_airport,11.7,1,high,Nearest: Kelaynak Aviation Club Airport (small_airport) at 23.4 km; Nearest large: 46.3 km; Nearest medium: 37.0 km; Within 30 km: 1; Source: OurAirports; quality: high,,,low,No chemical/petrochemical facilities within search radius; Source: EEA E-PRTR; quality: low,,low,No toxic release sources within search radius; Source: EEA E-PRTR; quality: low,,,low,No flammable storage facilities within search radius; Source: EEA E-PRTR; quality: low,,,,10.13,,0,not_found,No military features found within 25 km. Source: OSM Overpass [FIX-04 military],5.72,communication,15,medium,"Nearest transmitter: communication, 5.7 km. Total within 25 km: 15. Source: OSM Overpass [FIX-04 transmitter]",,,,,2026-04-18 04:08:08.297484+00:00,fix04_20260417_182300,api,merge_phase2_20260421
TR,EMBA Hunutlu power station,3f1ad930-cffb-4991-badd-773db74b890c,29.33,Kelaynak Aviation Club Airport,small_airport,14.67,1,high,Nearest: Kelaynak Aviation Club Airport (small_airport) at 29.3 km; Nearest large: 54.3 km; Nearest medium: 43.4 km; Within 30 km: 1; Source: OurAirports; quality: high,,,low,No chemical/petrochemical facilities within search radius; Source: EEA E-PRTR; quality: low,,low,No toxic release sources within search radius; Source: EEA E-PRTR; quality: low,,,low,No flammable storage facilities within search radius; Source: EEA E-PRTR; quality: low,,,,19.32,,1,medium,"Nearest military: unnamed (military), 19.3 km [A5]. Total features within 25 km: 1. Source: OSM Overpass [FIX-04 military]",6.18,communication,16,medium,"Nearest transmitter: communication, 6.2 km. Total within 25 km: 16. Source: OSM Overpass [FIX-04 transmitter]",,,,,2026-04-18 04:09:56.607337+00:00,fix04_20260417_182300,api,merge_phase2_20260421
TR,Enyat Samsun power station,28baef4d-44e3-4b2e-bbe3-75f736371553,19.98,Amasya Merzifon Airport,small_airport,9.99,2,high,Nearest: Amasya Merzifon Airport (small_airport) at 20.0 km; Nearest medium: 81.6 km; Within 30 km: 2; Source: OurAirports; quality: high,,,low,No chemical/petrochemical facilities within search radius; Source: EEA E-PRTR; quality: low,,low,No toxic release sources within search radius; Source: EEA E-PRTR; quality: low,,,low,No flammable storage facilities within search radius; Source: EEA E-PRTR; quality: low,,,,18.71,,0,not_found,No military features found within 25 km. Source: OSM Overpass [FIX-04 military],0.9,communication,39,medium,"Nearest transmitter: communication, 0.9 km. Total within 25 km: 39. Source: OSM Overpass [FIX-04 transmitter]",,,,,2026-04-18 04:12:05.899296+00:00,fix04_20260417_182300,api,merge_phase2_20260421
TR,Eren-1 power station,142cad75-648a-495d-8c10-792351e72126,39.69,Pınarhisar Gendarmerie Heliport,heliport,31.81,0,high,Nearest: Pınarhisar Gendarmerie Heliport (heliport) at 39.7 km; Nearest medium: 92.3 km; Within 30 km: 0; Source: OurAirports; quality: high,,,low,No chemical/petrochemical facilities within search radius; Source: EEA E-PRTR; quality: low,,low,No toxic release sources within search radius; Source: EEA E-PRTR; quality: low,,,low,No flammable storage facilities within search radius; Source: EEA E-PRTR; quality: low,,,,18.53,,20,medium,"Nearest military: unnamed (military), 18.5 km [A5]. Total features within 25 km: 20. Source: OSM Overpass [FIX-04 military]",5.33,communication,115,medium,"Nearest transmitter: communication, 5.3 km. Total within 25 km: 115. Source: OSM Overpass [FIX-04 transmitter]",,,,,2026-04-18 04:13:58.941208+00:00,fix04_20260417_182300,api,merge_phase2_20260421
TR,Ergene power station,f92bc907-9b9b-4d21-92fd-1705bd71128c,21.83,Tekirdağ Çorlu Airport,medium_airport,10.91,3,high,Nearest: Tekirdağ Çorlu Airport (medium_airport) at 21.8 km; Nearest large: 86.6 km; Nearest medium: 21.8 km; Within 30 km: 3; Source: OurAirports; quality: high,,,low,No chemical/petrochemical facilities within search radius; Source: EEA E-PRTR; quality: low,,low,No toxic release sources within search radius; Source: EEA E-PRTR; quality: low,,,low,No flammable storage facilities within search radius; Source: EEA E-PRTR; quality: low,,,,2.76,Ulaş Omurtak Kışlası,19,high,"Nearest military: Ulaş Omurtak Kışlası (military), 2.8 km [A5]. Total features within 25 km: 19. Source: OSM Overpass [FIX-04 military]",0.37,lighting,0,not_found,No transmitters/masts found within 25 km. Source: OSM Overpass [FIX-04 transmitter],,,,,2026-04-18 04:15:31.738833+00:00,fix04_20260417_182300,api,merge_phase2_20260421
TR,Eti Maden Bandirma power station,b90e80f9-66f3-4290-8aa2-518b8422aba0,1.62,Bandırma Airport,medium_airport,0.81,2,high,"Nearest: Bandırma Airport (medium_airport) at 1.6 km; Nearest medium: 1.6 km; Within 30 km: 2; Violations: A1, A2; Source: OurAirports; quality: high",,,low,No chemical/petrochemical facilities within search radius; Source: EEA E-PRTR; quality: low,,low,No toxic release sources within search radius; Source: EEA E-PRTR; quality: low,,,low,No flammable storage facilities within search radius; Source: EEA E-PRTR; quality: low,,,,2.13,6. Ana Jet Üs Komutanlığı,10,high,"Nearest military: 6. Ana Jet Üs Komutanlığı (airfield), 2.1 km [A5]. Total features within 25 km: 10. Source: OSM Overpass [FIX-04 military]",0.58,communication,44,medium,"Nearest transmitter: communication, 0.6 km. Total within 25 km: 44. Source: OSM Overpass [FIX-04 transmitter]",,,,,2026-04-18 04:16:04.529976+00:00,fix04_20260417_182300,api,merge_phase2_20260421
TR,Evrese power station,17568f0f-91fd-4efe-b4df-2c7cc5d80b7d,1.71,Gelibolu Heliport,heliport,1.71,2,high,Nearest: Gelibolu Heliport (heliport) at 1.7 km; Nearest medium: 37.1 km; Within 30 km: 2; Violations: A1; Source: OurAirports; quality: high,,,low,No chemical/petrochemical facilities within search radius; Source: EEA E-PRTR; quality: low,,low,No toxic release sources within search radius; Source: EEA E-PRTR; quality: low,,,low,No flammable storage facilities within search radius; Source: EEA E-PRTR; quality: low,,,,1.38,Gelibolu Askeri Kampı,49,high,"Nearest military: Gelibolu Askeri Kampı (military), 1.4 km [A5]. Total features within 25 km: 49. Source: OSM Overpass [FIX-04 military]",0.42,lighting,42,medium,"Nearest transmitter: lighting, 0.4 km. Total within 25 km: 42. Source: OSM Overpass [FIX-04 transmitter]",,,,,2026-04-18 04:19:51.164813+00:00,fix04_20260417_183150,api,merge_phase2_20260421
TR,Filyos power station,cb08e7b6-0af3-45d9-95c3-3832e7e2677c,8.04,Zonguldak Çaycuma Airport,medium_airport,4.02,3,high,Nearest: Zonguldak Çaycuma Airport (medium_airport) at 8.0 km; Nearest medium: 8.0 km; Within 30 km: 3; Source: OurAirports; quality: high,,,low,No chemical/petrochemical facilities within search radius; Source: EEA E-PRTR; quality: low,,low,No toxic release sources within search radius; Source: EEA E-PRTR; quality: low,,,low,No flammable storage facilities within search radius; Source: EEA E-PRTR; quality: low,,,,19.12,Bartın Deniz Üssü,6,medium,"Nearest military: Bartın Deniz Üssü (naval_base), 19.1 km [A5]. Total features within 25 km: 6. Source: OSM Overpass [FIX-04 military]",3.39,communication,44,medium,"Nearest transmitter: communication, 3.4 km. Total within 25 km: 44. Source: OSM Overpass [FIX-04 transmitter]",,,,,2026-04-18 07:59:56.432029+00:00,fix04_20260418_071244,api,merge_phase2_20260421
TR,Gebze Çolakoğlu power station,829f61ff-0ad1-4288-8dd9-e41abbd0b6a7,11.22,Darıca Farabi State Hospital Heliport,heliport,8.49,9,high,Nearest: Darıca Farabi State Hospital Heliport (heliport) at 11.2 km; Nearest large: 23.5 km; Nearest medium: 36.1 km; Within 30 km: 9; Source: OurAirports; quality: high,,,low,No chemical/petrochemical facilities within search radius; Source: EEA E-PRTR; quality: low,,low,No toxic release sources within search radius; Source: EEA E-PRTR; quality: low,,,low,No flammable storage facilities within search radius; Source: EEA E-PRTR; quality: low,,,,4.66,DİLBURNU D/G İSTASYON KOMUTANLIĞI,27,high,"Nearest military: DİLBURNU D/G İSTASYON KOMUTANLIĞI (base), 4.7 km [A5]. Total features within 25 km: 27. Source: OSM Overpass [FIX-04 military]",1.01,minaret,0,not_found,No transmitters/masts found within 25 km. Source: OSM Overpass [FIX-04 transmitter],,,,,2026-04-18 04:20:51.715127+00:00,fix04_20260417_182300,api,merge_phase2_20260421
TR,Gerze power station,e780e4ac-0506-4186-9b58-0f378f878345,17.46,Sinop Airport,medium_airport,8.73,1,high,Nearest: Sinop Airport (medium_airport) at 17.5 km; Nearest medium: 17.5 km; Within 30 km: 1; Source: OurAirports; quality: high,,,low,No chemical/petrochemical facilities within search radius; Source: EEA E-PRTR; quality: low,,low,No toxic release sources within search radius; Source: EEA E-PRTR; quality: low,,,low,No flammable storage facilities within search radius; Source: EEA E-PRTR; quality: low,,,,17.42,,7,medium,"Nearest military: unnamed (military), 17.4 km [A5]. Total features within 25 km: 7. Source: OSM Overpass [FIX-04 military]",15.79,communication,13,medium,"Nearest transmitter: communication, 15.8 km. Total within 25 km: 13. Source: OSM Overpass [FIX-04 transmitter]",,,,,2026-04-18 04:22:18.009376+00:00,fix04_20260417_182300,api,merge_phase2_20260421
TR,Gölovası power station,c9c85786-eb26-4e7b-b280-83a54b7e834f,31.26,Kelaynak Aviation Club Airport,small_airport,15.63,0,high,Nearest: Kelaynak Aviation Club Airport (small_airport) at 31.3 km; Nearest large: 56.7 km; Nearest medium: 45.1 km; Within 30 km: 0; Source: OurAirports; quality: high,,,low,No chemical/petrochemical facilities within search radius; Source: EEA E-PRTR; quality: low,,low,No toxic release sources within search radius; Source: EEA E-PRTR; quality: low,,,low,No flammable storage facilities within search radius; Source: EEA E-PRTR; quality: low,,,,23.3,,0,not_found,No military features found within 25 km. Source: OSM Overpass [FIX-04 military],2.68,tower,26,medium,"Nearest transmitter: tower, 2.7 km. Total within 25 km: 26. Source: OSM Overpass [FIX-04 transmitter]",,,,,2026-04-18 04:24:55.969097+00:00,fix04_20260417_182300,api,merge_phase2_20260421
TR,Gönen power station,0ca0b969-c519-48f3-97ab-7173d3aa6085,34.9,Erdek Heliport,heliport,18.45,0,high,Nearest: Erdek Heliport (heliport) at 34.9 km; Nearest large: 81.8 km; Nearest medium: 36.9 km; Within 30 km: 0; Source: OurAirports; quality: high,,,low,No chemical/petrochemical facilities within search radius; Source: EEA E-PRTR; quality: low,,low,No toxic release sources within search radius; Source: EEA E-PRTR; quality: low,,,low,No flammable storage facilities within search radius; Source: EEA E-PRTR; quality: low,,,,12.73,,1,medium,"Nearest military: unnamed (military), 12.7 km [A5]. Total features within 25 km: 1. Source: OSM Overpass [FIX-04 military]",5.72,communication,9,medium,"Nearest transmitter: communication, 5.7 km. Total within 25 km: 9. Source: OSM Overpass [FIX-04 transmitter]",,,,,2026-04-18 04:23:27.240431+00:00,fix04_20260417_183150,api,merge_phase2_20260421
TR,Güney Akdeniz power station,53481b7f-5b85-4bab-be04-4866c2e72c12,0.58,Arsuz Heliport,heliport,0.58,1,high,Nearest: Arsuz Heliport (heliport) at 0.6 km; Nearest large: 82.7 km; Nearest medium: 36.5 km; Within 30 km: 1; Violations: A1; Source: OurAirports; quality: high,,,low,No chemical/petrochemical facilities within search radius; Source: EEA E-PRTR; quality: low,,low,No toxic release sources within search radius; Source: EEA E-PRTR; quality: low,,,low,No flammable storage facilities within search radius; Source: EEA E-PRTR; quality: low,,,,0.42,,2,high,"Nearest military: unnamed (military), 0.4 km [A5]. Total features within 25 km: 2. Source: OSM Overpass [FIX-04 military]",0.73,communication,6,medium,"Nearest transmitter: communication, 0.7 km. Total within 25 km: 6. Source: OSM Overpass [FIX-04 transmitter]",,,,,2026-04-18 04:25:14.861693+00:00,fix04_20260417_182300,api,merge_phase2_20260421
TR,Güneybatı Anadolu power station,d110df11-ad8e-44dc-8a32-af692ca46c6f,12.28,Milas Bodrum International Airport,large_airport,6.14,2,high,Nearest: Milas Bodrum International Airport (large_airport) at 12.3 km; Nearest large: 12.3 km; Nearest medium: 87.5 km; Within 30 km: 2; Violations: A4; Source: OurAirports; quality: high,,,low,No chemical/petrochemical facilities within search radius; Source: EEA E-PRTR; quality: low,,low,No toxic release sources within search radius; Source: EEA E-PRTR; quality: low,,,low,No flammable storage facilities within search radius; Source: EEA E-PRTR; quality: low,,,,1.16,,0,not_found,No military features found within 25 km. Source: OSM Overpass [FIX-04 military],1.47,communication,22,medium,"Nearest transmitter: communication, 1.5 km. Total within 25 km: 22. Source: OSM Overpass [FIX-04 transmitter]",,,,,2026-04-18 04:26:53.160892+00:00,fix04_20260417_182300,api,merge_phase2_20260421
TR,Güreci power station,d5151598-5a1a-4697-8147-592845ffef6c,9.28,Gelibolu Heliport,heliport,9.28,2,high,Nearest: Gelibolu Heliport (heliport) at 9.3 km; Nearest large: 92.3 km; Nearest medium: 31.6 km; Within 30 km: 2; Source: OurAirports; quality: high,,,low,No chemical/petrochemical facilities within search radius; Source: EEA E-PRTR; quality: low,,low,No toxic release sources within search radius; Source: EEA E-PRTR; quality: low,,,low,No flammable storage facilities within search radius; Source: EEA E-PRTR; quality: low,,,,6.75,Gelibolu Orduevi,47,medium,"Nearest military: Gelibolu Orduevi (military), 6.7 km [A5]. Total features within 25 km: 47. Source: OSM Overpass [FIX-04 military]",1.44,communication,40,medium,"Nearest transmitter: communication, 1.4 km. Total within 25 km: 40. Source: OSM Overpass [FIX-04 transmitter]",,,,,2026-04-18 04:26:40.560892+00:00,fix04_20260417_183150,api,merge_phase2_20260421
TR,Gürmin Enerji Amasya power station,5a19f424-1a15-44e6-bf1b-c2c5886ac1bf,9.15,Amasya Merzifon Airport,small_airport,4.57,2,high,Nearest: Amasya Merzifon Airport (small_airport) at 9.1 km; Nearest medium: 90.9 km; Within 30 km: 2; Source: OurAirports; quality: high,,,low,No chemical/petrochemical facilities within search radius; Source: EEA E-PRTR; quality: low,,low,No toxic release sources within search radius; Source: EEA E-PRTR; quality: low,,,low,No flammable storage facilities within search radius; Source: EEA E-PRTR; quality: low,,,,8.51,Amasya Merzifon Havalimanı,0,not_found,No military features found within 25 km. Source: OSM Overpass [FIX-04 military],6.21,communication,29,medium,"Nearest transmitter: communication, 6.2 km. Total within 25 km: 29. Source: OSM Overpass [FIX-04 transmitter]",,,,,2026-04-18 04:28:10.938867+00:00,fix04_20260417_182300,api,merge_phase2_20260421
TR,Habaş power station,80179871-04fa-4806-9385-caf739b8a171,19.64,Yenifoça 7th Gendarmerie Regiment Command Helipad,heliport,14.25,3,high,Nearest: Yenifoça 7th Gendarmerie Regiment Command Helipad (heliport) at 19.6 km; Nearest large: 56.5 km; Nearest medium: 29.4 km; Within 30 km: 3; Source: OurAirports; quality: high,,,low,No chemical/petrochemical facilities within search radius; Source: EEA E-PRTR; quality: low,,low,No toxic release sources within search radius; Source: EEA E-PRTR; quality: low,,,low,No flammable storage facilities within search radius; Source: EEA E-PRTR; quality: low,,,,2.87,T.C. Aliağa Kaymakamlığı İlçe Jandarma Komutanlığı,12,high,"Nearest military: T.C. Aliağa Kaymakamlığı İlçe Jandarma Komutanlığı (military), 2.9 km [A5]. Total features within 25 km: 12. Source: OSM Overpass [FIX-04 military]",1.87,mast,0,not_found,No transmitters/masts found within 25 km. Source: OSM Overpass [FIX-04 transmitter],,,,,2026-04-18 04:29:11.723778+00:00,fix04_20260417_182300,api,merge_phase2_20260421
TR,Hakan Enerji power station,adeb10a5-aaae-4e2c-b426-3db1c3d9bd5b,30.69,Kelaynak Aviation Club Airport,small_airport,15.35,0,high,Nearest: Kelaynak Aviation Club Airport (small_airport) at 30.7 km; Nearest large: 56.1 km; Nearest medium: 44.6 km; Within 30 km: 0; Source: OurAirports; quality: high,,,low,No chemical/petrochemical facilities within search radius; Source: EEA E-PRTR; quality: low,,low,No toxic release sources within search radius; Source: EEA E-PRTR; quality: low,,,low,No flammable storage facilities within search radius; Source: EEA E-PRTR; quality: low,,,,22.2,,1,medium,"Nearest military: unnamed (military), 22.2 km [A5]. Total features within 25 km: 1. Source: OSM Overpass [FIX-04 military]",3.91,tower,0,not_found,No transmitters/masts found within 25 km. Source: OSM Overpass [FIX-04 transmitter],,,,,2026-04-18 04:30:50.582957+00:00,fix04_20260417_182300,api,merge_phase2_20260421
TR,Hakan Kömür power station,82aac38c-3037-466c-9b37-bff9da707645,24.78,Kelaynak Aviation Club Airport,small_airport,12.39,1,high,Nearest: Kelaynak Aviation Club Airport (small_airport) at 24.8 km; Nearest large: 48.0 km; Nearest medium: 34.9 km; Within 30 km: 1; Source: OurAirports; quality: high,,,low,No chemical/petrochemical facilities within search radius; Source: EEA E-PRTR; quality: low,,low,No toxic release sources within search radius; Source: EEA E-PRTR; quality: low,,,low,No flammable storage facilities within search radius; Source: EEA E-PRTR; quality: low,,,,20.4,Yüreğir Jandarma Komutanlığı,1,medium,"Nearest military: Yüreğir Jandarma Komutanlığı (military), 20.4 km [A5]. Total features within 25 km: 1. Source: OSM Overpass [FIX-04 military]",0.15,water_tower,0,not_found,No transmitters/masts found within 25 km. Source: OSM Overpass [FIX-04 transmitter],,,,,2026-04-18 04:32:17.337980+00:00,fix04_20260417_182300,api,merge_phase2_20260421
TR,Hande power station,e10aae79-05b7-4ad9-9d69-60ce190b4444,23.4,Kelaynak Aviation Club Airport,small_airport,11.7,1,high,Nearest: Kelaynak Aviation Club Airport (small_airport) at 23.4 km; Nearest large: 46.3 km; Nearest medium: 37.0 km; Within 30 km: 1; Source: OurAirports; quality: high,,,low,No chemical/petrochemical facilities within search radius; Source: EEA E-PRTR; quality: low,,low,No toxic release sources within search radius; Source: EEA E-PRTR; quality: low,,,low,No flammable storage facilities within search radius; Source: EEA E-PRTR; quality: low,,,,10.13,,0,not_found,No military features found within 25 km. Source: OSM Overpass [FIX-04 military],5.72,communication,15,medium,"Nearest transmitter: communication, 5.7 km. Total within 25 km: 15. Source: OSM Overpass [FIX-04 transmitter]",,,,,2026-04-18 04:39:23.079658+00:00,fix04_20260417_182300,api,merge_phase2_20260421
TR,Helvacı power station,e0e73325-5b32-4fef-b925-f0bb91114450,56.56,Gelibolu Heliport,heliport,30.09,0,high,Nearest: Gelibolu Heliport (heliport) at 56.6 km; Nearest large: 60.2 km; Nearest medium: 63.4 km; Within 30 km: 0; Source: OurAirports; quality: high,,,low,No chemical/petrochemical facilities within search radius; Source: EEA E-PRTR; quality: low,,low,No toxic release sources within search radius; Source: EEA E-PRTR; quality: low,,,low,No flammable storage facilities within search radius; Source: EEA E-PRTR; quality: low,,,,12.07,Çan İİlçe Jandarma Komutanlığı,0,not_found,No military features found within 25 km. Source: OSM Overpass [FIX-04 military],2.39,minaret,0,not_found,No transmitters/masts found within 25 km. Source: OSM Overpass [FIX-04 transmitter],,,,,2026-04-18 04:44:58.811821+00:00,fix04_20260417_182300,api,merge_phase2_20260421
TR,HEMA Amasra power station,0947a4c8-4fc1-492f-9c66-2c9a993c7fb0,10.3,Bartin Naval Base Heliport,heliport,10.3,1,high,Nearest: Bartin Naval Base Heliport (heliport) at 10.3 km; Nearest medium: 32.4 km; Within 30 km: 1; Source: OurAirports; quality: high,,,low,No chemical/petrochemical facilities within search radius; Source: EEA E-PRTR; quality: low,,low,No toxic release sources within search radius; Source: EEA E-PRTR; quality: low,,,low,No flammable storage facilities within search radius; Source: EEA E-PRTR; quality: low,,,,2.74,,10,high,"Nearest military: unnamed (military), 2.7 km [A5]. Total features within 25 km: 10. Source: OSM Overpass [FIX-04 military]",3.98,minaret,0,not_found,No transmitters/masts found within 25 km. Source: OSM Overpass [FIX-04 transmitter],,,,,2026-04-18 04:48:10.017558+00:00,fix04_20260417_182300,api,merge_phase2_20260421
TR,İÇDAŞ Bekirli power station,cc635340-954c-4428-9fa1-14383c7faceb,31.35,Gelibolu Heliport,heliport,28.53,0,high,Nearest: Gelibolu Heliport (heliport) at 31.4 km; Nearest large: 94.2 km; Nearest medium: 57.1 km; Within 30 km: 0; Source: OurAirports; quality: high,,,low,No chemical/petrochemical facilities within search radius; Source: EEA E-PRTR; quality: low,,low,No toxic release sources within search radius; Source: EEA E-PRTR; quality: low,,,low,No flammable storage facilities within search radius; Source: EEA E-PRTR; quality: low,,,,22.95,Gelibolu 2. Kolordu Komutanlığı 18. Piyade Mekanize Tugayı - Fahrettin Altay Kışlası,4,medium,"Nearest military: Gelibolu 2. Kolordu Komutanlığı 18. Piyade Mekanize Tugayı - Fahrettin Altay Kışlası (military), 22.9 km [A5]. Total features within 25 km: 4. Source: OSM Overpass [FIX-04 military]",1.51,observation,40,medium,"Nearest transmitter: observation, 1.5 km. Total within 25 km: 40. Source: OSM Overpass [FIX-04 transmitter]",,,,,2026-04-18 04:47:49.627643+00:00,fix04_20260417_183150,api,merge_phase2_20260421
TR,İÇDAŞ Biga power station,746fc66e-d31f-4c5d-bf5c-ab5031b04b15,32.38,Ekinlik Island Heliport,heliport,29.21,0,high,Nearest: Ekinlik Island Heliport (heliport) at 32.4 km; Nearest large: 99.6 km; Nearest medium: 58.4 km; Within 30 km: 0; Source: OurAirports; quality: high,,,low,No chemical/petrochemical facilities within search radius; Source: EEA E-PRTR; quality: low,,low,No toxic release sources within search radius; Source: EEA E-PRTR; quality: low,,,low,No flammable storage facilities within search radius; Source: EEA E-PRTR; quality: low,,,,19.24,,2,medium,"Nearest military: unnamed (military), 19.2 km [A5]. Total features within 25 km: 2. Source: OSM Overpass [FIX-04 military]",1.07,communication,45,medium,"Nearest transmitter: communication, 1.1 km. Total within 25 km: 45. Source: OSM Overpass [FIX-04 transmitter]",,,,,2026-04-18 04:50:49.479847+00:00,fix04_20260417_183150,api,merge_phase2_20260421
TR,Ilgın power station,47c1271c-e2b2-42f5-99ee-f616bbef5b7e,65.03,Konya Airport,large_airport,32.51,0,high,Nearest: Konya Airport (large_airport) at 65.0 km; Nearest large: 65.0 km; Within 30 km: 0; Source: OurAirports; quality: high,,,low,No chemical/petrochemical facilities within search radius; Source: EEA E-PRTR; quality: low,,low,No toxic release sources within search radius; Source: EEA E-PRTR; quality: low,,,low,No flammable storage facilities within search radius; Source: EEA E-PRTR; quality: low,,,,,,0,not_found,No military features found within 25 km. Source: OSM Overpass [FIX-04 military],1.9,mast,18,medium,"Nearest transmitter: mast, 1.9 km. Total within 25 km: 18. Source: OSM Overpass [FIX-04 transmitter]",,,,,2026-04-18 08:01:08.452668+00:00,fix04_20260418_071244,api,merge_phase2_20260421
TR,Irmak power station,3819acc8-761d-49ba-89e7-967d3d37ec0e,29.3,Bozcaada Airport,small_airport,14.65,1,high,Nearest: Bozcaada Airport (small_airport) at 29.3 km; Nearest large: 63.7 km; Nearest medium: 39.5 km; Within 30 km: 1; Source: OurAirports; quality: high,,,low,No chemical/petrochemical facilities within search radius; Source: EEA E-PRTR; quality: low,,low,No toxic release sources within search radius; Source: EEA E-PRTR; quality: low,,,low,No flammable storage facilities within search radius; Source: EEA E-PRTR; quality: low,,,,0.73,Çanakkale Ezine 3. Jandarma Er Eğitim Tabur Komutanlığı,0,not_found,No military features found within 25 km. Source: OSM Overpass [FIX-04 military],0.9,antenna,41,medium,"Nearest transmitter: antenna, 0.9 km. Total within 25 km: 41. Source: OSM Overpass [FIX-04 transmitter]",,,,,2026-04-18 04:52:34.064751+00:00,fix04_20260417_182300,api,merge_phase2_20260421
TR,İsken Sugözü power station,6ddc2960-3d72-4d5f-b358-56d1c54f47e0,30.39,Kelaynak Aviation Club Airport,small_airport,15.19,0,high,Nearest: Kelaynak Aviation Club Airport (small_airport) at 30.4 km; Nearest large: 55.7 km; Nearest medium: 44.4 km; Within 30 km: 0; Source: OurAirports; quality: high,,,low,No chemical/petrochemical facilities within search radius; Source: EEA E-PRTR; quality: low,,low,No toxic release sources within search radius; Source: EEA E-PRTR; quality: low,,,low,No flammable storage facilities within search radius; Source: EEA E-PRTR; quality: low,,,,21.45,,1,medium,"Nearest military: unnamed (military), 21.5 km [A5]. Total features within 25 km: 1. Source: OSM Overpass [FIX-04 military]",5.0,tower,0,not_found,No transmitters/masts found within 25 km. Source: OSM Overpass [FIX-04 transmitter],,,,,2026-04-18 04:54:05.003984+00:00,fix04_20260417_182300,api,merge_phase2_20260421
TR,İskenderun power station,1624a526-07d8-44a4-8ed7-3b035b748f03,0.89,İskenderun Naval Heliport,heliport,0.89,5,high,Nearest: İskenderun Naval Heliport (heliport) at 0.9 km; Nearest large: 90.8 km; Nearest medium: 27.1 km; Within 30 km: 5; Violations: A1; Source: OurAirports; quality: high,,,low,No chemical/petrochemical facilities within search radius; Source: EEA E-PRTR; quality: low,,low,No toxic release sources within search radius; Source: EEA E-PRTR; quality: low,,,low,No flammable storage facilities within search radius; Source: EEA E-PRTR; quality: low,,,,1.24,39. Mekanize Tugay Komutanlığı,9,high,"Nearest military: 39. Mekanize Tugay Komutanlığı (military), 1.2 km [A5]. Total features within 25 km: 9. Source: OSM Overpass [FIX-04 military]",0.87,water_tower,46,medium,"Nearest transmitter: water_tower, 0.9 km. Total within 25 km: 46. Source: OSM Overpass [FIX-04 transmitter]",,,,,2026-04-18 04:53:39.879561+00:00,fix04_20260417_183150,api,merge_phase2_20260421
TR,İzdemir Enerji power station,d19ed873-b20a-43fd-b7e8-62e985c88820,16.7,Yenifoça 7th Gendarmerie Regiment Command Helipad,heliport,12.64,3,high,Nearest: Yenifoça 7th Gendarmerie Regiment Command Helipad (heliport) at 16.7 km; Nearest large: 53.8 km; Nearest medium: 26.4 km; Within 30 km: 3; Source: OurAirports; quality: high,,,low,No chemical/petrochemical facilities within search radius; Source: EEA E-PRTR; quality: low,,low,No toxic release sources within search radius; Source: EEA E-PRTR; quality: low,,,low,No flammable storage facilities within search radius; Source: EEA E-PRTR; quality: low,,,,6.44,T.C. Aliağa Kaymakamlığı İlçe Jandarma Komutanlığı,16,medium,"Nearest military: T.C. Aliağa Kaymakamlığı İlçe Jandarma Komutanlığı (military), 6.4 km [A5]. Total features within 25 km: 16. Source: OSM Overpass [FIX-04 military]",4.56,mast,19,medium,"Nearest transmitter: mast, 4.6 km. Total within 25 km: 19. Source: OSM Overpass [FIX-04 transmitter]",,,,,2026-04-18 04:54:01.697334+00:00,fix04_20260417_183150,api,merge_phase2_20260421
TR,Iztek Ceyhan Komur power station,56b8e2a3-1885-431f-9fd1-4cd3bebfad61,24.78,Kelaynak Aviation Club Airport,small_airport,12.39,1,high,Nearest: Kelaynak Aviation Club Airport (small_airport) at 24.8 km; Nearest large: 48.0 km; Nearest medium: 34.9 km; Within 30 km: 1; Source: OurAirports; quality: high,,,low,No chemical/petrochemical facilities within search radius; Source: EEA E-PRTR; quality: low,,low,No toxic release sources within search radius; Source: EEA E-PRTR; quality: low,,,low,No flammable storage facilities within search radius; Source: EEA E-PRTR; quality: low,,,,20.4,Yüreğir Jandarma Komutanlığı,1,medium,"Nearest military: Yüreğir Jandarma Komutanlığı (military), 20.4 km [A5]. Total features within 25 km: 1. Source: OSM Overpass [FIX-04 military]",0.15,water_tower,34,medium,"Nearest transmitter: water_tower, 0.1 km. Total within 25 km: 34. Source: OSM Overpass [FIX-04 transmitter]",,,,,2026-04-18 04:55:06.110744+00:00,fix04_20260417_183150,api,merge_phase2_20260421
TR,Kahramanmaraş Anadolu power station,55cfe45b-6357-40f9-8623-e9916f91f839,90.41,Kahramanmaraş Airport,medium_airport,45.21,0,high,Nearest: Kahramanmaraş Airport (medium_airport) at 90.4 km; Nearest medium: 90.4 km; Within 30 km: 0; Source: OurAirports; quality: high,,,low,No chemical/petrochemical facilities within search radius; Source: EEA E-PRTR; quality: low,,low,No toxic release sources within search radius; Source: EEA E-PRTR; quality: low,,,low,No flammable storage facilities within search radius; Source: EEA E-PRTR; quality: low,,,,4.12,,0,not_found,No military features found within 25 km. Source: OSM Overpass [FIX-04 military],0.74,communication,29,medium,"Nearest transmitter: communication, 0.7 km. Total within 25 km: 29. Source: OSM Overpass [FIX-04 transmitter]",,,,,2026-04-18 04:56:05.977664+00:00,fix04_20260417_182300,api,merge_phase2_20260421
TR,Kandilli power station,ca423571-d2ab-44d4-b5ce-3e649d9cc776,10.55,Black Sea Regional Command Heliport,heliport,10.55,2,high,Nearest: Black Sea Regional Command Heliport (heliport) at 10.6 km; Nearest medium: 51.6 km; Within 30 km: 2; Source: OurAirports; quality: high,,,low,No chemical/petrochemical facilities within search radius; Source: EEA E-PRTR; quality: low,,low,No toxic release sources within search radius; Source: EEA E-PRTR; quality: low,,,low,No flammable storage facilities within search radius; Source: EEA E-PRTR; quality: low,,,,9.45,Kaletepe,3,medium,"Nearest military: Kaletepe (military), 9.4 km [A5]. Total features within 25 km: 3. Source: OSM Overpass [FIX-04 military]",8.98,observation,0,not_found,No transmitters/masts found within 25 km. Source: OSM Overpass [FIX-04 transmitter],,,,,2026-04-18 04:57:43.639225+00:00,fix04_20260417_182300,api,merge_phase2_20260421
TR,Kangal Etyemez power station,bfadbe66-971d-4f64-b222-604a7ee6ac6b,74.2,Divriği Airport,small_airport,37.1,0,high,Nearest: Divriği Airport (small_airport) at 74.2 km; Nearest medium: 99.3 km; Within 30 km: 0; Source: OurAirports; quality: high,,,low,No chemical/petrochemical facilities within search radius; Source: EEA E-PRTR; quality: low,,low,No toxic release sources within search radius; Source: EEA E-PRTR; quality: low,,,low,No flammable storage facilities within search radius; Source: EEA E-PRTR; quality: low,,,,,,0,not_found,No military features found within 25 km. Source: OSM Overpass [FIX-04 military],4.23,communication,0,not_found,No transmitters/masts found within 25 km. Source: OSM Overpass [FIX-04 transmitter],,,,,2026-04-18 08:01:26.043434+00:00,fix04_20260418_071244,api,merge_phase2_20260421
TR,Kangal power station,0248611c-b745-404f-ad50-c2870882c7a1,74.25,Divriği Airport,small_airport,37.12,0,high,Nearest: Divriği Airport (small_airport) at 74.2 km; Nearest medium: 99.3 km; Within 30 km: 0; Source: OurAirports; quality: high,,,low,No chemical/petrochemical facilities within search radius; Source: EEA E-PRTR; quality: low,,low,No toxic release sources within search radius; Source: EEA E-PRTR; quality: low,,,low,No flammable storage facilities within search radius; Source: EEA E-PRTR; quality: low,,,,,,0,not_found,No military features found within 25 km. Source: OSM Overpass [FIX-04 military],4.2,communication,0,not_found,No transmitters/masts found within 25 km. Source: OSM Overpass [FIX-04 transmitter],,,,,2026-04-18 08:01:53.794148+00:00,fix04_20260418_071244,api,merge_phase2_20260421
TR,Karaburun power station,0fec985c-c66e-40af-a123-a9ba4db269bb,20.52,Ekinlik Island Heliport,heliport,20.52,2,high,Nearest: Ekinlik Island Heliport (heliport) at 20.5 km; Nearest medium: 60.2 km; Within 30 km: 2; Source: OurAirports; quality: high,,,low,No chemical/petrochemical facilities within search radius; Source: EEA E-PRTR; quality: low,,low,No toxic release sources within search radius; Source: EEA E-PRTR; quality: low,,,low,No flammable storage facilities within search radius; Source: EEA E-PRTR; quality: low,,,,23.57,,1,medium,"Nearest military: unnamed (military), 23.6 km [A5]. Total features within 25 km: 1. Source: OSM Overpass [FIX-04 military]",1.26,communication,0,not_found,No transmitters/masts found within 25 km. Source: OSM Overpass [FIX-04 transmitter],,,,,2026-04-18 05:05:42.679899+00:00,fix04_20260417_182300,api,merge_phase2_20260421
TR,Karapinar Konya Şeker power station,a6478cb9-5b8c-4d64-bbe6-3d3ed6a3da2c,70.12,Aksaray Airport,small_airport,35.06,0,high,Nearest: Aksaray Airport (small_airport) at 70.1 km; Nearest large: 91.9 km; Within 30 km: 0; Source: OurAirports; quality: high,,,low,No chemical/petrochemical facilities within search radius; Source: EEA E-PRTR; quality: low,,low,No toxic release sources within search radius; Source: EEA E-PRTR; quality: low,,,low,No flammable storage facilities within search radius; Source: EEA E-PRTR; quality: low,,,,,,0,not_found,No military features found within 25 km. Source: OSM Overpass [FIX-04 military],0.38,minaret,0,not_found,No transmitters/masts found within 25 km. Source: OSM Overpass [FIX-04 transmitter],,,,,2026-04-18 08:03:19.566496+00:00,fix04_20260418_071244,api,merge_phase2_20260421
TR,Kardemir Karabük Demir Çelik power station,8dd46a05-6e0c-4009-90ad-bd5909c25622,1.08,Çatalağzı Thermal Power Plant Heliport,heliport,1.08,2,high,Nearest: Çatalağzı Thermal Power Plant Heliport (heliport) at 1.1 km; Nearest medium: 14.9 km; Within 30 km: 2; Violations: A1; Source: OurAirports; quality: high,,,low,No chemical/petrochemical facilities within search radius; Source: EEA E-PRTR; quality: low,,low,No toxic release sources within search radius; Source: EEA E-PRTR; quality: low,,,low,No flammable storage facilities within search radius; Source: EEA E-PRTR; quality: low,,,,,,0,not_found,No military features found within 25 km. Source: OSM Overpass [FIX-04 military],0.38,communication,29,medium,"Nearest transmitter: communication, 0.4 km. Total within 25 km: 29. Source: OSM Overpass [FIX-04 transmitter]",,,,,2026-04-18 08:03:46.765424+00:00,fix04_20260418_071244,api,merge_phase2_20260421
TR,Kemerköy power station,8e7f6abf-e420-4f40-b9da-9ea76ccedfb1,23.56,Bodrum-Imsık Airport,small_airport,11.78,1,high,Nearest: Bodrum-Imsık Airport (small_airport) at 23.6 km; Nearest large: 31.7 km; Within 30 km: 1; Source: OurAirports; quality: high,,,low,No chemical/petrochemical facilities within search radius; Source: EEA E-PRTR; quality: low,,low,No toxic release sources within search radius; Source: EEA E-PRTR; quality: low,,,low,No flammable storage facilities within search radius; Source: EEA E-PRTR; quality: low,,,,,,0,not_found,No military features found within 25 km. Source: OSM Overpass [FIX-04 military],8.22,observation,0,not_found,No transmitters/masts found within 25 km. Source: OSM Overpass [FIX-04 transmitter],,,,,2026-04-18 08:03:57.776452+00:00,fix04_20260418_071244,api,merge_phase2_20260421
TR,Kilikya power station,d21335d4-0a3d-4464-85e0-352745a38db4,30.08,Kelaynak Aviation Club Airport,small_airport,15.04,0,high,Nearest: Kelaynak Aviation Club Airport (small_airport) at 30.1 km; Nearest large: 55.3 km; Nearest medium: 44.1 km; Within 30 km: 0; Source: OurAirports; quality: high,,,low,No chemical/petrochemical facilities within search radius; Source: EEA E-PRTR; quality: low,,low,No toxic release sources within search radius; Source: EEA E-PRTR; quality: low,,,low,No flammable storage facilities within search radius; Source: EEA E-PRTR; quality: low,,,,20.76,,1,medium,"Nearest military: unnamed (military), 20.8 km [A5]. Total features within 25 km: 1. Source: OSM Overpass [FIX-04 military]",5.99,tower,17,medium,"Nearest transmitter: tower, 6.0 km. Total within 25 km: 17. Source: OSM Overpass [FIX-04 transmitter]",,,,,2026-04-18 05:18:44.203340+00:00,fix04_20260417_182300,api,merge_phase2_20260421
TR,Kipas MMP power station,cf918ba6-6226-479f-b04c-b3c67885c0ba,22.83,Selçuk Efes Airport,small_airport,11.42,1,high,Nearest: Selçuk Efes Airport (small_airport) at 22.8 km; Nearest large: 60.7 km; Nearest medium: 47.7 km; Within 30 km: 1; Source: OurAirports; quality: high,,,low,No chemical/petrochemical facilities within search radius; Source: EEA E-PRTR; quality: low,,low,No toxic release sources within search radius; Source: EEA E-PRTR; quality: low,,,low,No flammable storage facilities within search radius; Source: EEA E-PRTR; quality: low,,,,5.6,,0,not_found,No military features found within 25 km. Source: OSM Overpass [FIX-04 military],2.47,antenna,28,medium,"Nearest transmitter: antenna, 2.5 km. Total within 25 km: 28. Source: OSM Overpass [FIX-04 transmitter]",,,,,2026-04-18 05:23:27.174523+00:00,fix04_20260417_182300,api,merge_phase2_20260421
TR,Kirazlıdere power complex,d020ac37-4f23-41b1-8f1e-b425b5769424,27.0,Gelibolu Heliport,heliport,27.0,1,high,Nearest: Gelibolu Heliport (heliport) at 27.0 km; Nearest large: 92.3 km; Nearest medium: 55.3 km; Within 30 km: 1; Source: OurAirports; quality: high,,,low,No chemical/petrochemical facilities within search radius; Source: EEA E-PRTR; quality: low,,low,No toxic release sources within search radius; Source: EEA E-PRTR; quality: low,,,low,No flammable storage facilities within search radius; Source: EEA E-PRTR; quality: low,,,,21.47,,0,not_found,No military features found within 25 km. Source: OSM Overpass [FIX-04 military],5.32,communication,0,not_found,No transmitters/masts found within 25 km. Source: OSM Overpass [FIX-04 transmitter],,,,,2026-04-18 05:27:06.675290+00:00,fix04_20260417_182300,api,merge_phase2_20260421
TR,Kireçlik power station,76cd9b7f-7613-4fd4-95ab-bf534a2e2f5e,17.74,Black Sea Regional Command Heliport,heliport,17.74,2,high,Nearest: Black Sea Regional Command Heliport (heliport) at 17.7 km; Nearest medium: 44.5 km; Within 30 km: 2; Source: OurAirports; quality: high,,,low,No chemical/petrochemical facilities within search radius; Source: EEA E-PRTR; quality: low,,low,No toxic release sources within search radius; Source: EEA E-PRTR; quality: low,,,low,No flammable storage facilities within search radius; Source: EEA E-PRTR; quality: low,,,,16.59,Kaletepe,3,medium,"Nearest military: Kaletepe (military), 16.6 km [A5]. Total features within 25 km: 3. Source: OSM Overpass [FIX-04 military]",8.79,mast,0,not_found,No transmitters/masts found within 25 km. Source: OSM Overpass [FIX-04 transmitter],,,,,2026-04-18 05:29:30.939536+00:00,fix04_20260417_182300,api,merge_phase2_20260421
TR,Kınık power station,7defe42d-669b-489f-aff5-d1b83436607d,26.03,Fly Pergamon Sport Airfield,small_airport,13.01,1,high,Nearest: Fly Pergamon Sport Airfield (small_airport) at 26.0 km; Nearest large: 64.4 km; Nearest medium: 45.1 km; Within 30 km: 1; Source: OurAirports; quality: high,,,low,No chemical/petrochemical facilities within search radius; Source: EEA E-PRTR; quality: low,,low,No toxic release sources within search radius; Source: EEA E-PRTR; quality: low,,,low,No flammable storage facilities within search radius; Source: EEA E-PRTR; quality: low,,,,6.13,T.C. Kınık Kaymakamlığı İlçe Jandarma Komutanlığı,7,medium,"Nearest military: T.C. Kınık Kaymakamlığı İlçe Jandarma Komutanlığı (military), 6.1 km [A5]. Total features within 25 km: 7. Source: OSM Overpass [FIX-04 military]",8.45,communication,22,medium,"Nearest transmitter: communication, 8.4 km. Total within 25 km: 22. Source: OSM Overpass [FIX-04 transmitter]",,,,,2026-04-18 05:42:30.080545+00:00,fix04_20260417_183150,api,merge_phase2_20260421
TR,Kıvanç power station,5b6be56c-d981-470c-a979-13a8764a34b8,49.97,Bozyazı Forest Depot Helipad,heliport,49.46,0,high,Nearest: Bozyazı Forest Depot Helipad (heliport) at 50.0 km; Nearest medium: 98.9 km; Within 30 km: 0; Source: OurAirports; quality: high,,,low,No chemical/petrochemical facilities within search radius; Source: EEA E-PRTR; quality: low,,low,No toxic release sources within search radius; Source: EEA E-PRTR; quality: low,,,low,No flammable storage facilities within search radius; Source: EEA E-PRTR; quality: low,,,,,,0,not_found,No military features found within 25 km. Source: OSM Overpass [FIX-04 military],0.51,minaret,18,medium,"Nearest transmitter: minaret, 0.5 km. Total within 25 km: 18. Source: OSM Overpass [FIX-04 transmitter]",,,,,2026-04-18 08:05:39.076805+00:00,fix04_20260418_071244,api,merge_phase2_20260421
TR,Konya Karapınar power station,ad0c8590-c672-43f2-a813-1217a10f7d2d,80.13,Aksaray Airport,small_airport,40.06,0,high,Nearest: Aksaray Airport (small_airport) at 80.1 km; Nearest large: 99.1 km; Within 30 km: 0; Source: OurAirports; quality: high,,,low,No chemical/petrochemical facilities within search radius; Source: EEA E-PRTR; quality: low,,low,No toxic release sources within search radius; Source: EEA E-PRTR; quality: low,,,low,No flammable storage facilities within search radius; Source: EEA E-PRTR; quality: low,,,,,,0,not_found,No military features found within 25 km. Source: OSM Overpass [FIX-04 military],10.76,minaret,16,medium,"Nearest transmitter: minaret, 10.8 km. Total within 25 km: 16. Source: OSM Overpass [FIX-04 transmitter]",,,,,2026-04-18 08:07:22.231749+00:00,fix04_20260418_071244,api,merge_phase2_20260421
TR,Kütahya Domaniç power station,2a3aad60-2bff-4206-8275-f6e2029f9278,43.4,THK İnönü Airfield,small_airport,21.7,0,high,Nearest: THK İnönü Airfield (small_airport) at 43.4 km; Nearest large: 77.7 km; Nearest medium: 50.8 km; Within 30 km: 0; Source: OurAirports; quality: high,,,low,No chemical/petrochemical facilities within search radius; Source: EEA E-PRTR; quality: low,,low,No toxic release sources within search radius; Source: EEA E-PRTR; quality: low,,,low,No flammable storage facilities within search radius; Source: EEA E-PRTR; quality: low,,,,,,0,not_found,No military features found within 25 km. Source: OSM Overpass [FIX-04 military],7.76,observation,17,medium,"Nearest transmitter: observation, 7.8 km. Total within 25 km: 17. Source: OSM Overpass [FIX-04 transmitter]",,,,,2026-04-18 08:08:47.813307+00:00,fix04_20260418_071244,api,merge_phase2_20260421
TR,Lüminer Enerji power station,bac4a081-83dc-4aba-8076-b67bfc55f54c,27.37,Keşan Air Base,medium_airport,13.69,1,high,Nearest: Keşan Air Base (medium_airport) at 27.4 km; Nearest medium: 27.4 km; Within 30 km: 1; Source: OurAirports; quality: high,,,low,No chemical/petrochemical facilities within search radius; Source: EEA E-PRTR; quality: low,,low,No toxic release sources within search radius; Source: EEA E-PRTR; quality: low,,,low,No flammable storage facilities within search radius; Source: EEA E-PRTR; quality: low,,,,0.6,,11,high,"Nearest military: unnamed (military), 0.6 km [A5]. Total features within 25 km: 11. Source: OSM Overpass [FIX-04 military]",0.46,communication,0,not_found,No transmitters/masts found within 25 km. Source: OSM Overpass [FIX-04 transmitter],,,,,2026-04-18 05:44:21.366059+00:00,fix04_20260417_182300,api,merge_phase2_20260421
TR,Meda power station,c8e1cc12-080a-4e01-925d-8fd6e4334856,18.74,Tekirdağ Çorlu Airport,medium_airport,9.37,2,high,Nearest: Tekirdağ Çorlu Airport (medium_airport) at 18.7 km; Nearest large: 79.1 km; Nearest medium: 18.7 km; Within 30 km: 2; Source: OurAirports; quality: high,,,low,No chemical/petrochemical facilities within search radius; Source: EEA E-PRTR; quality: low,,low,No toxic release sources within search radius; Source: EEA E-PRTR; quality: low,,,low,No flammable storage facilities within search radius; Source: EEA E-PRTR; quality: low,,,,0.88,UDEM: Ulusal Deniz Emniyeti & Acil Müdahale Merkezi,15,high,"Nearest military: UDEM: Ulusal Deniz Emniyeti & Acil Müdahale Merkezi (military), 0.9 km [A5]. Total features within 25 km: 15. Source: OSM Overpass [FIX-04 military]",0.39,communication,223,medium,"Nearest transmitter: communication, 0.4 km. Total within 25 km: 223. Source: OSM Overpass [FIX-04 transmitter]",,,,,2026-04-18 05:52:53.842669+00:00,fix04_20260417_183150,api,merge_phase2_20260421
TR,Mersin Gülnar power station,1820429d-bd95-4e56-a6db-d9bb57e2ae07,49.37,Bozyazı Forest Depot Helipad,heliport,49.37,0,high,Nearest: Bozyazı Forest Depot Helipad (heliport) at 49.4 km; Nearest medium: 98.9 km; Within 30 km: 0; Source: OurAirports; quality: high,,,low,No chemical/petrochemical facilities within search radius; Source: EEA E-PRTR; quality: low,,low,No toxic release sources within search radius; Source: EEA E-PRTR; quality: low,,,low,No flammable storage facilities within search radius; Source: EEA E-PRTR; quality: low,,,,,,0,not_found,No military features found within 25 km. Source: OSM Overpass [FIX-04 military],0.58,minaret,18,medium,"Nearest transmitter: minaret, 0.6 km. Total within 25 km: 18. Source: OSM Overpass [FIX-04 transmitter]",,,,,2026-04-18 08:09:18.545259+00:00,fix04_20260418_071244,api,merge_phase2_20260421
TR,Mert power station,42d5b3fd-7d07-409b-9154-4441695b7901,11.02,Osmaniye Provincial Hospital Helipad,heliport,11.02,3,high,Nearest: Osmaniye Provincial Hospital Helipad (heliport) at 11.0 km; Nearest large: 82.1 km; Nearest medium: 66.3 km; Within 30 km: 3; Source: OurAirports; quality: high,,,low,No chemical/petrochemical facilities within search radius; Source: EEA E-PRTR; quality: low,,low,No toxic release sources within search radius; Source: EEA E-PRTR; quality: low,,,low,No flammable storage facilities within search radius; Source: EEA E-PRTR; quality: low,,,,2.59,T.C. Erzin Kaymakamlığı İlçe Jandarma Komutanlığı,8,high,"Nearest military: T.C. Erzin Kaymakamlığı İlçe Jandarma Komutanlığı (military), 2.6 km [A5]. Total features within 25 km: 8. Source: OSM Overpass [FIX-04 military]",6.5,minaret,58,medium,"Nearest transmitter: minaret, 6.5 km. Total within 25 km: 58. Source: OSM Overpass [FIX-04 transmitter]",,,,,2026-04-18 08:10:52.920891+00:00,fix04_20260418_071244,api,merge_phase2_20260421
TR,METES power station,166f5fcc-1cc4-4cf5-9e52-59e7ce1557c6,75.01,Bozyazı Forest Depot Helipad,heliport,75.01,0,high,Nearest: Bozyazı Forest Depot Helipad (heliport) at 75.0 km; Within 30 km: 0; Source: OurAirports; quality: high,,,low,No chemical/petrochemical facilities within search radius; Source: EEA E-PRTR; quality: low,,low,No toxic release sources within search radius; Source: EEA E-PRTR; quality: low,,,low,No flammable storage facilities within search radius; Source: EEA E-PRTR; quality: low,,,,8.76,,3,medium,"Nearest military: unnamed (military), 8.8 km [A5]. Total features within 25 km: 3. Source: OSM Overpass [FIX-04 military]",3.85,observation,16,medium,"Nearest transmitter: observation, 3.9 km. Total within 25 km: 16. Source: OSM Overpass [FIX-04 transmitter]",,,,,2026-04-18 08:11:40.240263+00:00,fix04_20260418_071244,api,merge_phase2_20260421
TR,Misis Adana power station,b588126a-42d6-49dc-b227-9283af5a2578,28.48,Kelaynak Aviation Club Airport,small_airport,14.24,1,high,Nearest: Kelaynak Aviation Club Airport (small_airport) at 28.5 km; Nearest large: 53.8 km; Nearest medium: 42.5 km; Within 30 km: 1; Source: OurAirports; quality: high,,,low,No chemical/petrochemical facilities within search radius; Source: EEA E-PRTR; quality: low,,low,No toxic release sources within search radius; Source: EEA E-PRTR; quality: low,,,low,No flammable storage facilities within search radius; Source: EEA E-PRTR; quality: low,,,,19.81,,0,not_found,No military features found within 25 km. Source: OSM Overpass [FIX-04 military],5.07,tower,18,medium,"Nearest transmitter: tower, 5.1 km. Total within 25 km: 18. Source: OSM Overpass [FIX-04 transmitter]",,,,,2026-04-18 05:54:01.463509+00:00,fix04_20260417_182300,api,merge_phase2_20260421
TR,Muğla power station,0049a899-af5f-41cd-86ae-2ba729b6365f,12.04,Bodrum-Imsık Airport,small_airport,6.02,2,high,Nearest: Bodrum-Imsık Airport (small_airport) at 12.0 km; Nearest large: 16.7 km; Nearest medium: 99.1 km; Within 30 km: 2; Source: OurAirports; quality: high,,,low,No chemical/petrochemical facilities within search radius; Source: EEA E-PRTR; quality: low,,low,No toxic release sources within search radius; Source: EEA E-PRTR; quality: low,,,low,No flammable storage facilities within search radius; Source: EEA E-PRTR; quality: low,,,,14.03,,0,not_found,No military features found within 25 km. Source: OSM Overpass [FIX-04 military],7.56,tower,0,not_found,No transmitters/masts found within 25 km. Source: OSM Overpass [FIX-04 transmitter],,,,,2026-04-18 05:57:53.455975+00:00,fix04_20260417_182300,api,merge_phase2_20260421
TR,Namal power station,5ed91c1b-0a1b-4a4c-9b2b-f6bdc8ff9770,9.28,Gelibolu Heliport,heliport,9.28,2,high,Nearest: Gelibolu Heliport (heliport) at 9.3 km; Nearest large: 92.3 km; Nearest medium: 31.6 km; Within 30 km: 2; Source: OurAirports; quality: high,,,low,No chemical/petrochemical facilities within search radius; Source: EEA E-PRTR; quality: low,,low,No toxic release sources within search radius; Source: EEA E-PRTR; quality: low,,,low,No flammable storage facilities within search radius; Source: EEA E-PRTR; quality: low,,,,6.75,Gelibolu Orduevi,47,medium,"Nearest military: Gelibolu Orduevi (military), 6.7 km [A5]. Total features within 25 km: 47. Source: OSM Overpass [FIX-04 military]",1.44,communication,40,medium,"Nearest transmitter: communication, 1.4 km. Total within 25 km: 40. Source: OSM Overpass [FIX-04 transmitter]",,,,,2026-04-18 05:59:16.176504+00:00,fix04_20260417_182300,api,merge_phase2_20260421
TR,Naren Karabiga power station,21ccc44f-3244-4e7f-9654-eae424288200,22.15,Ekinlik Island Heliport,heliport,22.15,2,high,Nearest: Ekinlik Island Heliport (heliport) at 22.1 km; Nearest medium: 63.2 km; Within 30 km: 2; Source: OurAirports; quality: high,,,low,No chemical/petrochemical facilities within search radius; Source: EEA E-PRTR; quality: low,,low,No toxic release sources within search radius; Source: EEA E-PRTR; quality: low,,,low,No flammable storage facilities within search radius; Source: EEA E-PRTR; quality: low,,,,20.93,,0,not_found,No military features found within 25 km. Source: OSM Overpass [FIX-04 military],2.12,communication,46,medium,"Nearest transmitter: communication, 2.1 km. Total within 25 km: 46. Source: OSM Overpass [FIX-04 transmitter]",,,,,2026-04-18 06:01:37.083324+00:00,fix04_20260417_182300,api,merge_phase2_20260421
TR,Orhaneli power station,80b922cb-9e78-49aa-9d28-1dc84b1affef,30.24,Uludağ Hospital Helipad,heliport,16.76,0,high,Nearest: Uludağ Hospital Helipad (heliport) at 30.2 km; Nearest medium: 68.0 km; Within 30 km: 0; Source: OurAirports; quality: high,,,low,No chemical/petrochemical facilities within search radius; Source: EEA E-PRTR; quality: low,,low,No toxic release sources within search radius; Source: EEA E-PRTR; quality: low,,,low,No flammable storage facilities within search radius; Source: EEA E-PRTR; quality: low,,,,10.96,T.C. Orhaneli Kaymakamlığı İlçe Jandarma Komutanlığı,1,medium,"Nearest military: T.C. Orhaneli Kaymakamlığı İlçe Jandarma Komutanlığı (military), 11.0 km [A5]. Total features within 25 km: 1. Source: OSM Overpass [FIX-04 military]",2.46,minaret,19,medium,"Nearest transmitter: minaret, 2.5 km. Total within 25 km: 19. Source: OSM Overpass [FIX-04 transmitter]",,,,,2026-04-18 06:04:47.351960+00:00,fix04_20260417_183150,api,merge_phase2_20260421
TR,Orta Anadolu power station,f2e65fcf-afc4-4443-ac14-f15c8ffe48f3,54.96,Turkey Air Traffic Control Center Helipad,heliport,28.01,0,high,Nearest: Turkey Air Traffic Control Center Helipad (heliport) at 55.0 km; Nearest large: 56.0 km; Nearest medium: 76.3 km; Within 30 km: 0; Source: OurAirports; quality: high,,,low,No chemical/petrochemical facilities within search radius; Source: EEA E-PRTR; quality: low,,low,No toxic release sources within search radius; Source: EEA E-PRTR; quality: low,,,low,No flammable storage facilities within search radius; Source: EEA E-PRTR; quality: low,,,,,,0,not_found,No military features found within 25 km. Source: OSM Overpass [FIX-04 military],2.3,minaret,33,medium,"Nearest transmitter: minaret, 2.3 km. Total within 25 km: 33. Source: OSM Overpass [FIX-04 transmitter]",,,,,2026-04-18 08:11:53.682126+00:00,fix04_20260418_071244,api,merge_phase2_20260421
TR,Petkim power station,86996d34-c6e5-4097-ac28-ad2e5467f783,22.77,Yenifoça 7th Gendarmerie Regiment Command Helipad,heliport,15.43,1,high,Nearest: Yenifoça 7th Gendarmerie Regiment Command Helipad (heliport) at 22.8 km; Nearest large: 58.2 km; Nearest medium: 31.5 km; Within 30 km: 1; Source: OurAirports; quality: high,,,low,No chemical/petrochemical facilities within search radius; Source: EEA E-PRTR; quality: low,,low,No toxic release sources within search radius; Source: EEA E-PRTR; quality: low,,,low,No flammable storage facilities within search radius; Source: EEA E-PRTR; quality: low,,,,0.45,Aliağa Askerlik Şubesi,12,high,"Nearest military: Aliağa Askerlik Şubesi (office), 0.4 km [A5]. Total features within 25 km: 12. Source: OSM Overpass [FIX-04 military]",0.69,minaret,0,not_found,No transmitters/masts found within 25 km. Source: OSM Overpass [FIX-04 transmitter],,,,,2026-04-18 06:07:37.841434+00:00,fix04_20260417_182300,api,merge_phase2_20260421
TR,Polat power station,231565d3-4f56-43ee-a357-1f4451c6fbc3,48.9,Kütahya City Hospital Heliport,heliport,26.77,0,high,Nearest: Kütahya City Hospital Heliport (heliport) at 48.9 km; Nearest large: 94.6 km; Nearest medium: 53.5 km; Within 30 km: 0; Source: OurAirports; quality: high,,,low,No chemical/petrochemical facilities within search radius; Source: EEA E-PRTR; quality: low,,low,No toxic release sources within search radius; Source: EEA E-PRTR; quality: low,,,low,No flammable storage facilities within search radius; Source: EEA E-PRTR; quality: low,,,,,,0,not_found,No military features found within 25 km. Source: OSM Overpass [FIX-04 military],0.4,mast,22,medium,"Nearest transmitter: mast, 0.4 km. Total within 25 km: 22. Source: OSM Overpass [FIX-04 transmitter]",,,,,2026-04-18 08:12:42.180079+00:00,fix04_20260418_071244,api,merge_phase2_20260421
TR,Saltukova power station,2ed9363f-a9fe-46e5-8b92-c50b47a9077a,1.47,Zonguldak Çaycuma Airport,medium_airport,0.74,3,high,"Nearest: Zonguldak Çaycuma Airport (medium_airport) at 1.5 km; Nearest medium: 1.5 km; Within 30 km: 3; Violations: A1, A2; Source: OurAirports; quality: high",,,low,No chemical/petrochemical facilities within search radius; Source: EEA E-PRTR; quality: low,,low,No toxic release sources within search radius; Source: EEA E-PRTR; quality: low,,,low,No flammable storage facilities within search radius; Source: EEA E-PRTR; quality: low,,,,21.94,Bartın Deniz Üssü,0,not_found,No military features found within 25 km. Source: OSM Overpass [FIX-04 military],3.51,communication,52,medium,"Nearest transmitter: communication, 3.5 km. Total within 25 km: 52. Source: OSM Overpass [FIX-04 transmitter]",,,,,2026-04-18 08:13:48.467051+00:00,fix04_20260418_071244,api,merge_phase2_20260421
TR,Sanko Gölbaşı power station,c13aeeb7-05e5-4f00-9b4b-654e73e5150d,66.68,Adıyaman Airport,medium_airport,33.34,0,high,Nearest: Adıyaman Airport (medium_airport) at 66.7 km; Nearest large: 99.3 km; Nearest medium: 66.7 km; Within 30 km: 0; Source: OurAirports; quality: high,,,low,No chemical/petrochemical facilities within search radius; Source: EEA E-PRTR; quality: low,,low,No toxic release sources within search radius; Source: EEA E-PRTR; quality: low,,,low,No flammable storage facilities within search radius; Source: EEA E-PRTR; quality: low,,,,,,0,not_found,No military features found within 25 km. Source: OSM Overpass [FIX-04 military],3.85,communication,25,medium,"Nearest transmitter: communication, 3.8 km. Total within 25 km: 25. Source: OSM Overpass [FIX-04 transmitter]",,,,,2026-04-18 08:14:21.267107+00:00,fix04_20260418_071244,api,merge_phase2_20260421
TR,Sanko Yumurtalık power station,3e5f4317-6f40-44fb-bfa2-e21dc4d9922d,30.23,Kelaynak Aviation Club Airport,small_airport,15.11,0,high,Nearest: Kelaynak Aviation Club Airport (small_airport) at 30.2 km; Nearest large: 55.8 km; Nearest medium: 43.9 km; Within 30 km: 0; Source: OurAirports; quality: high,,,low,No chemical/petrochemical facilities within search radius; Source: EEA E-PRTR; quality: low,,low,No toxic release sources within search radius; Source: EEA E-PRTR; quality: low,,,low,No flammable storage facilities within search radius; Source: EEA E-PRTR; quality: low,,,,23.39,,0,not_found,No military features found within 25 km. Source: OSM Overpass [FIX-04 military],0.33,tower,27,medium,"Nearest transmitter: tower, 0.3 km. Total within 25 km: 27. Source: OSM Overpass [FIX-04 transmitter]",,,,,2026-04-18 06:16:10.284431+00:00,fix04_20260417_182300,api,merge_phase2_20260421
TR,Saray Tekirdağ power station,db87ce6a-3802-44c5-945f-8a95d3cf111b,15.2,ÇOSB Helipad,heliport,15.2,1,high,Nearest: ÇOSB Helipad (heliport) at 15.2 km; Nearest large: 70.3 km; Nearest medium: 34.1 km; Within 30 km: 1; Source: OurAirports; quality: high,,,low,No chemical/petrochemical facilities within search radius; Source: EEA E-PRTR; quality: low,,low,No toxic release sources within search radius; Source: EEA E-PRTR; quality: low,,,low,No flammable storage facilities within search radius; Source: EEA E-PRTR; quality: low,,,,1.16,Saray İlçe Jandarma Komutanlığı,11,high,"Nearest military: Saray İlçe Jandarma Komutanlığı (military), 1.2 km [A5]. Total features within 25 km: 11. Source: OSM Overpass [FIX-04 military]",0.35,mast,308,medium,"Nearest transmitter: mast, 0.3 km. Total within 25 km: 308. Source: OSM Overpass [FIX-04 transmitter]",,,,,2026-04-18 06:15:36.599874+00:00,fix04_20260417_183150,api,merge_phase2_20260421
TR,Sarp Golvasi power station,d1863136-5ff4-4b4d-a9c0-6219e92d637d,34.79,Kadirli Provincial Hospital Helipad,heliport,23.85,0,high,Nearest: Kadirli Provincial Hospital Helipad (heliport) at 34.8 km; Nearest large: 57.1 km; Nearest medium: 47.7 km; Within 30 km: 0; Source: OurAirports; quality: high,,,low,No chemical/petrochemical facilities within search radius; Source: EEA E-PRTR; quality: low,,low,No toxic release sources within search radius; Source: EEA E-PRTR; quality: low,,,low,No flammable storage facilities within search radius; Source: EEA E-PRTR; quality: low,,,,,,0,not_found,No military features found within 25 km. Source: OSM Overpass [FIX-04 military],0.64,water_tower,0,not_found,No transmitters/masts found within 25 km. Source: OSM Overpass [FIX-04 transmitter],,,,,2026-04-18 08:14:35.644505+00:00,fix04_20260418_071244,api,merge_phase2_20260421
TR,Sedef II TES power station,b5ff798e-e059-4d8b-a903-00a1fefc62ab,28.48,Kelaynak Aviation Club Airport,small_airport,14.24,1,high,Nearest: Kelaynak Aviation Club Airport (small_airport) at 28.5 km; Nearest large: 53.8 km; Nearest medium: 42.5 km; Within 30 km: 1; Source: OurAirports; quality: high,,,low,No chemical/petrochemical facilities within search radius; Source: EEA E-PRTR; quality: low,,low,No toxic release sources within search radius; Source: EEA E-PRTR; quality: low,,,low,No flammable storage facilities within search radius; Source: EEA E-PRTR; quality: low,,,,19.81,,1,medium,"Nearest military: unnamed (military), 19.8 km [A5]. Total features within 25 km: 1. Source: OSM Overpass [FIX-04 military]",5.07,tower,0,not_found,No transmitters/masts found within 25 km. Source: OSM Overpass [FIX-04 transmitter],,,,,2026-04-18 06:19:20.297533+00:00,fix04_20260417_182300,api,merge_phase2_20260421
TR,Selena power station,3a06636d-c742-4b72-b9cd-21a4537c331b,18.79,Osmaniye Provincial Hospital Helipad,heliport,18.79,3,high,Nearest: Osmaniye Provincial Hospital Helipad (heliport) at 18.8 km; Nearest large: 68.5 km; Nearest medium: 56.0 km; Within 30 km: 3; Source: OurAirports; quality: high,,,low,No chemical/petrochemical facilities within search radius; Source: EEA E-PRTR; quality: low,,low,No toxic release sources within search radius; Source: EEA E-PRTR; quality: low,,,low,No flammable storage facilities within search radius; Source: EEA E-PRTR; quality: low,,,,12.57,T.C. Erzin Kaymakamlığı İlçe Jandarma Komutanlığı,3,medium,"Nearest military: T.C. Erzin Kaymakamlığı İlçe Jandarma Komutanlığı (military), 12.6 km [A5]. Total features within 25 km: 3. Source: OSM Overpass [FIX-04 military]",3.04,minaret,0,not_found,No transmitters/masts found within 25 km. Source: OSM Overpass [FIX-04 transmitter],,,,,2026-04-18 06:22:14.796605+00:00,fix04_20260417_182300,api,merge_phase2_20260421
TR,Şevketiye Lapseki power station,0ca4ff78-4113-4ad9-ac04-0fd541d42338,10.05,Gelibolu Heliport,heliport,10.05,1,high,Nearest: Gelibolu Heliport (heliport) at 10.0 km; Nearest large: 95.5 km; Nearest medium: 42.2 km; Within 30 km: 1; Source: OurAirports; quality: high,,,low,No chemical/petrochemical facilities within search radius; Source: EEA E-PRTR; quality: low,,low,No toxic release sources within search radius; Source: EEA E-PRTR; quality: low,,,low,No flammable storage facilities within search radius; Source: EEA E-PRTR; quality: low,,,,9.17,2. Kolordu Komutanlığı -Şehit Astsubay Çavuş Özcan Akbal Kışlası,54,medium,"Nearest military: 2. Kolordu Komutanlığı -Şehit Astsubay Çavuş Özcan Akbal Kışlası (military), 9.2 km [A5]. Total features within 25 km: 54. Source: OSM Overpass [FIX-04 military]",1.99,tower,56,medium,"Nearest transmitter: tower, 2.0 km. Total within 25 km: 56. Source: OSM Overpass [FIX-04 transmitter]",,,,,2026-04-18 06:21:51.775306+00:00,fix04_20260417_183150,api,merge_phase2_20260421
TR,Seyitömer power station,94a5c55f-c499-41b1-81da-deaa36686399,17.57,Kütahya City Hospital Heliport,heliport,9.99,2,high,Nearest: Kütahya City Hospital Heliport (heliport) at 17.6 km; Nearest large: 60.7 km; Nearest medium: 20.0 km; Within 30 km: 2; Source: OurAirports; quality: high,,,low,No chemical/petrochemical facilities within search radius; Source: EEA E-PRTR; quality: low,,low,No toxic release sources within search radius; Source: EEA E-PRTR; quality: low,,,low,No flammable storage facilities within search radius; Source: EEA E-PRTR; quality: low,,,,18.13,Radar Mevzi Komutanlığı,5,medium,"Nearest military: Radar Mevzi Komutanlığı (military), 18.1 km [A5]. Total features within 25 km: 5. Source: OSM Overpass [FIX-04 military]",5.37,tower,40,medium,"Nearest transmitter: tower, 5.4 km. Total within 25 km: 40. Source: OSM Overpass [FIX-04 transmitter]",,,,,2026-04-18 06:23:41.340406+00:00,fix04_20260417_182300,api,merge_phase2_20260421
TR,Silopi (Şırnak) power station,e05ff795-8984-4170-9874-5355b70985b1,33.9,Malikiyah,small_airport,16.95,0,high,Nearest: Malikiyah (small_airport) at 33.9 km; Nearest medium: 43.7 km; Within 30 km: 0; Source: OurAirports; quality: high,,,low,No chemical/petrochemical facilities within search radius; Source: EEA E-PRTR; quality: low,,low,No toxic release sources within search radius; Source: EEA E-PRTR; quality: low,,,low,No flammable storage facilities within search radius; Source: EEA E-PRTR; quality: low,,,,2.7,Görümlü Jandarma Karakol Komutanlığı,58,high,"Nearest military: Görümlü Jandarma Karakol Komutanlığı (military), 2.7 km [A5]. Total features within 25 km: 58. Source: OSM Overpass [FIX-04 military]",5.78,mast,0,not_found,No transmitters/masts found within 25 km. Source: OSM Overpass [FIX-04 transmitter],,,,,2026-04-18 06:25:03.989023+00:00,fix04_20260417_182300,api,merge_phase2_20260421
TR,Sinop Akfen power station,e03c394f-1c08-4101-b1fe-f6662fe4b424,21.26,Sinop Airport,medium_airport,10.63,1,high,Nearest: Sinop Airport (medium_airport) at 21.3 km; Nearest medium: 21.3 km; Within 30 km: 1; Source: OurAirports; quality: high,,,low,No chemical/petrochemical facilities within search radius; Source: EEA E-PRTR; quality: low,,low,No toxic release sources within search radius; Source: EEA E-PRTR; quality: low,,,low,No flammable storage facilities within search radius; Source: EEA E-PRTR; quality: low,,,,10.56,,0,not_found,No military features found within 25 km. Source: OSM Overpass [FIX-04 military],10.46,communication,10,medium,"Nearest transmitter: communication, 10.5 km. Total within 25 km: 10. Source: OSM Overpass [FIX-04 transmitter]",,,,,2026-04-18 06:27:35.299113+00:00,fix04_20260417_182300,api,merge_phase2_20260421
TR,Şırnak Galata power station,cf9150af-0325-44d8-bbaf-493e742f2e2b,31.56,Şırnak Şerafettin Elçi Airport,medium_airport,15.78,0,high,Nearest: Şırnak Şerafettin Elçi Airport (medium_airport) at 31.6 km; Nearest medium: 31.6 km; Within 30 km: 0; Source: OurAirports; quality: high,,,low,No chemical/petrochemical facilities within search radius; Source: EEA E-PRTR; quality: low,,low,No toxic release sources within search radius; Source: EEA E-PRTR; quality: low,,,low,No flammable storage facilities within search radius; Source: EEA E-PRTR; quality: low,,,,3.67,,45,high,"Nearest military: unnamed (military), 3.7 km [A5]. Total features within 25 km: 45. Source: OSM Overpass [FIX-04 military]",2.05,water_tower,77,medium,"Nearest transmitter: water_tower, 2.1 km. Total within 25 km: 77. Source: OSM Overpass [FIX-04 transmitter]",,,,,2026-04-18 06:26:07.843128+00:00,fix04_20260417_183150,api,merge_phase2_20260421
TR,Şırnak Silopi (CİNER) power station,98019711-a8c3-424a-870e-00d4fea75ed1,34.94,Malikiyah,small_airport,17.47,0,high,Nearest: Malikiyah (small_airport) at 34.9 km; Nearest medium: 47.8 km; Within 30 km: 0; Source: OurAirports; quality: high,,,low,No chemical/petrochemical facilities within search radius; Source: EEA E-PRTR; quality: low,,low,No toxic release sources within search radius; Source: EEA E-PRTR; quality: low,,,low,No flammable storage facilities within search radius; Source: EEA E-PRTR; quality: low,,,,3.54,Görümlü Jandarma Karakol Komutanlığı,56,high,"Nearest military: Görümlü Jandarma Karakol Komutanlığı (military), 3.5 km [A5]. Total features within 25 km: 56. Source: OSM Overpass [FIX-04 military]",0.24,mast,88,medium,"Nearest transmitter: mast, 0.2 km. Total within 25 km: 88. Source: OSM Overpass [FIX-04 transmitter]",,,,,2026-04-18 06:27:06.711089+00:00,fix04_20260417_183150,api,merge_phase2_20260421
TR,Soma Kolin power station,9a6447f2-2887-4cce-a115-dc773d7f6eb1,35.14,Karaköy Helipad,heliport,18.47,0,high,Nearest: Karaköy Helipad (heliport) at 35.1 km; Nearest large: 68.7 km; Nearest medium: 36.9 km; Within 30 km: 0; Source: OurAirports; quality: high,,,low,No chemical/petrochemical facilities within search radius; Source: EEA E-PRTR; quality: low,,low,No toxic release sources within search radius; Source: EEA E-PRTR; quality: low,,,low,No flammable storage facilities within search radius; Source: EEA E-PRTR; quality: low,,,,22.79,6. Jandarma Komando Er Eğitim Alay Komutanlığı,0,not_found,No military features found within 25 km. Source: OSM Overpass [FIX-04 military],6.51,communication,30,medium,"Nearest transmitter: communication, 6.5 km. Total within 25 km: 30. Source: OSM Overpass [FIX-04 transmitter]",,,,,2026-04-18 06:30:03.184921+00:00,fix04_20260417_182300,api,merge_phase2_20260421
TR,Soma power station,4ca3c560-6d90-4bcf-b131-4e39b6b4f0de,30.53,Karaköy Helipad,heliport,15.34,0,high,Nearest: Karaköy Helipad (heliport) at 30.5 km; Nearest large: 66.9 km; Nearest medium: 46.2 km; Within 30 km: 0; Source: OurAirports; quality: high,,,low,No chemical/petrochemical facilities within search radius; Source: EEA E-PRTR; quality: low,,low,No toxic release sources within search radius; Source: EEA E-PRTR; quality: low,,,low,No flammable storage facilities within search radius; Source: EEA E-PRTR; quality: low,,,,8.42,6. Jandarma Komando Er Eğitim Alay Komutanlığı,1,medium,"Nearest military: 6. Jandarma Komando Er Eğitim Alay Komutanlığı (military), 8.4 km [A5]. Total features within 25 km: 1. Source: OSM Overpass [FIX-04 military]",2.29,communication,26,medium,"Nearest transmitter: communication, 2.3 km. Total within 25 km: 26. Source: OSM Overpass [FIX-04 transmitter]",,,,,2026-04-18 06:28:44.879177+00:00,fix04_20260417_183150,api,merge_phase2_20260421
TR,Star Refinery Socar power station,021d1717-149a-4a32-af7b-5955ff593e45,20.51,Yenifoça 7th Gendarmerie Regiment Command Helipad,heliport,16.9,1,high,Nearest: Yenifoça 7th Gendarmerie Regiment Command Helipad (heliport) at 20.5 km; Nearest large: 62.2 km; Nearest medium: 34.9 km; Within 30 km: 1; Source: OurAirports; quality: high,,,low,No chemical/petrochemical facilities within search radius; Source: EEA E-PRTR; quality: low,,low,No toxic release sources within search radius; Source: EEA E-PRTR; quality: low,,,low,No flammable storage facilities within search radius; Source: EEA E-PRTR; quality: low,,,,5.18,İzmir Aliağa Atış ve Tatbikî Eğitim Merkezi Komutanlığı,9,medium,"Nearest military: İzmir Aliağa Atış ve Tatbikî Eğitim Merkezi Komutanlığı (military), 5.2 km [A5]. Total features within 25 km: 9. Source: OSM Overpass [FIX-04 military]",4.58,communication,14,medium,"Nearest transmitter: communication, 4.6 km. Total within 25 km: 14. Source: OSM Overpass [FIX-04 transmitter]",,,,,2026-04-18 06:29:42.615195+00:00,fix04_20260417_183150,api,merge_phase2_20260421
TR,Suluova power station,96129c93-83a6-4b1c-929b-bfccba86a796,11.42,Amasya Merzifon Airport,small_airport,5.71,2,high,Nearest: Amasya Merzifon Airport (small_airport) at 11.4 km; Nearest medium: 86.2 km; Within 30 km: 2; Source: OurAirports; quality: high,,,low,No chemical/petrochemical facilities within search radius; Source: EEA E-PRTR; quality: low,,low,No toxic release sources within search radius; Source: EEA E-PRTR; quality: low,,,low,No flammable storage facilities within search radius; Source: EEA E-PRTR; quality: low,,,,7.15,,0,not_found,No military features found within 25 km. Source: OSM Overpass [FIX-04 military],1.24,communication,30,medium,"Nearest transmitter: communication, 1.2 km. Total within 25 km: 30. Source: OSM Overpass [FIX-04 transmitter]",,,,,2026-04-18 06:32:36.298240+00:00,fix04_20260417_182300,api,merge_phase2_20260421
TR,Tekirdağ Malkara power station,0ada7b2a-f928-4c21-b082-4c7345094245,36.03,Gelibolu Heliport,heliport,18.68,0,high,Nearest: Gelibolu Heliport (heliport) at 36.0 km; Nearest medium: 37.4 km; Within 30 km: 0; Source: OurAirports; quality: high,,,low,No chemical/petrochemical facilities within search radius; Source: EEA E-PRTR; quality: low,,low,No toxic release sources within search radius; Source: EEA E-PRTR; quality: low,,,low,No flammable storage facilities within search radius; Source: EEA E-PRTR; quality: low,,,,10.2,,10,medium,"Nearest military: unnamed (military), 10.2 km [A5]. Total features within 25 km: 10. Source: OSM Overpass [FIX-04 military]",1.36,observation,81,medium,"Nearest transmitter: observation, 1.4 km. Total within 25 km: 81. Source: OSM Overpass [FIX-04 transmitter]",,,,,2026-04-18 06:31:59.373804+00:00,fix04_20260417_183150,api,merge_phase2_20260421
TR,Teyo Tufanbeyli power station,43f99d45-6635-4392-a522-4a06445fdaf2,80.95,Kayseri Provincial Health Directorate Helipad,heliport,41.71,0,high,Nearest: Kayseri Provincial Health Directorate Helipad (heliport) at 81.0 km; Nearest large: 88.9 km; Nearest medium: 98.7 km; Within 30 km: 0; Source: OurAirports; quality: high,,,low,No chemical/petrochemical facilities within search radius; Source: EEA E-PRTR; quality: low,,low,No toxic release sources within search radius; Source: EEA E-PRTR; quality: low,,,low,No flammable storage facilities within search radius; Source: EEA E-PRTR; quality: low,,,,,,0,not_found,No military features found within 25 km. Source: OSM Overpass [FIX-04 military],2.16,communication,22,medium,"Nearest transmitter: communication, 2.2 km. Total within 25 km: 22. Source: OSM Overpass [FIX-04 transmitter]",,,,,2026-04-18 08:15:06.314226+00:00,fix04_20260418_071244,api,merge_phase2_20260421
TR,Tosyalı İskenderun power station,44362378-9c74-44af-8a08-be4877f50e97,2.02,İsdemir İskenderun Demir Ve Çelik Anonim Şirketi Helipad,heliport,2.02,4,high,Nearest: İsdemir İskenderun Demir Ve Çelik Anonim Şirketi Helipad (heliport) at 2.0 km; Nearest large: 88.1 km; Nearest medium: 38.1 km; Within 30 km: 4; Source: OurAirports; quality: high,,,low,No chemical/petrochemical facilities within search radius; Source: EEA E-PRTR; quality: low,,low,No toxic release sources within search radius; Source: EEA E-PRTR; quality: low,,,low,No flammable storage facilities within search radius; Source: EEA E-PRTR; quality: low,,,,7.83,Şehit Ahmet Tor Kışlası,7,medium,"Nearest military: Şehit Ahmet Tor Kışlası (military), 7.8 km [A5]. Total features within 25 km: 7. Source: OSM Overpass [FIX-04 military]",2.95,mast,37,medium,"Nearest transmitter: mast, 2.9 km. Total within 25 km: 37. Source: OSM Overpass [FIX-04 transmitter]",,,,,2026-04-18 06:35:45.135480+00:00,fix04_20260417_182300,api,merge_phase2_20260421
TR,Trakya Emba power station,9eb693f6-6994-4937-bc4d-e8213baa5d47,44.45,Primorsko Airfield,small_airport,22.22,0,high,Nearest: Primorsko Airfield (small_airport) at 44.4 km; Nearest large: 81.6 km; Nearest medium: 90.6 km; Within 30 km: 0; Source: OurAirports; quality: high,,,low,No chemical/petrochemical facilities within search radius; Source: EEA E-PRTR; quality: low,,low,No toxic release sources within search radius; Source: EEA E-PRTR; quality: low,,,low,No flammable storage facilities within search radius; Source: EEA E-PRTR; quality: low,,,,2.34,İğneada Fırlatma Rampası Çevresi Yasak Bölgesi,0,not_found,No military features found within 25 km. Source: OSM Overpass [FIX-04 military],2.29,communication,23,medium,"Nearest transmitter: communication, 2.3 km. Total within 25 km: 23. Source: OSM Overpass [FIX-04 transmitter]",,,,,2026-04-18 06:41:04.977591+00:00,fix04_20260417_182300,api,merge_phase2_20260421
TR,Tufanbeyli power station,6c9571c4-5d3b-4f88-a7be-fa8c21425eeb,85.63,Kayseri Provincial Health Directorate Helipad,heliport,44.02,0,high,Nearest: Kayseri Provincial Health Directorate Helipad (heliport) at 85.6 km; Nearest large: 93.7 km; Nearest medium: 93.7 km; Within 30 km: 0; Source: OurAirports; quality: high,,,low,No chemical/petrochemical facilities within search radius; Source: EEA E-PRTR; quality: low,,low,No toxic release sources within search radius; Source: EEA E-PRTR; quality: low,,,low,No flammable storage facilities within search radius; Source: EEA E-PRTR; quality: low,,,,,,0,not_found,No military features found within 25 km. Source: OSM Overpass [FIX-04 military],5.62,communication,18,medium,"Nearest transmitter: communication, 5.6 km. Total within 25 km: 18. Source: OSM Overpass [FIX-04 transmitter]",,,,,2026-04-18 08:15:44.156178+00:00,fix04_20260418_071244,api,merge_phase2_20260421
TR,Tunçbilek power station,2ec95392-978d-4a43-85b9-af3282c212ba,47.32,Kütahya City Hospital Heliport,heliport,25.95,0,high,Nearest: Kütahya City Hospital Heliport (heliport) at 47.3 km; Nearest large: 92.6 km; Nearest medium: 51.9 km; Within 30 km: 0; Source: OurAirports; quality: high,,,low,No chemical/petrochemical facilities within search radius; Source: EEA E-PRTR; quality: low,,low,No toxic release sources within search radius; Source: EEA E-PRTR; quality: low,,,low,No flammable storage facilities within search radius; Source: EEA E-PRTR; quality: low,,,,,,0,not_found,No military features found within 25 km. Source: OSM Overpass [FIX-04 military],1.34,communication,21,medium,"Nearest transmitter: communication, 1.3 km. Total within 25 km: 21. Source: OSM Overpass [FIX-04 transmitter]",,,,,2026-04-18 08:16:22.162098+00:00,fix04_20260418_071244,api,merge_phase2_20260421
TR,Uluköy power station,ddc8bb9c-bf77-4075-b38c-600fb072acf8,38.12,Isparta/Kilic Airport,small_airport,19.06,0,high,Nearest: Isparta/Kilic Airport (small_airport) at 38.1 km; Nearest medium: 39.3 km; Within 30 km: 0; Source: OurAirports; quality: high,,,low,No chemical/petrochemical facilities within search radius; Source: EEA E-PRTR; quality: low,,low,No toxic release sources within search radius; Source: EEA E-PRTR; quality: low,,,low,No flammable storage facilities within search radius; Source: EEA E-PRTR; quality: low,,,,,,0,not_found,No military features found within 25 km. Source: OSM Overpass [FIX-04 military],9.74,communication,5,medium,"Nearest transmitter: communication, 9.7 km. Total within 25 km: 5. Source: OSM Overpass [FIX-04 transmitter]",,,,,2026-04-18 08:16:42.357111+00:00,fix04_20260418_071244,api,merge_phase2_20260421
TR,Umut power station,d3f986d9-a023-4d43-a0fb-03361f310873,51.04,Samsun-Çarşamba Airport,medium_airport,25.52,0,high,Nearest: Samsun-Çarşamba Airport (medium_airport) at 51.0 km; Nearest medium: 51.0 km; Within 30 km: 0; Source: OurAirports; quality: high,,,low,No chemical/petrochemical facilities within search radius; Source: EEA E-PRTR; quality: low,,low,No toxic release sources within search radius; Source: EEA E-PRTR; quality: low,,,low,No flammable storage facilities within search radius; Source: EEA E-PRTR; quality: low,,,,9.51,İkizce İlçe Jandarma Komutanlığı,4,medium,"Nearest military: İkizce İlçe Jandarma Komutanlığı (military), 9.5 km [A5]. Total features within 25 km: 4. Source: OSM Overpass [FIX-04 military]",1.14,mast,0,not_found,No transmitters/masts found within 25 km. Source: OSM Overpass [FIX-04 transmitter],,,,,2026-04-18 06:49:31.067054+00:00,fix04_20260417_182300,api,merge_phase2_20260421
TR,Vize power station,381221dd-76da-4adf-9b19-5da9f0779c22,25.96,Pınarhisar Gendarmerie Heliport,heliport,24.59,1,high,Nearest: Pınarhisar Gendarmerie Heliport (heliport) at 26.0 km; Nearest large: 83.6 km; Nearest medium: 49.2 km; Within 30 km: 1; Source: OurAirports; quality: high,,,low,No chemical/petrochemical facilities within search radius; Source: EEA E-PRTR; quality: low,,low,No toxic release sources within search radius; Source: EEA E-PRTR; quality: low,,,low,No flammable storage facilities within search radius; Source: EEA E-PRTR; quality: low,,,,3.71,,5,high,"Nearest military: unnamed (military), 3.7 km [A5]. Total features within 25 km: 5. Source: OSM Overpass [FIX-04 military]",1.64,observation,102,medium,"Nearest transmitter: observation, 1.6 km. Total within 25 km: 102. Source: OSM Overpass [FIX-04 transmitter]",,,,,2026-04-18 06:49:28.803332+00:00,fix04_20260417_183150,api,merge_phase2_20260421
TR,Yatağan power station,fd4f7f8c-0d23-450d-9ea0-1b8e52e9a8af,29.81,Muğla Education and Research Hospital Heliport,heliport,19.91,1,high,Nearest: Muğla Education and Research Hospital Heliport (heliport) at 29.8 km; Nearest large: 39.8 km; Within 30 km: 1; Source: OurAirports; quality: high,,,low,No chemical/petrochemical facilities within search radius; Source: EEA E-PRTR; quality: low,,low,No toxic release sources within search radius; Source: EEA E-PRTR; quality: low,,,low,No flammable storage facilities within search radius; Source: EEA E-PRTR; quality: low,,,,,,0,not_found,No military features found within 25 km. Source: OSM Overpass [FIX-04 military],4.51,communication,0,not_found,No transmitters/masts found within 25 km. Source: OSM Overpass [FIX-04 transmitter],,,,,2026-04-18 08:16:56.029595+00:00,fix04_20260418_071244,api,merge_phase2_20260421
TR,Yenidere power station,52028d4f-7796-4463-832e-cff2e439c96a,42.4,Muğla Education and Research Hospital Heliport,heliport,39.94,0,high,Nearest: Muğla Education and Research Hospital Heliport (heliport) at 42.4 km; Nearest large: 83.5 km; Nearest medium: 97.4 km; Within 30 km: 0; Source: OurAirports; quality: high,,,low,No chemical/petrochemical facilities within search radius; Source: EEA E-PRTR; quality: low,,low,No toxic release sources within search radius; Source: EEA E-PRTR; quality: low,,,low,No flammable storage facilities within search radius; Source: EEA E-PRTR; quality: low,,,,15.14,,1,medium,"Nearest military: unnamed (military), 15.1 km [A5]. Total features within 25 km: 1. Source: OSM Overpass [FIX-04 military]",5.27,water_tower,12,medium,"Nearest transmitter: water_tower, 5.3 km. Total within 25 km: 12. Source: OSM Overpass [FIX-04 transmitter]",,,,,2026-04-18 06:51:29.462404+00:00,fix04_20260417_183150,api,merge_phase2_20260421
TR,Yeniköy power station,737b6d06-1d0c-4ae6-9683-ab3fea192b32,17.89,Bodrum-Imsık Airport,small_airport,8.95,2,high,Nearest: Bodrum-Imsık Airport (small_airport) at 17.9 km; Nearest large: 22.0 km; Within 30 km: 2; Source: OurAirports; quality: high,,,low,No chemical/petrochemical facilities within search radius; Source: EEA E-PRTR; quality: low,,low,No toxic release sources within search radius; Source: EEA E-PRTR; quality: low,,,low,No flammable storage facilities within search radius; Source: EEA E-PRTR; quality: low,,,,19.51,,5,medium,"Nearest military: unnamed (checkpoint), 19.5 km [A5]. Total features within 25 km: 5. Source: OSM Overpass [FIX-04 military]",1.68,tower,20,medium,"Nearest transmitter: tower, 1.7 km. Total within 25 km: 20. Source: OSM Overpass [FIX-04 transmitter]",,,,,2026-04-18 06:52:25.993853+00:00,fix04_20260417_183150,api,merge_phase2_20260421
TR,Yeniyurt power station,e8b6e342-2011-4343-b415-a8bf08501499,18.59,Osmaniye Provincial Hospital Helipad,heliport,18.59,3,high,Nearest: Osmaniye Provincial Hospital Helipad (heliport) at 18.6 km; Nearest large: 78.1 km; Nearest medium: 59.6 km; Within 30 km: 3; Source: OurAirports; quality: high,,,low,No chemical/petrochemical facilities within search radius; Source: EEA E-PRTR; quality: low,,low,No toxic release sources within search radius; Source: EEA E-PRTR; quality: low,,,low,No flammable storage facilities within search radius; Source: EEA E-PRTR; quality: low,,,,9.11,T.C. Erzin Kaymakamlığı İlçe Jandarma Komutanlığı,7,medium,"Nearest military: T.C. Erzin Kaymakamlığı İlçe Jandarma Komutanlığı (military), 9.1 km [A5]. Total features within 25 km: 7. Source: OSM Overpass [FIX-04 military]",1.83,mast,45,medium,"Nearest transmitter: mast, 1.8 km. Total within 25 km: 45. Source: OSM Overpass [FIX-04 transmitter]",,,,,2026-04-18 06:52:43.034946+00:00,fix04_20260417_183150,api,merge_phase2_20260421
TR,Yeşilovacık power station,d6cb5642-d5ec-4a15-bc6b-8be4cb0a382e,66.56,Bozyazı Forest Depot Helipad,heliport,66.56,0,high,Nearest: Bozyazı Forest Depot Helipad (heliport) at 66.6 km; Within 30 km: 0; Source: OurAirports; quality: high,,,low,No chemical/petrochemical facilities within search radius; Source: EEA E-PRTR; quality: low,,low,No toxic release sources within search radius; Source: EEA E-PRTR; quality: low,,,low,No flammable storage facilities within search radius; Source: EEA E-PRTR; quality: low,,,,17.65,,0,not_found,No military features found within 25 km. Source: OSM Overpass [FIX-04 military],5.41,observation,10,medium,"Nearest transmitter: observation, 5.4 km. Total within 25 km: 10. Source: OSM Overpass [FIX-04 transmitter]",,,,,2026-04-18 06:54:31.510523+00:00,fix04_20260417_182300,api,merge_phase2_20260421
TR,Yıldırım Elazığ power station,225656d9-8709-4c2f-9992-1e4f20a6fce8,43.03,Elazığ Airport,medium_airport,21.51,0,high,Nearest: Elazığ Airport (medium_airport) at 43.0 km; Nearest medium: 43.0 km; Within 30 km: 0; Source: OurAirports; quality: high,,,low,No chemical/petrochemical facilities within search radius; Source: EEA E-PRTR; quality: low,,low,No toxic release sources within search radius; Source: EEA E-PRTR; quality: low,,,low,No flammable storage facilities within search radius; Source: EEA E-PRTR; quality: low,,,,12.11,Kayaönü Jandarma Karakol Komutanlığı,6,medium,"Nearest military: Kayaönü Jandarma Karakol Komutanlığı (military), 12.1 km [A5]. Total features within 25 km: 6. Source: OSM Overpass [FIX-04 military]",0.96,communication,33,medium,"Nearest transmitter: communication, 1.0 km. Total within 25 km: 33. Source: OSM Overpass [FIX-04 transmitter]",,,,,2026-04-18 06:54:14.479356+00:00,fix04_20260417_183150,api,merge_phase2_20260421
TR,Yüksek Gölovası power station,57c0c830-725f-46ee-9322-0a4a3ad9efda,34.79,Kadirli Provincial Hospital Helipad,heliport,23.85,0,high,Nearest: Kadirli Provincial Hospital Helipad (heliport) at 34.8 km; Nearest large: 57.1 km; Nearest medium: 47.7 km; Within 30 km: 0; Source: OurAirports; quality: high,,,low,No chemical/petrochemical facilities within search radius; Source: EEA E-PRTR; quality: low,,low,No toxic release sources within search radius; Source: EEA E-PRTR; quality: low,,,low,No flammable storage facilities within search radius; Source: EEA E-PRTR; quality: low,,,,,,0,not_found,No military features found within 25 km. Source: OSM Overpass [FIX-04 military],0.64,water_tower,28,medium,"Nearest transmitter: water_tower, 0.6 km. Total within 25 km: 28. Source: OSM Overpass [FIX-04 transmitter]",,,,,2026-04-18 08:17:10.885263+00:00,fix04_20260418_071244,api,merge_phase2_20260421
TR,Yumurtalık IC İçtaş power station,91f28dbb-16bd-449b-a20a-dc2b70cf2e66,27.61,Kelaynak Aviation Club Airport,small_airport,13.8,1,high,Nearest: Kelaynak Aviation Club Airport (small_airport) at 27.6 km; Nearest large: 51.1 km; Nearest medium: 41.4 km; Within 30 km: 1; Source: OurAirports; quality: high,,,low,No chemical/petrochemical facilities within search radius; Source: EEA E-PRTR; quality: low,,low,No toxic release sources within search radius; Source: EEA E-PRTR; quality: low,,,low,No flammable storage facilities within search radius; Source: EEA E-PRTR; quality: low,,,,14.96,,1,medium,"Nearest military: unnamed (military), 15.0 km [A5]. Total features within 25 km: 1. Source: OSM Overpass [FIX-04 military]",1.46,communication,0,not_found,No transmitters/masts found within 25 km. Source: OSM Overpass [FIX-04 transmitter],,,,,2026-04-18 06:59:31.120816+00:00,fix04_20260417_182300,api,merge_phase2_20260421
TR,Yunus Emre power station,48149515-0774-404d-b273-790b660a8d90,59.04,Çukurhisar Airport,medium_airport,29.52,0,high,Nearest: Çukurhisar Airport (medium_airport) at 59.0 km; Nearest large: 97.2 km; Nearest medium: 59.0 km; Within 30 km: 0; Source: OurAirports; quality: high,,,low,No chemical/petrochemical facilities within search radius; Source: EEA E-PRTR; quality: low,,low,No toxic release sources within search radius; Source: EEA E-PRTR; quality: low,,,low,No flammable storage facilities within search radius; Source: EEA E-PRTR; quality: low,,,,18.84,,1,medium,"Nearest military: unnamed (military), 18.8 km [A5]. Total features within 25 km: 1. Source: OSM Overpass [FIX-04 military]",1.91,communication,8,medium,"Nearest transmitter: communication, 1.9 km. Total within 25 km: 8. Source: OSM Overpass [FIX-04 transmitter]",,,,,2026-04-18 08:17:26.276469+00:00,fix04_20260418_071244,api,merge_phase2_20260421
TR,Zafer power station,772e2484-419b-47de-9739-924ac371ad10,24.25,Bartin Naval Base Heliport,heliport,18.4,1,high,Nearest: Bartin Naval Base Heliport (heliport) at 24.2 km; Nearest medium: 36.8 km; Within 30 km: 1; Source: OurAirports; quality: high,,,low,No chemical/petrochemical facilities within search radius; Source: EEA E-PRTR; quality: low,,low,No toxic release sources within search radius; Source: EEA E-PRTR; quality: low,,,low,No flammable storage facilities within search radius; Source: EEA E-PRTR; quality: low,,,,14.77,Jandarma Sosyal Tesisleri,10,medium,"Nearest military: Jandarma Sosyal Tesisleri (military), 14.8 km [A5]. Total features within 25 km: 10. Source: OSM Overpass [FIX-04 military]",2.78,communication,46,medium,"Nearest transmitter: communication, 2.8 km. Total within 25 km: 46. Source: OSM Overpass [FIX-04 transmitter]",,,,,2026-04-18 06:59:27.833935+00:00,fix04_20260417_183150,api,merge_phase2_20260421
TR,ZETES power stations,1f305180-6bbf-4758-9a98-78bc9e96e195,1.37,Çatalağzı Thermal Power Plant Heliport,heliport,1.37,2,high,Nearest: Çatalağzı Thermal Power Plant Heliport (heliport) at 1.4 km; Nearest medium: 16.1 km; Within 30 km: 2; Violations: A1; Source: OurAirports; quality: high,,,low,No chemical/petrochemical facilities within search radius; Source: EEA E-PRTR; quality: low,,low,No toxic release sources within search radius; Source: EEA E-PRTR; quality: low,,,low,No flammable storage facilities within search radius; Source: EEA E-PRTR; quality: low,,,,,,0,not_found,No military features found within 25 km. Source: OSM Overpass [FIX-04 military],1.45,minaret,31,medium,"Nearest transmitter: minaret, 1.4 km. Total within 25 km: 31. Source: OSM Overpass [FIX-04 transmitter]",,,,,2026-04-18 08:17:41.255850+00:00,fix04_20260418_071244,api,merge_phase2_20260421
TR,Zonguldak Modern power station,fa6b7ac3-c1bf-478f-8d0a-1f357ea480cf,3.49,Çatalağzı Thermal Power Plant Heliport,heliport,3.49,2,high,Nearest: Çatalağzı Thermal Power Plant Heliport (heliport) at 3.5 km; Nearest medium: 18.4 km; Within 30 km: 2; Source: OurAirports; quality: high,,,low,No chemical/petrochemical facilities within search radius; Source: EEA E-PRTR; quality: low,,low,No toxic release sources within search radius; Source: EEA E-PRTR; quality: low,,,low,No flammable storage facilities within search radius; Source: EEA E-PRTR; quality: low,,,,,,0,not_found,No military features found within 25 km. Source: OSM Overpass [FIX-04 military],3.1,minaret,0,not_found,No transmitters/masts found within 25 km. Source: OSM Overpass [FIX-04 transmitter],,,,,2026-04-18 08:18:28.807375+00:00,fix04_20260418_071244,api,merge_phase2_20260421
TR,Zorlu Akçakoca power station,7cc9cffa-e4e4-4546-902d-c8f4800dbdb2,27.13,Düzce Atatürk State Hospital Helliport,heliport,27.13,1,high,Nearest: Düzce Atatürk State Hospital Helliport (heliport) at 27.1 km; Nearest medium: 93.4 km; Within 30 km: 1; Source: OurAirports; quality: high,,,low,No chemical/petrochemical facilities within search radius; Source: EEA E-PRTR; quality: low,,low,No toxic release sources within search radius; Source: EEA E-PRTR; quality: low,,,low,No flammable storage facilities within search radius; Source: EEA E-PRTR; quality: low,,,,,,0,not_found,No military features found within 25 km. Source: OSM Overpass [FIX-04 military],1.69,minaret,23,medium,"Nearest transmitter: minaret, 1.7 km. Total within 25 km: 23. Source: OSM Overpass [FIX-04 transmitter]",,,,,2026-04-18 08:18:54.992238+00:00,fix04_20260418_071244,api,merge_phase2_20260421
TR,Zorlu Soma power station,61b7e396-5c25-4591-9da1-eb54475f1805,31.47,Akhisar Military Airport,small_airport,15.74,0,high,Nearest: Akhisar Military Airport (small_airport) at 31.5 km; Nearest large: 65.6 km; Nearest medium: 46.3 km; Within 30 km: 0; Source: OurAirports; quality: high,,,low,No chemical/petrochemical facilities within search radius; Source: EEA E-PRTR; quality: low,,low,No toxic release sources within search radius; Source: EEA E-PRTR; quality: low,,,low,No flammable storage facilities within search radius; Source: EEA E-PRTR; quality: low,,,,8.62,6. Jandarma Komando Er Eğitim Alay Komutanlığı,2,medium,"Nearest military: 6. Jandarma Komando Er Eğitim Alay Komutanlığı (military), 8.6 km [A5]. Total features within 25 km: 2. Source: OSM Overpass [FIX-04 military]",3.69,communication,20,medium,"Nearest transmitter: communication, 3.7 km. Total within 25 km: 20. Source: OSM Overpass [FIX-04 transmitter]",,,,,2026-04-18 08:21:06.151866+00:00,fix04_20260418_071244,api,merge_phase2_20260421
UA,Burshtyn power station,c47eb6a3-49c1-4879-95b6-9bcd53b7af04,17.07,Luchyntsi Airstrip,small_airport,8.53,1,high,Nearest: Luchyntsi Airstrip (small_airport) at 17.1 km; Nearest large: 84.3 km; Nearest medium: 36.3 km; Within 30 km: 1; Source: OurAirports; quality: high,,,not_applicable,No chemical/petrochemical facilities within search radius; Source: EEA E-PRTR; quality: insufficient,,not_applicable,No toxic release sources within search radius; Source: EEA E-PRTR; quality: insufficient,,,not_applicable,No flammable storage facilities within search radius; Source: EEA E-PRTR; quality: insufficient,,,,,,0,not_found,No military features found within 25 km. Source: OSM Overpass [FIX-04 military],3.02,communication,60,medium,"Nearest transmitter: communication, 3.0 km. Total within 25 km: 60. Source: OSM Overpass [FIX-04 transmitter]",,,,,2026-04-18 08:22:03.598173+00:00,fix04_20260418_071244,api,merge_phase2_20260421
UA,Cherkasy power station,95872473-c476-4ceb-bcf5-54cfdf415e42,5.91,Cherkasy International Airport,medium_airport,2.96,1,high,Nearest: Cherkasy International Airport (medium_airport) at 5.9 km; Nearest medium: 5.9 km; Within 30 km: 1; Violations: A2; Source: OurAirports; quality: high,,,not_applicable,No chemical/petrochemical facilities within search radius; Source: EEA E-PRTR; quality: insufficient,,not_applicable,No toxic release sources within search radius; Source: EEA E-PRTR; quality: insufficient,,,not_applicable,No flammable storage facilities within search radius; Source: EEA E-PRTR; quality: insufficient,,,,13.69,,6,medium,"Nearest military: unnamed (checkpoint), 13.7 km [A5]. Total features within 25 km: 6. Source: OSM Overpass [FIX-04 military]",0.63,communication,199,medium,"Nearest transmitter: communication, 0.6 km. Total within 25 km: 199. Source: OSM Overpass [FIX-04 transmitter]",,,,,2026-04-18 08:24:15.324682+00:00,fix04_20260418_071244,api,merge_phase2_20260421
UA,Chernihiv power station,e4c6a713-99e6-4fdf-afaa-d456779c504c,10.84,Chernihiv Air Base,small_airport,5.42,1,high,Nearest: Chernihiv Air Base (small_airport) at 10.8 km; Nearest medium: 58.9 km; Within 30 km: 1; Source: OurAirports; quality: high,,,not_applicable,No chemical/petrochemical facilities within search radius; Source: EEA E-PRTR; quality: insufficient,,not_applicable,No toxic release sources within search radius; Source: EEA E-PRTR; quality: insufficient,,,not_applicable,No flammable storage facilities within search radius; Source: EEA E-PRTR; quality: insufficient,,,,,,0,not_found,No military features found within 25 km. Source: OSM Overpass [FIX-04 military],2.13,water_tower,30,medium,"Nearest transmitter: water_tower, 2.1 km. Total within 25 km: 30. Source: OSM Overpass [FIX-04 transmitter]",,,,,2026-04-18 08:25:33.939811+00:00,fix04_20260418_071244,api,merge_phase2_20260421
UA,Darnytska power station,038d42e9-769b-4b22-9513-dccff48b42cd,5.42,Hydropark Heliport,heliport,5.42,10,high,Nearest: Hydropark Heliport (heliport) at 5.4 km; Nearest medium: 14.5 km; Within 30 km: 10; Source: OurAirports; quality: high,,,not_applicable,No chemical/petrochemical facilities within search radius; Source: EEA E-PRTR; quality: insufficient,,not_applicable,No toxic release sources within search radius; Source: EEA E-PRTR; quality: insufficient,,,not_applicable,No flammable storage facilities within search radius; Source: EEA E-PRTR; quality: insufficient,,,,3.98,,124,high,"Nearest military: unnamed (bunker), 4.0 km [A6]. Total features within 25 km: 124. Source: OSM Overpass [FIX-04 military]",0.19,mast,323,medium,"Nearest transmitter: mast, 0.2 km. Total within 25 km: 323. Source: OSM Overpass [FIX-04 transmitter]",,,,,2026-04-18 08:26:57.352390+00:00,fix04_20260418_071244,api,merge_phase2_20260421
UA,Dobrotvir power station,5ed0a674-a292-44bc-997f-5c1990da1235,29.67,Zhalizhnia,small_airport,14.84,1,high,Nearest: Zhalizhnia (small_airport) at 29.7 km; Nearest large: 53.8 km; Within 30 km: 1; Source: OurAirports; quality: high,,,not_applicable,No chemical/petrochemical facilities within search radius; Source: EEA E-PRTR; quality: insufficient,,not_applicable,No toxic release sources within search radius; Source: EEA E-PRTR; quality: insufficient,,,not_applicable,No flammable storage facilities within search radius; Source: EEA E-PRTR; quality: insufficient,,,,12.79,,2,medium,"Nearest military: unnamed (military), 12.8 km [A5]. Total features within 25 km: 2. Source: OSM Overpass [FIX-04 military]",0.24,communication,89,medium,"Nearest transmitter: communication, 0.2 km. Total within 25 km: 89. Source: OSM Overpass [FIX-04 transmitter]",,,,,2026-04-18 08:27:59.914423+00:00,fix04_20260418_071244,api,merge_phase2_20260421
UA,Kalush power station,fb7d4d9a-3f27-4b50-9941-6a8fccd25e9a,33.38,Pidhirya Airfield,small_airport,16.69,0,high,Nearest: Pidhirya Airfield (small_airport) at 33.4 km; Nearest large: 86.6 km; Nearest medium: 33.9 km; Within 30 km: 0; Source: OurAirports; quality: high,,,not_applicable,No chemical/petrochemical facilities within search radius; Source: EEA E-PRTR; quality: insufficient,,not_applicable,No toxic release sources within search radius; Source: EEA E-PRTR; quality: insufficient,,,not_applicable,No flammable storage facilities within search radius; Source: EEA E-PRTR; quality: insufficient,,,,4.23,,3,high,"Nearest military: unnamed (military), 4.2 km [A5]. Total features within 25 km: 3. Source: OSM Overpass [FIX-04 military]",1.38,communication,79,medium,"Nearest transmitter: communication, 1.4 km. Total within 25 km: 79. Source: OSM Overpass [FIX-04 transmitter]",,,,,2026-04-18 08:29:09.837722+00:00,fix04_20260418_071244,api,merge_phase2_20260421
UA,Kramatorskaya power station,d3b9e403-7744-44c5-b5c3-999c4c1911d8,6.26,Kramatorsk Airport,small_airport,3.13,1,high,Nearest: Kramatorsk Airport (small_airport) at 6.3 km; Within 30 km: 1; Source: OurAirports; quality: high,,,not_applicable,No chemical/petrochemical facilities within search radius; Source: EEA E-PRTR; quality: insufficient,,not_applicable,No toxic release sources within search radius; Source: EEA E-PRTR; quality: insufficient,,,not_applicable,No flammable storage facilities within search radius; Source: EEA E-PRTR; quality: insufficient,,,,3.38,,4,high,"Nearest military: unnamed (bunker), 3.4 km [A6]. Total features within 25 km: 4. Source: OSM Overpass [FIX-04 military]",1.95,communication,29,medium,"Nearest transmitter: communication, 2.0 km. Total within 25 km: 29. Source: OSM Overpass [FIX-04 transmitter]",,,,,2026-04-18 08:30:04.070308+00:00,fix04_20260418_071244,api,merge_phase2_20260421
UA,Kryvorizka power station,83fede8b-5f92-429d-920d-9a8928a74780,14.55,Apostolove Airfield,small_airport,7.28,1,high,Nearest: Apostolove Airfield (small_airport) at 14.6 km; Nearest medium: 39.4 km; Within 30 km: 1; Source: OurAirports; quality: high,,,not_applicable,No chemical/petrochemical facilities within search radius; Source: EEA E-PRTR; quality: insufficient,,not_applicable,No toxic release sources within search radius; Source: EEA E-PRTR; quality: insufficient,,,not_applicable,No flammable storage facilities within search radius; Source: EEA E-PRTR; quality: insufficient,,,,,,0,not_found,No military features found within 25 km. Source: OSM Overpass [FIX-04 military],0.55,tower,35,medium,"Nearest transmitter: tower, 0.6 km. Total within 25 km: 35. Source: OSM Overpass [FIX-04 transmitter]",,,,,2026-04-18 08:31:14.641394+00:00,fix04_20260418_071244,api,merge_phase2_20260421
UA,Kurakhov power station,46b96bc3-b190-4045-9c86-eb674e2ea35e,39.52,Volnovakha Forest Park Heliport,heliport,20.24,0,high,Nearest: Volnovakha Forest Park Heliport (heliport) at 39.5 km; Within 30 km: 0; Source: OurAirports; quality: high,,,not_applicable,No chemical/petrochemical facilities within search radius; Source: EEA E-PRTR; quality: insufficient,,not_applicable,No toxic release sources within search radius; Source: EEA E-PRTR; quality: insufficient,,,not_applicable,No flammable storage facilities within search radius; Source: EEA E-PRTR; quality: insufficient,,,,23.9,,1,medium,"Nearest military: unnamed (bunker), 23.9 km [A6]. Total features within 25 km: 1. Source: OSM Overpass [FIX-04 military]",0.35,mast,36,medium,"Nearest transmitter: mast, 0.3 km. Total within 25 km: 36. Source: OSM Overpass [FIX-04 transmitter]",,,,,2026-04-18 08:32:27.709156+00:00,fix04_20260418_071244,api,merge_phase2_20260421
UA,Ladyzhyn power station,cec871bd-c7f6-4444-b0da-9b3a9ecc6963,15.81,Haisyn Airfield,small_airport,7.91,1,high,Nearest: Haisyn Airfield (small_airport) at 15.8 km; Nearest medium: 74.2 km; Within 30 km: 1; Source: OurAirports; quality: high,,,not_applicable,No chemical/petrochemical facilities within search radius; Source: EEA E-PRTR; quality: insufficient,,not_applicable,No toxic release sources within search radius; Source: EEA E-PRTR; quality: insufficient,,,not_applicable,No flammable storage facilities within search radius; Source: EEA E-PRTR; quality: insufficient,,,,10.59,,2,medium,"Nearest military: unnamed (range), 10.6 km [A5]. Total features within 25 km: 2. Source: OSM Overpass [FIX-04 military]",0.67,mast,140,medium,"Nearest transmitter: mast, 0.7 km. Total within 25 km: 140. Source: OSM Overpass [FIX-04 transmitter]",,,,,2026-04-18 08:33:34.365258+00:00,fix04_20260418_071244,api,merge_phase2_20260421
UA,Luganskaya power station,4e45df00-0d28-44d0-9697-3fa33d76fc88,24.77,Dmitrievka Airfield,small_airport,12.38,2,high,Nearest: Dmitrievka Airfield (small_airport) at 24.8 km; Nearest medium: 79.1 km; Within 30 km: 2; Source: OurAirports; quality: high,,,not_applicable,No chemical/petrochemical facilities within search radius; Source: EEA E-PRTR; quality: insufficient,,not_applicable,No toxic release sources within search radius; Source: EEA E-PRTR; quality: insufficient,,,not_applicable,No flammable storage facilities within search radius; Source: EEA E-PRTR; quality: insufficient,,,,17.34,,3,medium,"Nearest military: unnamed (base), 17.3 km [A5]. Total features within 25 km: 3. Source: OSM Overpass [FIX-04 military]",0.29,mast,34,medium,"Nearest transmitter: mast, 0.3 km. Total within 25 km: 34. Source: OSM Overpass [FIX-04 transmitter]",,,,,2026-04-18 08:34:46.520280+00:00,fix04_20260418_071244,api,merge_phase2_20260421
UA,Myronivskyi power station,3bd2a957-ff3b-4bfd-9dba-808279edccb9,33.94,Yenakiyeve Airfield,small_airport,16.97,0,high,Nearest: Yenakiyeve Airfield (small_airport) at 33.9 km; Within 30 km: 0; Source: OurAirports; quality: high,,,not_applicable,No chemical/petrochemical facilities within search radius; Source: EEA E-PRTR; quality: insufficient,,not_applicable,No toxic release sources within search radius; Source: EEA E-PRTR; quality: insufficient,,,not_applicable,No flammable storage facilities within search radius; Source: EEA E-PRTR; quality: insufficient,,,,18.46,,2,medium,"Nearest military: unnamed (military), 18.5 km [A5]. Total features within 25 km: 2. Source: OSM Overpass [FIX-04 military]",0.27,mast,29,medium,"Nearest transmitter: mast, 0.3 km. Total within 25 km: 29. Source: OSM Overpass [FIX-04 transmitter]",,,,,2026-04-18 08:35:50.908137+00:00,fix04_20260418_071244,api,merge_phase2_20260421
UA,Prydniprovska power station,02253fcc-4fc6-42d4-a6a8-42365487302f,5.41,Dnipro International Airport,medium_airport,2.71,3,high,Nearest: Dnipro International Airport (medium_airport) at 5.4 km; Nearest large: 61.7 km; Nearest medium: 5.4 km; Within 30 km: 3; Violations: A2; Source: OurAirports; quality: high,,,not_applicable,No chemical/petrochemical facilities within search radius; Source: EEA E-PRTR; quality: insufficient,,not_applicable,No toxic release sources within search radius; Source: EEA E-PRTR; quality: insufficient,,,not_applicable,No flammable storage facilities within search radius; Source: EEA E-PRTR; quality: insufficient,,,,9.42,,6,medium,"Nearest military: unnamed (military), 9.4 km [A5]. Total features within 25 km: 6. Source: OSM Overpass [FIX-04 military]",0.26,mast,212,medium,"Nearest transmitter: mast, 0.3 km. Total within 25 km: 212. Source: OSM Overpass [FIX-04 transmitter]",,,,,2026-04-18 08:36:50.633031+00:00,fix04_20260418_071244,api,merge_phase2_20260421
UA,Slavyansk power station,70781f2c-24c2-486c-8b32-310c36ba1238,20.72,Kramatorsk Airport,small_airport,10.36,1,high,Nearest: Kramatorsk Airport (small_airport) at 20.7 km; Within 30 km: 1; Source: OurAirports; quality: high,,,not_applicable,No chemical/petrochemical facilities within search radius; Source: EEA E-PRTR; quality: insufficient,,not_applicable,No toxic release sources within search radius; Source: EEA E-PRTR; quality: insufficient,,,not_applicable,No flammable storage facilities within search radius; Source: EEA E-PRTR; quality: insufficient,,,,7.26,Весовой контроль,4,medium,"Nearest military: Весовой контроль (checkpoint), 7.3 km [A5]. Total features within 25 km: 4. Source: OSM Overpass [FIX-04 military]",4.96,communication,32,medium,"Nearest transmitter: communication, 5.0 km. Total within 25 km: 32. Source: OSM Overpass [FIX-04 transmitter]",,,,,2026-04-18 08:38:13.211477+00:00,fix04_20260418_071244,api,merge_phase2_20260421
UA,Starobesheve power station,447a9ea1-47fa-48a3-93f2-a77cbd629ac7,8.45,Mospyne Airfield,small_airport,4.22,1,high,Nearest: Mospyne Airfield (small_airport) at 8.4 km; Nearest medium: 87.9 km; Within 30 km: 1; Source: OurAirports; quality: high,,,not_applicable,No chemical/petrochemical facilities within search radius; Source: EEA E-PRTR; quality: insufficient,,not_applicable,No toxic release sources within search radius; Source: EEA E-PRTR; quality: insufficient,,,not_applicable,No flammable storage facilities within search radius; Source: EEA E-PRTR; quality: insufficient,,,,16.0,,7,medium,"Nearest military: unnamed (military), 16.0 km [A5]. Total features within 25 km: 7. Source: OSM Overpass [FIX-04 military]",0.28,mast,25,medium,"Nearest transmitter: mast, 0.3 km. Total within 25 km: 25. Source: OSM Overpass [FIX-04 transmitter]",,,,,2026-04-18 08:39:20.076039+00:00,fix04_20260418_071244,api,merge_phase2_20260421
UA,Trypilska power station,cdb6adfb-52ff-4631-939a-001080b20450,25.78,Boryspil International Airport,medium_airport,12.89,2,high,Nearest: Boryspil International Airport (medium_airport) at 25.8 km; Nearest medium: 25.8 km; Within 30 km: 2; Source: OurAirports; quality: high,,,not_applicable,No chemical/petrochemical facilities within search radius; Source: EEA E-PRTR; quality: insufficient,,not_applicable,No toxic release sources within search radius; Source: EEA E-PRTR; quality: insufficient,,,not_applicable,No flammable storage facilities within search radius; Source: EEA E-PRTR; quality: insufficient,,,,7.49,,22,medium,"Nearest military: unnamed (checkpoint), 7.5 km [A5]. Total features within 25 km: 22. Source: OSM Overpass [FIX-04 military]",0.23,mast,97,medium,"Nearest transmitter: mast, 0.2 km. Total within 25 km: 97. Source: OSM Overpass [FIX-04 transmitter]",,,,,2026-04-18 08:40:53.793320+00:00,fix04_20260418_071244,api,merge_phase2_20260421
UA,Vuglegirska power station,3657989a-61ae-4fe3-9e8b-6ba7e68f8c59,31.71,Yenakiyeve Airfield,small_airport,15.86,0,high,Nearest: Yenakiyeve Airfield (small_airport) at 31.7 km; Within 30 km: 0; Source: OurAirports; quality: high,,,not_applicable,No chemical/petrochemical facilities within search radius; Source: EEA E-PRTR; quality: insufficient,,not_applicable,No toxic release sources within search radius; Source: EEA E-PRTR; quality: insufficient,,,not_applicable,No flammable storage facilities within search radius; Source: EEA E-PRTR; quality: insufficient,,,,17.32,,2,medium,"Nearest military: unnamed (bunker), 17.3 km [A6]. Total features within 25 km: 2. Source: OSM Overpass [FIX-04 military]",1.04,mast,32,medium,"Nearest transmitter: mast, 1.0 km. Total within 25 km: 32. Source: OSM Overpass [FIX-04 transmitter]",,,,,2026-04-18 08:42:20.969320+00:00,fix04_20260418_071244,api,merge_phase2_20260421
UA,Zaporizhia power station,725406d6-860f-4ca0-9c6a-425675bac381,52.08,Shiroke Airfield,small_airport,26.04,0,high,Nearest: Shiroke Airfield (small_airport) at 52.1 km; Nearest large: 65.3 km; Nearest medium: 86.6 km; Within 30 km: 0; Source: OurAirports; quality: high,,,not_applicable,No chemical/petrochemical facilities within search radius; Source: EEA E-PRTR; quality: insufficient,,not_applicable,No toxic release sources within search radius; Source: EEA E-PRTR; quality: insufficient,,,not_applicable,No flammable storage facilities within search radius; Source: EEA E-PRTR; quality: insufficient,,,,,,0,not_found,No military features found within 25 km. Source: OSM Overpass [FIX-04 military],0.68,communication,39,medium,"Nearest transmitter: communication, 0.7 km. Total within 25 km: 39. Source: OSM Overpass [FIX-04 transmitter]",,,,,2026-04-18 08:43:21.083168+00:00,fix04_20260418_071244,api,merge_phase2_20260421
UA,Zmiivska power station,29b3a802-7ef1-4722-ad59-b1511b1b0075,29.28,Chuhuiv Air Base,small_airport,14.64,1,high,Nearest: Chuhuiv Air Base (small_airport) at 29.3 km; Nearest medium: 41.4 km; Within 30 km: 1; Source: OurAirports; quality: high,,,not_applicable,No chemical/petrochemical facilities within search radius; Source: EEA E-PRTR; quality: insufficient,,not_applicable,No toxic release sources within search radius; Source: EEA E-PRTR; quality: insufficient,,,not_applicable,No flammable storage facilities within search radius; Source: EEA E-PRTR; quality: insufficient,,,,,,0,not_found,No military features found within 25 km. Source: OSM Overpass [FIX-04 military],0.99,communication,37,medium,"Nearest transmitter: communication, 1.0 km. Total within 25 km: 37. Source: OSM Overpass [FIX-04 transmitter]",,,,,2026-04-18 08:44:32.410352+00:00,fix04_20260418_071244,api,merge_phase2_20260421
UA,Zuevskaya power station,f2c061de-66ad-4fce-b911-7f1899f25b75,17.25,Yenakiyeve Airfield,small_airport,8.62,3,high,Nearest: Yenakiyeve Airfield (small_airport) at 17.2 km; Nearest medium: 97.0 km; Within 30 km: 3; Source: OurAirports; quality: high,,,not_applicable,No chemical/petrochemical facilities within search radius; Source: EEA E-PRTR; quality: insufficient,,not_applicable,No toxic release sources within search radius; Source: EEA E-PRTR; quality: insufficient,,,not_applicable,No flammable storage facilities within search radius; Source: EEA E-PRTR; quality: insufficient,,,,12.16,,10,medium,"Nearest military: unnamed (military), 12.2 km [A5]. Total features within 25 km: 10. Source: OSM Overpass [FIX-04 military]",0.29,mast,26,medium,"Nearest transmitter: mast, 0.3 km. Total within 25 km: 26. Source: OSM Overpass [FIX-04 transmitter]",,,,,2026-04-18 08:45:47.928693+00:00,fix04_20260418_071244,api,merge_phase2_20260421
XK,Istok power station,d9f32912-81f1-4b1c-a2b1-f04298217cec,5.6,Dubrava Prison Heliport,heliport,5.6,2,high,Nearest: Dubrava Prison Heliport (heliport) at 5.6 km; Nearest large: 50.9 km; Nearest medium: 83.3 km; Within 30 km: 2; Source: OurAirports; quality: high,,,not_applicable,No chemical/petrochemical facilities within search radius; Source: EEA E-PRTR; quality: insufficient,,not_applicable,No toxic release sources within search radius; Source: EEA E-PRTR; quality: insufficient,,,not_applicable,No flammable storage facilities within search radius; Source: EEA E-PRTR; quality: insufficient,,,,4.37,"Kazerma e FSK-së ""Ushtarët e NATO-s""",3,high,"Nearest military: Kazerma e FSK-së ""Ushtarët e NATO-s"" (military), 4.4 km [A5]. Total features within 25 km: 3. Source: OSM Overpass [FIX-04 military]",3.7,antenna,29,medium,"Nearest transmitter: antenna, 3.7 km. Total within 25 km: 29. Source: OSM Overpass [FIX-04 transmitter]",,,,,2026-04-18 08:47:52.244666+00:00,fix04_20260418_071244,api,merge_phase2_20260421
XK,Kosovo A power station,28be296b-6ef5-4c7e-a604-3af01af45d17,4.73,KFOR Headquarters Heliport,heliport,4.73,5,high,Nearest: KFOR Headquarters Heliport (heliport) at 4.7 km; Nearest large: 12.2 km; Nearest medium: 90.0 km; Within 30 km: 5; Violations: A4; Source: OurAirports; quality: high,,,not_applicable,No chemical/petrochemical facilities within search radius; Source: EEA E-PRTR; quality: insufficient,,not_applicable,No toxic release sources within search radius; Source: EEA E-PRTR; quality: insufficient,,,not_applicable,No flammable storage facilities within search radius; Source: EEA E-PRTR; quality: insufficient,,,,3.93,MSU Carabinieri,13,high,"Nearest military: MSU Carabinieri (military), 3.9 km [A5]. Total features within 25 km: 13. Source: OSM Overpass [FIX-04 military]",3.14,mast,86,medium,"Nearest transmitter: mast, 3.1 km. Total within 25 km: 86. Source: OSM Overpass [FIX-04 transmitter]",,,,,2026-04-18 08:49:06.774853+00:00,fix04_20260418_071244,api,merge_phase2_20260421
XK,Kosovo B power station,76eba99c-dade-46dc-9130-478e43aa6202,7.68,KFOR Headquarters Heliport,heliport,6.74,5,high,Nearest: KFOR Headquarters Heliport (heliport) at 7.7 km; Nearest large: 13.5 km; Nearest medium: 90.0 km; Within 30 km: 5; Violations: A4; Source: OurAirports; quality: high,,,not_applicable,No chemical/petrochemical facilities within search radius; Source: EEA E-PRTR; quality: insufficient,,not_applicable,No toxic release sources within search radius; Source: EEA E-PRTR; quality: insufficient,,,not_applicable,No flammable storage facilities within search radius; Source: EEA E-PRTR; quality: insufficient,,,,6.96,MSU Carabinieri,15,medium,"Nearest military: MSU Carabinieri (military), 7.0 km [A5]. Total features within 25 km: 15. Source: OSM Overpass [FIX-04 military]",1.24,mast,88,medium,"Nearest transmitter: mast, 1.2 km. Total within 25 km: 88. Source: OSM Overpass [FIX-04 transmitter]",,,,,2026-04-18 08:50:53.627606+00:00,fix04_20260418_071244,api,merge_phase2_20260421
XK,Kosovo C power station,d28fa85d-4f6c-4b26-a585-cb0bed226ecb,2.07,KFOR Headquarters Heliport,heliport,2.07,4,high,Nearest: KFOR Headquarters Heliport (heliport) at 2.1 km; Nearest large: 15.0 km; Nearest medium: 93.4 km; Within 30 km: 4; Violations: A4; Source: OurAirports; quality: high,,,not_applicable,No chemical/petrochemical facilities within search radius; Source: EEA E-PRTR; quality: insufficient,,not_applicable,No toxic release sources within search radius; Source: EEA E-PRTR; quality: insufficient,,,not_applicable,No flammable storage facilities within search radius; Source: EEA E-PRTR; quality: insufficient,,,,1.76,Baza e KFOR-it / Film City,13,high,"Nearest military: Baza e KFOR-it / Film City (military), 1.8 km [A5]. Total features within 25 km: 13. Source: OSM Overpass [FIX-04 military]",0.03,communication,86,medium,"Nearest transmitter: communication, 0.0 km. Total within 25 km: 86. Source: OSM Overpass [FIX-04 transmitter]",,,,,2026-04-18 08:52:29.186266+00:00,fix04_20260418_071244,api,merge_phase2_20260421
