country_code,site_name,site_id,pop_density_5km,pop_density_16km,pop_density_25km,pop_density_80km,pop_total_5km,pop_total_16km,pop_total_25km,pop_total_80km,ri04_quality,ri04_comment,nearest_city_50k_km,nearest_city_name,nearest_city_pop,ri05_quality,ri05_comment,pop_growth_rate_pct,projected_pop_25km_60yr,ri06_quality,ri06_comment,prevailing_wind_dir,avg_wind_speed_ms,mixing_height_m,ri01_quality,ri01_comment,nearest_river_flow_m3s,ri02_quality,ri02_comment,aquifer_type,groundwater_flow_dir,ri03_quality,ri03_comment,fetched_at,run_id,source_db,merge_run_id
AL,Porto Romano Power Station,e6ecead0-54d1-41fe-8268-1253d0d7ef3e,399.01,280.01,153.07,105.37,31335,225176,300526,2118327,ghsl_pop_100m_r2023a,"5 km: 31,335 pop, 399 p/km²; 16 km: 225,176 pop, 280 p/km²; 25 km: 300,526 pop, 153 p/km²; 80 km: 2,118,327 pop, 105 p/km²; Epoch: 2020; Source: GHS-POP R2023A 100 m (Mollweide)",,,,gisco_urau_2021,No city >50k within search radius; Cities >50k within 25 km: 0; Cities >50k within 80 km: 0; Settlement hierarchy: rural; Source: Eurostat GISCO Urban Audit 2021 + urb_cpop1,-0.118,170081,ghsl_pop_100m_r2023a,"{""ghsl_note"": ""CAGR 2020\u21922030 from GHS-POP R2023A multi-epoch data"", ""s17_eurostat_supplement"": {""base_population"": null, ""base_year"": 2023, ""projected_pop_2030"": 2700000, ""projected_pop_2040"": 2500000, ""projected_pop_2050"": 2280000, ""projected_pop_2060"": 2060000, ""projected_pop_2080"": 1680000, ""pop_change_pct_2050"": null, ""pop_change_pct_2080"": null, ""receptor_growth_factor_60yr"": null, ""projection_lo_2050"": null, ""projection_hi_2050"": null, ""projection_lo_2080"": null, ""projection_hi_2080"": null, ""growth_classification"": ""stable"", ""urban_expansion_pressure"": null, ""median_age_2050"": 47.0, ""old_age_dependency_2050"": 0.4, ""net_migration_rate_projected"": null, ""projection_source"": ""nso"", ""projection_variant"": ""medium"", ""spatial_level"": ""national""}}",NW,1.33,353.22,medium,ERA5 atmospheric dispersion (ref 1991-2020) | prevailing_wind=NW(315deg) | mean_speed=1.3m/s | mean_BLH=353m | p5_BLH=202m | stable_frac=0.900 | stability=[A=0.0% B=0.0% C=10.0% D=0.0% E=90.0% F=0.0%] | wind_rose_dominant=NW | source=copernicus_era5,,,,low permeability,,medium,,2026-04-20 21:28:46.350274+00:00,audit_postlogging_20260421,api,merge_phase2_20260421
AT,Duernrohr power station,6e7fc4d8-636d-411a-baef-e138a5a07acc,109.82,106.42,129.06,184.62,8624,85577,253384,3711521,ghsl_pop_100m_r2023a,"5 km: 8,624 pop, 110 p/km²; 16 km: 85,577 pop, 106 p/km²; 25 km: 253,384 pop, 129 p/km²; 80 km: 3,711,521 pop, 185 p/km²; Epoch: 2020; Source: GHS-POP R2023A 100 m (Mollweide)",35.91,Greater Wien,1766746.0,gisco_urau_2021,"Nearest city >50k: Greater Wien (1,766,746 pop) at 35.9 km; Cities >50k within 25 km: 0; Cities >50k within 80 km: 1; Settlement hierarchy: rural; Source: Eurostat GISCO Urban Audit 2021 + urb_cpop1",0.233,264777,ghsl_pop_100m_r2023a,"{""ghsl_note"": ""CAGR 2020\u21922030 from GHS-POP R2023A multi-epoch data"", ""s17_eurostat_supplement"": {""base_population"": null, ""base_year"": 2022, ""projected_pop_2030"": 9214690, ""projected_pop_2040"": 9413009, ""projected_pop_2050"": 9527146, ""projected_pop_2060"": 9540690, ""projected_pop_2080"": 9557919, ""pop_change_pct_2050"": null, ""pop_change_pct_2080"": null, ""receptor_growth_factor_60yr"": null, ""projection_lo_2050"": null, ""projection_hi_2050"": null, ""projection_lo_2080"": null, ""projection_hi_2080"": null, ""growth_classification"": ""stable"", ""urban_expansion_pressure"": null, ""median_age_2050"": 49.3, ""old_age_dependency_2050"": null, ""net_migration_rate_projected"": null, ""projection_source"": ""europop2023"", ""projection_variant"": ""baseline"", ""spatial_level"": ""national""}}",W,1.35,548.59,medium,ERA5 atmospheric dispersion (ref 1991-2020) | prevailing_wind=W(270deg) | mean_speed=1.4m/s | mean_BLH=549m | p5_BLH=330m | stable_frac=0.331 | stability=[A=0.0% B=0.0% C=66.9% D=0.0% E=33.1% F=0.0%] | wind_rose_dominant=W | source=copernicus_era5,,,,sedimentary sands,,medium,,2026-04-20 21:28:46.379238+00:00,audit_postlogging_20260421,api,merge_phase2_20260421
AT,Enns Power Station,532bfb42-0d4c-42cf-a81a-287f2b3a75bf,362.87,336.66,300.98,89.17,28497,270729,590914,1792709,ghsl_pop_100m_r2023a,"5 km: 28,497 pop, 363 p/km²; 16 km: 270,729 pop, 337 p/km²; 25 km: 590,914 pop, 301 p/km²; 80 km: 1,792,709 pop, 89 p/km²; Epoch: 2020; Source: GHS-POP R2023A 100 m (Mollweide)",14.95,Greater Linz,193814.0,gisco_urau_2021,"Nearest city >50k: Greater Linz (193,814 pop) at 15.0 km; Cities >50k within 25 km: 1; Cities >50k within 80 km: 1; Settlement hierarchy: suburban; Source: Eurostat GISCO Urban Audit 2021 + urb_cpop1",0.269,617485,ghsl_pop_100m_r2023a,"{""ghsl_note"": ""CAGR 2020\u21922030 from GHS-POP R2023A multi-epoch data"", ""s17_eurostat_supplement"": {""base_population"": null, ""base_year"": 2022, ""projected_pop_2030"": 9214690, ""projected_pop_2040"": 9413009, ""projected_pop_2050"": 9527146, ""projected_pop_2060"": 9540690, ""projected_pop_2080"": 9557919, ""pop_change_pct_2050"": null, ""pop_change_pct_2080"": null, ""receptor_growth_factor_60yr"": null, ""projection_lo_2050"": null, ""projection_hi_2050"": null, ""projection_lo_2080"": null, ""projection_hi_2080"": null, ""growth_classification"": ""stable"", ""urban_expansion_pressure"": null, ""median_age_2050"": 49.3, ""old_age_dependency_2050"": null, ""net_migration_rate_projected"": null, ""projection_source"": ""europop2023"", ""projection_variant"": ""baseline"", ""spatial_level"": ""national""}}",W,1.03,496.31,medium,ERA5 atmospheric dispersion (ref 1991-2020) | prevailing_wind=W(270deg) | mean_speed=1.0m/s | mean_BLH=496m | p5_BLH=273m | stable_frac=0.481 | stability=[A=0.0% B=0.0% C=51.9% D=0.0% E=48.1% F=0.0%] | wind_rose_dominant=W | source=copernicus_era5,,,,sedimentary sands,,medium,,2026-04-20 21:28:46.392057+00:00,audit_postlogging_20260421,api,merge_phase2_20260421
AT,Mellach power station,90820fe3-9889-4faf-9906-7c528f8d7bc5,165.18,248.21,284.52,103.29,12972,199604,558591,2076591,ghsl_pop_100m_r2023a,"5 km: 12,972 pop, 165 p/km²; 16 km: 199,604 pop, 248 p/km²; 25 km: 558,591 pop, 285 p/km²; 80 km: 2,076,591 pop, 103 p/km²; Epoch: 2020; Source: GHS-POP R2023A 100 m (Mollweide)",19.04,Graz,269997.0,gisco_urau_2021,"Nearest city >50k: Graz (269,997 pop) at 19.0 km; Cities >50k within 25 km: 1; Cities >50k within 80 km: 2; Settlement hierarchy: periurban; Source: Eurostat GISCO Urban Audit 2021 + urb_cpop1",0.43,583716,ghsl_pop_100m_r2023a,"{""ghsl_note"": ""CAGR 2020\u21922030 from GHS-POP R2023A multi-epoch data"", ""s17_eurostat_supplement"": {""base_population"": null, ""base_year"": 2022, ""projected_pop_2030"": 9214690, ""projected_pop_2040"": 9413009, ""projected_pop_2050"": 9527146, ""projected_pop_2060"": 9540690, ""projected_pop_2080"": 9557919, ""pop_change_pct_2050"": null, ""pop_change_pct_2080"": null, ""receptor_growth_factor_60yr"": null, ""projection_lo_2050"": null, ""projection_hi_2050"": null, ""projection_lo_2080"": null, ""projection_hi_2080"": null, ""growth_classification"": ""stable"", ""urban_expansion_pressure"": null, ""median_age_2050"": 49.3, ""old_age_dependency_2050"": null, ""net_migration_rate_projected"": null, ""projection_source"": ""europop2023"", ""projection_variant"": ""baseline"", ""spatial_level"": ""national""}}",NW,0.52,408.94,medium,ERA5 atmospheric dispersion (ref 1991-2020) | prevailing_wind=NW(315deg) | mean_speed=0.5m/s | mean_BLH=409m | p5_BLH=151m | stable_frac=0.669 | stability=[A=0.0% B=0.0% C=33.1% D=0.0% E=66.4% F=0.6%] | wind_rose_dominant=NW | source=copernicus_era5,,,,sedimentary sands,,medium,,2026-04-20 21:28:46.425924+00:00,audit_postlogging_20260421,api,merge_phase2_20260421
AT,Riedersbach power station,660d9d71-6733-4294-951b-1c58614d58cf,145.57,110.82,153.35,134.57,11432,89116,301073,2705363,ghsl_pop_100m_r2023a,"5 km: 11,432 pop, 146 p/km²; 16 km: 89,116 pop, 111 p/km²; 25 km: 301,073 pop, 153 p/km²; 80 km: 2,705,363 pop, 135 p/km²; Epoch: 2020; Source: GHS-POP R2023A 100 m (Mollweide)",30.11,Salzburg,146631.0,gisco_urau_2021,"Nearest city >50k: Salzburg (146,631 pop) at 30.1 km; Cities >50k within 25 km: 0; Cities >50k within 80 km: 3; Settlement hierarchy: rural; Source: Eurostat GISCO Urban Audit 2021 + urb_cpop1",0.054,314610,ghsl_pop_100m_r2023a,"{""ghsl_note"": ""CAGR 2020\u21922030 from GHS-POP R2023A multi-epoch data"", ""s17_eurostat_supplement"": {""base_population"": null, ""base_year"": 2022, ""projected_pop_2030"": 9214690, ""projected_pop_2040"": 9413009, ""projected_pop_2050"": 9527146, ""projected_pop_2060"": 9540690, ""projected_pop_2080"": 9557919, ""pop_change_pct_2050"": null, ""pop_change_pct_2080"": null, ""receptor_growth_factor_60yr"": null, ""projection_lo_2050"": null, ""projection_hi_2050"": null, ""projection_lo_2080"": null, ""projection_hi_2080"": null, ""growth_classification"": ""stable"", ""urban_expansion_pressure"": null, ""median_age_2050"": 49.3, ""old_age_dependency_2050"": null, ""net_migration_rate_projected"": null, ""projection_source"": ""europop2023"", ""projection_variant"": ""baseline"", ""spatial_level"": ""national""}}",WSW,0.91,419.49,medium,ERA5 atmospheric dispersion (ref 1991-2020) | prevailing_wind=WSW(248deg) | mean_speed=0.9m/s | mean_BLH=419m | p5_BLH=207m | stable_frac=0.694 | stability=[A=0.0% B=0.0% C=30.6% D=0.0% E=69.4% F=0.0%] | wind_rose_dominant=WSW | source=copernicus_era5,,,,low permeability,,medium,,2026-04-20 21:28:46.438095+00:00,audit_postlogging_20260421,api,merge_phase2_20260421
AT,St Andrae power station,021c723b-98af-4b72-8f6c-ade538885f10,101.03,65.47,53.34,117.88,7934,52647,104729,2369876,ghsl_pop_100m_r2023a,"5 km: 7,934 pop, 101 p/km²; 16 km: 52,647 pop, 65 p/km²; 25 km: 104,729 pop, 53 p/km²; 80 km: 2,369,876 pop, 118 p/km²; Epoch: 2020; Source: GHS-POP R2023A 100 m (Mollweide)",41.61,Klagenfurt,96640.0,gisco_urau_2021,"Nearest city >50k: Klagenfurt (96,640 pop) at 41.6 km; Cities >50k within 25 km: 0; Cities >50k within 80 km: 4; Settlement hierarchy: rural; Source: Eurostat GISCO Urban Audit 2021 + urb_cpop1",-0.687,109431,ghsl_pop_100m_r2023a,"{""ghsl_note"": ""CAGR 2020\u21922030 from GHS-POP R2023A multi-epoch data"", ""s17_eurostat_supplement"": {""base_population"": null, ""base_year"": 2022, ""projected_pop_2030"": 9214690, ""projected_pop_2040"": 9413009, ""projected_pop_2050"": 9527146, ""projected_pop_2060"": 9540690, ""projected_pop_2080"": 9557919, ""pop_change_pct_2050"": null, ""pop_change_pct_2080"": null, ""receptor_growth_factor_60yr"": null, ""projection_lo_2050"": null, ""projection_hi_2050"": null, ""projection_lo_2080"": null, ""projection_hi_2080"": null, ""growth_classification"": ""stable"", ""urban_expansion_pressure"": null, ""median_age_2050"": 49.3, ""old_age_dependency_2050"": null, ""net_migration_rate_projected"": null, ""projection_source"": ""europop2023"", ""projection_variant"": ""baseline"", ""spatial_level"": ""national""}}",WSW,0.45,396.89,medium,ERA5 atmospheric dispersion (ref 1991-2020) | prevailing_wind=WSW(248deg) | mean_speed=0.5m/s | mean_BLH=397m | p5_BLH=137m | stable_frac=0.681 | stability=[A=0.0% B=0.0% C=31.9% D=0.0% E=66.7% F=1.4%] | wind_rose_dominant=WSW | source=copernicus_era5,,,,alluvial,,medium,,2026-04-20 21:28:46.453518+00:00,audit_postlogging_20260421,api,merge_phase2_20260421
AT,Timelkam power station,2dcd2c6d-f375-4408-9492-7910662fac03,246.45,149.38,125.68,127.71,19354,120127,246746,2567417,ghsl_pop_100m_r2023a,"5 km: 19,354 pop, 246 p/km²; 16 km: 120,127 pop, 149 p/km²; 25 km: 246,746 pop, 126 p/km²; 80 km: 2,567,417 pop, 128 p/km²; Epoch: 2020; Source: GHS-POP R2023A 100 m (Mollweide)",46.97,Salzburg,146631.0,gisco_urau_2021,"Nearest city >50k: Salzburg (146,631 pop) at 47.0 km; Cities >50k within 25 km: 0; Cities >50k within 80 km: 2; Settlement hierarchy: rural; Source: Eurostat GISCO Urban Audit 2021 + urb_cpop1",-0.174,257843,ghsl_pop_100m_r2023a,"{""ghsl_note"": ""CAGR 2020\u21922030 from GHS-POP R2023A multi-epoch data"", ""s17_eurostat_supplement"": {""base_population"": null, ""base_year"": 2022, ""projected_pop_2030"": 9214690, ""projected_pop_2040"": 9413009, ""projected_pop_2050"": 9527146, ""projected_pop_2060"": 9540690, ""projected_pop_2080"": 9557919, ""pop_change_pct_2050"": null, ""pop_change_pct_2080"": null, ""receptor_growth_factor_60yr"": null, ""projection_lo_2050"": null, ""projection_hi_2050"": null, ""projection_lo_2080"": null, ""projection_hi_2080"": null, ""growth_classification"": ""stable"", ""urban_expansion_pressure"": null, ""median_age_2050"": 49.3, ""old_age_dependency_2050"": null, ""net_migration_rate_projected"": null, ""projection_source"": ""europop2023"", ""projection_variant"": ""baseline"", ""spatial_level"": ""national""}}",WSW,0.83,434.36,medium,ERA5 atmospheric dispersion (ref 1991-2020) | prevailing_wind=WSW(248deg) | mean_speed=0.8m/s | mean_BLH=434m | p5_BLH=211m | stable_frac=0.636 | stability=[A=0.0% B=0.0% C=36.4% D=0.0% E=63.6% F=0.0%] | wind_rose_dominant=WSW | source=copernicus_era5,,,,alluvial,,medium,,2026-04-20 21:28:46.466779+00:00,audit_postlogging_20260421,api,merge_phase2_20260421
AT,Voitsberg power station,99d712ac-7993-4186-8a0e-2e88bae7e90f,233.19,103.25,229.99,89.31,18313,83028,451536,1795519,ghsl_pop_100m_r2023a,"5 km: 18,313 pop, 233 p/km²; 16 km: 83,028 pop, 103 p/km²; 25 km: 451,536 pop, 230 p/km²; 80 km: 1,795,519 pop, 89 p/km²; Epoch: 2020; Source: GHS-POP R2023A 100 m (Mollweide)",21.35,Graz,269997.0,gisco_urau_2021,"Nearest city >50k: Graz (269,997 pop) at 21.3 km; Cities >50k within 25 km: 1; Cities >50k within 80 km: 3; Settlement hierarchy: periurban; Source: Eurostat GISCO Urban Audit 2021 + urb_cpop1",0.503,471844,ghsl_pop_100m_r2023a,"{""ghsl_note"": ""CAGR 2020\u21922030 from GHS-POP R2023A multi-epoch data"", ""s17_eurostat_supplement"": {""base_population"": null, ""base_year"": 2022, ""projected_pop_2030"": 9214690, ""projected_pop_2040"": 9413009, ""projected_pop_2050"": 9527146, ""projected_pop_2060"": 9540690, ""projected_pop_2080"": 9557919, ""pop_change_pct_2050"": null, ""pop_change_pct_2080"": null, ""receptor_growth_factor_60yr"": null, ""projection_lo_2050"": null, ""projection_hi_2050"": null, ""projection_lo_2080"": null, ""projection_hi_2080"": null, ""growth_classification"": ""stable"", ""urban_expansion_pressure"": null, ""median_age_2050"": 49.3, ""old_age_dependency_2050"": null, ""net_migration_rate_projected"": null, ""projection_source"": ""europop2023"", ""projection_variant"": ""baseline"", ""spatial_level"": ""national""}}",W,0.64,395.09,medium,ERA5 atmospheric dispersion (ref 1991-2020) | prevailing_wind=W(270deg) | mean_speed=0.6m/s | mean_BLH=395m | p5_BLH=146m | stable_frac=0.711 | stability=[A=0.0% B=0.0% C=28.9% D=0.0% E=70.6% F=0.6%] | wind_rose_dominant=W | source=copernicus_era5,,,,alluvial,,medium,,2026-04-20 21:28:46.479046+00:00,audit_postlogging_20260421,api,merge_phase2_20260421
AT,Zeltweg power station,33d83e11-cfcd-47cb-be5e-82ca0fc352cc,8.35,54.71,96.56,72.12,656,43993,189578,1449914,ghsl_pop_100m_r2023a,"5 km: 656 pop, 8 p/km²; 16 km: 43,993 pop, 55 p/km²; 25 km: 189,578 pop, 97 p/km²; 80 km: 1,449,914 pop, 72 p/km²; Epoch: 2020; Source: GHS-POP R2023A 100 m (Mollweide)",28.3,Graz,269997.0,gisco_urau_2021,"Nearest city >50k: Graz (269,997 pop) at 28.3 km; Cities >50k within 25 km: 0; Cities >50k within 80 km: 1; Settlement hierarchy: rural; Source: Eurostat GISCO Urban Audit 2021 + urb_cpop1",-0.319,198101,ghsl_pop_100m_r2023a,"{""ghsl_note"": ""CAGR 2020\u21922030 from GHS-POP R2023A multi-epoch data"", ""s17_eurostat_supplement"": {""base_population"": null, ""base_year"": 2022, ""projected_pop_2030"": 9214690, ""projected_pop_2040"": 9413009, ""projected_pop_2050"": 9527146, ""projected_pop_2060"": 9540690, ""projected_pop_2080"": 9557919, ""pop_change_pct_2050"": null, ""pop_change_pct_2080"": null, ""receptor_growth_factor_60yr"": null, ""projection_lo_2050"": null, ""projection_hi_2050"": null, ""projection_lo_2080"": null, ""projection_hi_2080"": null, ""growth_classification"": ""stable"", ""urban_expansion_pressure"": null, ""median_age_2050"": 49.3, ""old_age_dependency_2050"": null, ""net_migration_rate_projected"": null, ""projection_source"": ""europop2023"", ""projection_variant"": ""baseline"", ""spatial_level"": ""national""}}",NW,0.7,401.44,medium,ERA5 atmospheric dispersion (ref 1991-2020) | prevailing_wind=NW(315deg) | mean_speed=0.7m/s | mean_BLH=401m | p5_BLH=162m | stable_frac=0.717 | stability=[A=0.0% B=0.0% C=28.3% D=0.0% E=71.1% F=0.6%] | wind_rose_dominant=NW | source=copernicus_era5,,,,karsts and chalkstones,,medium,,2026-04-20 21:28:46.493456+00:00,audit_postlogging_20260421,api,merge_phase2_20260421
BA,Banovici power station,82011c29-a3d3-4a81-a27b-019d2649a251,208.02,145.83,132.56,102.48,16336,117270,260254,2060309,ghsl_pop_100m_r2023a,"5 km: 16,336 pop, 208 p/km²; 16 km: 117,270 pop, 146 p/km²; 25 km: 260,254 pop, 133 p/km²; 80 km: 2,060,309 pop, 102 p/km²; Epoch: 2020; Source: GHS-POP R2023A 100 m (Mollweide)",,,,gisco_urau_2021,No city >50k within search radius; Cities >50k within 25 km: 0; Cities >50k within 80 km: 0; Settlement hierarchy: rural; Source: Eurostat GISCO Urban Audit 2021 + urb_cpop1,-0.453,142823,ghsl_pop_100m_r2023a,"{""ghsl_note"": ""CAGR 2020\u21922030 from GHS-POP R2023A multi-epoch data"", ""s17_eurostat_supplement"": {""base_population"": null, ""base_year"": 2023, ""projected_pop_2030"": 3100000, ""projected_pop_2040"": 2850000, ""projected_pop_2050"": 2580000, ""projected_pop_2060"": 2310000, ""projected_pop_2080"": 1880000, ""pop_change_pct_2050"": null, ""pop_change_pct_2080"": null, ""receptor_growth_factor_60yr"": null, ""projection_lo_2050"": null, ""projection_hi_2050"": null, ""projection_lo_2080"": null, ""projection_hi_2080"": null, ""growth_classification"": ""stable"", ""urban_expansion_pressure"": null, ""median_age_2050"": 48.0, ""old_age_dependency_2050"": 0.43, ""net_migration_rate_projected"": null, ""projection_source"": ""nso"", ""projection_variant"": ""medium"", ""spatial_level"": ""national""}}",S,0.52,408.23,medium,ERA5 atmospheric dispersion (ref 1991-2020) | prevailing_wind=S(180deg) | mean_speed=0.5m/s | mean_BLH=408m | p5_BLH=198m | stable_frac=0.722 | stability=[A=0.0% B=0.0% C=27.8% D=0.0% E=72.2% F=0.0%] | wind_rose_dominant=S | source=copernicus_era5,,,,sedimentary sands,,medium,,2026-04-20 21:28:46.507604+00:00,audit_postlogging_20260421,api,merge_phase2_20260421
BA,Bugojno Thermal Power Project,67e5a20f-e3ab-4c18-9864-cf4591d6e15f,352.57,67.77,53.27,63.14,27688,54499,104590,1269284,ghsl_pop_100m_r2023a,"5 km: 27,688 pop, 353 p/km²; 16 km: 54,499 pop, 68 p/km²; 25 km: 104,590 pop, 53 p/km²; 80 km: 1,269,284 pop, 63 p/km²; Epoch: 2020; Source: GHS-POP R2023A 100 m (Mollweide)",95.76,Split,180568.0,gisco_urau_2021,"Nearest city >50k: Split (180,568 pop) at 95.8 km; Cities >50k within 25 km: 0; Cities >50k within 80 km: 0; Settlement hierarchy: rural; Source: Eurostat GISCO Urban Audit 2021 + urb_cpop1",-0.465,57394,ghsl_pop_100m_r2023a,"{""ghsl_note"": ""CAGR 2020\u21922030 from GHS-POP R2023A multi-epoch data"", ""s17_eurostat_supplement"": {""base_population"": null, ""base_year"": 2023, ""projected_pop_2030"": 3100000, ""projected_pop_2040"": 2850000, ""projected_pop_2050"": 2580000, ""projected_pop_2060"": 2310000, ""projected_pop_2080"": 1880000, ""pop_change_pct_2050"": null, ""pop_change_pct_2080"": null, ""receptor_growth_factor_60yr"": null, ""projection_lo_2050"": null, ""projection_hi_2050"": null, ""projection_lo_2080"": null, ""projection_hi_2080"": null, ""growth_classification"": ""stable"", ""urban_expansion_pressure"": null, ""median_age_2050"": 48.0, ""old_age_dependency_2050"": 0.43, ""net_migration_rate_projected"": null, ""projection_source"": ""nso"", ""projection_variant"": ""medium"", ""spatial_level"": ""national""}}",NNE,0.59,446.46,medium,ERA5 atmospheric dispersion (ref 1991-2020) | prevailing_wind=NNE(22deg) | mean_speed=0.6m/s | mean_BLH=446m | p5_BLH=221m | stable_frac=0.608 | stability=[A=0.0% B=0.0% C=39.2% D=0.0% E=60.8% F=0.0%] | wind_rose_dominant=NNE | source=copernicus_era5,,,,low permeability,,medium,,2026-04-20 21:28:46.519671+00:00,audit_postlogging_20260421,api,merge_phase2_20260421
BA,Gacko Thermal Power Plant,85257083-08d1-4560-b198-a9df414da4a9,47.69,9.61,5.91,43.38,3745,7731,11607,872182,ghsl_pop_100m_r2023a,"5 km: 3,745 pop, 48 p/km²; 16 km: 7,731 pop, 10 p/km²; 25 km: 11,607 pop, 6 p/km²; 80 km: 872,182 pop, 43 p/km²; Epoch: 2020; Source: GHS-POP R2023A 100 m (Mollweide)",,,,gisco_urau_2021,No city >50k within search radius; Cities >50k within 25 km: 0; Cities >50k within 80 km: 0; Settlement hierarchy: rural; Source: Eurostat GISCO Urban Audit 2021 + urb_cpop1,-1.65,6368,ghsl_pop_100m_r2023a,"{""ghsl_note"": ""CAGR 2020\u21922030 from GHS-POP R2023A multi-epoch data"", ""s17_eurostat_supplement"": {""base_population"": null, ""base_year"": 2023, ""projected_pop_2030"": 3100000, ""projected_pop_2040"": 2850000, ""projected_pop_2050"": 2580000, ""projected_pop_2060"": 2310000, ""projected_pop_2080"": 1880000, ""pop_change_pct_2050"": null, ""pop_change_pct_2080"": null, ""receptor_growth_factor_60yr"": null, ""projection_lo_2050"": null, ""projection_hi_2050"": null, ""projection_lo_2080"": null, ""projection_hi_2080"": null, ""growth_classification"": ""stable"", ""urban_expansion_pressure"": null, ""median_age_2050"": 48.0, ""old_age_dependency_2050"": 0.43, ""net_migration_rate_projected"": null, ""projection_source"": ""nso"", ""projection_variant"": ""medium"", ""spatial_level"": ""national""}}",NNE,0.7,472.87,medium,ERA5 atmospheric dispersion (ref 1991-2020) | prevailing_wind=NNE(22deg) | mean_speed=0.7m/s | mean_BLH=473m | p5_BLH=242m | stable_frac=0.522 | stability=[A=0.0% B=0.0% C=47.8% D=0.0% E=52.2% F=0.0%] | wind_rose_dominant=NNE | source=copernicus_era5,,,,inland water,,medium,,2026-04-20 21:28:46.533432+00:00,audit_postlogging_20260421,api,merge_phase2_20260421
BA,Glinica power station,e2d645e3-c829-4aac-8f6f-d6a5507fd5fa,842.49,142.24,84.67,49.34,66162,114382,166240,991943,ghsl_pop_100m_r2023a,"5 km: 66,162 pop, 842 p/km²; 16 km: 114,382 pop, 142 p/km²; 25 km: 166,240 pop, 85 p/km²; 80 km: 991,943 pop, 49 p/km²; Epoch: 2020; Source: GHS-POP R2023A 100 m (Mollweide)",,,,gisco_urau_2021,No city >50k within search radius; Cities >50k within 25 km: 0; Cities >50k within 80 km: 0; Settlement hierarchy: rural; Source: Eurostat GISCO Urban Audit 2021 + urb_cpop1,-0.445,91225,ghsl_pop_100m_r2023a,"{""ghsl_note"": ""CAGR 2020\u21922030 from GHS-POP R2023A multi-epoch data"", ""s17_eurostat_supplement"": {""base_population"": null, ""base_year"": 2023, ""projected_pop_2030"": 3100000, ""projected_pop_2040"": 2850000, ""projected_pop_2050"": 2580000, ""projected_pop_2060"": 2310000, ""projected_pop_2080"": 1880000, ""pop_change_pct_2050"": null, ""pop_change_pct_2080"": null, ""receptor_growth_factor_60yr"": null, ""projection_lo_2050"": null, ""projection_hi_2050"": null, ""projection_lo_2080"": null, ""projection_hi_2080"": null, ""growth_classification"": ""stable"", ""urban_expansion_pressure"": null, ""median_age_2050"": 48.0, ""old_age_dependency_2050"": 0.43, ""net_migration_rate_projected"": null, ""projection_source"": ""nso"", ""projection_variant"": ""medium"", ""spatial_level"": ""national""}}",NNE,0.86,463.67,medium,ERA5 atmospheric dispersion (ref 1991-2020) | prevailing_wind=NNE(22deg) | mean_speed=0.9m/s | mean_BLH=464m | p5_BLH=226m | stable_frac=0.547 | stability=[A=0.0% B=0.0% C=45.3% D=0.0% E=54.7% F=0.0%] | wind_rose_dominant=NNE | source=copernicus_era5,,,,alluvial,,medium,,2026-04-20 21:28:46.547884+00:00,audit_postlogging_20260421,api,merge_phase2_20260421
BA,Kakanj Thermal Power Plant,e671be33-8b91-40bd-b563-b833293654aa,303.32,130.58,135.62,79.71,23820,105006,266260,1602390,ghsl_pop_100m_r2023a,"5 km: 23,820 pop, 303 p/km²; 16 km: 105,006 pop, 131 p/km²; 25 km: 266,260 pop, 136 p/km²; 80 km: 1,602,390 pop, 80 p/km²; Epoch: 2020; Source: GHS-POP R2023A 100 m (Mollweide)",,,,gisco_urau_2021,No city >50k within search radius; Cities >50k within 25 km: 0; Cities >50k within 80 km: 0; Settlement hierarchy: rural; Source: Eurostat GISCO Urban Audit 2021 + urb_cpop1,-0.472,146120,ghsl_pop_100m_r2023a,"{""ghsl_note"": ""CAGR 2020\u21922030 from GHS-POP R2023A multi-epoch data"", ""s17_eurostat_supplement"": {""base_population"": null, ""base_year"": 2023, ""projected_pop_2030"": 3100000, ""projected_pop_2040"": 2850000, ""projected_pop_2050"": 2580000, ""projected_pop_2060"": 2310000, ""projected_pop_2080"": 1880000, ""pop_change_pct_2050"": null, ""pop_change_pct_2080"": null, ""receptor_growth_factor_60yr"": null, ""projection_lo_2050"": null, ""projection_hi_2050"": null, ""projection_lo_2080"": null, ""projection_hi_2080"": null, ""growth_classification"": ""stable"", ""urban_expansion_pressure"": null, ""median_age_2050"": 48.0, ""old_age_dependency_2050"": 0.43, ""net_migration_rate_projected"": null, ""projection_source"": ""nso"", ""projection_variant"": ""medium"", ""spatial_level"": ""national""}}",N,0.46,433.56,medium,ERA5 atmospheric dispersion (ref 1991-2020) | prevailing_wind=N(0deg) | mean_speed=0.5m/s | mean_BLH=434m | p5_BLH=220m | stable_frac=0.672 | stability=[A=0.0% B=0.0% C=32.8% D=0.0% E=67.2% F=0.0%] | wind_rose_dominant=N | source=copernicus_era5,,,,sedimentary sands,,medium,,2026-04-20 21:28:46.560564+00:00,audit_postlogging_20260421,api,merge_phase2_20260421
BA,Kamengrad Thermal Power Plant,344e0e9a-558e-4749-bb66-cd746be50cbd,325.43,52.63,54.72,43.86,25557,42320,107431,881760,ghsl_pop_100m_r2023a,"5 km: 25,557 pop, 325 p/km²; 16 km: 42,320 pop, 53 p/km²; 25 km: 107,431 pop, 55 p/km²; 80 km: 881,760 pop, 44 p/km²; Epoch: 2020; Source: GHS-POP R2023A 100 m (Mollweide)",,,,gisco_urau_2021,No city >50k within search radius; Cities >50k within 25 km: 0; Cities >50k within 80 km: 0; Settlement hierarchy: rural; Source: Eurostat GISCO Urban Audit 2021 + urb_cpop1,-1.071,58956,ghsl_pop_100m_r2023a,"{""ghsl_note"": ""CAGR 2020\u21922030 from GHS-POP R2023A multi-epoch data"", ""s17_eurostat_supplement"": {""base_population"": null, ""base_year"": 2023, ""projected_pop_2030"": 3100000, ""projected_pop_2040"": 2850000, ""projected_pop_2050"": 2580000, ""projected_pop_2060"": 2310000, ""projected_pop_2080"": 1880000, ""pop_change_pct_2050"": null, ""pop_change_pct_2080"": null, ""receptor_growth_factor_60yr"": null, ""projection_lo_2050"": null, ""projection_hi_2050"": null, ""projection_lo_2080"": null, ""projection_hi_2080"": null, ""growth_classification"": ""stable"", ""urban_expansion_pressure"": null, ""median_age_2050"": 48.0, ""old_age_dependency_2050"": 0.43, ""net_migration_rate_projected"": null, ""projection_source"": ""nso"", ""projection_variant"": ""medium"", ""spatial_level"": ""national""}}",S,0.45,391.57,medium,ERA5 atmospheric dispersion (ref 1991-2020) | prevailing_wind=S(180deg) | mean_speed=0.4m/s | mean_BLH=392m | p5_BLH=200m | stable_frac=0.833 | stability=[A=0.0% B=0.0% C=16.7% D=0.0% E=83.3% F=0.0%] | wind_rose_dominant=S | source=copernicus_era5,,,,sedimentary sands,,medium,,2026-04-20 21:28:46.572337+00:00,audit_postlogging_20260421,api,merge_phase2_20260421
BA,Kongora Thermal Power Plant,0155b913-765f-4d44-89f5-c176b6867cef,37.07,32.44,35.12,61.05,2911,26087,68946,1227329,ghsl_pop_100m_r2023a,"5 km: 2,911 pop, 37 p/km²; 16 km: 26,087 pop, 32 p/km²; 25 km: 68,946 pop, 35 p/km²; 80 km: 1,227,329 pop, 61 p/km²; Epoch: 2020; Source: GHS-POP R2023A 100 m (Mollweide)",68.01,Split,180568.0,gisco_urau_2021,"Nearest city >50k: Split (180,568 pop) at 68.0 km; Cities >50k within 25 km: 0; Cities >50k within 80 km: 1; Settlement hierarchy: rural; Source: Eurostat GISCO Urban Audit 2021 + urb_cpop1",-0.506,37839,ghsl_pop_100m_r2023a,"{""ghsl_note"": ""CAGR 2020\u21922030 from GHS-POP R2023A multi-epoch data"", ""s17_eurostat_supplement"": {""base_population"": null, ""base_year"": 2023, ""projected_pop_2030"": 3100000, ""projected_pop_2040"": 2850000, ""projected_pop_2050"": 2580000, ""projected_pop_2060"": 2310000, ""projected_pop_2080"": 1880000, ""pop_change_pct_2050"": null, ""pop_change_pct_2080"": null, ""receptor_growth_factor_60yr"": null, ""projection_lo_2050"": null, ""projection_hi_2050"": null, ""projection_lo_2080"": null, ""projection_hi_2080"": null, ""growth_classification"": ""stable"", ""urban_expansion_pressure"": null, ""median_age_2050"": 48.0, ""old_age_dependency_2050"": 0.43, ""net_migration_rate_projected"": null, ""projection_source"": ""nso"", ""projection_variant"": ""medium"", ""spatial_level"": ""national""}}",NNE,1.08,478.53,medium,ERA5 atmospheric dispersion (ref 1991-2020) | prevailing_wind=NNE(22deg) | mean_speed=1.1m/s | mean_BLH=479m | p5_BLH=262m | stable_frac=0.511 | stability=[A=0.0% B=0.0% C=48.9% D=0.0% E=51.1% F=0.0%] | wind_rose_dominant=NNE | source=copernicus_era5,,,,karsts and chalkstones,,medium,,2026-04-20 21:28:46.584913+00:00,audit_postlogging_20260421,api,merge_phase2_20260421
BA,Miljevina power station,aa0bdb5e-45aa-4d15-8aee-cb5b0e14f5d9,19.67,18.59,12.85,43.38,1545,14950,25220,872096,ghsl_pop_100m_r2023a,"5 km: 1,545 pop, 20 p/km²; 16 km: 14,950 pop, 19 p/km²; 25 km: 25,220 pop, 13 p/km²; 80 km: 872,096 pop, 43 p/km²; Epoch: 2020; Source: GHS-POP R2023A 100 m (Mollweide)",,,,gisco_urau_2021,No city >50k within search radius; Cities >50k within 25 km: 0; Cities >50k within 80 km: 0; Settlement hierarchy: rural; Source: Eurostat GISCO Urban Audit 2021 + urb_cpop1,-1.328,13845,ghsl_pop_100m_r2023a,"{""ghsl_note"": ""CAGR 2020\u21922030 from GHS-POP R2023A multi-epoch data"", ""s17_eurostat_supplement"": {""base_population"": null, ""base_year"": 2023, ""projected_pop_2030"": 3100000, ""projected_pop_2040"": 2850000, ""projected_pop_2050"": 2580000, ""projected_pop_2060"": 2310000, ""projected_pop_2080"": 1880000, ""pop_change_pct_2050"": null, ""pop_change_pct_2080"": null, ""receptor_growth_factor_60yr"": null, ""projection_lo_2050"": null, ""projection_hi_2050"": null, ""projection_lo_2080"": null, ""projection_hi_2080"": null, ""growth_classification"": ""stable"", ""urban_expansion_pressure"": null, ""median_age_2050"": 48.0, ""old_age_dependency_2050"": 0.43, ""net_migration_rate_projected"": null, ""projection_source"": ""nso"", ""projection_variant"": ""medium"", ""spatial_level"": ""national""}}",SSW,0.53,461.84,medium,ERA5 atmospheric dispersion (ref 1991-2020) | prevailing_wind=SSW(202deg) | mean_speed=0.5m/s | mean_BLH=462m | p5_BLH=230m | stable_frac=0.567 | stability=[A=0.0% B=0.0% C=43.3% D=0.0% E=56.7% F=0.0%] | wind_rose_dominant=SSW | source=copernicus_era5,,,,sedimentary sands,,medium,,2026-04-20 21:28:46.597673+00:00,audit_postlogging_20260421,api,merge_phase2_20260421
BA,Stanari Thermal Power Plant,e75c63e5-ef2f-4e08-8f8c-3da41215af9d,51.52,52.52,86.6,85.07,4046,42237,170016,1710142,ghsl_pop_100m_r2023a,"5 km: 4,046 pop, 52 p/km²; 16 km: 42,237 pop, 53 p/km²; 25 km: 170,016 pop, 87 p/km²; 80 km: 1,710,142 pop, 85 p/km²; Epoch: 2020; Source: GHS-POP R2023A 100 m (Mollweide)",,,,gisco_urau_2021,No city >50k within search radius; Cities >50k within 25 km: 0; Cities >50k within 80 km: 0; Settlement hierarchy: rural; Source: Eurostat GISCO Urban Audit 2021 + urb_cpop1,-1.266,93305,ghsl_pop_100m_r2023a,"{""ghsl_note"": ""CAGR 2020\u21922030 from GHS-POP R2023A multi-epoch data"", ""s17_eurostat_supplement"": {""base_population"": null, ""base_year"": 2023, ""projected_pop_2030"": 3100000, ""projected_pop_2040"": 2850000, ""projected_pop_2050"": 2580000, ""projected_pop_2060"": 2310000, ""projected_pop_2080"": 1880000, ""pop_change_pct_2050"": null, ""pop_change_pct_2080"": null, ""receptor_growth_factor_60yr"": null, ""projection_lo_2050"": null, ""projection_hi_2050"": null, ""projection_lo_2080"": null, ""projection_hi_2080"": null, ""growth_classification"": ""stable"", ""urban_expansion_pressure"": null, ""median_age_2050"": 48.0, ""old_age_dependency_2050"": 0.43, ""net_migration_rate_projected"": null, ""projection_source"": ""nso"", ""projection_variant"": ""medium"", ""spatial_level"": ""national""}}",SSW,0.5,394.58,medium,ERA5 atmospheric dispersion (ref 1991-2020) | prevailing_wind=SSW(202deg) | mean_speed=0.5m/s | mean_BLH=395m | p5_BLH=190m | stable_frac=0.772 | stability=[A=0.0% B=0.0% C=22.8% D=0.0% E=77.2% F=0.0%] | wind_rose_dominant=SSW | source=copernicus_era5,,,,sedimentary sands,,medium,,2026-04-20 21:28:46.609967+00:00,audit_postlogging_20260421,api,merge_phase2_20260421
BA,Tuzla Thermal Power Plant,0fb50bcc-5616-40d8-9109-8136a958f18d,505.97,280.36,158.73,100.56,39735,225454,311639,2021560,ghsl_pop_100m_r2023a,"5 km: 39,735 pop, 506 p/km²; 16 km: 225,454 pop, 280 p/km²; 25 km: 311,639 pop, 159 p/km²; 80 km: 2,021,560 pop, 101 p/km²; Epoch: 2020; Source: GHS-POP R2023A 100 m (Mollweide)",,,,gisco_urau_2021,No city >50k within search radius; Cities >50k within 25 km: 0; Cities >50k within 80 km: 0; Settlement hierarchy: rural; Source: Eurostat GISCO Urban Audit 2021 + urb_cpop1,-0.487,171019,ghsl_pop_100m_r2023a,"{""ghsl_note"": ""CAGR 2020\u21922030 from GHS-POP R2023A multi-epoch data"", ""s17_eurostat_supplement"": {""base_population"": null, ""base_year"": 2023, ""projected_pop_2030"": 3100000, ""projected_pop_2040"": 2850000, ""projected_pop_2050"": 2580000, ""projected_pop_2060"": 2310000, ""projected_pop_2080"": 1880000, ""pop_change_pct_2050"": null, ""pop_change_pct_2080"": null, ""receptor_growth_factor_60yr"": null, ""projection_lo_2050"": null, ""projection_hi_2050"": null, ""projection_lo_2080"": null, ""projection_hi_2080"": null, ""growth_classification"": ""stable"", ""urban_expansion_pressure"": null, ""median_age_2050"": 48.0, ""old_age_dependency_2050"": 0.43, ""net_migration_rate_projected"": null, ""projection_source"": ""nso"", ""projection_variant"": ""medium"", ""spatial_level"": ""national""}}",S,0.52,408.23,medium,ERA5 atmospheric dispersion (ref 1991-2020) | prevailing_wind=S(180deg) | mean_speed=0.5m/s | mean_BLH=408m | p5_BLH=198m | stable_frac=0.722 | stability=[A=0.0% B=0.0% C=27.8% D=0.0% E=72.2% F=0.0%] | wind_rose_dominant=S | source=copernicus_era5,,,,alluvial,,medium,,2026-04-20 21:28:46.621723+00:00,audit_postlogging_20260421,api,merge_phase2_20260421
BA,Ugljevik power station,a23d073a-cbbd-469a-b134-380945fd3f4c,116.69,68.27,127.97,87.16,9164,54901,251241,1752192,ghsl_pop_100m_r2023a,"5 km: 9,164 pop, 117 p/km²; 16 km: 54,901 pop, 68 p/km²; 25 km: 251,241 pop, 128 p/km²; 80 km: 1,752,192 pop, 87 p/km²; Epoch: 2020; Source: GHS-POP R2023A 100 m (Mollweide)",95.87,Osijek,92966.0,gisco_urau_2021,"Nearest city >50k: Osijek (92,966 pop) at 95.9 km; Cities >50k within 25 km: 0; Cities >50k within 80 km: 0; Settlement hierarchy: rural; Source: Eurostat GISCO Urban Audit 2021 + urb_cpop1",0.482,137878,ghsl_pop_100m_r2023a,"{""ghsl_note"": ""CAGR 2020\u21922030 from GHS-POP R2023A multi-epoch data"", ""s17_eurostat_supplement"": {""base_population"": null, ""base_year"": 2023, ""projected_pop_2030"": 3100000, ""projected_pop_2040"": 2850000, ""projected_pop_2050"": 2580000, ""projected_pop_2060"": 2310000, ""projected_pop_2080"": 1880000, ""pop_change_pct_2050"": null, ""pop_change_pct_2080"": null, ""receptor_growth_factor_60yr"": null, ""projection_lo_2050"": null, ""projection_hi_2050"": null, ""projection_lo_2080"": null, ""projection_hi_2080"": null, ""growth_classification"": ""stable"", ""urban_expansion_pressure"": null, ""median_age_2050"": 48.0, ""old_age_dependency_2050"": 0.43, ""net_migration_rate_projected"": null, ""projection_source"": ""nso"", ""projection_variant"": ""medium"", ""spatial_level"": ""national""}}",W,0.6,429.2,medium,ERA5 atmospheric dispersion (ref 1991-2020) | prevailing_wind=W(270deg) | mean_speed=0.6m/s | mean_BLH=429m | p5_BLH=211m | stable_frac=0.617 | stability=[A=0.0% B=0.0% C=38.3% D=0.0% E=61.7% F=0.0%] | wind_rose_dominant=W | source=copernicus_era5,,,,,,low,,2026-04-20 21:28:46.634194+00:00,audit_postlogging_20260421,api,merge_phase2_20260421
BG,Bobov Dol power station,b01fe781-dbc7-40f8-a544-946288020042,39.05,65.69,41.09,104.68,3067,52827,80679,2104482,ghsl_pop_100m_r2023a,"5 km: 3,067 pop, 39 p/km²; 16 km: 52,827 pop, 66 p/km²; 25 km: 80,679 pop, 41 p/km²; 80 km: 2,104,482 pop, 105 p/km²; Epoch: 2020; Source: GHS-POP R2023A 100 m (Mollweide)",35.29,Pernik,70285.0,gisco_urau_2021,"Nearest city >50k: Pernik (70,285 pop) at 35.3 km; Cities >50k within 25 km: 0; Cities >50k within 80 km: 2; Settlement hierarchy: rural; Source: Eurostat GISCO Urban Audit 2021 + urb_cpop1",-1.88,59955,ghsl_pop_100m_r2023a,"{""ghsl_note"": ""CAGR 2020\u21922030 from GHS-POP R2023A multi-epoch data"", ""s17_eurostat_supplement"": {""base_population"": null, ""base_year"": 2022, ""projected_pop_2030"": 6574153, ""projected_pop_2040"": 6155181, ""projected_pop_2050"": 5857619, ""projected_pop_2060"": 5577599, ""projected_pop_2080"": 5133224, ""pop_change_pct_2050"": null, ""pop_change_pct_2080"": null, ""receptor_growth_factor_60yr"": null, ""projection_lo_2050"": null, ""projection_hi_2050"": null, ""projection_lo_2080"": null, ""projection_hi_2080"": null, ""growth_classification"": ""stable"", ""urban_expansion_pressure"": null, ""median_age_2050"": 49.7, ""old_age_dependency_2050"": null, ""net_migration_rate_projected"": null, ""projection_source"": ""europop2023"", ""projection_variant"": ""baseline"", ""spatial_level"": ""national""}}",N,0.65,479.99,medium,ERA5 atmospheric dispersion (ref 1991-2020) | prevailing_wind=N(0deg) | mean_speed=0.7m/s | mean_BLH=480m | p5_BLH=223m | stable_frac=0.472 | stability=[A=0.0% B=0.0% C=52.8% D=0.0% E=47.2% F=0.0%] | wind_rose_dominant=N | source=copernicus_era5,,,,low permeability,,medium,,2026-04-20 21:28:46.646571+00:00,audit_postlogging_20260421,api,merge_phase2_20260421
BG,Brikel power station,fee1d5b3-827f-4172-8492-a3e114a3c39e,117.09,37.09,30.47,55.96,9195,29830,59830,1125097,ghsl_pop_100m_r2023a,"5 km: 9,195 pop, 117 p/km²; 16 km: 29,830 pop, 37 p/km²; 25 km: 59,830 pop, 30 p/km²; 80 km: 1,125,097 pop, 56 p/km²; Epoch: 2020; Source: GHS-POP R2023A 100 m (Mollweide)",36.99,Stara Zagora,124599.0,gisco_urau_2021,"Nearest city >50k: Stara Zagora (124,599 pop) at 37.0 km; Cities >50k within 25 km: 0; Cities >50k within 80 km: 3; Settlement hierarchy: rural; Source: Eurostat GISCO Urban Audit 2021 + urb_cpop1",-1.363,44459,ghsl_pop_100m_r2023a,"{""ghsl_note"": ""CAGR 2020\u21922030 from GHS-POP R2023A multi-epoch data"", ""s17_eurostat_supplement"": {""base_population"": null, ""base_year"": 2022, ""projected_pop_2030"": 6574153, ""projected_pop_2040"": 6155181, ""projected_pop_2050"": 5857619, ""projected_pop_2060"": 5577599, ""projected_pop_2080"": 5133224, ""pop_change_pct_2050"": null, ""pop_change_pct_2080"": null, ""receptor_growth_factor_60yr"": null, ""projection_lo_2050"": null, ""projection_hi_2050"": null, ""projection_lo_2080"": null, ""projection_hi_2080"": null, ""growth_classification"": ""stable"", ""urban_expansion_pressure"": null, ""median_age_2050"": 49.7, ""old_age_dependency_2050"": null, ""net_migration_rate_projected"": null, ""projection_source"": ""europop2023"", ""projection_variant"": ""baseline"", ""spatial_level"": ""national""}}",NNE,0.89,509.69,medium,ERA5 atmospheric dispersion (ref 1991-2020) | prevailing_wind=NNE(22deg) | mean_speed=0.9m/s | mean_BLH=510m | p5_BLH=251m | stable_frac=0.469 | stability=[A=0.0% B=0.0% C=53.1% D=0.0% E=46.9% F=0.0%] | wind_rose_dominant=NNE | source=copernicus_era5,,,,low permeability,,medium,,2026-04-20 21:28:46.659316+00:00,audit_postlogging_20260421,api,merge_phase2_20260421
BG,Deven power station,398cc0f2-25d5-428a-93c9-5e4859680e86,143.62,77.2,187.24,55.9,11279,62083,367608,1123894,ghsl_pop_100m_r2023a,"5 km: 11,279 pop, 144 p/km²; 16 km: 62,083 pop, 77 p/km²; 25 km: 367,608 pop, 187 p/km²; 80 km: 1,123,894 pop, 56 p/km²; Epoch: 2020; Source: GHS-POP R2023A 100 m (Mollweide)",20.31,Varna,332686.0,gisco_urau_2021,"Nearest city >50k: Varna (332,686 pop) at 20.3 km; Cities >50k within 25 km: 1; Cities >50k within 80 km: 4; Settlement hierarchy: periurban; Source: Eurostat GISCO Urban Audit 2021 + urb_cpop1",-0.31,273205,ghsl_pop_100m_r2023a,"{""ghsl_note"": ""CAGR 2020\u21922030 from GHS-POP R2023A multi-epoch data"", ""s17_eurostat_supplement"": {""base_population"": null, ""base_year"": 2022, ""projected_pop_2030"": 6574153, ""projected_pop_2040"": 6155181, ""projected_pop_2050"": 5857619, ""projected_pop_2060"": 5577599, ""projected_pop_2080"": 5133224, ""pop_change_pct_2050"": null, ""pop_change_pct_2080"": null, ""receptor_growth_factor_60yr"": null, ""projection_lo_2050"": null, ""projection_hi_2050"": null, ""projection_lo_2080"": null, ""projection_hi_2080"": null, ""growth_classification"": ""stable"", ""urban_expansion_pressure"": null, ""median_age_2050"": 49.7, ""old_age_dependency_2050"": null, ""net_migration_rate_projected"": null, ""projection_source"": ""europop2023"", ""projection_variant"": ""baseline"", ""spatial_level"": ""national""}}",NNW,1.06,479.52,medium,ERA5 atmospheric dispersion (ref 1991-2020) | prevailing_wind=NNW(338deg) | mean_speed=1.1m/s | mean_BLH=480m | p5_BLH=327m | stable_frac=0.575 | stability=[A=0.0% B=0.0% C=42.5% D=0.0% E=57.5% F=0.0%] | wind_rose_dominant=NNW | source=copernicus_era5,,,,low permeability,,medium,,2026-04-20 21:28:46.672049+00:00,audit_postlogging_20260421,api,merge_phase2_20260421
BG,Lom Power Station,30c9e377-b575-46fa-880f-922c46e6500a,176.2,42.44,37.27,52.18,13837,34127,73177,1049045,ghsl_pop_100m_r2023a,"5 km: 13,837 pop, 176 p/km²; 16 km: 34,127 pop, 42 p/km²; 25 km: 73,177 pop, 37 p/km²; 80 km: 1,049,045 pop, 52 p/km²; Epoch: 2020; Source: GHS-POP R2023A 100 m (Mollweide)",75.59,Craiova,301269.0,gisco_urau_2021,"Nearest city >50k: Craiova (301,269 pop) at 75.6 km; Cities >50k within 25 km: 0; Cities >50k within 80 km: 1; Settlement hierarchy: rural; Source: Eurostat GISCO Urban Audit 2021 + urb_cpop1",-1.578,54381,ghsl_pop_100m_r2023a,"{""ghsl_note"": ""CAGR 2020\u21922030 from GHS-POP R2023A multi-epoch data"", ""s17_eurostat_supplement"": {""base_population"": null, ""base_year"": 2022, ""projected_pop_2030"": 6574153, ""projected_pop_2040"": 6155181, ""projected_pop_2050"": 5857619, ""projected_pop_2060"": 5577599, ""projected_pop_2080"": 5133224, ""pop_change_pct_2050"": null, ""pop_change_pct_2080"": null, ""receptor_growth_factor_60yr"": null, ""projection_lo_2050"": null, ""projection_hi_2050"": null, ""projection_lo_2080"": null, ""projection_hi_2080"": null, ""growth_classification"": ""stable"", ""urban_expansion_pressure"": null, ""median_age_2050"": 49.7, ""old_age_dependency_2050"": null, ""net_migration_rate_projected"": null, ""projection_source"": ""europop2023"", ""projection_variant"": ""baseline"", ""spatial_level"": ""national""}}",W,0.99,523.71,medium,ERA5 atmospheric dispersion (ref 1991-2020) | prevailing_wind=W(270deg) | mean_speed=1.0m/s | mean_BLH=524m | p5_BLH=235m | stable_frac=0.469 | stability=[A=0.0% B=0.8% C=52.2% D=0.0% E=46.9% F=0.0%] | wind_rose_dominant=W | source=copernicus_era5,,,,sedimentary sands,,medium,,2026-04-20 21:28:46.684448+00:00,audit_postlogging_20260421,api,merge_phase2_20260421
BG,Maritsa 3 power station,3bb6666f-de2f-4c6f-a28e-c3bddb71b54a,316.0,131.18,76.36,65.72,24816,105493,149923,1321265,ghsl_pop_100m_r2023a,"5 km: 24,816 pop, 316 p/km²; 16 km: 105,493 pop, 131 p/km²; 25 km: 149,923 pop, 76 p/km²; 80 km: 1,321,265 pop, 66 p/km²; Epoch: 2020; Source: GHS-POP R2023A 100 m (Mollweide)",18.01,Haskovo,67086.0,gisco_urau_2021,"Nearest city >50k: Haskovo (67,086 pop) at 18.0 km; Cities >50k within 25 km: 1; Cities >50k within 80 km: 3; Settlement hierarchy: periurban; Source: Eurostat GISCO Urban Audit 2021 + urb_cpop1",-1.486,111418,ghsl_pop_100m_r2023a,"{""ghsl_note"": ""CAGR 2020\u21922030 from GHS-POP R2023A multi-epoch data"", ""s17_eurostat_supplement"": {""base_population"": null, ""base_year"": 2022, ""projected_pop_2030"": 6574153, ""projected_pop_2040"": 6155181, ""projected_pop_2050"": 5857619, ""projected_pop_2060"": 5577599, ""projected_pop_2080"": 5133224, ""pop_change_pct_2050"": null, ""pop_change_pct_2080"": null, ""receptor_growth_factor_60yr"": null, ""projection_lo_2050"": null, ""projection_hi_2050"": null, ""projection_lo_2080"": null, ""projection_hi_2080"": null, ""growth_classification"": ""stable"", ""urban_expansion_pressure"": null, ""median_age_2050"": 49.7, ""old_age_dependency_2050"": null, ""net_migration_rate_projected"": null, ""projection_source"": ""europop2023"", ""projection_variant"": ""baseline"", ""spatial_level"": ""national""}}",NW,0.78,482.07,medium,ERA5 atmospheric dispersion (ref 1991-2020) | prevailing_wind=NW(315deg) | mean_speed=0.8m/s | mean_BLH=482m | p5_BLH=221m | stable_frac=0.544 | stability=[A=0.0% B=0.0% C=45.6% D=0.0% E=54.2% F=0.3%] | wind_rose_dominant=NW | source=copernicus_era5,,,,low permeability,,medium,,2026-04-20 21:28:46.696444+00:00,audit_postlogging_20260421,api,merge_phase2_20260421
BG,Maritsa Iztok-1 power station,d12d7173-8595-4b53-92af-75b44b5a2fb7,117.63,38.38,30.44,55.83,9238,30866,59757,1122465,ghsl_pop_100m_r2023a,"5 km: 9,238 pop, 118 p/km²; 16 km: 30,866 pop, 38 p/km²; 25 km: 59,757 pop, 30 p/km²; 80 km: 1,122,465 pop, 56 p/km²; Epoch: 2020; Source: GHS-POP R2023A 100 m (Mollweide)",36.84,Stara Zagora,124599.0,gisco_urau_2021,"Nearest city >50k: Stara Zagora (124,599 pop) at 36.8 km; Cities >50k within 25 km: 0; Cities >50k within 80 km: 3; Settlement hierarchy: rural; Source: Eurostat GISCO Urban Audit 2021 + urb_cpop1",-1.372,44416,ghsl_pop_100m_r2023a,"{""ghsl_note"": ""CAGR 2020\u21922030 from GHS-POP R2023A multi-epoch data"", ""s17_eurostat_supplement"": {""base_population"": null, ""base_year"": 2022, ""projected_pop_2030"": 6574153, ""projected_pop_2040"": 6155181, ""projected_pop_2050"": 5857619, ""projected_pop_2060"": 5577599, ""projected_pop_2080"": 5133224, ""pop_change_pct_2050"": null, ""pop_change_pct_2080"": null, ""receptor_growth_factor_60yr"": null, ""projection_lo_2050"": null, ""projection_hi_2050"": null, ""projection_lo_2080"": null, ""projection_hi_2080"": null, ""growth_classification"": ""stable"", ""urban_expansion_pressure"": null, ""median_age_2050"": 49.7, ""old_age_dependency_2050"": null, ""net_migration_rate_projected"": null, ""projection_source"": ""europop2023"", ""projection_variant"": ""baseline"", ""spatial_level"": ""national""}}",NNE,0.89,509.69,medium,ERA5 atmospheric dispersion (ref 1991-2020) | prevailing_wind=NNE(22deg) | mean_speed=0.9m/s | mean_BLH=510m | p5_BLH=251m | stable_frac=0.469 | stability=[A=0.0% B=0.0% C=53.1% D=0.0% E=46.9% F=0.0%] | wind_rose_dominant=NNE | source=copernicus_era5,,,,low permeability,,medium,,2026-04-20 21:28:46.710216+00:00,audit_postlogging_20260421,api,merge_phase2_20260421
BG,Maritsa Iztok-2 power station,ec5f337a-ca52-4b86-a0f4-4933eac349e3,51.84,15.45,22.6,51.44,4071,12424,44362,1034226,ghsl_pop_100m_r2023a,"5 km: 4,071 pop, 52 p/km²; 16 km: 12,424 pop, 15 p/km²; 25 km: 44,362 pop, 23 p/km²; 80 km: 1,034,226 pop, 51 p/km²; Epoch: 2020; Source: GHS-POP R2023A 100 m (Mollweide)",46.03,Stara Zagora,124599.0,gisco_urau_2021,"Nearest city >50k: Stara Zagora (124,599 pop) at 46.0 km; Cities >50k within 25 km: 0; Cities >50k within 80 km: 3; Settlement hierarchy: rural; Source: Eurostat GISCO Urban Audit 2021 + urb_cpop1",-1.394,32976,ghsl_pop_100m_r2023a,"{""ghsl_note"": ""CAGR 2020\u21922030 from GHS-POP R2023A multi-epoch data"", ""s17_eurostat_supplement"": {""base_population"": null, ""base_year"": 2022, ""projected_pop_2030"": 6574153, ""projected_pop_2040"": 6155181, ""projected_pop_2050"": 5857619, ""projected_pop_2060"": 5577599, ""projected_pop_2080"": 5133224, ""pop_change_pct_2050"": null, ""pop_change_pct_2080"": null, ""receptor_growth_factor_60yr"": null, ""projection_lo_2050"": null, ""projection_hi_2050"": null, ""projection_lo_2080"": null, ""projection_hi_2080"": null, ""growth_classification"": ""stable"", ""urban_expansion_pressure"": null, ""median_age_2050"": 49.7, ""old_age_dependency_2050"": null, ""net_migration_rate_projected"": null, ""projection_source"": ""europop2023"", ""projection_variant"": ""baseline"", ""spatial_level"": ""national""}}",NE,0.95,510.97,medium,ERA5 atmospheric dispersion (ref 1991-2020) | prevailing_wind=NE(45deg) | mean_speed=0.9m/s | mean_BLH=511m | p5_BLH=276m | stable_frac=0.450 | stability=[A=0.0% B=0.0% C=55.0% D=0.0% E=45.0% F=0.0%] | wind_rose_dominant=NE | source=copernicus_era5,,,,low permeability,,medium,,2026-04-20 21:28:46.721754+00:00,audit_postlogging_20260421,api,merge_phase2_20260421
BG,Maritsa Iztok-3 power station,0e860f58-416b-4116-836d-04edf8ded225,16.2,25.94,26.41,55.07,1272,20862,51855,1107068,ghsl_pop_100m_r2023a,"5 km: 1,272 pop, 16 p/km²; 16 km: 20,862 pop, 26 p/km²; 25 km: 51,855 pop, 26 p/km²; 80 km: 1,107,068 pop, 55 p/km²; Epoch: 2020; Source: GHS-POP R2023A 100 m (Mollweide)",43.28,Stara Zagora,124599.0,gisco_urau_2021,"Nearest city >50k: Stara Zagora (124,599 pop) at 43.3 km; Cities >50k within 25 km: 0; Cities >50k within 80 km: 3; Settlement hierarchy: rural; Source: Eurostat GISCO Urban Audit 2021 + urb_cpop1",-1.379,38535,ghsl_pop_100m_r2023a,"{""ghsl_note"": ""CAGR 2020\u21922030 from GHS-POP R2023A multi-epoch data"", ""s17_eurostat_supplement"": {""base_population"": null, ""base_year"": 2022, ""projected_pop_2030"": 6574153, ""projected_pop_2040"": 6155181, ""projected_pop_2050"": 5857619, ""projected_pop_2060"": 5577599, ""projected_pop_2080"": 5133224, ""pop_change_pct_2050"": null, ""pop_change_pct_2080"": null, ""receptor_growth_factor_60yr"": null, ""projection_lo_2050"": null, ""projection_hi_2050"": null, ""projection_lo_2080"": null, ""projection_hi_2080"": null, ""growth_classification"": ""stable"", ""urban_expansion_pressure"": null, ""median_age_2050"": 49.7, ""old_age_dependency_2050"": null, ""net_migration_rate_projected"": null, ""projection_source"": ""europop2023"", ""projection_variant"": ""baseline"", ""spatial_level"": ""national""}}",NNE,0.89,509.69,medium,ERA5 atmospheric dispersion (ref 1991-2020) | prevailing_wind=NNE(22deg) | mean_speed=0.9m/s | mean_BLH=510m | p5_BLH=251m | stable_frac=0.469 | stability=[A=0.0% B=0.0% C=53.1% D=0.0% E=46.9% F=0.0%] | wind_rose_dominant=NNE | source=copernicus_era5,,,,low permeability,,medium,,2026-04-20 21:28:46.733991+00:00,audit_postlogging_20260421,api,merge_phase2_20260421
BG,Maritsa Iztok-4 power station,b1bcb7d3-cd40-40c9-9c59-a01fa71053b3,16.12,25.94,26.49,55.16,1266,20861,51998,1108973,ghsl_pop_100m_r2023a,"5 km: 1,266 pop, 16 p/km²; 16 km: 20,861 pop, 26 p/km²; 25 km: 51,998 pop, 26 p/km²; 80 km: 1,108,973 pop, 55 p/km²; Epoch: 2020; Source: GHS-POP R2023A 100 m (Mollweide)",43.35,Stara Zagora,124599.0,gisco_urau_2021,"Nearest city >50k: Stara Zagora (124,599 pop) at 43.3 km; Cities >50k within 25 km: 0; Cities >50k within 80 km: 3; Settlement hierarchy: rural; Source: Eurostat GISCO Urban Audit 2021 + urb_cpop1",-1.38,38652,ghsl_pop_100m_r2023a,"{""ghsl_note"": ""CAGR 2020\u21922030 from GHS-POP R2023A multi-epoch data"", ""s17_eurostat_supplement"": {""base_population"": null, ""base_year"": 2022, ""projected_pop_2030"": 6574153, ""projected_pop_2040"": 6155181, ""projected_pop_2050"": 5857619, ""projected_pop_2060"": 5577599, ""projected_pop_2080"": 5133224, ""pop_change_pct_2050"": null, ""pop_change_pct_2080"": null, ""receptor_growth_factor_60yr"": null, ""projection_lo_2050"": null, ""projection_hi_2050"": null, ""projection_lo_2080"": null, ""projection_hi_2080"": null, ""growth_classification"": ""stable"", ""urban_expansion_pressure"": null, ""median_age_2050"": 49.7, ""old_age_dependency_2050"": null, ""net_migration_rate_projected"": null, ""projection_source"": ""europop2023"", ""projection_variant"": ""baseline"", ""spatial_level"": ""national""}}",NNE,0.89,509.69,medium,ERA5 atmospheric dispersion (ref 1991-2020) | prevailing_wind=NNE(22deg) | mean_speed=0.9m/s | mean_BLH=510m | p5_BLH=251m | stable_frac=0.469 | stability=[A=0.0% B=0.0% C=53.1% D=0.0% E=46.9% F=0.0%] | wind_rose_dominant=NNE | source=copernicus_era5,,,,low permeability,,medium,,2026-04-20 21:28:46.746504+00:00,audit_postlogging_20260421,api,merge_phase2_20260421
BG,Republika power station,33a015dd-51e0-497e-b0d3-4b1b3f070438,807.96,254.09,533.2,106.22,63451,204327,1046821,2135443,ghsl_pop_100m_r2023a,"5 km: 63,451 pop, 808 p/km²; 16 km: 204,327 pop, 254 p/km²; 25 km: 1,046,821 pop, 533 p/km²; 80 km: 2,135,443 pop, 106 p/km²; Epoch: 2020; Source: GHS-POP R2023A 100 m (Mollweide)",0.63,Pernik,70285.0,gisco_urau_2021,"Nearest city >50k: Pernik (70,285 pop) at 0.6 km; Cities >50k within 25 km: 1; Cities >50k within 80 km: 2; Settlement hierarchy: periurban; Source: Eurostat GISCO Urban Audit 2021 + urb_cpop1",-0.379,778002,ghsl_pop_100m_r2023a,"{""ghsl_note"": ""CAGR 2020\u21922030 from GHS-POP R2023A multi-epoch data"", ""s17_eurostat_supplement"": {""base_population"": null, ""base_year"": 2022, ""projected_pop_2030"": 6574153, ""projected_pop_2040"": 6155181, ""projected_pop_2050"": 5857619, ""projected_pop_2060"": 5577599, ""projected_pop_2080"": 5133224, ""pop_change_pct_2050"": null, ""pop_change_pct_2080"": null, ""receptor_growth_factor_60yr"": null, ""projection_lo_2050"": null, ""projection_hi_2050"": null, ""projection_lo_2080"": null, ""projection_hi_2080"": null, ""growth_classification"": ""stable"", ""urban_expansion_pressure"": null, ""median_age_2050"": 49.7, ""old_age_dependency_2050"": null, ""net_migration_rate_projected"": null, ""projection_source"": ""europop2023"", ""projection_variant"": ""baseline"", ""spatial_level"": ""national""}}",N,0.59,495.06,medium,ERA5 atmospheric dispersion (ref 1991-2020) | prevailing_wind=N(0deg) | mean_speed=0.6m/s | mean_BLH=495m | p5_BLH=230m | stable_frac=0.436 | stability=[A=0.0% B=0.0% C=56.4% D=0.0% E=43.6% F=0.0%] | wind_rose_dominant=N | source=copernicus_era5,,,,low permeability,,medium,,2026-04-20 21:28:46.758142+00:00,audit_postlogging_20260421,api,merge_phase2_20260421
BG,Ruse Iztok power station,704ef487-f600-4f23-b06e-a0f81b627597,1072.82,275.37,131.04,165.38,84251,221442,257273,3324839,ghsl_pop_100m_r2023a,"5 km: 84,251 pop, 1073 p/km²; 16 km: 221,442 pop, 275 p/km²; 25 km: 257,273 pop, 131 p/km²; 80 km: 3,324,839 pop, 165 p/km²; Epoch: 2020; Source: GHS-POP R2023A 100 m (Mollweide)",9.81,Ruse,133813.0,gisco_urau_2021,"Nearest city >50k: Ruse (133,813 pop) at 9.8 km; Cities >50k within 25 km: 1; Cities >50k within 80 km: 2; Settlement hierarchy: suburban; Source: Eurostat GISCO Urban Audit 2021 + urb_cpop1",-1.12,191203,ghsl_pop_100m_r2023a,"{""ghsl_note"": ""CAGR 2020\u21922030 from GHS-POP R2023A multi-epoch data"", ""s17_eurostat_supplement"": {""base_population"": null, ""base_year"": 2022, ""projected_pop_2030"": 6574153, ""projected_pop_2040"": 6155181, ""projected_pop_2050"": 5857619, ""projected_pop_2060"": 5577599, ""projected_pop_2080"": 5133224, ""pop_change_pct_2050"": null, ""pop_change_pct_2080"": null, ""receptor_growth_factor_60yr"": null, ""projection_lo_2050"": null, ""projection_hi_2050"": null, ""projection_lo_2080"": null, ""projection_hi_2080"": null, ""growth_classification"": ""stable"", ""urban_expansion_pressure"": null, ""median_age_2050"": 49.7, ""old_age_dependency_2050"": null, ""net_migration_rate_projected"": null, ""projection_source"": ""europop2023"", ""projection_variant"": ""baseline"", ""spatial_level"": ""national""}}",SW,0.83,478.16,medium,ERA5 atmospheric dispersion (ref 1991-2020) | prevailing_wind=SW(225deg) | mean_speed=0.8m/s | mean_BLH=478m | p5_BLH=245m | stable_frac=0.506 | stability=[A=0.0% B=0.0% C=49.4% D=0.0% E=50.6% F=0.0%] | wind_rose_dominant=SW | source=copernicus_era5,,,,karsts and chalkstones,,medium,,2026-04-20 21:28:46.770130+00:00,audit_postlogging_20260421,api,merge_phase2_20260421
BG,Sliven power station,93685558-3355-4da2-9a4a-4cccd89f9269,830.44,128.36,90.55,46.26,65216,103225,177772,929933,ghsl_pop_100m_r2023a,"5 km: 65,216 pop, 830 p/km²; 16 km: 103,225 pop, 128 p/km²; 25 km: 177,772 pop, 91 p/km²; 80 km: 929,933 pop, 46 p/km²; Epoch: 2020; Source: GHS-POP R2023A 100 m (Mollweide)",2.17,Sliven,82251.0,gisco_urau_2021,"Nearest city >50k: Sliven (82,251 pop) at 2.2 km; Cities >50k within 25 km: 1; Cities >50k within 80 km: 3; Settlement hierarchy: periurban; Source: Eurostat GISCO Urban Audit 2021 + urb_cpop1",-1.505,132123,ghsl_pop_100m_r2023a,"{""ghsl_note"": ""CAGR 2020\u21922030 from GHS-POP R2023A multi-epoch data"", ""s17_eurostat_supplement"": {""base_population"": null, ""base_year"": 2022, ""projected_pop_2030"": 6574153, ""projected_pop_2040"": 6155181, ""projected_pop_2050"": 5857619, ""projected_pop_2060"": 5577599, ""projected_pop_2080"": 5133224, ""pop_change_pct_2050"": null, ""pop_change_pct_2080"": null, ""receptor_growth_factor_60yr"": null, ""projection_lo_2050"": null, ""projection_hi_2050"": null, ""projection_lo_2080"": null, ""projection_hi_2080"": null, ""growth_classification"": ""stable"", ""urban_expansion_pressure"": null, ""median_age_2050"": 49.7, ""old_age_dependency_2050"": null, ""net_migration_rate_projected"": null, ""projection_source"": ""europop2023"", ""projection_variant"": ""baseline"", ""spatial_level"": ""national""}}",NNW,0.84,466.16,medium,ERA5 atmospheric dispersion (ref 1991-2020) | prevailing_wind=NNW(338deg) | mean_speed=0.8m/s | mean_BLH=466m | p5_BLH=260m | stable_frac=0.550 | stability=[A=0.0% B=0.0% C=45.0% D=0.0% E=55.0% F=0.0%] | wind_rose_dominant=NNW | source=copernicus_era5,,,,low permeability,,medium,,2026-04-20 21:28:46.782825+00:00,audit_postlogging_20260421,api,merge_phase2_20260421
BG,Svilosa power station,2fb27566-cc7b-4530-8ff9-e55e3a1985bd,292.47,71.08,47.81,61.2,22968,57162,93874,1230317,ghsl_pop_100m_r2023a,"5 km: 22,968 pop, 292 p/km²; 16 km: 57,162 pop, 71 p/km²; 25 km: 93,874 pop, 48 p/km²; 80 km: 1,230,317 pop, 61 p/km²; Epoch: 2020; Source: GHS-POP R2023A 100 m (Mollweide)",58.59,Pleven,89823.0,gisco_urau_2021,"Nearest city >50k: Pleven (89,823 pop) at 58.6 km; Cities >50k within 25 km: 0; Cities >50k within 80 km: 3; Settlement hierarchy: rural; Source: Eurostat GISCO Urban Audit 2021 + urb_cpop1",-0.95,69760,ghsl_pop_100m_r2023a,"{""ghsl_note"": ""CAGR 2020\u21922030 from GHS-POP R2023A multi-epoch data"", ""s17_eurostat_supplement"": {""base_population"": null, ""base_year"": 2022, ""projected_pop_2030"": 6574153, ""projected_pop_2040"": 6155181, ""projected_pop_2050"": 5857619, ""projected_pop_2060"": 5577599, ""projected_pop_2080"": 5133224, ""pop_change_pct_2050"": null, ""pop_change_pct_2080"": null, ""receptor_growth_factor_60yr"": null, ""projection_lo_2050"": null, ""projection_hi_2050"": null, ""projection_lo_2080"": null, ""projection_hi_2080"": null, ""growth_classification"": ""stable"", ""urban_expansion_pressure"": null, ""median_age_2050"": 49.7, ""old_age_dependency_2050"": null, ""net_migration_rate_projected"": null, ""projection_source"": ""europop2023"", ""projection_variant"": ""baseline"", ""spatial_level"": ""national""}}",WSW,0.76,471.79,medium,ERA5 atmospheric dispersion (ref 1991-2020) | prevailing_wind=WSW(248deg) | mean_speed=0.8m/s | mean_BLH=472m | p5_BLH=219m | stable_frac=0.542 | stability=[A=0.0% B=0.3% C=45.6% D=0.0% E=54.2% F=0.0%] | wind_rose_dominant=WSW | source=copernicus_era5,,,,karsts and chalkstones,,medium,,2026-04-20 21:28:46.795901+00:00,audit_postlogging_20260421,api,merge_phase2_20260421
BG,Varna power station,85c56b15-450b-4bb1-b75e-5ea00ee51cb2,130.32,407.16,219.71,50.67,10234,327424,431363,1018759,ghsl_pop_100m_r2023a,"5 km: 10,234 pop, 130 p/km²; 16 km: 327,424 pop, 407 p/km²; 25 km: 431,363 pop, 220 p/km²; 80 km: 1,018,759 pop, 51 p/km²; Epoch: 2020; Source: GHS-POP R2023A 100 m (Mollweide)",9.55,Varna,332686.0,gisco_urau_2021,"Nearest city >50k: Varna (332,686 pop) at 9.6 km; Cities >50k within 25 km: 1; Cities >50k within 80 km: 4; Settlement hierarchy: suburban; Source: Eurostat GISCO Urban Audit 2021 + urb_cpop1",-0.309,320583,ghsl_pop_100m_r2023a,"{""ghsl_note"": ""CAGR 2020\u21922030 from GHS-POP R2023A multi-epoch data"", ""s17_eurostat_supplement"": {""base_population"": null, ""base_year"": 2022, ""projected_pop_2030"": 6574153, ""projected_pop_2040"": 6155181, ""projected_pop_2050"": 5857619, ""projected_pop_2060"": 5577599, ""projected_pop_2080"": 5133224, ""pop_change_pct_2050"": null, ""pop_change_pct_2080"": null, ""receptor_growth_factor_60yr"": null, ""projection_lo_2050"": null, ""projection_hi_2050"": null, ""projection_lo_2080"": null, ""projection_hi_2080"": null, ""growth_classification"": ""stable"", ""urban_expansion_pressure"": null, ""median_age_2050"": 49.7, ""old_age_dependency_2050"": null, ""net_migration_rate_projected"": null, ""projection_source"": ""europop2023"", ""projection_variant"": ""baseline"", ""spatial_level"": ""national""}}",NNW,1.06,479.52,medium,ERA5 atmospheric dispersion (ref 1991-2020) | prevailing_wind=NNW(338deg) | mean_speed=1.1m/s | mean_BLH=480m | p5_BLH=327m | stable_frac=0.575 | stability=[A=0.0% B=0.0% C=42.5% D=0.0% E=57.5% F=0.0%] | wind_rose_dominant=NNW | source=copernicus_era5,,,,low permeability,,medium,,2026-04-20 21:28:46.816172+00:00,audit_postlogging_20260421,api,merge_phase2_20260421
BG,Vidin Works power station,a064c7ae-e699-4a94-a18c-79bdfe42bce3,245.21,86.75,55.14,38.01,19257,69762,108261,764215,ghsl_pop_100m_r2023a,"5 km: 19,257 pop, 245 p/km²; 16 km: 69,762 pop, 87 p/km²; 25 km: 108,261 pop, 55 p/km²; 80 km: 764,215 pop, 38 p/km²; Epoch: 2020; Source: GHS-POP R2023A 100 m (Mollweide)",81.41,Drobeta-Turnu Severin,106707.0,gisco_urau_2021,"Nearest city >50k: Drobeta-Turnu Severin (106,707 pop) at 81.4 km; Cities >50k within 25 km: 0; Cities >50k within 80 km: 0; Settlement hierarchy: rural; Source: Eurostat GISCO Urban Audit 2021 + urb_cpop1",-1.697,80456,ghsl_pop_100m_r2023a,"{""ghsl_note"": ""CAGR 2020\u21922030 from GHS-POP R2023A multi-epoch data"", ""s17_eurostat_supplement"": {""base_population"": null, ""base_year"": 2022, ""projected_pop_2030"": 6574153, ""projected_pop_2040"": 6155181, ""projected_pop_2050"": 5857619, ""projected_pop_2060"": 5577599, ""projected_pop_2080"": 5133224, ""pop_change_pct_2050"": null, ""pop_change_pct_2080"": null, ""receptor_growth_factor_60yr"": null, ""projection_lo_2050"": null, ""projection_hi_2050"": null, ""projection_lo_2080"": null, ""projection_hi_2080"": null, ""growth_classification"": ""stable"", ""urban_expansion_pressure"": null, ""median_age_2050"": 49.7, ""old_age_dependency_2050"": null, ""net_migration_rate_projected"": null, ""projection_source"": ""europop2023"", ""projection_variant"": ""baseline"", ""spatial_level"": ""national""}}",W,1.04,526.74,medium,ERA5 atmospheric dispersion (ref 1991-2020) | prevailing_wind=W(270deg) | mean_speed=1.0m/s | mean_BLH=527m | p5_BLH=254m | stable_frac=0.467 | stability=[A=0.0% B=0.3% C=53.1% D=0.0% E=46.7% F=0.0%] | wind_rose_dominant=W | source=copernicus_era5,,,,inland water,,medium,,2026-04-20 21:28:46.828576+00:00,audit_postlogging_20260421,api,merge_phase2_20260421
BY,Lelchitsy power station,68aabff9-e662-4b9f-b37d-4c2ebc5f7539,184.84,22.1,10.47,20.09,14516,17775,20556,403815,ghsl_pop_100m_r2023a,"5 km: 14,516 pop, 185 p/km²; 16 km: 17,775 pop, 22 p/km²; 25 km: 20,556 pop, 10 p/km²; 80 km: 403,815 pop, 20 p/km²; Epoch: 2020; Source: GHS-POP R2023A 100 m (Mollweide)",,,,gisco_urau_2021,No city >50k within search radius; Cities >50k within 25 km: 0; Cities >50k within 80 km: 0; Settlement hierarchy: rural; Source: Eurostat GISCO Urban Audit 2021 + urb_cpop1,-0.944,12891,ghsl_pop_100m_r2023a,"{""ghsl_note"": ""CAGR 2020\u21922030 from GHS-POP R2023A multi-epoch data"", ""s17_eurostat_supplement"": {""base_population"": null, ""base_year"": 2023, ""projected_pop_2030"": 9000000, ""projected_pop_2040"": 8500000, ""projected_pop_2050"": 7900000, ""projected_pop_2060"": 7200000, ""projected_pop_2080"": 6100000, ""pop_change_pct_2050"": null, ""pop_change_pct_2080"": null, ""receptor_growth_factor_60yr"": null, ""projection_lo_2050"": null, ""projection_hi_2050"": null, ""projection_lo_2080"": null, ""projection_hi_2080"": null, ""growth_classification"": ""stable"", ""urban_expansion_pressure"": null, ""median_age_2050"": 46.5, ""old_age_dependency_2050"": 0.38, ""net_migration_rate_projected"": null, ""projection_source"": ""nso"", ""projection_variant"": ""medium"", ""spatial_level"": ""national""}}",WSW,1.49,569.72,medium,ERA5 atmospheric dispersion (ref 1991-2020) | prevailing_wind=WSW(248deg) | mean_speed=1.5m/s | mean_BLH=570m | p5_BLH=370m | stable_frac=0.311 | stability=[A=0.0% B=0.0% C=68.9% D=0.0% E=31.1% F=0.0%] | wind_rose_dominant=WSW | source=copernicus_era5,,,,alluvial,,medium,,2026-04-20 21:28:46.840975+00:00,audit_postlogging_20260421,api,merge_phase2_20260421
BY,Zelwa power station,fac3d0b5-36a5-48ae-8494-f2f08e4342f4,73.01,18.26,24.7,27.04,5734,14688,48500,543709,ghsl_pop_100m_r2023a,"5 km: 5,734 pop, 73 p/km²; 16 km: 14,688 pop, 18 p/km²; 25 km: 48,500 pop, 25 p/km²; 80 km: 543,709 pop, 27 p/km²; Epoch: 2020; Source: GHS-POP R2023A 100 m (Mollweide)",,,,gisco_urau_2021,No city >50k within search radius; Cities >50k within 25 km: 0; Cities >50k within 80 km: 0; Settlement hierarchy: rural; Source: Eurostat GISCO Urban Audit 2021 + urb_cpop1,-1.112,30411,ghsl_pop_100m_r2023a,"{""ghsl_note"": ""CAGR 2020\u21922030 from GHS-POP R2023A multi-epoch data"", ""s17_eurostat_supplement"": {""base_population"": null, ""base_year"": 2023, ""projected_pop_2030"": 9000000, ""projected_pop_2040"": 8500000, ""projected_pop_2050"": 7900000, ""projected_pop_2060"": 7200000, ""projected_pop_2080"": 6100000, ""pop_change_pct_2050"": null, ""pop_change_pct_2080"": null, ""receptor_growth_factor_60yr"": null, ""projection_lo_2050"": null, ""projection_hi_2050"": null, ""projection_lo_2080"": null, ""projection_hi_2080"": null, ""growth_classification"": ""stable"", ""urban_expansion_pressure"": null, ""median_age_2050"": 46.5, ""old_age_dependency_2050"": 0.38, ""net_migration_rate_projected"": null, ""projection_source"": ""nso"", ""projection_variant"": ""medium"", ""spatial_level"": ""national""}}",SW,1.6,566.69,medium,ERA5 atmospheric dispersion (ref 1991-2020) | prevailing_wind=SW(225deg) | mean_speed=1.6m/s | mean_BLH=567m | p5_BLH=384m | stable_frac=0.297 | stability=[A=0.0% B=0.0% C=70.3% D=0.0% E=29.7% F=0.0%] | wind_rose_dominant=SW | source=copernicus_era5,,,,alluvial,,medium,,2026-04-20 21:28:46.852863+00:00,audit_postlogging_20260421,api,merge_phase2_20260421
CZ,Chvaletice power station,d762ceeb-514f-43a6-9f91-a2d422ed6c60,89.08,113.34,146.01,175.62,6996,91144,286669,3530596,ghsl_pop_100m_r2023a,"5 km: 6,996 pop, 89 p/km²; 16 km: 91,144 pop, 113 p/km²; 25 km: 286,669 pop, 146 p/km²; 80 km: 3,530,596 pop, 176 p/km²; Epoch: 2020; Source: GHS-POP R2023A 100 m (Mollweide)",22.37,Pardubice,88520.0,gisco_urau_2021,"Nearest city >50k: Pardubice (88,520 pop) at 22.4 km; Cities >50k within 25 km: 1; Cities >50k within 80 km: 3; Settlement hierarchy: periurban; Source: Eurostat GISCO Urban Audit 2021 + urb_cpop1",-0.065,276242,ghsl_pop_100m_r2023a,"{""ghsl_note"": ""CAGR 2020\u21922030 from GHS-POP R2023A multi-epoch data"", ""s17_eurostat_supplement"": {""base_population"": null, ""base_year"": 2022, ""projected_pop_2030"": 10851301, ""projected_pop_2040"": 10716445, ""projected_pop_2050"": 10747331, ""projected_pop_2060"": 10713330, ""projected_pop_2080"": 10520741, ""pop_change_pct_2050"": null, ""pop_change_pct_2080"": null, ""receptor_growth_factor_60yr"": null, ""projection_lo_2050"": null, ""projection_hi_2050"": null, ""projection_lo_2080"": null, ""projection_hi_2080"": null, ""growth_classification"": ""stable"", ""urban_expansion_pressure"": null, ""median_age_2050"": 46.9, ""old_age_dependency_2050"": null, ""net_migration_rate_projected"": null, ""projection_source"": ""europop2023"", ""projection_variant"": ""baseline"", ""spatial_level"": ""national""}}",WSW,1.27,559.97,medium,ERA5 atmospheric dispersion (ref 1991-2020) | prevailing_wind=WSW(248deg) | mean_speed=1.3m/s | mean_BLH=560m | p5_BLH=364m | stable_frac=0.306 | stability=[A=0.0% B=0.0% C=69.4% D=0.0% E=30.6% F=0.0%] | wind_rose_dominant=WSW | source=copernicus_era5,,,,hard rocks,,medium,,2026-04-20 21:28:46.864716+00:00,audit_postlogging_20260421,api,merge_phase2_20260421
CZ,Detmarovice power station,a733fc13-11a4-4722-b62d-85c85a4f8ef3,379.31,670.2,602.34,299.54,29788,538949,1182580,6021960,ghsl_pop_100m_r2023a,"5 km: 29,788 pop, 379 p/km²; 16 km: 538,949 pop, 670 p/km²; 25 km: 1,182,580 pop, 602 p/km²; 80 km: 6,021,960 pop, 300 p/km²; Epoch: 2020; Source: GHS-POP R2023A 100 m (Mollweide)",11.94,Jastrzębie-Zdrój,82301.0,gisco_urau_2021,"Nearest city >50k: Jastrzębie-Zdrój (82,301 pop) at 11.9 km; Cities >50k within 25 km: 4; Cities >50k within 80 km: 18; Settlement hierarchy: periurban; Source: Eurostat GISCO Urban Audit 2021 + urb_cpop1",-0.137,1139591,ghsl_pop_100m_r2023a,"{""ghsl_note"": ""CAGR 2020\u21922030 from GHS-POP R2023A multi-epoch data"", ""s17_eurostat_supplement"": {""base_population"": null, ""base_year"": 2022, ""projected_pop_2030"": 10851301, ""projected_pop_2040"": 10716445, ""projected_pop_2050"": 10747331, ""projected_pop_2060"": 10713330, ""projected_pop_2080"": 10520741, ""pop_change_pct_2050"": null, ""pop_change_pct_2080"": null, ""receptor_growth_factor_60yr"": null, ""projection_lo_2050"": null, ""projection_hi_2050"": null, ""projection_lo_2080"": null, ""projection_hi_2080"": null, ""growth_classification"": ""stable"", ""urban_expansion_pressure"": null, ""median_age_2050"": 46.9, ""old_age_dependency_2050"": null, ""net_migration_rate_projected"": null, ""projection_source"": ""europop2023"", ""projection_variant"": ""baseline"", ""spatial_level"": ""national""}}",SSW,1.4,523.38,medium,ERA5 atmospheric dispersion (ref 1991-2020) | prevailing_wind=SSW(202deg) | mean_speed=1.4m/s | mean_BLH=523m | p5_BLH=341m | stable_frac=0.389 | stability=[A=0.0% B=0.0% C=61.1% D=0.0% E=38.9% F=0.0%] | wind_rose_dominant=SSW | source=copernicus_era5,,,,sedimentary sands,,medium,,2026-04-20 21:28:46.876404+00:00,audit_postlogging_20260421,api,merge_phase2_20260421
CZ,Hodonin power station,180880c2-7284-4723-b02a-a62348b9b40b,394.6,159.77,134.57,155.52,30989,128484,264205,3126608,ghsl_pop_100m_r2023a,"5 km: 30,989 pop, 395 p/km²; 16 km: 128,484 pop, 160 p/km²; 25 km: 264,205 pop, 135 p/km²; 80 km: 3,126,608 pop, 156 p/km²; Epoch: 2020; Source: GHS-POP R2023A 100 m (Mollweide)",55.63,Brno,379466.0,gisco_urau_2021,"Nearest city >50k: Brno (379,466 pop) at 55.6 km; Cities >50k within 25 km: 0; Cities >50k within 80 km: 4; Settlement hierarchy: rural; Source: Eurostat GISCO Urban Audit 2021 + urb_cpop1",-0.535,254598,ghsl_pop_100m_r2023a,"{""ghsl_note"": ""CAGR 2020\u21922030 from GHS-POP R2023A multi-epoch data"", ""s17_eurostat_supplement"": {""base_population"": null, ""base_year"": 2022, ""projected_pop_2030"": 10851301, ""projected_pop_2040"": 10716445, ""projected_pop_2050"": 10747331, ""projected_pop_2060"": 10713330, ""projected_pop_2080"": 10520741, ""pop_change_pct_2050"": null, ""pop_change_pct_2080"": null, ""receptor_growth_factor_60yr"": null, ""projection_lo_2050"": null, ""projection_hi_2050"": null, ""projection_lo_2080"": null, ""projection_hi_2080"": null, ""growth_classification"": ""stable"", ""urban_expansion_pressure"": null, ""median_age_2050"": 46.9, ""old_age_dependency_2050"": null, ""net_migration_rate_projected"": null, ""projection_source"": ""europop2023"", ""projection_variant"": ""baseline"", ""spatial_level"": ""national""}}",SE,1.04,571.9,medium,ERA5 atmospheric dispersion (ref 1991-2020) | prevailing_wind=SE(135deg) | mean_speed=1.0m/s | mean_BLH=572m | p5_BLH=355m | stable_frac=0.328 | stability=[A=0.0% B=0.0% C=67.2% D=0.0% E=32.8% F=0.0%] | wind_rose_dominant=SE | source=copernicus_era5,,,,sedimentary sands,,medium,,2026-04-20 21:28:46.889175+00:00,audit_postlogging_20260421,api,merge_phase2_20260421
CZ,Karvina power station,43e5b2b4-2ccf-46ab-b01e-e3d480146455,434.26,633.97,546.85,299.6,34103,509821,1073626,6023120,ghsl_pop_100m_r2023a,"5 km: 34,103 pop, 434 p/km²; 16 km: 509,821 pop, 634 p/km²; 25 km: 1,073,626 pop, 547 p/km²; 80 km: 6,023,120 pop, 300 p/km²; Epoch: 2020; Source: GHS-POP R2023A 100 m (Mollweide)",5.15,Havířov,69084.0,gisco_urau_2021,"Nearest city >50k: Havířov (69,084 pop) at 5.1 km; Cities >50k within 25 km: 3; Cities >50k within 80 km: 17; Settlement hierarchy: periurban; Source: Eurostat GISCO Urban Audit 2021 + urb_cpop1",-0.184,1034607,ghsl_pop_100m_r2023a,"{""ghsl_note"": ""CAGR 2020\u21922030 from GHS-POP R2023A multi-epoch data"", ""s17_eurostat_supplement"": {""base_population"": null, ""base_year"": 2022, ""projected_pop_2030"": 10851301, ""projected_pop_2040"": 10716445, ""projected_pop_2050"": 10747331, ""projected_pop_2060"": 10713330, ""projected_pop_2080"": 10520741, ""pop_change_pct_2050"": null, ""pop_change_pct_2080"": null, ""receptor_growth_factor_60yr"": null, ""projection_lo_2050"": null, ""projection_hi_2050"": null, ""projection_lo_2080"": null, ""projection_hi_2080"": null, ""growth_classification"": ""stable"", ""urban_expansion_pressure"": null, ""median_age_2050"": 46.9, ""old_age_dependency_2050"": null, ""net_migration_rate_projected"": null, ""projection_source"": ""europop2023"", ""projection_variant"": ""baseline"", ""spatial_level"": ""national""}}",SSW,1.28,505.2,medium,ERA5 atmospheric dispersion (ref 1991-2020) | prevailing_wind=SSW(202deg) | mean_speed=1.3m/s | mean_BLH=505m | p5_BLH=342m | stable_frac=0.458 | stability=[A=0.0% B=0.0% C=54.2% D=0.0% E=45.8% F=0.0%] | wind_rose_dominant=SSW | source=copernicus_era5,,,,sedimentary sands,,medium,,2026-04-20 21:28:46.902848+00:00,audit_postlogging_20260421,api,merge_phase2_20260421
CZ,Kladno power station,f1d2bca1-a7a9-4404-84c1-34fc8a59dab7,1071.22,323.05,513.0,195.29,84125,259788,1007163,3926111,ghsl_pop_100m_r2023a,"5 km: 84,125 pop, 1071 p/km²; 16 km: 259,788 pop, 323 p/km²; 25 km: 1,007,163 pop, 513 p/km²; 80 km: 3,926,111 pop, 195 p/km²; Epoch: 2020; Source: GHS-POP R2023A 100 m (Mollweide)",1.36,Kladno,66903.0,gisco_urau_2021,"Nearest city >50k: Kladno (66,903 pop) at 1.4 km; Cities >50k within 25 km: 1; Cities >50k within 80 km: 6; Settlement hierarchy: periurban; Source: Eurostat GISCO Urban Audit 2021 + urb_cpop1",0.711,970565,ghsl_pop_100m_r2023a,"{""ghsl_note"": ""CAGR 2020\u21922030 from GHS-POP R2023A multi-epoch data"", ""s17_eurostat_supplement"": {""base_population"": null, ""base_year"": 2022, ""projected_pop_2030"": 10851301, ""projected_pop_2040"": 10716445, ""projected_pop_2050"": 10747331, ""projected_pop_2060"": 10713330, ""projected_pop_2080"": 10520741, ""pop_change_pct_2050"": null, ""pop_change_pct_2080"": null, ""receptor_growth_factor_60yr"": null, ""projection_lo_2050"": null, ""projection_hi_2050"": null, ""projection_lo_2080"": null, ""projection_hi_2080"": null, ""growth_classification"": ""stable"", ""urban_expansion_pressure"": null, ""median_age_2050"": 46.9, ""old_age_dependency_2050"": null, ""net_migration_rate_projected"": null, ""projection_source"": ""europop2023"", ""projection_variant"": ""baseline"", ""spatial_level"": ""national""}}",WSW,1.34,573.71,medium,ERA5 atmospheric dispersion (ref 1991-2020) | prevailing_wind=WSW(248deg) | mean_speed=1.3m/s | mean_BLH=574m | p5_BLH=327m | stable_frac=0.322 | stability=[A=0.0% B=0.0% C=67.8% D=0.0% E=32.2% F=0.0%] | wind_rose_dominant=WSW | source=copernicus_era5,,,,sedimentary sands,,medium,,2026-04-20 21:28:46.916146+00:00,audit_postlogging_20260421,api,merge_phase2_20260421
CZ,Komorany power station,274ec928-e527-44cf-86c5-b6eddc09d0f7,304.98,264.39,185.52,218.14,23951,212611,364223,4385478,ghsl_pop_100m_r2023a,"5 km: 23,951 pop, 305 p/km²; 16 km: 212,611 pop, 264 p/km²; 25 km: 364,223 pop, 186 p/km²; 80 km: 4,385,478 pop, 218 p/km²; Epoch: 2020; Source: GHS-POP R2023A 100 m (Mollweide)",3.15,Most,62866.0,gisco_urau_2021,"Nearest city >50k: Most (62,866 pop) at 3.1 km; Cities >50k within 25 km: 2; Cities >50k within 80 km: 6; Settlement hierarchy: periurban; Source: Eurostat GISCO Urban Audit 2021 + urb_cpop1",-0.248,350993,ghsl_pop_100m_r2023a,"{""ghsl_note"": ""CAGR 2020\u21922030 from GHS-POP R2023A multi-epoch data"", ""s17_eurostat_supplement"": {""base_population"": null, ""base_year"": 2022, ""projected_pop_2030"": 10851301, ""projected_pop_2040"": 10716445, ""projected_pop_2050"": 10747331, ""projected_pop_2060"": 10713330, ""projected_pop_2080"": 10520741, ""pop_change_pct_2050"": null, ""pop_change_pct_2080"": null, ""receptor_growth_factor_60yr"": null, ""projection_lo_2050"": null, ""projection_hi_2050"": null, ""projection_lo_2080"": null, ""projection_hi_2080"": null, ""growth_classification"": ""stable"", ""urban_expansion_pressure"": null, ""median_age_2050"": 46.9, ""old_age_dependency_2050"": null, ""net_migration_rate_projected"": null, ""projection_source"": ""europop2023"", ""projection_variant"": ""baseline"", ""spatial_level"": ""national""}}",WSW,1.37,550.21,medium,ERA5 atmospheric dispersion (ref 1991-2020) | prevailing_wind=WSW(248deg) | mean_speed=1.4m/s | mean_BLH=550m | p5_BLH=299m | stable_frac=0.364 | stability=[A=0.0% B=0.0% C=63.6% D=0.0% E=36.4% F=0.0%] | wind_rose_dominant=WSW | source=copernicus_era5,,,,inland water,,medium,,2026-04-20 21:28:46.930616+00:00,audit_postlogging_20260421,api,merge_phase2_20260421
CZ,Ledvice power station,2fe0a0b3-4108-427e-8e54-f77e1ea7227c,345.71,292.99,217.93,243.7,27149,235611,427866,4899293,ghsl_pop_100m_r2023a,"5 km: 27,149 pop, 346 p/km²; 16 km: 235,611 pop, 293 p/km²; 25 km: 427,866 pop, 218 p/km²; 80 km: 4,899,293 pop, 244 p/km²; Epoch: 2020; Source: GHS-POP R2023A 100 m (Mollweide)",13.56,Most,62866.0,gisco_urau_2021,"Nearest city >50k: Most (62,866 pop) at 13.6 km; Cities >50k within 25 km: 2; Cities >50k within 80 km: 7; Settlement hierarchy: periurban; Source: Eurostat GISCO Urban Audit 2021 + urb_cpop1",-0.155,412310,ghsl_pop_100m_r2023a,"{""ghsl_note"": ""CAGR 2020\u21922030 from GHS-POP R2023A multi-epoch data"", ""s17_eurostat_supplement"": {""base_population"": null, ""base_year"": 2022, ""projected_pop_2030"": 10851301, ""projected_pop_2040"": 10716445, ""projected_pop_2050"": 10747331, ""projected_pop_2060"": 10713330, ""projected_pop_2080"": 10520741, ""pop_change_pct_2050"": null, ""pop_change_pct_2080"": null, ""receptor_growth_factor_60yr"": null, ""projection_lo_2050"": null, ""projection_hi_2050"": null, ""projection_lo_2080"": null, ""projection_hi_2080"": null, ""growth_classification"": ""stable"", ""urban_expansion_pressure"": null, ""median_age_2050"": 46.9, ""old_age_dependency_2050"": null, ""net_migration_rate_projected"": null, ""projection_source"": ""europop2023"", ""projection_variant"": ""baseline"", ""spatial_level"": ""national""}}",W,1.22,555.96,medium,ERA5 atmospheric dispersion (ref 1991-2020) | prevailing_wind=W(270deg) | mean_speed=1.2m/s | mean_BLH=556m | p5_BLH=290m | stable_frac=0.356 | stability=[A=0.0% B=0.0% C=64.4% D=0.0% E=35.6% F=0.0%] | wind_rose_dominant=W | source=copernicus_era5,,,,low permeability,,medium,,2026-04-20 21:28:46.944661+00:00,audit_postlogging_20260421,api,merge_phase2_20260421
CZ,Malesice power station,1c059a42-608c-4753-8fcf-ba797d94f900,3785.3,1827.96,916.56,185.12,297267,1469986,1799486,3721610,ghsl_pop_100m_r2023a,"5 km: 297,267 pop, 3785 p/km²; 16 km: 1,469,986 pop, 1828 p/km²; 25 km: 1,799,486 pop, 917 p/km²; 80 km: 3,721,610 pop, 185 p/km²; Epoch: 2020; Source: GHS-POP R2023A 100 m (Mollweide)",4.69,Praha,1275406.0,gisco_urau_2021,"Nearest city >50k: Praha (1,275,406 pop) at 4.7 km; Cities >50k within 25 km: 1; Cities >50k within 80 km: 3; Settlement hierarchy: urban_core; Source: Eurostat GISCO Urban Audit 2021 + urb_cpop1",1.059,1734076,ghsl_pop_100m_r2023a,"{""ghsl_note"": ""CAGR 2020\u21922030 from GHS-POP R2023A multi-epoch data"", ""s17_eurostat_supplement"": {""base_population"": null, ""base_year"": 2022, ""projected_pop_2030"": 10851301, ""projected_pop_2040"": 10716445, ""projected_pop_2050"": 10747331, ""projected_pop_2060"": 10713330, ""projected_pop_2080"": 10520741, ""pop_change_pct_2050"": null, ""pop_change_pct_2080"": null, ""receptor_growth_factor_60yr"": null, ""projection_lo_2050"": null, ""projection_hi_2050"": null, ""projection_lo_2080"": null, ""projection_hi_2080"": null, ""growth_classification"": ""stable"", ""urban_expansion_pressure"": null, ""median_age_2050"": 46.9, ""old_age_dependency_2050"": null, ""net_migration_rate_projected"": null, ""projection_source"": ""europop2023"", ""projection_variant"": ""baseline"", ""spatial_level"": ""national""}}",WSW,1.37,575.03,medium,ERA5 atmospheric dispersion (ref 1991-2020) | prevailing_wind=WSW(248deg) | mean_speed=1.4m/s | mean_BLH=575m | p5_BLH=349m | stable_frac=0.300 | stability=[A=0.0% B=0.0% C=70.0% D=0.0% E=30.0% F=0.0%] | wind_rose_dominant=WSW | source=copernicus_era5,,,,low permeability,,medium,,2026-04-20 21:28:46.957207+00:00,audit_postlogging_20260421,api,merge_phase2_20260421
CZ,Marianske Hory power station,cbd67443-4a4e-44fd-a9ed-20ba9574c99e,1431.2,637.76,476.1,285.59,112395,512867,934719,5741501,ghsl_pop_100m_r2023a,"5 km: 112,395 pop, 1431 p/km²; 16 km: 512,867 pop, 638 p/km²; 25 km: 934,719 pop, 476 p/km²; 80 km: 5,741,501 pop, 286 p/km²; Epoch: 2020; Source: GHS-POP R2023A 100 m (Mollweide)",5.38,Ostrava,279791.0,gisco_urau_2021,"Nearest city >50k: Ostrava (279,791 pop) at 5.4 km; Cities >50k within 25 km: 2; Cities >50k within 80 km: 16; Settlement hierarchy: suburban; Source: Eurostat GISCO Urban Audit 2021 + urb_cpop1",-0.244,900753,ghsl_pop_100m_r2023a,"{""ghsl_note"": ""CAGR 2020\u21922030 from GHS-POP R2023A multi-epoch data"", ""s17_eurostat_supplement"": {""base_population"": null, ""base_year"": 2022, ""projected_pop_2030"": 10851301, ""projected_pop_2040"": 10716445, ""projected_pop_2050"": 10747331, ""projected_pop_2060"": 10713330, ""projected_pop_2080"": 10520741, ""pop_change_pct_2050"": null, ""pop_change_pct_2080"": null, ""receptor_growth_factor_60yr"": null, ""projection_lo_2050"": null, ""projection_hi_2050"": null, ""projection_lo_2080"": null, ""projection_hi_2080"": null, ""growth_classification"": ""stable"", ""urban_expansion_pressure"": null, ""median_age_2050"": 46.9, ""old_age_dependency_2050"": null, ""net_migration_rate_projected"": null, ""projection_source"": ""europop2023"", ""projection_variant"": ""baseline"", ""spatial_level"": ""national""}}",SSW,1.3,516.55,medium,ERA5 atmospheric dispersion (ref 1991-2020) | prevailing_wind=SSW(202deg) | mean_speed=1.3m/s | mean_BLH=517m | p5_BLH=353m | stable_frac=0.406 | stability=[A=0.0% B=0.0% C=59.4% D=0.0% E=40.6% F=0.0%] | wind_rose_dominant=SSW | source=copernicus_era5,,,,sedimentary carbonates,,medium,,2026-04-20 21:28:46.969989+00:00,audit_postlogging_20260421,api,merge_phase2_20260421
CZ,Melnik power station,f3523341-daaa-4573-a856-becb2e1bb9e3,114.76,109.99,122.77,215.8,9012,88447,241042,4338381,ghsl_pop_100m_r2023a,"5 km: 9,012 pop, 115 p/km²; 16 km: 88,447 pop, 110 p/km²; 25 km: 241,042 pop, 123 p/km²; 80 km: 4,338,381 pop, 216 p/km²; Epoch: 2020; Source: GHS-POP R2023A 100 m (Mollweide)",36.52,Kladno,66903.0,gisco_urau_2021,"Nearest city >50k: Kladno (66,903 pop) at 36.5 km; Cities >50k within 25 km: 0; Cities >50k within 80 km: 6; Settlement hierarchy: rural; Source: Eurostat GISCO Urban Audit 2021 + urb_cpop1",0.484,232273,ghsl_pop_100m_r2023a,"{""ghsl_note"": ""CAGR 2020\u21922030 from GHS-POP R2023A multi-epoch data"", ""s17_eurostat_supplement"": {""base_population"": null, ""base_year"": 2022, ""projected_pop_2030"": 10851301, ""projected_pop_2040"": 10716445, ""projected_pop_2050"": 10747331, ""projected_pop_2060"": 10713330, ""projected_pop_2080"": 10520741, ""pop_change_pct_2050"": null, ""pop_change_pct_2080"": null, ""receptor_growth_factor_60yr"": null, ""projection_lo_2050"": null, ""projection_hi_2050"": null, ""projection_lo_2080"": null, ""projection_hi_2080"": null, ""growth_classification"": ""stable"", ""urban_expansion_pressure"": null, ""median_age_2050"": 46.9, ""old_age_dependency_2050"": null, ""net_migration_rate_projected"": null, ""projection_source"": ""europop2023"", ""projection_variant"": ""baseline"", ""spatial_level"": ""national""}}",W,1.13,565.04,medium,ERA5 atmospheric dispersion (ref 1991-2020) | prevailing_wind=W(270deg) | mean_speed=1.1m/s | mean_BLH=565m | p5_BLH=318m | stable_frac=0.333 | stability=[A=0.0% B=0.0% C=66.7% D=0.0% E=33.3% F=0.0%] | wind_rose_dominant=W | source=copernicus_era5,,,,alluvial,,medium,,2026-04-20 21:28:46.982366+00:00,audit_postlogging_20260421,api,merge_phase2_20260421
CZ,Mondi Steti power station,e299922a-1670-4aff-acda-fd80600af9af,145.25,103.01,109.65,231.52,11407,82837,215272,4654542,ghsl_pop_100m_r2023a,"5 km: 11,407 pop, 145 p/km²; 16 km: 82,837 pop, 103 p/km²; 25 km: 215,272 pop, 110 p/km²; 80 km: 4,654,542 pop, 232 p/km²; Epoch: 2020; Source: GHS-POP R2023A 100 m (Mollweide)",32.37,Ústí nad Labem,90378.0,gisco_urau_2021,"Nearest city >50k: Ústí nad Labem (90,378 pop) at 32.4 km; Cities >50k within 25 km: 0; Cities >50k within 80 km: 7; Settlement hierarchy: rural; Source: Eurostat GISCO Urban Audit 2021 + urb_cpop1",0.036,207451,ghsl_pop_100m_r2023a,"{""ghsl_note"": ""CAGR 2020\u21922030 from GHS-POP R2023A multi-epoch data"", ""s17_eurostat_supplement"": {""base_population"": null, ""base_year"": 2022, ""projected_pop_2030"": 10851301, ""projected_pop_2040"": 10716445, ""projected_pop_2050"": 10747331, ""projected_pop_2060"": 10713330, ""projected_pop_2080"": 10520741, ""pop_change_pct_2050"": null, ""pop_change_pct_2080"": null, ""receptor_growth_factor_60yr"": null, ""projection_lo_2050"": null, ""projection_hi_2050"": null, ""projection_lo_2080"": null, ""projection_hi_2080"": null, ""growth_classification"": ""stable"", ""urban_expansion_pressure"": null, ""median_age_2050"": 46.9, ""old_age_dependency_2050"": null, ""net_migration_rate_projected"": null, ""projection_source"": ""europop2023"", ""projection_variant"": ""baseline"", ""spatial_level"": ""national""}}",W,1.13,565.04,medium,ERA5 atmospheric dispersion (ref 1991-2020) | prevailing_wind=W(270deg) | mean_speed=1.1m/s | mean_BLH=565m | p5_BLH=318m | stable_frac=0.333 | stability=[A=0.0% B=0.0% C=66.7% D=0.0% E=33.3% F=0.0%] | wind_rose_dominant=W | source=copernicus_era5,,,,alluvial,,medium,,2026-04-20 21:28:46.994299+00:00,audit_postlogging_20260421,api,merge_phase2_20260421
CZ,Mostecka Power Station,4eb7914c-e000-403c-b5a5-c350de67bb83,845.21,230.89,191.08,237.52,66376,185675,375141,4775143,ghsl_pop_100m_r2023a,"5 km: 66,376 pop, 845 p/km²; 16 km: 185,675 pop, 231 p/km²; 25 km: 375,141 pop, 191 p/km²; 80 km: 4,775,143 pop, 238 p/km²; Epoch: 2020; Source: GHS-POP R2023A 100 m (Mollweide)",1.96,Most,62866.0,gisco_urau_2021,"Nearest city >50k: Most (62,866 pop) at 2.0 km; Cities >50k within 25 km: 2; Cities >50k within 80 km: 7; Settlement hierarchy: periurban; Source: Eurostat GISCO Urban Audit 2021 + urb_cpop1",-0.234,361512,ghsl_pop_100m_r2023a,"{""ghsl_note"": ""CAGR 2020\u21922030 from GHS-POP R2023A multi-epoch data"", ""s17_eurostat_supplement"": {""base_population"": null, ""base_year"": 2022, ""projected_pop_2030"": 10851301, ""projected_pop_2040"": 10716445, ""projected_pop_2050"": 10747331, ""projected_pop_2060"": 10713330, ""projected_pop_2080"": 10520741, ""pop_change_pct_2050"": null, ""pop_change_pct_2080"": null, ""receptor_growth_factor_60yr"": null, ""projection_lo_2050"": null, ""projection_hi_2050"": null, ""projection_lo_2080"": null, ""projection_hi_2080"": null, ""growth_classification"": ""stable"", ""urban_expansion_pressure"": null, ""median_age_2050"": 46.9, ""old_age_dependency_2050"": null, ""net_migration_rate_projected"": null, ""projection_source"": ""europop2023"", ""projection_variant"": ""baseline"", ""spatial_level"": ""national""}}",W,1.22,555.96,medium,ERA5 atmospheric dispersion (ref 1991-2020) | prevailing_wind=W(270deg) | mean_speed=1.2m/s | mean_BLH=556m | p5_BLH=290m | stable_frac=0.356 | stability=[A=0.0% B=0.0% C=64.4% D=0.0% E=35.6% F=0.0%] | wind_rose_dominant=W | source=copernicus_era5,,,,low permeability,,medium,,2026-04-20 21:28:47.006148+00:00,audit_postlogging_20260421,api,merge_phase2_20260421
CZ,Olomouc power station,44d40276-5847-41d1-ab9b-887bbdc1bcfe,970.34,238.62,185.71,152.3,76203,191893,364608,3061835,ghsl_pop_100m_r2023a,"5 km: 76,203 pop, 970 p/km²; 16 km: 191,893 pop, 239 p/km²; 25 km: 364,608 pop, 186 p/km²; 80 km: 3,061,835 pop, 152 p/km²; Epoch: 2020; Source: GHS-POP R2023A 100 m (Mollweide)",3.56,Olomouc,99496.0,gisco_urau_2021,"Nearest city >50k: Olomouc (99,496 pop) at 3.6 km; Cities >50k within 25 km: 1; Cities >50k within 80 km: 3; Settlement hierarchy: periurban; Source: Eurostat GISCO Urban Audit 2021 + urb_cpop1",-0.389,351352,ghsl_pop_100m_r2023a,"{""ghsl_note"": ""CAGR 2020\u21922030 from GHS-POP R2023A multi-epoch data"", ""s17_eurostat_supplement"": {""base_population"": null, ""base_year"": 2022, ""projected_pop_2030"": 10851301, ""projected_pop_2040"": 10716445, ""projected_pop_2050"": 10747331, ""projected_pop_2060"": 10713330, ""projected_pop_2080"": 10520741, ""pop_change_pct_2050"": null, ""pop_change_pct_2080"": null, ""receptor_growth_factor_60yr"": null, ""projection_lo_2050"": null, ""projection_hi_2050"": null, ""projection_lo_2080"": null, ""projection_hi_2080"": null, ""growth_classification"": ""stable"", ""urban_expansion_pressure"": null, ""median_age_2050"": 46.9, ""old_age_dependency_2050"": null, ""net_migration_rate_projected"": null, ""projection_source"": ""europop2023"", ""projection_variant"": ""baseline"", ""spatial_level"": ""national""}}",NNW,1.1,544.86,medium,ERA5 atmospheric dispersion (ref 1991-2020) | prevailing_wind=NNW(338deg) | mean_speed=1.1m/s | mean_BLH=545m | p5_BLH=342m | stable_frac=0.350 | stability=[A=0.0% B=0.0% C=65.0% D=0.0% E=35.0% F=0.0%] | wind_rose_dominant=NNW | source=copernicus_era5,,,,sedimentary sands,,medium,,2026-04-20 21:28:47.018170+00:00,audit_postlogging_20260421,api,merge_phase2_20260421
CZ,Opatovice power station,05daa6b2-bb29-4c26-a459-855626673955,121.76,307.75,191.29,109.96,9562,247479,375550,2210683,ghsl_pop_100m_r2023a,"5 km: 9,562 pop, 122 p/km²; 16 km: 247,479 pop, 308 p/km²; 25 km: 375,550 pop, 191 p/km²; 80 km: 2,210,683 pop, 110 p/km²; Epoch: 2020; Source: GHS-POP R2023A 100 m (Mollweide)",10.19,Hradec Králové,90596.0,gisco_urau_2021,"Nearest city >50k: Hradec Králové (90,596 pop) at 10.2 km; Cities >50k within 25 km: 2; Cities >50k within 80 km: 2; Settlement hierarchy: periurban; Source: Eurostat GISCO Urban Audit 2021 + urb_cpop1",-0.075,361909,ghsl_pop_100m_r2023a,"{""ghsl_note"": ""CAGR 2020\u21922030 from GHS-POP R2023A multi-epoch data"", ""s17_eurostat_supplement"": {""base_population"": null, ""base_year"": 2022, ""projected_pop_2030"": 10851301, ""projected_pop_2040"": 10716445, ""projected_pop_2050"": 10747331, ""projected_pop_2060"": 10713330, ""projected_pop_2080"": 10520741, ""pop_change_pct_2050"": null, ""pop_change_pct_2080"": null, ""receptor_growth_factor_60yr"": null, ""projection_lo_2050"": null, ""projection_hi_2050"": null, ""projection_lo_2080"": null, ""projection_hi_2080"": null, ""growth_classification"": ""stable"", ""urban_expansion_pressure"": null, ""median_age_2050"": 46.9, ""old_age_dependency_2050"": null, ""net_migration_rate_projected"": null, ""projection_source"": ""europop2023"", ""projection_variant"": ""baseline"", ""spatial_level"": ""national""}}",WSW,1.25,551.94,medium,ERA5 atmospheric dispersion (ref 1991-2020) | prevailing_wind=WSW(248deg) | mean_speed=1.2m/s | mean_BLH=552m | p5_BLH=357m | stable_frac=0.319 | stability=[A=0.0% B=0.0% C=68.1% D=0.0% E=31.9% F=0.0%] | wind_rose_dominant=WSW | source=copernicus_era5,,,,inland water,,medium,,2026-04-20 21:28:47.030548+00:00,audit_postlogging_20260421,api,merge_phase2_20260421
CZ,Plana Nad Luznici power station,9c4291f1-173b-467e-ae26-8cb01312c605,268.88,92.5,61.59,103.7,21116,74384,120925,2084687,ghsl_pop_100m_r2023a,"5 km: 21,116 pop, 269 p/km²; 16 km: 74,384 pop, 92 p/km²; 25 km: 120,925 pop, 62 p/km²; 80 km: 2,084,687 pop, 104 p/km²; Epoch: 2020; Source: GHS-POP R2023A 100 m (Mollweide)",46.07,České Budějovice,93426.0,gisco_urau_2021,"Nearest city >50k: České Budějovice (93,426 pop) at 46.1 km; Cities >50k within 25 km: 0; Cities >50k within 80 km: 2; Settlement hierarchy: rural; Source: Eurostat GISCO Urban Audit 2021 + urb_cpop1",-0.571,116525,ghsl_pop_100m_r2023a,"{""ghsl_note"": ""CAGR 2020\u21922030 from GHS-POP R2023A multi-epoch data"", ""s17_eurostat_supplement"": {""base_population"": null, ""base_year"": 2022, ""projected_pop_2030"": 10851301, ""projected_pop_2040"": 10716445, ""projected_pop_2050"": 10747331, ""projected_pop_2060"": 10713330, ""projected_pop_2080"": 10520741, ""pop_change_pct_2050"": null, ""pop_change_pct_2080"": null, ""receptor_growth_factor_60yr"": null, ""projection_lo_2050"": null, ""projection_hi_2050"": null, ""projection_lo_2080"": null, ""projection_hi_2080"": null, ""growth_classification"": ""stable"", ""urban_expansion_pressure"": null, ""median_age_2050"": 46.9, ""old_age_dependency_2050"": null, ""net_migration_rate_projected"": null, ""projection_source"": ""europop2023"", ""projection_variant"": ""baseline"", ""spatial_level"": ""national""}}",W,1.12,552.02,medium,ERA5 atmospheric dispersion (ref 1991-2020) | prevailing_wind=W(270deg) | mean_speed=1.1m/s | mean_BLH=552m | p5_BLH=346m | stable_frac=0.336 | stability=[A=0.0% B=0.0% C=66.4% D=0.0% E=33.6% F=0.0%] | wind_rose_dominant=W | source=copernicus_era5,,,,sedimentary sands,,medium,,2026-04-20 21:28:47.042404+00:00,audit_postlogging_20260421,api,merge_phase2_20260421
CZ,Plzen CHP power station,97ed917e-acfa-4002-be89-4ec44972ab45,1788.64,341.66,175.47,103.76,140465,274752,344503,2086033,ghsl_pop_100m_r2023a,"5 km: 140,465 pop, 1789 p/km²; 16 km: 274,752 pop, 342 p/km²; 25 km: 344,503 pop, 175 p/km²; 80 km: 2,086,033 pop, 104 p/km²; Epoch: 2020; Source: GHS-POP R2023A 100 m (Mollweide)",2.43,Plzeň,168733.0,gisco_urau_2021,"Nearest city >50k: Plzeň (168,733 pop) at 2.4 km; Cities >50k within 25 km: 1; Cities >50k within 80 km: 2; Settlement hierarchy: suburban; Source: Eurostat GISCO Urban Audit 2021 + urb_cpop1",0.176,331979,ghsl_pop_100m_r2023a,"{""ghsl_note"": ""CAGR 2020\u21922030 from GHS-POP R2023A multi-epoch data"", ""s17_eurostat_supplement"": {""base_population"": null, ""base_year"": 2022, ""projected_pop_2030"": 10851301, ""projected_pop_2040"": 10716445, ""projected_pop_2050"": 10747331, ""projected_pop_2060"": 10713330, ""projected_pop_2080"": 10520741, ""pop_change_pct_2050"": null, ""pop_change_pct_2080"": null, ""receptor_growth_factor_60yr"": null, ""projection_lo_2050"": null, ""projection_hi_2050"": null, ""projection_lo_2080"": null, ""projection_hi_2080"": null, ""growth_classification"": ""stable"", ""urban_expansion_pressure"": null, ""median_age_2050"": 46.9, ""old_age_dependency_2050"": null, ""net_migration_rate_projected"": null, ""projection_source"": ""europop2023"", ""projection_variant"": ""baseline"", ""spatial_level"": ""national""}}",WSW,1.32,559.27,medium,ERA5 atmospheric dispersion (ref 1991-2020) | prevailing_wind=WSW(248deg) | mean_speed=1.3m/s | mean_BLH=559m | p5_BLH=338m | stable_frac=0.328 | stability=[A=0.0% B=0.0% C=67.2% D=0.0% E=32.8% F=0.0%] | wind_rose_dominant=WSW | source=copernicus_era5,,,,hard rocks,,medium,,2026-04-20 21:28:47.053226+00:00,audit_postlogging_20260421,api,merge_phase2_20260421
CZ,Plzenska energetika ELU III power station,a6bf9980-016e-47ea-b40a-82e384a9eb43,1734.87,323.76,178.3,93.17,136243,260360,350064,1873115,ghsl_pop_100m_r2023a,"5 km: 136,243 pop, 1735 p/km²; 16 km: 260,360 pop, 324 p/km²; 25 km: 350,064 pop, 178 p/km²; 80 km: 1,873,115 pop, 93 p/km²; Epoch: 2020; Source: GHS-POP R2023A 100 m (Mollweide)",1.98,Plzeň,168733.0,gisco_urau_2021,"Nearest city >50k: Plzeň (168,733 pop) at 2.0 km; Cities >50k within 25 km: 1; Cities >50k within 80 km: 2; Settlement hierarchy: suburban; Source: Eurostat GISCO Urban Audit 2021 + urb_cpop1",0.167,337333,ghsl_pop_100m_r2023a,"{""ghsl_note"": ""CAGR 2020\u21922030 from GHS-POP R2023A multi-epoch data"", ""s17_eurostat_supplement"": {""base_population"": null, ""base_year"": 2022, ""projected_pop_2030"": 10851301, ""projected_pop_2040"": 10716445, ""projected_pop_2050"": 10747331, ""projected_pop_2060"": 10713330, ""projected_pop_2080"": 10520741, ""pop_change_pct_2050"": null, ""pop_change_pct_2080"": null, ""receptor_growth_factor_60yr"": null, ""projection_lo_2050"": null, ""projection_hi_2050"": null, ""projection_lo_2080"": null, ""projection_hi_2080"": null, ""growth_classification"": ""stable"", ""urban_expansion_pressure"": null, ""median_age_2050"": 46.9, ""old_age_dependency_2050"": null, ""net_migration_rate_projected"": null, ""projection_source"": ""europop2023"", ""projection_variant"": ""baseline"", ""spatial_level"": ""national""}}",WSW,1.29,559.42,medium,ERA5 atmospheric dispersion (ref 1991-2020) | prevailing_wind=WSW(248deg) | mean_speed=1.3m/s | mean_BLH=559m | p5_BLH=336m | stable_frac=0.325 | stability=[A=0.0% B=0.0% C=67.5% D=0.0% E=32.5% F=0.0%] | wind_rose_dominant=WSW | source=copernicus_era5,,,,hard rocks,,medium,,2026-04-20 21:28:47.066993+00:00,audit_postlogging_20260421,api,merge_phase2_20260421
CZ,Pocerady power station,32484f7b-18a4-4b21-8e6a-6d68ae099d02,36.89,183.7,158.36,249.76,2897,147727,310916,5021193,ghsl_pop_100m_r2023a,"5 km: 2,897 pop, 37 p/km²; 16 km: 147,727 pop, 184 p/km²; 25 km: 310,916 pop, 158 p/km²; 80 km: 5,021,193 pop, 250 p/km²; Epoch: 2020; Source: GHS-POP R2023A 100 m (Mollweide)",10.62,Most,62866.0,gisco_urau_2021,"Nearest city >50k: Most (62,866 pop) at 10.6 km; Cities >50k within 25 km: 2; Cities >50k within 80 km: 8; Settlement hierarchy: periurban; Source: Eurostat GISCO Urban Audit 2021 + urb_cpop1",-0.271,299608,ghsl_pop_100m_r2023a,"{""ghsl_note"": ""CAGR 2020\u21922030 from GHS-POP R2023A multi-epoch data"", ""s17_eurostat_supplement"": {""base_population"": null, ""base_year"": 2022, ""projected_pop_2030"": 10851301, ""projected_pop_2040"": 10716445, ""projected_pop_2050"": 10747331, ""projected_pop_2060"": 10713330, ""projected_pop_2080"": 10520741, ""pop_change_pct_2050"": null, ""pop_change_pct_2080"": null, ""receptor_growth_factor_60yr"": null, ""projection_lo_2050"": null, ""projection_hi_2050"": null, ""projection_lo_2080"": null, ""projection_hi_2080"": null, ""growth_classification"": ""stable"", ""urban_expansion_pressure"": null, ""median_age_2050"": 46.9, ""old_age_dependency_2050"": null, ""net_migration_rate_projected"": null, ""projection_source"": ""europop2023"", ""projection_variant"": ""baseline"", ""spatial_level"": ""national""}}",W,1.22,555.96,medium,ERA5 atmospheric dispersion (ref 1991-2020) | prevailing_wind=W(270deg) | mean_speed=1.2m/s | mean_BLH=556m | p5_BLH=290m | stable_frac=0.356 | stability=[A=0.0% B=0.0% C=64.4% D=0.0% E=35.6% F=0.0%] | wind_rose_dominant=W | source=copernicus_era5,,,,sedimentary sands,,medium,,2026-04-20 21:28:47.079445+00:00,audit_postlogging_20260421,api,merge_phase2_20260421
CZ,Porici power station,20bce4f5-ca0b-4145-87e5-0a0694343f31,298.49,103.01,116.81,132.35,23441,82840,229337,2660656,ghsl_pop_100m_r2023a,"5 km: 23,441 pop, 298 p/km²; 16 km: 82,840 pop, 103 p/km²; 25 km: 229,337 pop, 117 p/km²; 80 km: 2,660,656 pop, 132 p/km²; Epoch: 2020; Source: GHS-POP R2023A 100 m (Mollweide)",33.05,Wałbrzych,100294.0,gisco_urau_2021,"Nearest city >50k: Wałbrzych (100,294 pop) at 33.0 km; Cities >50k within 25 km: 0; Cities >50k within 80 km: 6; Settlement hierarchy: rural; Source: Eurostat GISCO Urban Audit 2021 + urb_cpop1",-0.595,220997,ghsl_pop_100m_r2023a,"{""ghsl_note"": ""CAGR 2020\u21922030 from GHS-POP R2023A multi-epoch data"", ""s17_eurostat_supplement"": {""base_population"": null, ""base_year"": 2022, ""projected_pop_2030"": 10851301, ""projected_pop_2040"": 10716445, ""projected_pop_2050"": 10747331, ""projected_pop_2060"": 10713330, ""projected_pop_2080"": 10520741, ""pop_change_pct_2050"": null, ""pop_change_pct_2080"": null, ""receptor_growth_factor_60yr"": null, ""projection_lo_2050"": null, ""projection_hi_2050"": null, ""projection_lo_2080"": null, ""projection_hi_2080"": null, ""growth_classification"": ""stable"", ""urban_expansion_pressure"": null, ""median_age_2050"": 46.9, ""old_age_dependency_2050"": null, ""net_migration_rate_projected"": null, ""projection_source"": ""europop2023"", ""projection_variant"": ""baseline"", ""spatial_level"": ""national""}}",SW,1.13,505.03,medium,ERA5 atmospheric dispersion (ref 1991-2020) | prevailing_wind=SW(225deg) | mean_speed=1.1m/s | mean_BLH=505m | p5_BLH=292m | stable_frac=0.456 | stability=[A=0.0% B=0.0% C=54.4% D=0.0% E=45.6% F=0.0%] | wind_rose_dominant=SW | source=copernicus_era5,,,,sedimentary carbonates,,medium,,2026-04-20 21:28:47.092170+00:00,audit_postlogging_20260421,api,merge_phase2_20260421
CZ,Prerov power station,60baaa73-dd8c-4865-bb18-6c73d63a4052,559.58,161.66,200.4,161.79,43945,130005,393447,3252706,ghsl_pop_100m_r2023a,"5 km: 43,945 pop, 560 p/km²; 16 km: 130,005 pop, 162 p/km²; 25 km: 393,447 pop, 200 p/km²; 80 km: 3,252,706 pop, 162 p/km²; Epoch: 2020; Source: GHS-POP R2023A 100 m (Mollweide)",20.16,Olomouc,99496.0,gisco_urau_2021,"Nearest city >50k: Olomouc (99,496 pop) at 20.2 km; Cities >50k within 25 km: 1; Cities >50k within 80 km: 4; Settlement hierarchy: periurban; Source: Eurostat GISCO Urban Audit 2021 + urb_cpop1",-0.456,379145,ghsl_pop_100m_r2023a,"{""ghsl_note"": ""CAGR 2020\u21922030 from GHS-POP R2023A multi-epoch data"", ""s17_eurostat_supplement"": {""base_population"": null, ""base_year"": 2022, ""projected_pop_2030"": 10851301, ""projected_pop_2040"": 10716445, ""projected_pop_2050"": 10747331, ""projected_pop_2060"": 10713330, ""projected_pop_2080"": 10520741, ""pop_change_pct_2050"": null, ""pop_change_pct_2080"": null, ""receptor_growth_factor_60yr"": null, ""projection_lo_2050"": null, ""projection_hi_2050"": null, ""projection_lo_2080"": null, ""projection_hi_2080"": null, ""growth_classification"": ""stable"", ""urban_expansion_pressure"": null, ""median_age_2050"": 46.9, ""old_age_dependency_2050"": null, ""net_migration_rate_projected"": null, ""projection_source"": ""europop2023"", ""projection_variant"": ""baseline"", ""spatial_level"": ""national""}}",NNE,1.08,542.4,medium,ERA5 atmospheric dispersion (ref 1991-2020) | prevailing_wind=NNE(22deg) | mean_speed=1.1m/s | mean_BLH=542m | p5_BLH=342m | stable_frac=0.353 | stability=[A=0.0% B=0.0% C=64.7% D=0.0% E=35.3% F=0.0%] | wind_rose_dominant=NNE | source=copernicus_era5,,,,sedimentary sands,,medium,,2026-04-20 21:28:47.103564+00:00,audit_postlogging_20260421,api,merge_phase2_20260421
CZ,Pribram power station,0ae8917b-a70b-41e5-82de-e4963a7686e3,473.83,98.31,77.58,165.01,37211,79054,152317,3317363,ghsl_pop_100m_r2023a,"5 km: 37,211 pop, 474 p/km²; 16 km: 79,054 pop, 98 p/km²; 25 km: 152,317 pop, 78 p/km²; 80 km: 3,317,363 pop, 165 p/km²; Epoch: 2020; Source: GHS-POP R2023A 100 m (Mollweide)",45.56,Plzeň,168733.0,gisco_urau_2021,"Nearest city >50k: Plzeň (168,733 pop) at 45.6 km; Cities >50k within 25 km: 0; Cities >50k within 80 km: 3; Settlement hierarchy: rural; Source: Eurostat GISCO Urban Audit 2021 + urb_cpop1",0.004,146777,ghsl_pop_100m_r2023a,"{""ghsl_note"": ""CAGR 2020\u21922030 from GHS-POP R2023A multi-epoch data"", ""s17_eurostat_supplement"": {""base_population"": null, ""base_year"": 2022, ""projected_pop_2030"": 10851301, ""projected_pop_2040"": 10716445, ""projected_pop_2050"": 10747331, ""projected_pop_2060"": 10713330, ""projected_pop_2080"": 10520741, ""pop_change_pct_2050"": null, ""pop_change_pct_2080"": null, ""receptor_growth_factor_60yr"": null, ""projection_lo_2050"": null, ""projection_hi_2050"": null, ""projection_lo_2080"": null, ""projection_hi_2080"": null, ""growth_classification"": ""stable"", ""urban_expansion_pressure"": null, ""median_age_2050"": 46.9, ""old_age_dependency_2050"": null, ""net_migration_rate_projected"": null, ""projection_source"": ""europop2023"", ""projection_variant"": ""baseline"", ""spatial_level"": ""national""}}",WSW,1.36,558.95,medium,ERA5 atmospheric dispersion (ref 1991-2020) | prevailing_wind=WSW(248deg) | mean_speed=1.4m/s | mean_BLH=559m | p5_BLH=342m | stable_frac=0.322 | stability=[A=0.0% B=0.0% C=67.8% D=0.0% E=32.2% F=0.0%] | wind_rose_dominant=WSW | source=copernicus_era5,,,,sedimentary sands,,medium,,2026-04-20 21:28:47.115832+00:00,audit_postlogging_20260421,api,merge_phase2_20260421
CZ,Prunerov power station,b0ba194f-3c80-4725-b1e7-fa5277b38833,189.68,125.84,99.7,183.07,14896,101195,195748,3680435,ghsl_pop_100m_r2023a,"5 km: 14,896 pop, 190 p/km²; 16 km: 101,195 pop, 126 p/km²; 25 km: 195,748 pop, 100 p/km²; 80 km: 3,680,435 pop, 183 p/km²; Epoch: 2020; Source: GHS-POP R2023A 100 m (Mollweide)",13.75,Chomutov-Jirkov,65208.0,gisco_urau_2021,"Nearest city >50k: Chomutov-Jirkov (65,208 pop) at 13.8 km; Cities >50k within 25 km: 1; Cities >50k within 80 km: 7; Settlement hierarchy: periurban; Source: Eurostat GISCO Urban Audit 2021 + urb_cpop1",-0.492,188626,ghsl_pop_100m_r2023a,"{""ghsl_note"": ""CAGR 2020\u21922030 from GHS-POP R2023A multi-epoch data"", ""s17_eurostat_supplement"": {""base_population"": null, ""base_year"": 2022, ""projected_pop_2030"": 10851301, ""projected_pop_2040"": 10716445, ""projected_pop_2050"": 10747331, ""projected_pop_2060"": 10713330, ""projected_pop_2080"": 10520741, ""pop_change_pct_2050"": null, ""pop_change_pct_2080"": null, ""receptor_growth_factor_60yr"": null, ""projection_lo_2050"": null, ""projection_hi_2050"": null, ""projection_lo_2080"": null, ""projection_hi_2080"": null, ""growth_classification"": ""stable"", ""urban_expansion_pressure"": null, ""median_age_2050"": 46.9, ""old_age_dependency_2050"": null, ""net_migration_rate_projected"": null, ""projection_source"": ""europop2023"", ""projection_variant"": ""baseline"", ""spatial_level"": ""national""}}",WSW,1.49,536.93,medium,ERA5 atmospheric dispersion (ref 1991-2020) | prevailing_wind=WSW(248deg) | mean_speed=1.5m/s | mean_BLH=537m | p5_BLH=297m | stable_frac=0.381 | stability=[A=0.0% B=0.0% C=61.9% D=0.0% E=38.1% F=0.0%] | wind_rose_dominant=WSW | source=copernicus_era5,,,,volcanic rocks,,medium,,2026-04-20 21:28:47.129337+00:00,audit_postlogging_20260421,api,merge_phase2_20260421
CZ,Sko-Energo power station,20c9d02d-e9e8-40b3-a11e-7a2e01018d8c,723.48,145.79,101.16,212.95,56816,117243,198599,4281081,ghsl_pop_100m_r2023a,"5 km: 56,816 pop, 723 p/km²; 16 km: 117,243 pop, 146 p/km²; 25 km: 198,599 pop, 101 p/km²; 80 km: 4,281,081 pop, 213 p/km²; Epoch: 2020; Source: GHS-POP R2023A 100 m (Mollweide)",39.65,Liberec,102951.0,gisco_urau_2021,"Nearest city >50k: Liberec (102,951 pop) at 39.7 km; Cities >50k within 25 km: 0; Cities >50k within 80 km: 7; Settlement hierarchy: rural; Source: Eurostat GISCO Urban Audit 2021 + urb_cpop1",0.303,191389,ghsl_pop_100m_r2023a,"{""ghsl_note"": ""CAGR 2020\u21922030 from GHS-POP R2023A multi-epoch data"", ""s17_eurostat_supplement"": {""base_population"": null, ""base_year"": 2022, ""projected_pop_2030"": 10851301, ""projected_pop_2040"": 10716445, ""projected_pop_2050"": 10747331, ""projected_pop_2060"": 10713330, ""projected_pop_2080"": 10520741, ""pop_change_pct_2050"": null, ""pop_change_pct_2080"": null, ""receptor_growth_factor_60yr"": null, ""projection_lo_2050"": null, ""projection_hi_2050"": null, ""projection_lo_2080"": null, ""projection_hi_2080"": null, ""growth_classification"": ""stable"", ""urban_expansion_pressure"": null, ""median_age_2050"": 46.9, ""old_age_dependency_2050"": null, ""net_migration_rate_projected"": null, ""projection_source"": ""europop2023"", ""projection_variant"": ""baseline"", ""spatial_level"": ""national""}}",W,1.04,550.78,medium,ERA5 atmospheric dispersion (ref 1991-2020) | prevailing_wind=W(270deg) | mean_speed=1.0m/s | mean_BLH=551m | p5_BLH=322m | stable_frac=0.356 | stability=[A=0.0% B=0.0% C=64.4% D=0.0% E=35.6% F=0.0%] | wind_rose_dominant=W | source=copernicus_era5,,,,sedimentary sands,,medium,,2026-04-20 21:28:47.143071+00:00,audit_postlogging_20260421,api,merge_phase2_20260421
CZ,Tisova power station,14e88076-ce0e-4693-bca4-e80f3f013c7f,350.67,101.93,117.59,131.63,27539,81972,230867,2646199,ghsl_pop_100m_r2023a,"5 km: 27,539 pop, 351 p/km²; 16 km: 81,972 pop, 102 p/km²; 25 km: 230,867 pop, 118 p/km²; 80 km: 2,646,199 pop, 132 p/km²; Epoch: 2020; Source: GHS-POP R2023A 100 m (Mollweide)",51.38,Plauen,65954.0,gisco_urau_2021,"Nearest city >50k: Plauen (65,954 pop) at 51.4 km; Cities >50k within 25 km: 0; Cities >50k within 80 km: 5; Settlement hierarchy: rural; Source: Eurostat GISCO Urban Audit 2021 + urb_cpop1",-0.488,222473,ghsl_pop_100m_r2023a,"{""ghsl_note"": ""CAGR 2020\u21922030 from GHS-POP R2023A multi-epoch data"", ""s17_eurostat_supplement"": {""base_population"": null, ""base_year"": 2022, ""projected_pop_2030"": 10851301, ""projected_pop_2040"": 10716445, ""projected_pop_2050"": 10747331, ""projected_pop_2060"": 10713330, ""projected_pop_2080"": 10520741, ""pop_change_pct_2050"": null, ""pop_change_pct_2080"": null, ""receptor_growth_factor_60yr"": null, ""projection_lo_2050"": null, ""projection_hi_2050"": null, ""projection_lo_2080"": null, ""projection_hi_2080"": null, ""growth_classification"": ""stable"", ""urban_expansion_pressure"": null, ""median_age_2050"": 46.9, ""old_age_dependency_2050"": null, ""net_migration_rate_projected"": null, ""projection_source"": ""europop2023"", ""projection_variant"": ""baseline"", ""spatial_level"": ""national""}}",SW,1.4,543.57,medium,ERA5 atmospheric dispersion (ref 1991-2020) | prevailing_wind=SW(225deg) | mean_speed=1.4m/s | mean_BLH=544m | p5_BLH=335m | stable_frac=0.378 | stability=[A=0.0% B=0.0% C=62.2% D=0.0% E=37.8% F=0.0%] | wind_rose_dominant=SW | source=copernicus_era5,,,,hard rocks,,medium,,2026-04-20 21:28:47.155291+00:00,audit_postlogging_20260421,api,merge_phase2_20260421
CZ,Trebovice power station,66c3f077-1ee6-41d7-8e6c-da374bb45139,1796.48,568.07,419.05,271.36,141081,456820,822714,5455301,ghsl_pop_100m_r2023a,"5 km: 141,081 pop, 1796 p/km²; 16 km: 456,820 pop, 568 p/km²; 25 km: 822,714 pop, 419 p/km²; 80 km: 5,455,301 pop, 271 p/km²; Epoch: 2020; Source: GHS-POP R2023A 100 m (Mollweide)",3.18,Ostrava,279791.0,gisco_urau_2021,"Nearest city >50k: Ostrava (279,791 pop) at 3.2 km; Cities >50k within 25 km: 2; Cities >50k within 80 km: 16; Settlement hierarchy: urban_core; Source: Eurostat GISCO Urban Audit 2021 + urb_cpop1",-0.273,792817,ghsl_pop_100m_r2023a,"{""ghsl_note"": ""CAGR 2020\u21922030 from GHS-POP R2023A multi-epoch data"", ""s17_eurostat_supplement"": {""base_population"": null, ""base_year"": 2022, ""projected_pop_2030"": 10851301, ""projected_pop_2040"": 10716445, ""projected_pop_2050"": 10747331, ""projected_pop_2060"": 10713330, ""projected_pop_2080"": 10520741, ""pop_change_pct_2050"": null, ""pop_change_pct_2080"": null, ""receptor_growth_factor_60yr"": null, ""projection_lo_2050"": null, ""projection_hi_2050"": null, ""projection_lo_2080"": null, ""projection_hi_2080"": null, ""growth_classification"": ""stable"", ""urban_expansion_pressure"": null, ""median_age_2050"": 46.9, ""old_age_dependency_2050"": null, ""net_migration_rate_projected"": null, ""projection_source"": ""europop2023"", ""projection_variant"": ""baseline"", ""spatial_level"": ""national""}}",SSW,1.3,516.55,medium,ERA5 atmospheric dispersion (ref 1991-2020) | prevailing_wind=SSW(202deg) | mean_speed=1.3m/s | mean_BLH=517m | p5_BLH=353m | stable_frac=0.406 | stability=[A=0.0% B=0.0% C=59.4% D=0.0% E=40.6% F=0.0%] | wind_rose_dominant=SSW | source=copernicus_era5,,,,sedimentary sands,,medium,,2026-04-20 21:28:47.168637+00:00,audit_postlogging_20260421,api,merge_phase2_20260421
CZ,Trinec-E3 power station,63601ccc-3f20-4cbd-95cb-0fbeaf821c6a,509.49,253.62,270.43,292.16,40011,203953,530929,5873500,ghsl_pop_100m_r2023a,"5 km: 40,011 pop, 509 p/km²; 16 km: 203,953 pop, 254 p/km²; 25 km: 530,929 pop, 270 p/km²; 80 km: 5,873,500 pop, 292 p/km²; Epoch: 2020; Source: GHS-POP R2023A 100 m (Mollweide)",20.65,Havířov,69084.0,gisco_urau_2021,"Nearest city >50k: Havířov (69,084 pop) at 20.6 km; Cities >50k within 25 km: 1; Cities >50k within 80 km: 16; Settlement hierarchy: periurban; Source: Eurostat GISCO Urban Audit 2021 + urb_cpop1",-0.191,511637,ghsl_pop_100m_r2023a,"{""ghsl_note"": ""CAGR 2020\u21922030 from GHS-POP R2023A multi-epoch data"", ""s17_eurostat_supplement"": {""base_population"": null, ""base_year"": 2022, ""projected_pop_2030"": 10851301, ""projected_pop_2040"": 10716445, ""projected_pop_2050"": 10747331, ""projected_pop_2060"": 10713330, ""projected_pop_2080"": 10520741, ""pop_change_pct_2050"": null, ""pop_change_pct_2080"": null, ""receptor_growth_factor_60yr"": null, ""projection_lo_2050"": null, ""projection_hi_2050"": null, ""projection_lo_2080"": null, ""projection_hi_2080"": null, ""growth_classification"": ""stable"", ""urban_expansion_pressure"": null, ""median_age_2050"": 46.9, ""old_age_dependency_2050"": null, ""net_migration_rate_projected"": null, ""projection_source"": ""europop2023"", ""projection_variant"": ""baseline"", ""spatial_level"": ""national""}}",SSW,1.25,493.41,medium,ERA5 atmospheric dispersion (ref 1991-2020) | prevailing_wind=SSW(202deg) | mean_speed=1.3m/s | mean_BLH=493m | p5_BLH=318m | stable_frac=0.486 | stability=[A=0.0% B=0.0% C=51.4% D=0.0% E=48.6% F=0.0%] | wind_rose_dominant=SSW | source=copernicus_era5,,,,sedimentary sands,,medium,,2026-04-20 21:28:47.180735+00:00,audit_postlogging_20260421,api,merge_phase2_20260421
CZ,Tusimice power station,287cbb48-bb08-40dd-82c5-cfe1530dfbb9,157.39,152.49,100.6,184.32,12360,122629,197501,3705618,ghsl_pop_100m_r2023a,"5 km: 12,360 pop, 157 p/km²; 16 km: 122,629 pop, 152 p/km²; 25 km: 197,501 pop, 101 p/km²; 80 km: 3,705,618 pop, 184 p/km²; Epoch: 2020; Source: GHS-POP R2023A 100 m (Mollweide)",12.35,Chomutov-Jirkov,65208.0,gisco_urau_2021,"Nearest city >50k: Chomutov-Jirkov (65,208 pop) at 12.3 km; Cities >50k within 25 km: 2; Cities >50k within 80 km: 6; Settlement hierarchy: periurban; Source: Eurostat GISCO Urban Audit 2021 + urb_cpop1",-0.323,190329,ghsl_pop_100m_r2023a,"{""ghsl_note"": ""CAGR 2020\u21922030 from GHS-POP R2023A multi-epoch data"", ""s17_eurostat_supplement"": {""base_population"": null, ""base_year"": 2022, ""projected_pop_2030"": 10851301, ""projected_pop_2040"": 10716445, ""projected_pop_2050"": 10747331, ""projected_pop_2060"": 10713330, ""projected_pop_2080"": 10520741, ""pop_change_pct_2050"": null, ""pop_change_pct_2080"": null, ""receptor_growth_factor_60yr"": null, ""projection_lo_2050"": null, ""projection_hi_2050"": null, ""projection_lo_2080"": null, ""projection_hi_2080"": null, ""growth_classification"": ""stable"", ""urban_expansion_pressure"": null, ""median_age_2050"": 46.9, ""old_age_dependency_2050"": null, ""net_migration_rate_projected"": null, ""projection_source"": ""europop2023"", ""projection_variant"": ""baseline"", ""spatial_level"": ""national""}}",WSW,1.49,536.93,medium,ERA5 atmospheric dispersion (ref 1991-2020) | prevailing_wind=WSW(248deg) | mean_speed=1.5m/s | mean_BLH=537m | p5_BLH=297m | stable_frac=0.381 | stability=[A=0.0% B=0.0% C=61.9% D=0.0% E=38.1% F=0.0%] | wind_rose_dominant=WSW | source=copernicus_era5,,,,inland water,,medium,,2026-04-20 21:28:47.191976+00:00,audit_postlogging_20260421,api,merge_phase2_20260421
CZ,Vresova TPS power station,5f4ed23c-cea2-41ef-a3e8-ac863e1bdcd6,190.74,181.29,107.45,142.01,14979,145785,210952,2854882,ghsl_pop_100m_r2023a,"5 km: 14,979 pop, 191 p/km²; 16 km: 145,785 pop, 181 p/km²; 25 km: 210,952 pop, 107 p/km²; 80 km: 2,854,882 pop, 142 p/km²; Epoch: 2020; Source: GHS-POP R2023A 100 m (Mollweide)",48.0,Plauen,65954.0,gisco_urau_2021,"Nearest city >50k: Plauen (65,954 pop) at 48.0 km; Cities >50k within 25 km: 0; Cities >50k within 80 km: 5; Settlement hierarchy: rural; Source: Eurostat GISCO Urban Audit 2021 + urb_cpop1",-0.499,203289,ghsl_pop_100m_r2023a,"{""ghsl_note"": ""CAGR 2020\u21922030 from GHS-POP R2023A multi-epoch data"", ""s17_eurostat_supplement"": {""base_population"": null, ""base_year"": 2022, ""projected_pop_2030"": 10851301, ""projected_pop_2040"": 10716445, ""projected_pop_2050"": 10747331, ""projected_pop_2060"": 10713330, ""projected_pop_2080"": 10520741, ""pop_change_pct_2050"": null, ""pop_change_pct_2080"": null, ""receptor_growth_factor_60yr"": null, ""projection_lo_2050"": null, ""projection_hi_2050"": null, ""projection_lo_2080"": null, ""projection_hi_2080"": null, ""growth_classification"": ""stable"", ""urban_expansion_pressure"": null, ""median_age_2050"": 46.9, ""old_age_dependency_2050"": null, ""net_migration_rate_projected"": null, ""projection_source"": ""europop2023"", ""projection_variant"": ""baseline"", ""spatial_level"": ""national""}}",WSW,1.45,536.92,medium,ERA5 atmospheric dispersion (ref 1991-2020) | prevailing_wind=WSW(248deg) | mean_speed=1.4m/s | mean_BLH=537m | p5_BLH=320m | stable_frac=0.392 | stability=[A=0.0% B=0.0% C=60.8% D=0.0% E=39.2% F=0.0%] | wind_rose_dominant=WSW | source=copernicus_era5,,,,hard rocks,,medium,,2026-04-20 21:28:47.203710+00:00,audit_postlogging_20260421,api,merge_phase2_20260421
CZ,Zlin power station,aa38441d-aec7-4ae9-b4c3-68c5bf567db3,850.62,221.73,178.25,155.3,66801,178309,349949,3122224,ghsl_pop_100m_r2023a,"5 km: 66,801 pop, 851 p/km²; 16 km: 178,309 pop, 222 p/km²; 25 km: 349,949 pop, 178 p/km²; 80 km: 3,122,224 pop, 155 p/km²; Epoch: 2020; Source: GHS-POP R2023A 100 m (Mollweide)",46.44,Trenčín,54458.0,gisco_urau_2021,"Nearest city >50k: Trenčín (54,458 pop) at 46.4 km; Cities >50k within 25 km: 0; Cities >50k within 80 km: 5; Settlement hierarchy: rural; Source: Eurostat GISCO Urban Audit 2021 + urb_cpop1",-0.464,337238,ghsl_pop_100m_r2023a,"{""ghsl_note"": ""CAGR 2020\u21922030 from GHS-POP R2023A multi-epoch data"", ""s17_eurostat_supplement"": {""base_population"": null, ""base_year"": 2022, ""projected_pop_2030"": 10851301, ""projected_pop_2040"": 10716445, ""projected_pop_2050"": 10747331, ""projected_pop_2060"": 10713330, ""projected_pop_2080"": 10520741, ""pop_change_pct_2050"": null, ""pop_change_pct_2080"": null, ""receptor_growth_factor_60yr"": null, ""projection_lo_2050"": null, ""projection_hi_2050"": null, ""projection_lo_2080"": null, ""projection_hi_2080"": null, ""growth_classification"": ""stable"", ""urban_expansion_pressure"": null, ""median_age_2050"": 46.9, ""old_age_dependency_2050"": null, ""net_migration_rate_projected"": null, ""projection_source"": ""europop2023"", ""projection_variant"": ""baseline"", ""spatial_level"": ""national""}}",SSE,1.03,537.02,medium,ERA5 atmospheric dispersion (ref 1991-2020) | prevailing_wind=SSE(158deg) | mean_speed=1.0m/s | mean_BLH=537m | p5_BLH=341m | stable_frac=0.364 | stability=[A=0.0% B=0.0% C=63.6% D=0.0% E=36.4% F=0.0%] | wind_rose_dominant=SSE | source=copernicus_era5,,,,sedimentary sands,,medium,,2026-04-20 21:28:47.216350+00:00,audit_postlogging_20260421,api,merge_phase2_20260421
HR,Ploče power station,7af0e000-3d19-4e5e-b504-f74897f1510c,92.14,32.05,48.83,27.13,7236,25771,95866,545356,ghsl_pop_100m_r2023a,"5 km: 7,236 pop, 92 p/km²; 16 km: 25,771 pop, 32 p/km²; 25 km: 95,866 pop, 49 p/km²; 80 km: 545,356 pop, 27 p/km²; Epoch: 2020; Source: GHS-POP R2023A 100 m (Mollweide)",92.01,Split,180568.0,gisco_urau_2021,"Nearest city >50k: Split (180,568 pop) at 92.0 km; Cities >50k within 25 km: 0; Cities >50k within 80 km: 0; Settlement hierarchy: rural; Source: Eurostat GISCO Urban Audit 2021 + urb_cpop1",-0.433,72324,ghsl_pop_100m_r2023a,"{""ghsl_note"": ""CAGR 2020\u21922030 from GHS-POP R2023A multi-epoch data"", ""s17_eurostat_supplement"": {""base_population"": null, ""base_year"": 2022, ""projected_pop_2030"": 3693206, ""projected_pop_2040"": 3495577, ""projected_pop_2050"": 3310003, ""projected_pop_2060"": 3148039, ""projected_pop_2080"": 2919932, ""pop_change_pct_2050"": null, ""pop_change_pct_2080"": null, ""receptor_growth_factor_60yr"": null, ""projection_lo_2050"": null, ""projection_hi_2050"": null, ""projection_lo_2080"": null, ""projection_hi_2080"": null, ""growth_classification"": ""stable"", ""urban_expansion_pressure"": null, ""median_age_2050"": 52.1, ""old_age_dependency_2050"": null, ""net_migration_rate_projected"": null, ""projection_source"": ""europop2023"", ""projection_variant"": ""baseline"", ""spatial_level"": ""national""}}",NE,1.16,462.87,medium,ERA5 atmospheric dispersion (ref 1991-2020) | prevailing_wind=NE(45deg) | mean_speed=1.2m/s | mean_BLH=463m | p5_BLH=286m | stable_frac=0.656 | stability=[A=0.0% B=0.0% C=34.4% D=0.0% E=65.6% F=0.0%] | wind_rose_dominant=NE | source=copernicus_era5,,,,alluvial,,medium,,2026-04-20 21:28:47.228576+00:00,audit_postlogging_20260421,api,merge_phase2_20260421
HR,Plomin power station,ab151830-e5bd-46de-8400-01aa4c165366,46.99,31.07,27.71,45.3,3690,24984,54410,910646,ghsl_pop_100m_r2023a,"5 km: 3,690 pop, 47 p/km²; 16 km: 24,984 pop, 31 p/km²; 25 km: 54,410 pop, 28 p/km²; 80 km: 910,646 pop, 45 p/km²; Epoch: 2020; Source: GHS-POP R2023A 100 m (Mollweide)",31.21,Rijeka,102415.0,gisco_urau_2021,"Nearest city >50k: Rijeka (102,415 pop) at 31.2 km; Cities >50k within 25 km: 0; Cities >50k within 80 km: 2; Settlement hierarchy: rural; Source: Eurostat GISCO Urban Audit 2021 + urb_cpop1",-0.494,41042,ghsl_pop_100m_r2023a,"{""ghsl_note"": ""CAGR 2020\u21922030 from GHS-POP R2023A multi-epoch data"", ""s17_eurostat_supplement"": {""base_population"": null, ""base_year"": 2022, ""projected_pop_2030"": 3693206, ""projected_pop_2040"": 3495577, ""projected_pop_2050"": 3310003, ""projected_pop_2060"": 3148039, ""projected_pop_2080"": 2919932, ""pop_change_pct_2050"": null, ""pop_change_pct_2080"": null, ""receptor_growth_factor_60yr"": null, ""projection_lo_2050"": null, ""projection_hi_2050"": null, ""projection_lo_2080"": null, ""projection_hi_2080"": null, ""growth_classification"": ""stable"", ""urban_expansion_pressure"": null, ""median_age_2050"": 52.1, ""old_age_dependency_2050"": null, ""net_migration_rate_projected"": null, ""projection_source"": ""europop2023"", ""projection_variant"": ""baseline"", ""spatial_level"": ""national""}}",NE,1.5,431.57,medium,ERA5 atmospheric dispersion (ref 1991-2020) | prevailing_wind=NE(45deg) | mean_speed=1.5m/s | mean_BLH=432m | p5_BLH=288m | stable_frac=0.786 | stability=[A=0.0% B=0.0% C=21.4% D=0.0% E=78.6% F=0.0%] | wind_rose_dominant=NE | source=copernicus_era5,,,,karsts and chalkstones,,medium,,2026-04-20 21:28:47.240134+00:00,audit_postlogging_20260421,api,merge_phase2_20260421
HU,Bakony power station,ef325d90-6d2d-4f8f-89f2-3bc98beb149b,337.33,66.03,50.27,73.89,26491,53098,98691,1485404,ghsl_pop_100m_r2023a,"5 km: 26,491 pop, 337 p/km²; 16 km: 53,098 pop, 66 p/km²; 25 km: 98,691 pop, 50 p/km²; 80 km: 1,485,404 pop, 74 p/km²; Epoch: 2020; Source: GHS-POP R2023A 100 m (Mollweide)",65.2,Gyõr,130191.0,gisco_urau_2021,"Nearest city >50k: Gyõr (130,191 pop) at 65.2 km; Cities >50k within 25 km: 0; Cities >50k within 80 km: 3; Settlement hierarchy: rural; Source: Eurostat GISCO Urban Audit 2021 + urb_cpop1",-0.761,91772,ghsl_pop_100m_r2023a,"{""ghsl_note"": ""CAGR 2020\u21922030 from GHS-POP R2023A multi-epoch data"", ""s17_eurostat_supplement"": {""base_population"": null, ""base_year"": 2022, ""projected_pop_2030"": 9526758, ""projected_pop_2040"": 9340235, ""projected_pop_2050"": 9230736, ""projected_pop_2060"": 9147771, ""projected_pop_2080"": 8965750, ""pop_change_pct_2050"": null, ""pop_change_pct_2080"": null, ""receptor_growth_factor_60yr"": null, ""projection_lo_2050"": null, ""projection_hi_2050"": null, ""projection_lo_2080"": null, ""projection_hi_2080"": null, ""growth_classification"": ""stable"", ""urban_expansion_pressure"": null, ""median_age_2050"": 47.7, ""old_age_dependency_2050"": null, ""net_migration_rate_projected"": null, ""projection_source"": ""europop2023"", ""projection_variant"": ""baseline"", ""spatial_level"": ""national""}}",NNW,1.01,525.1,medium,ERA5 atmospheric dispersion (ref 1991-2020) | prevailing_wind=NNW(338deg) | mean_speed=1.0m/s | mean_BLH=525m | p5_BLH=307m | stable_frac=0.442 | stability=[A=0.0% B=0.0% C=55.8% D=0.0% E=44.2% F=0.0%] | wind_rose_dominant=NNW | source=copernicus_era5,,,,sedimentary sands,,medium,,2026-04-20 21:28:47.251566+00:00,audit_postlogging_20260421,api,merge_phase2_20260421
HU,Banhida-II power station,f2b3a729-602a-4b6b-acc9-004244f2e556,672.67,153.45,102.84,217.15,52826,123402,201910,4365633,ghsl_pop_100m_r2023a,"5 km: 52,826 pop, 673 p/km²; 16 km: 123,402 pop, 153 p/km²; 25 km: 201,910 pop, 103 p/km²; 80 km: 4,365,633 pop, 217 p/km²; Epoch: 2020; Source: GHS-POP R2023A 100 m (Mollweide)",4.8,Tatabánya,65861.0,gisco_urau_2021,"Nearest city >50k: Tatabánya (65,861 pop) at 4.8 km; Cities >50k within 25 km: 1; Cities >50k within 80 km: 4; Settlement hierarchy: periurban; Source: Eurostat GISCO Urban Audit 2021 + urb_cpop1",-1.215,187742,ghsl_pop_100m_r2023a,"{""ghsl_note"": ""CAGR 2020\u21922030 from GHS-POP R2023A multi-epoch data"", ""s17_eurostat_supplement"": {""base_population"": null, ""base_year"": 2022, ""projected_pop_2030"": 9526758, ""projected_pop_2040"": 9340235, ""projected_pop_2050"": 9230736, ""projected_pop_2060"": 9147771, ""projected_pop_2080"": 8965750, ""pop_change_pct_2050"": null, ""pop_change_pct_2080"": null, ""receptor_growth_factor_60yr"": null, ""projection_lo_2050"": null, ""projection_hi_2050"": null, ""projection_lo_2080"": null, ""projection_hi_2080"": null, ""growth_classification"": ""stable"", ""urban_expansion_pressure"": null, ""median_age_2050"": 47.7, ""old_age_dependency_2050"": null, ""net_migration_rate_projected"": null, ""projection_source"": ""europop2023"", ""projection_variant"": ""baseline"", ""spatial_level"": ""national""}}",WNW,1.1,525.57,medium,ERA5 atmospheric dispersion (ref 1991-2020) | prevailing_wind=WNW(292deg) | mean_speed=1.1m/s | mean_BLH=526m | p5_BLH=295m | stable_frac=0.419 | stability=[A=0.0% B=0.0% C=58.1% D=0.0% E=41.9% F=0.0%] | wind_rose_dominant=WNW | source=copernicus_era5,,,,sedimentary sands,,medium,,2026-04-20 21:28:47.263577+00:00,audit_postlogging_20260421,api,merge_phase2_20260421
HU,Borsod power station,f7dcdb63-26e6-44cd-b440-ec14fe507d90,235.94,86.66,76.52,91.7,18529,69691,150225,1843535,ghsl_pop_100m_r2023a,"5 km: 18,529 pop, 236 p/km²; 16 km: 69,691 pop, 87 p/km²; 25 km: 150,225 pop, 77 p/km²; 80 km: 1,843,535 pop, 92 p/km²; Epoch: 2020; Source: GHS-POP R2023A 100 m (Mollweide)",33.73,Miskolc,143502.0,gisco_urau_2021,"Nearest city >50k: Miskolc (143,502 pop) at 33.7 km; Cities >50k within 25 km: 0; Cities >50k within 80 km: 3; Settlement hierarchy: rural; Source: Eurostat GISCO Urban Audit 2021 + urb_cpop1",0.115,139693,ghsl_pop_100m_r2023a,"{""ghsl_note"": ""CAGR 2020\u21922030 from GHS-POP R2023A multi-epoch data"", ""s17_eurostat_supplement"": {""base_population"": null, ""base_year"": 2022, ""projected_pop_2030"": 9526758, ""projected_pop_2040"": 9340235, ""projected_pop_2050"": 9230736, ""projected_pop_2060"": 9147771, ""projected_pop_2080"": 8965750, ""pop_change_pct_2050"": null, ""pop_change_pct_2080"": null, ""receptor_growth_factor_60yr"": null, ""projection_lo_2050"": null, ""projection_hi_2050"": null, ""projection_lo_2080"": null, ""projection_hi_2080"": null, ""growth_classification"": ""stable"", ""urban_expansion_pressure"": null, ""median_age_2050"": 47.7, ""old_age_dependency_2050"": null, ""net_migration_rate_projected"": null, ""projection_source"": ""europop2023"", ""projection_variant"": ""baseline"", ""spatial_level"": ""national""}}",N,0.91,518.72,medium,ERA5 atmospheric dispersion (ref 1991-2020) | prevailing_wind=N(0deg) | mean_speed=0.9m/s | mean_BLH=519m | p5_BLH=232m | stable_frac=0.464 | stability=[A=0.0% B=0.6% C=53.1% D=0.0% E=46.4% F=0.0%] | wind_rose_dominant=N | source=copernicus_era5,,,,alluvial,,medium,,2026-04-20 21:28:47.275618+00:00,audit_postlogging_20260421,api,merge_phase2_20260421
HU,Matra power station,28b36531-865d-42ae-afb3-b8bad86f7014,77.96,98.4,71.82,149.47,6122,79127,141007,3004864,ghsl_pop_100m_r2023a,"5 km: 6,122 pop, 78 p/km²; 16 km: 79,127 pop, 98 p/km²; 25 km: 141,007 pop, 72 p/km²; 80 km: 3,004,864 pop, 149 p/km²; Epoch: 2020; Source: GHS-POP R2023A 100 m (Mollweide)",58.09,Miskolc,143502.0,gisco_urau_2021,"Nearest city >50k: Miskolc (143,502 pop) at 58.1 km; Cities >50k within 25 km: 0; Cities >50k within 80 km: 1; Settlement hierarchy: rural; Source: Eurostat GISCO Urban Audit 2021 + urb_cpop1",-0.185,131113,ghsl_pop_100m_r2023a,"{""ghsl_note"": ""CAGR 2020\u21922030 from GHS-POP R2023A multi-epoch data"", ""s17_eurostat_supplement"": {""base_population"": null, ""base_year"": 2022, ""projected_pop_2030"": 9526758, ""projected_pop_2040"": 9340235, ""projected_pop_2050"": 9230736, ""projected_pop_2060"": 9147771, ""projected_pop_2080"": 8965750, ""pop_change_pct_2050"": null, ""pop_change_pct_2080"": null, ""receptor_growth_factor_60yr"": null, ""projection_lo_2050"": null, ""projection_hi_2050"": null, ""projection_lo_2080"": null, ""projection_hi_2080"": null, ""growth_classification"": ""stable"", ""urban_expansion_pressure"": null, ""median_age_2050"": 47.7, ""old_age_dependency_2050"": null, ""net_migration_rate_projected"": null, ""projection_source"": ""europop2023"", ""projection_variant"": ""baseline"", ""spatial_level"": ""national""}}",NNE,0.87,486.58,medium,ERA5 atmospheric dispersion (ref 1991-2020) | prevailing_wind=NNE(22deg) | mean_speed=0.9m/s | mean_BLH=487m | p5_BLH=226m | stable_frac=0.511 | stability=[A=0.0% B=0.0% C=48.9% D=0.0% E=51.1% F=0.0%] | wind_rose_dominant=NNE | source=copernicus_era5,,,,volcanic rocks,,medium,,2026-04-20 21:28:47.288769+00:00,audit_postlogging_20260421,api,merge_phase2_20260421
HU,Matraterenye power station,903d6b94-cd9d-4c32-b7e2-4bbfbee929df,75.63,96.71,75.96,103.13,5939,77768,149129,2073229,ghsl_pop_100m_r2023a,"5 km: 5,939 pop, 76 p/km²; 16 km: 77,768 pop, 97 p/km²; 25 km: 149,129 pop, 76 p/km²; 80 km: 2,073,229 pop, 103 p/km²; Epoch: 2020; Source: GHS-POP R2023A 100 m (Mollweide)",56.34,Miskolc,143502.0,gisco_urau_2021,"Nearest city >50k: Miskolc (143,502 pop) at 56.3 km; Cities >50k within 25 km: 0; Cities >50k within 80 km: 1; Settlement hierarchy: rural; Source: Eurostat GISCO Urban Audit 2021 + urb_cpop1",-0.347,138671,ghsl_pop_100m_r2023a,"{""ghsl_note"": ""CAGR 2020\u21922030 from GHS-POP R2023A multi-epoch data"", ""s17_eurostat_supplement"": {""base_population"": null, ""base_year"": 2022, ""projected_pop_2030"": 9526758, ""projected_pop_2040"": 9340235, ""projected_pop_2050"": 9230736, ""projected_pop_2060"": 9147771, ""projected_pop_2080"": 8965750, ""pop_change_pct_2050"": null, ""pop_change_pct_2080"": null, ""receptor_growth_factor_60yr"": null, ""projection_lo_2050"": null, ""projection_hi_2050"": null, ""projection_lo_2080"": null, ""projection_hi_2080"": null, ""growth_classification"": ""stable"", ""urban_expansion_pressure"": null, ""median_age_2050"": 47.7, ""old_age_dependency_2050"": null, ""net_migration_rate_projected"": null, ""projection_source"": ""europop2023"", ""projection_variant"": ""baseline"", ""spatial_level"": ""national""}}",NNE,0.72,439.15,medium,ERA5 atmospheric dispersion (ref 1991-2020) | prevailing_wind=NNE(22deg) | mean_speed=0.7m/s | mean_BLH=439m | p5_BLH=208m | stable_frac=0.617 | stability=[A=0.0% B=0.0% C=38.3% D=0.0% E=61.7% F=0.0%] | wind_rose_dominant=NNE | source=copernicus_era5,,,,sedimentary sands,,medium,,2026-04-20 21:28:47.302863+00:00,audit_postlogging_20260421,api,merge_phase2_20260421
HU,Mecsek Hills power station,34d88ce8-d49c-4b19-af2d-6efcb1b72149,30.22,212.61,125.05,57.39,2373,170973,245515,1153846,ghsl_pop_100m_r2023a,"5 km: 2,373 pop, 30 p/km²; 16 km: 170,973 pop, 213 p/km²; 25 km: 245,515 pop, 125 p/km²; 80 km: 1,153,846 pop, 57 p/km²; Epoch: 2020; Source: GHS-POP R2023A 100 m (Mollweide)",12.29,Pécs,140330.0,gisco_urau_2021,"Nearest city >50k: Pécs (140,330 pop) at 12.3 km; Cities >50k within 25 km: 1; Cities >50k within 80 km: 1; Settlement hierarchy: suburban; Source: Eurostat GISCO Urban Audit 2021 + urb_cpop1",-0.342,228288,ghsl_pop_100m_r2023a,"{""ghsl_note"": ""CAGR 2020\u21922030 from GHS-POP R2023A multi-epoch data"", ""s17_eurostat_supplement"": {""base_population"": null, ""base_year"": 2022, ""projected_pop_2030"": 9526758, ""projected_pop_2040"": 9340235, ""projected_pop_2050"": 9230736, ""projected_pop_2060"": 9147771, ""projected_pop_2080"": 8965750, ""pop_change_pct_2050"": null, ""pop_change_pct_2080"": null, ""receptor_growth_factor_60yr"": null, ""projection_lo_2050"": null, ""projection_hi_2050"": null, ""projection_lo_2080"": null, ""projection_hi_2080"": null, ""growth_classification"": ""stable"", ""urban_expansion_pressure"": null, ""median_age_2050"": 47.7, ""old_age_dependency_2050"": null, ""net_migration_rate_projected"": null, ""projection_source"": ""europop2023"", ""projection_variant"": ""baseline"", ""spatial_level"": ""national""}}",NW,0.84,492.0,medium,ERA5 atmospheric dispersion (ref 1991-2020) | prevailing_wind=NW(315deg) | mean_speed=0.8m/s | mean_BLH=492m | p5_BLH=258m | stable_frac=0.503 | stability=[A=0.0% B=0.0% C=49.7% D=0.0% E=50.3% F=0.0%] | wind_rose_dominant=NW | source=copernicus_era5,,,,sedimentary sands,,medium,,2026-04-20 21:28:47.314973+00:00,audit_postlogging_20260421,api,merge_phase2_20260421
HU,Mohacs power station,997474f6-9bfd-4abd-a2ac-d8618db8f0b4,211.43,45.23,40.76,72.84,16604,36374,80031,1464354,ghsl_pop_100m_r2023a,"5 km: 16,604 pop, 211 p/km²; 16 km: 36,374 pop, 45 p/km²; 25 km: 80,031 pop, 41 p/km²; 80 km: 1,464,354 pop, 73 p/km²; Epoch: 2020; Source: GHS-POP R2023A 100 m (Mollweide)",35.32,Pécs,140330.0,gisco_urau_2021,"Nearest city >50k: Pécs (140,330 pop) at 35.3 km; Cities >50k within 25 km: 0; Cities >50k within 80 km: 2; Settlement hierarchy: rural; Source: Eurostat GISCO Urban Audit 2021 + urb_cpop1",-1.011,74410,ghsl_pop_100m_r2023a,"{""ghsl_note"": ""CAGR 2020\u21922030 from GHS-POP R2023A multi-epoch data"", ""s17_eurostat_supplement"": {""base_population"": null, ""base_year"": 2022, ""projected_pop_2030"": 9526758, ""projected_pop_2040"": 9340235, ""projected_pop_2050"": 9230736, ""projected_pop_2060"": 9147771, ""projected_pop_2080"": 8965750, ""pop_change_pct_2050"": null, ""pop_change_pct_2080"": null, ""receptor_growth_factor_60yr"": null, ""projection_lo_2050"": null, ""projection_hi_2050"": null, ""projection_lo_2080"": null, ""projection_hi_2080"": null, ""growth_classification"": ""stable"", ""urban_expansion_pressure"": null, ""median_age_2050"": 47.7, ""old_age_dependency_2050"": null, ""net_migration_rate_projected"": null, ""projection_source"": ""europop2023"", ""projection_variant"": ""baseline"", ""spatial_level"": ""national""}}",NW,0.93,484.49,medium,ERA5 atmospheric dispersion (ref 1991-2020) | prevailing_wind=NW(315deg) | mean_speed=0.9m/s | mean_BLH=484m | p5_BLH=265m | stable_frac=0.517 | stability=[A=0.0% B=0.0% C=48.3% D=0.0% E=51.7% F=0.0%] | wind_rose_dominant=NW | source=copernicus_era5,,,,alluvial,,medium,,2026-04-20 21:28:47.328260+00:00,audit_postlogging_20260421,api,merge_phase2_20260421
HU,Oroszlány power station,651839d3-4e8f-4214-89aa-1f96ea221121,259.65,145.09,98.26,211.27,20391,116674,192908,4247445,ghsl_pop_100m_r2023a,"5 km: 20,391 pop, 260 p/km²; 16 km: 116,674 pop, 145 p/km²; 25 km: 192,908 pop, 98 p/km²; 80 km: 4,247,445 pop, 211 p/km²; Epoch: 2020; Source: GHS-POP R2023A 100 m (Mollweide)",12.84,Tatabánya,65861.0,gisco_urau_2021,"Nearest city >50k: Tatabánya (65,861 pop) at 12.8 km; Cities >50k within 25 km: 1; Cities >50k within 80 km: 4; Settlement hierarchy: periurban; Source: Eurostat GISCO Urban Audit 2021 + urb_cpop1",-1.13,179381,ghsl_pop_100m_r2023a,"{""ghsl_note"": ""CAGR 2020\u21922030 from GHS-POP R2023A multi-epoch data"", ""s17_eurostat_supplement"": {""base_population"": null, ""base_year"": 2022, ""projected_pop_2030"": 9526758, ""projected_pop_2040"": 9340235, ""projected_pop_2050"": 9230736, ""projected_pop_2060"": 9147771, ""projected_pop_2080"": 8965750, ""pop_change_pct_2050"": null, ""pop_change_pct_2080"": null, ""receptor_growth_factor_60yr"": null, ""projection_lo_2050"": null, ""projection_hi_2050"": null, ""projection_lo_2080"": null, ""projection_hi_2080"": null, ""growth_classification"": ""stable"", ""urban_expansion_pressure"": null, ""median_age_2050"": 47.7, ""old_age_dependency_2050"": null, ""net_migration_rate_projected"": null, ""projection_source"": ""europop2023"", ""projection_variant"": ""baseline"", ""spatial_level"": ""national""}}",WNW,1.1,525.57,medium,ERA5 atmospheric dispersion (ref 1991-2020) | prevailing_wind=WNW(292deg) | mean_speed=1.1m/s | mean_BLH=526m | p5_BLH=295m | stable_frac=0.419 | stability=[A=0.0% B=0.0% C=58.1% D=0.0% E=41.9% F=0.0%] | wind_rose_dominant=WNW | source=copernicus_era5,,,,sedimentary sands,,medium,,2026-04-20 21:28:47.340838+00:00,audit_postlogging_20260421,api,merge_phase2_20260421
HU,Pecs power station,e1649639-2e45-4226-9c7a-783d2dcb6724,1510.26,256.14,132.56,61.58,118604,205979,260252,1237975,ghsl_pop_100m_r2023a,"5 km: 118,604 pop, 1510 p/km²; 16 km: 205,979 pop, 256 p/km²; 25 km: 260,252 pop, 133 p/km²; 80 km: 1,237,975 pop, 62 p/km²; Epoch: 2020; Source: GHS-POP R2023A 100 m (Mollweide)",3.08,Pécs,140330.0,gisco_urau_2021,"Nearest city >50k: Pécs (140,330 pop) at 3.1 km; Cities >50k within 25 km: 1; Cities >50k within 80 km: 2; Settlement hierarchy: suburban; Source: Eurostat GISCO Urban Audit 2021 + urb_cpop1",-0.38,241998,ghsl_pop_100m_r2023a,"{""ghsl_note"": ""CAGR 2020\u21922030 from GHS-POP R2023A multi-epoch data"", ""s17_eurostat_supplement"": {""base_population"": null, ""base_year"": 2022, ""projected_pop_2030"": 9526758, ""projected_pop_2040"": 9340235, ""projected_pop_2050"": 9230736, ""projected_pop_2060"": 9147771, ""projected_pop_2080"": 8965750, ""pop_change_pct_2050"": null, ""pop_change_pct_2080"": null, ""receptor_growth_factor_60yr"": null, ""projection_lo_2050"": null, ""projection_hi_2050"": null, ""projection_lo_2080"": null, ""projection_hi_2080"": null, ""growth_classification"": ""stable"", ""urban_expansion_pressure"": null, ""median_age_2050"": 47.7, ""old_age_dependency_2050"": null, ""net_migration_rate_projected"": null, ""projection_source"": ""europop2023"", ""projection_variant"": ""baseline"", ""spatial_level"": ""national""}}",NNW,0.88,485.87,medium,ERA5 atmospheric dispersion (ref 1991-2020) | prevailing_wind=NNW(338deg) | mean_speed=0.9m/s | mean_BLH=486m | p5_BLH=263m | stable_frac=0.506 | stability=[A=0.0% B=0.0% C=49.4% D=0.0% E=50.6% F=0.0%] | wind_rose_dominant=NNW | source=copernicus_era5,,,,sedimentary sands,,medium,,2026-04-20 21:28:47.353748+00:00,audit_postlogging_20260421,api,merge_phase2_20260421
HU,Tiszapalkonya power station,5de5f907-98e7-42d3-a7dd-cb65f839697b,231.57,83.16,77.89,92.35,18186,66872,152917,1856530,ghsl_pop_100m_r2023a,"5 km: 18,186 pop, 232 p/km²; 16 km: 66,872 pop, 83 p/km²; 25 km: 152,917 pop, 78 p/km²; 80 km: 1,856,530 pop, 92 p/km²; Epoch: 2020; Source: GHS-POP R2023A 100 m (Mollweide)",34.16,Miskolc,143502.0,gisco_urau_2021,"Nearest city >50k: Miskolc (143,502 pop) at 34.2 km; Cities >50k within 25 km: 0; Cities >50k within 80 km: 3; Settlement hierarchy: rural; Source: Eurostat GISCO Urban Audit 2021 + urb_cpop1",0.126,142194,ghsl_pop_100m_r2023a,"{""ghsl_note"": ""CAGR 2020\u21922030 from GHS-POP R2023A multi-epoch data"", ""s17_eurostat_supplement"": {""base_population"": null, ""base_year"": 2022, ""projected_pop_2030"": 9526758, ""projected_pop_2040"": 9340235, ""projected_pop_2050"": 9230736, ""projected_pop_2060"": 9147771, ""projected_pop_2080"": 8965750, ""pop_change_pct_2050"": null, ""pop_change_pct_2080"": null, ""receptor_growth_factor_60yr"": null, ""projection_lo_2050"": null, ""projection_hi_2050"": null, ""projection_lo_2080"": null, ""projection_hi_2080"": null, ""growth_classification"": ""stable"", ""urban_expansion_pressure"": null, ""median_age_2050"": 47.7, ""old_age_dependency_2050"": null, ""net_migration_rate_projected"": null, ""projection_source"": ""europop2023"", ""projection_variant"": ""baseline"", ""spatial_level"": ""national""}}",N,0.91,518.72,medium,ERA5 atmospheric dispersion (ref 1991-2020) | prevailing_wind=N(0deg) | mean_speed=0.9m/s | mean_BLH=519m | p5_BLH=232m | stable_frac=0.464 | stability=[A=0.0% B=0.6% C=53.1% D=0.0% E=46.4% F=0.0%] | wind_rose_dominant=N | source=copernicus_era5,,,,alluvial,,medium,,2026-04-20 21:28:47.366544+00:00,audit_postlogging_20260421,api,merge_phase2_20260421
HU,Torony power station,059b3ad4-7196-4e6b-b169-8605ceeed841,150.47,145.91,93.07,79.86,11817,117337,182718,1605529,ghsl_pop_100m_r2023a,"5 km: 11,817 pop, 150 p/km²; 16 km: 117,337 pop, 146 p/km²; 25 km: 182,718 pop, 93 p/km²; 80 km: 1,605,529 pop, 80 p/km²; Epoch: 2020; Source: GHS-POP R2023A 100 m (Mollweide)",6.66,Szombathely,77757.0,gisco_urau_2021,"Nearest city >50k: Szombathely (77,757 pop) at 6.7 km; Cities >50k within 25 km: 1; Cities >50k within 80 km: 2; Settlement hierarchy: periurban; Source: Eurostat GISCO Urban Audit 2021 + urb_cpop1",-0.379,169906,ghsl_pop_100m_r2023a,"{""ghsl_note"": ""CAGR 2020\u21922030 from GHS-POP R2023A multi-epoch data"", ""s17_eurostat_supplement"": {""base_population"": null, ""base_year"": 2022, ""projected_pop_2030"": 9526758, ""projected_pop_2040"": 9340235, ""projected_pop_2050"": 9230736, ""projected_pop_2060"": 9147771, ""projected_pop_2080"": 8965750, ""pop_change_pct_2050"": null, ""pop_change_pct_2080"": null, ""receptor_growth_factor_60yr"": null, ""projection_lo_2050"": null, ""projection_hi_2050"": null, ""projection_lo_2080"": null, ""projection_hi_2080"": null, ""growth_classification"": ""stable"", ""urban_expansion_pressure"": null, ""median_age_2050"": 47.7, ""old_age_dependency_2050"": null, ""net_migration_rate_projected"": null, ""projection_source"": ""europop2023"", ""projection_variant"": ""baseline"", ""spatial_level"": ""national""}}",NNW,0.91,506.67,medium,ERA5 atmospheric dispersion (ref 1991-2020) | prevailing_wind=NNW(338deg) | mean_speed=0.9m/s | mean_BLH=507m | p5_BLH=273m | stable_frac=0.478 | stability=[A=0.0% B=0.0% C=52.2% D=0.0% E=47.8% F=0.0%] | wind_rose_dominant=NNW | source=copernicus_era5,,,,sedimentary sands,,medium,,2026-04-20 21:28:47.379982+00:00,audit_postlogging_20260421,api,merge_phase2_20260421
LV,Kurzeme power station,1a5b8f8f-f4be-4514-8738-755d25e19b41,424.71,46.57,20.56,5.82,33353,37452,40368,116929,ghsl_pop_100m_r2023a,"5 km: 33,353 pop, 425 p/km²; 16 km: 37,452 pop, 47 p/km²; 25 km: 40,368 pop, 21 p/km²; 80 km: 116,929 pop, 6 p/km²; Epoch: 2020; Source: GHS-POP R2023A 100 m (Mollweide)",,,,gisco_urau_2021,No city >50k within search radius; Cities >50k within 25 km: 0; Cities >50k within 80 km: 0; Settlement hierarchy: rural; Source: Eurostat GISCO Urban Audit 2021 + urb_cpop1,-1.787,25531,ghsl_pop_100m_r2023a,"{""ghsl_note"": ""CAGR 2020\u21922030 from GHS-POP R2023A multi-epoch data"", ""s17_eurostat_supplement"": {""base_population"": null, ""base_year"": 2022, ""projected_pop_2030"": 1756334, ""projected_pop_2040"": 1586936, ""projected_pop_2050"": 1466019, ""projected_pop_2060"": 1356948, ""projected_pop_2080"": 1198921, ""pop_change_pct_2050"": null, ""pop_change_pct_2080"": null, ""receptor_growth_factor_60yr"": null, ""projection_lo_2050"": null, ""projection_hi_2050"": null, ""projection_lo_2080"": null, ""projection_hi_2080"": null, ""growth_classification"": ""stable"", ""urban_expansion_pressure"": null, ""median_age_2050"": 50.4, ""old_age_dependency_2050"": null, ""net_migration_rate_projected"": null, ""projection_source"": ""europop2023"", ""projection_variant"": ""baseline"", ""spatial_level"": ""national""}}",SW,2.74,571.71,medium,ERA5 atmospheric dispersion (ref 1991-2020) | prevailing_wind=SW(225deg) | mean_speed=2.7m/s | mean_BLH=572m | p5_BLH=281m | stable_frac=0.353 | stability=[A=0.0% B=0.0% C=64.4% D=0.3% E=35.3% F=0.0%] | wind_rose_dominant=SW | source=copernicus_era5,,,,inland water,,medium,,2026-04-20 21:28:47.713852+00:00,audit_postlogging_20260421,api,merge_phase2_20260421
MD,Kuchurgan power station,b3eb5dd2-98cf-40c4-b9ee-2a86fd066093,95.48,48.7,41.71,106.53,7498,39161,81888,2141611,ghsl_pop_100m_r2023a,"5 km: 7,498 pop, 95 p/km²; 16 km: 39,161 pop, 49 p/km²; 25 km: 81,888 pop, 42 p/km²; 80 km: 2,141,611 pop, 107 p/km²; Epoch: 2020; Source: GHS-POP R2023A 100 m (Mollweide)",,,,gisco_urau_2021,No city >50k within search radius; Cities >50k within 25 km: 0; Cities >50k within 80 km: 0; Settlement hierarchy: rural; Source: Eurostat GISCO Urban Audit 2021 + urb_cpop1,-0.471,44025,ghsl_pop_100m_r2023a,"{""ghsl_note"": ""CAGR 2020\u21922030 from GHS-POP R2023A multi-epoch data"", ""s17_eurostat_supplement"": {""base_population"": null, ""base_year"": 2023, ""projected_pop_2030"": 2600000, ""projected_pop_2040"": 2350000, ""projected_pop_2050"": 2100000, ""projected_pop_2060"": 1880000, ""projected_pop_2080"": 1550000, ""pop_change_pct_2050"": null, ""pop_change_pct_2080"": null, ""receptor_growth_factor_60yr"": null, ""projection_lo_2050"": null, ""projection_hi_2050"": null, ""projection_lo_2080"": null, ""projection_hi_2080"": null, ""growth_classification"": ""stable"", ""urban_expansion_pressure"": null, ""median_age_2050"": 45.8, ""old_age_dependency_2050"": 0.4, ""net_migration_rate_projected"": null, ""projection_source"": ""nso"", ""projection_variant"": ""medium"", ""spatial_level"": ""national""}}",NNW,1.07,578.79,medium,ERA5 atmospheric dispersion (ref 1991-2020) | prevailing_wind=NNW(338deg) | mean_speed=1.1m/s | mean_BLH=579m | p5_BLH=375m | stable_frac=0.353 | stability=[A=0.0% B=0.3% C=64.4% D=0.0% E=35.3% F=0.0%] | wind_rose_dominant=NNW | source=copernicus_era5,,,,inland water,,medium,,2026-04-20 21:28:47.726118+00:00,audit_postlogging_20260421,api,merge_phase2_20260421
ME,Bar power station,3795824b-cb76-48dd-a65c-764c757ddc76,396.09,59.24,34.86,40.78,31106,47641,68443,819869,ghsl_pop_100m_r2023a,"5 km: 31,106 pop, 396 p/km²; 16 km: 47,641 pop, 59 p/km²; 25 km: 68,443 pop, 35 p/km²; 80 km: 819,869 pop, 41 p/km²; Epoch: 2020; Source: GHS-POP R2023A 100 m (Mollweide)",,,,gisco_urau_2021,No city >50k within search radius; Cities >50k within 25 km: 0; Cities >50k within 80 km: 0; Settlement hierarchy: rural; Source: Eurostat GISCO Urban Audit 2021 + urb_cpop1,0.497,50059,ghsl_pop_100m_r2023a,"{""ghsl_note"": ""CAGR 2020\u21922030 from GHS-POP R2023A multi-epoch data"", ""s17_eurostat_supplement"": {""base_population"": null, ""base_year"": 2023, ""projected_pop_2030"": 610000, ""projected_pop_2040"": 590000, ""projected_pop_2050"": 560000, ""projected_pop_2060"": 525000, ""projected_pop_2080"": 470000, ""pop_change_pct_2050"": null, ""pop_change_pct_2080"": null, ""receptor_growth_factor_60yr"": null, ""projection_lo_2050"": null, ""projection_hi_2050"": null, ""projection_lo_2080"": null, ""projection_hi_2080"": null, ""growth_classification"": ""stable"", ""urban_expansion_pressure"": null, ""median_age_2050"": 46.0, ""old_age_dependency_2050"": 0.38, ""net_migration_rate_projected"": null, ""projection_source"": ""nso"", ""projection_variant"": ""medium"", ""spatial_level"": ""national""}}",ENE,1.4,425.76,medium,ERA5 atmospheric dispersion (ref 1991-2020) | prevailing_wind=ENE(68deg) | mean_speed=1.4m/s | mean_BLH=426m | p5_BLH=235m | stable_frac=0.694 | stability=[A=0.0% B=0.0% C=30.6% D=0.0% E=69.4% F=0.0%] | wind_rose_dominant=ENE | source=copernicus_era5,,,,low permeability,,medium,,2026-04-20 21:28:47.738232+00:00,audit_postlogging_20260421,api,merge_phase2_20260421
ME,Berane power station,e77a7e7f-11ba-4e61-98da-f44471bc52ab,371.36,43.89,36.77,55.65,29164,35297,72200,1118746,ghsl_pop_100m_r2023a,"5 km: 29,164 pop, 371 p/km²; 16 km: 35,297 pop, 44 p/km²; 25 km: 72,200 pop, 37 p/km²; 80 km: 1,118,746 pop, 56 p/km²; Epoch: 2020; Source: GHS-POP R2023A 100 m (Mollweide)",,,,gisco_urau_2021,No city >50k within search radius; Cities >50k within 25 km: 0; Cities >50k within 80 km: 0; Settlement hierarchy: rural; Source: Eurostat GISCO Urban Audit 2021 + urb_cpop1,-1.574,52801,ghsl_pop_100m_r2023a,"{""ghsl_note"": ""CAGR 2020\u21922030 from GHS-POP R2023A multi-epoch data"", ""s17_eurostat_supplement"": {""base_population"": null, ""base_year"": 2023, ""projected_pop_2030"": 610000, ""projected_pop_2040"": 590000, ""projected_pop_2050"": 560000, ""projected_pop_2060"": 525000, ""projected_pop_2080"": 470000, ""pop_change_pct_2050"": null, ""pop_change_pct_2080"": null, ""receptor_growth_factor_60yr"": null, ""projection_lo_2050"": null, ""projection_hi_2050"": null, ""projection_lo_2080"": null, ""projection_hi_2080"": null, ""growth_classification"": ""stable"", ""urban_expansion_pressure"": null, ""median_age_2050"": 46.0, ""old_age_dependency_2050"": 0.38, ""net_migration_rate_projected"": null, ""projection_source"": ""nso"", ""projection_variant"": ""medium"", ""spatial_level"": ""national""}}",S,0.58,425.64,medium,ERA5 atmospheric dispersion (ref 1991-2020) | prevailing_wind=S(180deg) | mean_speed=0.6m/s | mean_BLH=426m | p5_BLH=206m | stable_frac=0.669 | stability=[A=0.0% B=0.0% C=33.1% D=0.0% E=66.9% F=0.0%] | wind_rose_dominant=S | source=copernicus_era5,,,,sedimentary sands,,medium,,2026-04-20 21:28:47.751102+00:00,audit_postlogging_20260421,api,merge_phase2_20260421
ME,Maoce Power Station,a851b5f3-8392-4766-82b9-379c6c04fe5d,319.7,34.29,27.8,28.68,25107,27575,54589,576649,ghsl_pop_100m_r2023a,"5 km: 25,107 pop, 320 p/km²; 16 km: 27,575 pop, 34 p/km²; 25 km: 54,589 pop, 28 p/km²; 80 km: 576,649 pop, 29 p/km²; Epoch: 2020; Source: GHS-POP R2023A 100 m (Mollweide)",,,,gisco_urau_2021,No city >50k within search radius; Cities >50k within 25 km: 0; Cities >50k within 80 km: 0; Settlement hierarchy: rural; Source: Eurostat GISCO Urban Audit 2021 + urb_cpop1,-1.493,39921,ghsl_pop_100m_r2023a,"{""ghsl_note"": ""CAGR 2020\u21922030 from GHS-POP R2023A multi-epoch data"", ""s17_eurostat_supplement"": {""base_population"": null, ""base_year"": 2023, ""projected_pop_2030"": 610000, ""projected_pop_2040"": 590000, ""projected_pop_2050"": 560000, ""projected_pop_2060"": 525000, ""projected_pop_2080"": 470000, ""pop_change_pct_2050"": null, ""pop_change_pct_2080"": null, ""receptor_growth_factor_60yr"": null, ""projection_lo_2050"": null, ""projection_hi_2050"": null, ""projection_lo_2080"": null, ""projection_hi_2080"": null, ""growth_classification"": ""stable"", ""urban_expansion_pressure"": null, ""median_age_2050"": 46.0, ""old_age_dependency_2050"": 0.38, ""net_migration_rate_projected"": null, ""projection_source"": ""nso"", ""projection_variant"": ""medium"", ""spatial_level"": ""national""}}",S,0.64,446.85,medium,ERA5 atmospheric dispersion (ref 1991-2020) | prevailing_wind=S(180deg) | mean_speed=0.6m/s | mean_BLH=447m | p5_BLH=218m | stable_frac=0.589 | stability=[A=0.0% B=0.0% C=41.1% D=0.0% E=58.6% F=0.3%] | wind_rose_dominant=S | source=copernicus_era5,,,,sedimentary carbonates,,medium,,2026-04-20 21:28:47.764745+00:00,audit_postlogging_20260421,api,merge_phase2_20260421
ME,Pljevlja power station,a9385c82-79b7-4f8d-b609-0a12ed946fe6,319.73,33.16,19.11,27.58,25109,26665,37509,554400,ghsl_pop_100m_r2023a,"5 km: 25,109 pop, 320 p/km²; 16 km: 26,665 pop, 33 p/km²; 25 km: 37,509 pop, 19 p/km²; 80 km: 554,400 pop, 28 p/km²; Epoch: 2020; Source: GHS-POP R2023A 100 m (Mollweide)",,,,gisco_urau_2021,No city >50k within search radius; Cities >50k within 25 km: 0; Cities >50k within 80 km: 0; Settlement hierarchy: rural; Source: Eurostat GISCO Urban Audit 2021 + urb_cpop1,-1.521,27442,ghsl_pop_100m_r2023a,"{""ghsl_note"": ""CAGR 2020\u21922030 from GHS-POP R2023A multi-epoch data"", ""s17_eurostat_supplement"": {""base_population"": null, ""base_year"": 2023, ""projected_pop_2030"": 610000, ""projected_pop_2040"": 590000, ""projected_pop_2050"": 560000, ""projected_pop_2060"": 525000, ""projected_pop_2080"": 470000, ""pop_change_pct_2050"": null, ""pop_change_pct_2080"": null, ""receptor_growth_factor_60yr"": null, ""projection_lo_2050"": null, ""projection_hi_2050"": null, ""projection_lo_2080"": null, ""projection_hi_2080"": null, ""growth_classification"": ""stable"", ""urban_expansion_pressure"": null, ""median_age_2050"": 46.0, ""old_age_dependency_2050"": 0.38, ""net_migration_rate_projected"": null, ""projection_source"": ""nso"", ""projection_variant"": ""medium"", ""spatial_level"": ""national""}}",S,0.64,446.85,medium,ERA5 atmospheric dispersion (ref 1991-2020) | prevailing_wind=S(180deg) | mean_speed=0.6m/s | mean_BLH=447m | p5_BLH=218m | stable_frac=0.589 | stability=[A=0.0% B=0.0% C=41.1% D=0.0% E=58.6% F=0.3%] | wind_rose_dominant=S | source=copernicus_era5,,,,sedimentary carbonates,,medium,,2026-04-20 21:28:47.777570+00:00,audit_postlogging_20260421,api,merge_phase2_20260421
MK,Bitola power station,1739b1b7-a6f3-466c-9dfa-3d1de9d5b6db,22.17,111.64,54.86,50.43,1741,89777,107711,1013907,ghsl_pop_100m_r2023a,"5 km: 1,741 pop, 22 p/km²; 16 km: 89,777 pop, 112 p/km²; 25 km: 107,711 pop, 55 p/km²; 80 km: 1,013,907 pop, 50 p/km²; Epoch: 2020; Source: GHS-POP R2023A 100 m (Mollweide)",,,,gisco_urau_2021,No city >50k within search radius; Cities >50k within 25 km: 0; Cities >50k within 80 km: 0; Settlement hierarchy: rural; Source: Eurostat GISCO Urban Audit 2021 + urb_cpop1,-0.399,72283,ghsl_pop_100m_r2023a,"{""ghsl_note"": ""CAGR 2020\u21922030 from GHS-POP R2023A multi-epoch data"", ""s17_eurostat_supplement"": {""base_population"": null, ""base_year"": 2023, ""projected_pop_2030"": 1980000, ""projected_pop_2040"": 1880000, ""projected_pop_2050"": 1760000, ""projected_pop_2060"": 1640000, ""projected_pop_2080"": 1420000, ""pop_change_pct_2050"": null, ""pop_change_pct_2080"": null, ""receptor_growth_factor_60yr"": null, ""projection_lo_2050"": null, ""projection_hi_2050"": null, ""projection_lo_2080"": null, ""projection_hi_2080"": null, ""growth_classification"": ""stable"", ""urban_expansion_pressure"": null, ""median_age_2050"": 46.2, ""old_age_dependency_2050"": 0.38, ""net_migration_rate_projected"": null, ""projection_source"": ""nso"", ""projection_variant"": ""medium"", ""spatial_level"": ""national""}}",NW,0.6,523.25,medium,ERA5 atmospheric dispersion (ref 1991-2020) | prevailing_wind=NW(315deg) | mean_speed=0.6m/s | mean_BLH=523m | p5_BLH=217m | stable_frac=0.481 | stability=[A=0.0% B=1.4% C=50.6% D=0.0% E=48.1% F=0.0%] | wind_rose_dominant=NW | source=copernicus_era5,,,,alluvial,,medium,,2026-04-20 21:28:47.788232+00:00,audit_postlogging_20260421,api,merge_phase2_20260421
MK,Mariovo power station,7bff5ef2-646d-4b83-83b0-7f3da32f0254,2.97,1.85,5.37,47.07,233,1489,10548,946292,ghsl_pop_100m_r2023a,"5 km: 233 pop, 3 p/km²; 16 km: 1,489 pop, 2 p/km²; 25 km: 10,548 pop, 5 p/km²; 80 km: 946,292 pop, 47 p/km²; Epoch: 2020; Source: GHS-POP R2023A 100 m (Mollweide)",,,,gisco_urau_2021,No city >50k within search radius; Cities >50k within 25 km: 0; Cities >50k within 80 km: 0; Settlement hierarchy: rural; Source: Eurostat GISCO Urban Audit 2021 + urb_cpop1,-0.431,7075,ghsl_pop_100m_r2023a,"{""ghsl_note"": ""CAGR 2020\u21922030 from GHS-POP R2023A multi-epoch data"", ""s17_eurostat_supplement"": {""base_population"": null, ""base_year"": 2023, ""projected_pop_2030"": 1980000, ""projected_pop_2040"": 1880000, ""projected_pop_2050"": 1760000, ""projected_pop_2060"": 1640000, ""projected_pop_2080"": 1420000, ""pop_change_pct_2050"": null, ""pop_change_pct_2080"": null, ""receptor_growth_factor_60yr"": null, ""projection_lo_2050"": null, ""projection_hi_2050"": null, ""projection_lo_2080"": null, ""projection_hi_2080"": null, ""growth_classification"": ""stable"", ""urban_expansion_pressure"": null, ""median_age_2050"": 46.2, ""old_age_dependency_2050"": 0.38, ""net_migration_rate_projected"": null, ""projection_source"": ""nso"", ""projection_variant"": ""medium"", ""spatial_level"": ""national""}}",NW,0.55,514.44,medium,ERA5 atmospheric dispersion (ref 1991-2020) | prevailing_wind=NW(315deg) | mean_speed=0.6m/s | mean_BLH=514m | p5_BLH=200m | stable_frac=0.492 | stability=[A=0.0% B=1.1% C=49.7% D=0.0% E=49.2% F=0.0%] | wind_rose_dominant=NW | source=copernicus_era5,,,,hard rocks,,medium,,2026-04-20 21:28:47.798421+00:00,audit_postlogging_20260421,api,merge_phase2_20260421
MK,Negotino power station,83d3abe4-2049-47ad-a66b-46034edb7569,202.77,78.36,37.31,61.54,15924,63016,73257,1237117,ghsl_pop_100m_r2023a,"5 km: 15,924 pop, 203 p/km²; 16 km: 63,016 pop, 78 p/km²; 25 km: 73,257 pop, 37 p/km²; 80 km: 1,237,117 pop, 62 p/km²; Epoch: 2020; Source: GHS-POP R2023A 100 m (Mollweide)",,,,gisco_urau_2021,No city >50k within search radius; Cities >50k within 25 km: 0; Cities >50k within 80 km: 0; Settlement hierarchy: rural; Source: Eurostat GISCO Urban Audit 2021 + urb_cpop1,-0.212,49159,ghsl_pop_100m_r2023a,"{""ghsl_note"": ""CAGR 2020\u21922030 from GHS-POP R2023A multi-epoch data"", ""s17_eurostat_supplement"": {""base_population"": null, ""base_year"": 2023, ""projected_pop_2030"": 1980000, ""projected_pop_2040"": 1880000, ""projected_pop_2050"": 1760000, ""projected_pop_2060"": 1640000, ""projected_pop_2080"": 1420000, ""pop_change_pct_2050"": null, ""pop_change_pct_2080"": null, ""receptor_growth_factor_60yr"": null, ""projection_lo_2050"": null, ""projection_hi_2050"": null, ""projection_lo_2080"": null, ""projection_hi_2080"": null, ""growth_classification"": ""stable"", ""urban_expansion_pressure"": null, ""median_age_2050"": 46.2, ""old_age_dependency_2050"": 0.38, ""net_migration_rate_projected"": null, ""projection_source"": ""nso"", ""projection_variant"": ""medium"", ""spatial_level"": ""national""}}",NW,0.6,580.45,medium,ERA5 atmospheric dispersion (ref 1991-2020) | prevailing_wind=NW(315deg) | mean_speed=0.6m/s | mean_BLH=580m | p5_BLH=217m | stable_frac=0.444 | stability=[A=0.0% B=6.4% C=49.2% D=0.0% E=44.4% F=0.0%] | wind_rose_dominant=NW | source=copernicus_era5,,,,low permeability,,medium,,2026-04-20 21:28:47.811125+00:00,audit_postlogging_20260421,api,merge_phase2_20260421
MK,Oslomej power station,756218bb-3f16-443e-b6c6-400cd0ce2f87,181.17,74.33,56.91,95.82,14228,59772,111730,1926393,ghsl_pop_100m_r2023a,"5 km: 14,228 pop, 181 p/km²; 16 km: 59,772 pop, 74 p/km²; 25 km: 111,730 pop, 57 p/km²; 80 km: 1,926,393 pop, 96 p/km²; Epoch: 2020; Source: GHS-POP R2023A 100 m (Mollweide)",,,,gisco_urau_2021,No city >50k within search radius; Cities >50k within 25 km: 0; Cities >50k within 80 km: 0; Settlement hierarchy: rural; Source: Eurostat GISCO Urban Audit 2021 + urb_cpop1,-0.047,74984,ghsl_pop_100m_r2023a,"{""ghsl_note"": ""CAGR 2020\u21922030 from GHS-POP R2023A multi-epoch data"", ""s17_eurostat_supplement"": {""base_population"": null, ""base_year"": 2023, ""projected_pop_2030"": 1980000, ""projected_pop_2040"": 1880000, ""projected_pop_2050"": 1760000, ""projected_pop_2060"": 1640000, ""projected_pop_2080"": 1420000, ""pop_change_pct_2050"": null, ""pop_change_pct_2080"": null, ""receptor_growth_factor_60yr"": null, ""projection_lo_2050"": null, ""projection_hi_2050"": null, ""projection_lo_2080"": null, ""projection_hi_2080"": null, ""growth_classification"": ""stable"", ""urban_expansion_pressure"": null, ""median_age_2050"": 46.2, ""old_age_dependency_2050"": 0.38, ""net_migration_rate_projected"": null, ""projection_source"": ""nso"", ""projection_variant"": ""medium"", ""spatial_level"": ""national""}}",NNW,0.59,445.46,medium,ERA5 atmospheric dispersion (ref 1991-2020) | prevailing_wind=NNW(338deg) | mean_speed=0.6m/s | mean_BLH=445m | p5_BLH=175m | stable_frac=0.544 | stability=[A=0.0% B=0.0% C=45.6% D=0.0% E=54.4% F=0.0%] | wind_rose_dominant=NNW | source=copernicus_era5,,,,alluvial,,medium,,2026-04-20 21:28:47.824225+00:00,audit_postlogging_20260421,api,merge_phase2_20260421
PL,Adamow power station,e4e3b5f0-7038-47a5-84e3-04eb07b3c4d7,419.68,91.04,82.02,136.27,32958,73210,161026,2739651,ghsl_pop_100m_r2023a,"5 km: 32,958 pop, 420 p/km²; 16 km: 73,210 pop, 91 p/km²; 25 km: 161,026 pop, 82 p/km²; 80 km: 2,739,651 pop, 136 p/km²; Epoch: 2020; Source: GHS-POP R2023A 100 m (Mollweide)",33.26,Konin,67066.0,gisco_urau_2021,"Nearest city >50k: Konin (67,066 pop) at 33.3 km; Cities >50k within 25 km: 0; Cities >50k within 80 km: 5; Settlement hierarchy: rural; Source: Eurostat GISCO Urban Audit 2021 + urb_cpop1",-0.097,126551,ghsl_pop_100m_r2023a,"{""ghsl_note"": ""CAGR 2020\u21922030 from GHS-POP R2023A multi-epoch data"", ""s17_eurostat_supplement"": {""base_population"": null, ""base_year"": 2022, ""projected_pop_2030"": 37420524, ""projected_pop_2040"": 35844414, ""projected_pop_2050"": 34623544, ""projected_pop_2060"": 33376446, ""projected_pop_2080"": 30610714, ""pop_change_pct_2050"": null, ""pop_change_pct_2080"": null, ""receptor_growth_factor_60yr"": null, ""projection_lo_2050"": null, ""projection_hi_2050"": null, ""projection_lo_2080"": null, ""projection_hi_2080"": null, ""growth_classification"": ""stable"", ""urban_expansion_pressure"": null, ""median_age_2050"": 50.5, ""old_age_dependency_2050"": null, ""net_migration_rate_projected"": null, ""projection_source"": ""europop2023"", ""projection_variant"": ""baseline"", ""spatial_level"": ""national""}}",WSW,1.62,580.65,medium,ERA5 atmospheric dispersion (ref 1991-2020) | prevailing_wind=WSW(248deg) | mean_speed=1.6m/s | mean_BLH=581m | p5_BLH=366m | stable_frac=0.283 | stability=[A=0.0% B=0.0% C=71.7% D=0.0% E=28.3% F=0.0%] | wind_rose_dominant=WSW | source=copernicus_era5,,,,sedimentary carbonates,,medium,,2026-04-20 21:28:47.836279+00:00,audit_postlogging_20260421,api,merge_phase2_20260421
PL,Bedzin power station,d3b5a049-6bff-400b-9312-96985f03acea,3094.35,1344.56,955.16,341.06,243005,1081248,1875258,6856582,ghsl_pop_100m_r2023a,"5 km: 243,005 pop, 3094 p/km²; 16 km: 1,081,248 pop, 1345 p/km²; 25 km: 1,875,258 pop, 955 p/km²; 80 km: 6,856,582 pop, 341 p/km²; Epoch: 2020; Source: GHS-POP R2023A 100 m (Mollweide)",4.03,Będzin,53848.0,gisco_urau_2021,"Nearest city >50k: Będzin (53,848 pop) at 4.0 km; Cities >50k within 25 km: 11; Cities >50k within 80 km: 18; Settlement hierarchy: suburban; Source: Eurostat GISCO Urban Audit 2021 + urb_cpop1",-0.281,1473745,ghsl_pop_100m_r2023a,"{""ghsl_note"": ""CAGR 2020\u21922030 from GHS-POP R2023A multi-epoch data"", ""s17_eurostat_supplement"": {""base_population"": null, ""base_year"": 2022, ""projected_pop_2030"": 37420524, ""projected_pop_2040"": 35844414, ""projected_pop_2050"": 34623544, ""projected_pop_2060"": 33376446, ""projected_pop_2080"": 30610714, ""pop_change_pct_2050"": null, ""pop_change_pct_2080"": null, ""receptor_growth_factor_60yr"": null, ""projection_lo_2050"": null, ""projection_hi_2050"": null, ""projection_lo_2080"": null, ""projection_hi_2080"": null, ""growth_classification"": ""stable"", ""urban_expansion_pressure"": null, ""median_age_2050"": 50.5, ""old_age_dependency_2050"": null, ""net_migration_rate_projected"": null, ""projection_source"": ""europop2023"", ""projection_variant"": ""baseline"", ""spatial_level"": ""national""}}",SW,1.42,522.29,medium,ERA5 atmospheric dispersion (ref 1991-2020) | prevailing_wind=SW(225deg) | mean_speed=1.4m/s | mean_BLH=522m | p5_BLH=313m | stable_frac=0.397 | stability=[A=0.0% B=0.0% C=60.3% D=0.0% E=39.7% F=0.0%] | wind_rose_dominant=SW | source=copernicus_era5,,,,sedimentary carbonates,,medium,,2026-04-20 21:28:47.848814+00:00,audit_postlogging_20260421,api,merge_phase2_20260421
PL,Belchatow power station,8e485f8a-5c68-4541-ab1d-77783f6fcb2d,50.68,123.43,112.12,137.78,3980,99255,220115,2770016,ghsl_pop_100m_r2023a,"5 km: 3,980 pop, 51 p/km²; 16 km: 99,255 pop, 123 p/km²; 25 km: 220,115 pop, 112 p/km²; 80 km: 2,770,016 pop, 138 p/km²; Epoch: 2020; Source: GHS-POP R2023A 100 m (Mollweide)",30.85,Piotrków Trybunalski,66519.0,gisco_urau_2021,"Nearest city >50k: Piotrków Trybunalski (66,519 pop) at 30.8 km; Cities >50k within 25 km: 0; Cities >50k within 80 km: 4; Settlement hierarchy: rural; Source: Eurostat GISCO Urban Audit 2021 + urb_cpop1",-0.25,172993,ghsl_pop_100m_r2023a,"{""ghsl_note"": ""CAGR 2020\u21922030 from GHS-POP R2023A multi-epoch data"", ""s17_eurostat_supplement"": {""base_population"": null, ""base_year"": 2022, ""projected_pop_2030"": 37420524, ""projected_pop_2040"": 35844414, ""projected_pop_2050"": 34623544, ""projected_pop_2060"": 33376446, ""projected_pop_2080"": 30610714, ""pop_change_pct_2050"": null, ""pop_change_pct_2080"": null, ""receptor_growth_factor_60yr"": null, ""projection_lo_2050"": null, ""projection_hi_2050"": null, ""projection_lo_2080"": null, ""projection_hi_2080"": null, ""growth_classification"": ""stable"", ""urban_expansion_pressure"": null, ""median_age_2050"": 50.5, ""old_age_dependency_2050"": null, ""net_migration_rate_projected"": null, ""projection_source"": ""europop2023"", ""projection_variant"": ""baseline"", ""spatial_level"": ""national""}}",WSW,1.64,574.66,medium,ERA5 atmospheric dispersion (ref 1991-2020) | prevailing_wind=WSW(248deg) | mean_speed=1.6m/s | mean_BLH=575m | p5_BLH=355m | stable_frac=0.294 | stability=[A=0.0% B=0.3% C=70.3% D=0.0% E=29.4% F=0.0%] | wind_rose_dominant=WSW | source=copernicus_era5,,,,sedimentary sands,,medium,,2026-04-20 21:28:47.862212+00:00,audit_postlogging_20260421,api,merge_phase2_20260421
PL,Bialystok power station,06641fea-8997-4b69-a618-6afa34b82591,3077.55,454.05,203.05,74.61,241686,365128,398638,1499915,ghsl_pop_100m_r2023a,"5 km: 241,686 pop, 3078 p/km²; 16 km: 365,128 pop, 454 p/km²; 25 km: 398,638 pop, 203 p/km²; 80 km: 1,499,915 pop, 75 p/km²; Epoch: 2020; Source: GHS-POP R2023A 100 m (Mollweide)",1.89,Białystok,291688.0,gisco_urau_2021,"Nearest city >50k: Białystok (291,688 pop) at 1.9 km; Cities >50k within 25 km: 1; Cities >50k within 80 km: 2; Settlement hierarchy: urban_core; Source: Eurostat GISCO Urban Audit 2021 + urb_cpop1",0.215,313292,ghsl_pop_100m_r2023a,"{""ghsl_note"": ""CAGR 2020\u21922030 from GHS-POP R2023A multi-epoch data"", ""s17_eurostat_supplement"": {""base_population"": null, ""base_year"": 2022, ""projected_pop_2030"": 37420524, ""projected_pop_2040"": 35844414, ""projected_pop_2050"": 34623544, ""projected_pop_2060"": 33376446, ""projected_pop_2080"": 30610714, ""pop_change_pct_2050"": null, ""pop_change_pct_2080"": null, ""receptor_growth_factor_60yr"": null, ""projection_lo_2050"": null, ""projection_hi_2050"": null, ""projection_lo_2080"": null, ""projection_hi_2080"": null, ""growth_classification"": ""stable"", ""urban_expansion_pressure"": null, ""median_age_2050"": 50.5, ""old_age_dependency_2050"": null, ""net_migration_rate_projected"": null, ""projection_source"": ""europop2023"", ""projection_variant"": ""baseline"", ""spatial_level"": ""national""}}",SW,1.47,585.06,medium,ERA5 atmospheric dispersion (ref 1991-2020) | prevailing_wind=SW(225deg) | mean_speed=1.5m/s | mean_BLH=585m | p5_BLH=384m | stable_frac=0.253 | stability=[A=0.0% B=0.0% C=74.7% D=0.0% E=25.3% F=0.0%] | wind_rose_dominant=SW | source=copernicus_era5,,,,alluvial,,medium,,2026-04-20 21:28:47.874565+00:00,audit_postlogging_20260421,api,merge_phase2_20260421
PL,Bielsko-Biala power station,73fe8f06-c53b-4877-9c1d-5caf3d8f2749,1818.98,483.67,366.22,356.7,142848,388955,718996,7170984,ghsl_pop_100m_r2023a,"5 km: 142,848 pop, 1819 p/km²; 16 km: 388,955 pop, 484 p/km²; 25 km: 718,996 pop, 366 p/km²; 80 km: 7,170,984 pop, 357 p/km²; Epoch: 2020; Source: GHS-POP R2023A 100 m (Mollweide)",1.02,Bielsko-Biała,165766.0,gisco_urau_2021,"Nearest city >50k: Bielsko-Biała (165,766 pop) at 1.0 km; Cities >50k within 25 km: 1; Cities >50k within 80 km: 19; Settlement hierarchy: suburban; Source: Eurostat GISCO Urban Audit 2021 + urb_cpop1",0.123,565052,ghsl_pop_100m_r2023a,"{""ghsl_note"": ""CAGR 2020\u21922030 from GHS-POP R2023A multi-epoch data"", ""s17_eurostat_supplement"": {""base_population"": null, ""base_year"": 2022, ""projected_pop_2030"": 37420524, ""projected_pop_2040"": 35844414, ""projected_pop_2050"": 34623544, ""projected_pop_2060"": 33376446, ""projected_pop_2080"": 30610714, ""pop_change_pct_2050"": null, ""pop_change_pct_2080"": null, ""receptor_growth_factor_60yr"": null, ""projection_lo_2050"": null, ""projection_hi_2050"": null, ""projection_lo_2080"": null, ""projection_hi_2080"": null, ""growth_classification"": ""stable"", ""urban_expansion_pressure"": null, ""median_age_2050"": 50.5, ""old_age_dependency_2050"": null, ""net_migration_rate_projected"": null, ""projection_source"": ""europop2023"", ""projection_variant"": ""baseline"", ""spatial_level"": ""national""}}",SSW,1.21,482.16,medium,ERA5 atmospheric dispersion (ref 1991-2020) | prevailing_wind=SSW(202deg) | mean_speed=1.2m/s | mean_BLH=482m | p5_BLH=295m | stable_frac=0.522 | stability=[A=0.0% B=0.0% C=47.8% D=0.0% E=52.2% F=0.0%] | wind_rose_dominant=SSW | source=copernicus_era5,,,,sedimentary sands,,medium,,2026-04-20 21:28:47.886597+00:00,audit_postlogging_20260421,api,merge_phase2_20260421
PL,Blachownia power station,ccc15bde-1c5a-40bf-8f09-2fcb1e896ce5,223.74,378.11,222.99,216.14,17571,304062,437787,4345351,ghsl_pop_100m_r2023a,"5 km: 17,571 pop, 224 p/km²; 16 km: 304,062 pop, 378 p/km²; 25 km: 437,787 pop, 223 p/km²; 80 km: 4,345,351 pop, 216 p/km²; Epoch: 2020; Source: GHS-POP R2023A 100 m (Mollweide)",10.93,Częstochowa,205969.0,gisco_urau_2021,"Nearest city >50k: Częstochowa (205,969 pop) at 10.9 km; Cities >50k within 25 km: 1; Cities >50k within 80 km: 14; Settlement hierarchy: suburban; Source: Eurostat GISCO Urban Audit 2021 + urb_cpop1",-0.305,344058,ghsl_pop_100m_r2023a,"{""ghsl_note"": ""CAGR 2020\u21922030 from GHS-POP R2023A multi-epoch data"", ""s17_eurostat_supplement"": {""base_population"": null, ""base_year"": 2022, ""projected_pop_2030"": 37420524, ""projected_pop_2040"": 35844414, ""projected_pop_2050"": 34623544, ""projected_pop_2060"": 33376446, ""projected_pop_2080"": 30610714, ""pop_change_pct_2050"": null, ""pop_change_pct_2080"": null, ""receptor_growth_factor_60yr"": null, ""projection_lo_2050"": null, ""projection_hi_2050"": null, ""projection_lo_2080"": null, ""projection_hi_2080"": null, ""growth_classification"": ""stable"", ""urban_expansion_pressure"": null, ""median_age_2050"": 50.5, ""old_age_dependency_2050"": null, ""net_migration_rate_projected"": null, ""projection_source"": ""europop2023"", ""projection_variant"": ""baseline"", ""spatial_level"": ""national""}}",WSW,1.67,561.6,medium,ERA5 atmospheric dispersion (ref 1991-2020) | prevailing_wind=WSW(248deg) | mean_speed=1.7m/s | mean_BLH=562m | p5_BLH=342m | stable_frac=0.325 | stability=[A=0.0% B=0.0% C=67.5% D=0.0% E=32.5% F=0.0%] | wind_rose_dominant=WSW | source=copernicus_era5,,,,sedimentary carbonates,,medium,,2026-04-20 21:28:47.899110+00:00,audit_postlogging_20260421,api,merge_phase2_20260421
PL,Bydgoszcz power station,9f4a0d6c-e2fa-4e9b-b412-d779d4abf82c,1238.13,516.67,253.17,111.59,97233,415485,497041,2243437,ghsl_pop_100m_r2023a,"5 km: 97,233 pop, 1238 p/km²; 16 km: 415,485 pop, 517 p/km²; 25 km: 497,041 pop, 253 p/km²; 80 km: 2,243,437 pop, 112 p/km²; Epoch: 2020; Source: GHS-POP R2023A 100 m (Mollweide)",4.32,Bydgoszcz,326434.0,gisco_urau_2021,"Nearest city >50k: Bydgoszcz (326,434 pop) at 4.3 km; Cities >50k within 25 km: 1; Cities >50k within 80 km: 5; Settlement hierarchy: urban_core; Source: Eurostat GISCO Urban Audit 2021 + urb_cpop1",0.226,390624,ghsl_pop_100m_r2023a,"{""ghsl_note"": ""CAGR 2020\u21922030 from GHS-POP R2023A multi-epoch data"", ""s17_eurostat_supplement"": {""base_population"": null, ""base_year"": 2022, ""projected_pop_2030"": 37420524, ""projected_pop_2040"": 35844414, ""projected_pop_2050"": 34623544, ""projected_pop_2060"": 33376446, ""projected_pop_2080"": 30610714, ""pop_change_pct_2050"": null, ""pop_change_pct_2080"": null, ""receptor_growth_factor_60yr"": null, ""projection_lo_2050"": null, ""projection_hi_2050"": null, ""projection_lo_2080"": null, ""projection_hi_2080"": null, ""growth_classification"": ""stable"", ""urban_expansion_pressure"": null, ""median_age_2050"": 50.5, ""old_age_dependency_2050"": null, ""net_migration_rate_projected"": null, ""projection_source"": ""europop2023"", ""projection_variant"": ""baseline"", ""spatial_level"": ""national""}}",WSW,1.59,589.26,medium,ERA5 atmospheric dispersion (ref 1991-2020) | prevailing_wind=WSW(248deg) | mean_speed=1.6m/s | mean_BLH=589m | p5_BLH=384m | stable_frac=0.244 | stability=[A=0.0% B=0.0% C=75.6% D=0.0% E=24.4% F=0.0%] | wind_rose_dominant=WSW | source=copernicus_era5,,,,sedimentary sands,,medium,,2026-04-20 21:28:47.911910+00:00,audit_postlogging_20260421,api,merge_phase2_20260421
PL,Chorzow Elcho power station,a91dfe3d-93e0-43a1-99d2-41abdd1fc2ce,3251.1,1773.27,1102.47,343.19,255315,1426005,2164466,6899453,ghsl_pop_100m_r2023a,"5 km: 255,315 pop, 3251 p/km²; 16 km: 1,426,005 pop, 1773 p/km²; 25 km: 2,164,466 pop, 1102 p/km²; 80 km: 6,899,453 pop, 343 p/km²; Epoch: 2020; Source: GHS-POP R2023A 100 m (Mollweide)",1.53,Chorzów,100593.0,gisco_urau_2021,"Nearest city >50k: Chorzów (100,593 pop) at 1.5 km; Cities >50k within 25 km: 12; Cities >50k within 80 km: 19; Settlement hierarchy: suburban; Source: Eurostat GISCO Urban Audit 2021 + urb_cpop1",-0.272,1701034,ghsl_pop_100m_r2023a,"{""ghsl_note"": ""CAGR 2020\u21922030 from GHS-POP R2023A multi-epoch data"", ""s17_eurostat_supplement"": {""base_population"": null, ""base_year"": 2022, ""projected_pop_2030"": 37420524, ""projected_pop_2040"": 35844414, ""projected_pop_2050"": 34623544, ""projected_pop_2060"": 33376446, ""projected_pop_2080"": 30610714, ""pop_change_pct_2050"": null, ""pop_change_pct_2080"": null, ""receptor_growth_factor_60yr"": null, ""projection_lo_2050"": null, ""projection_hi_2050"": null, ""projection_lo_2080"": null, ""projection_hi_2080"": null, ""growth_classification"": ""stable"", ""urban_expansion_pressure"": null, ""median_age_2050"": 50.5, ""old_age_dependency_2050"": null, ""net_migration_rate_projected"": null, ""projection_source"": ""europop2023"", ""projection_variant"": ""baseline"", ""spatial_level"": ""national""}}",SW,1.4,525.63,medium,ERA5 atmospheric dispersion (ref 1991-2020) | prevailing_wind=SW(225deg) | mean_speed=1.4m/s | mean_BLH=526m | p5_BLH=321m | stable_frac=0.383 | stability=[A=0.0% B=0.0% C=61.7% D=0.0% E=38.3% F=0.0%] | wind_rose_dominant=SW | source=copernicus_era5,,,,sedimentary carbonates,,medium,,2026-04-20 21:28:47.924789+00:00,audit_postlogging_20260421,api,merge_phase2_20260421
PL,Czeczott power station,a6b51b4f-ba1d-49cd-bc99-8898acdbeb78,557.68,333.53,494.01,352.71,43796,268217,969885,7090844,ghsl_pop_100m_r2023a,"5 km: 43,796 pop, 558 p/km²; 16 km: 268,217 pop, 334 p/km²; 25 km: 969,885 pop, 494 p/km²; 80 km: 7,090,844 pop, 353 p/km²; Epoch: 2020; Source: GHS-POP R2023A 100 m (Mollweide)",17.79,Tychy,122045.0,gisco_urau_2021,"Nearest city >50k: Tychy (122,045 pop) at 17.8 km; Cities >50k within 25 km: 3; Cities >50k within 80 km: 18; Settlement hierarchy: periurban; Source: Eurostat GISCO Urban Audit 2021 + urb_cpop1",0.09,762223,ghsl_pop_100m_r2023a,"{""ghsl_note"": ""CAGR 2020\u21922030 from GHS-POP R2023A multi-epoch data"", ""s17_eurostat_supplement"": {""base_population"": null, ""base_year"": 2022, ""projected_pop_2030"": 37420524, ""projected_pop_2040"": 35844414, ""projected_pop_2050"": 34623544, ""projected_pop_2060"": 33376446, ""projected_pop_2080"": 30610714, ""pop_change_pct_2050"": null, ""pop_change_pct_2080"": null, ""receptor_growth_factor_60yr"": null, ""projection_lo_2050"": null, ""projection_hi_2050"": null, ""projection_lo_2080"": null, ""projection_hi_2080"": null, ""growth_classification"": ""stable"", ""urban_expansion_pressure"": null, ""median_age_2050"": 50.5, ""old_age_dependency_2050"": null, ""net_migration_rate_projected"": null, ""projection_source"": ""europop2023"", ""projection_variant"": ""baseline"", ""spatial_level"": ""national""}}",SW,1.34,504.27,medium,ERA5 atmospheric dispersion (ref 1991-2020) | prevailing_wind=SW(225deg) | mean_speed=1.3m/s | mean_BLH=504m | p5_BLH=306m | stable_frac=0.436 | stability=[A=0.0% B=0.0% C=56.4% D=0.0% E=43.6% F=0.0%] | wind_rose_dominant=SW | source=copernicus_era5,,,,sedimentary sands,,medium,,2026-04-20 21:28:47.936998+00:00,audit_postlogging_20260421,api,merge_phase2_20260421
PL,Czestochowa CHP power station,b789a244-7d29-4be3-afe4-2f45d7f11eab,2078.65,388.88,211.91,208.82,163240,312723,416037,4198187,ghsl_pop_100m_r2023a,"5 km: 163,240 pop, 2079 p/km²; 16 km: 312,723 pop, 389 p/km²; 25 km: 416,037 pop, 212 p/km²; 80 km: 4,198,187 pop, 209 p/km²; Epoch: 2020; Source: GHS-POP R2023A 100 m (Mollweide)",2.08,Częstochowa,205969.0,gisco_urau_2021,"Nearest city >50k: Częstochowa (205,969 pop) at 2.1 km; Cities >50k within 25 km: 1; Cities >50k within 80 km: 14; Settlement hierarchy: urban_core; Source: Eurostat GISCO Urban Audit 2021 + urb_cpop1",-0.298,326962,ghsl_pop_100m_r2023a,"{""ghsl_note"": ""CAGR 2020\u21922030 from GHS-POP R2023A multi-epoch data"", ""s17_eurostat_supplement"": {""base_population"": null, ""base_year"": 2022, ""projected_pop_2030"": 37420524, ""projected_pop_2040"": 35844414, ""projected_pop_2050"": 34623544, ""projected_pop_2060"": 33376446, ""projected_pop_2080"": 30610714, ""pop_change_pct_2050"": null, ""pop_change_pct_2080"": null, ""receptor_growth_factor_60yr"": null, ""projection_lo_2050"": null, ""projection_hi_2050"": null, ""projection_lo_2080"": null, ""projection_hi_2080"": null, ""growth_classification"": ""stable"", ""urban_expansion_pressure"": null, ""median_age_2050"": 50.5, ""old_age_dependency_2050"": null, ""net_migration_rate_projected"": null, ""projection_source"": ""europop2023"", ""projection_variant"": ""baseline"", ""spatial_level"": ""national""}}",WSW,1.68,562.13,medium,ERA5 atmospheric dispersion (ref 1991-2020) | prevailing_wind=WSW(248deg) | mean_speed=1.7m/s | mean_BLH=562m | p5_BLH=338m | stable_frac=0.322 | stability=[A=0.0% B=0.0% C=67.8% D=0.0% E=32.2% F=0.0%] | wind_rose_dominant=WSW | source=copernicus_era5,,,,sedimentary sands,,medium,,2026-04-20 21:28:47.949412+00:00,audit_postlogging_20260421,api,merge_phase2_20260421
PL,Dolna Odra power station,558e7bff-5b5d-4666-9ca3-ec02f2269aab,152.87,60.61,147.86,77.16,12005,48744,290297,1551268,ghsl_pop_100m_r2023a,"5 km: 12,005 pop, 153 p/km²; 16 km: 48,744 pop, 61 p/km²; 25 km: 290,297 pop, 148 p/km²; 80 km: 1,551,268 pop, 77 p/km²; Epoch: 2020; Source: GHS-POP R2023A 100 m (Mollweide)",26.75,Szczecin,389066.0,gisco_urau_2021,"Nearest city >50k: Szczecin (389,066 pop) at 26.8 km; Cities >50k within 25 km: 0; Cities >50k within 80 km: 3; Settlement hierarchy: rural; Source: Eurostat GISCO Urban Audit 2021 + urb_cpop1",0.039,228138,ghsl_pop_100m_r2023a,"{""ghsl_note"": ""CAGR 2020\u21922030 from GHS-POP R2023A multi-epoch data"", ""s17_eurostat_supplement"": {""base_population"": null, ""base_year"": 2022, ""projected_pop_2030"": 37420524, ""projected_pop_2040"": 35844414, ""projected_pop_2050"": 34623544, ""projected_pop_2060"": 33376446, ""projected_pop_2080"": 30610714, ""pop_change_pct_2050"": null, ""pop_change_pct_2080"": null, ""receptor_growth_factor_60yr"": null, ""projection_lo_2050"": null, ""projection_hi_2050"": null, ""projection_lo_2080"": null, ""projection_hi_2080"": null, ""growth_classification"": ""stable"", ""urban_expansion_pressure"": null, ""median_age_2050"": 50.5, ""old_age_dependency_2050"": null, ""net_migration_rate_projected"": null, ""projection_source"": ""europop2023"", ""projection_variant"": ""baseline"", ""spatial_level"": ""national""}}",SW,1.74,579.65,medium,ERA5 atmospheric dispersion (ref 1991-2020) | prevailing_wind=SW(225deg) | mean_speed=1.7m/s | mean_BLH=580m | p5_BLH=382m | stable_frac=0.253 | stability=[A=0.0% B=0.0% C=74.7% D=0.0% E=25.3% F=0.0%] | wind_rose_dominant=SW | source=copernicus_era5,,,,sedimentary sands,,medium,,2026-04-20 21:28:47.963068+00:00,audit_postlogging_20260421,api,merge_phase2_20260421
PL,Gdansk-2 power station,e9a1ae49-ff79-462c-af4e-7c6843221d36,3323.3,811.71,463.53,107.9,260985,652750,910041,2169303,ghsl_pop_100m_r2023a,"5 km: 260,985 pop, 3323 p/km²; 16 km: 652,750 pop, 812 p/km²; 25 km: 910,041 pop, 464 p/km²; 80 km: 2,169,303 pop, 108 p/km²; Epoch: 2020; Source: GHS-POP R2023A 100 m (Mollweide)",2.15,Gdańsk,487371.0,gisco_urau_2021,"Nearest city >50k: Gdańsk (487,371 pop) at 2.2 km; Cities >50k within 25 km: 2; Cities >50k within 80 km: 4; Settlement hierarchy: urban_core; Source: Eurostat GISCO Urban Audit 2021 + urb_cpop1",0.424,715194,ghsl_pop_100m_r2023a,"{""ghsl_note"": ""CAGR 2020\u21922030 from GHS-POP R2023A multi-epoch data"", ""s17_eurostat_supplement"": {""base_population"": null, ""base_year"": 2022, ""projected_pop_2030"": 37420524, ""projected_pop_2040"": 35844414, ""projected_pop_2050"": 34623544, ""projected_pop_2060"": 33376446, ""projected_pop_2080"": 30610714, ""pop_change_pct_2050"": null, ""pop_change_pct_2080"": null, ""receptor_growth_factor_60yr"": null, ""projection_lo_2050"": null, ""projection_hi_2050"": null, ""projection_lo_2080"": null, ""projection_hi_2080"": null, ""growth_classification"": ""stable"", ""urban_expansion_pressure"": null, ""median_age_2050"": 50.5, ""old_age_dependency_2050"": null, ""net_migration_rate_projected"": null, ""projection_source"": ""europop2023"", ""projection_variant"": ""baseline"", ""spatial_level"": ""national""}}",WSW,2.3,553.79,medium,ERA5 atmospheric dispersion (ref 1991-2020) | prevailing_wind=WSW(248deg) | mean_speed=2.3m/s | mean_BLH=554m | p5_BLH=386m | stable_frac=0.333 | stability=[A=0.0% B=0.0% C=66.7% D=0.0% E=33.3% F=0.0%] | wind_rose_dominant=WSW | source=copernicus_era5,,,,alluvial,,medium,,2026-04-20 21:28:47.977284+00:00,audit_postlogging_20260421,api,merge_phase2_20260421
PL,Gdynia-3 power station,ad7a9c00-0c75-411f-8f89-859e603df1e6,1646.58,553.87,445.01,97.96,129309,445401,873691,1969346,ghsl_pop_100m_r2023a,"5 km: 129,309 pop, 1647 p/km²; 16 km: 445,401 pop, 554 p/km²; 25 km: 873,691 pop, 445 p/km²; 80 km: 1,969,346 pop, 98 p/km²; Epoch: 2020; Source: GHS-POP R2023A 100 m (Mollweide)",5.22,Gdynia,241189.0,gisco_urau_2021,"Nearest city >50k: Gdynia (241,189 pop) at 5.2 km; Cities >50k within 25 km: 2; Cities >50k within 80 km: 4; Settlement hierarchy: suburban; Source: Eurostat GISCO Urban Audit 2021 + urb_cpop1",0.394,686619,ghsl_pop_100m_r2023a,"{""ghsl_note"": ""CAGR 2020\u21922030 from GHS-POP R2023A multi-epoch data"", ""s17_eurostat_supplement"": {""base_population"": null, ""base_year"": 2022, ""projected_pop_2030"": 37420524, ""projected_pop_2040"": 35844414, ""projected_pop_2050"": 34623544, ""projected_pop_2060"": 33376446, ""projected_pop_2080"": 30610714, ""pop_change_pct_2050"": null, ""pop_change_pct_2080"": null, ""receptor_growth_factor_60yr"": null, ""projection_lo_2050"": null, ""projection_hi_2050"": null, ""projection_lo_2080"": null, ""projection_hi_2080"": null, ""growth_classification"": ""stable"", ""urban_expansion_pressure"": null, ""median_age_2050"": 50.5, ""old_age_dependency_2050"": null, ""net_migration_rate_projected"": null, ""projection_source"": ""europop2023"", ""projection_variant"": ""baseline"", ""spatial_level"": ""national""}}",WSW,2.29,555.78,medium,ERA5 atmospheric dispersion (ref 1991-2020) | prevailing_wind=WSW(248deg) | mean_speed=2.3m/s | mean_BLH=556m | p5_BLH=414m | stable_frac=0.311 | stability=[A=0.0% B=0.0% C=68.9% D=0.0% E=31.1% F=0.0%] | wind_rose_dominant=WSW | source=copernicus_era5,,,,sedimentary sands,,medium,,2026-04-20 21:28:47.989147+00:00,audit_postlogging_20260421,api,merge_phase2_20260421
PL,Gliwice Works power station,416aab55-6fd9-4a0a-b8f8-796fb62d86a5,1445.46,603.45,616.43,315.89,113515,485273,1210244,6350581,ghsl_pop_100m_r2023a,"5 km: 113,515 pop, 1445 p/km²; 16 km: 485,273 pop, 603 p/km²; 25 km: 1,210,244 pop, 616 p/km²; 80 km: 6,350,581 pop, 316 p/km²; Epoch: 2020; Source: GHS-POP R2023A 100 m (Mollweide)",2.81,Gliwice,169915.0,gisco_urau_2021,"Nearest city >50k: Gliwice (169,915 pop) at 2.8 km; Cities >50k within 25 km: 6; Cities >50k within 80 km: 19; Settlement hierarchy: suburban; Source: Eurostat GISCO Urban Audit 2021 + urb_cpop1",-0.25,951108,ghsl_pop_100m_r2023a,"{""ghsl_note"": ""CAGR 2020\u21922030 from GHS-POP R2023A multi-epoch data"", ""s17_eurostat_supplement"": {""base_population"": null, ""base_year"": 2022, ""projected_pop_2030"": 37420524, ""projected_pop_2040"": 35844414, ""projected_pop_2050"": 34623544, ""projected_pop_2060"": 33376446, ""projected_pop_2080"": 30610714, ""pop_change_pct_2050"": null, ""pop_change_pct_2080"": null, ""receptor_growth_factor_60yr"": null, ""projection_lo_2050"": null, ""projection_hi_2050"": null, ""projection_lo_2080"": null, ""projection_hi_2080"": null, ""growth_classification"": ""stable"", ""urban_expansion_pressure"": null, ""median_age_2050"": 50.5, ""old_age_dependency_2050"": null, ""net_migration_rate_projected"": null, ""projection_source"": ""europop2023"", ""projection_variant"": ""baseline"", ""spatial_level"": ""national""}}",WSW,1.47,532.82,medium,ERA5 atmospheric dispersion (ref 1991-2020) | prevailing_wind=WSW(248deg) | mean_speed=1.5m/s | mean_BLH=533m | p5_BLH=334m | stable_frac=0.364 | stability=[A=0.0% B=0.0% C=63.6% D=0.0% E=36.4% F=0.0%] | wind_rose_dominant=WSW | source=copernicus_era5,,,,low permeability,,medium,,2026-04-20 21:28:48.000060+00:00,audit_postlogging_20260421,api,merge_phase2_20260421
PL,Gorzow power station,40650551-0c9c-45ea-bac6-befdb0cb5909,1375.66,195.58,102.61,59.66,108033,157279,201447,1199459,ghsl_pop_100m_r2023a,"5 km: 108,033 pop, 1376 p/km²; 16 km: 157,279 pop, 196 p/km²; 25 km: 201,447 pop, 103 p/km²; 80 km: 1,199,459 pop, 60 p/km²; Epoch: 2020; Source: GHS-POP R2023A 100 m (Mollweide)",4.07,Gorzów Wielkopolski,115247.0,gisco_urau_2021,"Nearest city >50k: Gorzów Wielkopolski (115,247 pop) at 4.1 km; Cities >50k within 25 km: 1; Cities >50k within 80 km: 3; Settlement hierarchy: suburban; Source: Eurostat GISCO Urban Audit 2021 + urb_cpop1",0.21,158320,ghsl_pop_100m_r2023a,"{""ghsl_note"": ""CAGR 2020\u21922030 from GHS-POP R2023A multi-epoch data"", ""s17_eurostat_supplement"": {""base_population"": null, ""base_year"": 2022, ""projected_pop_2030"": 37420524, ""projected_pop_2040"": 35844414, ""projected_pop_2050"": 34623544, ""projected_pop_2060"": 33376446, ""projected_pop_2080"": 30610714, ""pop_change_pct_2050"": null, ""pop_change_pct_2080"": null, ""receptor_growth_factor_60yr"": null, ""projection_lo_2050"": null, ""projection_hi_2050"": null, ""projection_lo_2080"": null, ""projection_hi_2080"": null, ""growth_classification"": ""stable"", ""urban_expansion_pressure"": null, ""median_age_2050"": 50.5, ""old_age_dependency_2050"": null, ""net_migration_rate_projected"": null, ""projection_source"": ""europop2023"", ""projection_variant"": ""baseline"", ""spatial_level"": ""national""}}",SW,1.58,608.29,medium,ERA5 atmospheric dispersion (ref 1991-2020) | prevailing_wind=SW(225deg) | mean_speed=1.6m/s | mean_BLH=608m | p5_BLH=384m | stable_frac=0.244 | stability=[A=0.0% B=0.0% C=75.6% D=0.0% E=24.4% F=0.0%] | wind_rose_dominant=SW | source=copernicus_era5,,,,alluvial,,medium,,2026-04-20 21:28:48.011429+00:00,audit_postlogging_20260421,api,merge_phase2_20260421
PL,Gubin Power Project,917008f5-fba1-4ef7-b82d-9aded2b69267,448.9,62.02,60.34,74.73,35253,49876,118459,1502331,ghsl_pop_100m_r2023a,"5 km: 35,253 pop, 449 p/km²; 16 km: 49,876 pop, 62 p/km²; 25 km: 118,459 pop, 60 p/km²; 80 km: 1,502,331 pop, 75 p/km²; Epoch: 2020; Source: GHS-POP R2023A 100 m (Mollweide)",31.67,Cottbus,94778.0,gisco_urau_2021,"Nearest city >50k: Cottbus (94,778 pop) at 31.7 km; Cities >50k within 25 km: 0; Cities >50k within 80 km: 3; Settlement hierarchy: rural; Source: Eurostat GISCO Urban Audit 2021 + urb_cpop1",-0.38,93100,ghsl_pop_100m_r2023a,"{""ghsl_note"": ""CAGR 2020\u21922030 from GHS-POP R2023A multi-epoch data"", ""s17_eurostat_supplement"": {""base_population"": null, ""base_year"": 2022, ""projected_pop_2030"": 37420524, ""projected_pop_2040"": 35844414, ""projected_pop_2050"": 34623544, ""projected_pop_2060"": 33376446, ""projected_pop_2080"": 30610714, ""pop_change_pct_2050"": null, ""pop_change_pct_2080"": null, ""receptor_growth_factor_60yr"": null, ""projection_lo_2050"": null, ""projection_hi_2050"": null, ""projection_lo_2080"": null, ""projection_hi_2080"": null, ""growth_classification"": ""stable"", ""urban_expansion_pressure"": null, ""median_age_2050"": 50.5, ""old_age_dependency_2050"": null, ""net_migration_rate_projected"": null, ""projection_source"": ""europop2023"", ""projection_variant"": ""baseline"", ""spatial_level"": ""national""}}",SW,1.57,615.36,medium,ERA5 atmospheric dispersion (ref 1991-2020) | prevailing_wind=SW(225deg) | mean_speed=1.6m/s | mean_BLH=615m | p5_BLH=382m | stable_frac=0.250 | stability=[A=0.0% B=0.0% C=75.0% D=0.0% E=25.0% F=0.0%] | wind_rose_dominant=SW | source=copernicus_era5,,,,alluvial,,medium,,2026-04-20 21:28:48.021725+00:00,audit_postlogging_20260421,api,merge_phase2_20260421
PL,Halemba power station,29479c3f-8db8-4f62-90e8-59ad6739f90b,869.06,1565.24,1069.14,333.94,68249,1258711,2099032,6713433,ghsl_pop_100m_r2023a,"5 km: 68,249 pop, 869 p/km²; 16 km: 1,258,711 pop, 1565 p/km²; 25 km: 2,099,032 pop, 1069 p/km²; 80 km: 6,713,433 pop, 334 p/km²; Epoch: 2020; Source: GHS-POP R2023A 100 m (Mollweide)",3.95,Ruda Śląska,130302.0,gisco_urau_2021,"Nearest city >50k: Ruda Śląska (130,302 pop) at 4.0 km; Cities >50k within 25 km: 11; Cities >50k within 80 km: 18; Settlement hierarchy: suburban; Source: Eurostat GISCO Urban Audit 2021 + urb_cpop1",-0.253,1649608,ghsl_pop_100m_r2023a,"{""ghsl_note"": ""CAGR 2020\u21922030 from GHS-POP R2023A multi-epoch data"", ""s17_eurostat_supplement"": {""base_population"": null, ""base_year"": 2022, ""projected_pop_2030"": 37420524, ""projected_pop_2040"": 35844414, ""projected_pop_2050"": 34623544, ""projected_pop_2060"": 33376446, ""projected_pop_2080"": 30610714, ""pop_change_pct_2050"": null, ""pop_change_pct_2080"": null, ""receptor_growth_factor_60yr"": null, ""projection_lo_2050"": null, ""projection_hi_2050"": null, ""projection_lo_2080"": null, ""projection_hi_2080"": null, ""growth_classification"": ""stable"", ""urban_expansion_pressure"": null, ""median_age_2050"": 50.5, ""old_age_dependency_2050"": null, ""net_migration_rate_projected"": null, ""projection_source"": ""europop2023"", ""projection_variant"": ""baseline"", ""spatial_level"": ""national""}}",WSW,1.47,532.82,medium,ERA5 atmospheric dispersion (ref 1991-2020) | prevailing_wind=WSW(248deg) | mean_speed=1.5m/s | mean_BLH=533m | p5_BLH=334m | stable_frac=0.364 | stability=[A=0.0% B=0.0% C=63.6% D=0.0% E=36.4% F=0.0%] | wind_rose_dominant=WSW | source=copernicus_era5,,,,sedimentary sands,,medium,,2026-04-20 21:28:48.032244+00:00,audit_postlogging_20260421,api,merge_phase2_20260421
PL,Jaworzno power station,c4d7f628-c108-4496-ac02-6076ea3ae448,976.16,943.84,819.85,346.4,76660,759007,1609602,6964034,ghsl_pop_100m_r2023a,"5 km: 76,660 pop, 976 p/km²; 16 km: 759,007 pop, 944 p/km²; 25 km: 1,609,602 pop, 820 p/km²; 80 km: 6,964,034 pop, 346 p/km²; Epoch: 2020; Source: GHS-POP R2023A 100 m (Mollweide)",6.07,Mysłowice,71280.0,gisco_urau_2021,"Nearest city >50k: Mysłowice (71,280 pop) at 6.1 km; Cities >50k within 25 km: 8; Cities >50k within 80 km: 18; Settlement hierarchy: suburban; Source: Eurostat GISCO Urban Audit 2021 + urb_cpop1",-0.248,1264971,ghsl_pop_100m_r2023a,"{""ghsl_note"": ""CAGR 2020\u21922030 from GHS-POP R2023A multi-epoch data"", ""s17_eurostat_supplement"": {""base_population"": null, ""base_year"": 2022, ""projected_pop_2030"": 37420524, ""projected_pop_2040"": 35844414, ""projected_pop_2050"": 34623544, ""projected_pop_2060"": 33376446, ""projected_pop_2080"": 30610714, ""pop_change_pct_2050"": null, ""pop_change_pct_2080"": null, ""receptor_growth_factor_60yr"": null, ""projection_lo_2050"": null, ""projection_hi_2050"": null, ""projection_lo_2080"": null, ""projection_hi_2080"": null, ""growth_classification"": ""stable"", ""urban_expansion_pressure"": null, ""median_age_2050"": 50.5, ""old_age_dependency_2050"": null, ""net_migration_rate_projected"": null, ""projection_source"": ""europop2023"", ""projection_variant"": ""baseline"", ""spatial_level"": ""national""}}",SW,1.42,522.29,medium,ERA5 atmospheric dispersion (ref 1991-2020) | prevailing_wind=SW(225deg) | mean_speed=1.4m/s | mean_BLH=522m | p5_BLH=313m | stable_frac=0.397 | stability=[A=0.0% B=0.0% C=60.3% D=0.0% E=39.7% F=0.0%] | wind_rose_dominant=SW | source=copernicus_era5,,,,sedimentary carbonates,,medium,,2026-04-20 21:28:48.043163+00:00,audit_postlogging_20260421,api,merge_phase2_20260421
PL,Katowice PKE power station,399668d6-bfed-4e5b-bf38-9ee5902101c3,2884.7,1608.42,1042.9,348.83,226541,1293435,2047516,7012937,ghsl_pop_100m_r2023a,"5 km: 226,541 pop, 2885 p/km²; 16 km: 1,293,435 pop, 1608 p/km²; 25 km: 2,047,516 pop, 1043 p/km²; 80 km: 7,012,937 pop, 349 p/km²; Epoch: 2020; Source: GHS-POP R2023A 100 m (Mollweide)",3.65,Siemianowice Śląskie,63401.0,gisco_urau_2021,"Nearest city >50k: Siemianowice Śląskie (63,401 pop) at 3.7 km; Cities >50k within 25 km: 11; Cities >50k within 80 km: 19; Settlement hierarchy: suburban; Source: Eurostat GISCO Urban Audit 2021 + urb_cpop1",-0.267,1609122,ghsl_pop_100m_r2023a,"{""ghsl_note"": ""CAGR 2020\u21922030 from GHS-POP R2023A multi-epoch data"", ""s17_eurostat_supplement"": {""base_population"": null, ""base_year"": 2022, ""projected_pop_2030"": 37420524, ""projected_pop_2040"": 35844414, ""projected_pop_2050"": 34623544, ""projected_pop_2060"": 33376446, ""projected_pop_2080"": 30610714, ""pop_change_pct_2050"": null, ""pop_change_pct_2080"": null, ""receptor_growth_factor_60yr"": null, ""projection_lo_2050"": null, ""projection_hi_2050"": null, ""projection_lo_2080"": null, ""projection_hi_2080"": null, ""growth_classification"": ""stable"", ""urban_expansion_pressure"": null, ""median_age_2050"": 50.5, ""old_age_dependency_2050"": null, ""net_migration_rate_projected"": null, ""projection_source"": ""europop2023"", ""projection_variant"": ""baseline"", ""spatial_level"": ""national""}}",SW,1.4,525.63,medium,ERA5 atmospheric dispersion (ref 1991-2020) | prevailing_wind=SW(225deg) | mean_speed=1.4m/s | mean_BLH=526m | p5_BLH=321m | stable_frac=0.383 | stability=[A=0.0% B=0.0% C=61.7% D=0.0% E=38.3% F=0.0%] | wind_rose_dominant=SW | source=copernicus_era5,,,,sedimentary carbonates,,medium,,2026-04-20 21:28:48.053780+00:00,audit_postlogging_20260421,api,merge_phase2_20260421
PL,Kedzierzyn CCS Project,239ea0eb-a9c4-43cc-ac5f-35271bdc6613,537.67,146.68,120.66,273.78,42224,117955,236899,5504066,ghsl_pop_100m_r2023a,"5 km: 42,224 pop, 538 p/km²; 16 km: 117,955 pop, 147 p/km²; 25 km: 236,899 pop, 121 p/km²; 80 km: 5,504,066 pop, 274 p/km²; Epoch: 2020; Source: GHS-POP R2023A 100 m (Mollweide)",30.86,Gliwice,169915.0,gisco_urau_2021,"Nearest city >50k: Gliwice (169,915 pop) at 30.9 km; Cities >50k within 25 km: 0; Cities >50k within 80 km: 17; Settlement hierarchy: rural; Source: Eurostat GISCO Urban Audit 2021 + urb_cpop1",-0.663,186170,ghsl_pop_100m_r2023a,"{""ghsl_note"": ""CAGR 2020\u21922030 from GHS-POP R2023A multi-epoch data"", ""s17_eurostat_supplement"": {""base_population"": null, ""base_year"": 2022, ""projected_pop_2030"": 37420524, ""projected_pop_2040"": 35844414, ""projected_pop_2050"": 34623544, ""projected_pop_2060"": 33376446, ""projected_pop_2080"": 30610714, ""pop_change_pct_2050"": null, ""pop_change_pct_2080"": null, ""receptor_growth_factor_60yr"": null, ""projection_lo_2050"": null, ""projection_hi_2050"": null, ""projection_lo_2080"": null, ""projection_hi_2080"": null, ""growth_classification"": ""stable"", ""urban_expansion_pressure"": null, ""median_age_2050"": 50.5, ""old_age_dependency_2050"": null, ""net_migration_rate_projected"": null, ""projection_source"": ""europop2023"", ""projection_variant"": ""baseline"", ""spatial_level"": ""national""}}",SSW,1.41,543.7,medium,ERA5 atmospheric dispersion (ref 1991-2020) | prevailing_wind=SSW(202deg) | mean_speed=1.4m/s | mean_BLH=544m | p5_BLH=347m | stable_frac=0.353 | stability=[A=0.0% B=0.0% C=64.7% D=0.0% E=35.3% F=0.0%] | wind_rose_dominant=SSW | source=copernicus_era5,,,,low permeability,,medium,,2026-04-20 21:28:48.066345+00:00,audit_postlogging_20260421,api,merge_phase2_20260421
PL,Konin power station,c39819ef-6798-4c01-9a82-9eead65b5f56,201.18,184.67,117.21,101.58,15799,148509,230116,2042193,ghsl_pop_100m_r2023a,"5 km: 15,799 pop, 201 p/km²; 16 km: 148,509 pop, 185 p/km²; 25 km: 230,116 pop, 117 p/km²; 80 km: 2,042,193 pop, 102 p/km²; Epoch: 2020; Source: GHS-POP R2023A 100 m (Mollweide)",3.18,Konin,67066.0,gisco_urau_2021,"Nearest city >50k: Konin (67,066 pop) at 3.2 km; Cities >50k within 25 km: 1; Cities >50k within 80 km: 6; Settlement hierarchy: periurban; Source: Eurostat GISCO Urban Audit 2021 + urb_cpop1",-0.026,180847,ghsl_pop_100m_r2023a,"{""ghsl_note"": ""CAGR 2020\u21922030 from GHS-POP R2023A multi-epoch data"", ""s17_eurostat_supplement"": {""base_population"": null, ""base_year"": 2022, ""projected_pop_2030"": 37420524, ""projected_pop_2040"": 35844414, ""projected_pop_2050"": 34623544, ""projected_pop_2060"": 33376446, ""projected_pop_2080"": 30610714, ""pop_change_pct_2050"": null, ""pop_change_pct_2080"": null, ""receptor_growth_factor_60yr"": null, ""projection_lo_2050"": null, ""projection_hi_2050"": null, ""projection_lo_2080"": null, ""projection_hi_2080"": null, ""growth_classification"": ""stable"", ""urban_expansion_pressure"": null, ""median_age_2050"": 50.5, ""old_age_dependency_2050"": null, ""net_migration_rate_projected"": null, ""projection_source"": ""europop2023"", ""projection_variant"": ""baseline"", ""spatial_level"": ""national""}}",WSW,1.62,587.94,medium,ERA5 atmospheric dispersion (ref 1991-2020) | prevailing_wind=WSW(248deg) | mean_speed=1.6m/s | mean_BLH=588m | p5_BLH=367m | stable_frac=0.272 | stability=[A=0.0% B=0.0% C=72.8% D=0.0% E=27.2% F=0.0%] | wind_rose_dominant=WSW | source=copernicus_era5,,,,low permeability,,medium,,2026-04-20 21:28:48.079425+00:00,audit_postlogging_20260421,api,merge_phase2_20260421
PL,Kozienice power station,4411a22e-4e8a-4715-b000-1aae34494b68,261.61,93.01,83.01,155.85,20545,74793,162980,3133182,ghsl_pop_100m_r2023a,"5 km: 20,545 pop, 262 p/km²; 16 km: 74,793 pop, 93 p/km²; 25 km: 162,980 pop, 83 p/km²; 80 km: 3,133,182 pop, 156 p/km²; Epoch: 2020; Source: GHS-POP R2023A 100 m (Mollweide)",33.46,Radom,196005.0,gisco_urau_2021,"Nearest city >50k: Radom (196,005 pop) at 33.5 km; Cities >50k within 25 km: 0; Cities >50k within 80 km: 2; Settlement hierarchy: rural; Source: Eurostat GISCO Urban Audit 2021 + urb_cpop1",-0.081,128079,ghsl_pop_100m_r2023a,"{""ghsl_note"": ""CAGR 2020\u21922030 from GHS-POP R2023A multi-epoch data"", ""s17_eurostat_supplement"": {""base_population"": null, ""base_year"": 2022, ""projected_pop_2030"": 37420524, ""projected_pop_2040"": 35844414, ""projected_pop_2050"": 34623544, ""projected_pop_2060"": 33376446, ""projected_pop_2080"": 30610714, ""pop_change_pct_2050"": null, ""pop_change_pct_2080"": null, ""receptor_growth_factor_60yr"": null, ""projection_lo_2050"": null, ""projection_hi_2050"": null, ""projection_lo_2080"": null, ""projection_hi_2080"": null, ""growth_classification"": ""stable"", ""urban_expansion_pressure"": null, ""median_age_2050"": 50.5, ""old_age_dependency_2050"": null, ""net_migration_rate_projected"": null, ""projection_source"": ""europop2023"", ""projection_variant"": ""baseline"", ""spatial_level"": ""national""}}",SW,1.35,580.02,medium,ERA5 atmospheric dispersion (ref 1991-2020) | prevailing_wind=SW(225deg) | mean_speed=1.4m/s | mean_BLH=580m | p5_BLH=370m | stable_frac=0.258 | stability=[A=0.0% B=0.0% C=74.2% D=0.0% E=25.8% F=0.0%] | wind_rose_dominant=SW | source=copernicus_era5,,,,sedimentary carbonates,,medium,,2026-04-20 21:28:48.092939+00:00,audit_postlogging_20260421,api,merge_phase2_20260421
PL,Krakow-Leg power station,409dde58-5df1-44d9-b5ec-f8e2edd86786,4175.79,1189.99,593.57,260.57,327933,956951,1165347,5238434,ghsl_pop_100m_r2023a,"5 km: 327,933 pop, 4176 p/km²; 16 km: 956,951 pop, 1190 p/km²; 25 km: 1,165,347 pop, 594 p/km²; 80 km: 5,238,434 pop, 261 p/km²; Epoch: 2020; Source: GHS-POP R2023A 100 m (Mollweide)",1.5,Kraków,806201.0,gisco_urau_2021,"Nearest city >50k: Kraków (806,201 pop) at 1.5 km; Cities >50k within 25 km: 1; Cities >50k within 80 km: 12; Settlement hierarchy: urban_core; Source: Eurostat GISCO Urban Audit 2021 + urb_cpop1",0.343,915837,ghsl_pop_100m_r2023a,"{""ghsl_note"": ""CAGR 2020\u21922030 from GHS-POP R2023A multi-epoch data"", ""s17_eurostat_supplement"": {""base_population"": null, ""base_year"": 2022, ""projected_pop_2030"": 37420524, ""projected_pop_2040"": 35844414, ""projected_pop_2050"": 34623544, ""projected_pop_2060"": 33376446, ""projected_pop_2080"": 30610714, ""pop_change_pct_2050"": null, ""pop_change_pct_2080"": null, ""receptor_growth_factor_60yr"": null, ""projection_lo_2050"": null, ""projection_hi_2050"": null, ""projection_lo_2080"": null, ""projection_hi_2080"": null, ""growth_classification"": ""stable"", ""urban_expansion_pressure"": null, ""median_age_2050"": 50.5, ""old_age_dependency_2050"": null, ""net_migration_rate_projected"": null, ""projection_source"": ""europop2023"", ""projection_variant"": ""baseline"", ""spatial_level"": ""national""}}",WSW,1.31,490.44,medium,ERA5 atmospheric dispersion (ref 1991-2020) | prevailing_wind=WSW(248deg) | mean_speed=1.3m/s | mean_BLH=490m | p5_BLH=267m | stable_frac=0.494 | stability=[A=0.0% B=0.0% C=50.6% D=0.0% E=49.4% F=0.0%] | wind_rose_dominant=WSW | source=copernicus_era5,,,,sedimentary carbonates,,medium,,2026-04-20 21:28:48.105898+00:00,audit_postlogging_20260421,api,merge_phase2_20260421
PL,Lagisza power station,27fc89b3-ee57-44ac-8073-a700bc8d12e8,1165.22,1169.85,865.18,329.73,91507,940755,1698608,6628961,ghsl_pop_100m_r2023a,"5 km: 91,507 pop, 1165 p/km²; 16 km: 940,755 pop, 1170 p/km²; 25 km: 1,698,608 pop, 865 p/km²; 80 km: 6,628,961 pop, 330 p/km²; Epoch: 2020; Source: GHS-POP R2023A 100 m (Mollweide)",2.06,Będzin,53848.0,gisco_urau_2021,"Nearest city >50k: Będzin (53,848 pop) at 2.1 km; Cities >50k within 25 km: 9; Cities >50k within 80 km: 17; Settlement hierarchy: suburban; Source: Eurostat GISCO Urban Audit 2021 + urb_cpop1",-0.322,1334912,ghsl_pop_100m_r2023a,"{""ghsl_note"": ""CAGR 2020\u21922030 from GHS-POP R2023A multi-epoch data"", ""s17_eurostat_supplement"": {""base_population"": null, ""base_year"": 2022, ""projected_pop_2030"": 37420524, ""projected_pop_2040"": 35844414, ""projected_pop_2050"": 34623544, ""projected_pop_2060"": 33376446, ""projected_pop_2080"": 30610714, ""pop_change_pct_2050"": null, ""pop_change_pct_2080"": null, ""receptor_growth_factor_60yr"": null, ""projection_lo_2050"": null, ""projection_hi_2050"": null, ""projection_lo_2080"": null, ""projection_hi_2080"": null, ""growth_classification"": ""stable"", ""urban_expansion_pressure"": null, ""median_age_2050"": 50.5, ""old_age_dependency_2050"": null, ""net_migration_rate_projected"": null, ""projection_source"": ""europop2023"", ""projection_variant"": ""baseline"", ""spatial_level"": ""national""}}",SW,1.42,522.29,medium,ERA5 atmospheric dispersion (ref 1991-2020) | prevailing_wind=SW(225deg) | mean_speed=1.4m/s | mean_BLH=522m | p5_BLH=313m | stable_frac=0.397 | stability=[A=0.0% B=0.0% C=60.3% D=0.0% E=39.7% F=0.0%] | wind_rose_dominant=SW | source=copernicus_era5,,,,sedimentary carbonates,,medium,,2026-04-20 21:28:48.118378+00:00,audit_postlogging_20260421,api,merge_phase2_20260421
PL,Laziska power station,de6735bd-7a79-43c8-baad-1fe23d50d6f0,513.74,692.88,917.15,340.43,40345,557189,1800628,6843882,ghsl_pop_100m_r2023a,"5 km: 40,345 pop, 514 p/km²; 16 km: 557,189 pop, 693 p/km²; 25 km: 1,800,628 pop, 917 p/km²; 80 km: 6,843,882 pop, 340 p/km²; Epoch: 2020; Source: GHS-POP R2023A 100 m (Mollweide)",11.35,Tychy,122045.0,gisco_urau_2021,"Nearest city >50k: Tychy (122,045 pop) at 11.4 km; Cities >50k within 25 km: 9; Cities >50k within 80 km: 18; Settlement hierarchy: suburban; Source: Eurostat GISCO Urban Audit 2021 + urb_cpop1",-0.171,1415098,ghsl_pop_100m_r2023a,"{""ghsl_note"": ""CAGR 2020\u21922030 from GHS-POP R2023A multi-epoch data"", ""s17_eurostat_supplement"": {""base_population"": null, ""base_year"": 2022, ""projected_pop_2030"": 37420524, ""projected_pop_2040"": 35844414, ""projected_pop_2050"": 34623544, ""projected_pop_2060"": 33376446, ""projected_pop_2080"": 30610714, ""pop_change_pct_2050"": null, ""pop_change_pct_2080"": null, ""receptor_growth_factor_60yr"": null, ""projection_lo_2050"": null, ""projection_hi_2050"": null, ""projection_lo_2080"": null, ""projection_hi_2080"": null, ""growth_classification"": ""stable"", ""urban_expansion_pressure"": null, ""median_age_2050"": 50.5, ""old_age_dependency_2050"": null, ""net_migration_rate_projected"": null, ""projection_source"": ""europop2023"", ""projection_variant"": ""baseline"", ""spatial_level"": ""national""}}",WSW,1.47,532.82,medium,ERA5 atmospheric dispersion (ref 1991-2020) | prevailing_wind=WSW(248deg) | mean_speed=1.5m/s | mean_BLH=533m | p5_BLH=334m | stable_frac=0.364 | stability=[A=0.0% B=0.0% C=63.6% D=0.0% E=36.4% F=0.0%] | wind_rose_dominant=WSW | source=copernicus_era5,,,,low permeability,,medium,,2026-04-20 21:28:48.131010+00:00,audit_postlogging_20260421,api,merge_phase2_20260421
PL,Leczna Power Station (Bogdanka SA),0b187a1d-55de-47cf-96a3-06abc8ff2476,305.26,121.06,205.67,86.56,23973,97351,403793,1740235,ghsl_pop_100m_r2023a,"5 km: 23,973 pop, 305 p/km²; 16 km: 97,351 pop, 121 p/km²; 25 km: 403,793 pop, 206 p/km²; 80 km: 1,740,235 pop, 87 p/km²; Epoch: 2020; Source: GHS-POP R2023A 100 m (Mollweide)",24.14,Lublin,329565.0,gisco_urau_2021,"Nearest city >50k: Lublin (329,565 pop) at 24.1 km; Cities >50k within 25 km: 1; Cities >50k within 80 km: 3; Settlement hierarchy: periurban; Source: Eurostat GISCO Urban Audit 2021 + urb_cpop1",-0.106,317334,ghsl_pop_100m_r2023a,"{""ghsl_note"": ""CAGR 2020\u21922030 from GHS-POP R2023A multi-epoch data"", ""s17_eurostat_supplement"": {""base_population"": null, ""base_year"": 2022, ""projected_pop_2030"": 37420524, ""projected_pop_2040"": 35844414, ""projected_pop_2050"": 34623544, ""projected_pop_2060"": 33376446, ""projected_pop_2080"": 30610714, ""pop_change_pct_2050"": null, ""pop_change_pct_2080"": null, ""receptor_growth_factor_60yr"": null, ""projection_lo_2050"": null, ""projection_hi_2050"": null, ""projection_lo_2080"": null, ""projection_hi_2080"": null, ""growth_classification"": ""stable"", ""urban_expansion_pressure"": null, ""median_age_2050"": 50.5, ""old_age_dependency_2050"": null, ""net_migration_rate_projected"": null, ""projection_source"": ""europop2023"", ""projection_variant"": ""baseline"", ""spatial_level"": ""national""}}",WSW,1.45,568.28,medium,ERA5 atmospheric dispersion (ref 1991-2020) | prevailing_wind=WSW(248deg) | mean_speed=1.4m/s | mean_BLH=568m | p5_BLH=373m | stable_frac=0.289 | stability=[A=0.0% B=0.0% C=71.1% D=0.0% E=28.9% F=0.0%] | wind_rose_dominant=WSW | source=copernicus_era5,,,,inland water,,medium,,2026-04-20 21:28:48.144223+00:00,audit_postlogging_20260421,api,merge_phase2_20260421
PL,Leczna Power Station (Enea),ebc0f461-acfa-47da-8094-5b15ea3e25a0,306.32,120.91,205.48,86.6,24056,97230,403426,1740981,ghsl_pop_100m_r2023a,"5 km: 24,056 pop, 306 p/km²; 16 km: 97,230 pop, 121 p/km²; 25 km: 403,426 pop, 205 p/km²; 80 km: 1,740,981 pop, 87 p/km²; Epoch: 2020; Source: GHS-POP R2023A 100 m (Mollweide)",24.18,Lublin,329565.0,gisco_urau_2021,"Nearest city >50k: Lublin (329,565 pop) at 24.2 km; Cities >50k within 25 km: 1; Cities >50k within 80 km: 3; Settlement hierarchy: periurban; Source: Eurostat GISCO Urban Audit 2021 + urb_cpop1",-0.107,317041,ghsl_pop_100m_r2023a,"{""ghsl_note"": ""CAGR 2020\u21922030 from GHS-POP R2023A multi-epoch data"", ""s17_eurostat_supplement"": {""base_population"": null, ""base_year"": 2022, ""projected_pop_2030"": 37420524, ""projected_pop_2040"": 35844414, ""projected_pop_2050"": 34623544, ""projected_pop_2060"": 33376446, ""projected_pop_2080"": 30610714, ""pop_change_pct_2050"": null, ""pop_change_pct_2080"": null, ""receptor_growth_factor_60yr"": null, ""projection_lo_2050"": null, ""projection_hi_2050"": null, ""projection_lo_2080"": null, ""projection_hi_2080"": null, ""growth_classification"": ""stable"", ""urban_expansion_pressure"": null, ""median_age_2050"": 50.5, ""old_age_dependency_2050"": null, ""net_migration_rate_projected"": null, ""projection_source"": ""europop2023"", ""projection_variant"": ""baseline"", ""spatial_level"": ""national""}}",WSW,1.45,568.28,medium,ERA5 atmospheric dispersion (ref 1991-2020) | prevailing_wind=WSW(248deg) | mean_speed=1.4m/s | mean_BLH=568m | p5_BLH=373m | stable_frac=0.289 | stability=[A=0.0% B=0.0% C=71.1% D=0.0% E=28.9% F=0.0%] | wind_rose_dominant=WSW | source=copernicus_era5,,,,inland water,,medium,,2026-04-20 21:28:48.157437+00:00,audit_postlogging_20260421,api,merge_phase2_20260421
PL,Legnica Power Station,187b4fd7-6a61-4e94-8ed4-495ac6dfc317,1252.37,176.68,163.93,145.23,98351,142083,321848,2919627,ghsl_pop_100m_r2023a,"5 km: 98,351 pop, 1252 p/km²; 16 km: 142,083 pop, 177 p/km²; 25 km: 321,848 pop, 164 p/km²; 80 km: 2,919,627 pop, 145 p/km²; Epoch: 2020; Source: GHS-POP R2023A 100 m (Mollweide)",1.03,Legnica,91948.0,gisco_urau_2021,"Nearest city >50k: Legnica (91,948 pop) at 1.0 km; Cities >50k within 25 km: 2; Cities >50k within 80 km: 6; Settlement hierarchy: periurban; Source: Eurostat GISCO Urban Audit 2021 + urb_cpop1",-0.115,252933,ghsl_pop_100m_r2023a,"{""ghsl_note"": ""CAGR 2020\u21922030 from GHS-POP R2023A multi-epoch data"", ""s17_eurostat_supplement"": {""base_population"": null, ""base_year"": 2022, ""projected_pop_2030"": 37420524, ""projected_pop_2040"": 35844414, ""projected_pop_2050"": 34623544, ""projected_pop_2060"": 33376446, ""projected_pop_2080"": 30610714, ""pop_change_pct_2050"": null, ""pop_change_pct_2080"": null, ""receptor_growth_factor_60yr"": null, ""projection_lo_2050"": null, ""projection_hi_2050"": null, ""projection_lo_2080"": null, ""projection_hi_2080"": null, ""growth_classification"": ""stable"", ""urban_expansion_pressure"": null, ""median_age_2050"": 50.5, ""old_age_dependency_2050"": null, ""net_migration_rate_projected"": null, ""projection_source"": ""europop2023"", ""projection_variant"": ""baseline"", ""spatial_level"": ""national""}}",WSW,1.63,572.6,medium,ERA5 atmospheric dispersion (ref 1991-2020) | prevailing_wind=WSW(248deg) | mean_speed=1.6m/s | mean_BLH=573m | p5_BLH=346m | stable_frac=0.300 | stability=[A=0.0% B=0.0% C=70.0% D=0.0% E=30.0% F=0.0%] | wind_rose_dominant=WSW | source=copernicus_era5,,,,sedimentary sands,,medium,,2026-04-20 21:28:48.168068+00:00,audit_postlogging_20260421,api,merge_phase2_20260421
PL,Lodz-2 power station,29a58981-aaf7-4450-ad41-49dd6d786168,4324.71,1111.46,507.98,133.49,339628,893802,997312,2683642,ghsl_pop_100m_r2023a,"5 km: 339,628 pop, 4325 p/km²; 16 km: 893,802 pop, 1111 p/km²; 25 km: 997,312 pop, 508 p/km²; 80 km: 2,683,642 pop, 133 p/km²; Epoch: 2020; Source: GHS-POP R2023A 100 m (Mollweide)",3.48,Łódź,652015.0,gisco_urau_2021,"Nearest city >50k: Łódź (652,015 pop) at 3.5 km; Cities >50k within 25 km: 2; Cities >50k within 80 km: 3; Settlement hierarchy: urban_core; Source: Eurostat GISCO Urban Audit 2021 + urb_cpop1",-0.351,783778,ghsl_pop_100m_r2023a,"{""ghsl_note"": ""CAGR 2020\u21922030 from GHS-POP R2023A multi-epoch data"", ""s17_eurostat_supplement"": {""base_population"": null, ""base_year"": 2022, ""projected_pop_2030"": 37420524, ""projected_pop_2040"": 35844414, ""projected_pop_2050"": 34623544, ""projected_pop_2060"": 33376446, ""projected_pop_2080"": 30610714, ""pop_change_pct_2050"": null, ""pop_change_pct_2080"": null, ""receptor_growth_factor_60yr"": null, ""projection_lo_2050"": null, ""projection_hi_2050"": null, ""projection_lo_2080"": null, ""projection_hi_2080"": null, ""growth_classification"": ""stable"", ""urban_expansion_pressure"": null, ""median_age_2050"": 50.5, ""old_age_dependency_2050"": null, ""net_migration_rate_projected"": null, ""projection_source"": ""europop2023"", ""projection_variant"": ""baseline"", ""spatial_level"": ""national""}}",WSW,1.65,566.75,medium,ERA5 atmospheric dispersion (ref 1991-2020) | prevailing_wind=WSW(248deg) | mean_speed=1.7m/s | mean_BLH=567m | p5_BLH=358m | stable_frac=0.286 | stability=[A=0.0% B=0.0% C=71.4% D=0.0% E=28.6% F=0.0%] | wind_rose_dominant=WSW | source=copernicus_era5,,,,sedimentary carbonates,,medium,,2026-04-20 21:28:48.179508+00:00,audit_postlogging_20260421,api,merge_phase2_20260421
PL,Lodz-3 power station,8dd8db4c-b62d-4f6b-a2ee-70a9ed785e7a,3966.46,1049.07,509.58,131.87,311494,843630,1000450,2651163,ghsl_pop_100m_r2023a,"5 km: 311,494 pop, 3966 p/km²; 16 km: 843,630 pop, 1049 p/km²; 25 km: 1,000,450 pop, 510 p/km²; 80 km: 2,651,163 pop, 132 p/km²; Epoch: 2020; Source: GHS-POP R2023A 100 m (Mollweide)",5.42,Łódź,652015.0,gisco_urau_2021,"Nearest city >50k: Łódź (652,015 pop) at 5.4 km; Cities >50k within 25 km: 2; Cities >50k within 80 km: 3; Settlement hierarchy: suburban; Source: Eurostat GISCO Urban Audit 2021 + urb_cpop1",-0.346,786246,ghsl_pop_100m_r2023a,"{""ghsl_note"": ""CAGR 2020\u21922030 from GHS-POP R2023A multi-epoch data"", ""s17_eurostat_supplement"": {""base_population"": null, ""base_year"": 2022, ""projected_pop_2030"": 37420524, ""projected_pop_2040"": 35844414, ""projected_pop_2050"": 34623544, ""projected_pop_2060"": 33376446, ""projected_pop_2080"": 30610714, ""pop_change_pct_2050"": null, ""pop_change_pct_2080"": null, ""receptor_growth_factor_60yr"": null, ""projection_lo_2050"": null, ""projection_hi_2050"": null, ""projection_lo_2080"": null, ""projection_hi_2080"": null, ""growth_classification"": ""stable"", ""urban_expansion_pressure"": null, ""median_age_2050"": 50.5, ""old_age_dependency_2050"": null, ""net_migration_rate_projected"": null, ""projection_source"": ""europop2023"", ""projection_variant"": ""baseline"", ""spatial_level"": ""national""}}",WSW,1.65,566.75,medium,ERA5 atmospheric dispersion (ref 1991-2020) | prevailing_wind=WSW(248deg) | mean_speed=1.7m/s | mean_BLH=567m | p5_BLH=358m | stable_frac=0.286 | stability=[A=0.0% B=0.0% C=71.4% D=0.0% E=28.6% F=0.0%] | wind_rose_dominant=WSW | source=copernicus_era5,,,,sedimentary carbonates,,medium,,2026-04-20 21:28:48.190950+00:00,audit_postlogging_20260421,api,merge_phase2_20260421
PL,Lodz-4 power station,ef2ee2ae-e73e-490c-aa07-746543fe20e6,2423.12,1029.11,510.01,133.14,190292,827578,1001308,2676623,ghsl_pop_100m_r2023a,"5 km: 190,292 pop, 2423 p/km²; 16 km: 827,578 pop, 1029 p/km²; 25 km: 1,001,308 pop, 510 p/km²; 80 km: 2,676,623 pop, 133 p/km²; Epoch: 2020; Source: GHS-POP R2023A 100 m (Mollweide)",4.7,Łódź,652015.0,gisco_urau_2021,"Nearest city >50k: Łódź (652,015 pop) at 4.7 km; Cities >50k within 25 km: 2; Cities >50k within 80 km: 3; Settlement hierarchy: urban_core; Source: Eurostat GISCO Urban Audit 2021 + urb_cpop1",-0.336,786910,ghsl_pop_100m_r2023a,"{""ghsl_note"": ""CAGR 2020\u21922030 from GHS-POP R2023A multi-epoch data"", ""s17_eurostat_supplement"": {""base_population"": null, ""base_year"": 2022, ""projected_pop_2030"": 37420524, ""projected_pop_2040"": 35844414, ""projected_pop_2050"": 34623544, ""projected_pop_2060"": 33376446, ""projected_pop_2080"": 30610714, ""pop_change_pct_2050"": null, ""pop_change_pct_2080"": null, ""receptor_growth_factor_60yr"": null, ""projection_lo_2050"": null, ""projection_hi_2050"": null, ""projection_lo_2080"": null, ""projection_hi_2080"": null, ""growth_classification"": ""stable"", ""urban_expansion_pressure"": null, ""median_age_2050"": 50.5, ""old_age_dependency_2050"": null, ""net_migration_rate_projected"": null, ""projection_source"": ""europop2023"", ""projection_variant"": ""baseline"", ""spatial_level"": ""national""}}",WSW,1.65,566.75,medium,ERA5 atmospheric dispersion (ref 1991-2020) | prevailing_wind=WSW(248deg) | mean_speed=1.7m/s | mean_BLH=567m | p5_BLH=358m | stable_frac=0.286 | stability=[A=0.0% B=0.0% C=71.4% D=0.0% E=28.6% F=0.0%] | wind_rose_dominant=WSW | source=copernicus_era5,,,,sedimentary carbonates,,medium,,2026-04-20 21:28:48.202140+00:00,audit_postlogging_20260421,api,merge_phase2_20260421
PL,Lublin Power Station,d60b377c-9bb4-4fd5-adb7-a9a9ba98ae76,2436.14,566.59,282.95,93.4,191315,455630,555513,1877672,ghsl_pop_100m_r2023a,"5 km: 191,315 pop, 2436 p/km²; 16 km: 455,630 pop, 567 p/km²; 25 km: 555,513 pop, 283 p/km²; 80 km: 1,877,672 pop, 93 p/km²; Epoch: 2020; Source: GHS-POP R2023A 100 m (Mollweide)",1.76,Lublin,329565.0,gisco_urau_2021,"Nearest city >50k: Lublin (329,565 pop) at 1.8 km; Cities >50k within 25 km: 1; Cities >50k within 80 km: 3; Settlement hierarchy: urban_core; Source: Eurostat GISCO Urban Audit 2021 + urb_cpop1",-0.005,436572,ghsl_pop_100m_r2023a,"{""ghsl_note"": ""CAGR 2020\u21922030 from GHS-POP R2023A multi-epoch data"", ""s17_eurostat_supplement"": {""base_population"": null, ""base_year"": 2022, ""projected_pop_2030"": 37420524, ""projected_pop_2040"": 35844414, ""projected_pop_2050"": 34623544, ""projected_pop_2060"": 33376446, ""projected_pop_2080"": 30610714, ""pop_change_pct_2050"": null, ""pop_change_pct_2080"": null, ""receptor_growth_factor_60yr"": null, ""projection_lo_2050"": null, ""projection_hi_2050"": null, ""projection_lo_2080"": null, ""projection_hi_2080"": null, ""growth_classification"": ""stable"", ""urban_expansion_pressure"": null, ""median_age_2050"": 50.5, ""old_age_dependency_2050"": null, ""net_migration_rate_projected"": null, ""projection_source"": ""europop2023"", ""projection_variant"": ""baseline"", ""spatial_level"": ""national""}}",SW,1.43,567.03,medium,ERA5 atmospheric dispersion (ref 1991-2020) | prevailing_wind=SW(225deg) | mean_speed=1.4m/s | mean_BLH=567m | p5_BLH=368m | stable_frac=0.275 | stability=[A=0.0% B=0.0% C=72.5% D=0.0% E=27.5% F=0.0%] | wind_rose_dominant=SW | source=copernicus_era5,,,,sedimentary carbonates,,medium,,2026-04-20 21:28:48.213800+00:00,audit_postlogging_20260421,api,merge_phase2_20260421
PL,Miechowice power station,c42c5942-264d-43a1-a9eb-95b00480eb1a,1573.7,1386.84,942.08,314.14,123586,1115253,1849582,6315395,ghsl_pop_100m_r2023a,"5 km: 123,586 pop, 1574 p/km²; 16 km: 1,115,253 pop, 1387 p/km²; 25 km: 1,849,582 pop, 942 p/km²; 80 km: 6,315,395 pop, 314 p/km²; Epoch: 2020; Source: GHS-POP R2023A 100 m (Mollweide)",3.01,Bytom,147759.0,gisco_urau_2021,"Nearest city >50k: Bytom (147,759 pop) at 3.0 km; Cities >50k within 25 km: 8; Cities >50k within 80 km: 19; Settlement hierarchy: suburban; Source: Eurostat GISCO Urban Audit 2021 + urb_cpop1",-0.299,1453563,ghsl_pop_100m_r2023a,"{""ghsl_note"": ""CAGR 2020\u21922030 from GHS-POP R2023A multi-epoch data"", ""s17_eurostat_supplement"": {""base_population"": null, ""base_year"": 2022, ""projected_pop_2030"": 37420524, ""projected_pop_2040"": 35844414, ""projected_pop_2050"": 34623544, ""projected_pop_2060"": 33376446, ""projected_pop_2080"": 30610714, ""pop_change_pct_2050"": null, ""pop_change_pct_2080"": null, ""receptor_growth_factor_60yr"": null, ""projection_lo_2050"": null, ""projection_hi_2050"": null, ""projection_lo_2080"": null, ""projection_hi_2080"": null, ""growth_classification"": ""stable"", ""urban_expansion_pressure"": null, ""median_age_2050"": 50.5, ""old_age_dependency_2050"": null, ""net_migration_rate_projected"": null, ""projection_source"": ""europop2023"", ""projection_variant"": ""baseline"", ""spatial_level"": ""national""}}",WSW,1.47,532.82,medium,ERA5 atmospheric dispersion (ref 1991-2020) | prevailing_wind=WSW(248deg) | mean_speed=1.5m/s | mean_BLH=533m | p5_BLH=334m | stable_frac=0.364 | stability=[A=0.0% B=0.0% C=63.6% D=0.0% E=36.4% F=0.0%] | wind_rose_dominant=WSW | source=copernicus_era5,,,,sedimentary carbonates,,medium,,2026-04-20 21:28:48.224413+00:00,audit_postlogging_20260421,api,merge_phase2_20260421
PL,Murcki-Staszic power station,5a57ae0a-6f91-46f4-a1f5-56a6b37596e9,1151.63,1317.2,1045.58,358.56,90440,1059251,2052784,7208515,ghsl_pop_100m_r2023a,"5 km: 90,440 pop, 1152 p/km²; 16 km: 1,059,251 pop, 1317 p/km²; 25 km: 2,052,784 pop, 1046 p/km²; 80 km: 7,208,515 pop, 359 p/km²; Epoch: 2020; Source: GHS-POP R2023A 100 m (Mollweide)",4.32,Katowice,279190.0,gisco_urau_2021,"Nearest city >50k: Katowice (279,190 pop) at 4.3 km; Cities >50k within 25 km: 10; Cities >50k within 80 km: 19; Settlement hierarchy: urban_core; Source: Eurostat GISCO Urban Audit 2021 + urb_cpop1",-0.241,1613257,ghsl_pop_100m_r2023a,"{""ghsl_note"": ""CAGR 2020\u21922030 from GHS-POP R2023A multi-epoch data"", ""s17_eurostat_supplement"": {""base_population"": null, ""base_year"": 2022, ""projected_pop_2030"": 37420524, ""projected_pop_2040"": 35844414, ""projected_pop_2050"": 34623544, ""projected_pop_2060"": 33376446, ""projected_pop_2080"": 30610714, ""pop_change_pct_2050"": null, ""pop_change_pct_2080"": null, ""receptor_growth_factor_60yr"": null, ""projection_lo_2050"": null, ""projection_hi_2050"": null, ""projection_lo_2080"": null, ""projection_hi_2080"": null, ""growth_classification"": ""stable"", ""urban_expansion_pressure"": null, ""median_age_2050"": 50.5, ""old_age_dependency_2050"": null, ""net_migration_rate_projected"": null, ""projection_source"": ""europop2023"", ""projection_variant"": ""baseline"", ""spatial_level"": ""national""}}",SW,1.4,525.63,medium,ERA5 atmospheric dispersion (ref 1991-2020) | prevailing_wind=SW(225deg) | mean_speed=1.4m/s | mean_BLH=526m | p5_BLH=321m | stable_frac=0.383 | stability=[A=0.0% B=0.0% C=61.7% D=0.0% E=38.3% F=0.0%] | wind_rose_dominant=SW | source=copernicus_era5,,,,sedimentary sands,,medium,,2026-04-20 21:28:48.235684+00:00,audit_postlogging_20260421,api,merge_phase2_20260421
PL,Opalenie power station,52db4dae-b014-45a4-96c4-49f80c1fdd11,48.88,118.98,85.52,117.7,3839,95679,167900,2366284,ghsl_pop_100m_r2023a,"5 km: 3,839 pop, 49 p/km²; 16 km: 95,679 pop, 119 p/km²; 25 km: 167,900 pop, 86 p/km²; 80 km: 2,366,284 pop, 118 p/km²; Epoch: 2020; Source: GHS-POP R2023A 100 m (Mollweide)",30.21,Grudziądz,88658.0,gisco_urau_2021,"Nearest city >50k: Grudziądz (88,658 pop) at 30.2 km; Cities >50k within 25 km: 0; Cities >50k within 80 km: 4; Settlement hierarchy: rural; Source: Eurostat GISCO Urban Audit 2021 + urb_cpop1",0.134,131951,ghsl_pop_100m_r2023a,"{""ghsl_note"": ""CAGR 2020\u21922030 from GHS-POP R2023A multi-epoch data"", ""s17_eurostat_supplement"": {""base_population"": null, ""base_year"": 2022, ""projected_pop_2030"": 37420524, ""projected_pop_2040"": 35844414, ""projected_pop_2050"": 34623544, ""projected_pop_2060"": 33376446, ""projected_pop_2080"": 30610714, ""pop_change_pct_2050"": null, ""pop_change_pct_2080"": null, ""receptor_growth_factor_60yr"": null, ""projection_lo_2050"": null, ""projection_hi_2050"": null, ""projection_lo_2080"": null, ""projection_hi_2080"": null, ""growth_classification"": ""stable"", ""urban_expansion_pressure"": null, ""median_age_2050"": 50.5, ""old_age_dependency_2050"": null, ""net_migration_rate_projected"": null, ""projection_source"": ""europop2023"", ""projection_variant"": ""baseline"", ""spatial_level"": ""national""}}",SW,1.75,562.7,medium,ERA5 atmospheric dispersion (ref 1991-2020) | prevailing_wind=SW(225deg) | mean_speed=1.7m/s | mean_BLH=563m | p5_BLH=365m | stable_frac=0.256 | stability=[A=0.0% B=0.0% C=74.4% D=0.0% E=25.6% F=0.0%] | wind_rose_dominant=SW | source=copernicus_era5,,,,alluvial,,medium,,2026-04-20 21:28:48.247517+00:00,audit_postlogging_20260421,api,merge_phase2_20260421
PL,Opole power station,1d19dce6-c458-4656-901d-6a8d3c548761,150.55,216.58,129.91,144.77,11823,174164,255052,2910468,ghsl_pop_100m_r2023a,"5 km: 11,823 pop, 151 p/km²; 16 km: 174,164 pop, 217 p/km²; 25 km: 255,052 pop, 130 p/km²; 80 km: 2,910,468 pop, 145 p/km²; Epoch: 2020; Source: GHS-POP R2023A 100 m (Mollweide)",8.44,Opole,126077.0,gisco_urau_2021,"Nearest city >50k: Opole (126,077 pop) at 8.4 km; Cities >50k within 25 km: 1; Cities >50k within 80 km: 3; Settlement hierarchy: suburban; Source: Eurostat GISCO Urban Audit 2021 + urb_cpop1",-0.355,200442,ghsl_pop_100m_r2023a,"{""ghsl_note"": ""CAGR 2020\u21922030 from GHS-POP R2023A multi-epoch data"", ""s17_eurostat_supplement"": {""base_population"": null, ""base_year"": 2022, ""projected_pop_2030"": 37420524, ""projected_pop_2040"": 35844414, ""projected_pop_2050"": 34623544, ""projected_pop_2060"": 33376446, ""projected_pop_2080"": 30610714, ""pop_change_pct_2050"": null, ""pop_change_pct_2080"": null, ""receptor_growth_factor_60yr"": null, ""projection_lo_2050"": null, ""projection_hi_2050"": null, ""projection_lo_2080"": null, ""projection_hi_2080"": null, ""growth_classification"": ""stable"", ""urban_expansion_pressure"": null, ""median_age_2050"": 50.5, ""old_age_dependency_2050"": null, ""net_migration_rate_projected"": null, ""projection_source"": ""europop2023"", ""projection_variant"": ""baseline"", ""spatial_level"": ""national""}}",WSW,1.42,562.7,medium,ERA5 atmospheric dispersion (ref 1991-2020) | prevailing_wind=WSW(248deg) | mean_speed=1.4m/s | mean_BLH=563m | p5_BLH=349m | stable_frac=0.333 | stability=[A=0.0% B=0.0% C=66.7% D=0.0% E=33.3% F=0.0%] | wind_rose_dominant=WSW | source=copernicus_era5,,,,sedimentary sands,,medium,,2026-04-20 21:28:48.258131+00:00,audit_postlogging_20260421,api,merge_phase2_20260421
PL,Ostrołęka power station,b8bc6544-1571-4906-95e0-314d62c78a24,679.02,113.53,67.81,54.29,53325,91300,133126,1091497,ghsl_pop_100m_r2023a,"5 km: 53,325 pop, 679 p/km²; 16 km: 91,300 pop, 114 p/km²; 25 km: 133,126 pop, 68 p/km²; 80 km: 1,091,497 pop, 54 p/km²; Epoch: 2020; Source: GHS-POP R2023A 100 m (Mollweide)",30.77,Łomża,59711.0,gisco_urau_2021,"Nearest city >50k: Łomża (59,711 pop) at 30.8 km; Cities >50k within 25 km: 0; Cities >50k within 80 km: 1; Settlement hierarchy: rural; Source: Eurostat GISCO Urban Audit 2021 + urb_cpop1",0.072,104626,ghsl_pop_100m_r2023a,"{""ghsl_note"": ""CAGR 2020\u21922030 from GHS-POP R2023A multi-epoch data"", ""s17_eurostat_supplement"": {""base_population"": null, ""base_year"": 2022, ""projected_pop_2030"": 37420524, ""projected_pop_2040"": 35844414, ""projected_pop_2050"": 34623544, ""projected_pop_2060"": 33376446, ""projected_pop_2080"": 30610714, ""pop_change_pct_2050"": null, ""pop_change_pct_2080"": null, ""receptor_growth_factor_60yr"": null, ""projection_lo_2050"": null, ""projection_hi_2050"": null, ""projection_lo_2080"": null, ""projection_hi_2080"": null, ""growth_classification"": ""stable"", ""urban_expansion_pressure"": null, ""median_age_2050"": 50.5, ""old_age_dependency_2050"": null, ""net_migration_rate_projected"": null, ""projection_source"": ""europop2023"", ""projection_variant"": ""baseline"", ""spatial_level"": ""national""}}",SW,1.49,576.39,medium,ERA5 atmospheric dispersion (ref 1991-2020) | prevailing_wind=SW(225deg) | mean_speed=1.5m/s | mean_BLH=576m | p5_BLH=380m | stable_frac=0.267 | stability=[A=0.0% B=0.0% C=73.3% D=0.0% E=26.7% F=0.0%] | wind_rose_dominant=SW | source=copernicus_era5,,,,sedimentary sands,,medium,,2026-04-20 21:28:48.269007+00:00,audit_postlogging_20260421,api,merge_phase2_20260421
PL,Patnow power station,ab57f5c3-8699-46f9-970f-3007dfc58af4,136.39,181.67,116.14,101.73,10711,146096,228008,2045206,ghsl_pop_100m_r2023a,"5 km: 10,711 pop, 136 p/km²; 16 km: 146,096 pop, 182 p/km²; 25 km: 228,008 pop, 116 p/km²; 80 km: 2,045,206 pop, 102 p/km²; Epoch: 2020; Source: GHS-POP R2023A 100 m (Mollweide)",5.46,Konin,67066.0,gisco_urau_2021,"Nearest city >50k: Konin (67,066 pop) at 5.5 km; Cities >50k within 25 km: 1; Cities >50k within 80 km: 6; Settlement hierarchy: periurban; Source: Eurostat GISCO Urban Audit 2021 + urb_cpop1",-0.029,179196,ghsl_pop_100m_r2023a,"{""ghsl_note"": ""CAGR 2020\u21922030 from GHS-POP R2023A multi-epoch data"", ""s17_eurostat_supplement"": {""base_population"": null, ""base_year"": 2022, ""projected_pop_2030"": 37420524, ""projected_pop_2040"": 35844414, ""projected_pop_2050"": 34623544, ""projected_pop_2060"": 33376446, ""projected_pop_2080"": 30610714, ""pop_change_pct_2050"": null, ""pop_change_pct_2080"": null, ""receptor_growth_factor_60yr"": null, ""projection_lo_2050"": null, ""projection_hi_2050"": null, ""projection_lo_2080"": null, ""projection_hi_2080"": null, ""growth_classification"": ""stable"", ""urban_expansion_pressure"": null, ""median_age_2050"": 50.5, ""old_age_dependency_2050"": null, ""net_migration_rate_projected"": null, ""projection_source"": ""europop2023"", ""projection_variant"": ""baseline"", ""spatial_level"": ""national""}}",WSW,1.62,587.94,medium,ERA5 atmospheric dispersion (ref 1991-2020) | prevailing_wind=WSW(248deg) | mean_speed=1.6m/s | mean_BLH=588m | p5_BLH=367m | stable_frac=0.272 | stability=[A=0.0% B=0.0% C=72.8% D=0.0% E=27.2% F=0.0%] | wind_rose_dominant=WSW | source=copernicus_era5,,,,sedimentary sands,,medium,,2026-04-20 21:28:48.280994+00:00,audit_postlogging_20260421,api,merge_phase2_20260421
PL,Piast Ruch Power Station,8a9d5c87-7edc-49c3-85a2-d97727b9c9b2,235.73,507.52,532.06,354.96,18512,408134,1044592,7136139,ghsl_pop_100m_r2023a,"5 km: 18,512 pop, 236 p/km²; 16 km: 408,134 pop, 508 p/km²; 25 km: 1,044,592 pop, 532 p/km²; 80 km: 7,136,139 pop, 355 p/km²; Epoch: 2020; Source: GHS-POP R2023A 100 m (Mollweide)",13.64,Tychy,122045.0,gisco_urau_2021,"Nearest city >50k: Tychy (122,045 pop) at 13.6 km; Cities >50k within 25 km: 4; Cities >50k within 80 km: 18; Settlement hierarchy: suburban; Source: Eurostat GISCO Urban Audit 2021 + urb_cpop1",0.026,820931,ghsl_pop_100m_r2023a,"{""ghsl_note"": ""CAGR 2020\u21922030 from GHS-POP R2023A multi-epoch data"", ""s17_eurostat_supplement"": {""base_population"": null, ""base_year"": 2022, ""projected_pop_2030"": 37420524, ""projected_pop_2040"": 35844414, ""projected_pop_2050"": 34623544, ""projected_pop_2060"": 33376446, ""projected_pop_2080"": 30610714, ""pop_change_pct_2050"": null, ""pop_change_pct_2080"": null, ""receptor_growth_factor_60yr"": null, ""projection_lo_2050"": null, ""projection_hi_2050"": null, ""projection_lo_2080"": null, ""projection_hi_2080"": null, ""growth_classification"": ""stable"", ""urban_expansion_pressure"": null, ""median_age_2050"": 50.5, ""old_age_dependency_2050"": null, ""net_migration_rate_projected"": null, ""projection_source"": ""europop2023"", ""projection_variant"": ""baseline"", ""spatial_level"": ""national""}}",SW,1.34,504.27,medium,ERA5 atmospheric dispersion (ref 1991-2020) | prevailing_wind=SW(225deg) | mean_speed=1.3m/s | mean_BLH=504m | p5_BLH=306m | stable_frac=0.436 | stability=[A=0.0% B=0.0% C=56.4% D=0.0% E=43.6% F=0.0%] | wind_rose_dominant=SW | source=copernicus_era5,,,,sedimentary sands,,medium,,2026-04-20 21:28:48.291867+00:00,audit_postlogging_20260421,api,merge_phase2_20260421
PL,Polaniec power station,2981a12d-3444-4301-96ba-a63ef50bec3e,155.16,89.22,117.26,138.71,12185,71745,230209,2788651,ghsl_pop_100m_r2023a,"5 km: 12,185 pop, 155 p/km²; 16 km: 71,745 pop, 89 p/km²; 25 km: 230,209 pop, 117 p/km²; 80 km: 2,788,651 pop, 139 p/km²; Epoch: 2020; Source: GHS-POP R2023A 100 m (Mollweide)",52.76,Tarnów,103129.0,gisco_urau_2021,"Nearest city >50k: Tarnów (103,129 pop) at 52.8 km; Cities >50k within 25 km: 0; Cities >50k within 80 km: 3; Settlement hierarchy: rural; Source: Eurostat GISCO Urban Audit 2021 + urb_cpop1",-0.121,180924,ghsl_pop_100m_r2023a,"{""ghsl_note"": ""CAGR 2020\u21922030 from GHS-POP R2023A multi-epoch data"", ""s17_eurostat_supplement"": {""base_population"": null, ""base_year"": 2022, ""projected_pop_2030"": 37420524, ""projected_pop_2040"": 35844414, ""projected_pop_2050"": 34623544, ""projected_pop_2060"": 33376446, ""projected_pop_2080"": 30610714, ""pop_change_pct_2050"": null, ""pop_change_pct_2080"": null, ""receptor_growth_factor_60yr"": null, ""projection_lo_2050"": null, ""projection_hi_2050"": null, ""projection_lo_2080"": null, ""projection_hi_2080"": null, ""growth_classification"": ""stable"", ""urban_expansion_pressure"": null, ""median_age_2050"": 50.5, ""old_age_dependency_2050"": null, ""net_migration_rate_projected"": null, ""projection_source"": ""europop2023"", ""projection_variant"": ""baseline"", ""spatial_level"": ""national""}}",WSW,1.35,548.46,medium,ERA5 atmospheric dispersion (ref 1991-2020) | prevailing_wind=WSW(248deg) | mean_speed=1.3m/s | mean_BLH=548m | p5_BLH=345m | stable_frac=0.344 | stability=[A=0.0% B=0.0% C=65.6% D=0.0% E=34.4% F=0.0%] | wind_rose_dominant=WSW | source=copernicus_era5,,,,low permeability,,medium,,2026-04-20 21:28:48.302356+00:00,audit_postlogging_20260421,api,merge_phase2_20260421
PL,Pólnoc power station,b24f9ac5-5ddf-4b19-ba95-76dafeca3d2c,149.03,204.18,155.05,122.81,11704,164192,304409,2468920,ghsl_pop_100m_r2023a,"5 km: 11,704 pop, 149 p/km²; 16 km: 164,192 pop, 204 p/km²; 25 km: 304,409 pop, 155 p/km²; 80 km: 2,468,920 pop, 123 p/km²; Epoch: 2020; Source: GHS-POP R2023A 100 m (Mollweide)",14.81,Tczew,56936.0,gisco_urau_2021,"Nearest city >50k: Tczew (56,936 pop) at 14.8 km; Cities >50k within 25 km: 1; Cities >50k within 80 km: 5; Settlement hierarchy: periurban; Source: Eurostat GISCO Urban Audit 2021 + urb_cpop1",0.217,239231,ghsl_pop_100m_r2023a,"{""ghsl_note"": ""CAGR 2020\u21922030 from GHS-POP R2023A multi-epoch data"", ""s17_eurostat_supplement"": {""base_population"": null, ""base_year"": 2022, ""projected_pop_2030"": 37420524, ""projected_pop_2040"": 35844414, ""projected_pop_2050"": 34623544, ""projected_pop_2060"": 33376446, ""projected_pop_2080"": 30610714, ""pop_change_pct_2050"": null, ""pop_change_pct_2080"": null, ""receptor_growth_factor_60yr"": null, ""projection_lo_2050"": null, ""projection_hi_2050"": null, ""projection_lo_2080"": null, ""projection_hi_2080"": null, ""growth_classification"": ""stable"", ""urban_expansion_pressure"": null, ""median_age_2050"": 50.5, ""old_age_dependency_2050"": null, ""net_migration_rate_projected"": null, ""projection_source"": ""europop2023"", ""projection_variant"": ""baseline"", ""spatial_level"": ""national""}}",SW,1.8,565.08,medium,ERA5 atmospheric dispersion (ref 1991-2020) | prevailing_wind=SW(225deg) | mean_speed=1.8m/s | mean_BLH=565m | p5_BLH=375m | stable_frac=0.247 | stability=[A=0.0% B=0.0% C=75.3% D=0.0% E=24.7% F=0.0%] | wind_rose_dominant=SW | source=copernicus_era5,,,,alluvial,,medium,,2026-04-20 21:28:48.314001+00:00,audit_postlogging_20260421,api,merge_phase2_20260421
PL,Pomorzany power station,e2c23866-db1e-4316-82b5-7e3fe50c3c09,1724.39,564.83,275.49,69.6,135420,454219,540877,1399312,ghsl_pop_100m_r2023a,"5 km: 135,420 pop, 1724 p/km²; 16 km: 454,219 pop, 565 p/km²; 25 km: 540,877 pop, 275 p/km²; 80 km: 1,399,312 pop, 70 p/km²; Epoch: 2020; Source: GHS-POP R2023A 100 m (Mollweide)",7.46,Szczecin,389066.0,gisco_urau_2021,"Nearest city >50k: Szczecin (389,066 pop) at 7.5 km; Cities >50k within 25 km: 1; Cities >50k within 80 km: 2; Settlement hierarchy: suburban; Source: Eurostat GISCO Urban Audit 2021 + urb_cpop1",0.251,425062,ghsl_pop_100m_r2023a,"{""ghsl_note"": ""CAGR 2020\u21922030 from GHS-POP R2023A multi-epoch data"", ""s17_eurostat_supplement"": {""base_population"": null, ""base_year"": 2022, ""projected_pop_2030"": 37420524, ""projected_pop_2040"": 35844414, ""projected_pop_2050"": 34623544, ""projected_pop_2060"": 33376446, ""projected_pop_2080"": 30610714, ""pop_change_pct_2050"": null, ""pop_change_pct_2080"": null, ""receptor_growth_factor_60yr"": null, ""projection_lo_2050"": null, ""projection_hi_2050"": null, ""projection_lo_2080"": null, ""projection_hi_2080"": null, ""growth_classification"": ""stable"", ""urban_expansion_pressure"": null, ""median_age_2050"": 50.5, ""old_age_dependency_2050"": null, ""net_migration_rate_projected"": null, ""projection_source"": ""europop2023"", ""projection_variant"": ""baseline"", ""spatial_level"": ""national""}}",SW,1.81,580.12,medium,ERA5 atmospheric dispersion (ref 1991-2020) | prevailing_wind=SW(225deg) | mean_speed=1.8m/s | mean_BLH=580m | p5_BLH=384m | stable_frac=0.244 | stability=[A=0.0% B=0.0% C=75.6% D=0.0% E=24.4% F=0.0%] | wind_rose_dominant=SW | source=copernicus_era5,,,,sedimentary sands,,medium,,2026-04-20 21:28:48.327178+00:00,audit_postlogging_20260421,api,merge_phase2_20260421
PL,Poznan Karolin power station,40b4334a-7ba4-4ed8-aa8e-3c405599fbd7,1803.67,922.57,456.85,121.39,141646,741903,896937,2440321,ghsl_pop_100m_r2023a,"5 km: 141,646 pop, 1804 p/km²; 16 km: 741,903 pop, 923 p/km²; 25 km: 896,937 pop, 457 p/km²; 80 km: 2,440,321 pop, 121 p/km²; Epoch: 2020; Source: GHS-POP R2023A 100 m (Mollweide)",5.56,Poznań,538439.0,gisco_urau_2021,"Nearest city >50k: Poznań (538,439 pop) at 5.6 km; Cities >50k within 25 km: 1; Cities >50k within 80 km: 2; Settlement hierarchy: suburban; Source: Eurostat GISCO Urban Audit 2021 + urb_cpop1",0.642,704888,ghsl_pop_100m_r2023a,"{""ghsl_note"": ""CAGR 2020\u21922030 from GHS-POP R2023A multi-epoch data"", ""s17_eurostat_supplement"": {""base_population"": null, ""base_year"": 2022, ""projected_pop_2030"": 37420524, ""projected_pop_2040"": 35844414, ""projected_pop_2050"": 34623544, ""projected_pop_2060"": 33376446, ""projected_pop_2080"": 30610714, ""pop_change_pct_2050"": null, ""pop_change_pct_2080"": null, ""receptor_growth_factor_60yr"": null, ""projection_lo_2050"": null, ""projection_hi_2050"": null, ""projection_lo_2080"": null, ""projection_hi_2080"": null, ""growth_classification"": ""stable"", ""urban_expansion_pressure"": null, ""median_age_2050"": 50.5, ""old_age_dependency_2050"": null, ""net_migration_rate_projected"": null, ""projection_source"": ""europop2023"", ""projection_variant"": ""baseline"", ""spatial_level"": ""national""}}",SW,1.56,585.57,medium,ERA5 atmospheric dispersion (ref 1991-2020) | prevailing_wind=SW(225deg) | mean_speed=1.6m/s | mean_BLH=586m | p5_BLH=382m | stable_frac=0.275 | stability=[A=0.0% B=0.0% C=72.5% D=0.0% E=27.5% F=0.0%] | wind_rose_dominant=SW | source=copernicus_era5,,,,sedimentary sands,,medium,,2026-04-20 21:28:48.339186+00:00,audit_postlogging_20260421,api,merge_phase2_20260421
PL,Puchaczow power station,dadadad9-b67e-44b8-a9ab-4cbf116da20b,130.23,81.9,97.79,84.5,10227,65865,191991,1698872,ghsl_pop_100m_r2023a,"5 km: 10,227 pop, 130 p/km²; 16 km: 65,865 pop, 82 p/km²; 25 km: 191,991 pop, 98 p/km²; 80 km: 1,698,872 pop, 84 p/km²; Epoch: 2020; Source: GHS-POP R2023A 100 m (Mollweide)",29.7,Lublin,329565.0,gisco_urau_2021,"Nearest city >50k: Lublin (329,565 pop) at 29.7 km; Cities >50k within 25 km: 0; Cities >50k within 80 km: 3; Settlement hierarchy: rural; Source: Eurostat GISCO Urban Audit 2021 + urb_cpop1",-0.076,150883,ghsl_pop_100m_r2023a,"{""ghsl_note"": ""CAGR 2020\u21922030 from GHS-POP R2023A multi-epoch data"", ""s17_eurostat_supplement"": {""base_population"": null, ""base_year"": 2022, ""projected_pop_2030"": 37420524, ""projected_pop_2040"": 35844414, ""projected_pop_2050"": 34623544, ""projected_pop_2060"": 33376446, ""projected_pop_2080"": 30610714, ""pop_change_pct_2050"": null, ""pop_change_pct_2080"": null, ""receptor_growth_factor_60yr"": null, ""projection_lo_2050"": null, ""projection_hi_2050"": null, ""projection_lo_2080"": null, ""projection_hi_2080"": null, ""growth_classification"": ""stable"", ""urban_expansion_pressure"": null, ""median_age_2050"": 50.5, ""old_age_dependency_2050"": null, ""net_migration_rate_projected"": null, ""projection_source"": ""europop2023"", ""projection_variant"": ""baseline"", ""spatial_level"": ""national""}}",WSW,1.45,568.28,medium,ERA5 atmospheric dispersion (ref 1991-2020) | prevailing_wind=WSW(248deg) | mean_speed=1.4m/s | mean_BLH=568m | p5_BLH=373m | stable_frac=0.289 | stability=[A=0.0% B=0.0% C=71.1% D=0.0% E=28.9% F=0.0%] | wind_rose_dominant=WSW | source=copernicus_era5,,,,inland water,,medium,,2026-04-20 21:28:48.350310+00:00,audit_postlogging_20260421,api,merge_phase2_20260421
PL,Pulawy power station (Grupa Azoty),cdc888ad-fd51-4710-a5ab-3cd0fe9ddb48,676.77,127.18,99.65,110.86,53148,102271,195645,2228620,ghsl_pop_100m_r2023a,"5 km: 53,148 pop, 677 p/km²; 16 km: 102,271 pop, 127 p/km²; 25 km: 195,645 pop, 100 p/km²; 80 km: 2,228,620 pop, 111 p/km²; Epoch: 2020; Source: GHS-POP R2023A 100 m (Mollweide)",45.99,Lublin,329565.0,gisco_urau_2021,"Nearest city >50k: Lublin (329,565 pop) at 46.0 km; Cities >50k within 25 km: 0; Cities >50k within 80 km: 2; Settlement hierarchy: rural; Source: Eurostat GISCO Urban Audit 2021 + urb_cpop1",-0.274,153753,ghsl_pop_100m_r2023a,"{""ghsl_note"": ""CAGR 2020\u21922030 from GHS-POP R2023A multi-epoch data"", ""s17_eurostat_supplement"": {""base_population"": null, ""base_year"": 2022, ""projected_pop_2030"": 37420524, ""projected_pop_2040"": 35844414, ""projected_pop_2050"": 34623544, ""projected_pop_2060"": 33376446, ""projected_pop_2080"": 30610714, ""pop_change_pct_2050"": null, ""pop_change_pct_2080"": null, ""receptor_growth_factor_60yr"": null, ""projection_lo_2050"": null, ""projection_hi_2050"": null, ""projection_lo_2080"": null, ""projection_hi_2080"": null, ""growth_classification"": ""stable"", ""urban_expansion_pressure"": null, ""median_age_2050"": 50.5, ""old_age_dependency_2050"": null, ""net_migration_rate_projected"": null, ""projection_source"": ""europop2023"", ""projection_variant"": ""baseline"", ""spatial_level"": ""national""}}",SW,1.35,583.62,medium,ERA5 atmospheric dispersion (ref 1991-2020) | prevailing_wind=SW(225deg) | mean_speed=1.4m/s | mean_BLH=584m | p5_BLH=371m | stable_frac=0.244 | stability=[A=0.0% B=0.0% C=75.6% D=0.0% E=24.4% F=0.0%] | wind_rose_dominant=SW | source=copernicus_era5,,,,inland water,,medium,,2026-04-20 21:28:48.363405+00:00,audit_postlogging_20260421,api,merge_phase2_20260421
PL,Pulawy power station (Vattenfall),a19228ce-f25a-4ffd-a249-9d01403e6b81,676.77,127.18,99.65,110.86,53148,102271,195645,2228620,ghsl_pop_100m_r2023a,"5 km: 53,148 pop, 677 p/km²; 16 km: 102,271 pop, 127 p/km²; 25 km: 195,645 pop, 100 p/km²; 80 km: 2,228,620 pop, 111 p/km²; Epoch: 2020; Source: GHS-POP R2023A 100 m (Mollweide)",45.99,Lublin,329565.0,gisco_urau_2021,"Nearest city >50k: Lublin (329,565 pop) at 46.0 km; Cities >50k within 25 km: 0; Cities >50k within 80 km: 2; Settlement hierarchy: rural; Source: Eurostat GISCO Urban Audit 2021 + urb_cpop1",-0.274,153753,ghsl_pop_100m_r2023a,"{""ghsl_note"": ""CAGR 2020\u21922030 from GHS-POP R2023A multi-epoch data"", ""s17_eurostat_supplement"": {""base_population"": null, ""base_year"": 2022, ""projected_pop_2030"": 37420524, ""projected_pop_2040"": 35844414, ""projected_pop_2050"": 34623544, ""projected_pop_2060"": 33376446, ""projected_pop_2080"": 30610714, ""pop_change_pct_2050"": null, ""pop_change_pct_2080"": null, ""receptor_growth_factor_60yr"": null, ""projection_lo_2050"": null, ""projection_hi_2050"": null, ""projection_lo_2080"": null, ""projection_hi_2080"": null, ""growth_classification"": ""stable"", ""urban_expansion_pressure"": null, ""median_age_2050"": 50.5, ""old_age_dependency_2050"": null, ""net_migration_rate_projected"": null, ""projection_source"": ""europop2023"", ""projection_variant"": ""baseline"", ""spatial_level"": ""national""}}",SW,1.35,583.62,medium,ERA5 atmospheric dispersion (ref 1991-2020) | prevailing_wind=SW(225deg) | mean_speed=1.4m/s | mean_BLH=584m | p5_BLH=371m | stable_frac=0.244 | stability=[A=0.0% B=0.0% C=75.6% D=0.0% E=24.4% F=0.0%] | wind_rose_dominant=SW | source=copernicus_era5,,,,inland water,,medium,,2026-04-20 21:28:48.376868+00:00,audit_postlogging_20260421,api,merge_phase2_20260421
PL,Pulawy ZAP Works power station,ee332928-87b2-4e7b-9203-20e402bc551f,381.09,138.15,97.95,111.47,29928,111096,192301,2240953,ghsl_pop_100m_r2023a,"5 km: 29,928 pop, 381 p/km²; 16 km: 111,096 pop, 138 p/km²; 25 km: 192,301 pop, 98 p/km²; 80 km: 2,240,953 pop, 111 p/km²; Epoch: 2020; Source: GHS-POP R2023A 100 m (Mollweide)",47.97,Lublin,329565.0,gisco_urau_2021,"Nearest city >50k: Lublin (329,565 pop) at 48.0 km; Cities >50k within 25 km: 0; Cities >50k within 80 km: 2; Settlement hierarchy: rural; Source: Eurostat GISCO Urban Audit 2021 + urb_cpop1",-0.272,151130,ghsl_pop_100m_r2023a,"{""ghsl_note"": ""CAGR 2020\u21922030 from GHS-POP R2023A multi-epoch data"", ""s17_eurostat_supplement"": {""base_population"": null, ""base_year"": 2022, ""projected_pop_2030"": 37420524, ""projected_pop_2040"": 35844414, ""projected_pop_2050"": 34623544, ""projected_pop_2060"": 33376446, ""projected_pop_2080"": 30610714, ""pop_change_pct_2050"": null, ""pop_change_pct_2080"": null, ""receptor_growth_factor_60yr"": null, ""projection_lo_2050"": null, ""projection_hi_2050"": null, ""projection_lo_2080"": null, ""projection_hi_2080"": null, ""growth_classification"": ""stable"", ""urban_expansion_pressure"": null, ""median_age_2050"": 50.5, ""old_age_dependency_2050"": null, ""net_migration_rate_projected"": null, ""projection_source"": ""europop2023"", ""projection_variant"": ""baseline"", ""spatial_level"": ""national""}}",SW,1.35,583.62,medium,ERA5 atmospheric dispersion (ref 1991-2020) | prevailing_wind=SW(225deg) | mean_speed=1.4m/s | mean_BLH=584m | p5_BLH=371m | stable_frac=0.244 | stability=[A=0.0% B=0.0% C=75.6% D=0.0% E=24.4% F=0.0%] | wind_rose_dominant=SW | source=copernicus_era5,,,,inland water,,medium,,2026-04-20 21:28:48.387933+00:00,audit_postlogging_20260421,api,merge_phase2_20260421
PL,Rybnik power station,b8a00967-90a3-4a4e-9979-6b8651d87380,806.03,513.94,476.46,309.75,63299,413290,935435,6227170,ghsl_pop_100m_r2023a,"5 km: 63,299 pop, 806 p/km²; 16 km: 413,290 pop, 514 p/km²; 25 km: 935,435 pop, 476 p/km²; 80 km: 6,227,170 pop, 310 p/km²; Epoch: 2020; Source: GHS-POP R2023A 100 m (Mollweide)",3.54,Rybnik,130887.0,gisco_urau_2021,"Nearest city >50k: Rybnik (130,887 pop) at 3.5 km; Cities >50k within 25 km: 3; Cities >50k within 80 km: 18; Settlement hierarchy: suburban; Source: Eurostat GISCO Urban Audit 2021 + urb_cpop1",-0.107,735144,ghsl_pop_100m_r2023a,"{""ghsl_note"": ""CAGR 2020\u21922030 from GHS-POP R2023A multi-epoch data"", ""s17_eurostat_supplement"": {""base_population"": null, ""base_year"": 2022, ""projected_pop_2030"": 37420524, ""projected_pop_2040"": 35844414, ""projected_pop_2050"": 34623544, ""projected_pop_2060"": 33376446, ""projected_pop_2080"": 30610714, ""pop_change_pct_2050"": null, ""pop_change_pct_2080"": null, ""receptor_growth_factor_60yr"": null, ""projection_lo_2050"": null, ""projection_hi_2050"": null, ""projection_lo_2080"": null, ""projection_hi_2080"": null, ""growth_classification"": ""stable"", ""urban_expansion_pressure"": null, ""median_age_2050"": 50.5, ""old_age_dependency_2050"": null, ""net_migration_rate_projected"": null, ""projection_source"": ""europop2023"", ""projection_variant"": ""baseline"", ""spatial_level"": ""national""}}",WSW,1.44,539.39,medium,ERA5 atmospheric dispersion (ref 1991-2020) | prevailing_wind=WSW(248deg) | mean_speed=1.4m/s | mean_BLH=539m | p5_BLH=345m | stable_frac=0.347 | stability=[A=0.0% B=0.0% C=65.3% D=0.0% E=34.7% F=0.0%] | wind_rose_dominant=WSW | source=copernicus_era5,,,,low permeability,,medium,,2026-04-20 21:28:48.399718+00:00,audit_postlogging_20260421,api,merge_phase2_20260421
PL,Siechnice power station,a7eeee6e-e14a-40ba-80b6-75ed2e170b20,262.73,822.0,438.82,145.74,20633,661028,861525,2930017,ghsl_pop_100m_r2023a,"5 km: 20,633 pop, 263 p/km²; 16 km: 661,028 pop, 822 p/km²; 25 km: 861,525 pop, 439 p/km²; 80 km: 2,930,017 pop, 146 p/km²; Epoch: 2020; Source: GHS-POP R2023A 100 m (Mollweide)",14.72,Wrocław,673743.0,gisco_urau_2021,"Nearest city >50k: Wrocław (673,743 pop) at 14.7 km; Cities >50k within 25 km: 1; Cities >50k within 80 km: 5; Settlement hierarchy: suburban; Source: Eurostat GISCO Urban Audit 2021 + urb_cpop1",0.456,677069,ghsl_pop_100m_r2023a,"{""ghsl_note"": ""CAGR 2020\u21922030 from GHS-POP R2023A multi-epoch data"", ""s17_eurostat_supplement"": {""base_population"": null, ""base_year"": 2022, ""projected_pop_2030"": 37420524, ""projected_pop_2040"": 35844414, ""projected_pop_2050"": 34623544, ""projected_pop_2060"": 33376446, ""projected_pop_2080"": 30610714, ""pop_change_pct_2050"": null, ""pop_change_pct_2080"": null, ""receptor_growth_factor_60yr"": null, ""projection_lo_2050"": null, ""projection_hi_2050"": null, ""projection_lo_2080"": null, ""projection_hi_2080"": null, ""growth_classification"": ""stable"", ""urban_expansion_pressure"": null, ""median_age_2050"": 50.5, ""old_age_dependency_2050"": null, ""net_migration_rate_projected"": null, ""projection_source"": ""europop2023"", ""projection_variant"": ""baseline"", ""spatial_level"": ""national""}}",W,1.47,558.01,medium,ERA5 atmospheric dispersion (ref 1991-2020) | prevailing_wind=W(270deg) | mean_speed=1.5m/s | mean_BLH=558m | p5_BLH=354m | stable_frac=0.317 | stability=[A=0.0% B=0.0% C=68.3% D=0.0% E=31.7% F=0.0%] | wind_rose_dominant=W | source=copernicus_era5,,,,sedimentary sands,,medium,,2026-04-20 21:28:48.411821+00:00,audit_postlogging_20260421,api,merge_phase2_20260421
PL,Siekierki power station,a67255dd-8134-418e-9377-e28516c53722,3899.87,2485.63,1280.26,206.46,306264,1998863,2513532,4150554,ghsl_pop_100m_r2023a,"5 km: 306,264 pop, 3900 p/km²; 16 km: 1,998,863 pop, 2486 p/km²; 25 km: 2,513,532 pop, 1280 p/km²; 80 km: 4,150,554 pop, 206 p/km²; Epoch: 2020; Source: GHS-POP R2023A 100 m (Mollweide)",4.96,Warszawa,1861599.0,gisco_urau_2021,"Nearest city >50k: Warszawa (1,861,599 pop) at 5.0 km; Cities >50k within 25 km: 2; Cities >50k within 80 km: 3; Settlement hierarchy: urban_core; Source: Eurostat GISCO Urban Audit 2021 + urb_cpop1",0.631,1975351,ghsl_pop_100m_r2023a,"{""ghsl_note"": ""CAGR 2020\u21922030 from GHS-POP R2023A multi-epoch data"", ""s17_eurostat_supplement"": {""base_population"": null, ""base_year"": 2022, ""projected_pop_2030"": 37420524, ""projected_pop_2040"": 35844414, ""projected_pop_2050"": 34623544, ""projected_pop_2060"": 33376446, ""projected_pop_2080"": 30610714, ""pop_change_pct_2050"": null, ""pop_change_pct_2080"": null, ""receptor_growth_factor_60yr"": null, ""projection_lo_2050"": null, ""projection_hi_2050"": null, ""projection_lo_2080"": null, ""projection_hi_2080"": null, ""growth_classification"": ""stable"", ""urban_expansion_pressure"": null, ""median_age_2050"": 50.5, ""old_age_dependency_2050"": null, ""net_migration_rate_projected"": null, ""projection_source"": ""europop2023"", ""projection_variant"": ""baseline"", ""spatial_level"": ""national""}}",SW,1.45,580.41,medium,ERA5 atmospheric dispersion (ref 1991-2020) | prevailing_wind=SW(225deg) | mean_speed=1.4m/s | mean_BLH=580m | p5_BLH=366m | stable_frac=0.267 | stability=[A=0.0% B=0.0% C=73.3% D=0.0% E=26.7% F=0.0%] | wind_rose_dominant=SW | source=copernicus_era5,,,,sedimentary sands,,medium,,2026-04-20 21:28:48.422501+00:00,audit_postlogging_20260421,api,merge_phase2_20260421
PL,Siersza power station,47be3ec4-7abe-4f4c-ac3d-b7f753b8514a,198.39,345.86,397.69,328.99,15580,278131,780780,6613974,ghsl_pop_100m_r2023a,"5 km: 15,580 pop, 198 p/km²; 16 km: 278,131 pop, 346 p/km²; 25 km: 780,780 pop, 398 p/km²; 80 km: 6,613,974 pop, 329 p/km²; Epoch: 2020; Source: GHS-POP R2023A 100 m (Mollweide)",19.9,Dąbrowa Górnicza,113460.0,gisco_urau_2021,"Nearest city >50k: Dąbrowa Górnicza (113,460 pop) at 19.9 km; Cities >50k within 25 km: 3; Cities >50k within 80 km: 17; Settlement hierarchy: periurban; Source: Eurostat GISCO Urban Audit 2021 + urb_cpop1",-0.161,613608,ghsl_pop_100m_r2023a,"{""ghsl_note"": ""CAGR 2020\u21922030 from GHS-POP R2023A multi-epoch data"", ""s17_eurostat_supplement"": {""base_population"": null, ""base_year"": 2022, ""projected_pop_2030"": 37420524, ""projected_pop_2040"": 35844414, ""projected_pop_2050"": 34623544, ""projected_pop_2060"": 33376446, ""projected_pop_2080"": 30610714, ""pop_change_pct_2050"": null, ""pop_change_pct_2080"": null, ""receptor_growth_factor_60yr"": null, ""projection_lo_2050"": null, ""projection_hi_2050"": null, ""projection_lo_2080"": null, ""projection_hi_2080"": null, ""growth_classification"": ""stable"", ""urban_expansion_pressure"": null, ""median_age_2050"": 50.5, ""old_age_dependency_2050"": null, ""net_migration_rate_projected"": null, ""projection_source"": ""europop2023"", ""projection_variant"": ""baseline"", ""spatial_level"": ""national""}}",WSW,1.45,518.47,medium,ERA5 atmospheric dispersion (ref 1991-2020) | prevailing_wind=WSW(248deg) | mean_speed=1.4m/s | mean_BLH=518m | p5_BLH=306m | stable_frac=0.394 | stability=[A=0.0% B=0.0% C=60.6% D=0.0% E=39.4% F=0.0%] | wind_rose_dominant=WSW | source=copernicus_era5,,,,sedimentary sands,,medium,,2026-04-20 21:28:48.434369+00:00,audit_postlogging_20260421,api,merge_phase2_20260421
PL,Skawina power station,f5be4e73-938d-4fe2-b585-5090ec780670,564.6,831.0,612.07,286.01,44339,668266,1201675,5749965,ghsl_pop_100m_r2023a,"5 km: 44,339 pop, 565 p/km²; 16 km: 668,266 pop, 831 p/km²; 25 km: 1,201,675 pop, 612 p/km²; 80 km: 5,749,965 pop, 286 p/km²; Epoch: 2020; Source: GHS-POP R2023A 100 m (Mollweide)",15.37,Kraków,806201.0,gisco_urau_2021,"Nearest city >50k: Kraków (806,201 pop) at 15.4 km; Cities >50k within 25 km: 1; Cities >50k within 80 km: 13; Settlement hierarchy: periurban; Source: Eurostat GISCO Urban Audit 2021 + urb_cpop1",0.298,944381,ghsl_pop_100m_r2023a,"{""ghsl_note"": ""CAGR 2020\u21922030 from GHS-POP R2023A multi-epoch data"", ""s17_eurostat_supplement"": {""base_population"": null, ""base_year"": 2022, ""projected_pop_2030"": 37420524, ""projected_pop_2040"": 35844414, ""projected_pop_2050"": 34623544, ""projected_pop_2060"": 33376446, ""projected_pop_2080"": 30610714, ""pop_change_pct_2050"": null, ""pop_change_pct_2080"": null, ""receptor_growth_factor_60yr"": null, ""projection_lo_2050"": null, ""projection_hi_2050"": null, ""projection_lo_2080"": null, ""projection_hi_2080"": null, ""growth_classification"": ""stable"", ""urban_expansion_pressure"": null, ""median_age_2050"": 50.5, ""old_age_dependency_2050"": null, ""net_migration_rate_projected"": null, ""projection_source"": ""europop2023"", ""projection_variant"": ""baseline"", ""spatial_level"": ""national""}}",WSW,1.29,488.94,medium,ERA5 atmospheric dispersion (ref 1991-2020) | prevailing_wind=WSW(248deg) | mean_speed=1.3m/s | mean_BLH=489m | p5_BLH=275m | stable_frac=0.489 | stability=[A=0.0% B=0.0% C=51.1% D=0.0% E=48.9% F=0.0%] | wind_rose_dominant=WSW | source=copernicus_era5,,,,sedimentary sands,,medium,,2026-04-20 21:28:48.445980+00:00,audit_postlogging_20260421,api,merge_phase2_20260421
PL,Stalowa Wola power station,66bdc30c-4179-480b-a55a-5d15be5ac66b,828.76,157.48,100.74,109.87,65084,126638,197777,2208742,ghsl_pop_100m_r2023a,"5 km: 65,084 pop, 829 p/km²; 16 km: 126,638 pop, 157 p/km²; 25 km: 197,777 pop, 101 p/km²; 80 km: 2,208,742 pop, 110 p/km²; Epoch: 2020; Source: GHS-POP R2023A 100 m (Mollweide)",59.43,Rzeszów,197268.0,gisco_urau_2021,"Nearest city >50k: Rzeszów (197,268 pop) at 59.4 km; Cities >50k within 25 km: 0; Cities >50k within 80 km: 1; Settlement hierarchy: rural; Source: Eurostat GISCO Urban Audit 2021 + urb_cpop1",-0.169,155435,ghsl_pop_100m_r2023a,"{""ghsl_note"": ""CAGR 2020\u21922030 from GHS-POP R2023A multi-epoch data"", ""s17_eurostat_supplement"": {""base_population"": null, ""base_year"": 2022, ""projected_pop_2030"": 37420524, ""projected_pop_2040"": 35844414, ""projected_pop_2050"": 34623544, ""projected_pop_2060"": 33376446, ""projected_pop_2080"": 30610714, ""pop_change_pct_2050"": null, ""pop_change_pct_2080"": null, ""receptor_growth_factor_60yr"": null, ""projection_lo_2050"": null, ""projection_hi_2050"": null, ""projection_lo_2080"": null, ""projection_hi_2080"": null, ""growth_classification"": ""stable"", ""urban_expansion_pressure"": null, ""median_age_2050"": 50.5, ""old_age_dependency_2050"": null, ""net_migration_rate_projected"": null, ""projection_source"": ""europop2023"", ""projection_variant"": ""baseline"", ""spatial_level"": ""national""}}",SW,1.31,571.74,medium,ERA5 atmospheric dispersion (ref 1991-2020) | prevailing_wind=SW(225deg) | mean_speed=1.3m/s | mean_BLH=572m | p5_BLH=372m | stable_frac=0.297 | stability=[A=0.0% B=0.3% C=70.0% D=0.0% E=29.7% F=0.0%] | wind_rose_dominant=SW | source=copernicus_era5,,,,inland water,,medium,,2026-04-20 21:28:48.456762+00:00,audit_postlogging_20260421,api,merge_phase2_20260421
PL,Swiecie Pulp Mill power station,7fc17ab0-ce24-4830-a938-b8424d1e9368,311.89,113.98,87.21,110.26,24493,91656,171210,2216683,ghsl_pop_100m_r2023a,"5 km: 24,493 pop, 312 p/km²; 16 km: 91,656 pop, 114 p/km²; 25 km: 171,210 pop, 87 p/km²; 80 km: 2,216,683 pop, 110 p/km²; Epoch: 2020; Source: GHS-POP R2023A 100 m (Mollweide)",27.85,Grudziądz,88658.0,gisco_urau_2021,"Nearest city >50k: Grudziądz (88,658 pop) at 27.9 km; Cities >50k within 25 km: 0; Cities >50k within 80 km: 4; Settlement hierarchy: rural; Source: Eurostat GISCO Urban Audit 2021 + urb_cpop1",0.153,134559,ghsl_pop_100m_r2023a,"{""ghsl_note"": ""CAGR 2020\u21922030 from GHS-POP R2023A multi-epoch data"", ""s17_eurostat_supplement"": {""base_population"": null, ""base_year"": 2022, ""projected_pop_2030"": 37420524, ""projected_pop_2040"": 35844414, ""projected_pop_2050"": 34623544, ""projected_pop_2060"": 33376446, ""projected_pop_2080"": 30610714, ""pop_change_pct_2050"": null, ""pop_change_pct_2080"": null, ""receptor_growth_factor_60yr"": null, ""projection_lo_2050"": null, ""projection_hi_2050"": null, ""projection_lo_2080"": null, ""projection_hi_2080"": null, ""growth_classification"": ""stable"", ""urban_expansion_pressure"": null, ""median_age_2050"": 50.5, ""old_age_dependency_2050"": null, ""net_migration_rate_projected"": null, ""projection_source"": ""europop2023"", ""projection_variant"": ""baseline"", ""spatial_level"": ""national""}}",SW,1.7,577.1,medium,ERA5 atmospheric dispersion (ref 1991-2020) | prevailing_wind=SW(225deg) | mean_speed=1.7m/s | mean_BLH=577m | p5_BLH=380m | stable_frac=0.253 | stability=[A=0.0% B=0.0% C=74.7% D=0.0% E=25.3% F=0.0%] | wind_rose_dominant=SW | source=copernicus_era5,,,,alluvial,,medium,,2026-04-20 21:28:48.467831+00:00,audit_postlogging_20260421,api,merge_phase2_20260421
PL,Szczecin power station,f8f9f43d-6a3b-445d-818e-ca82a90ace65,2368.37,576.71,284.33,67.84,185993,463768,558221,1363853,ghsl_pop_100m_r2023a,"5 km: 185,993 pop, 2368 p/km²; 16 km: 463,768 pop, 577 p/km²; 25 km: 558,221 pop, 284 p/km²; 80 km: 1,363,853 pop, 68 p/km²; Epoch: 2020; Source: GHS-POP R2023A 100 m (Mollweide)",2.95,Szczecin,389066.0,gisco_urau_2021,"Nearest city >50k: Szczecin (389,066 pop) at 2.9 km; Cities >50k within 25 km: 1; Cities >50k within 80 km: 2; Settlement hierarchy: urban_core; Source: Eurostat GISCO Urban Audit 2021 + urb_cpop1",0.238,438701,ghsl_pop_100m_r2023a,"{""ghsl_note"": ""CAGR 2020\u21922030 from GHS-POP R2023A multi-epoch data"", ""s17_eurostat_supplement"": {""base_population"": null, ""base_year"": 2022, ""projected_pop_2030"": 37420524, ""projected_pop_2040"": 35844414, ""projected_pop_2050"": 34623544, ""projected_pop_2060"": 33376446, ""projected_pop_2080"": 30610714, ""pop_change_pct_2050"": null, ""pop_change_pct_2080"": null, ""receptor_growth_factor_60yr"": null, ""projection_lo_2050"": null, ""projection_hi_2050"": null, ""projection_lo_2080"": null, ""projection_hi_2080"": null, ""growth_classification"": ""stable"", ""urban_expansion_pressure"": null, ""median_age_2050"": 50.5, ""old_age_dependency_2050"": null, ""net_migration_rate_projected"": null, ""projection_source"": ""europop2023"", ""projection_variant"": ""baseline"", ""spatial_level"": ""national""}}",SW,1.81,580.12,medium,ERA5 atmospheric dispersion (ref 1991-2020) | prevailing_wind=SW(225deg) | mean_speed=1.8m/s | mean_BLH=580m | p5_BLH=384m | stable_frac=0.244 | stability=[A=0.0% B=0.0% C=75.6% D=0.0% E=24.4% F=0.0%] | wind_rose_dominant=SW | source=copernicus_era5,,,,sedimentary sands,,medium,,2026-04-20 21:28:48.480026+00:00,audit_postlogging_20260421,api,merge_phase2_20260421
PL,Turów power station,cd84938d-eea8-47a1-8ea6-2e9f943e5914,155.48,144.0,203.91,128.39,12210,115798,400335,2581046,ghsl_pop_100m_r2023a,"5 km: 12,210 pop, 155 p/km²; 16 km: 115,798 pop, 144 p/km²; 25 km: 400,335 pop, 204 p/km²; 80 km: 2,581,046 pop, 128 p/km²; Epoch: 2020; Source: GHS-POP R2023A 100 m (Mollweide)",21.89,Görlitz,55395.0,gisco_urau_2021,"Nearest city >50k: Görlitz (55,395 pop) at 21.9 km; Cities >50k within 25 km: 2; Cities >50k within 80 km: 4; Settlement hierarchy: periurban; Source: Eurostat GISCO Urban Audit 2021 + urb_cpop1",-0.369,314619,ghsl_pop_100m_r2023a,"{""ghsl_note"": ""CAGR 2020\u21922030 from GHS-POP R2023A multi-epoch data"", ""s17_eurostat_supplement"": {""base_population"": null, ""base_year"": 2022, ""projected_pop_2030"": 37420524, ""projected_pop_2040"": 35844414, ""projected_pop_2050"": 34623544, ""projected_pop_2060"": 33376446, ""projected_pop_2080"": 30610714, ""pop_change_pct_2050"": null, ""pop_change_pct_2080"": null, ""receptor_growth_factor_60yr"": null, ""projection_lo_2050"": null, ""projection_hi_2050"": null, ""projection_lo_2080"": null, ""projection_hi_2080"": null, ""growth_classification"": ""stable"", ""urban_expansion_pressure"": null, ""median_age_2050"": 50.5, ""old_age_dependency_2050"": null, ""net_migration_rate_projected"": null, ""projection_source"": ""europop2023"", ""projection_variant"": ""baseline"", ""spatial_level"": ""national""}}",SSW,1.63,535.92,medium,ERA5 atmospheric dispersion (ref 1991-2020) | prevailing_wind=SSW(202deg) | mean_speed=1.6m/s | mean_BLH=536m | p5_BLH=346m | stable_frac=0.369 | stability=[A=0.0% B=0.0% C=63.1% D=0.0% E=36.9% F=0.0%] | wind_rose_dominant=SSW | source=copernicus_era5,,,,sedimentary sands,,medium,,2026-04-20 21:28:48.492858+00:00,audit_postlogging_20260421,api,merge_phase2_20260421
PL,Tychy power station,3d2d4c37-eb9d-4b35-a8b1-b3f485bc3e3f,1479.92,650.45,838.19,358.51,116221,523067,1645610,7207440,ghsl_pop_100m_r2023a,"5 km: 116,221 pop, 1480 p/km²; 16 km: 523,067 pop, 650 p/km²; 25 km: 1,645,610 pop, 838 p/km²; 80 km: 7,207,440 pop, 359 p/km²; Epoch: 2020; Source: GHS-POP R2023A 100 m (Mollweide)",2.07,Tychy,122045.0,gisco_urau_2021,"Nearest city >50k: Tychy (122,045 pop) at 2.1 km; Cities >50k within 25 km: 7; Cities >50k within 80 km: 19; Settlement hierarchy: suburban; Source: Eurostat GISCO Urban Audit 2021 + urb_cpop1",-0.179,1293268,ghsl_pop_100m_r2023a,"{""ghsl_note"": ""CAGR 2020\u21922030 from GHS-POP R2023A multi-epoch data"", ""s17_eurostat_supplement"": {""base_population"": null, ""base_year"": 2022, ""projected_pop_2030"": 37420524, ""projected_pop_2040"": 35844414, ""projected_pop_2050"": 34623544, ""projected_pop_2060"": 33376446, ""projected_pop_2080"": 30610714, ""pop_change_pct_2050"": null, ""pop_change_pct_2080"": null, ""receptor_growth_factor_60yr"": null, ""projection_lo_2050"": null, ""projection_hi_2050"": null, ""projection_lo_2080"": null, ""projection_hi_2080"": null, ""growth_classification"": ""stable"", ""urban_expansion_pressure"": null, ""median_age_2050"": 50.5, ""old_age_dependency_2050"": null, ""net_migration_rate_projected"": null, ""projection_source"": ""europop2023"", ""projection_variant"": ""baseline"", ""spatial_level"": ""national""}}",SW,1.34,504.27,medium,ERA5 atmospheric dispersion (ref 1991-2020) | prevailing_wind=SW(225deg) | mean_speed=1.3m/s | mean_BLH=504m | p5_BLH=306m | stable_frac=0.436 | stability=[A=0.0% B=0.0% C=56.4% D=0.0% E=43.6% F=0.0%] | wind_rose_dominant=SW | source=copernicus_era5,,,,inland water,,medium,,2026-04-20 21:28:48.505084+00:00,audit_postlogging_20260421,api,merge_phase2_20260421
PL,Wroclaw power station,dc87cdf1-9936-4a59-a5e9-b5e360173490,4758.59,915.77,434.83,143.09,373701,736431,853697,2876648,ghsl_pop_100m_r2023a,"5 km: 373,701 pop, 4759 p/km²; 16 km: 736,431 pop, 916 p/km²; 25 km: 853,697 pop, 435 p/km²; 80 km: 2,876,648 pop, 143 p/km²; Epoch: 2020; Source: GHS-POP R2023A 100 m (Mollweide)",2.04,Wrocław,673743.0,gisco_urau_2021,"Nearest city >50k: Wrocław (673,743 pop) at 2.0 km; Cities >50k within 25 km: 1; Cities >50k within 80 km: 6; Settlement hierarchy: urban_core; Source: Eurostat GISCO Urban Audit 2021 + urb_cpop1",0.493,670912,ghsl_pop_100m_r2023a,"{""ghsl_note"": ""CAGR 2020\u21922030 from GHS-POP R2023A multi-epoch data"", ""s17_eurostat_supplement"": {""base_population"": null, ""base_year"": 2022, ""projected_pop_2030"": 37420524, ""projected_pop_2040"": 35844414, ""projected_pop_2050"": 34623544, ""projected_pop_2060"": 33376446, ""projected_pop_2080"": 30610714, ""pop_change_pct_2050"": null, ""pop_change_pct_2080"": null, ""receptor_growth_factor_60yr"": null, ""projection_lo_2050"": null, ""projection_hi_2050"": null, ""projection_lo_2080"": null, ""projection_hi_2080"": null, ""growth_classification"": ""stable"", ""urban_expansion_pressure"": null, ""median_age_2050"": 50.5, ""old_age_dependency_2050"": null, ""net_migration_rate_projected"": null, ""projection_source"": ""europop2023"", ""projection_variant"": ""baseline"", ""spatial_level"": ""national""}}",W,1.52,551.14,medium,ERA5 atmospheric dispersion (ref 1991-2020) | prevailing_wind=W(270deg) | mean_speed=1.5m/s | mean_BLH=551m | p5_BLH=353m | stable_frac=0.339 | stability=[A=0.0% B=0.0% C=66.1% D=0.0% E=33.9% F=0.0%] | wind_rose_dominant=W | source=copernicus_era5,,,,sedimentary sands,,medium,,2026-04-20 21:28:48.516879+00:00,audit_postlogging_20260421,api,merge_phase2_20260421
PL,Zabrze power station,2da9dab9-7b4e-46e7-b1c8-70eeb329c177,2056.48,1331.44,893.04,317.96,161499,1070696,1753303,6392145,ghsl_pop_100m_r2023a,"5 km: 161,499 pop, 2056 p/km²; 16 km: 1,070,696 pop, 1331 p/km²; 25 km: 1,753,303 pop, 893 p/km²; 80 km: 6,392,145 pop, 318 p/km²; Epoch: 2020; Source: GHS-POP R2023A 100 m (Mollweide)",1.03,Zabrze,153838.0,gisco_urau_2021,"Nearest city >50k: Zabrze (153,838 pop) at 1.0 km; Cities >50k within 25 km: 8; Cities >50k within 80 km: 19; Settlement hierarchy: suburban; Source: Eurostat GISCO Urban Audit 2021 + urb_cpop1",-0.286,1377898,ghsl_pop_100m_r2023a,"{""ghsl_note"": ""CAGR 2020\u21922030 from GHS-POP R2023A multi-epoch data"", ""s17_eurostat_supplement"": {""base_population"": null, ""base_year"": 2022, ""projected_pop_2030"": 37420524, ""projected_pop_2040"": 35844414, ""projected_pop_2050"": 34623544, ""projected_pop_2060"": 33376446, ""projected_pop_2080"": 30610714, ""pop_change_pct_2050"": null, ""pop_change_pct_2080"": null, ""receptor_growth_factor_60yr"": null, ""projection_lo_2050"": null, ""projection_hi_2050"": null, ""projection_lo_2080"": null, ""projection_hi_2080"": null, ""growth_classification"": ""stable"", ""urban_expansion_pressure"": null, ""median_age_2050"": 50.5, ""old_age_dependency_2050"": null, ""net_migration_rate_projected"": null, ""projection_source"": ""europop2023"", ""projection_variant"": ""baseline"", ""spatial_level"": ""national""}}",WSW,1.47,532.82,medium,ERA5 atmospheric dispersion (ref 1991-2020) | prevailing_wind=WSW(248deg) | mean_speed=1.5m/s | mean_BLH=533m | p5_BLH=334m | stable_frac=0.364 | stability=[A=0.0% B=0.0% C=63.6% D=0.0% E=36.4% F=0.0%] | wind_rose_dominant=WSW | source=copernicus_era5,,,,sedimentary carbonates,,medium,,2026-04-20 21:28:48.529968+00:00,audit_postlogging_20260421,api,merge_phase2_20260421
PL,Zarnowiec power station,a55e3643-8ed4-434b-b14f-2d549d09c0d9,60.85,44.22,84.62,79.44,4779,35561,166136,1596959,ghsl_pop_100m_r2023a,"5 km: 4,779 pop, 61 p/km²; 16 km: 35,561 pop, 44 p/km²; 25 km: 166,136 pop, 85 p/km²; 80 km: 1,596,959 pop, 79 p/km²; Epoch: 2020; Source: GHS-POP R2023A 100 m (Mollweide)",40.22,Gdynia,241189.0,gisco_urau_2021,"Nearest city >50k: Gdynia (241,189 pop) at 40.2 km; Cities >50k within 25 km: 0; Cities >50k within 80 km: 3; Settlement hierarchy: rural; Source: Eurostat GISCO Urban Audit 2021 + urb_cpop1",0.975,130563,ghsl_pop_100m_r2023a,"{""ghsl_note"": ""CAGR 2020\u21922030 from GHS-POP R2023A multi-epoch data"", ""s17_eurostat_supplement"": {""base_population"": null, ""base_year"": 2022, ""projected_pop_2030"": 37420524, ""projected_pop_2040"": 35844414, ""projected_pop_2050"": 34623544, ""projected_pop_2060"": 33376446, ""projected_pop_2080"": 30610714, ""pop_change_pct_2050"": null, ""pop_change_pct_2080"": null, ""receptor_growth_factor_60yr"": null, ""projection_lo_2050"": null, ""projection_hi_2050"": null, ""projection_lo_2080"": null, ""projection_hi_2080"": null, ""growth_classification"": ""stable"", ""urban_expansion_pressure"": null, ""median_age_2050"": 50.5, ""old_age_dependency_2050"": null, ""net_migration_rate_projected"": null, ""projection_source"": ""europop2023"", ""projection_variant"": ""baseline"", ""spatial_level"": ""national""}}",WSW,2.35,564.96,medium,ERA5 atmospheric dispersion (ref 1991-2020) | prevailing_wind=WSW(248deg) | mean_speed=2.3m/s | mean_BLH=565m | p5_BLH=416m | stable_frac=0.297 | stability=[A=0.0% B=0.0% C=70.3% D=0.0% E=29.7% F=0.0%] | wind_rose_dominant=WSW | source=copernicus_era5,,,,alluvial,,medium,,2026-04-20 21:28:48.544057+00:00,audit_postlogging_20260421,api,merge_phase2_20260421
PL,Zeran power station,d40cdaf1-49e4-4c59-a6c8-2402cd2bf006,4694.14,2369.44,1261.2,206.65,368640,1905428,2476105,4154470,ghsl_pop_100m_r2023a,"5 km: 368,640 pop, 4694 p/km²; 16 km: 1,905,428 pop, 2369 p/km²; 25 km: 2,476,105 pop, 1261 p/km²; 80 km: 4,154,470 pop, 207 p/km²; Epoch: 2020; Source: GHS-POP R2023A 100 m (Mollweide)",8.16,Warszawa,1861599.0,gisco_urau_2021,"Nearest city >50k: Warszawa (1,861,599 pop) at 8.2 km; Cities >50k within 25 km: 3; Cities >50k within 80 km: 3; Settlement hierarchy: suburban; Source: Eurostat GISCO Urban Audit 2021 + urb_cpop1",0.608,1945943,ghsl_pop_100m_r2023a,"{""ghsl_note"": ""CAGR 2020\u21922030 from GHS-POP R2023A multi-epoch data"", ""s17_eurostat_supplement"": {""base_population"": null, ""base_year"": 2022, ""projected_pop_2030"": 37420524, ""projected_pop_2040"": 35844414, ""projected_pop_2050"": 34623544, ""projected_pop_2060"": 33376446, ""projected_pop_2080"": 30610714, ""pop_change_pct_2050"": null, ""pop_change_pct_2080"": null, ""receptor_growth_factor_60yr"": null, ""projection_lo_2050"": null, ""projection_hi_2050"": null, ""projection_lo_2080"": null, ""projection_hi_2080"": null, ""growth_classification"": ""stable"", ""urban_expansion_pressure"": null, ""median_age_2050"": 50.5, ""old_age_dependency_2050"": null, ""net_migration_rate_projected"": null, ""projection_source"": ""europop2023"", ""projection_variant"": ""baseline"", ""spatial_level"": ""national""}}",SW,1.45,580.41,medium,ERA5 atmospheric dispersion (ref 1991-2020) | prevailing_wind=SW(225deg) | mean_speed=1.4m/s | mean_BLH=580m | p5_BLH=366m | stable_frac=0.267 | stability=[A=0.0% B=0.0% C=73.3% D=0.0% E=26.7% F=0.0%] | wind_rose_dominant=SW | source=copernicus_era5,,,,sedimentary sands,,medium,,2026-04-20 21:28:48.555877+00:00,audit_postlogging_20260421,api,merge_phase2_20260421
PL,Zofiowka Mine power station,b24c9876-5a4d-4b83-b442-af2f4b0d1047,979.75,579.6,499.31,305.05,76942,466095,980295,6132652,ghsl_pop_100m_r2023a,"5 km: 76,942 pop, 980 p/km²; 16 km: 466,095 pop, 580 p/km²; 25 km: 980,295 pop, 499 p/km²; 80 km: 6,132,652 pop, 305 p/km²; Epoch: 2020; Source: GHS-POP R2023A 100 m (Mollweide)",1.37,Jastrzębie-Zdrój,82301.0,gisco_urau_2021,"Nearest city >50k: Jastrzębie-Zdrój (82,301 pop) at 1.4 km; Cities >50k within 25 km: 3; Cities >50k within 80 km: 17; Settlement hierarchy: periurban; Source: Eurostat GISCO Urban Audit 2021 + urb_cpop1",-0.102,770400,ghsl_pop_100m_r2023a,"{""ghsl_note"": ""CAGR 2020\u21922030 from GHS-POP R2023A multi-epoch data"", ""s17_eurostat_supplement"": {""base_population"": null, ""base_year"": 2022, ""projected_pop_2030"": 37420524, ""projected_pop_2040"": 35844414, ""projected_pop_2050"": 34623544, ""projected_pop_2060"": 33376446, ""projected_pop_2080"": 30610714, ""pop_change_pct_2050"": null, ""pop_change_pct_2080"": null, ""receptor_growth_factor_60yr"": null, ""projection_lo_2050"": null, ""projection_hi_2050"": null, ""projection_lo_2080"": null, ""projection_hi_2080"": null, ""growth_classification"": ""stable"", ""urban_expansion_pressure"": null, ""median_age_2050"": 50.5, ""old_age_dependency_2050"": null, ""net_migration_rate_projected"": null, ""projection_source"": ""europop2023"", ""projection_variant"": ""baseline"", ""spatial_level"": ""national""}}",SW,1.42,513.88,medium,ERA5 atmospheric dispersion (ref 1991-2020) | prevailing_wind=SW(225deg) | mean_speed=1.4m/s | mean_BLH=514m | p5_BLH=324m | stable_frac=0.414 | stability=[A=0.0% B=0.0% C=58.6% D=0.0% E=41.4% F=0.0%] | wind_rose_dominant=SW | source=copernicus_era5,,,,low permeability,,medium,,2026-04-20 21:28:48.568398+00:00,audit_postlogging_20260421,api,merge_phase2_20260421
PL,ZW Nowa power station,202d797d-b0f9-4cd0-bbac-d7bb06805c09,907.64,677.21,646.63,324.82,71279,544589,1269534,6530184,ghsl_pop_100m_r2023a,"5 km: 71,279 pop, 908 p/km²; 16 km: 544,589 pop, 677 p/km²; 25 km: 1,269,534 pop, 647 p/km²; 80 km: 6,530,184 pop, 325 p/km²; Epoch: 2020; Source: GHS-POP R2023A 100 m (Mollweide)",1.69,Dąbrowa Górnicza,113460.0,gisco_urau_2021,"Nearest city >50k: Dąbrowa Górnicza (113,460 pop) at 1.7 km; Cities >50k within 25 km: 7; Cities >50k within 80 km: 17; Settlement hierarchy: suburban; Source: Eurostat GISCO Urban Audit 2021 + urb_cpop1",-0.321,997705,ghsl_pop_100m_r2023a,"{""ghsl_note"": ""CAGR 2020\u21922030 from GHS-POP R2023A multi-epoch data"", ""s17_eurostat_supplement"": {""base_population"": null, ""base_year"": 2022, ""projected_pop_2030"": 37420524, ""projected_pop_2040"": 35844414, ""projected_pop_2050"": 34623544, ""projected_pop_2060"": 33376446, ""projected_pop_2080"": 30610714, ""pop_change_pct_2050"": null, ""pop_change_pct_2080"": null, ""receptor_growth_factor_60yr"": null, ""projection_lo_2050"": null, ""projection_hi_2050"": null, ""projection_lo_2080"": null, ""projection_hi_2080"": null, ""growth_classification"": ""stable"", ""urban_expansion_pressure"": null, ""median_age_2050"": 50.5, ""old_age_dependency_2050"": null, ""net_migration_rate_projected"": null, ""projection_source"": ""europop2023"", ""projection_variant"": ""baseline"", ""spatial_level"": ""national""}}",SW,1.42,522.29,medium,ERA5 atmospheric dispersion (ref 1991-2020) | prevailing_wind=SW(225deg) | mean_speed=1.4m/s | mean_BLH=522m | p5_BLH=313m | stable_frac=0.397 | stability=[A=0.0% B=0.0% C=60.3% D=0.0% E=39.7% F=0.0%] | wind_rose_dominant=SW | source=copernicus_era5,,,,sedimentary sands,,medium,,2026-04-20 21:28:48.582156+00:00,audit_postlogging_20260421,api,merge_phase2_20260421
RO,Arad power station,5a33e5f0-6d86-4eab-adea-6c6bad7f3f45,945.25,239.59,134.66,72.5,74232,192672,264372,1457545,ghsl_pop_100m_r2023a,"5 km: 74,232 pop, 945 p/km²; 16 km: 192,672 pop, 240 p/km²; 25 km: 264,372 pop, 135 p/km²; 80 km: 1,457,545 pop, 72 p/km²; Epoch: 2020; Source: GHS-POP R2023A 100 m (Mollweide)",6.7,Arad,176846.0,gisco_urau_2021,"Nearest city >50k: Arad (176,846 pop) at 6.7 km; Cities >50k within 25 km: 1; Cities >50k within 80 km: 2; Settlement hierarchy: suburban; Source: Eurostat GISCO Urban Audit 2021 + urb_cpop1",-0.162,204068,ghsl_pop_100m_r2023a,"{""ghsl_note"": ""CAGR 2020\u21922030 from GHS-POP R2023A multi-epoch data"", ""s17_eurostat_supplement"": {""base_population"": null, ""base_year"": 2022, ""projected_pop_2030"": 18218553, ""projected_pop_2040"": 17232578, ""projected_pop_2050"": 16439020, ""projected_pop_2060"": 15689153, ""projected_pop_2080"": 14681481, ""pop_change_pct_2050"": null, ""pop_change_pct_2080"": null, ""receptor_growth_factor_60yr"": null, ""projection_lo_2050"": null, ""projection_hi_2050"": null, ""projection_lo_2080"": null, ""projection_hi_2080"": null, ""growth_classification"": ""stable"", ""urban_expansion_pressure"": null, ""median_age_2050"": 48.5, ""old_age_dependency_2050"": null, ""net_migration_rate_projected"": null, ""projection_source"": ""europop2023"", ""projection_variant"": ""baseline"", ""spatial_level"": ""national""}}",SSE,0.7,463.84,medium,ERA5 atmospheric dispersion (ref 1991-2020) | prevailing_wind=SSE(158deg) | mean_speed=0.7m/s | mean_BLH=464m | p5_BLH=233m | stable_frac=0.542 | stability=[A=0.0% B=0.0% C=45.8% D=0.0% E=54.2% F=0.0%] | wind_rose_dominant=SSE | source=copernicus_era5,,,,sedimentary sands,,medium,,2026-04-20 21:28:48.594843+00:00,audit_postlogging_20260421,api,merge_phase2_20260421
RO,Bacau CHP power station,dac2a974-a2de-46c5-b581-03985a9ae7d0,1130.76,262.91,141.91,76.56,88801,211420,278607,1539223,ghsl_pop_100m_r2023a,"5 km: 88,801 pop, 1131 p/km²; 16 km: 211,420 pop, 263 p/km²; 25 km: 278,607 pop, 142 p/km²; 80 km: 1,539,223 pop, 77 p/km²; Epoch: 2020; Source: GHS-POP R2023A 100 m (Mollweide)",3.83,Bacău,197155.0,gisco_urau_2021,"Nearest city >50k: Bacău (197,155 pop) at 3.8 km; Cities >50k within 25 km: 1; Cities >50k within 80 km: 2; Settlement hierarchy: suburban; Source: Eurostat GISCO Urban Audit 2021 + urb_cpop1",-0.225,215055,ghsl_pop_100m_r2023a,"{""ghsl_note"": ""CAGR 2020\u21922030 from GHS-POP R2023A multi-epoch data"", ""s17_eurostat_supplement"": {""base_population"": null, ""base_year"": 2022, ""projected_pop_2030"": 18218553, ""projected_pop_2040"": 17232578, ""projected_pop_2050"": 16439020, ""projected_pop_2060"": 15689153, ""projected_pop_2080"": 14681481, ""pop_change_pct_2050"": null, ""pop_change_pct_2080"": null, ""receptor_growth_factor_60yr"": null, ""projection_lo_2050"": null, ""projection_hi_2050"": null, ""projection_lo_2080"": null, ""projection_hi_2080"": null, ""growth_classification"": ""stable"", ""urban_expansion_pressure"": null, ""median_age_2050"": 48.5, ""old_age_dependency_2050"": null, ""net_migration_rate_projected"": null, ""projection_source"": ""europop2023"", ""projection_variant"": ""baseline"", ""spatial_level"": ""national""}}",NW,0.8,499.87,medium,ERA5 atmospheric dispersion (ref 1991-2020) | prevailing_wind=NW(315deg) | mean_speed=0.8m/s | mean_BLH=500m | p5_BLH=264m | stable_frac=0.467 | stability=[A=0.0% B=0.3% C=53.1% D=0.0% E=46.7% F=0.0%] | wind_rose_dominant=NW | source=copernicus_era5,,,,low permeability,,medium,,2026-04-20 21:28:48.605789+00:00,audit_postlogging_20260421,api,merge_phase2_20260421
RO,Braila power station,29836b52-a882-4921-95a7-6417e636d9a2,118.36,237.74,120.95,67.83,9295,191184,237457,1363554,ghsl_pop_100m_r2023a,"5 km: 9,295 pop, 118 p/km²; 16 km: 191,184 pop, 238 p/km²; 25 km: 237,457 pop, 121 p/km²; 80 km: 1,363,554 pop, 68 p/km²; Epoch: 2020; Source: GHS-POP R2023A 100 m (Mollweide)",12.69,Brăila,202740.0,gisco_urau_2021,"Nearest city >50k: Brăila (202,740 pop) at 12.7 km; Cities >50k within 25 km: 1; Cities >50k within 80 km: 3; Settlement hierarchy: suburban; Source: Eurostat GISCO Urban Audit 2021 + urb_cpop1",-0.233,183292,ghsl_pop_100m_r2023a,"{""ghsl_note"": ""CAGR 2020\u21922030 from GHS-POP R2023A multi-epoch data"", ""s17_eurostat_supplement"": {""base_population"": null, ""base_year"": 2022, ""projected_pop_2030"": 18218553, ""projected_pop_2040"": 17232578, ""projected_pop_2050"": 16439020, ""projected_pop_2060"": 15689153, ""projected_pop_2080"": 14681481, ""pop_change_pct_2050"": null, ""pop_change_pct_2080"": null, ""receptor_growth_factor_60yr"": null, ""projection_lo_2050"": null, ""projection_hi_2050"": null, ""projection_lo_2080"": null, ""projection_hi_2080"": null, ""growth_classification"": ""stable"", ""urban_expansion_pressure"": null, ""median_age_2050"": 48.5, ""old_age_dependency_2050"": null, ""net_migration_rate_projected"": null, ""projection_source"": ""europop2023"", ""projection_variant"": ""baseline"", ""spatial_level"": ""national""}}",N,0.91,543.53,medium,ERA5 atmospheric dispersion (ref 1991-2020) | prevailing_wind=N(0deg) | mean_speed=0.9m/s | mean_BLH=544m | p5_BLH=314m | stable_frac=0.422 | stability=[A=0.0% B=0.3% C=57.5% D=0.0% E=42.2% F=0.0%] | wind_rose_dominant=N | source=copernicus_era5,,,,inland water,,medium,,2026-04-20 21:28:48.618265+00:00,audit_postlogging_20260421,api,merge_phase2_20260421
RO,Braila power station,323cdbf0-c4a8-467a-af76-e2e3df0b537f,118.36,237.74,120.95,67.83,9295,191184,237457,1363554,ghsl_pop_100m_r2023a,"5 km: 9,295 pop, 118 p/km²; 16 km: 191,184 pop, 238 p/km²; 25 km: 237,457 pop, 121 p/km²; 80 km: 1,363,554 pop, 68 p/km²; Epoch: 2020; Source: GHS-POP R2023A 100 m (Mollweide)",12.69,Brăila,202740.0,gisco_urau_2021,"Nearest city >50k: Brăila (202,740 pop) at 12.7 km; Cities >50k within 25 km: 1; Cities >50k within 80 km: 3; Settlement hierarchy: suburban; Source: Eurostat GISCO Urban Audit 2021 + urb_cpop1",-0.233,183292,ghsl_pop_100m_r2023a,"{""ghsl_note"": ""CAGR 2020\u21922030 from GHS-POP R2023A multi-epoch data"", ""s17_eurostat_supplement"": {""base_population"": null, ""base_year"": 2022, ""projected_pop_2030"": 18218553, ""projected_pop_2040"": 17232578, ""projected_pop_2050"": 16439020, ""projected_pop_2060"": 15689153, ""projected_pop_2080"": 14681481, ""pop_change_pct_2050"": null, ""pop_change_pct_2080"": null, ""receptor_growth_factor_60yr"": null, ""projection_lo_2050"": null, ""projection_hi_2050"": null, ""projection_lo_2080"": null, ""projection_hi_2080"": null, ""growth_classification"": ""stable"", ""urban_expansion_pressure"": null, ""median_age_2050"": 48.5, ""old_age_dependency_2050"": null, ""net_migration_rate_projected"": null, ""projection_source"": ""europop2023"", ""projection_variant"": ""baseline"", ""spatial_level"": ""national""}}",N,0.91,543.53,medium,ERA5 atmospheric dispersion (ref 1991-2020) | prevailing_wind=N(0deg) | mean_speed=0.9m/s | mean_BLH=544m | p5_BLH=314m | stable_frac=0.422 | stability=[A=0.0% B=0.3% C=57.5% D=0.0% E=42.2% F=0.0%] | wind_rose_dominant=N | source=copernicus_era5,,,,inland water,,medium,,2026-04-20 21:28:48.631138+00:00,audit_postlogging_20260421,api,merge_phase2_20260421
RO,Brăila-Chișcani Thermal Power Plant,f1f65cf9-996c-4922-97bd-76e38c032331,2209.08,252.2,245.58,75.98,173483,202808,482150,1527443,ghsl_pop_100m_r2023a,"5 km: 173,483 pop, 2209 p/km²; 16 km: 202,808 pop, 252 p/km²; 25 km: 482,150 pop, 246 p/km²; 80 km: 1,527,443 pop, 76 p/km²; Epoch: 2020; Source: GHS-POP R2023A 100 m (Mollweide)",2.39,Brăila,202740.0,gisco_urau_2021,"Nearest city >50k: Brăila (202,740 pop) at 2.4 km; Cities >50k within 25 km: 1; Cities >50k within 80 km: 4; Settlement hierarchy: urban_core; Source: Eurostat GISCO Urban Audit 2021 + urb_cpop1",-0.063,372160,ghsl_pop_100m_r2023a,"{""ghsl_note"": ""CAGR 2020\u21922030 from GHS-POP R2023A multi-epoch data"", ""s17_eurostat_supplement"": {""base_population"": null, ""base_year"": 2022, ""projected_pop_2030"": 18218553, ""projected_pop_2040"": 17232578, ""projected_pop_2050"": 16439020, ""projected_pop_2060"": 15689153, ""projected_pop_2080"": 14681481, ""pop_change_pct_2050"": null, ""pop_change_pct_2080"": null, ""receptor_growth_factor_60yr"": null, ""projection_lo_2050"": null, ""projection_hi_2050"": null, ""projection_lo_2080"": null, ""projection_hi_2080"": null, ""growth_classification"": ""stable"", ""urban_expansion_pressure"": null, ""median_age_2050"": 48.5, ""old_age_dependency_2050"": null, ""net_migration_rate_projected"": null, ""projection_source"": ""europop2023"", ""projection_variant"": ""baseline"", ""spatial_level"": ""national""}}",N,0.91,543.53,medium,ERA5 atmospheric dispersion (ref 1991-2020) | prevailing_wind=N(0deg) | mean_speed=0.9m/s | mean_BLH=544m | p5_BLH=314m | stable_frac=0.422 | stability=[A=0.0% B=0.3% C=57.5% D=0.0% E=42.2% F=0.0%] | wind_rose_dominant=N | source=copernicus_era5,,,,alluvial,,medium,,2026-04-20 21:28:48.643580+00:00,audit_postlogging_20260421,api,merge_phase2_20260421
RO,Brasov power station,729f8d17-57c0-4d9a-adab-4b612d4abde5,2526.27,430.39,231.59,74.65,198393,346103,454685,1500668,ghsl_pop_100m_r2023a,"5 km: 198,393 pop, 2526 p/km²; 16 km: 346,103 pop, 430 p/km²; 25 km: 454,685 pop, 232 p/km²; 80 km: 1,500,668 pop, 75 p/km²; Epoch: 2020; Source: GHS-POP R2023A 100 m (Mollweide)",6.16,Brașov,289360.0,gisco_urau_2021,"Nearest city >50k: Brașov (289,360 pop) at 6.2 km; Cities >50k within 25 km: 1; Cities >50k within 80 km: 1; Settlement hierarchy: suburban; Source: Eurostat GISCO Urban Audit 2021 + urb_cpop1",0.047,350959,ghsl_pop_100m_r2023a,"{""ghsl_note"": ""CAGR 2020\u21922030 from GHS-POP R2023A multi-epoch data"", ""s17_eurostat_supplement"": {""base_population"": null, ""base_year"": 2022, ""projected_pop_2030"": 18218553, ""projected_pop_2040"": 17232578, ""projected_pop_2050"": 16439020, ""projected_pop_2060"": 15689153, ""projected_pop_2080"": 14681481, ""pop_change_pct_2050"": null, ""pop_change_pct_2080"": null, ""receptor_growth_factor_60yr"": null, ""projection_lo_2050"": null, ""projection_hi_2050"": null, ""projection_lo_2080"": null, ""projection_hi_2080"": null, ""growth_classification"": ""stable"", ""urban_expansion_pressure"": null, ""median_age_2050"": 48.5, ""old_age_dependency_2050"": null, ""net_migration_rate_projected"": null, ""projection_source"": ""europop2023"", ""projection_variant"": ""baseline"", ""spatial_level"": ""national""}}",W,0.63,406.79,medium,ERA5 atmospheric dispersion (ref 1991-2020) | prevailing_wind=W(270deg) | mean_speed=0.6m/s | mean_BLH=407m | p5_BLH=210m | stable_frac=0.761 | stability=[A=0.0% B=0.0% C=23.9% D=0.0% E=76.1% F=0.0%] | wind_rose_dominant=W | source=copernicus_era5,,,,sedimentary sands,,medium,,2026-04-20 21:28:48.654491+00:00,audit_postlogging_20260421,api,merge_phase2_20260421
RO,Bucharest North East power station,3bef37a3-239e-498d-a160-77452a6a9b79,12916.16,2686.39,1187.74,202.78,1014331,2160307,2331888,4076626,ghsl_pop_100m_r2023a,"5 km: 1,014,331 pop, 12916 p/km²; 16 km: 2,160,307 pop, 2686 p/km²; 25 km: 2,331,888 pop, 1188 p/km²; 80 km: 4,076,626 pop, 203 p/km²; Epoch: 2020; Source: GHS-POP R2023A 100 m (Mollweide)",1.6,București,2131034.0,gisco_urau_2021,"Nearest city >50k: București (2,131,034 pop) at 1.6 km; Cities >50k within 25 km: 1; Cities >50k within 80 km: 4; Settlement hierarchy: urban_core; Source: Eurostat GISCO Urban Audit 2021 + urb_cpop1",0.165,1799942,ghsl_pop_100m_r2023a,"{""ghsl_note"": ""CAGR 2020\u21922030 from GHS-POP R2023A multi-epoch data"", ""s17_eurostat_supplement"": {""base_population"": null, ""base_year"": 2022, ""projected_pop_2030"": 18218553, ""projected_pop_2040"": 17232578, ""projected_pop_2050"": 16439020, ""projected_pop_2060"": 15689153, ""projected_pop_2080"": 14681481, ""pop_change_pct_2050"": null, ""pop_change_pct_2080"": null, ""receptor_growth_factor_60yr"": null, ""projection_lo_2050"": null, ""projection_hi_2050"": null, ""projection_lo_2080"": null, ""projection_hi_2080"": null, ""growth_classification"": ""stable"", ""urban_expansion_pressure"": null, ""median_age_2050"": 48.5, ""old_age_dependency_2050"": null, ""net_migration_rate_projected"": null, ""projection_source"": ""europop2023"", ""projection_variant"": ""baseline"", ""spatial_level"": ""national""}}",NE,0.89,447.08,medium,ERA5 atmospheric dispersion (ref 1991-2020) | prevailing_wind=NE(45deg) | mean_speed=0.9m/s | mean_BLH=447m | p5_BLH=209m | stable_frac=0.569 | stability=[A=0.0% B=0.0% C=43.1% D=0.0% E=56.9% F=0.0%] | wind_rose_dominant=NE | source=copernicus_era5,,,,alluvial,,medium,,2026-04-20 21:28:48.667368+00:00,audit_postlogging_20260421,api,merge_phase2_20260421
RO,Craiova II power station,a4fa3246-27d6-4740-898c-bdf9dadcb88c,3083.45,396.78,193.96,68.81,242149,319077,380794,1383404,ghsl_pop_100m_r2023a,"5 km: 242,149 pop, 3083 p/km²; 16 km: 319,077 pop, 397 p/km²; 25 km: 380,794 pop, 194 p/km²; 80 km: 1,383,404 pop, 69 p/km²; Epoch: 2020; Source: GHS-POP R2023A 100 m (Mollweide)",2.71,Craiova,301269.0,gisco_urau_2021,"Nearest city >50k: Craiova (301,269 pop) at 2.7 km; Cities >50k within 25 km: 1; Cities >50k within 80 km: 2; Settlement hierarchy: urban_core; Source: Eurostat GISCO Urban Audit 2021 + urb_cpop1",-0.017,293934,ghsl_pop_100m_r2023a,"{""ghsl_note"": ""CAGR 2020\u21922030 from GHS-POP R2023A multi-epoch data"", ""s17_eurostat_supplement"": {""base_population"": null, ""base_year"": 2022, ""projected_pop_2030"": 18218553, ""projected_pop_2040"": 17232578, ""projected_pop_2050"": 16439020, ""projected_pop_2060"": 15689153, ""projected_pop_2080"": 14681481, ""pop_change_pct_2050"": null, ""pop_change_pct_2080"": null, ""receptor_growth_factor_60yr"": null, ""projection_lo_2050"": null, ""projection_hi_2050"": null, ""projection_lo_2080"": null, ""projection_hi_2080"": null, ""growth_classification"": ""stable"", ""urban_expansion_pressure"": null, ""median_age_2050"": 48.5, ""old_age_dependency_2050"": null, ""net_migration_rate_projected"": null, ""projection_source"": ""europop2023"", ""projection_variant"": ""baseline"", ""spatial_level"": ""national""}}",W,0.91,505.92,medium,ERA5 atmospheric dispersion (ref 1991-2020) | prevailing_wind=W(270deg) | mean_speed=0.9m/s | mean_BLH=506m | p5_BLH=225m | stable_frac=0.497 | stability=[A=0.0% B=0.6% C=49.7% D=0.0% E=49.7% F=0.0%] | wind_rose_dominant=W | source=copernicus_era5,,,,alluvial,,medium,,2026-04-20 21:28:48.682927+00:00,audit_postlogging_20260421,api,merge_phase2_20260421
RO,Doicesti power station,aff5ffe6-fe7a-4de7-afad-9d4645a64cd9,278.92,227.97,150.99,136.49,21904,183328,296429,2743898,ghsl_pop_100m_r2023a,"5 km: 21,904 pop, 279 p/km²; 16 km: 183,328 pop, 228 p/km²; 25 km: 296,429 pop, 151 p/km²; 80 km: 2,743,898 pop, 136 p/km²; Epoch: 2020; Source: GHS-POP R2023A 100 m (Mollweide)",9.81,Târgoviște,91884.0,gisco_urau_2021,"Nearest city >50k: Târgoviște (91,884 pop) at 9.8 km; Cities >50k within 25 km: 1; Cities >50k within 80 km: 4; Settlement hierarchy: periurban; Source: Eurostat GISCO Urban Audit 2021 + urb_cpop1",-0.35,228815,ghsl_pop_100m_r2023a,"{""ghsl_note"": ""CAGR 2020\u21922030 from GHS-POP R2023A multi-epoch data"", ""s17_eurostat_supplement"": {""base_population"": null, ""base_year"": 2022, ""projected_pop_2030"": 18218553, ""projected_pop_2040"": 17232578, ""projected_pop_2050"": 16439020, ""projected_pop_2060"": 15689153, ""projected_pop_2080"": 14681481, ""pop_change_pct_2050"": null, ""pop_change_pct_2080"": null, ""receptor_growth_factor_60yr"": null, ""projection_lo_2050"": null, ""projection_hi_2050"": null, ""projection_lo_2080"": null, ""projection_hi_2080"": null, ""growth_classification"": ""stable"", ""urban_expansion_pressure"": null, ""median_age_2050"": 48.5, ""old_age_dependency_2050"": null, ""net_migration_rate_projected"": null, ""projection_source"": ""europop2023"", ""projection_variant"": ""baseline"", ""spatial_level"": ""national""}}",N,0.77,356.55,medium,ERA5 atmospheric dispersion (ref 1991-2020) | prevailing_wind=N(0deg) | mean_speed=0.8m/s | mean_BLH=357m | p5_BLH=176m | stable_frac=0.919 | stability=[A=0.0% B=0.0% C=8.1% D=0.0% E=91.9% F=0.0%] | wind_rose_dominant=N | source=copernicus_era5,,,,alluvial,,medium,,2026-04-20 21:28:48.696326+00:00,audit_postlogging_20260421,api,merge_phase2_20260421
RO,FPCU Feldioara,18ecb024-ee4f-4045-8254-5e95d61dea8c,131.42,284.68,239.03,67.06,10321,228931,469290,1348167,ghsl_pop_100m_r2023a,"5 km: 10,321 pop, 131 p/km²; 16 km: 228,931 pop, 285 p/km²; 25 km: 469,290 pop, 239 p/km²; 80 km: 1,348,167 pop, 67 p/km²; Epoch: 2020; Source: GHS-POP R2023A 100 m (Mollweide)",18.26,Brașov,289360.0,gisco_urau_2021,"Nearest city >50k: Brașov (289,360 pop) at 18.3 km; Cities >50k within 25 km: 1; Cities >50k within 80 km: 1; Settlement hierarchy: periurban; Source: Eurostat GISCO Urban Audit 2021 + urb_cpop1",0.033,362234,ghsl_pop_100m_r2023a,"{""ghsl_note"": ""CAGR 2020\u21922030 from GHS-POP R2023A multi-epoch data"", ""s17_eurostat_supplement"": {""base_population"": null, ""base_year"": 2022, ""projected_pop_2030"": 18218553, ""projected_pop_2040"": 17232578, ""projected_pop_2050"": 16439020, ""projected_pop_2060"": 15689153, ""projected_pop_2080"": 14681481, ""pop_change_pct_2050"": null, ""pop_change_pct_2080"": null, ""receptor_growth_factor_60yr"": null, ""projection_lo_2050"": null, ""projection_hi_2050"": null, ""projection_lo_2080"": null, ""projection_hi_2080"": null, ""growth_classification"": ""stable"", ""urban_expansion_pressure"": null, ""median_age_2050"": 48.5, ""old_age_dependency_2050"": null, ""net_migration_rate_projected"": null, ""projection_source"": ""europop2023"", ""projection_variant"": ""baseline"", ""spatial_level"": ""national""}}",W,0.62,401.55,medium,ERA5 atmospheric dispersion (ref 1991-2020) | prevailing_wind=W(270deg) | mean_speed=0.6m/s | mean_BLH=402m | p5_BLH=200m | stable_frac=0.772 | stability=[A=0.0% B=0.0% C=22.8% D=0.0% E=77.2% F=0.0%] | wind_rose_dominant=W | source=copernicus_era5,,,,sedimentary carbonates,,medium,,2026-04-20 21:28:48.708229+00:00,audit_postlogging_20260421,api,merge_phase2_20260421
RO,Galati Power Station,8781d874-5923-4795-9c9f-b2a6c709025a,2670.38,387.24,265.18,77.53,209710,311403,520621,1558669,ghsl_pop_100m_r2023a,"5 km: 209,710 pop, 2670 p/km²; 16 km: 311,403 pop, 387 p/km²; 25 km: 520,621 pop, 265 p/km²; 80 km: 1,558,669 pop, 78 p/km²; Epoch: 2020; Source: GHS-POP R2023A 100 m (Mollweide)",7.73,Galați,304050.0,gisco_urau_2021,"Nearest city >50k: Galați (304,050 pop) at 7.7 km; Cities >50k within 25 km: 2; Cities >50k within 80 km: 4; Settlement hierarchy: suburban; Source: Eurostat GISCO Urban Audit 2021 + urb_cpop1",-0.017,401863,ghsl_pop_100m_r2023a,"{""ghsl_note"": ""CAGR 2020\u21922030 from GHS-POP R2023A multi-epoch data"", ""s17_eurostat_supplement"": {""base_population"": null, ""base_year"": 2022, ""projected_pop_2030"": 18218553, ""projected_pop_2040"": 17232578, ""projected_pop_2050"": 16439020, ""projected_pop_2060"": 15689153, ""projected_pop_2080"": 14681481, ""pop_change_pct_2050"": null, ""pop_change_pct_2080"": null, ""receptor_growth_factor_60yr"": null, ""projection_lo_2050"": null, ""projection_hi_2050"": null, ""projection_lo_2080"": null, ""projection_hi_2080"": null, ""growth_classification"": ""stable"", ""urban_expansion_pressure"": null, ""median_age_2050"": 48.5, ""old_age_dependency_2050"": null, ""net_migration_rate_projected"": null, ""projection_source"": ""europop2023"", ""projection_variant"": ""baseline"", ""spatial_level"": ""national""}}",N,0.93,550.37,medium,ERA5 atmospheric dispersion (ref 1991-2020) | prevailing_wind=N(0deg) | mean_speed=0.9m/s | mean_BLH=550m | p5_BLH=315m | stable_frac=0.417 | stability=[A=0.0% B=0.3% C=58.1% D=0.0% E=41.7% F=0.0%] | wind_rose_dominant=N | source=copernicus_era5,,,,alluvial,,medium,,2026-04-20 21:28:48.722393+00:00,audit_postlogging_20260421,api,merge_phase2_20260421
RO,Giurgiu power station,6aed2eac-1c97-40c5-b842-fb15fd510f35,1249.59,271.77,130.42,167.03,98133,218546,256062,3358014,ghsl_pop_100m_r2023a,"5 km: 98,133 pop, 1250 p/km²; 16 km: 218,546 pop, 272 p/km²; 25 km: 256,062 pop, 130 p/km²; 80 km: 3,358,014 pop, 167 p/km²; Epoch: 2020; Source: GHS-POP R2023A 100 m (Mollweide)",16.47,Ruse,133813.0,gisco_urau_2021,"Nearest city >50k: Ruse (133,813 pop) at 16.5 km; Cities >50k within 25 km: 1; Cities >50k within 80 km: 2; Settlement hierarchy: periurban; Source: Eurostat GISCO Urban Audit 2021 + urb_cpop1",-1.092,197643,ghsl_pop_100m_r2023a,"{""ghsl_note"": ""CAGR 2020\u21922030 from GHS-POP R2023A multi-epoch data"", ""s17_eurostat_supplement"": {""base_population"": null, ""base_year"": 2022, ""projected_pop_2030"": 18218553, ""projected_pop_2040"": 17232578, ""projected_pop_2050"": 16439020, ""projected_pop_2060"": 15689153, ""projected_pop_2080"": 14681481, ""pop_change_pct_2050"": null, ""pop_change_pct_2080"": null, ""receptor_growth_factor_60yr"": null, ""projection_lo_2050"": null, ""projection_hi_2050"": null, ""projection_lo_2080"": null, ""projection_hi_2080"": null, ""growth_classification"": ""stable"", ""urban_expansion_pressure"": null, ""median_age_2050"": 48.5, ""old_age_dependency_2050"": null, ""net_migration_rate_projected"": null, ""projection_source"": ""europop2023"", ""projection_variant"": ""baseline"", ""spatial_level"": ""national""}}",NE,0.81,472.58,medium,ERA5 atmospheric dispersion (ref 1991-2020) | prevailing_wind=NE(45deg) | mean_speed=0.8m/s | mean_BLH=473m | p5_BLH=235m | stable_frac=0.528 | stability=[A=0.0% B=0.0% C=47.2% D=0.0% E=52.8% F=0.0%] | wind_rose_dominant=NE | source=copernicus_era5,,,,karsts and chalkstones,,medium,,2026-04-20 21:28:48.734804+00:00,audit_postlogging_20260421,api,merge_phase2_20260421
RO,Govora power station,825dc024-9a53-4237-bf59-cbe0af0cf87d,293.24,194.13,113.47,68.9,23029,156112,222770,1385147,ghsl_pop_100m_r2023a,"5 km: 23,029 pop, 293 p/km²; 16 km: 156,112 pop, 194 p/km²; 25 km: 222,770 pop, 113 p/km²; 80 km: 1,385,147 pop, 69 p/km²; Epoch: 2020; Source: GHS-POP R2023A 100 m (Mollweide)",7.55,Râmnicu Vâlcea,117776.0,gisco_urau_2021,"Nearest city >50k: Râmnicu Vâlcea (117,776 pop) at 7.6 km; Cities >50k within 25 km: 1; Cities >50k within 80 km: 4; Settlement hierarchy: suburban; Source: Eurostat GISCO Urban Audit 2021 + urb_cpop1",-0.639,171956,ghsl_pop_100m_r2023a,"{""ghsl_note"": ""CAGR 2020\u21922030 from GHS-POP R2023A multi-epoch data"", ""s17_eurostat_supplement"": {""base_population"": null, ""base_year"": 2022, ""projected_pop_2030"": 18218553, ""projected_pop_2040"": 17232578, ""projected_pop_2050"": 16439020, ""projected_pop_2060"": 15689153, ""projected_pop_2080"": 14681481, ""pop_change_pct_2050"": null, ""pop_change_pct_2080"": null, ""receptor_growth_factor_60yr"": null, ""projection_lo_2050"": null, ""projection_hi_2050"": null, ""projection_lo_2080"": null, ""projection_hi_2080"": null, ""growth_classification"": ""stable"", ""urban_expansion_pressure"": null, ""median_age_2050"": 48.5, ""old_age_dependency_2050"": null, ""net_migration_rate_projected"": null, ""projection_source"": ""europop2023"", ""projection_variant"": ""baseline"", ""spatial_level"": ""national""}}",N,0.55,376.38,medium,ERA5 atmospheric dispersion (ref 1991-2020) | prevailing_wind=N(0deg) | mean_speed=0.6m/s | mean_BLH=376m | p5_BLH=164m | stable_frac=0.825 | stability=[A=0.0% B=0.0% C=17.5% D=0.0% E=82.5% F=0.0%] | wind_rose_dominant=N | source=copernicus_era5,,,,alluvial,,medium,,2026-04-20 21:28:48.747990+00:00,audit_postlogging_20260421,api,merge_phase2_20260421
RO,Iasi-2 power station,1d8be6d0-f3a5-4b32-9d46-3526289731f8,363.57,509.35,249.63,95.18,28552,409605,490103,1913577,ghsl_pop_100m_r2023a,"5 km: 28,552 pop, 364 p/km²; 16 km: 409,605 pop, 509 p/km²; 25 km: 490,103 pop, 250 p/km²; 80 km: 1,913,577 pop, 95 p/km²; Epoch: 2020; Source: GHS-POP R2023A 100 m (Mollweide)",10.57,Iași (greater city),378954.0,gisco_urau_2021,"Nearest city >50k: Iași (greater city) (378,954 pop) at 10.6 km; Cities >50k within 25 km: 1; Cities >50k within 80 km: 1; Settlement hierarchy: suburban; Source: Eurostat GISCO Urban Audit 2021 + urb_cpop1",0.166,378298,ghsl_pop_100m_r2023a,"{""ghsl_note"": ""CAGR 2020\u21922030 from GHS-POP R2023A multi-epoch data"", ""s17_eurostat_supplement"": {""base_population"": null, ""base_year"": 2022, ""projected_pop_2030"": 18218553, ""projected_pop_2040"": 17232578, ""projected_pop_2050"": 16439020, ""projected_pop_2060"": 15689153, ""projected_pop_2080"": 14681481, ""pop_change_pct_2050"": null, ""pop_change_pct_2080"": null, ""receptor_growth_factor_60yr"": null, ""projection_lo_2050"": null, ""projection_hi_2050"": null, ""projection_lo_2080"": null, ""projection_hi_2080"": null, ""growth_classification"": ""stable"", ""urban_expansion_pressure"": null, ""median_age_2050"": 48.5, ""old_age_dependency_2050"": null, ""net_migration_rate_projected"": null, ""projection_source"": ""europop2023"", ""projection_variant"": ""baseline"", ""spatial_level"": ""national""}}",NW,0.86,548.38,medium,ERA5 atmospheric dispersion (ref 1991-2020) | prevailing_wind=NW(315deg) | mean_speed=0.9m/s | mean_BLH=548m | p5_BLH=319m | stable_frac=0.417 | stability=[A=0.0% B=0.6% C=57.8% D=0.0% E=41.7% F=0.0%] | wind_rose_dominant=NW | source=copernicus_era5,,,,low permeability,,medium,,2026-04-20 21:28:48.763283+00:00,audit_postlogging_20260421,api,merge_phase2_20260421
RO,Isalnita power station,e073b3f8-4312-4d34-b322-6289a3121af1,121.92,389.37,189.09,72.52,9575,313116,371242,1458011,ghsl_pop_100m_r2023a,"5 km: 9,575 pop, 122 p/km²; 16 km: 313,116 pop, 389 p/km²; 25 km: 371,242 pop, 189 p/km²; 80 km: 1,458,011 pop, 73 p/km²; Epoch: 2020; Source: GHS-POP R2023A 100 m (Mollweide)",8.92,Craiova,301269.0,gisco_urau_2021,"Nearest city >50k: Craiova (301,269 pop) at 8.9 km; Cities >50k within 25 km: 1; Cities >50k within 80 km: 2; Settlement hierarchy: suburban; Source: Eurostat GISCO Urban Audit 2021 + urb_cpop1",-0.006,286553,ghsl_pop_100m_r2023a,"{""ghsl_note"": ""CAGR 2020\u21922030 from GHS-POP R2023A multi-epoch data"", ""s17_eurostat_supplement"": {""base_population"": null, ""base_year"": 2022, ""projected_pop_2030"": 18218553, ""projected_pop_2040"": 17232578, ""projected_pop_2050"": 16439020, ""projected_pop_2060"": 15689153, ""projected_pop_2080"": 14681481, ""pop_change_pct_2050"": null, ""pop_change_pct_2080"": null, ""receptor_growth_factor_60yr"": null, ""projection_lo_2050"": null, ""projection_hi_2050"": null, ""projection_lo_2080"": null, ""projection_hi_2080"": null, ""growth_classification"": ""stable"", ""urban_expansion_pressure"": null, ""median_age_2050"": 48.5, ""old_age_dependency_2050"": null, ""net_migration_rate_projected"": null, ""projection_source"": ""europop2023"", ""projection_variant"": ""baseline"", ""spatial_level"": ""national""}}",NE,0.83,466.68,medium,ERA5 atmospheric dispersion (ref 1991-2020) | prevailing_wind=NE(45deg) | mean_speed=0.8m/s | mean_BLH=467m | p5_BLH=208m | stable_frac=0.514 | stability=[A=0.0% B=0.3% C=48.3% D=0.0% E=51.4% F=0.0%] | wind_rose_dominant=NE | source=copernicus_era5,,,,alluvial,,medium,,2026-04-20 21:28:48.778912+00:00,audit_postlogging_20260421,api,merge_phase2_20260421
RO,Mintia-Deva power station,52a7babe-313f-493b-86b9-bd0c4aece4c3,52.65,104.82,87.09,42.13,4135,84290,170985,846879,ghsl_pop_100m_r2023a,"5 km: 4,135 pop, 53 p/km²; 16 km: 84,290 pop, 105 p/km²; 25 km: 170,985 pop, 87 p/km²; 80 km: 846,879 pop, 42 p/km²; Epoch: 2020; Source: GHS-POP R2023A 100 m (Mollweide)",,,,gisco_urau_2021,No city >50k within search radius; Cities >50k within 25 km: 0; Cities >50k within 80 km: 0; Settlement hierarchy: rural; Source: Eurostat GISCO Urban Audit 2021 + urb_cpop1,-0.915,131979,ghsl_pop_100m_r2023a,"{""ghsl_note"": ""CAGR 2020\u21922030 from GHS-POP R2023A multi-epoch data"", ""s17_eurostat_supplement"": {""base_population"": null, ""base_year"": 2022, ""projected_pop_2030"": 18218553, ""projected_pop_2040"": 17232578, ""projected_pop_2050"": 16439020, ""projected_pop_2060"": 15689153, ""projected_pop_2080"": 14681481, ""pop_change_pct_2050"": null, ""pop_change_pct_2080"": null, ""receptor_growth_factor_60yr"": null, ""projection_lo_2050"": null, ""projection_hi_2050"": null, ""projection_lo_2080"": null, ""projection_hi_2080"": null, ""growth_classification"": ""stable"", ""urban_expansion_pressure"": null, ""median_age_2050"": 48.5, ""old_age_dependency_2050"": null, ""net_migration_rate_projected"": null, ""projection_source"": ""europop2023"", ""projection_variant"": ""baseline"", ""spatial_level"": ""national""}}",W,0.46,381.72,medium,ERA5 atmospheric dispersion (ref 1991-2020) | prevailing_wind=W(270deg) | mean_speed=0.5m/s | mean_BLH=382m | p5_BLH=189m | stable_frac=0.833 | stability=[A=0.0% B=0.0% C=16.7% D=0.0% E=83.3% F=0.0%] | wind_rose_dominant=W | source=copernicus_era5,,,,hard rocks,,medium,,2026-04-20 21:28:48.793964+00:00,audit_postlogging_20260421,api,merge_phase2_20260421
RO,Oradea power station,6c428b2a-ad09-448b-b24c-22465929d69c,1737.87,307.07,153.74,75.16,136478,246932,301841,1511004,ghsl_pop_100m_r2023a,"5 km: 136,478 pop, 1738 p/km²; 16 km: 246,932 pop, 307 p/km²; 25 km: 301,841 pop, 154 p/km²; 80 km: 1,511,004 pop, 75 p/km²; Epoch: 2020; Source: GHS-POP R2023A 100 m (Mollweide)",2.87,Oradea,221407.0,gisco_urau_2021,"Nearest city >50k: Oradea (221,407 pop) at 2.9 km; Cities >50k within 25 km: 1; Cities >50k within 80 km: 2; Settlement hierarchy: urban_core; Source: Eurostat GISCO Urban Audit 2021 + urb_cpop1",0.157,232983,ghsl_pop_100m_r2023a,"{""ghsl_note"": ""CAGR 2020\u21922030 from GHS-POP R2023A multi-epoch data"", ""s17_eurostat_supplement"": {""base_population"": null, ""base_year"": 2022, ""projected_pop_2030"": 18218553, ""projected_pop_2040"": 17232578, ""projected_pop_2050"": 16439020, ""projected_pop_2060"": 15689153, ""projected_pop_2080"": 14681481, ""pop_change_pct_2050"": null, ""pop_change_pct_2080"": null, ""receptor_growth_factor_60yr"": null, ""projection_lo_2050"": null, ""projection_hi_2050"": null, ""projection_lo_2080"": null, ""projection_hi_2080"": null, ""growth_classification"": ""stable"", ""urban_expansion_pressure"": null, ""median_age_2050"": 48.5, ""old_age_dependency_2050"": null, ""net_migration_rate_projected"": null, ""projection_source"": ""europop2023"", ""projection_variant"": ""baseline"", ""spatial_level"": ""national""}}",S,0.72,445.51,medium,ERA5 atmospheric dispersion (ref 1991-2020) | prevailing_wind=S(180deg) | mean_speed=0.7m/s | mean_BLH=446m | p5_BLH=215m | stable_frac=0.608 | stability=[A=0.0% B=0.0% C=39.2% D=0.0% E=60.8% F=0.0%] | wind_rose_dominant=S | source=copernicus_era5,,,,alluvial,,medium,,2026-04-20 21:28:48.807227+00:00,audit_postlogging_20260421,api,merge_phase2_20260421
RO,Paroseni power station,9825e28e-fd6e-460d-9caf-0342563f9060,433.37,137.81,65.48,46.9,34033,110825,128562,942812,ghsl_pop_100m_r2023a,"5 km: 34,033 pop, 433 p/km²; 16 km: 110,825 pop, 138 p/km²; 25 km: 128,562 pop, 65 p/km²; 80 km: 942,812 pop, 47 p/km²; Epoch: 2020; Source: GHS-POP R2023A 100 m (Mollweide)",35.79,Târgu Jiu,95351.0,gisco_urau_2021,"Nearest city >50k: Târgu Jiu (95,351 pop) at 35.8 km; Cities >50k within 25 km: 0; Cities >50k within 80 km: 1; Settlement hierarchy: rural; Source: Eurostat GISCO Urban Audit 2021 + urb_cpop1",-0.304,99231,ghsl_pop_100m_r2023a,"{""ghsl_note"": ""CAGR 2020\u21922030 from GHS-POP R2023A multi-epoch data"", ""s17_eurostat_supplement"": {""base_population"": null, ""base_year"": 2022, ""projected_pop_2030"": 18218553, ""projected_pop_2040"": 17232578, ""projected_pop_2050"": 16439020, ""projected_pop_2060"": 15689153, ""projected_pop_2080"": 14681481, ""pop_change_pct_2050"": null, ""pop_change_pct_2080"": null, ""receptor_growth_factor_60yr"": null, ""projection_lo_2050"": null, ""projection_hi_2050"": null, ""projection_lo_2080"": null, ""projection_hi_2080"": null, ""growth_classification"": ""stable"", ""urban_expansion_pressure"": null, ""median_age_2050"": 48.5, ""old_age_dependency_2050"": null, ""net_migration_rate_projected"": null, ""projection_source"": ""europop2023"", ""projection_variant"": ""baseline"", ""spatial_level"": ""national""}}",NNW,0.53,340.96,medium,ERA5 atmospheric dispersion (ref 1991-2020) | prevailing_wind=NNW(338deg) | mean_speed=0.5m/s | mean_BLH=341m | p5_BLH=152m | stable_frac=0.925 | stability=[A=0.0% B=0.0% C=7.5% D=0.0% E=92.5% F=0.0%] | wind_rose_dominant=NNW | source=copernicus_era5,,,,sedimentary sands,,medium,,2026-04-20 21:28:48.822233+00:00,audit_postlogging_20260421,api,merge_phase2_20260421
RO,Romag Termo power station,c3790475-3d3b-4e2b-92ae-24503fe03e6b,448.66,155.45,81.11,41.02,35234,125008,159248,824643,ghsl_pop_100m_r2023a,"5 km: 35,234 pop, 449 p/km²; 16 km: 125,008 pop, 155 p/km²; 25 km: 159,248 pop, 81 p/km²; 80 km: 824,643 pop, 41 p/km²; Epoch: 2020; Source: GHS-POP R2023A 100 m (Mollweide)",7.81,Drobeta-Turnu Severin,106707.0,gisco_urau_2021,"Nearest city >50k: Drobeta-Turnu Severin (106,707 pop) at 7.8 km; Cities >50k within 25 km: 1; Cities >50k within 80 km: 2; Settlement hierarchy: suburban; Source: Eurostat GISCO Urban Audit 2021 + urb_cpop1",-0.516,122917,ghsl_pop_100m_r2023a,"{""ghsl_note"": ""CAGR 2020\u21922030 from GHS-POP R2023A multi-epoch data"", ""s17_eurostat_supplement"": {""base_population"": null, ""base_year"": 2022, ""projected_pop_2030"": 18218553, ""projected_pop_2040"": 17232578, ""projected_pop_2050"": 16439020, ""projected_pop_2060"": 15689153, ""projected_pop_2080"": 14681481, ""pop_change_pct_2050"": null, ""pop_change_pct_2080"": null, ""receptor_growth_factor_60yr"": null, ""projection_lo_2050"": null, ""projection_hi_2050"": null, ""projection_lo_2080"": null, ""projection_hi_2080"": null, ""growth_classification"": ""stable"", ""urban_expansion_pressure"": null, ""median_age_2050"": 48.5, ""old_age_dependency_2050"": null, ""net_migration_rate_projected"": null, ""projection_source"": ""europop2023"", ""projection_variant"": ""baseline"", ""spatial_level"": ""national""}}",WNW,0.92,424.72,medium,ERA5 atmospheric dispersion (ref 1991-2020) | prevailing_wind=WNW(292deg) | mean_speed=0.9m/s | mean_BLH=425m | p5_BLH=202m | stable_frac=0.661 | stability=[A=0.0% B=0.0% C=33.9% D=0.0% E=66.1% F=0.0%] | wind_rose_dominant=WNW | source=copernicus_era5,,,,alluvial,,medium,,2026-04-20 21:28:48.836322+00:00,audit_postlogging_20260421,api,merge_phase2_20260421
RO,Rovinari power station,958e4d82-853a-41f1-a442-94b4c4314221,158.2,72.87,108.97,47.16,12424,58598,213934,948197,ghsl_pop_100m_r2023a,"5 km: 12,424 pop, 158 p/km²; 16 km: 58,598 pop, 73 p/km²; 25 km: 213,934 pop, 109 p/km²; 80 km: 948,197 pop, 47 p/km²; Epoch: 2020; Source: GHS-POP R2023A 100 m (Mollweide)",19.37,Târgu Jiu,95351.0,gisco_urau_2021,"Nearest city >50k: Târgu Jiu (95,351 pop) at 19.4 km; Cities >50k within 25 km: 1; Cities >50k within 80 km: 2; Settlement hierarchy: periurban; Source: Eurostat GISCO Urban Audit 2021 + urb_cpop1",-0.173,165137,ghsl_pop_100m_r2023a,"{""ghsl_note"": ""CAGR 2020\u21922030 from GHS-POP R2023A multi-epoch data"", ""s17_eurostat_supplement"": {""base_population"": null, ""base_year"": 2022, ""projected_pop_2030"": 18218553, ""projected_pop_2040"": 17232578, ""projected_pop_2050"": 16439020, ""projected_pop_2060"": 15689153, ""projected_pop_2080"": 14681481, ""pop_change_pct_2050"": null, ""pop_change_pct_2080"": null, ""receptor_growth_factor_60yr"": null, ""projection_lo_2050"": null, ""projection_hi_2050"": null, ""projection_lo_2080"": null, ""projection_hi_2080"": null, ""growth_classification"": ""stable"", ""urban_expansion_pressure"": null, ""median_age_2050"": 48.5, ""old_age_dependency_2050"": null, ""net_migration_rate_projected"": null, ""projection_source"": ""europop2023"", ""projection_variant"": ""baseline"", ""spatial_level"": ""national""}}",N,0.52,360.72,medium,ERA5 atmospheric dispersion (ref 1991-2020) | prevailing_wind=N(0deg) | mean_speed=0.5m/s | mean_BLH=361m | p5_BLH=156m | stable_frac=0.881 | stability=[A=0.0% B=0.0% C=11.9% D=0.0% E=88.1% F=0.0%] | wind_rose_dominant=N | source=copernicus_era5,,,,alluvial,,medium,,2026-04-20 21:28:48.853136+00:00,audit_postlogging_20260421,api,merge_phase2_20260421
RO,Slatina power station,d498ded8-449c-4672-8bb9-0ed6c8fef775,876.47,134.24,100.86,88.92,68831,107954,198023,1787622,ghsl_pop_100m_r2023a,"5 km: 68,831 pop, 876 p/km²; 16 km: 107,954 pop, 134 p/km²; 25 km: 198,023 pop, 101 p/km²; 80 km: 1,787,622 pop, 89 p/km²; Epoch: 2020; Source: GHS-POP R2023A 100 m (Mollweide)",1.27,Slatina,82931.0,gisco_urau_2021,"Nearest city >50k: Slatina (82,931 pop) at 1.3 km; Cities >50k within 25 km: 1; Cities >50k within 80 km: 4; Settlement hierarchy: periurban; Source: Eurostat GISCO Urban Audit 2021 + urb_cpop1",-0.57,152847,ghsl_pop_100m_r2023a,"{""ghsl_note"": ""CAGR 2020\u21922030 from GHS-POP R2023A multi-epoch data"", ""s17_eurostat_supplement"": {""base_population"": null, ""base_year"": 2022, ""projected_pop_2030"": 18218553, ""projected_pop_2040"": 17232578, ""projected_pop_2050"": 16439020, ""projected_pop_2060"": 15689153, ""projected_pop_2080"": 14681481, ""pop_change_pct_2050"": null, ""pop_change_pct_2080"": null, ""receptor_growth_factor_60yr"": null, ""projection_lo_2050"": null, ""projection_hi_2050"": null, ""projection_lo_2080"": null, ""projection_hi_2080"": null, ""growth_classification"": ""stable"", ""urban_expansion_pressure"": null, ""median_age_2050"": 48.5, ""old_age_dependency_2050"": null, ""net_migration_rate_projected"": null, ""projection_source"": ""europop2023"", ""projection_variant"": ""baseline"", ""spatial_level"": ""national""}}",NE,0.88,461.64,medium,ERA5 atmospheric dispersion (ref 1991-2020) | prevailing_wind=NE(45deg) | mean_speed=0.9m/s | mean_BLH=462m | p5_BLH=204m | stable_frac=0.533 | stability=[A=0.0% B=0.3% C=46.4% D=0.0% E=53.3% F=0.0%] | wind_rose_dominant=NE | source=copernicus_era5,,,,alluvial,,medium,,2026-04-20 21:28:48.865910+00:00,audit_postlogging_20260421,api,merge_phase2_20260421
RO,Suceava power station,693d9b73-f9fc-4502-9b94-be020c5d21fb,1228.98,222.23,150.43,93.1,96514,178712,295343,1871574,ghsl_pop_100m_r2023a,"5 km: 96,514 pop, 1229 p/km²; 16 km: 178,712 pop, 222 p/km²; 25 km: 295,343 pop, 150 p/km²; 80 km: 1,871,574 pop, 93 p/km²; Epoch: 2020; Source: GHS-POP R2023A 100 m (Mollweide)",30.14,Botoșani,120153.0,gisco_urau_2021,"Nearest city >50k: Botoșani (120,153 pop) at 30.1 km; Cities >50k within 25 km: 0; Cities >50k within 80 km: 1; Settlement hierarchy: rural; Source: Eurostat GISCO Urban Audit 2021 + urb_cpop1",-0.185,227967,ghsl_pop_100m_r2023a,"{""ghsl_note"": ""CAGR 2020\u21922030 from GHS-POP R2023A multi-epoch data"", ""s17_eurostat_supplement"": {""base_population"": null, ""base_year"": 2022, ""projected_pop_2030"": 18218553, ""projected_pop_2040"": 17232578, ""projected_pop_2050"": 16439020, ""projected_pop_2060"": 15689153, ""projected_pop_2080"": 14681481, ""pop_change_pct_2050"": null, ""pop_change_pct_2080"": null, ""receptor_growth_factor_60yr"": null, ""projection_lo_2050"": null, ""projection_hi_2050"": null, ""projection_lo_2080"": null, ""projection_hi_2080"": null, ""growth_classification"": ""stable"", ""urban_expansion_pressure"": null, ""median_age_2050"": 48.5, ""old_age_dependency_2050"": null, ""net_migration_rate_projected"": null, ""projection_source"": ""europop2023"", ""projection_variant"": ""baseline"", ""spatial_level"": ""national""}}",WNW,1.0,495.85,medium,ERA5 atmospheric dispersion (ref 1991-2020) | prevailing_wind=WNW(292deg) | mean_speed=1.0m/s | mean_BLH=496m | p5_BLH=270m | stable_frac=0.458 | stability=[A=0.0% B=0.0% C=54.2% D=0.0% E=45.8% F=0.0%] | wind_rose_dominant=WNW | source=copernicus_era5,,,,low permeability,,medium,,2026-04-20 21:28:48.878311+00:00,audit_postlogging_20260421,api,merge_phase2_20260421
RO,Târgu Jiu Thermal Plant,e43af28e-a3d3-4047-a9cf-f3b0990754b4,1018.6,155.21,92.7,47.65,79993,124811,181991,958030,ghsl_pop_100m_r2023a,"5 km: 79,993 pop, 1019 p/km²; 16 km: 124,811 pop, 155 p/km²; 25 km: 181,991 pop, 93 p/km²; 80 km: 958,030 pop, 48 p/km²; Epoch: 2020; Source: GHS-POP R2023A 100 m (Mollweide)",1.78,Târgu Jiu,95351.0,gisco_urau_2021,"Nearest city >50k: Târgu Jiu (95,351 pop) at 1.8 km; Cities >50k within 25 km: 1; Cities >50k within 80 km: 2; Settlement hierarchy: periurban; Source: Eurostat GISCO Urban Audit 2021 + urb_cpop1",-0.088,140481,ghsl_pop_100m_r2023a,"{""ghsl_note"": ""CAGR 2020\u21922030 from GHS-POP R2023A multi-epoch data"", ""s17_eurostat_supplement"": {""base_population"": null, ""base_year"": 2022, ""projected_pop_2030"": 18218553, ""projected_pop_2040"": 17232578, ""projected_pop_2050"": 16439020, ""projected_pop_2060"": 15689153, ""projected_pop_2080"": 14681481, ""pop_change_pct_2050"": null, ""pop_change_pct_2080"": null, ""receptor_growth_factor_60yr"": null, ""projection_lo_2050"": null, ""projection_hi_2050"": null, ""projection_lo_2080"": null, ""projection_hi_2080"": null, ""growth_classification"": ""stable"", ""urban_expansion_pressure"": null, ""median_age_2050"": 48.5, ""old_age_dependency_2050"": null, ""net_migration_rate_projected"": null, ""projection_source"": ""europop2023"", ""projection_variant"": ""baseline"", ""spatial_level"": ""national""}}",N,0.52,360.72,medium,ERA5 atmospheric dispersion (ref 1991-2020) | prevailing_wind=N(0deg) | mean_speed=0.5m/s | mean_BLH=361m | p5_BLH=156m | stable_frac=0.881 | stability=[A=0.0% B=0.0% C=11.9% D=0.0% E=88.1% F=0.0%] | wind_rose_dominant=N | source=copernicus_era5,,,,alluvial,,medium,,2026-04-20 21:28:48.890488+00:00,audit_postlogging_20260421,api,merge_phase2_20260421
RO,Turceni power station,345fb795-170a-4fb5-833c-f6bcf2eb450c,84.4,63.25,59.91,70.87,6628,50861,117614,1424739,ghsl_pop_100m_r2023a,"5 km: 6,628 pop, 84 p/km²; 16 km: 50,861 pop, 63 p/km²; 25 km: 117,614 pop, 60 p/km²; 80 km: 1,424,739 pop, 71 p/km²; Epoch: 2020; Source: GHS-POP R2023A 100 m (Mollweide)",42.72,Târgu Jiu,95351.0,gisco_urau_2021,"Nearest city >50k: Târgu Jiu (95,351 pop) at 42.7 km; Cities >50k within 25 km: 0; Cities >50k within 80 km: 3; Settlement hierarchy: rural; Source: Eurostat GISCO Urban Audit 2021 + urb_cpop1",-0.667,90790,ghsl_pop_100m_r2023a,"{""ghsl_note"": ""CAGR 2020\u21922030 from GHS-POP R2023A multi-epoch data"", ""s17_eurostat_supplement"": {""base_population"": null, ""base_year"": 2022, ""projected_pop_2030"": 18218553, ""projected_pop_2040"": 17232578, ""projected_pop_2050"": 16439020, ""projected_pop_2060"": 15689153, ""projected_pop_2080"": 14681481, ""pop_change_pct_2050"": null, ""pop_change_pct_2080"": null, ""receptor_growth_factor_60yr"": null, ""projection_lo_2050"": null, ""projection_hi_2050"": null, ""projection_lo_2080"": null, ""projection_hi_2080"": null, ""growth_classification"": ""stable"", ""urban_expansion_pressure"": null, ""median_age_2050"": 48.5, ""old_age_dependency_2050"": null, ""net_migration_rate_projected"": null, ""projection_source"": ""europop2023"", ""projection_variant"": ""baseline"", ""spatial_level"": ""national""}}",NE,0.75,417.51,medium,ERA5 atmospheric dispersion (ref 1991-2020) | prevailing_wind=NE(45deg) | mean_speed=0.7m/s | mean_BLH=418m | p5_BLH=188m | stable_frac=0.664 | stability=[A=0.0% B=0.0% C=33.6% D=0.0% E=66.4% F=0.0%] | wind_rose_dominant=NE | source=copernicus_era5,,,,alluvial,,medium,,2026-04-20 21:28:48.902432+00:00,audit_postlogging_20260421,api,merge_phase2_20260421
RS,Despotovac power station,5d53da59-04c8-43e6-b29e-220bea4d9eb7,86.92,123.07,99.73,83.1,6826,98968,195801,1670607,ghsl_pop_100m_r2023a,"5 km: 6,826 pop, 87 p/km²; 16 km: 98,968 pop, 123 p/km²; 25 km: 195,801 pop, 100 p/km²; 80 km: 1,670,607 pop, 83 p/km²; Epoch: 2020; Source: GHS-POP R2023A 100 m (Mollweide)",,,,gisco_urau_2021,No city >50k within search radius; Cities >50k within 25 km: 0; Cities >50k within 80 km: 0; Settlement hierarchy: rural; Source: Eurostat GISCO Urban Audit 2021 + urb_cpop1,-1.034,109353,ghsl_pop_100m_r2023a,"{""ghsl_note"": ""CAGR 2020\u21922030 from GHS-POP R2023A multi-epoch data"", ""s17_eurostat_supplement"": {""base_population"": null, ""base_year"": 2023, ""projected_pop_2030"": 6500000, ""projected_pop_2040"": 6000000, ""projected_pop_2050"": 5450000, ""projected_pop_2060"": 4900000, ""projected_pop_2080"": 4000000, ""pop_change_pct_2050"": null, ""pop_change_pct_2080"": null, ""receptor_growth_factor_60yr"": null, ""projection_lo_2050"": null, ""projection_hi_2050"": null, ""projection_lo_2080"": null, ""projection_hi_2080"": null, ""growth_classification"": ""stable"", ""urban_expansion_pressure"": null, ""median_age_2050"": 48.5, ""old_age_dependency_2050"": 0.44, ""net_migration_rate_projected"": null, ""projection_source"": ""nso"", ""projection_variant"": ""medium"", ""spatial_level"": ""national""}}",NW,0.76,466.12,medium,ERA5 atmospheric dispersion (ref 1991-2020) | prevailing_wind=NW(315deg) | mean_speed=0.8m/s | mean_BLH=466m | p5_BLH=254m | stable_frac=0.547 | stability=[A=0.0% B=0.0% C=45.3% D=0.0% E=54.7% F=0.0%] | wind_rose_dominant=NW | source=copernicus_era5,,,,sedimentary sands,,medium,,2026-04-20 21:28:48.915422+00:00,audit_postlogging_20260421,api,merge_phase2_20260421
RS,Kolubara A power station,0182ec25-0df9-4e4b-9861-d76a332bc282,144.9,131.16,144.09,179.21,11379,105477,282896,3602854,ghsl_pop_100m_r2023a,"5 km: 11,379 pop, 145 p/km²; 16 km: 105,477 pop, 131 p/km²; 25 km: 282,896 pop, 144 p/km²; 80 km: 3,602,854 pop, 179 p/km²; Epoch: 2020; Source: GHS-POP R2023A 100 m (Mollweide)",,,,gisco_urau_2021,No city >50k within search radius; Cities >50k within 25 km: 0; Cities >50k within 80 km: 0; Settlement hierarchy: rural; Source: Eurostat GISCO Urban Audit 2021 + urb_cpop1,-0.304,157994,ghsl_pop_100m_r2023a,"{""ghsl_note"": ""CAGR 2020\u21922030 from GHS-POP R2023A multi-epoch data"", ""s17_eurostat_supplement"": {""base_population"": null, ""base_year"": 2023, ""projected_pop_2030"": 6500000, ""projected_pop_2040"": 6000000, ""projected_pop_2050"": 5450000, ""projected_pop_2060"": 4900000, ""projected_pop_2080"": 4000000, ""pop_change_pct_2050"": null, ""pop_change_pct_2080"": null, ""receptor_growth_factor_60yr"": null, ""projection_lo_2050"": null, ""projection_hi_2050"": null, ""projection_lo_2080"": null, ""projection_hi_2080"": null, ""growth_classification"": ""stable"", ""urban_expansion_pressure"": null, ""median_age_2050"": 48.5, ""old_age_dependency_2050"": 0.44, ""net_migration_rate_projected"": null, ""projection_source"": ""nso"", ""projection_variant"": ""medium"", ""spatial_level"": ""national""}}",W,0.77,495.1,medium,ERA5 atmospheric dispersion (ref 1991-2020) | prevailing_wind=W(270deg) | mean_speed=0.8m/s | mean_BLH=495m | p5_BLH=260m | stable_frac=0.486 | stability=[A=0.0% B=0.0% C=51.4% D=0.0% E=48.6% F=0.0%] | wind_rose_dominant=W | source=copernicus_era5,,,,alluvial,,medium,,2026-04-20 21:28:48.926867+00:00,audit_postlogging_20260421,api,merge_phase2_20260421
RS,Kolubara B power station,d30af109-79cb-4ab5-a878-6f574b58116a,130.39,127.78,135.67,179.81,10240,102753,266365,3614852,ghsl_pop_100m_r2023a,"5 km: 10,240 pop, 130 p/km²; 16 km: 102,753 pop, 128 p/km²; 25 km: 266,365 pop, 136 p/km²; 80 km: 3,614,852 pop, 180 p/km²; Epoch: 2020; Source: GHS-POP R2023A 100 m (Mollweide)",,,,gisco_urau_2021,No city >50k within search radius; Cities >50k within 25 km: 0; Cities >50k within 80 km: 0; Settlement hierarchy: rural; Source: Eurostat GISCO Urban Audit 2021 + urb_cpop1,-0.336,148761,ghsl_pop_100m_r2023a,"{""ghsl_note"": ""CAGR 2020\u21922030 from GHS-POP R2023A multi-epoch data"", ""s17_eurostat_supplement"": {""base_population"": null, ""base_year"": 2023, ""projected_pop_2030"": 6500000, ""projected_pop_2040"": 6000000, ""projected_pop_2050"": 5450000, ""projected_pop_2060"": 4900000, ""projected_pop_2080"": 4000000, ""pop_change_pct_2050"": null, ""pop_change_pct_2080"": null, ""receptor_growth_factor_60yr"": null, ""projection_lo_2050"": null, ""projection_hi_2050"": null, ""projection_lo_2080"": null, ""projection_hi_2080"": null, ""growth_classification"": ""stable"", ""urban_expansion_pressure"": null, ""median_age_2050"": 48.5, ""old_age_dependency_2050"": 0.44, ""net_migration_rate_projected"": null, ""projection_source"": ""nso"", ""projection_variant"": ""medium"", ""spatial_level"": ""national""}}",W,0.77,495.1,medium,ERA5 atmospheric dispersion (ref 1991-2020) | prevailing_wind=W(270deg) | mean_speed=0.8m/s | mean_BLH=495m | p5_BLH=260m | stable_frac=0.486 | stability=[A=0.0% B=0.0% C=51.4% D=0.0% E=48.6% F=0.0%] | wind_rose_dominant=W | source=copernicus_era5,,,,alluvial,,medium,,2026-04-20 21:28:48.938425+00:00,audit_postlogging_20260421,api,merge_phase2_20260421
RS,Kostolac power station,993ccce2-d5e1-498d-827d-8dbfeb42582b,172.45,105.17,107.94,141.64,13543,84577,211921,2847459,ghsl_pop_100m_r2023a,"5 km: 13,543 pop, 172 p/km²; 16 km: 84,577 pop, 105 p/km²; 25 km: 211,921 pop, 108 p/km²; 80 km: 2,847,459 pop, 142 p/km²; Epoch: 2020; Source: GHS-POP R2023A 100 m (Mollweide)",,,,gisco_urau_2021,No city >50k within search radius; Cities >50k within 25 km: 0; Cities >50k within 80 km: 0; Settlement hierarchy: rural; Source: Eurostat GISCO Urban Audit 2021 + urb_cpop1,-1.138,118355,ghsl_pop_100m_r2023a,"{""ghsl_note"": ""CAGR 2020\u21922030 from GHS-POP R2023A multi-epoch data"", ""s17_eurostat_supplement"": {""base_population"": null, ""base_year"": 2023, ""projected_pop_2030"": 6500000, ""projected_pop_2040"": 6000000, ""projected_pop_2050"": 5450000, ""projected_pop_2060"": 4900000, ""projected_pop_2080"": 4000000, ""pop_change_pct_2050"": null, ""pop_change_pct_2080"": null, ""receptor_growth_factor_60yr"": null, ""projection_lo_2050"": null, ""projection_hi_2050"": null, ""projection_lo_2080"": null, ""projection_hi_2080"": null, ""growth_classification"": ""stable"", ""urban_expansion_pressure"": null, ""median_age_2050"": 48.5, ""old_age_dependency_2050"": 0.44, ""net_migration_rate_projected"": null, ""projection_source"": ""nso"", ""projection_variant"": ""medium"", ""spatial_level"": ""national""}}",ESE,0.94,497.75,medium,ERA5 atmospheric dispersion (ref 1991-2020) | prevailing_wind=ESE(112deg) | mean_speed=0.9m/s | mean_BLH=498m | p5_BLH=286m | stable_frac=0.472 | stability=[A=0.0% B=0.0% C=52.8% D=0.0% E=47.2% F=0.0%] | wind_rose_dominant=ESE | source=copernicus_era5,,,,sedimentary sands,,medium,,2026-04-20 21:28:48.950899+00:00,audit_postlogging_20260421,api,merge_phase2_20260421
RS,Kovin power station,5d4aee8d-9e73-4987-907a-d092e0ba92ed,168.31,149.34,125.73,149.08,13218,120092,246847,2997012,ghsl_pop_100m_r2023a,"5 km: 13,218 pop, 168 p/km²; 16 km: 120,092 pop, 149 p/km²; 25 km: 246,847 pop, 126 p/km²; 80 km: 2,997,012 pop, 149 p/km²; Epoch: 2020; Source: GHS-POP R2023A 100 m (Mollweide)",,,,gisco_urau_2021,No city >50k within search radius; Cities >50k within 25 km: 0; Cities >50k within 80 km: 0; Settlement hierarchy: rural; Source: Eurostat GISCO Urban Audit 2021 + urb_cpop1,-1.016,137862,ghsl_pop_100m_r2023a,"{""ghsl_note"": ""CAGR 2020\u21922030 from GHS-POP R2023A multi-epoch data"", ""s17_eurostat_supplement"": {""base_population"": null, ""base_year"": 2023, ""projected_pop_2030"": 6500000, ""projected_pop_2040"": 6000000, ""projected_pop_2050"": 5450000, ""projected_pop_2060"": 4900000, ""projected_pop_2080"": 4000000, ""pop_change_pct_2050"": null, ""pop_change_pct_2080"": null, ""receptor_growth_factor_60yr"": null, ""projection_lo_2050"": null, ""projection_hi_2050"": null, ""projection_lo_2080"": null, ""projection_hi_2080"": null, ""growth_classification"": ""stable"", ""urban_expansion_pressure"": null, ""median_age_2050"": 48.5, ""old_age_dependency_2050"": 0.44, ""net_migration_rate_projected"": null, ""projection_source"": ""nso"", ""projection_variant"": ""medium"", ""spatial_level"": ""national""}}",ESE,0.94,499.4,medium,ERA5 atmospheric dispersion (ref 1991-2020) | prevailing_wind=ESE(112deg) | mean_speed=0.9m/s | mean_BLH=499m | p5_BLH=281m | stable_frac=0.481 | stability=[A=0.0% B=0.0% C=51.9% D=0.0% E=48.1% F=0.0%] | wind_rose_dominant=ESE | source=copernicus_era5,,,,sedimentary sands,,medium,,2026-04-20 21:28:48.973329+00:00,audit_postlogging_20260421,api,merge_phase2_20260421
RS,Morava power station,2b03f2e2-64ac-4262-bbff-7a536bda5722,152.07,92.38,79.12,102.28,11942,74292,155334,2056147,ghsl_pop_100m_r2023a,"5 km: 11,942 pop, 152 p/km²; 16 km: 74,292 pop, 92 p/km²; 25 km: 155,334 pop, 79 p/km²; 80 km: 2,056,147 pop, 102 p/km²; Epoch: 2020; Source: GHS-POP R2023A 100 m (Mollweide)",,,,gisco_urau_2021,No city >50k within search radius; Cities >50k within 25 km: 0; Cities >50k within 80 km: 0; Settlement hierarchy: rural; Source: Eurostat GISCO Urban Audit 2021 + urb_cpop1,-1.053,86755,ghsl_pop_100m_r2023a,"{""ghsl_note"": ""CAGR 2020\u21922030 from GHS-POP R2023A multi-epoch data"", ""s17_eurostat_supplement"": {""base_population"": null, ""base_year"": 2023, ""projected_pop_2030"": 6500000, ""projected_pop_2040"": 6000000, ""projected_pop_2050"": 5450000, ""projected_pop_2060"": 4900000, ""projected_pop_2080"": 4000000, ""pop_change_pct_2050"": null, ""pop_change_pct_2080"": null, ""receptor_growth_factor_60yr"": null, ""projection_lo_2050"": null, ""projection_hi_2050"": null, ""projection_lo_2080"": null, ""projection_hi_2080"": null, ""growth_classification"": ""stable"", ""urban_expansion_pressure"": null, ""median_age_2050"": 48.5, ""old_age_dependency_2050"": 0.44, ""net_migration_rate_projected"": null, ""projection_source"": ""nso"", ""projection_variant"": ""medium"", ""spatial_level"": ""national""}}",ESE,0.82,492.58,medium,ERA5 atmospheric dispersion (ref 1991-2020) | prevailing_wind=ESE(112deg) | mean_speed=0.8m/s | mean_BLH=493m | p5_BLH=281m | stable_frac=0.500 | stability=[A=0.0% B=0.0% C=50.0% D=0.0% E=50.0% F=0.0%] | wind_rose_dominant=ESE | source=copernicus_era5,,,,sedimentary sands,,medium,,2026-04-20 21:28:49.024162+00:00,audit_postlogging_20260421,api,merge_phase2_20260421
RS,Nikola Tesla power station,c8f15aca-174b-4be6-a6d9-abfa4685d10d,589.12,160.25,350.89,183.28,46265,128864,688901,3684573,ghsl_pop_100m_r2023a,"5 km: 46,265 pop, 589 p/km²; 16 km: 128,864 pop, 160 p/km²; 25 km: 688,901 pop, 351 p/km²; 80 km: 3,684,573 pop, 183 p/km²; Epoch: 2020; Source: GHS-POP R2023A 100 m (Mollweide)",,,,gisco_urau_2021,No city >50k within search radius; Cities >50k within 25 km: 0; Cities >50k within 80 km: 0; Settlement hierarchy: rural; Source: Eurostat GISCO Urban Audit 2021 + urb_cpop1,-0.171,384748,ghsl_pop_100m_r2023a,"{""ghsl_note"": ""CAGR 2020\u21922030 from GHS-POP R2023A multi-epoch data"", ""s17_eurostat_supplement"": {""base_population"": null, ""base_year"": 2023, ""projected_pop_2030"": 6500000, ""projected_pop_2040"": 6000000, ""projected_pop_2050"": 5450000, ""projected_pop_2060"": 4900000, ""projected_pop_2080"": 4000000, ""pop_change_pct_2050"": null, ""pop_change_pct_2080"": null, ""receptor_growth_factor_60yr"": null, ""projection_lo_2050"": null, ""projection_hi_2050"": null, ""projection_lo_2080"": null, ""projection_hi_2080"": null, ""growth_classification"": ""stable"", ""urban_expansion_pressure"": null, ""median_age_2050"": 48.5, ""old_age_dependency_2050"": 0.44, ""net_migration_rate_projected"": null, ""projection_source"": ""nso"", ""projection_variant"": ""medium"", ""spatial_level"": ""national""}}",ESE,0.82,496.51,medium,ERA5 atmospheric dispersion (ref 1991-2020) | prevailing_wind=ESE(112deg) | mean_speed=0.8m/s | mean_BLH=497m | p5_BLH=254m | stable_frac=0.500 | stability=[A=0.0% B=0.0% C=50.0% D=0.0% E=50.0% F=0.0%] | wind_rose_dominant=ESE | source=copernicus_era5,,,,alluvial,,medium,,2026-04-20 21:28:49.076925+00:00,audit_postlogging_20260421,api,merge_phase2_20260421
RS,Štavalj Power Station,296282b1-d079-4c1e-b2df-12c25128b963,186.52,26.41,19.43,51.13,14648,21240,38156,1027820,ghsl_pop_100m_r2023a,"5 km: 14,648 pop, 187 p/km²; 16 km: 21,240 pop, 26 p/km²; 25 km: 38,156 pop, 19 p/km²; 80 km: 1,027,820 pop, 51 p/km²; Epoch: 2020; Source: GHS-POP R2023A 100 m (Mollweide)",,,,gisco_urau_2021,No city >50k within search radius; Cities >50k within 25 km: 0; Cities >50k within 80 km: 0; Settlement hierarchy: rural; Source: Eurostat GISCO Urban Audit 2021 + urb_cpop1,-1.217,21305,ghsl_pop_100m_r2023a,"{""ghsl_note"": ""CAGR 2020\u21922030 from GHS-POP R2023A multi-epoch data"", ""s17_eurostat_supplement"": {""base_population"": null, ""base_year"": 2023, ""projected_pop_2030"": 6500000, ""projected_pop_2040"": 6000000, ""projected_pop_2050"": 5450000, ""projected_pop_2060"": 4900000, ""projected_pop_2080"": 4000000, ""pop_change_pct_2050"": null, ""pop_change_pct_2080"": null, ""receptor_growth_factor_60yr"": null, ""projection_lo_2050"": null, ""projection_hi_2050"": null, ""projection_lo_2080"": null, ""projection_hi_2080"": null, ""growth_classification"": ""stable"", ""urban_expansion_pressure"": null, ""median_age_2050"": 48.5, ""old_age_dependency_2050"": 0.44, ""net_migration_rate_projected"": null, ""projection_source"": ""nso"", ""projection_variant"": ""medium"", ""spatial_level"": ""national""}}",NW,0.59,448.37,medium,ERA5 atmospheric dispersion (ref 1991-2020) | prevailing_wind=NW(315deg) | mean_speed=0.6m/s | mean_BLH=448m | p5_BLH=230m | stable_frac=0.617 | stability=[A=0.0% B=0.0% C=38.3% D=0.0% E=61.7% F=0.0%] | wind_rose_dominant=NW | source=copernicus_era5,,,,sedimentary sands,,medium,,2026-04-20 21:28:49.094214+00:00,audit_postlogging_20260421,api,merge_phase2_20260421
SI,Sostanj power station,0750b80c-a54b-4ea5-b3e5-9dfb7309eca2,288.66,129.98,121.65,121.66,22669,104528,238834,2445808,ghsl_pop_100m_r2023a,"5 km: 22,669 pop, 289 p/km²; 16 km: 104,528 pop, 130 p/km²; 25 km: 238,834 pop, 122 p/km²; 80 km: 2,445,808 pop, 122 p/km²; Epoch: 2020; Source: GHS-POP R2023A 100 m (Mollweide)",48.82,Maribor,113747.0,gisco_urau_2021,"Nearest city >50k: Maribor (113,747 pop) at 48.8 km; Cities >50k within 25 km: 0; Cities >50k within 80 km: 3; Settlement hierarchy: rural; Source: Eurostat GISCO Urban Audit 2021 + urb_cpop1",-0.315,219408,ghsl_pop_100m_r2023a,"{""ghsl_note"": ""CAGR 2020\u21922030 from GHS-POP R2023A multi-epoch data"", ""s17_eurostat_supplement"": {""base_population"": null, ""base_year"": 2022, ""projected_pop_2030"": 2118806, ""projected_pop_2040"": 2109858, ""projected_pop_2050"": 2094023, ""projected_pop_2060"": 2049857, ""projected_pop_2080"": 1974016, ""pop_change_pct_2050"": null, ""pop_change_pct_2080"": null, ""receptor_growth_factor_60yr"": null, ""projection_lo_2050"": null, ""projection_hi_2050"": null, ""projection_lo_2080"": null, ""projection_hi_2080"": null, ""growth_classification"": ""stable"", ""urban_expansion_pressure"": null, ""median_age_2050"": 49.2, ""old_age_dependency_2050"": null, ""net_migration_rate_projected"": null, ""projection_source"": ""europop2023"", ""projection_variant"": ""baseline"", ""spatial_level"": ""national""}}",WSW,0.55,410.34,medium,ERA5 atmospheric dispersion (ref 1991-2020) | prevailing_wind=WSW(248deg) | mean_speed=0.5m/s | mean_BLH=410m | p5_BLH=182m | stable_frac=0.692 | stability=[A=0.0% B=0.0% C=30.8% D=0.0% E=68.9% F=0.3%] | wind_rose_dominant=WSW | source=copernicus_era5,,,,karsts and chalkstones,,medium,,2026-04-20 21:28:49.123379+00:00,audit_postlogging_20260421,api,merge_phase2_20260421
SI,Te-Tol power station,4cf7f820-7ad9-411e-bf39-2bbef290aaf6,2585.37,553.8,310.22,108.69,203034,445349,609063,2185166,ghsl_pop_100m_r2023a,"5 km: 203,034 pop, 2585 p/km²; 16 km: 445,349 pop, 554 p/km²; 25 km: 609,063 pop, 310 p/km²; 80 km: 2,185,166 pop, 109 p/km²; Epoch: 2020; Source: GHS-POP R2023A 100 m (Mollweide)",1.44,Ljubljana ,297575.0,gisco_urau_2021,"Nearest city >50k: Ljubljana  (297,575 pop) at 1.4 km; Cities >50k within 25 km: 1; Cities >50k within 80 km: 4; Settlement hierarchy: urban_core; Source: Eurostat GISCO Urban Audit 2021 + urb_cpop1",0.53,559514,ghsl_pop_100m_r2023a,"{""ghsl_note"": ""CAGR 2020\u21922030 from GHS-POP R2023A multi-epoch data"", ""s17_eurostat_supplement"": {""base_population"": null, ""base_year"": 2022, ""projected_pop_2030"": 2118806, ""projected_pop_2040"": 2109858, ""projected_pop_2050"": 2094023, ""projected_pop_2060"": 2049857, ""projected_pop_2080"": 1974016, ""pop_change_pct_2050"": null, ""pop_change_pct_2080"": null, ""receptor_growth_factor_60yr"": null, ""projection_lo_2050"": null, ""projection_hi_2050"": null, ""projection_lo_2080"": null, ""projection_hi_2080"": null, ""growth_classification"": ""stable"", ""urban_expansion_pressure"": null, ""median_age_2050"": 49.2, ""old_age_dependency_2050"": null, ""net_migration_rate_projected"": null, ""projection_source"": ""europop2023"", ""projection_variant"": ""baseline"", ""spatial_level"": ""national""}}",SW,0.54,444.99,medium,ERA5 atmospheric dispersion (ref 1991-2020) | prevailing_wind=SW(225deg) | mean_speed=0.5m/s | mean_BLH=445m | p5_BLH=253m | stable_frac=0.644 | stability=[A=0.0% B=0.0% C=35.6% D=0.0% E=64.4% F=0.0%] | wind_rose_dominant=SW | source=copernicus_era5,,,,low permeability,,medium,,2026-04-20 21:28:49.135636+00:00,audit_postlogging_20260421,api,merge_phase2_20260421
SI,Trbovlje power station,008a3366-6f56-4c1a-ac5d-6b0c75b7c7fd,351.79,105.67,117.15,131.03,27627,84975,230005,2634158,ghsl_pop_100m_r2023a,"5 km: 27,627 pop, 352 p/km²; 16 km: 84,975 pop, 106 p/km²; 25 km: 230,005 pop, 117 p/km²; 80 km: 2,634,158 pop, 131 p/km²; Epoch: 2020; Source: GHS-POP R2023A 100 m (Mollweide)",39.29,Ljubljana ,297575.0,gisco_urau_2021,"Nearest city >50k: Ljubljana  (297,575 pop) at 39.3 km; Cities >50k within 25 km: 0; Cities >50k within 80 km: 2; Settlement hierarchy: rural; Source: Eurostat GISCO Urban Audit 2021 + urb_cpop1",-0.217,211292,ghsl_pop_100m_r2023a,"{""ghsl_note"": ""CAGR 2020\u21922030 from GHS-POP R2023A multi-epoch data"", ""s17_eurostat_supplement"": {""base_population"": null, ""base_year"": 2022, ""projected_pop_2030"": 2118806, ""projected_pop_2040"": 2109858, ""projected_pop_2050"": 2094023, ""projected_pop_2060"": 2049857, ""projected_pop_2080"": 1974016, ""pop_change_pct_2050"": null, ""pop_change_pct_2080"": null, ""receptor_growth_factor_60yr"": null, ""projection_lo_2050"": null, ""projection_hi_2050"": null, ""projection_lo_2080"": null, ""projection_hi_2080"": null, ""growth_classification"": ""stable"", ""urban_expansion_pressure"": null, ""median_age_2050"": 49.2, ""old_age_dependency_2050"": null, ""net_migration_rate_projected"": null, ""projection_source"": ""europop2023"", ""projection_variant"": ""baseline"", ""spatial_level"": ""national""}}",WSW,0.55,410.34,medium,ERA5 atmospheric dispersion (ref 1991-2020) | prevailing_wind=WSW(248deg) | mean_speed=0.5m/s | mean_BLH=410m | p5_BLH=182m | stable_frac=0.692 | stability=[A=0.0% B=0.0% C=30.8% D=0.0% E=68.9% F=0.3%] | wind_rose_dominant=WSW | source=copernicus_era5,,,,sedimentary sands,,medium,,2026-04-20 21:28:49.150993+00:00,audit_postlogging_20260421,api,merge_phase2_20260421
SK,Kosice power station,66edd8f5-e60a-412d-9b80-56496d1407b1,2343.57,383.19,191.33,113.06,184045,308152,375641,2273015,ghsl_pop_100m_r2023a,"5 km: 184,045 pop, 2344 p/km²; 16 km: 308,152 pop, 383 p/km²; 25 km: 375,641 pop, 191 p/km²; 80 km: 2,273,015 pop, 113 p/km²; Epoch: 2020; Source: GHS-POP R2023A 100 m (Mollweide)",3.27,Košice,227458.0,gisco_urau_2021,"Nearest city >50k: Košice (227,458 pop) at 3.3 km; Cities >50k within 25 km: 1; Cities >50k within 80 km: 3; Settlement hierarchy: urban_core; Source: Eurostat GISCO Urban Audit 2021 + urb_cpop1",0.525,311381,ghsl_pop_100m_r2023a,"{""ghsl_note"": ""CAGR 2020\u21922030 from GHS-POP R2023A multi-epoch data"", ""s17_eurostat_supplement"": {""base_population"": null, ""base_year"": 2022, ""projected_pop_2030"": 5450183, ""projected_pop_2040"": 5301530, ""projected_pop_2050"": 5179658, ""projected_pop_2060"": 5029491, ""projected_pop_2080"": 4660973, ""pop_change_pct_2050"": null, ""pop_change_pct_2080"": null, ""receptor_growth_factor_60yr"": null, ""projection_lo_2050"": null, ""projection_hi_2050"": null, ""projection_lo_2080"": null, ""projection_hi_2080"": null, ""growth_classification"": ""stable"", ""urban_expansion_pressure"": null, ""median_age_2050"": 48.1, ""old_age_dependency_2050"": null, ""net_migration_rate_projected"": null, ""projection_source"": ""europop2023"", ""projection_variant"": ""baseline"", ""spatial_level"": ""national""}}",NNW,0.9,458.35,medium,ERA5 atmospheric dispersion (ref 1991-2020) | prevailing_wind=NNW(338deg) | mean_speed=0.9m/s | mean_BLH=458m | p5_BLH=240m | stable_frac=0.581 | stability=[A=0.0% B=0.0% C=41.9% D=0.0% E=58.1% F=0.0%] | wind_rose_dominant=NNW | source=copernicus_era5,,,,alluvial,,medium,,2026-04-20 21:28:49.163492+00:00,audit_postlogging_20260421,api,merge_phase2_20260421
SK,Martinska power station,06defca3-9105-437f-afd4-52f5603d9b8e,656.93,135.1,131.98,111.8,51590,108642,259113,2247518,ghsl_pop_100m_r2023a,"5 km: 51,590 pop, 657 p/km²; 16 km: 108,642 pop, 135 p/km²; 25 km: 259,113 pop, 132 p/km²; 80 km: 2,247,518 pop, 112 p/km²; Epoch: 2020; Source: GHS-POP R2023A 100 m (Mollweide)",21.29,Žilina,81940.0,gisco_urau_2021,"Nearest city >50k: Žilina (81,940 pop) at 21.3 km; Cities >50k within 25 km: 1; Cities >50k within 80 km: 3; Settlement hierarchy: periurban; Source: Eurostat GISCO Urban Audit 2021 + urb_cpop1",0.167,214791,ghsl_pop_100m_r2023a,"{""ghsl_note"": ""CAGR 2020\u21922030 from GHS-POP R2023A multi-epoch data"", ""s17_eurostat_supplement"": {""base_population"": null, ""base_year"": 2022, ""projected_pop_2030"": 5450183, ""projected_pop_2040"": 5301530, ""projected_pop_2050"": 5179658, ""projected_pop_2060"": 5029491, ""projected_pop_2080"": 4660973, ""pop_change_pct_2050"": null, ""pop_change_pct_2080"": null, ""receptor_growth_factor_60yr"": null, ""projection_lo_2050"": null, ""projection_hi_2050"": null, ""projection_lo_2080"": null, ""projection_hi_2080"": null, ""growth_classification"": ""stable"", ""urban_expansion_pressure"": null, ""median_age_2050"": 48.1, ""old_age_dependency_2050"": null, ""net_migration_rate_projected"": null, ""projection_source"": ""europop2023"", ""projection_variant"": ""baseline"", ""spatial_level"": ""national""}}",NNE,0.64,446.6,medium,ERA5 atmospheric dispersion (ref 1991-2020) | prevailing_wind=NNE(22deg) | mean_speed=0.6m/s | mean_BLH=447m | p5_BLH=228m | stable_frac=0.606 | stability=[A=0.0% B=0.0% C=39.4% D=0.0% E=60.6% F=0.0%] | wind_rose_dominant=NNE | source=copernicus_era5,,,,alluvial,,medium,,2026-04-20 21:28:49.178164+00:00,audit_postlogging_20260421,api,merge_phase2_20260421
SK,Novaky power station,c97125b3-20ed-4e21-a853-b928644ec7dd,139.4,166.51,114.71,110.44,10947,133898,225204,2220204,ghsl_pop_100m_r2023a,"5 km: 10,947 pop, 139 p/km²; 16 km: 133,898 pop, 167 p/km²; 25 km: 225,204 pop, 115 p/km²; 80 km: 2,220,204 pop, 110 p/km²; Epoch: 2020; Source: GHS-POP R2023A 100 m (Mollweide)",41.84,Trenčín,54458.0,gisco_urau_2021,"Nearest city >50k: Trenčín (54,458 pop) at 41.8 km; Cities >50k within 25 km: 0; Cities >50k within 80 km: 5; Settlement hierarchy: rural; Source: Eurostat GISCO Urban Audit 2021 + urb_cpop1",-0.05,186685,ghsl_pop_100m_r2023a,"{""ghsl_note"": ""CAGR 2020\u21922030 from GHS-POP R2023A multi-epoch data"", ""s17_eurostat_supplement"": {""base_population"": null, ""base_year"": 2022, ""projected_pop_2030"": 5450183, ""projected_pop_2040"": 5301530, ""projected_pop_2050"": 5179658, ""projected_pop_2060"": 5029491, ""projected_pop_2080"": 4660973, ""pop_change_pct_2050"": null, ""pop_change_pct_2080"": null, ""receptor_growth_factor_60yr"": null, ""projection_lo_2050"": null, ""projection_hi_2050"": null, ""projection_lo_2080"": null, ""projection_hi_2080"": null, ""growth_classification"": ""stable"", ""urban_expansion_pressure"": null, ""median_age_2050"": 48.1, ""old_age_dependency_2050"": null, ""net_migration_rate_projected"": null, ""projection_source"": ""europop2023"", ""projection_variant"": ""baseline"", ""spatial_level"": ""national""}}",NNW,0.72,472.54,medium,ERA5 atmospheric dispersion (ref 1991-2020) | prevailing_wind=NNW(338deg) | mean_speed=0.7m/s | mean_BLH=473m | p5_BLH=255m | stable_frac=0.525 | stability=[A=0.0% B=0.0% C=47.5% D=0.0% E=52.5% F=0.0%] | wind_rose_dominant=NNW | source=copernicus_era5,,,,low permeability,,medium,,2026-04-20 21:28:49.189830+00:00,audit_postlogging_20260421,api,merge_phase2_20260421
SK,Trebisov power station,1719d38b-61e8-4b01-844b-3a2f85c8a186,344.79,109.52,98.1,105.89,27077,88076,192594,2128822,ghsl_pop_100m_r2023a,"5 km: 27,077 pop, 345 p/km²; 16 km: 88,076 pop, 110 p/km²; 25 km: 192,594 pop, 98 p/km²; 80 km: 2,128,822 pop, 106 p/km²; Epoch: 2020; Source: GHS-POP R2023A 100 m (Mollweide)",36.9,Košice,227458.0,gisco_urau_2021,"Nearest city >50k: Košice (227,458 pop) at 36.9 km; Cities >50k within 25 km: 0; Cities >50k within 80 km: 3; Settlement hierarchy: rural; Source: Eurostat GISCO Urban Audit 2021 + urb_cpop1",0.283,159653,ghsl_pop_100m_r2023a,"{""ghsl_note"": ""CAGR 2020\u21922030 from GHS-POP R2023A multi-epoch data"", ""s17_eurostat_supplement"": {""base_population"": null, ""base_year"": 2022, ""projected_pop_2030"": 5450183, ""projected_pop_2040"": 5301530, ""projected_pop_2050"": 5179658, ""projected_pop_2060"": 5029491, ""projected_pop_2080"": 4660973, ""pop_change_pct_2050"": null, ""pop_change_pct_2080"": null, ""receptor_growth_factor_60yr"": null, ""projection_lo_2050"": null, ""projection_hi_2050"": null, ""projection_lo_2080"": null, ""projection_hi_2080"": null, ""growth_classification"": ""stable"", ""urban_expansion_pressure"": null, ""median_age_2050"": 48.1, ""old_age_dependency_2050"": null, ""net_migration_rate_projected"": null, ""projection_source"": ""europop2023"", ""projection_variant"": ""baseline"", ""spatial_level"": ""national""}}",N,0.82,480.24,medium,ERA5 atmospheric dispersion (ref 1991-2020) | prevailing_wind=N(0deg) | mean_speed=0.8m/s | mean_BLH=480m | p5_BLH=268m | stable_frac=0.531 | stability=[A=0.0% B=0.0% C=46.9% D=0.0% E=53.1% F=0.0%] | wind_rose_dominant=N | source=copernicus_era5,,,,alluvial,,medium,,2026-04-20 21:28:49.202597+00:00,audit_postlogging_20260421,api,merge_phase2_20260421
SK,U.S. Steel Kosice Works power station,a2d8261c-3d08-4015-946c-47dbddbd0b98,168.99,350.31,188.06,109.1,13271,281709,369221,2193261,ghsl_pop_100m_r2023a,"5 km: 13,271 pop, 169 p/km²; 16 km: 281,709 pop, 350 p/km²; 25 km: 369,221 pop, 188 p/km²; 80 km: 2,193,261 pop, 109 p/km²; Epoch: 2020; Source: GHS-POP R2023A 100 m (Mollweide)",10.33,Košice,227458.0,gisco_urau_2021,"Nearest city >50k: Košice (227,458 pop) at 10.3 km; Cities >50k within 25 km: 1; Cities >50k within 80 km: 3; Settlement hierarchy: suburban; Source: Eurostat GISCO Urban Audit 2021 + urb_cpop1",0.51,306059,ghsl_pop_100m_r2023a,"{""ghsl_note"": ""CAGR 2020\u21922030 from GHS-POP R2023A multi-epoch data"", ""s17_eurostat_supplement"": {""base_population"": null, ""base_year"": 2022, ""projected_pop_2030"": 5450183, ""projected_pop_2040"": 5301530, ""projected_pop_2050"": 5179658, ""projected_pop_2060"": 5029491, ""projected_pop_2080"": 4660973, ""pop_change_pct_2050"": null, ""pop_change_pct_2080"": null, ""receptor_growth_factor_60yr"": null, ""projection_lo_2050"": null, ""projection_hi_2050"": null, ""projection_lo_2080"": null, ""projection_hi_2080"": null, ""growth_classification"": ""stable"", ""urban_expansion_pressure"": null, ""median_age_2050"": 48.1, ""old_age_dependency_2050"": null, ""net_migration_rate_projected"": null, ""projection_source"": ""europop2023"", ""projection_variant"": ""baseline"", ""spatial_level"": ""national""}}",N,0.94,488.72,medium,ERA5 atmospheric dispersion (ref 1991-2020) | prevailing_wind=N(0deg) | mean_speed=0.9m/s | mean_BLH=489m | p5_BLH=232m | stable_frac=0.508 | stability=[A=0.0% B=0.0% C=49.2% D=0.0% E=50.8% F=0.0%] | wind_rose_dominant=N | source=copernicus_era5,,,,alluvial,,medium,,2026-04-20 21:28:49.214796+00:00,audit_postlogging_20260421,api,merge_phase2_20260421
SK,Vojany I power station,770f1d3c-e5fd-493c-a376-e708d2abec6c,50.18,78.06,138.97,107.55,3941,62770,272837,2162195,ghsl_pop_100m_r2023a,"5 km: 3,941 pop, 50 p/km²; 16 km: 62,770 pop, 78 p/km²; 25 km: 272,837 pop, 139 p/km²; 80 km: 2,162,195 pop, 108 p/km²; Epoch: 2020; Source: GHS-POP R2023A 100 m (Mollweide)",57.26,Košice,227458.0,gisco_urau_2021,"Nearest city >50k: Košice (227,458 pop) at 57.3 km; Cities >50k within 25 km: 0; Cities >50k within 80 km: 3; Settlement hierarchy: rural; Source: Eurostat GISCO Urban Audit 2021 + urb_cpop1",-0.172,226167,ghsl_pop_100m_r2023a,"{""ghsl_note"": ""CAGR 2020\u21922030 from GHS-POP R2023A multi-epoch data"", ""s17_eurostat_supplement"": {""base_population"": null, ""base_year"": 2022, ""projected_pop_2030"": 5450183, ""projected_pop_2040"": 5301530, ""projected_pop_2050"": 5179658, ""projected_pop_2060"": 5029491, ""projected_pop_2080"": 4660973, ""pop_change_pct_2050"": null, ""pop_change_pct_2080"": null, ""receptor_growth_factor_60yr"": null, ""projection_lo_2050"": null, ""projection_hi_2050"": null, ""projection_lo_2080"": null, ""projection_hi_2080"": null, ""growth_classification"": ""stable"", ""urban_expansion_pressure"": null, ""median_age_2050"": 48.1, ""old_age_dependency_2050"": null, ""net_migration_rate_projected"": null, ""projection_source"": ""europop2023"", ""projection_variant"": ""baseline"", ""spatial_level"": ""national""}}",N,0.9,487.58,medium,ERA5 atmospheric dispersion (ref 1991-2020) | prevailing_wind=N(0deg) | mean_speed=0.9m/s | mean_BLH=488m | p5_BLH=247m | stable_frac=0.519 | stability=[A=0.0% B=0.0% C=48.1% D=0.0% E=51.9% F=0.0%] | wind_rose_dominant=N | source=copernicus_era5,,,,alluvial,,medium,,2026-04-20 21:28:49.226747+00:00,audit_postlogging_20260421,api,merge_phase2_20260421
TR,Ada Yesildag Enerji power station,d48d2f39-d58f-4299-9b2f-56d194d2d13b,615.07,97.88,44.06,35.34,48303,78715,86500,710458,ghsl_pop_100m_r2023a,"5 km: 48,303 pop, 615 p/km²; 16 km: 78,715 pop, 98 p/km²; 25 km: 86,500 pop, 44 p/km²; 80 km: 710,458 pop, 35 p/km²; Epoch: 2020; Source: GHS-POP R2023A 100 m (Mollweide)",,,,gisco_urau_2021,No city >50k within search radius; Cities >50k within 25 km: 0; Cities >50k within 80 km: 0; Settlement hierarchy: rural; Source: Eurostat GISCO Urban Audit 2021 + urb_cpop1,-2.711,94834,ghsl_pop_100m_r2023a,"{""ghsl_note"": ""CAGR 2020\u21922030 from GHS-POP R2023A multi-epoch data"", ""s17_eurostat_supplement"": {""base_population"": null, ""base_year"": 2023, ""projected_pop_2030"": 88000000, ""projected_pop_2040"": 94000000, ""projected_pop_2050"": 97500000, ""projected_pop_2060"": 98000000, ""projected_pop_2080"": 95000000, ""pop_change_pct_2050"": null, ""pop_change_pct_2080"": null, ""receptor_growth_factor_60yr"": null, ""projection_lo_2050"": null, ""projection_hi_2050"": null, ""projection_lo_2080"": null, ""projection_hi_2080"": null, ""growth_classification"": ""stable"", ""urban_expansion_pressure"": null, ""median_age_2050"": 40.2, ""old_age_dependency_2050"": 0.31, ""net_migration_rate_projected"": null, ""projection_source"": ""nso"", ""projection_variant"": ""medium"", ""spatial_level"": ""national""}}",S,0.79,359.64,medium,ERA5 atmospheric dispersion (ref 1991-2020) | prevailing_wind=S(180deg) | mean_speed=0.8m/s | mean_BLH=360m | p5_BLH=260m | stable_frac=0.997 | stability=[A=0.0% B=0.0% C=0.3% D=0.0% E=99.7% F=0.0%] | wind_rose_dominant=S | source=copernicus_era5,,,,sedimentary carbonates,,medium,,2026-04-20 21:28:49.238332+00:00,audit_postlogging_20260421,api,merge_phase2_20260421
TR,Ada Yumurtalık power station,4b11cac9-4fe0-4a2a-9c09-4fe9a0ac6015,887.59,328.33,208.18,196.76,69704,264030,408728,3955655,ghsl_pop_100m_r2023a,"5 km: 69,704 pop, 888 p/km²; 16 km: 264,030 pop, 328 p/km²; 25 km: 408,728 pop, 208 p/km²; 80 km: 3,955,655 pop, 197 p/km²; Epoch: 2020; Source: GHS-POP R2023A 100 m (Mollweide)",,,,gisco_urau_2021,No city >50k within search radius; Cities >50k within 25 km: 0; Cities >50k within 80 km: 0; Settlement hierarchy: rural; Source: Eurostat GISCO Urban Audit 2021 + urb_cpop1,-0.628,448083,ghsl_pop_100m_r2023a,"{""ghsl_note"": ""CAGR 2020\u21922030 from GHS-POP R2023A multi-epoch data"", ""s17_eurostat_supplement"": {""base_population"": null, ""base_year"": 2023, ""projected_pop_2030"": 88000000, ""projected_pop_2040"": 94000000, ""projected_pop_2050"": 97500000, ""projected_pop_2060"": 98000000, ""projected_pop_2080"": 95000000, ""pop_change_pct_2050"": null, ""pop_change_pct_2080"": null, ""receptor_growth_factor_60yr"": null, ""projection_lo_2050"": null, ""projection_hi_2050"": null, ""projection_lo_2080"": null, ""projection_hi_2080"": null, ""growth_classification"": ""stable"", ""urban_expansion_pressure"": null, ""median_age_2050"": 40.2, ""old_age_dependency_2050"": 0.31, ""net_migration_rate_projected"": null, ""projection_source"": ""nso"", ""projection_variant"": ""medium"", ""spatial_level"": ""national""}}",SSW,1.62,407.82,medium,ERA5 atmospheric dispersion (ref 1991-2020) | prevailing_wind=SSW(202deg) | mean_speed=1.6m/s | mean_BLH=408m | p5_BLH=284m | stable_frac=0.836 | stability=[A=0.0% B=0.0% C=16.4% D=0.0% E=83.6% F=0.0%] | wind_rose_dominant=SSW | source=copernicus_era5,,,,alluvial,,medium,,2026-04-20 21:28:49.264221+00:00,audit_postlogging_20260421,api,merge_phase2_20260421
TR,Adana Akdeniz power station,44698c12-3c50-4602-8104-dafa5fd215b6,900.91,327.58,198.16,199.85,70750,263428,389050,4017790,ghsl_pop_100m_r2023a,"5 km: 70,750 pop, 901 p/km²; 16 km: 263,428 pop, 328 p/km²; 25 km: 389,050 pop, 198 p/km²; 80 km: 4,017,790 pop, 200 p/km²; Epoch: 2020; Source: GHS-POP R2023A 100 m (Mollweide)",,,,gisco_urau_2021,No city >50k within search radius; Cities >50k within 25 km: 0; Cities >50k within 80 km: 0; Settlement hierarchy: rural; Source: Eurostat GISCO Urban Audit 2021 + urb_cpop1,-0.548,426516,ghsl_pop_100m_r2023a,"{""ghsl_note"": ""CAGR 2020\u21922030 from GHS-POP R2023A multi-epoch data"", ""s17_eurostat_supplement"": {""base_population"": null, ""base_year"": 2023, ""projected_pop_2030"": 88000000, ""projected_pop_2040"": 94000000, ""projected_pop_2050"": 97500000, ""projected_pop_2060"": 98000000, ""projected_pop_2080"": 95000000, ""pop_change_pct_2050"": null, ""pop_change_pct_2080"": null, ""receptor_growth_factor_60yr"": null, ""projection_lo_2050"": null, ""projection_hi_2050"": null, ""projection_lo_2080"": null, ""projection_hi_2080"": null, ""growth_classification"": ""stable"", ""urban_expansion_pressure"": null, ""median_age_2050"": 40.2, ""old_age_dependency_2050"": 0.31, ""net_migration_rate_projected"": null, ""projection_source"": ""nso"", ""projection_variant"": ""medium"", ""spatial_level"": ""national""}}",SSW,1.62,407.82,medium,ERA5 atmospheric dispersion (ref 1991-2020) | prevailing_wind=SSW(202deg) | mean_speed=1.6m/s | mean_BLH=408m | p5_BLH=284m | stable_frac=0.836 | stability=[A=0.0% B=0.0% C=16.4% D=0.0% E=83.6% F=0.0%] | wind_rose_dominant=SSW | source=copernicus_era5,,,,alluvial,,medium,,2026-04-20 21:28:49.277695+00:00,audit_postlogging_20260421,api,merge_phase2_20260421
TR,Adana Ceyhan power station,8a5dc384-e272-41ed-9868-a0686ac3fc7e,1217.66,143.41,121.19,168.2,95625,115326,237923,3381424,ghsl_pop_100m_r2023a,"5 km: 95,625 pop, 1218 p/km²; 16 km: 115,326 pop, 143 p/km²; 25 km: 237,923 pop, 121 p/km²; 80 km: 3,381,424 pop, 168 p/km²; Epoch: 2020; Source: GHS-POP R2023A 100 m (Mollweide)",,,,gisco_urau_2021,No city >50k within search radius; Cities >50k within 25 km: 0; Cities >50k within 80 km: 0; Settlement hierarchy: rural; Source: Eurostat GISCO Urban Audit 2021 + urb_cpop1,-1.111,260847,ghsl_pop_100m_r2023a,"{""ghsl_note"": ""CAGR 2020\u21922030 from GHS-POP R2023A multi-epoch data"", ""s17_eurostat_supplement"": {""base_population"": null, ""base_year"": 2023, ""projected_pop_2030"": 88000000, ""projected_pop_2040"": 94000000, ""projected_pop_2050"": 97500000, ""projected_pop_2060"": 98000000, ""projected_pop_2080"": 95000000, ""pop_change_pct_2050"": null, ""pop_change_pct_2080"": null, ""receptor_growth_factor_60yr"": null, ""projection_lo_2050"": null, ""projection_hi_2050"": null, ""projection_lo_2080"": null, ""projection_hi_2080"": null, ""growth_classification"": ""stable"", ""urban_expansion_pressure"": null, ""median_age_2050"": 40.2, ""old_age_dependency_2050"": 0.31, ""net_migration_rate_projected"": null, ""projection_source"": ""nso"", ""projection_variant"": ""medium"", ""spatial_level"": ""national""}}",S,1.19,387.03,medium,ERA5 atmospheric dispersion (ref 1991-2020) | prevailing_wind=S(180deg) | mean_speed=1.2m/s | mean_BLH=387m | p5_BLH=197m | stable_frac=0.772 | stability=[A=0.0% B=0.0% C=22.8% D=0.0% E=77.2% F=0.0%] | wind_rose_dominant=S | source=copernicus_era5,,,,alluvial,,medium,,2026-04-20 21:28:49.288562+00:00,audit_postlogging_20260421,api,merge_phase2_20260421
TR,Afşin-Elbistan power stations,e9bc02be-cf10-4b27-9b8a-0d4a954720e4,88.17,108.3,124.47,26.33,6924,87089,244377,529259,ghsl_pop_100m_r2023a,"5 km: 6,924 pop, 88 p/km²; 16 km: 87,089 pop, 108 p/km²; 25 km: 244,377 pop, 124 p/km²; 80 km: 529,259 pop, 26 p/km²; Epoch: 2020; Source: GHS-POP R2023A 100 m (Mollweide)",,,,gisco_urau_2021,No city >50k within search radius; Cities >50k within 25 km: 0; Cities >50k within 80 km: 0; Settlement hierarchy: rural; Source: Eurostat GISCO Urban Audit 2021 + urb_cpop1,0.778,267907,ghsl_pop_100m_r2023a,"{""ghsl_note"": ""CAGR 2020\u21922030 from GHS-POP R2023A multi-epoch data"", ""s17_eurostat_supplement"": {""base_population"": null, ""base_year"": 2023, ""projected_pop_2030"": 88000000, ""projected_pop_2040"": 94000000, ""projected_pop_2050"": 97500000, ""projected_pop_2060"": 98000000, ""projected_pop_2080"": 95000000, ""pop_change_pct_2050"": null, ""pop_change_pct_2080"": null, ""receptor_growth_factor_60yr"": null, ""projection_lo_2050"": null, ""projection_hi_2050"": null, ""projection_lo_2080"": null, ""projection_hi_2080"": null, ""growth_classification"": ""stable"", ""urban_expansion_pressure"": null, ""median_age_2050"": 40.2, ""old_age_dependency_2050"": 0.31, ""net_migration_rate_projected"": null, ""projection_source"": ""nso"", ""projection_variant"": ""medium"", ""spatial_level"": ""national""}}",NNW,0.79,585.46,medium,ERA5 atmospheric dispersion (ref 1991-2020) | prevailing_wind=NNW(338deg) | mean_speed=0.8m/s | mean_BLH=585m | p5_BLH=125m | stable_frac=0.439 | stability=[A=0.0% B=13.3% C=42.8% D=0.0% E=42.2% F=1.7%] | wind_rose_dominant=NNW | source=copernicus_era5,,,,low permeability,,medium,,2026-04-20 21:28:49.300861+00:00,audit_postlogging_20260421,api,merge_phase2_20260421
TR,Ağan power station,ce39538c-997e-4a7d-bc32-f164f50f9aa0,25.15,31.0,49.23,53.34,1975,24929,96654,1072256,ghsl_pop_100m_r2023a,"5 km: 1,975 pop, 25 p/km²; 16 km: 24,929 pop, 31 p/km²; 25 km: 96,654 pop, 49 p/km²; 80 km: 1,072,256 pop, 53 p/km²; Epoch: 2020; Source: GHS-POP R2023A 100 m (Mollweide)",,,,gisco_urau_2021,No city >50k within search radius; Cities >50k within 25 km: 0; Cities >50k within 80 km: 0; Settlement hierarchy: rural; Source: Eurostat GISCO Urban Audit 2021 + urb_cpop1,1.276,105962,ghsl_pop_100m_r2023a,"{""ghsl_note"": ""CAGR 2020\u21922030 from GHS-POP R2023A multi-epoch data"", ""s17_eurostat_supplement"": {""base_population"": null, ""base_year"": 2023, ""projected_pop_2030"": 88000000, ""projected_pop_2040"": 94000000, ""projected_pop_2050"": 97500000, ""projected_pop_2060"": 98000000, ""projected_pop_2080"": 95000000, ""pop_change_pct_2050"": null, ""pop_change_pct_2080"": null, ""receptor_growth_factor_60yr"": null, ""projection_lo_2050"": null, ""projection_hi_2050"": null, ""projection_lo_2080"": null, ""projection_hi_2080"": null, ""growth_classification"": ""stable"", ""urban_expansion_pressure"": null, ""median_age_2050"": 40.2, ""old_age_dependency_2050"": 0.31, ""net_migration_rate_projected"": null, ""projection_source"": ""nso"", ""projection_variant"": ""medium"", ""spatial_level"": ""national""}}",NE,2.36,556.73,medium,ERA5 atmospheric dispersion (ref 1991-2020) | prevailing_wind=NE(45deg) | mean_speed=2.4m/s | mean_BLH=557m | p5_BLH=373m | stable_frac=0.325 | stability=[A=0.0% B=0.0% C=67.5% D=0.0% E=32.5% F=0.0%] | wind_rose_dominant=NE | source=copernicus_era5,,,,alluvial,,medium,,2026-04-20 21:28:49.312654+00:00,audit_postlogging_20260421,api,merge_phase2_20260421
TR,Akdeniz Enerji power station,5fa0dfa9-c272-444e-8e70-80ab55b5d36c,26.87,8.01,8.45,18.53,2110,6442,16586,372484,ghsl_pop_100m_r2023a,"5 km: 2,110 pop, 27 p/km²; 16 km: 6,442 pop, 8 p/km²; 25 km: 16,586 pop, 8 p/km²; 80 km: 372,484 pop, 19 p/km²; Epoch: 2020; Source: GHS-POP R2023A 100 m (Mollweide)",,,,gisco_urau_2021,No city >50k within search radius; Cities >50k within 25 km: 0; Cities >50k within 80 km: 0; Settlement hierarchy: rural; Source: Eurostat GISCO Urban Audit 2021 + urb_cpop1,-1.036,18188,ghsl_pop_100m_r2023a,"{""ghsl_note"": ""CAGR 2020\u21922030 from GHS-POP R2023A multi-epoch data"", ""s17_eurostat_supplement"": {""base_population"": null, ""base_year"": 2023, ""projected_pop_2030"": 88000000, ""projected_pop_2040"": 94000000, ""projected_pop_2050"": 97500000, ""projected_pop_2060"": 98000000, ""projected_pop_2080"": 95000000, ""pop_change_pct_2050"": null, ""pop_change_pct_2080"": null, ""receptor_growth_factor_60yr"": null, ""projection_lo_2050"": null, ""projection_hi_2050"": null, ""projection_lo_2080"": null, ""projection_hi_2080"": null, ""growth_classification"": ""stable"", ""urban_expansion_pressure"": null, ""median_age_2050"": 40.2, ""old_age_dependency_2050"": 0.31, ""net_migration_rate_projected"": null, ""projection_source"": ""nso"", ""projection_variant"": ""medium"", ""spatial_level"": ""national""}}",SW,1.58,441.57,medium,ERA5 atmospheric dispersion (ref 1991-2020) | prevailing_wind=SW(225deg) | mean_speed=1.6m/s | mean_BLH=442m | p5_BLH=339m | stable_frac=0.806 | stability=[A=0.0% B=0.0% C=19.4% D=0.0% E=80.6% F=0.0%] | wind_rose_dominant=SW | source=copernicus_era5,,,,sedimentary carbonates,,medium,,2026-04-20 21:28:49.323277+00:00,audit_postlogging_20260421,api,merge_phase2_20260421
TR,Aksa Akrilik power station,992a4bf0-3ff0-4f12-bb89-50dc9e8d7d35,465.71,887.4,792.01,968.94,36573,713617,1554943,19479501,ghsl_pop_100m_r2023a,"5 km: 36,573 pop, 466 p/km²; 16 km: 713,617 pop, 887 p/km²; 25 km: 1,554,943 pop, 792 p/km²; 80 km: 19,479,501 pop, 969 p/km²; Epoch: 2020; Source: GHS-POP R2023A 100 m (Mollweide)",,,,gisco_urau_2021,No city >50k within search radius; Cities >50k within 25 km: 0; Cities >50k within 80 km: 0; Settlement hierarchy: rural; Source: Eurostat GISCO Urban Audit 2021 + urb_cpop1,1.668,1704707,ghsl_pop_100m_r2023a,"{""ghsl_note"": ""CAGR 2020\u21922030 from GHS-POP R2023A multi-epoch data"", ""s17_eurostat_supplement"": {""base_population"": null, ""base_year"": 2023, ""projected_pop_2030"": 88000000, ""projected_pop_2040"": 94000000, ""projected_pop_2050"": 97500000, ""projected_pop_2060"": 98000000, ""projected_pop_2080"": 95000000, ""pop_change_pct_2050"": null, ""pop_change_pct_2080"": null, ""receptor_growth_factor_60yr"": null, ""projection_lo_2050"": null, ""projection_hi_2050"": null, ""projection_lo_2080"": null, ""projection_hi_2080"": null, ""growth_classification"": ""stable"", ""urban_expansion_pressure"": null, ""median_age_2050"": 40.2, ""old_age_dependency_2050"": 0.31, ""net_migration_rate_projected"": null, ""projection_source"": ""nso"", ""projection_variant"": ""medium"", ""spatial_level"": ""national""}}",NNE,1.3,478.64,medium,ERA5 atmospheric dispersion (ref 1991-2020) | prevailing_wind=NNE(22deg) | mean_speed=1.3m/s | mean_BLH=479m | p5_BLH=303m | stable_frac=0.622 | stability=[A=0.0% B=0.0% C=37.8% D=0.0% E=62.2% F=0.0%] | wind_rose_dominant=NNE | source=copernicus_era5,,,,low permeability,,medium,,2026-04-20 21:28:49.335886+00:00,audit_postlogging_20260421,api,merge_phase2_20260421
TR,Albayrak Varaka Paper power station,cb825b0f-e315-4221-b194-43d5b472382d,113.14,502.84,241.43,77.85,8885,404366,474000,1565139,ghsl_pop_100m_r2023a,"5 km: 8,885 pop, 113 p/km²; 16 km: 404,366 pop, 503 p/km²; 25 km: 474,000 pop, 241 p/km²; 80 km: 1,565,139 pop, 78 p/km²; Epoch: 2020; Source: GHS-POP R2023A 100 m (Mollweide)",,,,gisco_urau_2021,No city >50k within search radius; Cities >50k within 25 km: 0; Cities >50k within 80 km: 0; Settlement hierarchy: rural; Source: Eurostat GISCO Urban Audit 2021 + urb_cpop1,1.024,519649,ghsl_pop_100m_r2023a,"{""ghsl_note"": ""CAGR 2020\u21922030 from GHS-POP R2023A multi-epoch data"", ""s17_eurostat_supplement"": {""base_population"": null, ""base_year"": 2023, ""projected_pop_2030"": 88000000, ""projected_pop_2040"": 94000000, ""projected_pop_2050"": 97500000, ""projected_pop_2060"": 98000000, ""projected_pop_2080"": 95000000, ""pop_change_pct_2050"": null, ""pop_change_pct_2080"": null, ""receptor_growth_factor_60yr"": null, ""projection_lo_2050"": null, ""projection_hi_2050"": null, ""projection_lo_2080"": null, ""projection_hi_2080"": null, ""growth_classification"": ""stable"", ""urban_expansion_pressure"": null, ""median_age_2050"": 40.2, ""old_age_dependency_2050"": 0.31, ""net_migration_rate_projected"": null, ""projection_source"": ""nso"", ""projection_variant"": ""medium"", ""spatial_level"": ""national""}}",N,1.46,560.24,medium,ERA5 atmospheric dispersion (ref 1991-2020) | prevailing_wind=N(0deg) | mean_speed=1.5m/s | mean_BLH=560m | p5_BLH=335m | stable_frac=0.378 | stability=[A=0.0% B=0.0% C=62.2% D=0.0% E=37.8% F=0.0%] | wind_rose_dominant=N | source=copernicus_era5,,,,hard rocks,,medium,,2026-04-20 21:28:49.349088+00:00,audit_postlogging_20260421,api,merge_phase2_20260421
TR,Aliağa Enka power station,bcb86777-4a54-4891-bb26-35b201bbd57d,333.85,175.47,134.86,231.8,26218,141109,264775,4660071,ghsl_pop_100m_r2023a,"5 km: 26,218 pop, 334 p/km²; 16 km: 141,109 pop, 175 p/km²; 25 km: 264,775 pop, 135 p/km²; 80 km: 4,660,071 pop, 232 p/km²; Epoch: 2020; Source: GHS-POP R2023A 100 m (Mollweide)",,,,gisco_urau_2021,No city >50k within search radius; Cities >50k within 25 km: 0; Cities >50k within 80 km: 0; Settlement hierarchy: rural; Source: Eurostat GISCO Urban Audit 2021 + urb_cpop1,0.331,290270,ghsl_pop_100m_r2023a,"{""ghsl_note"": ""CAGR 2020\u21922030 from GHS-POP R2023A multi-epoch data"", ""s17_eurostat_supplement"": {""base_population"": null, ""base_year"": 2023, ""projected_pop_2030"": 88000000, ""projected_pop_2040"": 94000000, ""projected_pop_2050"": 97500000, ""projected_pop_2060"": 98000000, ""projected_pop_2080"": 95000000, ""pop_change_pct_2050"": null, ""pop_change_pct_2080"": null, ""receptor_growth_factor_60yr"": null, ""projection_lo_2050"": null, ""projection_hi_2050"": null, ""projection_lo_2080"": null, ""projection_hi_2080"": null, ""growth_classification"": ""stable"", ""urban_expansion_pressure"": null, ""median_age_2050"": 40.2, ""old_age_dependency_2050"": 0.31, ""net_migration_rate_projected"": null, ""projection_source"": ""nso"", ""projection_variant"": ""medium"", ""spatial_level"": ""national""}}",N,1.91,553.79,medium,ERA5 atmospheric dispersion (ref 1991-2020) | prevailing_wind=N(0deg) | mean_speed=1.9m/s | mean_BLH=554m | p5_BLH=382m | stable_frac=0.350 | stability=[A=0.0% B=0.0% C=65.0% D=0.0% E=35.0% F=0.0%] | wind_rose_dominant=N | source=copernicus_era5,,,,sedimentary carbonates,,medium,,2026-04-20 21:28:49.361886+00:00,audit_postlogging_20260421,api,merge_phase2_20260421
TR,Alpu power station,9699244b-14c0-4e27-afd1-105494fccd60,17.0,18.48,57.17,58.86,1335,14860,112249,1183284,ghsl_pop_100m_r2023a,"5 km: 1,335 pop, 17 p/km²; 16 km: 14,860 pop, 18 p/km²; 25 km: 112,249 pop, 57 p/km²; 80 km: 1,183,284 pop, 59 p/km²; Epoch: 2020; Source: GHS-POP R2023A 100 m (Mollweide)",,,,gisco_urau_2021,No city >50k within search radius; Cities >50k within 25 km: 0; Cities >50k within 80 km: 0; Settlement hierarchy: rural; Source: Eurostat GISCO Urban Audit 2021 + urb_cpop1,2.226,123052,ghsl_pop_100m_r2023a,"{""ghsl_note"": ""CAGR 2020\u21922030 from GHS-POP R2023A multi-epoch data"", ""s17_eurostat_supplement"": {""base_population"": null, ""base_year"": 2023, ""projected_pop_2030"": 88000000, ""projected_pop_2040"": 94000000, ""projected_pop_2050"": 97500000, ""projected_pop_2060"": 98000000, ""projected_pop_2080"": 95000000, ""pop_change_pct_2050"": null, ""pop_change_pct_2080"": null, ""receptor_growth_factor_60yr"": null, ""projection_lo_2050"": null, ""projection_hi_2050"": null, ""projection_lo_2080"": null, ""projection_hi_2080"": null, ""growth_classification"": ""stable"", ""urban_expansion_pressure"": null, ""median_age_2050"": 40.2, ""old_age_dependency_2050"": 0.31, ""net_migration_rate_projected"": null, ""projection_source"": ""nso"", ""projection_variant"": ""medium"", ""spatial_level"": ""national""}}",NW,0.93,541.5,medium,ERA5 atmospheric dispersion (ref 1991-2020) | prevailing_wind=NW(315deg) | mean_speed=0.9m/s | mean_BLH=541m | p5_BLH=232m | stable_frac=0.436 | stability=[A=0.0% B=0.0% C=56.4% D=0.0% E=43.6% F=0.0%] | wind_rose_dominant=NW | source=copernicus_era5,,,,alluvial,,medium,,2026-04-20 21:28:49.373571+00:00,audit_postlogging_20260421,api,merge_phase2_20260421
TR,Amasra Bartın power station,9163ca37-1b31-409d-974f-9e7ed5e5f33d,103.91,151.01,76.1,47.44,8160,121439,149412,953631,ghsl_pop_100m_r2023a,"5 km: 8,160 pop, 104 p/km²; 16 km: 121,439 pop, 151 p/km²; 25 km: 149,412 pop, 76 p/km²; 80 km: 953,631 pop, 47 p/km²; Epoch: 2020; Source: GHS-POP R2023A 100 m (Mollweide)",,,,gisco_urau_2021,No city >50k within search radius; Cities >50k within 25 km: 0; Cities >50k within 80 km: 0; Settlement hierarchy: rural; Source: Eurostat GISCO Urban Audit 2021 + urb_cpop1,0.592,163796,ghsl_pop_100m_r2023a,"{""ghsl_note"": ""CAGR 2020\u21922030 from GHS-POP R2023A multi-epoch data"", ""s17_eurostat_supplement"": {""base_population"": null, ""base_year"": 2023, ""projected_pop_2030"": 88000000, ""projected_pop_2040"": 94000000, ""projected_pop_2050"": 97500000, ""projected_pop_2060"": 98000000, ""projected_pop_2080"": 95000000, ""pop_change_pct_2050"": null, ""pop_change_pct_2080"": null, ""receptor_growth_factor_60yr"": null, ""projection_lo_2050"": null, ""projection_hi_2050"": null, ""projection_lo_2080"": null, ""projection_hi_2080"": null, ""growth_classification"": ""stable"", ""urban_expansion_pressure"": null, ""median_age_2050"": 40.2, ""old_age_dependency_2050"": 0.31, ""net_migration_rate_projected"": null, ""projection_source"": ""nso"", ""projection_variant"": ""medium"", ""spatial_level"": ""national""}}",NNE,1.18,382.17,medium,ERA5 atmospheric dispersion (ref 1991-2020) | prevailing_wind=NNE(22deg) | mean_speed=1.2m/s | mean_BLH=382m | p5_BLH=228m | stable_frac=0.886 | stability=[A=0.0% B=0.0% C=11.4% D=0.0% E=88.6% F=0.0%] | wind_rose_dominant=NNE | source=copernicus_era5,,,,sedimentary carbonates,,medium,,2026-04-20 21:28:49.385270+00:00,audit_postlogging_20260421,api,merge_phase2_20260421
TR,Ant Enerji power station,8782d6f2-5f9f-4c67-b9f2-6756857bd200,25.29,65.18,73.9,86.79,1986,52419,145091,1744816,ghsl_pop_100m_r2023a,"5 km: 1,986 pop, 25 p/km²; 16 km: 52,419 pop, 65 p/km²; 25 km: 145,091 pop, 74 p/km²; 80 km: 1,744,816 pop, 87 p/km²; Epoch: 2020; Source: GHS-POP R2023A 100 m (Mollweide)",,,,gisco_urau_2021,No city >50k within search radius; Cities >50k within 25 km: 0; Cities >50k within 80 km: 0; Settlement hierarchy: rural; Source: Eurostat GISCO Urban Audit 2021 + urb_cpop1,1.386,159061,ghsl_pop_100m_r2023a,"{""ghsl_note"": ""CAGR 2020\u21922030 from GHS-POP R2023A multi-epoch data"", ""s17_eurostat_supplement"": {""base_population"": null, ""base_year"": 2023, ""projected_pop_2030"": 88000000, ""projected_pop_2040"": 94000000, ""projected_pop_2050"": 97500000, ""projected_pop_2060"": 98000000, ""projected_pop_2080"": 95000000, ""pop_change_pct_2050"": null, ""pop_change_pct_2080"": null, ""receptor_growth_factor_60yr"": null, ""projection_lo_2050"": null, ""projection_hi_2050"": null, ""projection_lo_2080"": null, ""projection_hi_2080"": null, ""growth_classification"": ""stable"", ""urban_expansion_pressure"": null, ""median_age_2050"": 40.2, ""old_age_dependency_2050"": 0.31, ""net_migration_rate_projected"": null, ""projection_source"": ""nso"", ""projection_variant"": ""medium"", ""spatial_level"": ""national""}}",NW,0.86,538.36,medium,ERA5 atmospheric dispersion (ref 1991-2020) | prevailing_wind=NW(315deg) | mean_speed=0.9m/s | mean_BLH=538m | p5_BLH=302m | stable_frac=0.497 | stability=[A=0.0% B=0.0% C=50.3% D=0.0% E=49.7% F=0.0%] | wind_rose_dominant=NW | source=copernicus_era5,,,,hard rocks,,medium,,2026-04-20 21:28:49.398248+00:00,audit_postlogging_20260421,api,merge_phase2_20260421
TR,Astoria Ceyhan power station,b5a75ec8-a2fe-42ad-b33e-ea32e20ebdfb,98.19,109.76,232.69,182.74,7711,88262,456835,3673797,ghsl_pop_100m_r2023a,"5 km: 7,711 pop, 98 p/km²; 16 km: 88,262 pop, 110 p/km²; 25 km: 456,835 pop, 233 p/km²; 80 km: 3,673,797 pop, 183 p/km²; Epoch: 2020; Source: GHS-POP R2023A 100 m (Mollweide)",,,,gisco_urau_2021,No city >50k within search radius; Cities >50k within 25 km: 0; Cities >50k within 80 km: 0; Settlement hierarchy: rural; Source: Eurostat GISCO Urban Audit 2021 + urb_cpop1,-0.095,500837,ghsl_pop_100m_r2023a,"{""ghsl_note"": ""CAGR 2020\u21922030 from GHS-POP R2023A multi-epoch data"", ""s17_eurostat_supplement"": {""base_population"": null, ""base_year"": 2023, ""projected_pop_2030"": 88000000, ""projected_pop_2040"": 94000000, ""projected_pop_2050"": 97500000, ""projected_pop_2060"": 98000000, ""projected_pop_2080"": 95000000, ""pop_change_pct_2050"": null, ""pop_change_pct_2080"": null, ""receptor_growth_factor_60yr"": null, ""projection_lo_2050"": null, ""projection_hi_2050"": null, ""projection_lo_2080"": null, ""projection_hi_2080"": null, ""growth_classification"": ""stable"", ""urban_expansion_pressure"": null, ""median_age_2050"": 40.2, ""old_age_dependency_2050"": 0.31, ""net_migration_rate_projected"": null, ""projection_source"": ""nso"", ""projection_variant"": ""medium"", ""spatial_level"": ""national""}}",SSW,1.07,378.73,medium,ERA5 atmospheric dispersion (ref 1991-2020) | prevailing_wind=SSW(202deg) | mean_speed=1.1m/s | mean_BLH=379m | p5_BLH=205m | stable_frac=0.842 | stability=[A=0.0% B=0.0% C=15.8% D=0.0% E=84.2% F=0.0%] | wind_rose_dominant=SSW | source=copernicus_era5,,,,alluvial,,medium,,2026-04-20 21:28:49.410151+00:00,audit_postlogging_20260421,api,merge_phase2_20260421
TR,Atakaş power station,c6b846cb-3a01-4e17-9d51-da4b58fd1827,923.87,596.16,330.1,189.16,72553,479411,648084,3802925,ghsl_pop_100m_r2023a,"5 km: 72,553 pop, 924 p/km²; 16 km: 479,411 pop, 596 p/km²; 25 km: 648,084 pop, 330 p/km²; 80 km: 3,802,925 pop, 189 p/km²; Epoch: 2020; Source: GHS-POP R2023A 100 m (Mollweide)",,,,gisco_urau_2021,No city >50k within search radius; Cities >50k within 25 km: 0; Cities >50k within 80 km: 0; Settlement hierarchy: rural; Source: Eurostat GISCO Urban Audit 2021 + urb_cpop1,1.871,710501,ghsl_pop_100m_r2023a,"{""ghsl_note"": ""CAGR 2020\u21922030 from GHS-POP R2023A multi-epoch data"", ""s17_eurostat_supplement"": {""base_population"": null, ""base_year"": 2023, ""projected_pop_2030"": 88000000, ""projected_pop_2040"": 94000000, ""projected_pop_2050"": 97500000, ""projected_pop_2060"": 98000000, ""projected_pop_2080"": 95000000, ""pop_change_pct_2050"": null, ""pop_change_pct_2080"": null, ""receptor_growth_factor_60yr"": null, ""projection_lo_2050"": null, ""projection_hi_2050"": null, ""projection_lo_2080"": null, ""projection_hi_2080"": null, ""growth_classification"": ""stable"", ""urban_expansion_pressure"": null, ""median_age_2050"": 40.2, ""old_age_dependency_2050"": 0.31, ""net_migration_rate_projected"": null, ""projection_source"": ""nso"", ""projection_variant"": ""medium"", ""spatial_level"": ""national""}}",W,1.16,396.11,medium,ERA5 atmospheric dispersion (ref 1991-2020) | prevailing_wind=W(270deg) | mean_speed=1.2m/s | mean_BLH=396m | p5_BLH=263m | stable_frac=0.867 | stability=[A=0.0% B=0.0% C=13.3% D=0.0% E=86.7% F=0.0%] | wind_rose_dominant=W | source=copernicus_era5,,,,hard rocks,,medium,,2026-04-20 21:28:49.420938+00:00,audit_postlogging_20260421,api,merge_phase2_20260421
TR,Atlas Enerji İskenderun power station,1ce7624e-1d72-4293-8ff4-09096b56ddd2,567.57,595.77,344.12,190.49,44572,479097,675617,3829503,ghsl_pop_100m_r2023a,"5 km: 44,572 pop, 568 p/km²; 16 km: 479,097 pop, 596 p/km²; 25 km: 675,617 pop, 344 p/km²; 80 km: 3,829,503 pop, 190 p/km²; Epoch: 2020; Source: GHS-POP R2023A 100 m (Mollweide)",,,,gisco_urau_2021,No city >50k within search radius; Cities >50k within 25 km: 0; Cities >50k within 80 km: 0; Settlement hierarchy: rural; Source: Eurostat GISCO Urban Audit 2021 + urb_cpop1,1.864,740677,ghsl_pop_100m_r2023a,"{""ghsl_note"": ""CAGR 2020\u21922030 from GHS-POP R2023A multi-epoch data"", ""s17_eurostat_supplement"": {""base_population"": null, ""base_year"": 2023, ""projected_pop_2030"": 88000000, ""projected_pop_2040"": 94000000, ""projected_pop_2050"": 97500000, ""projected_pop_2060"": 98000000, ""projected_pop_2080"": 95000000, ""pop_change_pct_2050"": null, ""pop_change_pct_2080"": null, ""receptor_growth_factor_60yr"": null, ""projection_lo_2050"": null, ""projection_hi_2050"": null, ""projection_lo_2080"": null, ""projection_hi_2080"": null, ""growth_classification"": ""stable"", ""urban_expansion_pressure"": null, ""median_age_2050"": 40.2, ""old_age_dependency_2050"": 0.31, ""net_migration_rate_projected"": null, ""projection_source"": ""nso"", ""projection_variant"": ""medium"", ""spatial_level"": ""national""}}",W,1.16,396.11,medium,ERA5 atmospheric dispersion (ref 1991-2020) | prevailing_wind=W(270deg) | mean_speed=1.2m/s | mean_BLH=396m | p5_BLH=263m | stable_frac=0.867 | stability=[A=0.0% B=0.0% C=13.3% D=0.0% E=86.7% F=0.0%] | wind_rose_dominant=W | source=copernicus_era5,,,,hard rocks,,medium,,2026-04-20 21:28:49.432506+00:00,audit_postlogging_20260421,api,merge_phase2_20260421
TR,Avdan power station,c7afd455-7beb-4d23-8d3b-e9a102782d2b,4638.69,763.81,361.2,76.65,364285,614228,709145,1541025,ghsl_pop_100m_r2023a,"5 km: 364,285 pop, 4639 p/km²; 16 km: 614,228 pop, 764 p/km²; 25 km: 709,145 pop, 361 p/km²; 80 km: 1,541,025 pop, 77 p/km²; Epoch: 2020; Source: GHS-POP R2023A 100 m (Mollweide)",,,,gisco_urau_2021,No city >50k within search radius; Cities >50k within 25 km: 0; Cities >50k within 80 km: 0; Settlement hierarchy: rural; Source: Eurostat GISCO Urban Audit 2021 + urb_cpop1,-0.58,777440,ghsl_pop_100m_r2023a,"{""ghsl_note"": ""CAGR 2020\u21922030 from GHS-POP R2023A multi-epoch data"", ""s17_eurostat_supplement"": {""base_population"": null, ""base_year"": 2023, ""projected_pop_2030"": 88000000, ""projected_pop_2040"": 94000000, ""projected_pop_2050"": 97500000, ""projected_pop_2060"": 98000000, ""projected_pop_2080"": 95000000, ""pop_change_pct_2050"": null, ""pop_change_pct_2080"": null, ""receptor_growth_factor_60yr"": null, ""projection_lo_2050"": null, ""projection_hi_2050"": null, ""projection_lo_2080"": null, ""projection_hi_2080"": null, ""growth_classification"": ""stable"", ""urban_expansion_pressure"": null, ""median_age_2050"": 40.2, ""old_age_dependency_2050"": 0.31, ""net_migration_rate_projected"": null, ""projection_source"": ""nso"", ""projection_variant"": ""medium"", ""spatial_level"": ""national""}}",NNW,0.65,609.24,medium,ERA5 atmospheric dispersion (ref 1991-2020) | prevailing_wind=NNW(338deg) | mean_speed=0.6m/s | mean_BLH=609m | p5_BLH=219m | stable_frac=0.428 | stability=[A=0.0% B=12.8% C=44.4% D=0.0% E=42.8% F=0.0%] | wind_rose_dominant=NNW | source=copernicus_era5,,,,hard rocks,,medium,,2026-04-20 21:28:49.443773+00:00,audit_postlogging_20260421,api,merge_phase2_20260421
TR,Ayas power station,7a805295-0cd2-48be-972e-5282c996549c,901.96,325.7,198.68,199.71,70833,261915,390064,4015037,ghsl_pop_100m_r2023a,"5 km: 70,833 pop, 902 p/km²; 16 km: 261,915 pop, 326 p/km²; 25 km: 390,064 pop, 199 p/km²; 80 km: 4,015,037 pop, 200 p/km²; Epoch: 2020; Source: GHS-POP R2023A 100 m (Mollweide)",,,,gisco_urau_2021,No city >50k within search radius; Cities >50k within 25 km: 0; Cities >50k within 80 km: 0; Settlement hierarchy: rural; Source: Eurostat GISCO Urban Audit 2021 + urb_cpop1,-0.548,427635,ghsl_pop_100m_r2023a,"{""ghsl_note"": ""CAGR 2020\u21922030 from GHS-POP R2023A multi-epoch data"", ""s17_eurostat_supplement"": {""base_population"": null, ""base_year"": 2023, ""projected_pop_2030"": 88000000, ""projected_pop_2040"": 94000000, ""projected_pop_2050"": 97500000, ""projected_pop_2060"": 98000000, ""projected_pop_2080"": 95000000, ""pop_change_pct_2050"": null, ""pop_change_pct_2080"": null, ""receptor_growth_factor_60yr"": null, ""projection_lo_2050"": null, ""projection_hi_2050"": null, ""projection_lo_2080"": null, ""projection_hi_2080"": null, ""growth_classification"": ""stable"", ""urban_expansion_pressure"": null, ""median_age_2050"": 40.2, ""old_age_dependency_2050"": 0.31, ""net_migration_rate_projected"": null, ""projection_source"": ""nso"", ""projection_variant"": ""medium"", ""spatial_level"": ""national""}}",SSW,1.62,407.82,medium,ERA5 atmospheric dispersion (ref 1991-2020) | prevailing_wind=SSW(202deg) | mean_speed=1.6m/s | mean_BLH=408m | p5_BLH=284m | stable_frac=0.836 | stability=[A=0.0% B=0.0% C=16.4% D=0.0% E=83.6% F=0.0%] | wind_rose_dominant=SSW | source=copernicus_era5,,,,alluvial,,medium,,2026-04-20 21:28:49.454474+00:00,audit_postlogging_20260421,api,merge_phase2_20260421
TR,Babadere power station,b8875ff2-9e9d-4520-8879-c71468e9cc50,14.12,11.49,24.23,36.99,1109,9242,47575,743625,ghsl_pop_100m_r2023a,"5 km: 1,109 pop, 14 p/km²; 16 km: 9,242 pop, 11 p/km²; 25 km: 47,575 pop, 24 p/km²; 80 km: 743,625 pop, 37 p/km²; Epoch: 2020; Source: GHS-POP R2023A 100 m (Mollweide)",,,,gisco_urau_2021,No city >50k within search radius; Cities >50k within 25 km: 0; Cities >50k within 80 km: 0; Settlement hierarchy: rural; Source: Eurostat GISCO Urban Audit 2021 + urb_cpop1,0.718,52152,ghsl_pop_100m_r2023a,"{""ghsl_note"": ""CAGR 2020\u21922030 from GHS-POP R2023A multi-epoch data"", ""s17_eurostat_supplement"": {""base_population"": null, ""base_year"": 2023, ""projected_pop_2030"": 88000000, ""projected_pop_2040"": 94000000, ""projected_pop_2050"": 97500000, ""projected_pop_2060"": 98000000, ""projected_pop_2080"": 95000000, ""pop_change_pct_2050"": null, ""pop_change_pct_2080"": null, ""receptor_growth_factor_60yr"": null, ""projection_lo_2050"": null, ""projection_hi_2050"": null, ""projection_lo_2080"": null, ""projection_hi_2080"": null, ""growth_classification"": ""stable"", ""urban_expansion_pressure"": null, ""median_age_2050"": 40.2, ""old_age_dependency_2050"": 0.31, ""net_migration_rate_projected"": null, ""projection_source"": ""nso"", ""projection_variant"": ""medium"", ""spatial_level"": ""national""}}",N,2.86,538.89,medium,ERA5 atmospheric dispersion (ref 1991-2020) | prevailing_wind=N(0deg) | mean_speed=2.9m/s | mean_BLH=539m | p5_BLH=325m | stable_frac=0.433 | stability=[A=0.0% B=0.0% C=56.7% D=0.0% E=43.3% F=0.0%] | wind_rose_dominant=N | source=copernicus_era5,,,,low permeability,,medium,,2026-04-20 21:28:49.465457+00:00,audit_postlogging_20260421,api,merge_phase2_20260421
TR,Bandırma Elektrik power station,ba1f1f36-18b4-49ae-9882-f90418dc88ce,18.31,74.7,137.08,73.0,1438,60075,269137,1467673,ghsl_pop_100m_r2023a,"5 km: 1,438 pop, 18 p/km²; 16 km: 60,075 pop, 75 p/km²; 25 km: 269,137 pop, 137 p/km²; 80 km: 1,467,673 pop, 73 p/km²; Epoch: 2020; Source: GHS-POP R2023A 100 m (Mollweide)",,,,gisco_urau_2021,No city >50k within search radius; Cities >50k within 25 km: 0; Cities >50k within 80 km: 0; Settlement hierarchy: rural; Source: Eurostat GISCO Urban Audit 2021 + urb_cpop1,0.989,295048,ghsl_pop_100m_r2023a,"{""ghsl_note"": ""CAGR 2020\u21922030 from GHS-POP R2023A multi-epoch data"", ""s17_eurostat_supplement"": {""base_population"": null, ""base_year"": 2023, ""projected_pop_2030"": 88000000, ""projected_pop_2040"": 94000000, ""projected_pop_2050"": 97500000, ""projected_pop_2060"": 98000000, ""projected_pop_2080"": 95000000, ""pop_change_pct_2050"": null, ""pop_change_pct_2080"": null, ""receptor_growth_factor_60yr"": null, ""projection_lo_2050"": null, ""projection_hi_2050"": null, ""projection_lo_2080"": null, ""projection_hi_2080"": null, ""growth_classification"": ""stable"", ""urban_expansion_pressure"": null, ""median_age_2050"": 40.2, ""old_age_dependency_2050"": 0.31, ""net_migration_rate_projected"": null, ""projection_source"": ""nso"", ""projection_variant"": ""medium"", ""spatial_level"": ""national""}}",NNE,1.84,578.71,medium,ERA5 atmospheric dispersion (ref 1991-2020) | prevailing_wind=NNE(22deg) | mean_speed=1.8m/s | mean_BLH=579m | p5_BLH=396m | stable_frac=0.308 | stability=[A=0.0% B=0.0% C=69.2% D=0.0% E=30.8% F=0.0%] | wind_rose_dominant=NNE | source=copernicus_era5,,,,low permeability,,medium,,2026-04-20 21:28:49.477138+00:00,audit_postlogging_20260421,api,merge_phase2_20260421
TR,Bandırma III power station,fecb62d9-6fb8-4f8d-83e3-78a7c75adb6e,28.78,41.71,95.59,86.97,2260,33538,187678,1748432,ghsl_pop_100m_r2023a,"5 km: 2,260 pop, 29 p/km²; 16 km: 33,538 pop, 42 p/km²; 25 km: 187,678 pop, 96 p/km²; 80 km: 1,748,432 pop, 87 p/km²; Epoch: 2020; Source: GHS-POP R2023A 100 m (Mollweide)",,,,gisco_urau_2021,No city >50k within search radius; Cities >50k within 25 km: 0; Cities >50k within 80 km: 0; Settlement hierarchy: rural; Source: Eurostat GISCO Urban Audit 2021 + urb_cpop1,1.094,205746,ghsl_pop_100m_r2023a,"{""ghsl_note"": ""CAGR 2020\u21922030 from GHS-POP R2023A multi-epoch data"", ""s17_eurostat_supplement"": {""base_population"": null, ""base_year"": 2023, ""projected_pop_2030"": 88000000, ""projected_pop_2040"": 94000000, ""projected_pop_2050"": 97500000, ""projected_pop_2060"": 98000000, ""projected_pop_2080"": 95000000, ""pop_change_pct_2050"": null, ""pop_change_pct_2080"": null, ""receptor_growth_factor_60yr"": null, ""projection_lo_2050"": null, ""projection_hi_2050"": null, ""projection_lo_2080"": null, ""projection_hi_2080"": null, ""growth_classification"": ""stable"", ""urban_expansion_pressure"": null, ""median_age_2050"": 40.2, ""old_age_dependency_2050"": 0.31, ""net_migration_rate_projected"": null, ""projection_source"": ""nso"", ""projection_variant"": ""medium"", ""spatial_level"": ""national""}}",NNE,1.8,586.2,medium,ERA5 atmospheric dispersion (ref 1991-2020) | prevailing_wind=NNE(22deg) | mean_speed=1.8m/s | mean_BLH=586m | p5_BLH=354m | stable_frac=0.300 | stability=[A=0.0% B=0.0% C=70.0% D=0.0% E=30.0% F=0.0%] | wind_rose_dominant=NNE | source=copernicus_era5,,,,low permeability,,medium,,2026-04-20 21:28:49.492800+00:00,audit_postlogging_20260421,api,merge_phase2_20260421
TR,Bandırma Karat power station,bb2453b0-c76d-40ea-bcc4-870391f05b2f,1622.92,217.63,108.43,68.52,127451,175013,212878,1377567,ghsl_pop_100m_r2023a,"5 km: 127,451 pop, 1623 p/km²; 16 km: 175,013 pop, 218 p/km²; 25 km: 212,878 pop, 108 p/km²; 80 km: 1,377,567 pop, 69 p/km²; Epoch: 2020; Source: GHS-POP R2023A 100 m (Mollweide)",,,,gisco_urau_2021,No city >50k within search radius; Cities >50k within 25 km: 0; Cities >50k within 80 km: 0; Settlement hierarchy: rural; Source: Eurostat GISCO Urban Audit 2021 + urb_cpop1,1.324,233383,ghsl_pop_100m_r2023a,"{""ghsl_note"": ""CAGR 2020\u21922030 from GHS-POP R2023A multi-epoch data"", ""s17_eurostat_supplement"": {""base_population"": null, ""base_year"": 2023, ""projected_pop_2030"": 88000000, ""projected_pop_2040"": 94000000, ""projected_pop_2050"": 97500000, ""projected_pop_2060"": 98000000, ""projected_pop_2080"": 95000000, ""pop_change_pct_2050"": null, ""pop_change_pct_2080"": null, ""receptor_growth_factor_60yr"": null, ""projection_lo_2050"": null, ""projection_hi_2050"": null, ""projection_lo_2080"": null, ""projection_hi_2080"": null, ""growth_classification"": ""stable"", ""urban_expansion_pressure"": null, ""median_age_2050"": 40.2, ""old_age_dependency_2050"": 0.31, ""net_migration_rate_projected"": null, ""projection_source"": ""nso"", ""projection_variant"": ""medium"", ""spatial_level"": ""national""}}",NNE,1.81,571.25,medium,ERA5 atmospheric dispersion (ref 1991-2020) | prevailing_wind=NNE(22deg) | mean_speed=1.8m/s | mean_BLH=571m | p5_BLH=391m | stable_frac=0.317 | stability=[A=0.0% B=0.0% C=68.3% D=0.0% E=31.7% F=0.0%] | wind_rose_dominant=NNE | source=copernicus_era5,,,,low permeability,,medium,,2026-04-20 21:28:49.503796+00:00,audit_postlogging_20260421,api,merge_phase2_20260421
TR,Barbaros-1 power station,1289753b-43db-4058-8fe1-6e38b5fb01b5,245.71,30.25,40.7,25.81,19296,24326,79907,518946,ghsl_pop_100m_r2023a,"5 km: 19,296 pop, 246 p/km²; 16 km: 24,326 pop, 30 p/km²; 25 km: 79,907 pop, 41 p/km²; 80 km: 518,946 pop, 26 p/km²; Epoch: 2020; Source: GHS-POP R2023A 100 m (Mollweide)",,,,gisco_urau_2021,No city >50k within search radius; Cities >50k within 25 km: 0; Cities >50k within 80 km: 0; Settlement hierarchy: rural; Source: Eurostat GISCO Urban Audit 2021 + urb_cpop1,-0.501,87602,ghsl_pop_100m_r2023a,"{""ghsl_note"": ""CAGR 2020\u21922030 from GHS-POP R2023A multi-epoch data"", ""s17_eurostat_supplement"": {""base_population"": null, ""base_year"": 2023, ""projected_pop_2030"": 88000000, ""projected_pop_2040"": 94000000, ""projected_pop_2050"": 97500000, ""projected_pop_2060"": 98000000, ""projected_pop_2080"": 95000000, ""pop_change_pct_2050"": null, ""pop_change_pct_2080"": null, ""receptor_growth_factor_60yr"": null, ""projection_lo_2050"": null, ""projection_hi_2050"": null, ""projection_lo_2080"": null, ""projection_hi_2080"": null, ""growth_classification"": ""stable"", ""urban_expansion_pressure"": null, ""median_age_2050"": 40.2, ""old_age_dependency_2050"": 0.31, ""net_migration_rate_projected"": null, ""projection_source"": ""nso"", ""projection_variant"": ""medium"", ""spatial_level"": ""national""}}",NW,0.97,355.11,medium,ERA5 atmospheric dispersion (ref 1991-2020) | prevailing_wind=NW(315deg) | mean_speed=1.0m/s | mean_BLH=355m | p5_BLH=210m | stable_frac=0.900 | stability=[A=0.0% B=0.0% C=10.0% D=0.0% E=90.0% F=0.0%] | wind_rose_dominant=NW | source=copernicus_era5,,,,sedimentary carbonates,,medium,,2026-04-20 21:28:49.515222+00:00,audit_postlogging_20260421,api,merge_phase2_20260421
TR,Biga power station,2350bab4-9869-43f1-b62f-a4d5aea77ef5,3.27,29.62,41.11,54.01,257,23819,80714,1085886,ghsl_pop_100m_r2023a,"5 km: 257 pop, 3 p/km²; 16 km: 23,819 pop, 30 p/km²; 25 km: 80,714 pop, 41 p/km²; 80 km: 1,085,886 pop, 54 p/km²; Epoch: 2020; Source: GHS-POP R2023A 100 m (Mollweide)",,,,gisco_urau_2021,No city >50k within search radius; Cities >50k within 25 km: 0; Cities >50k within 80 km: 0; Settlement hierarchy: rural; Source: Eurostat GISCO Urban Audit 2021 + urb_cpop1,1.49,88484,ghsl_pop_100m_r2023a,"{""ghsl_note"": ""CAGR 2020\u21922030 from GHS-POP R2023A multi-epoch data"", ""s17_eurostat_supplement"": {""base_population"": null, ""base_year"": 2023, ""projected_pop_2030"": 88000000, ""projected_pop_2040"": 94000000, ""projected_pop_2050"": 97500000, ""projected_pop_2060"": 98000000, ""projected_pop_2080"": 95000000, ""pop_change_pct_2050"": null, ""pop_change_pct_2080"": null, ""receptor_growth_factor_60yr"": null, ""projection_lo_2050"": null, ""projection_hi_2050"": null, ""projection_lo_2080"": null, ""projection_hi_2080"": null, ""growth_classification"": ""stable"", ""urban_expansion_pressure"": null, ""median_age_2050"": 40.2, ""old_age_dependency_2050"": 0.31, ""net_migration_rate_projected"": null, ""projection_source"": ""nso"", ""projection_variant"": ""medium"", ""spatial_level"": ""national""}}",NE,2.36,556.73,medium,ERA5 atmospheric dispersion (ref 1991-2020) | prevailing_wind=NE(45deg) | mean_speed=2.4m/s | mean_BLH=557m | p5_BLH=373m | stable_frac=0.325 | stability=[A=0.0% B=0.0% C=67.5% D=0.0% E=32.5% F=0.0%] | wind_rose_dominant=NE | source=copernicus_era5,,,,hard rocks,,medium,,2026-04-20 21:28:49.525893+00:00,audit_postlogging_20260421,api,merge_phase2_20260421
TR,Bingöl power station,75f807aa-8278-43a3-8654-730713b96001,0.0,28.33,20.66,41.66,0,22782,40567,837478,ghsl_pop_100m_r2023a,"5 km: 0 pop, 0 p/km²; 16 km: 22,782 pop, 28 p/km²; 25 km: 40,567 pop, 21 p/km²; 80 km: 837,478 pop, 42 p/km²; Epoch: 2020; Source: GHS-POP R2023A 100 m (Mollweide)",,,,gisco_urau_2021,No city >50k within search radius; Cities >50k within 25 km: 0; Cities >50k within 80 km: 0; Settlement hierarchy: rural; Source: Eurostat GISCO Urban Audit 2021 + urb_cpop1,0.536,44468,ghsl_pop_100m_r2023a,"{""ghsl_note"": ""CAGR 2020\u21922030 from GHS-POP R2023A multi-epoch data"", ""s17_eurostat_supplement"": {""base_population"": null, ""base_year"": 2023, ""projected_pop_2030"": 88000000, ""projected_pop_2040"": 94000000, ""projected_pop_2050"": 97500000, ""projected_pop_2060"": 98000000, ""projected_pop_2080"": 95000000, ""pop_change_pct_2050"": null, ""pop_change_pct_2080"": null, ""receptor_growth_factor_60yr"": null, ""projection_lo_2050"": null, ""projection_hi_2050"": null, ""projection_lo_2080"": null, ""projection_hi_2080"": null, ""growth_classification"": ""stable"", ""urban_expansion_pressure"": null, ""median_age_2050"": 40.2, ""old_age_dependency_2050"": 0.31, ""net_migration_rate_projected"": null, ""projection_source"": ""nso"", ""projection_variant"": ""medium"", ""spatial_level"": ""national""}}",NNE,0.47,532.09,medium,ERA5 atmospheric dispersion (ref 1991-2020) | prevailing_wind=NNE(22deg) | mean_speed=0.5m/s | mean_BLH=532m | p5_BLH=139m | stable_frac=0.539 | stability=[A=0.0% B=9.4% C=36.7% D=0.0% E=52.8% F=1.1%] | wind_rose_dominant=NNE | source=copernicus_era5,,,,volcanic rocks,,medium,,2026-04-20 21:28:49.537337+00:00,audit_postlogging_20260421,api,merge_phase2_20260421
TR,Bolu Göynük power station,2b6a65d3-efb0-44d8-b88b-9aad311f4ac4,27.68,14.51,13.21,125.11,2174,11672,25941,2515296,ghsl_pop_100m_r2023a,"5 km: 2,174 pop, 28 p/km²; 16 km: 11,672 pop, 15 p/km²; 25 km: 25,941 pop, 13 p/km²; 80 km: 2,515,296 pop, 125 p/km²; Epoch: 2020; Source: GHS-POP R2023A 100 m (Mollweide)",,,,gisco_urau_2021,No city >50k within search radius; Cities >50k within 25 km: 0; Cities >50k within 80 km: 0; Settlement hierarchy: rural; Source: Eurostat GISCO Urban Audit 2021 + urb_cpop1,0.92,28433,ghsl_pop_100m_r2023a,"{""ghsl_note"": ""CAGR 2020\u21922030 from GHS-POP R2023A multi-epoch data"", ""s17_eurostat_supplement"": {""base_population"": null, ""base_year"": 2023, ""projected_pop_2030"": 88000000, ""projected_pop_2040"": 94000000, ""projected_pop_2050"": 97500000, ""projected_pop_2060"": 98000000, ""projected_pop_2080"": 95000000, ""pop_change_pct_2050"": null, ""pop_change_pct_2080"": null, ""receptor_growth_factor_60yr"": null, ""projection_lo_2050"": null, ""projection_hi_2050"": null, ""projection_lo_2080"": null, ""projection_hi_2080"": null, ""growth_classification"": ""stable"", ""urban_expansion_pressure"": null, ""median_age_2050"": 40.2, ""old_age_dependency_2050"": 0.31, ""net_migration_rate_projected"": null, ""projection_source"": ""nso"", ""projection_variant"": ""medium"", ""spatial_level"": ""national""}}",NNW,0.96,480.98,medium,ERA5 atmospheric dispersion (ref 1991-2020) | prevailing_wind=NNW(338deg) | mean_speed=1.0m/s | mean_BLH=481m | p5_BLH=228m | stable_frac=0.508 | stability=[A=0.0% B=0.0% C=49.2% D=0.0% E=50.8% F=0.0%] | wind_rose_dominant=NNW | source=copernicus_era5,,,,sedimentary carbonates,,medium,,2026-04-20 21:28:49.549043+00:00,audit_postlogging_20260421,api,merge_phase2_20260421
TR,Burnaz power station,7b4d3f8f-a644-48a3-93f9-cd3c154dc5c2,537.23,661.86,337.06,200.61,42190,532247,661756,4033130,ghsl_pop_100m_r2023a,"5 km: 42,190 pop, 537 p/km²; 16 km: 532,247 pop, 662 p/km²; 25 km: 661,756 pop, 337 p/km²; 80 km: 4,033,130 pop, 201 p/km²; Epoch: 2020; Source: GHS-POP R2023A 100 m (Mollweide)",,,,gisco_urau_2021,No city >50k within search radius; Cities >50k within 25 km: 0; Cities >50k within 80 km: 0; Settlement hierarchy: rural; Source: Eurostat GISCO Urban Audit 2021 + urb_cpop1,1.888,725481,ghsl_pop_100m_r2023a,"{""ghsl_note"": ""CAGR 2020\u21922030 from GHS-POP R2023A multi-epoch data"", ""s17_eurostat_supplement"": {""base_population"": null, ""base_year"": 2023, ""projected_pop_2030"": 88000000, ""projected_pop_2040"": 94000000, ""projected_pop_2050"": 97500000, ""projected_pop_2060"": 98000000, ""projected_pop_2080"": 95000000, ""pop_change_pct_2050"": null, ""pop_change_pct_2080"": null, ""receptor_growth_factor_60yr"": null, ""projection_lo_2050"": null, ""projection_hi_2050"": null, ""projection_lo_2080"": null, ""projection_hi_2080"": null, ""growth_classification"": ""stable"", ""urban_expansion_pressure"": null, ""median_age_2050"": 40.2, ""old_age_dependency_2050"": 0.31, ""net_migration_rate_projected"": null, ""projection_source"": ""nso"", ""projection_variant"": ""medium"", ""spatial_level"": ""national""}}",WSW,1.28,442.74,medium,ERA5 atmospheric dispersion (ref 1991-2020) | prevailing_wind=WSW(248deg) | mean_speed=1.3m/s | mean_BLH=443m | p5_BLH=273m | stable_frac=0.667 | stability=[A=0.0% B=0.0% C=33.3% D=0.0% E=66.7% F=0.0%] | wind_rose_dominant=WSW | source=copernicus_era5,,,,low permeability,,medium,,2026-04-20 21:28:49.561074+00:00,audit_postlogging_20260421,api,merge_phase2_20260421
TR,Bursa power station,3bc834ed-5c2b-47d6-b555-2e20b9044053,62.0,34.47,41.67,186.87,4869,27720,81818,3756803,ghsl_pop_100m_r2023a,"5 km: 4,869 pop, 62 p/km²; 16 km: 27,720 pop, 34 p/km²; 25 km: 81,818 pop, 42 p/km²; 80 km: 3,756,803 pop, 187 p/km²; Epoch: 2020; Source: GHS-POP R2023A 100 m (Mollweide)",,,,gisco_urau_2021,No city >50k within search radius; Cities >50k within 25 km: 0; Cities >50k within 80 km: 0; Settlement hierarchy: rural; Source: Eurostat GISCO Urban Audit 2021 + urb_cpop1,2.557,89690,ghsl_pop_100m_r2023a,"{""ghsl_note"": ""CAGR 2020\u21922030 from GHS-POP R2023A multi-epoch data"", ""s17_eurostat_supplement"": {""base_population"": null, ""base_year"": 2023, ""projected_pop_2030"": 88000000, ""projected_pop_2040"": 94000000, ""projected_pop_2050"": 97500000, ""projected_pop_2060"": 98000000, ""projected_pop_2080"": 95000000, ""pop_change_pct_2050"": null, ""pop_change_pct_2080"": null, ""receptor_growth_factor_60yr"": null, ""projection_lo_2050"": null, ""projection_hi_2050"": null, ""projection_lo_2080"": null, ""projection_hi_2080"": null, ""growth_classification"": ""stable"", ""urban_expansion_pressure"": null, ""median_age_2050"": 40.2, ""old_age_dependency_2050"": 0.31, ""net_migration_rate_projected"": null, ""projection_source"": ""nso"", ""projection_variant"": ""medium"", ""spatial_level"": ""national""}}",N,0.68,406.48,medium,ERA5 atmospheric dispersion (ref 1991-2020) | prevailing_wind=N(0deg) | mean_speed=0.7m/s | mean_BLH=406m | p5_BLH=197m | stable_frac=0.706 | stability=[A=0.0% B=0.0% C=29.4% D=0.0% E=70.6% F=0.0%] | wind_rose_dominant=N | source=copernicus_era5,,,,hard rocks,,medium,,2026-04-20 21:28:49.573844+00:00,audit_postlogging_20260421,api,merge_phase2_20260421
TR,Çalışkan Ceyhan power station,e71ec827-7143-48dd-8c8a-8e81705fa971,102.07,107.94,197.55,169.08,8016,86805,387840,3399135,ghsl_pop_100m_r2023a,"5 km: 8,016 pop, 102 p/km²; 16 km: 86,805 pop, 108 p/km²; 25 km: 387,840 pop, 198 p/km²; 80 km: 3,399,135 pop, 169 p/km²; Epoch: 2020; Source: GHS-POP R2023A 100 m (Mollweide)",,,,gisco_urau_2021,No city >50k within search radius; Cities >50k within 25 km: 0; Cities >50k within 80 km: 0; Settlement hierarchy: rural; Source: Eurostat GISCO Urban Audit 2021 + urb_cpop1,0.288,425203,ghsl_pop_100m_r2023a,"{""ghsl_note"": ""CAGR 2020\u21922030 from GHS-POP R2023A multi-epoch data"", ""s17_eurostat_supplement"": {""base_population"": null, ""base_year"": 2023, ""projected_pop_2030"": 88000000, ""projected_pop_2040"": 94000000, ""projected_pop_2050"": 97500000, ""projected_pop_2060"": 98000000, ""projected_pop_2080"": 95000000, ""pop_change_pct_2050"": null, ""pop_change_pct_2080"": null, ""receptor_growth_factor_60yr"": null, ""projection_lo_2050"": null, ""projection_hi_2050"": null, ""projection_lo_2080"": null, ""projection_hi_2080"": null, ""growth_classification"": ""stable"", ""urban_expansion_pressure"": null, ""median_age_2050"": 40.2, ""old_age_dependency_2050"": 0.31, ""net_migration_rate_projected"": null, ""projection_source"": ""nso"", ""projection_variant"": ""medium"", ""spatial_level"": ""national""}}",SSW,1.07,378.73,medium,ERA5 atmospheric dispersion (ref 1991-2020) | prevailing_wind=SSW(202deg) | mean_speed=1.1m/s | mean_BLH=379m | p5_BLH=205m | stable_frac=0.842 | stability=[A=0.0% B=0.0% C=15.8% D=0.0% E=84.2% F=0.0%] | wind_rose_dominant=SSW | source=copernicus_era5,,,,alluvial,,medium,,2026-04-20 21:28:49.585583+00:00,audit_postlogging_20260421,api,merge_phase2_20260421
TR,Çan (18 Mart) power station,ad1e8841-e4e4-413b-820a-8c14e09da5a0,84.92,72.1,35.48,52.81,6669,57983,69653,1061644,ghsl_pop_100m_r2023a,"5 km: 6,669 pop, 85 p/km²; 16 km: 57,983 pop, 72 p/km²; 25 km: 69,653 pop, 35 p/km²; 80 km: 1,061,644 pop, 53 p/km²; Epoch: 2020; Source: GHS-POP R2023A 100 m (Mollweide)",,,,gisco_urau_2021,No city >50k within search radius; Cities >50k within 25 km: 0; Cities >50k within 80 km: 0; Settlement hierarchy: rural; Source: Eurostat GISCO Urban Audit 2021 + urb_cpop1,0.882,76366,ghsl_pop_100m_r2023a,"{""ghsl_note"": ""CAGR 2020\u21922030 from GHS-POP R2023A multi-epoch data"", ""s17_eurostat_supplement"": {""base_population"": null, ""base_year"": 2023, ""projected_pop_2030"": 88000000, ""projected_pop_2040"": 94000000, ""projected_pop_2050"": 97500000, ""projected_pop_2060"": 98000000, ""projected_pop_2080"": 95000000, ""pop_change_pct_2050"": null, ""pop_change_pct_2080"": null, ""receptor_growth_factor_60yr"": null, ""projection_lo_2050"": null, ""projection_hi_2050"": null, ""projection_lo_2080"": null, ""projection_hi_2080"": null, ""growth_classification"": ""stable"", ""urban_expansion_pressure"": null, ""median_age_2050"": 40.2, ""old_age_dependency_2050"": 0.31, ""net_migration_rate_projected"": null, ""projection_source"": ""nso"", ""projection_variant"": ""medium"", ""spatial_level"": ""national""}}",NNE,1.61,535.45,medium,ERA5 atmospheric dispersion (ref 1991-2020) | prevailing_wind=NNE(22deg) | mean_speed=1.6m/s | mean_BLH=535m | p5_BLH=355m | stable_frac=0.381 | stability=[A=0.0% B=0.0% C=61.9% D=0.0% E=38.1% F=0.0%] | wind_rose_dominant=NNE | source=copernicus_era5,,,,hard rocks,,medium,,2026-04-20 21:28:49.599369+00:00,audit_postlogging_20260421,api,merge_phase2_20260421
TR,Çan-2 power station,28980273-0ba6-4c8c-b080-7ff9b33cc4c9,84.4,71.28,35.2,52.74,6628,57317,69115,1060256,ghsl_pop_100m_r2023a,"5 km: 6,628 pop, 84 p/km²; 16 km: 57,317 pop, 71 p/km²; 25 km: 69,115 pop, 35 p/km²; 80 km: 1,060,256 pop, 53 p/km²; Epoch: 2020; Source: GHS-POP R2023A 100 m (Mollweide)",,,,gisco_urau_2021,No city >50k within search radius; Cities >50k within 25 km: 0; Cities >50k within 80 km: 0; Settlement hierarchy: rural; Source: Eurostat GISCO Urban Audit 2021 + urb_cpop1,0.875,75764,ghsl_pop_100m_r2023a,"{""ghsl_note"": ""CAGR 2020\u21922030 from GHS-POP R2023A multi-epoch data"", ""s17_eurostat_supplement"": {""base_population"": null, ""base_year"": 2023, ""projected_pop_2030"": 88000000, ""projected_pop_2040"": 94000000, ""projected_pop_2050"": 97500000, ""projected_pop_2060"": 98000000, ""projected_pop_2080"": 95000000, ""pop_change_pct_2050"": null, ""pop_change_pct_2080"": null, ""receptor_growth_factor_60yr"": null, ""projection_lo_2050"": null, ""projection_hi_2050"": null, ""projection_lo_2080"": null, ""projection_hi_2080"": null, ""growth_classification"": ""stable"", ""urban_expansion_pressure"": null, ""median_age_2050"": 40.2, ""old_age_dependency_2050"": 0.31, ""net_migration_rate_projected"": null, ""projection_source"": ""nso"", ""projection_variant"": ""medium"", ""spatial_level"": ""national""}}",NNE,1.61,535.45,medium,ERA5 atmospheric dispersion (ref 1991-2020) | prevailing_wind=NNE(22deg) | mean_speed=1.6m/s | mean_BLH=535m | p5_BLH=355m | stable_frac=0.381 | stability=[A=0.0% B=0.0% C=61.9% D=0.0% E=38.1% F=0.0%] | wind_rose_dominant=NNE | source=copernicus_era5,,,,hard rocks,,medium,,2026-04-20 21:28:49.611354+00:00,audit_postlogging_20260421,api,merge_phase2_20260421
TR,Çankırı Orta power station,dd413ee8-a6f2-4e7c-8e6c-6d0ed8637d83,68.53,14.87,10.68,165.26,5382,11960,20966,3322468,ghsl_pop_100m_r2023a,"5 km: 5,382 pop, 69 p/km²; 16 km: 11,960 pop, 15 p/km²; 25 km: 20,966 pop, 11 p/km²; 80 km: 3,322,468 pop, 165 p/km²; Epoch: 2020; Source: GHS-POP R2023A 100 m (Mollweide)",,,,gisco_urau_2021,No city >50k within search radius; Cities >50k within 25 km: 0; Cities >50k within 80 km: 0; Settlement hierarchy: rural; Source: Eurostat GISCO Urban Audit 2021 + urb_cpop1,-2.742,22987,ghsl_pop_100m_r2023a,"{""ghsl_note"": ""CAGR 2020\u21922030 from GHS-POP R2023A multi-epoch data"", ""s17_eurostat_supplement"": {""base_population"": null, ""base_year"": 2023, ""projected_pop_2030"": 88000000, ""projected_pop_2040"": 94000000, ""projected_pop_2050"": 97500000, ""projected_pop_2060"": 98000000, ""projected_pop_2080"": 95000000, ""pop_change_pct_2050"": null, ""pop_change_pct_2080"": null, ""receptor_growth_factor_60yr"": null, ""projection_lo_2050"": null, ""projection_hi_2050"": null, ""projection_lo_2080"": null, ""projection_hi_2080"": null, ""growth_classification"": ""stable"", ""urban_expansion_pressure"": null, ""median_age_2050"": 40.2, ""old_age_dependency_2050"": 0.31, ""net_migration_rate_projected"": null, ""projection_source"": ""nso"", ""projection_variant"": ""medium"", ""spatial_level"": ""national""}}",NNW,1.04,558.03,medium,ERA5 atmospheric dispersion (ref 1991-2020) | prevailing_wind=NNW(338deg) | mean_speed=1.0m/s | mean_BLH=558m | p5_BLH=241m | stable_frac=0.417 | stability=[A=0.0% B=1.1% C=57.2% D=0.0% E=41.7% F=0.0%] | wind_rose_dominant=NNW | source=copernicus_era5,,,,alluvial,,medium,,2026-04-20 21:28:49.622782+00:00,audit_postlogging_20260421,api,merge_phase2_20260421
TR,Çankırı Yıldızlar power station,fc307877-758b-4dbf-afbe-abfc4a778155,0.01,8.75,28.34,93.16,1,7038,55647,1872826,ghsl_pop_100m_r2023a,"5 km: 1 pop, 0 p/km²; 16 km: 7,038 pop, 9 p/km²; 25 km: 55,647 pop, 28 p/km²; 80 km: 1,872,826 pop, 93 p/km²; Epoch: 2020; Source: GHS-POP R2023A 100 m (Mollweide)",,,,gisco_urau_2021,No city >50k within search radius; Cities >50k within 25 km: 0; Cities >50k within 80 km: 0; Settlement hierarchy: rural; Source: Eurostat GISCO Urban Audit 2021 + urb_cpop1,-0.105,60998,ghsl_pop_100m_r2023a,"{""ghsl_note"": ""CAGR 2020\u21922030 from GHS-POP R2023A multi-epoch data"", ""s17_eurostat_supplement"": {""base_population"": null, ""base_year"": 2023, ""projected_pop_2030"": 88000000, ""projected_pop_2040"": 94000000, ""projected_pop_2050"": 97500000, ""projected_pop_2060"": 98000000, ""projected_pop_2080"": 95000000, ""pop_change_pct_2050"": null, ""pop_change_pct_2080"": null, ""receptor_growth_factor_60yr"": null, ""projection_lo_2050"": null, ""projection_hi_2050"": null, ""projection_lo_2080"": null, ""projection_hi_2080"": null, ""growth_classification"": ""stable"", ""urban_expansion_pressure"": null, ""median_age_2050"": 40.2, ""old_age_dependency_2050"": 0.31, ""net_migration_rate_projected"": null, ""projection_source"": ""nso"", ""projection_variant"": ""medium"", ""spatial_level"": ""national""}}",NNW,1.09,561.7,medium,ERA5 atmospheric dispersion (ref 1991-2020) | prevailing_wind=NNW(338deg) | mean_speed=1.1m/s | mean_BLH=562m | p5_BLH=227m | stable_frac=0.422 | stability=[A=0.0% B=1.7% C=56.1% D=0.0% E=42.2% F=0.0%] | wind_rose_dominant=NNW | source=copernicus_era5,,,,volcanic rocks,,medium,,2026-04-20 21:28:49.633675+00:00,audit_postlogging_20260421,api,merge_phase2_20260421
TR,Çatalağzı power station,8b16dc60-1a2b-4b2c-bcad-1c334d246ae3,332.36,273.83,178.88,60.61,26101,220205,351196,1218400,ghsl_pop_100m_r2023a,"5 km: 26,101 pop, 332 p/km²; 16 km: 220,205 pop, 274 p/km²; 25 km: 351,196 pop, 179 p/km²; 80 km: 1,218,400 pop, 61 p/km²; Epoch: 2020; Source: GHS-POP R2023A 100 m (Mollweide)",,,,gisco_urau_2021,No city >50k within search radius; Cities >50k within 25 km: 0; Cities >50k within 80 km: 0; Settlement hierarchy: rural; Source: Eurostat GISCO Urban Audit 2021 + urb_cpop1,0.505,385018,ghsl_pop_100m_r2023a,"{""ghsl_note"": ""CAGR 2020\u21922030 from GHS-POP R2023A multi-epoch data"", ""s17_eurostat_supplement"": {""base_population"": null, ""base_year"": 2023, ""projected_pop_2030"": 88000000, ""projected_pop_2040"": 94000000, ""projected_pop_2050"": 97500000, ""projected_pop_2060"": 98000000, ""projected_pop_2080"": 95000000, ""pop_change_pct_2050"": null, ""pop_change_pct_2080"": null, ""receptor_growth_factor_60yr"": null, ""projection_lo_2050"": null, ""projection_hi_2050"": null, ""projection_lo_2080"": null, ""projection_hi_2080"": null, ""growth_classification"": ""stable"", ""urban_expansion_pressure"": null, ""median_age_2050"": 40.2, ""old_age_dependency_2050"": 0.31, ""net_migration_rate_projected"": null, ""projection_source"": ""nso"", ""projection_variant"": ""medium"", ""spatial_level"": ""national""}}",N,0.81,331.47,medium,ERA5 atmospheric dispersion (ref 1991-2020) | prevailing_wind=N(0deg) | mean_speed=0.8m/s | mean_BLH=331m | p5_BLH=218m | stable_frac=0.997 | stability=[A=0.0% B=0.0% C=0.3% D=0.0% E=99.7% F=0.0%] | wind_rose_dominant=N | source=copernicus_era5,,,,karsts and chalkstones,,medium,,2026-04-20 21:28:49.644904+00:00,audit_postlogging_20260421,api,merge_phase2_20260421
TR,Çayırhan power station,674deb4f-110c-4120-bea0-5f0711da3ea1,147.21,23.22,35.38,70.54,11561,18671,69457,1418183,ghsl_pop_100m_r2023a,"5 km: 11,561 pop, 147 p/km²; 16 km: 18,671 pop, 23 p/km²; 25 km: 69,457 pop, 35 p/km²; 80 km: 1,418,183 pop, 71 p/km²; Epoch: 2020; Source: GHS-POP R2023A 100 m (Mollweide)",,,,gisco_urau_2021,No city >50k within search radius; Cities >50k within 25 km: 0; Cities >50k within 80 km: 0; Settlement hierarchy: rural; Source: Eurostat GISCO Urban Audit 2021 + urb_cpop1,1.786,76151,ghsl_pop_100m_r2023a,"{""ghsl_note"": ""CAGR 2020\u21922030 from GHS-POP R2023A multi-epoch data"", ""s17_eurostat_supplement"": {""base_population"": null, ""base_year"": 2023, ""projected_pop_2030"": 88000000, ""projected_pop_2040"": 94000000, ""projected_pop_2050"": 97500000, ""projected_pop_2060"": 98000000, ""projected_pop_2080"": 95000000, ""pop_change_pct_2050"": null, ""pop_change_pct_2080"": null, ""receptor_growth_factor_60yr"": null, ""projection_lo_2050"": null, ""projection_hi_2050"": null, ""projection_lo_2080"": null, ""projection_hi_2080"": null, ""growth_classification"": ""stable"", ""urban_expansion_pressure"": null, ""median_age_2050"": 40.2, ""old_age_dependency_2050"": 0.31, ""net_migration_rate_projected"": null, ""projection_source"": ""nso"", ""projection_variant"": ""medium"", ""spatial_level"": ""national""}}",NW,0.81,600.27,medium,ERA5 atmospheric dispersion (ref 1991-2020) | prevailing_wind=NW(315deg) | mean_speed=0.8m/s | mean_BLH=600m | p5_BLH=211m | stable_frac=0.428 | stability=[A=0.0% B=10.3% C=46.9% D=0.0% E=42.8% F=0.0%] | wind_rose_dominant=NW | source=copernicus_era5,,,,low permeability,,medium,,2026-04-20 21:28:49.655043+00:00,audit_postlogging_20260421,api,merge_phase2_20260421
TR,Çebi Enerji power station,d12e7ffc-4cd3-4ff4-81da-ae360d59409b,132.09,80.88,142.65,404.28,10373,65045,280061,8127702,ghsl_pop_100m_r2023a,"5 km: 10,373 pop, 132 p/km²; 16 km: 65,045 pop, 81 p/km²; 25 km: 280,061 pop, 143 p/km²; 80 km: 8,127,702 pop, 404 p/km²; Epoch: 2020; Source: GHS-POP R2023A 100 m (Mollweide)",,,,gisco_urau_2021,No city >50k within search radius; Cities >50k within 25 km: 0; Cities >50k within 80 km: 0; Settlement hierarchy: rural; Source: Eurostat GISCO Urban Audit 2021 + urb_cpop1,0.727,307037,ghsl_pop_100m_r2023a,"{""ghsl_note"": ""CAGR 2020\u21922030 from GHS-POP R2023A multi-epoch data"", ""s17_eurostat_supplement"": {""base_population"": null, ""base_year"": 2023, ""projected_pop_2030"": 88000000, ""projected_pop_2040"": 94000000, ""projected_pop_2050"": 97500000, ""projected_pop_2060"": 98000000, ""projected_pop_2080"": 95000000, ""pop_change_pct_2050"": null, ""pop_change_pct_2080"": null, ""receptor_growth_factor_60yr"": null, ""projection_lo_2050"": null, ""projection_hi_2050"": null, ""projection_lo_2080"": null, ""projection_hi_2080"": null, ""growth_classification"": ""stable"", ""urban_expansion_pressure"": null, ""median_age_2050"": 40.2, ""old_age_dependency_2050"": 0.31, ""net_migration_rate_projected"": null, ""projection_source"": ""nso"", ""projection_variant"": ""medium"", ""spatial_level"": ""national""}}",NNE,2.56,538.5,medium,ERA5 atmospheric dispersion (ref 1991-2020) | prevailing_wind=NNE(22deg) | mean_speed=2.6m/s | mean_BLH=539m | p5_BLH=347m | stable_frac=0.408 | stability=[A=0.0% B=0.0% C=59.2% D=0.0% E=40.8% F=0.0%] | wind_rose_dominant=NNE | source=copernicus_era5,,,,low permeability,,medium,,2026-04-20 21:28:49.665889+00:00,audit_postlogging_20260421,api,merge_phase2_20260421
TR,Çelikler Yumurtalık power station,a4af3789-2c40-41fc-a3ec-3b8d2fc6c645,620.87,272.31,208.44,195.7,48758,218980,409226,3934414,ghsl_pop_100m_r2023a,"5 km: 48,758 pop, 621 p/km²; 16 km: 218,980 pop, 272 p/km²; 25 km: 409,226 pop, 208 p/km²; 80 km: 3,934,414 pop, 196 p/km²; Epoch: 2020; Source: GHS-POP R2023A 100 m (Mollweide)",,,,gisco_urau_2021,No city >50k within search radius; Cities >50k within 25 km: 0; Cities >50k within 80 km: 0; Settlement hierarchy: rural; Source: Eurostat GISCO Urban Audit 2021 + urb_cpop1,-0.466,448642,ghsl_pop_100m_r2023a,"{""ghsl_note"": ""CAGR 2020\u21922030 from GHS-POP R2023A multi-epoch data"", ""s17_eurostat_supplement"": {""base_population"": null, ""base_year"": 2023, ""projected_pop_2030"": 88000000, ""projected_pop_2040"": 94000000, ""projected_pop_2050"": 97500000, ""projected_pop_2060"": 98000000, ""projected_pop_2080"": 95000000, ""pop_change_pct_2050"": null, ""pop_change_pct_2080"": null, ""receptor_growth_factor_60yr"": null, ""projection_lo_2050"": null, ""projection_hi_2050"": null, ""projection_lo_2080"": null, ""projection_hi_2080"": null, ""growth_classification"": ""stable"", ""urban_expansion_pressure"": null, ""median_age_2050"": 40.2, ""old_age_dependency_2050"": 0.31, ""net_migration_rate_projected"": null, ""projection_source"": ""nso"", ""projection_variant"": ""medium"", ""spatial_level"": ""national""}}",SW,1.45,400.58,medium,ERA5 atmospheric dispersion (ref 1991-2020) | prevailing_wind=SW(225deg) | mean_speed=1.4m/s | mean_BLH=401m | p5_BLH=274m | stable_frac=0.897 | stability=[A=0.0% B=0.0% C=10.3% D=0.0% E=89.7% F=0.0%] | wind_rose_dominant=SW | source=copernicus_era5,,,,alluvial,,medium,,2026-04-20 21:28:49.676923+00:00,audit_postlogging_20260421,api,merge_phase2_20260421
TR,Cenal power station,a96dc545-41a9-4b0d-a7a3-f40ef711e5e3,72.42,31.31,47.78,52.88,5687,25175,93810,1063064,ghsl_pop_100m_r2023a,"5 km: 5,687 pop, 72 p/km²; 16 km: 25,175 pop, 31 p/km²; 25 km: 93,810 pop, 48 p/km²; 80 km: 1,063,064 pop, 53 p/km²; Epoch: 2020; Source: GHS-POP R2023A 100 m (Mollweide)",,,,gisco_urau_2021,No city >50k within search radius; Cities >50k within 25 km: 0; Cities >50k within 80 km: 0; Settlement hierarchy: rural; Source: Eurostat GISCO Urban Audit 2021 + urb_cpop1,0.885,102841,ghsl_pop_100m_r2023a,"{""ghsl_note"": ""CAGR 2020\u21922030 from GHS-POP R2023A multi-epoch data"", ""s17_eurostat_supplement"": {""base_population"": null, ""base_year"": 2023, ""projected_pop_2030"": 88000000, ""projected_pop_2040"": 94000000, ""projected_pop_2050"": 97500000, ""projected_pop_2060"": 98000000, ""projected_pop_2080"": 95000000, ""pop_change_pct_2050"": null, ""pop_change_pct_2080"": null, ""receptor_growth_factor_60yr"": null, ""projection_lo_2050"": null, ""projection_hi_2050"": null, ""projection_lo_2080"": null, ""projection_hi_2080"": null, ""growth_classification"": ""stable"", ""urban_expansion_pressure"": null, ""median_age_2050"": 40.2, ""old_age_dependency_2050"": 0.31, ""net_migration_rate_projected"": null, ""projection_source"": ""nso"", ""projection_variant"": ""medium"", ""spatial_level"": ""national""}}",NE,2.36,556.73,medium,ERA5 atmospheric dispersion (ref 1991-2020) | prevailing_wind=NE(45deg) | mean_speed=2.4m/s | mean_BLH=557m | p5_BLH=373m | stable_frac=0.325 | stability=[A=0.0% B=0.0% C=67.5% D=0.0% E=32.5% F=0.0%] | wind_rose_dominant=NE | source=copernicus_era5,,,,low permeability,,medium,,2026-04-20 21:28:49.688067+00:00,audit_postlogging_20260421,api,merge_phase2_20260421
TR,Çerkezköy power station,e894ba3e-e397-47c9-b0b9-a72cfb6bd680,2882.69,503.45,343.97,378.82,226383,404854,675313,7615668,ghsl_pop_100m_r2023a,"5 km: 226,383 pop, 2883 p/km²; 16 km: 404,854 pop, 503 p/km²; 25 km: 675,313 pop, 344 p/km²; 80 km: 7,615,668 pop, 379 p/km²; Epoch: 2020; Source: GHS-POP R2023A 100 m (Mollweide)",,,,gisco_urau_2021,No city >50k within search radius; Cities >50k within 25 km: 0; Cities >50k within 80 km: 0; Settlement hierarchy: rural; Source: Eurostat GISCO Urban Audit 2021 + urb_cpop1,1.751,740354,ghsl_pop_100m_r2023a,"{""ghsl_note"": ""CAGR 2020\u21922030 from GHS-POP R2023A multi-epoch data"", ""s17_eurostat_supplement"": {""base_population"": null, ""base_year"": 2023, ""projected_pop_2030"": 88000000, ""projected_pop_2040"": 94000000, ""projected_pop_2050"": 97500000, ""projected_pop_2060"": 98000000, ""projected_pop_2080"": 95000000, ""pop_change_pct_2050"": null, ""pop_change_pct_2080"": null, ""receptor_growth_factor_60yr"": null, ""projection_lo_2050"": null, ""projection_hi_2050"": null, ""projection_lo_2080"": null, ""projection_hi_2080"": null, ""growth_classification"": ""stable"", ""urban_expansion_pressure"": null, ""median_age_2050"": 40.2, ""old_age_dependency_2050"": 0.31, ""net_migration_rate_projected"": null, ""projection_source"": ""nso"", ""projection_variant"": ""medium"", ""spatial_level"": ""national""}}",NNE,2.01,563.49,medium,ERA5 atmospheric dispersion (ref 1991-2020) | prevailing_wind=NNE(22deg) | mean_speed=2.0m/s | mean_BLH=563m | p5_BLH=406m | stable_frac=0.311 | stability=[A=0.0% B=0.0% C=68.9% D=0.0% E=31.1% F=0.0%] | wind_rose_dominant=NNE | source=copernicus_era5,,,,alluvial,,medium,,2026-04-20 21:28:49.699627+00:00,audit_postlogging_20260421,api,merge_phase2_20260421
TR,Çırpılar power station,bddb4fb7-c01d-4b71-bc30-1896b88298bf,40.96,38.58,24.47,80.44,3217,31027,48045,1617093,ghsl_pop_100m_r2023a,"5 km: 3,217 pop, 41 p/km²; 16 km: 31,027 pop, 39 p/km²; 25 km: 48,045 pop, 24 p/km²; 80 km: 1,617,093 pop, 80 p/km²; Epoch: 2020; Source: GHS-POP R2023A 100 m (Mollweide)",,,,gisco_urau_2021,No city >50k within search radius; Cities >50k within 25 km: 0; Cities >50k within 80 km: 0; Settlement hierarchy: rural; Source: Eurostat GISCO Urban Audit 2021 + urb_cpop1,0.888,52669,ghsl_pop_100m_r2023a,"{""ghsl_note"": ""CAGR 2020\u21922030 from GHS-POP R2023A multi-epoch data"", ""s17_eurostat_supplement"": {""base_population"": null, ""base_year"": 2023, ""projected_pop_2030"": 88000000, ""projected_pop_2040"": 94000000, ""projected_pop_2050"": 97500000, ""projected_pop_2060"": 98000000, ""projected_pop_2080"": 95000000, ""pop_change_pct_2050"": null, ""pop_change_pct_2080"": null, ""receptor_growth_factor_60yr"": null, ""projection_lo_2050"": null, ""projection_hi_2050"": null, ""projection_lo_2080"": null, ""projection_hi_2080"": null, ""growth_classification"": ""stable"", ""urban_expansion_pressure"": null, ""median_age_2050"": 40.2, ""old_age_dependency_2050"": 0.31, ""net_migration_rate_projected"": null, ""projection_source"": ""nso"", ""projection_variant"": ""medium"", ""spatial_level"": ""national""}}",NNE,1.66,570.29,medium,ERA5 atmospheric dispersion (ref 1991-2020) | prevailing_wind=NNE(22deg) | mean_speed=1.7m/s | mean_BLH=570m | p5_BLH=360m | stable_frac=0.300 | stability=[A=0.0% B=0.0% C=70.0% D=0.0% E=30.0% F=0.0%] | wind_rose_dominant=NNE | source=copernicus_era5,,,,sedimentary carbonates,,medium,,2026-04-20 21:28:49.712558+00:00,audit_postlogging_20260421,api,merge_phase2_20260421
TR,Çoban Yıldız power station,778e0750-19f9-426e-a6c7-e0e30645fb97,86.88,75.59,71.87,90.67,6823,60789,141095,1822859,ghsl_pop_100m_r2023a,"5 km: 6,823 pop, 87 p/km²; 16 km: 60,789 pop, 76 p/km²; 25 km: 141,095 pop, 72 p/km²; 80 km: 1,822,859 pop, 91 p/km²; Epoch: 2020; Source: GHS-POP R2023A 100 m (Mollweide)",,,,gisco_urau_2021,No city >50k within search radius; Cities >50k within 25 km: 0; Cities >50k within 80 km: 0; Settlement hierarchy: rural; Source: Eurostat GISCO Urban Audit 2021 + urb_cpop1,0.735,154692,ghsl_pop_100m_r2023a,"{""ghsl_note"": ""CAGR 2020\u21922030 from GHS-POP R2023A multi-epoch data"", ""s17_eurostat_supplement"": {""base_population"": null, ""base_year"": 2023, ""projected_pop_2030"": 88000000, ""projected_pop_2040"": 94000000, ""projected_pop_2050"": 97500000, ""projected_pop_2060"": 98000000, ""projected_pop_2080"": 95000000, ""pop_change_pct_2050"": null, ""pop_change_pct_2080"": null, ""receptor_growth_factor_60yr"": null, ""projection_lo_2050"": null, ""projection_hi_2050"": null, ""projection_lo_2080"": null, ""projection_hi_2080"": null, ""growth_classification"": ""stable"", ""urban_expansion_pressure"": null, ""median_age_2050"": 40.2, ""old_age_dependency_2050"": 0.31, ""net_migration_rate_projected"": null, ""projection_source"": ""nso"", ""projection_variant"": ""medium"", ""spatial_level"": ""national""}}",NNW,1.02,681.34,medium,ERA5 atmospheric dispersion (ref 1991-2020) | prevailing_wind=NNW(338deg) | mean_speed=1.0m/s | mean_BLH=681m | p5_BLH=265m | stable_frac=0.336 | stability=[A=0.0% B=21.1% C=45.3% D=0.0% E=33.6% F=0.0%] | wind_rose_dominant=NNW | source=copernicus_era5,,,,low permeability,,medium,,2026-04-20 21:28:49.725782+00:00,audit_postlogging_20260421,api,merge_phase2_20260421
TR,Demirtaş power station,28c80d72-dd9e-4fbf-a2c7-d48d49ca61dc,1757.03,381.14,201.62,203.47,137983,306497,395832,4090571,ghsl_pop_100m_r2023a,"5 km: 137,983 pop, 1757 p/km²; 16 km: 306,497 pop, 381 p/km²; 25 km: 395,832 pop, 202 p/km²; 80 km: 4,090,571 pop, 203 p/km²; Epoch: 2020; Source: GHS-POP R2023A 100 m (Mollweide)",,,,gisco_urau_2021,No city >50k within search radius; Cities >50k within 25 km: 0; Cities >50k within 80 km: 0; Settlement hierarchy: rural; Source: Eurostat GISCO Urban Audit 2021 + urb_cpop1,-0.176,433963,ghsl_pop_100m_r2023a,"{""ghsl_note"": ""CAGR 2020\u21922030 from GHS-POP R2023A multi-epoch data"", ""s17_eurostat_supplement"": {""base_population"": null, ""base_year"": 2023, ""projected_pop_2030"": 88000000, ""projected_pop_2040"": 94000000, ""projected_pop_2050"": 97500000, ""projected_pop_2060"": 98000000, ""projected_pop_2080"": 95000000, ""pop_change_pct_2050"": null, ""pop_change_pct_2080"": null, ""receptor_growth_factor_60yr"": null, ""projection_lo_2050"": null, ""projection_hi_2050"": null, ""projection_lo_2080"": null, ""projection_hi_2080"": null, ""growth_classification"": ""stable"", ""urban_expansion_pressure"": null, ""median_age_2050"": 40.2, ""old_age_dependency_2050"": 0.31, ""net_migration_rate_projected"": null, ""projection_source"": ""nso"", ""projection_variant"": ""medium"", ""spatial_level"": ""national""}}",SSW,1.62,407.82,medium,ERA5 atmospheric dispersion (ref 1991-2020) | prevailing_wind=SSW(202deg) | mean_speed=1.6m/s | mean_BLH=408m | p5_BLH=284m | stable_frac=0.836 | stability=[A=0.0% B=0.0% C=16.4% D=0.0% E=83.6% F=0.0%] | wind_rose_dominant=SSW | source=copernicus_era5,,,,alluvial,,medium,,2026-04-20 21:28:49.737723+00:00,audit_postlogging_20260421,api,merge_phase2_20260421
TR,Deniz power station,a70bbc9a-1469-4d56-be56-f282ed4130a8,333.85,175.47,134.86,231.8,26218,141109,264775,4660071,ghsl_pop_100m_r2023a,"5 km: 26,218 pop, 334 p/km²; 16 km: 141,109 pop, 175 p/km²; 25 km: 264,775 pop, 135 p/km²; 80 km: 4,660,071 pop, 232 p/km²; Epoch: 2020; Source: GHS-POP R2023A 100 m (Mollweide)",,,,gisco_urau_2021,No city >50k within search radius; Cities >50k within 25 km: 0; Cities >50k within 80 km: 0; Settlement hierarchy: rural; Source: Eurostat GISCO Urban Audit 2021 + urb_cpop1,0.331,290270,ghsl_pop_100m_r2023a,"{""ghsl_note"": ""CAGR 2020\u21922030 from GHS-POP R2023A multi-epoch data"", ""s17_eurostat_supplement"": {""base_population"": null, ""base_year"": 2023, ""projected_pop_2030"": 88000000, ""projected_pop_2040"": 94000000, ""projected_pop_2050"": 97500000, ""projected_pop_2060"": 98000000, ""projected_pop_2080"": 95000000, ""pop_change_pct_2050"": null, ""pop_change_pct_2080"": null, ""receptor_growth_factor_60yr"": null, ""projection_lo_2050"": null, ""projection_hi_2050"": null, ""projection_lo_2080"": null, ""projection_hi_2080"": null, ""growth_classification"": ""stable"", ""urban_expansion_pressure"": null, ""median_age_2050"": 40.2, ""old_age_dependency_2050"": 0.31, ""net_migration_rate_projected"": null, ""projection_source"": ""nso"", ""projection_variant"": ""medium"", ""spatial_level"": ""national""}}",N,1.91,553.79,medium,ERA5 atmospheric dispersion (ref 1991-2020) | prevailing_wind=N(0deg) | mean_speed=1.9m/s | mean_BLH=554m | p5_BLH=382m | stable_frac=0.350 | stability=[A=0.0% B=0.0% C=65.0% D=0.0% E=35.0% F=0.0%] | wind_rose_dominant=N | source=copernicus_era5,,,,sedimentary carbonates,,medium,,2026-04-20 21:28:49.749918+00:00,audit_postlogging_20260421,api,merge_phase2_20260421
TR,DETES 1 power station,5067ece3-b204-495e-81c1-90a523252547,657.71,301.15,175.54,61.64,51651,242176,344639,1239293,ghsl_pop_100m_r2023a,"5 km: 51,651 pop, 658 p/km²; 16 km: 242,176 pop, 301 p/km²; 25 km: 344,639 pop, 176 p/km²; 80 km: 1,239,293 pop, 62 p/km²; Epoch: 2020; Source: GHS-POP R2023A 100 m (Mollweide)",,,,gisco_urau_2021,No city >50k within search radius; Cities >50k within 25 km: 0; Cities >50k within 80 km: 0; Settlement hierarchy: rural; Source: Eurostat GISCO Urban Audit 2021 + urb_cpop1,0.495,377829,ghsl_pop_100m_r2023a,"{""ghsl_note"": ""CAGR 2020\u21922030 from GHS-POP R2023A multi-epoch data"", ""s17_eurostat_supplement"": {""base_population"": null, ""base_year"": 2023, ""projected_pop_2030"": 88000000, ""projected_pop_2040"": 94000000, ""projected_pop_2050"": 97500000, ""projected_pop_2060"": 98000000, ""projected_pop_2080"": 95000000, ""pop_change_pct_2050"": null, ""pop_change_pct_2080"": null, ""receptor_growth_factor_60yr"": null, ""projection_lo_2050"": null, ""projection_hi_2050"": null, ""projection_lo_2080"": null, ""projection_hi_2080"": null, ""growth_classification"": ""stable"", ""urban_expansion_pressure"": null, ""median_age_2050"": 40.2, ""old_age_dependency_2050"": 0.31, ""net_migration_rate_projected"": null, ""projection_source"": ""nso"", ""projection_variant"": ""medium"", ""spatial_level"": ""national""}}",NNE,1.22,353.92,medium,ERA5 atmospheric dispersion (ref 1991-2020) | prevailing_wind=NNE(22deg) | mean_speed=1.2m/s | mean_BLH=354m | p5_BLH=197m | stable_frac=0.939 | stability=[A=0.0% B=0.0% C=6.1% D=0.0% E=93.9% F=0.0%] | wind_rose_dominant=NNE | source=copernicus_era5,,,,karsts and chalkstones,,medium,,2026-04-20 21:28:49.761728+00:00,audit_postlogging_20260421,api,merge_phase2_20260421
TR,Diler (Akbayir) Elbistan power station,c657c5c3-38a2-472d-8962-9e7cefcd2c1e,21.65,138.06,89.4,67.98,1700,111025,175520,1366719,ghsl_pop_100m_r2023a,"5 km: 1,700 pop, 22 p/km²; 16 km: 111,025 pop, 138 p/km²; 25 km: 175,520 pop, 89 p/km²; 80 km: 1,366,719 pop, 68 p/km²; Epoch: 2020; Source: GHS-POP R2023A 100 m (Mollweide)",,,,gisco_urau_2021,No city >50k within search radius; Cities >50k within 25 km: 0; Cities >50k within 80 km: 0; Settlement hierarchy: rural; Source: Eurostat GISCO Urban Audit 2021 + urb_cpop1,0.807,192423,ghsl_pop_100m_r2023a,"{""ghsl_note"": ""CAGR 2020\u21922030 from GHS-POP R2023A multi-epoch data"", ""s17_eurostat_supplement"": {""base_population"": null, ""base_year"": 2023, ""projected_pop_2030"": 88000000, ""projected_pop_2040"": 94000000, ""projected_pop_2050"": 97500000, ""projected_pop_2060"": 98000000, ""projected_pop_2080"": 95000000, ""pop_change_pct_2050"": null, ""pop_change_pct_2080"": null, ""receptor_growth_factor_60yr"": null, ""projection_lo_2050"": null, ""projection_hi_2050"": null, ""projection_lo_2080"": null, ""projection_hi_2080"": null, ""growth_classification"": ""stable"", ""urban_expansion_pressure"": null, ""median_age_2050"": 40.2, ""old_age_dependency_2050"": 0.31, ""net_migration_rate_projected"": null, ""projection_source"": ""nso"", ""projection_variant"": ""medium"", ""spatial_level"": ""national""}}",NNW,1.0,579.67,medium,ERA5 atmospheric dispersion (ref 1991-2020) | prevailing_wind=NNW(338deg) | mean_speed=1.0m/s | mean_BLH=580m | p5_BLH=135m | stable_frac=0.444 | stability=[A=0.0% B=11.9% C=43.6% D=0.0% E=43.1% F=1.4%] | wind_rose_dominant=NNW | source=copernicus_era5,,,,low permeability,,medium,,2026-04-20 21:28:49.772537+00:00,audit_postlogging_20260421,api,merge_phase2_20260421
TR,Dinar power station,59f96677-d42b-4ae1-a3e9-32f3dc396a83,309.28,40.83,36.21,49.83,24288,32838,71088,1001873,ghsl_pop_100m_r2023a,"5 km: 24,288 pop, 309 p/km²; 16 km: 32,838 pop, 41 p/km²; 25 km: 71,088 pop, 36 p/km²; 80 km: 1,001,873 pop, 50 p/km²; Epoch: 2020; Source: GHS-POP R2023A 100 m (Mollweide)",,,,gisco_urau_2021,No city >50k within search radius; Cities >50k within 25 km: 0; Cities >50k within 80 km: 0; Settlement hierarchy: rural; Source: Eurostat GISCO Urban Audit 2021 + urb_cpop1,-0.715,77938,ghsl_pop_100m_r2023a,"{""ghsl_note"": ""CAGR 2020\u21922030 from GHS-POP R2023A multi-epoch data"", ""s17_eurostat_supplement"": {""base_population"": null, ""base_year"": 2023, ""projected_pop_2030"": 88000000, ""projected_pop_2040"": 94000000, ""projected_pop_2050"": 97500000, ""projected_pop_2060"": 98000000, ""projected_pop_2080"": 95000000, ""pop_change_pct_2050"": null, ""pop_change_pct_2080"": null, ""receptor_growth_factor_60yr"": null, ""projection_lo_2050"": null, ""projection_hi_2050"": null, ""projection_lo_2080"": null, ""projection_hi_2080"": null, ""growth_classification"": ""stable"", ""urban_expansion_pressure"": null, ""median_age_2050"": 40.2, ""old_age_dependency_2050"": 0.31, ""net_migration_rate_projected"": null, ""projection_source"": ""nso"", ""projection_variant"": ""medium"", ""spatial_level"": ""national""}}",NNE,0.83,591.64,medium,ERA5 atmospheric dispersion (ref 1991-2020) | prevailing_wind=NNE(22deg) | mean_speed=0.8m/s | mean_BLH=592m | p5_BLH=281m | stable_frac=0.392 | stability=[A=0.0% B=4.4% C=56.4% D=0.0% E=39.2% F=0.0%] | wind_rose_dominant=NNE | source=copernicus_era5,,,,low permeability,,medium,,2026-04-20 21:28:49.784997+00:00,audit_postlogging_20260421,api,merge_phase2_20260421
TR,DOSAB cogeneration plant,161660e7-3ccf-4704-b452-b126599700a0,2636.84,2776.77,1269.47,290.7,207076,2232989,2492338,5844288,ghsl_pop_100m_r2023a,"5 km: 207,076 pop, 2637 p/km²; 16 km: 2,232,989 pop, 2777 p/km²; 25 km: 2,492,338 pop, 1269 p/km²; 80 km: 5,844,288 pop, 291 p/km²; Epoch: 2020; Source: GHS-POP R2023A 100 m (Mollweide)",,,,gisco_urau_2021,No city >50k within search radius; Cities >50k within 25 km: 0; Cities >50k within 80 km: 0; Settlement hierarchy: rural; Source: Eurostat GISCO Urban Audit 2021 + urb_cpop1,1.652,2732382,ghsl_pop_100m_r2023a,"{""ghsl_note"": ""CAGR 2020\u21922030 from GHS-POP R2023A multi-epoch data"", ""s17_eurostat_supplement"": {""base_population"": null, ""base_year"": 2023, ""projected_pop_2030"": 88000000, ""projected_pop_2040"": 94000000, ""projected_pop_2050"": 97500000, ""projected_pop_2060"": 98000000, ""projected_pop_2080"": 95000000, ""pop_change_pct_2050"": null, ""pop_change_pct_2080"": null, ""receptor_growth_factor_60yr"": null, ""projection_lo_2050"": null, ""projection_hi_2050"": null, ""projection_lo_2080"": null, ""projection_hi_2080"": null, ""growth_classification"": ""stable"", ""urban_expansion_pressure"": null, ""median_age_2050"": 40.2, ""old_age_dependency_2050"": 0.31, ""net_migration_rate_projected"": null, ""projection_source"": ""nso"", ""projection_variant"": ""medium"", ""spatial_level"": ""national""}}",NNE,0.85,427.42,medium,ERA5 atmospheric dispersion (ref 1991-2020) | prevailing_wind=NNE(22deg) | mean_speed=0.9m/s | mean_BLH=427m | p5_BLH=264m | stable_frac=0.744 | stability=[A=0.0% B=0.0% C=25.6% D=0.0% E=74.4% F=0.0%] | wind_rose_dominant=NNE | source=copernicus_era5,,,,hard rocks,,medium,,2026-04-20 21:28:49.796544+00:00,audit_postlogging_20260421,api,merge_phase2_20260421
TR,Ece power station,aa336cdc-f6fe-4b08-b46d-69e852c501bf,1757.03,381.14,201.62,203.47,137983,306497,395832,4090571,ghsl_pop_100m_r2023a,"5 km: 137,983 pop, 1757 p/km²; 16 km: 306,497 pop, 381 p/km²; 25 km: 395,832 pop, 202 p/km²; 80 km: 4,090,571 pop, 203 p/km²; Epoch: 2020; Source: GHS-POP R2023A 100 m (Mollweide)",,,,gisco_urau_2021,No city >50k within search radius; Cities >50k within 25 km: 0; Cities >50k within 80 km: 0; Settlement hierarchy: rural; Source: Eurostat GISCO Urban Audit 2021 + urb_cpop1,-0.176,433963,ghsl_pop_100m_r2023a,"{""ghsl_note"": ""CAGR 2020\u21922030 from GHS-POP R2023A multi-epoch data"", ""s17_eurostat_supplement"": {""base_population"": null, ""base_year"": 2023, ""projected_pop_2030"": 88000000, ""projected_pop_2040"": 94000000, ""projected_pop_2050"": 97500000, ""projected_pop_2060"": 98000000, ""projected_pop_2080"": 95000000, ""pop_change_pct_2050"": null, ""pop_change_pct_2080"": null, ""receptor_growth_factor_60yr"": null, ""projection_lo_2050"": null, ""projection_hi_2050"": null, ""projection_lo_2080"": null, ""projection_hi_2080"": null, ""growth_classification"": ""stable"", ""urban_expansion_pressure"": null, ""median_age_2050"": 40.2, ""old_age_dependency_2050"": 0.31, ""net_migration_rate_projected"": null, ""projection_source"": ""nso"", ""projection_variant"": ""medium"", ""spatial_level"": ""national""}}",SSW,1.62,407.82,medium,ERA5 atmospheric dispersion (ref 1991-2020) | prevailing_wind=SSW(202deg) | mean_speed=1.6m/s | mean_BLH=408m | p5_BLH=284m | stable_frac=0.836 | stability=[A=0.0% B=0.0% C=16.4% D=0.0% E=83.6% F=0.0%] | wind_rose_dominant=SSW | source=copernicus_era5,,,,alluvial,,medium,,2026-04-20 21:28:49.806599+00:00,audit_postlogging_20260421,api,merge_phase2_20260421
TR,EMBA Hunutlu power station,3f1ad930-cffb-4991-badd-773db74b890c,902.79,329.75,198.25,199.63,70898,265174,389215,4013400,ghsl_pop_100m_r2023a,"5 km: 70,898 pop, 903 p/km²; 16 km: 265,174 pop, 330 p/km²; 25 km: 389,215 pop, 198 p/km²; 80 km: 4,013,400 pop, 200 p/km²; Epoch: 2020; Source: GHS-POP R2023A 100 m (Mollweide)",,,,gisco_urau_2021,No city >50k within search radius; Cities >50k within 25 km: 0; Cities >50k within 80 km: 0; Settlement hierarchy: rural; Source: Eurostat GISCO Urban Audit 2021 + urb_cpop1,-0.55,426709,ghsl_pop_100m_r2023a,"{""ghsl_note"": ""CAGR 2020\u21922030 from GHS-POP R2023A multi-epoch data"", ""s17_eurostat_supplement"": {""base_population"": null, ""base_year"": 2023, ""projected_pop_2030"": 88000000, ""projected_pop_2040"": 94000000, ""projected_pop_2050"": 97500000, ""projected_pop_2060"": 98000000, ""projected_pop_2080"": 95000000, ""pop_change_pct_2050"": null, ""pop_change_pct_2080"": null, ""receptor_growth_factor_60yr"": null, ""projection_lo_2050"": null, ""projection_hi_2050"": null, ""projection_lo_2080"": null, ""projection_hi_2080"": null, ""growth_classification"": ""stable"", ""urban_expansion_pressure"": null, ""median_age_2050"": 40.2, ""old_age_dependency_2050"": 0.31, ""net_migration_rate_projected"": null, ""projection_source"": ""nso"", ""projection_variant"": ""medium"", ""spatial_level"": ""national""}}",SSW,1.62,407.82,medium,ERA5 atmospheric dispersion (ref 1991-2020) | prevailing_wind=SSW(202deg) | mean_speed=1.6m/s | mean_BLH=408m | p5_BLH=284m | stable_frac=0.836 | stability=[A=0.0% B=0.0% C=16.4% D=0.0% E=83.6% F=0.0%] | wind_rose_dominant=SSW | source=copernicus_era5,,,,alluvial,,medium,,2026-04-20 21:28:49.818199+00:00,audit_postlogging_20260421,api,merge_phase2_20260421
TR,Enyat Samsun power station,28baef4d-44e3-4b2e-bbe3-75f736371553,343.59,95.86,104.99,101.13,26983,77089,206131,2033097,ghsl_pop_100m_r2023a,"5 km: 26,983 pop, 344 p/km²; 16 km: 77,089 pop, 96 p/km²; 25 km: 206,131 pop, 105 p/km²; 80 km: 2,033,097 pop, 101 p/km²; Epoch: 2020; Source: GHS-POP R2023A 100 m (Mollweide)",,,,gisco_urau_2021,No city >50k within search radius; Cities >50k within 25 km: 0; Cities >50k within 80 km: 0; Settlement hierarchy: rural; Source: Eurostat GISCO Urban Audit 2021 + urb_cpop1,0.218,225978,ghsl_pop_100m_r2023a,"{""ghsl_note"": ""CAGR 2020\u21922030 from GHS-POP R2023A multi-epoch data"", ""s17_eurostat_supplement"": {""base_population"": null, ""base_year"": 2023, ""projected_pop_2030"": 88000000, ""projected_pop_2040"": 94000000, ""projected_pop_2050"": 97500000, ""projected_pop_2060"": 98000000, ""projected_pop_2080"": 95000000, ""pop_change_pct_2050"": null, ""pop_change_pct_2080"": null, ""receptor_growth_factor_60yr"": null, ""projection_lo_2050"": null, ""projection_hi_2050"": null, ""projection_lo_2080"": null, ""projection_hi_2080"": null, ""growth_classification"": ""stable"", ""urban_expansion_pressure"": null, ""median_age_2050"": 40.2, ""old_age_dependency_2050"": 0.31, ""net_migration_rate_projected"": null, ""projection_source"": ""nso"", ""projection_variant"": ""medium"", ""spatial_level"": ""national""}}",NNE,0.96,415.37,medium,ERA5 atmospheric dispersion (ref 1991-2020) | prevailing_wind=NNE(22deg) | mean_speed=1.0m/s | mean_BLH=415m | p5_BLH=199m | stable_frac=0.739 | stability=[A=0.0% B=0.0% C=26.1% D=0.0% E=73.9% F=0.0%] | wind_rose_dominant=NNE | source=copernicus_era5,,,,sedimentary sands,,medium,,2026-04-20 21:28:49.830475+00:00,audit_postlogging_20260421,api,merge_phase2_20260421
TR,Eren-1 power station,142cad75-648a-495d-8c10-792351e72126,41.91,36.07,77.39,53.57,3291,29007,151941,1076948,ghsl_pop_100m_r2023a,"5 km: 3,291 pop, 42 p/km²; 16 km: 29,007 pop, 36 p/km²; 25 km: 151,941 pop, 77 p/km²; 80 km: 1,076,948 pop, 54 p/km²; Epoch: 2020; Source: GHS-POP R2023A 100 m (Mollweide)",,,,gisco_urau_2021,No city >50k within search radius; Cities >50k within 25 km: 0; Cities >50k within 80 km: 0; Settlement hierarchy: rural; Source: Eurostat GISCO Urban Audit 2021 + urb_cpop1,0.485,166573,ghsl_pop_100m_r2023a,"{""ghsl_note"": ""CAGR 2020\u21922030 from GHS-POP R2023A multi-epoch data"", ""s17_eurostat_supplement"": {""base_population"": null, ""base_year"": 2023, ""projected_pop_2030"": 88000000, ""projected_pop_2040"": 94000000, ""projected_pop_2050"": 97500000, ""projected_pop_2060"": 98000000, ""projected_pop_2080"": 95000000, ""pop_change_pct_2050"": null, ""pop_change_pct_2080"": null, ""receptor_growth_factor_60yr"": null, ""projection_lo_2050"": null, ""projection_hi_2050"": null, ""projection_lo_2080"": null, ""projection_hi_2080"": null, ""growth_classification"": ""stable"", ""urban_expansion_pressure"": null, ""median_age_2050"": 40.2, ""old_age_dependency_2050"": 0.31, ""net_migration_rate_projected"": null, ""projection_source"": ""nso"", ""projection_variant"": ""medium"", ""spatial_level"": ""national""}}",NNE,1.5,583.76,medium,ERA5 atmospheric dispersion (ref 1991-2020) | prevailing_wind=NNE(22deg) | mean_speed=1.5m/s | mean_BLH=584m | p5_BLH=355m | stable_frac=0.322 | stability=[A=0.0% B=0.0% C=67.8% D=0.0% E=32.2% F=0.0%] | wind_rose_dominant=NNE | source=copernicus_era5,,,,low permeability,,medium,,2026-04-20 21:28:49.841118+00:00,audit_postlogging_20260421,api,merge_phase2_20260421
TR,Ergene power station,f92bc907-9b9b-4d21-92fd-1705bd71128c,328.96,289.97,233.98,90.03,25834,233182,459367,1810018,ghsl_pop_100m_r2023a,"5 km: 25,834 pop, 329 p/km²; 16 km: 233,182 pop, 290 p/km²; 25 km: 459,367 pop, 234 p/km²; 80 km: 1,810,018 pop, 90 p/km²; Epoch: 2020; Source: GHS-POP R2023A 100 m (Mollweide)",,,,gisco_urau_2021,No city >50k within search radius; Cities >50k within 25 km: 0; Cities >50k within 80 km: 0; Settlement hierarchy: rural; Source: Eurostat GISCO Urban Audit 2021 + urb_cpop1,1.32,503614,ghsl_pop_100m_r2023a,"{""ghsl_note"": ""CAGR 2020\u21922030 from GHS-POP R2023A multi-epoch data"", ""s17_eurostat_supplement"": {""base_population"": null, ""base_year"": 2023, ""projected_pop_2030"": 88000000, ""projected_pop_2040"": 94000000, ""projected_pop_2050"": 97500000, ""projected_pop_2060"": 98000000, ""projected_pop_2080"": 95000000, ""pop_change_pct_2050"": null, ""pop_change_pct_2080"": null, ""receptor_growth_factor_60yr"": null, ""projection_lo_2050"": null, ""projection_hi_2050"": null, ""projection_lo_2080"": null, ""projection_hi_2080"": null, ""growth_classification"": ""stable"", ""urban_expansion_pressure"": null, ""median_age_2050"": 40.2, ""old_age_dependency_2050"": 0.31, ""net_migration_rate_projected"": null, ""projection_source"": ""nso"", ""projection_variant"": ""medium"", ""spatial_level"": ""national""}}",NNE,1.8,569.07,medium,ERA5 atmospheric dispersion (ref 1991-2020) | prevailing_wind=NNE(22deg) | mean_speed=1.8m/s | mean_BLH=569m | p5_BLH=389m | stable_frac=0.333 | stability=[A=0.0% B=0.0% C=66.7% D=0.0% E=33.3% F=0.0%] | wind_rose_dominant=NNE | source=copernicus_era5,,,,low permeability,,medium,,2026-04-20 21:28:49.852256+00:00,audit_postlogging_20260421,api,merge_phase2_20260421
TR,Eti Maden Bandirma power station,b90e80f9-66f3-4290-8aa2-518b8422aba0,1674.31,213.77,113.07,68.25,131487,171908,221996,1372158,ghsl_pop_100m_r2023a,"5 km: 131,487 pop, 1674 p/km²; 16 km: 171,908 pop, 214 p/km²; 25 km: 221,996 pop, 113 p/km²; 80 km: 1,372,158 pop, 68 p/km²; Epoch: 2020; Source: GHS-POP R2023A 100 m (Mollweide)",,,,gisco_urau_2021,No city >50k within search radius; Cities >50k within 25 km: 0; Cities >50k within 80 km: 0; Settlement hierarchy: rural; Source: Eurostat GISCO Urban Audit 2021 + urb_cpop1,1.335,243370,ghsl_pop_100m_r2023a,"{""ghsl_note"": ""CAGR 2020\u21922030 from GHS-POP R2023A multi-epoch data"", ""s17_eurostat_supplement"": {""base_population"": null, ""base_year"": 2023, ""projected_pop_2030"": 88000000, ""projected_pop_2040"": 94000000, ""projected_pop_2050"": 97500000, ""projected_pop_2060"": 98000000, ""projected_pop_2080"": 95000000, ""pop_change_pct_2050"": null, ""pop_change_pct_2080"": null, ""receptor_growth_factor_60yr"": null, ""projection_lo_2050"": null, ""projection_hi_2050"": null, ""projection_lo_2080"": null, ""projection_hi_2080"": null, ""growth_classification"": ""stable"", ""urban_expansion_pressure"": null, ""median_age_2050"": 40.2, ""old_age_dependency_2050"": 0.31, ""net_migration_rate_projected"": null, ""projection_source"": ""nso"", ""projection_variant"": ""medium"", ""spatial_level"": ""national""}}",NNE,1.81,571.25,medium,ERA5 atmospheric dispersion (ref 1991-2020) | prevailing_wind=NNE(22deg) | mean_speed=1.8m/s | mean_BLH=571m | p5_BLH=391m | stable_frac=0.317 | stability=[A=0.0% B=0.0% C=68.3% D=0.0% E=31.7% F=0.0%] | wind_rose_dominant=NNE | source=copernicus_era5,,,,low permeability,,medium,,2026-04-20 21:28:49.862812+00:00,audit_postlogging_20260421,api,merge_phase2_20260421
TR,Evrese power station,17568f0f-91fd-4efe-b4df-2c7cc5d80b7d,345.78,69.37,35.29,39.88,27155,55784,69286,801700,ghsl_pop_100m_r2023a,"5 km: 27,155 pop, 346 p/km²; 16 km: 55,784 pop, 69 p/km²; 25 km: 69,286 pop, 35 p/km²; 80 km: 801,700 pop, 40 p/km²; Epoch: 2020; Source: GHS-POP R2023A 100 m (Mollweide)",,,,gisco_urau_2021,No city >50k within search radius; Cities >50k within 25 km: 0; Cities >50k within 80 km: 0; Settlement hierarchy: rural; Source: Eurostat GISCO Urban Audit 2021 + urb_cpop1,0.861,75958,ghsl_pop_100m_r2023a,"{""ghsl_note"": ""CAGR 2020\u21922030 from GHS-POP R2023A multi-epoch data"", ""s17_eurostat_supplement"": {""base_population"": null, ""base_year"": 2023, ""projected_pop_2030"": 88000000, ""projected_pop_2040"": 94000000, ""projected_pop_2050"": 97500000, ""projected_pop_2060"": 98000000, ""projected_pop_2080"": 95000000, ""pop_change_pct_2050"": null, ""pop_change_pct_2080"": null, ""receptor_growth_factor_60yr"": null, ""projection_lo_2050"": null, ""projection_hi_2050"": null, ""projection_lo_2080"": null, ""projection_hi_2080"": null, ""growth_classification"": ""stable"", ""urban_expansion_pressure"": null, ""median_age_2050"": 40.2, ""old_age_dependency_2050"": 0.31, ""net_migration_rate_projected"": null, ""projection_source"": ""nso"", ""projection_variant"": ""medium"", ""spatial_level"": ""national""}}",NE,2.06,624.68,medium,ERA5 atmospheric dispersion (ref 1991-2020) | prevailing_wind=NE(45deg) | mean_speed=2.1m/s | mean_BLH=625m | p5_BLH=469m | stable_frac=0.131 | stability=[A=0.0% B=0.3% C=86.7% D=0.0% E=13.1% F=0.0%] | wind_rose_dominant=NE | source=copernicus_era5,,,,low permeability,,medium,,2026-04-20 21:28:49.873617+00:00,audit_postlogging_20260421,api,merge_phase2_20260421
TR,Filyos power station,cb08e7b6-0af3-45d9-95c3-3832e7e2677c,86.55,63.3,155.94,59.51,6797,50900,306150,1196317,ghsl_pop_100m_r2023a,"5 km: 6,797 pop, 87 p/km²; 16 km: 50,900 pop, 63 p/km²; 25 km: 306,150 pop, 156 p/km²; 80 km: 1,196,317 pop, 60 p/km²; Epoch: 2020; Source: GHS-POP R2023A 100 m (Mollweide)",,,,gisco_urau_2021,No city >50k within search radius; Cities >50k within 25 km: 0; Cities >50k within 80 km: 0; Settlement hierarchy: rural; Source: Eurostat GISCO Urban Audit 2021 + urb_cpop1,0.56,335642,ghsl_pop_100m_r2023a,"{""ghsl_note"": ""CAGR 2020\u21922030 from GHS-POP R2023A multi-epoch data"", ""s17_eurostat_supplement"": {""base_population"": null, ""base_year"": 2023, ""projected_pop_2030"": 88000000, ""projected_pop_2040"": 94000000, ""projected_pop_2050"": 97500000, ""projected_pop_2060"": 98000000, ""projected_pop_2080"": 95000000, ""pop_change_pct_2050"": null, ""pop_change_pct_2080"": null, ""receptor_growth_factor_60yr"": null, ""projection_lo_2050"": null, ""projection_hi_2050"": null, ""projection_lo_2080"": null, ""projection_hi_2080"": null, ""growth_classification"": ""stable"", ""urban_expansion_pressure"": null, ""median_age_2050"": 40.2, ""old_age_dependency_2050"": 0.31, ""net_migration_rate_projected"": null, ""projection_source"": ""nso"", ""projection_variant"": ""medium"", ""spatial_level"": ""national""}}",N,0.81,331.47,medium,ERA5 atmospheric dispersion (ref 1991-2020) | prevailing_wind=N(0deg) | mean_speed=0.8m/s | mean_BLH=331m | p5_BLH=218m | stable_frac=0.997 | stability=[A=0.0% B=0.0% C=0.3% D=0.0% E=99.7% F=0.0%] | wind_rose_dominant=N | source=copernicus_era5,,,,low permeability,,medium,,2026-04-20 21:28:49.883790+00:00,audit_postlogging_20260421,api,merge_phase2_20260421
TR,Gebze Çolakoğlu power station,829f61ff-0ad1-4288-8dd9-e41abbd0b6a7,917.83,895.51,823.75,966.55,72079,720143,1617259,19431448,ghsl_pop_100m_r2023a,"5 km: 72,079 pop, 918 p/km²; 16 km: 720,143 pop, 896 p/km²; 25 km: 1,617,259 pop, 824 p/km²; 80 km: 19,431,448 pop, 967 p/km²; Epoch: 2020; Source: GHS-POP R2023A 100 m (Mollweide)",,,,gisco_urau_2021,No city >50k within search radius; Cities >50k within 25 km: 0; Cities >50k within 80 km: 0; Settlement hierarchy: rural; Source: Eurostat GISCO Urban Audit 2021 + urb_cpop1,1.603,1773023,ghsl_pop_100m_r2023a,"{""ghsl_note"": ""CAGR 2020\u21922030 from GHS-POP R2023A multi-epoch data"", ""s17_eurostat_supplement"": {""base_population"": null, ""base_year"": 2023, ""projected_pop_2030"": 88000000, ""projected_pop_2040"": 94000000, ""projected_pop_2050"": 97500000, ""projected_pop_2060"": 98000000, ""projected_pop_2080"": 95000000, ""pop_change_pct_2050"": null, ""pop_change_pct_2080"": null, ""receptor_growth_factor_60yr"": null, ""projection_lo_2050"": null, ""projection_hi_2050"": null, ""projection_lo_2080"": null, ""projection_hi_2080"": null, ""growth_classification"": ""stable"", ""urban_expansion_pressure"": null, ""median_age_2050"": 40.2, ""old_age_dependency_2050"": 0.31, ""net_migration_rate_projected"": null, ""projection_source"": ""nso"", ""projection_variant"": ""medium"", ""spatial_level"": ""national""}}",NNE,1.3,478.64,medium,ERA5 atmospheric dispersion (ref 1991-2020) | prevailing_wind=NNE(22deg) | mean_speed=1.3m/s | mean_BLH=479m | p5_BLH=303m | stable_frac=0.622 | stability=[A=0.0% B=0.0% C=37.8% D=0.0% E=62.2% F=0.0%] | wind_rose_dominant=NNE | source=copernicus_era5,,,,sedimentary carbonates,,medium,,2026-04-20 21:28:49.895711+00:00,audit_postlogging_20260421,api,merge_phase2_20260421
TR,Gerze power station,e780e4ac-0506-4186-9b58-0f378f878345,26.03,43.13,46.62,21.74,2044,34683,91538,437159,ghsl_pop_100m_r2023a,"5 km: 2,044 pop, 26 p/km²; 16 km: 34,683 pop, 43 p/km²; 25 km: 91,538 pop, 47 p/km²; 80 km: 437,159 pop, 22 p/km²; Epoch: 2020; Source: GHS-POP R2023A 100 m (Mollweide)",,,,gisco_urau_2021,No city >50k within search radius; Cities >50k within 25 km: 0; Cities >50k within 80 km: 0; Settlement hierarchy: rural; Source: Eurostat GISCO Urban Audit 2021 + urb_cpop1,-0.46,100344,ghsl_pop_100m_r2023a,"{""ghsl_note"": ""CAGR 2020\u21922030 from GHS-POP R2023A multi-epoch data"", ""s17_eurostat_supplement"": {""base_population"": null, ""base_year"": 2023, ""projected_pop_2030"": 88000000, ""projected_pop_2040"": 94000000, ""projected_pop_2050"": 97500000, ""projected_pop_2060"": 98000000, ""projected_pop_2080"": 95000000, ""pop_change_pct_2050"": null, ""pop_change_pct_2080"": null, ""receptor_growth_factor_60yr"": null, ""projection_lo_2050"": null, ""projection_hi_2050"": null, ""projection_lo_2080"": null, ""projection_hi_2080"": null, ""growth_classification"": ""stable"", ""urban_expansion_pressure"": null, ""median_age_2050"": 40.2, ""old_age_dependency_2050"": 0.31, ""net_migration_rate_projected"": null, ""projection_source"": ""nso"", ""projection_variant"": ""medium"", ""spatial_level"": ""national""}}",NW,0.92,376.14,medium,ERA5 atmospheric dispersion (ref 1991-2020) | prevailing_wind=NW(315deg) | mean_speed=0.9m/s | mean_BLH=376m | p5_BLH=193m | stable_frac=0.861 | stability=[A=0.0% B=0.0% C=13.9% D=0.0% E=86.1% F=0.0%] | wind_rose_dominant=NW | source=copernicus_era5,,,,sedimentary sands,,medium,,2026-04-20 21:28:49.908416+00:00,audit_postlogging_20260421,api,merge_phase2_20260421
TR,Gölovası power station,c9c85786-eb26-4e7b-b280-83a54b7e834f,796.21,311.82,202.14,196.32,62528,250756,396851,3946731,ghsl_pop_100m_r2023a,"5 km: 62,528 pop, 796 p/km²; 16 km: 250,756 pop, 312 p/km²; 25 km: 396,851 pop, 202 p/km²; 80 km: 3,946,731 pop, 196 p/km²; Epoch: 2020; Source: GHS-POP R2023A 100 m (Mollweide)",,,,gisco_urau_2021,No city >50k within search radius; Cities >50k within 25 km: 0; Cities >50k within 80 km: 0; Settlement hierarchy: rural; Source: Eurostat GISCO Urban Audit 2021 + urb_cpop1,-0.532,435082,ghsl_pop_100m_r2023a,"{""ghsl_note"": ""CAGR 2020\u21922030 from GHS-POP R2023A multi-epoch data"", ""s17_eurostat_supplement"": {""base_population"": null, ""base_year"": 2023, ""projected_pop_2030"": 88000000, ""projected_pop_2040"": 94000000, ""projected_pop_2050"": 97500000, ""projected_pop_2060"": 98000000, ""projected_pop_2080"": 95000000, ""pop_change_pct_2050"": null, ""pop_change_pct_2080"": null, ""receptor_growth_factor_60yr"": null, ""projection_lo_2050"": null, ""projection_hi_2050"": null, ""projection_lo_2080"": null, ""projection_hi_2080"": null, ""growth_classification"": ""stable"", ""urban_expansion_pressure"": null, ""median_age_2050"": 40.2, ""old_age_dependency_2050"": 0.31, ""net_migration_rate_projected"": null, ""projection_source"": ""nso"", ""projection_variant"": ""medium"", ""spatial_level"": ""national""}}",SW,1.45,400.58,medium,ERA5 atmospheric dispersion (ref 1991-2020) | prevailing_wind=SW(225deg) | mean_speed=1.4m/s | mean_BLH=401m | p5_BLH=274m | stable_frac=0.897 | stability=[A=0.0% B=0.0% C=10.3% D=0.0% E=89.7% F=0.0%] | wind_rose_dominant=SW | source=copernicus_era5,,,,alluvial,,medium,,2026-04-20 21:28:49.922387+00:00,audit_postlogging_20260421,api,merge_phase2_20260421
TR,Gönen power station,0ca0b969-c519-48f3-97ab-7173d3aa6085,656.06,97.54,54.05,71.86,51522,78438,106115,1444670,ghsl_pop_100m_r2023a,"5 km: 51,522 pop, 656 p/km²; 16 km: 78,438 pop, 98 p/km²; 25 km: 106,115 pop, 54 p/km²; 80 km: 1,444,670 pop, 72 p/km²; Epoch: 2020; Source: GHS-POP R2023A 100 m (Mollweide)",,,,gisco_urau_2021,No city >50k within search radius; Cities >50k within 25 km: 0; Cities >50k within 80 km: 0; Settlement hierarchy: rural; Source: Eurostat GISCO Urban Audit 2021 + urb_cpop1,1.114,116336,ghsl_pop_100m_r2023a,"{""ghsl_note"": ""CAGR 2020\u21922030 from GHS-POP R2023A multi-epoch data"", ""s17_eurostat_supplement"": {""base_population"": null, ""base_year"": 2023, ""projected_pop_2030"": 88000000, ""projected_pop_2040"": 94000000, ""projected_pop_2050"": 97500000, ""projected_pop_2060"": 98000000, ""projected_pop_2080"": 95000000, ""pop_change_pct_2050"": null, ""pop_change_pct_2080"": null, ""receptor_growth_factor_60yr"": null, ""projection_lo_2050"": null, ""projection_hi_2050"": null, ""projection_lo_2080"": null, ""projection_hi_2080"": null, ""growth_classification"": ""stable"", ""urban_expansion_pressure"": null, ""median_age_2050"": 40.2, ""old_age_dependency_2050"": 0.31, ""net_migration_rate_projected"": null, ""projection_source"": ""nso"", ""projection_variant"": ""medium"", ""spatial_level"": ""national""}}",N,1.54,576.06,medium,ERA5 atmospheric dispersion (ref 1991-2020) | prevailing_wind=N(0deg) | mean_speed=1.5m/s | mean_BLH=576m | p5_BLH=381m | stable_frac=0.283 | stability=[A=0.0% B=0.0% C=71.7% D=0.0% E=28.3% F=0.0%] | wind_rose_dominant=N | source=copernicus_era5,,,,low permeability,,medium,,2026-04-20 21:28:49.933155+00:00,audit_postlogging_20260421,api,merge_phase2_20260421
TR,Güney Akdeniz power station,53481b7f-5b85-4bab-be04-4866c2e72c12,255.87,52.24,33.7,162.71,20094,42008,66164,3271148,ghsl_pop_100m_r2023a,"5 km: 20,094 pop, 256 p/km²; 16 km: 42,008 pop, 52 p/km²; 25 km: 66,164 pop, 34 p/km²; 80 km: 3,271,148 pop, 163 p/km²; Epoch: 2020; Source: GHS-POP R2023A 100 m (Mollweide)",,,,gisco_urau_2021,No city >50k within search radius; Cities >50k within 25 km: 0; Cities >50k within 80 km: 0; Settlement hierarchy: rural; Source: Eurostat GISCO Urban Audit 2021 + urb_cpop1,2.222,72535,ghsl_pop_100m_r2023a,"{""ghsl_note"": ""CAGR 2020\u21922030 from GHS-POP R2023A multi-epoch data"", ""s17_eurostat_supplement"": {""base_population"": null, ""base_year"": 2023, ""projected_pop_2030"": 88000000, ""projected_pop_2040"": 94000000, ""projected_pop_2050"": 97500000, ""projected_pop_2060"": 98000000, ""projected_pop_2080"": 95000000, ""pop_change_pct_2050"": null, ""pop_change_pct_2080"": null, ""receptor_growth_factor_60yr"": null, ""projection_lo_2050"": null, ""projection_hi_2050"": null, ""projection_lo_2080"": null, ""projection_hi_2080"": null, ""growth_classification"": ""stable"", ""urban_expansion_pressure"": null, ""median_age_2050"": 40.2, ""old_age_dependency_2050"": 0.31, ""net_migration_rate_projected"": null, ""projection_source"": ""nso"", ""projection_variant"": ""medium"", ""spatial_level"": ""national""}}",SW,1.38,413.19,medium,ERA5 atmospheric dispersion (ref 1991-2020) | prevailing_wind=SW(225deg) | mean_speed=1.4m/s | mean_BLH=413m | p5_BLH=282m | stable_frac=0.833 | stability=[A=0.0% B=0.0% C=16.7% D=0.0% E=83.3% F=0.0%] | wind_rose_dominant=SW | source=copernicus_era5,,,,low permeability,,medium,,2026-04-20 21:28:49.945599+00:00,audit_postlogging_20260421,api,merge_phase2_20260421
TR,Güneybatı Anadolu power station,d110df11-ad8e-44dc-8a32-af692ca46c6f,826.91,110.66,65.67,81.56,64939,88987,128938,1639741,ghsl_pop_100m_r2023a,"5 km: 64,939 pop, 827 p/km²; 16 km: 88,987 pop, 111 p/km²; 25 km: 128,938 pop, 66 p/km²; 80 km: 1,639,741 pop, 82 p/km²; Epoch: 2020; Source: GHS-POP R2023A 100 m (Mollweide)",,,,gisco_urau_2021,No city >50k within search radius; Cities >50k within 25 km: 0; Cities >50k within 80 km: 0; Settlement hierarchy: rural; Source: Eurostat GISCO Urban Audit 2021 + urb_cpop1,1.578,141347,ghsl_pop_100m_r2023a,"{""ghsl_note"": ""CAGR 2020\u21922030 from GHS-POP R2023A multi-epoch data"", ""s17_eurostat_supplement"": {""base_population"": null, ""base_year"": 2023, ""projected_pop_2030"": 88000000, ""projected_pop_2040"": 94000000, ""projected_pop_2050"": 97500000, ""projected_pop_2060"": 98000000, ""projected_pop_2080"": 95000000, ""pop_change_pct_2050"": null, ""pop_change_pct_2080"": null, ""receptor_growth_factor_60yr"": null, ""projection_lo_2050"": null, ""projection_hi_2050"": null, ""projection_lo_2080"": null, ""projection_hi_2080"": null, ""growth_classification"": ""stable"", ""urban_expansion_pressure"": null, ""median_age_2050"": 40.2, ""old_age_dependency_2050"": 0.31, ""net_migration_rate_projected"": null, ""projection_source"": ""nso"", ""projection_variant"": ""medium"", ""spatial_level"": ""national""}}",NW,1.08,462.89,medium,ERA5 atmospheric dispersion (ref 1991-2020) | prevailing_wind=NW(315deg) | mean_speed=1.1m/s | mean_BLH=463m | p5_BLH=316m | stable_frac=0.658 | stability=[A=0.0% B=0.0% C=34.2% D=0.0% E=65.8% F=0.0%] | wind_rose_dominant=NW | source=copernicus_era5,,,,hard rocks,,medium,,2026-04-20 21:28:49.960320+00:00,audit_postlogging_20260421,api,merge_phase2_20260421
TR,Güreci power station,d5151598-5a1a-4697-8147-592845ffef6c,190.39,70.59,36.27,39.71,14952,56768,71213,798249,ghsl_pop_100m_r2023a,"5 km: 14,952 pop, 190 p/km²; 16 km: 56,768 pop, 71 p/km²; 25 km: 71,213 pop, 36 p/km²; 80 km: 798,249 pop, 40 p/km²; Epoch: 2020; Source: GHS-POP R2023A 100 m (Mollweide)",,,,gisco_urau_2021,No city >50k within search radius; Cities >50k within 25 km: 0; Cities >50k within 80 km: 0; Settlement hierarchy: rural; Source: Eurostat GISCO Urban Audit 2021 + urb_cpop1,0.884,78067,ghsl_pop_100m_r2023a,"{""ghsl_note"": ""CAGR 2020\u21922030 from GHS-POP R2023A multi-epoch data"", ""s17_eurostat_supplement"": {""base_population"": null, ""base_year"": 2023, ""projected_pop_2030"": 88000000, ""projected_pop_2040"": 94000000, ""projected_pop_2050"": 97500000, ""projected_pop_2060"": 98000000, ""projected_pop_2080"": 95000000, ""pop_change_pct_2050"": null, ""pop_change_pct_2080"": null, ""receptor_growth_factor_60yr"": null, ""projection_lo_2050"": null, ""projection_hi_2050"": null, ""projection_lo_2080"": null, ""projection_hi_2080"": null, ""growth_classification"": ""stable"", ""urban_expansion_pressure"": null, ""median_age_2050"": 40.2, ""old_age_dependency_2050"": 0.31, ""net_migration_rate_projected"": null, ""projection_source"": ""nso"", ""projection_variant"": ""medium"", ""spatial_level"": ""national""}}",NE,1.97,597.6,medium,ERA5 atmospheric dispersion (ref 1991-2020) | prevailing_wind=NE(45deg) | mean_speed=2.0m/s | mean_BLH=598m | p5_BLH=437m | stable_frac=0.183 | stability=[A=0.0% B=0.0% C=81.7% D=0.0% E=18.3% F=0.0%] | wind_rose_dominant=NE | source=copernicus_era5,,,,low permeability,,medium,,2026-04-20 21:28:49.973222+00:00,audit_postlogging_20260421,api,merge_phase2_20260421
TR,Gürmin Enerji Amasya power station,5a19f424-1a15-44e6-bf1b-c2c5886ac1bf,44.06,178.38,94.83,96.92,3460,143448,186178,1948571,ghsl_pop_100m_r2023a,"5 km: 3,460 pop, 44 p/km²; 16 km: 143,448 pop, 178 p/km²; 25 km: 186,178 pop, 95 p/km²; 80 km: 1,948,571 pop, 97 p/km²; Epoch: 2020; Source: GHS-POP R2023A 100 m (Mollweide)",,,,gisco_urau_2021,No city >50k within search radius; Cities >50k within 25 km: 0; Cities >50k within 80 km: 0; Settlement hierarchy: rural; Source: Eurostat GISCO Urban Audit 2021 + urb_cpop1,0.123,204110,ghsl_pop_100m_r2023a,"{""ghsl_note"": ""CAGR 2020\u21922030 from GHS-POP R2023A multi-epoch data"", ""s17_eurostat_supplement"": {""base_population"": null, ""base_year"": 2023, ""projected_pop_2030"": 88000000, ""projected_pop_2040"": 94000000, ""projected_pop_2050"": 97500000, ""projected_pop_2060"": 98000000, ""projected_pop_2080"": 95000000, ""pop_change_pct_2050"": null, ""pop_change_pct_2080"": null, ""receptor_growth_factor_60yr"": null, ""projection_lo_2050"": null, ""projection_hi_2050"": null, ""projection_lo_2080"": null, ""projection_hi_2080"": null, ""growth_classification"": ""stable"", ""urban_expansion_pressure"": null, ""median_age_2050"": 40.2, ""old_age_dependency_2050"": 0.31, ""net_migration_rate_projected"": null, ""projection_source"": ""nso"", ""projection_variant"": ""medium"", ""spatial_level"": ""national""}}",NNE,0.92,442.41,medium,ERA5 atmospheric dispersion (ref 1991-2020) | prevailing_wind=NNE(22deg) | mean_speed=0.9m/s | mean_BLH=442m | p5_BLH=182m | stable_frac=0.589 | stability=[A=0.0% B=0.0% C=41.1% D=0.0% E=58.9% F=0.0%] | wind_rose_dominant=NNE | source=copernicus_era5,,,,sedimentary sands,,medium,,2026-04-20 21:28:49.986110+00:00,audit_postlogging_20260421,api,merge_phase2_20260421
TR,Habaş power station,80179871-04fa-4806-9385-caf739b8a171,778.08,155.92,133.84,237.63,61104,125387,262763,4777224,ghsl_pop_100m_r2023a,"5 km: 61,104 pop, 778 p/km²; 16 km: 125,387 pop, 156 p/km²; 25 km: 262,763 pop, 134 p/km²; 80 km: 4,777,224 pop, 238 p/km²; Epoch: 2020; Source: GHS-POP R2023A 100 m (Mollweide)",,,,gisco_urau_2021,No city >50k within search radius; Cities >50k within 25 km: 0; Cities >50k within 80 km: 0; Settlement hierarchy: rural; Source: Eurostat GISCO Urban Audit 2021 + urb_cpop1,0.345,288075,ghsl_pop_100m_r2023a,"{""ghsl_note"": ""CAGR 2020\u21922030 from GHS-POP R2023A multi-epoch data"", ""s17_eurostat_supplement"": {""base_population"": null, ""base_year"": 2023, ""projected_pop_2030"": 88000000, ""projected_pop_2040"": 94000000, ""projected_pop_2050"": 97500000, ""projected_pop_2060"": 98000000, ""projected_pop_2080"": 95000000, ""pop_change_pct_2050"": null, ""pop_change_pct_2080"": null, ""receptor_growth_factor_60yr"": null, ""projection_lo_2050"": null, ""projection_hi_2050"": null, ""projection_lo_2080"": null, ""projection_hi_2080"": null, ""growth_classification"": ""stable"", ""urban_expansion_pressure"": null, ""median_age_2050"": 40.2, ""old_age_dependency_2050"": 0.31, ""net_migration_rate_projected"": null, ""projection_source"": ""nso"", ""projection_variant"": ""medium"", ""spatial_level"": ""national""}}",N,1.91,553.79,medium,ERA5 atmospheric dispersion (ref 1991-2020) | prevailing_wind=N(0deg) | mean_speed=1.9m/s | mean_BLH=554m | p5_BLH=382m | stable_frac=0.350 | stability=[A=0.0% B=0.0% C=65.0% D=0.0% E=35.0% F=0.0%] | wind_rose_dominant=N | source=copernicus_era5,,,,sedimentary carbonates,,medium,,2026-04-20 21:28:49.996788+00:00,audit_postlogging_20260421,api,merge_phase2_20260421
TR,Hakan Enerji power station,adeb10a5-aaae-4e2c-b426-3db1c3d9bd5b,788.37,315.93,203.31,197.14,61912,254060,399156,3963324,ghsl_pop_100m_r2023a,"5 km: 61,912 pop, 788 p/km²; 16 km: 254,060 pop, 316 p/km²; 25 km: 399,156 pop, 203 p/km²; 80 km: 3,963,324 pop, 197 p/km²; Epoch: 2020; Source: GHS-POP R2023A 100 m (Mollweide)",,,,gisco_urau_2021,No city >50k within search radius; Cities >50k within 25 km: 0; Cities >50k within 80 km: 0; Settlement hierarchy: rural; Source: Eurostat GISCO Urban Audit 2021 + urb_cpop1,-0.556,437600,ghsl_pop_100m_r2023a,"{""ghsl_note"": ""CAGR 2020\u21922030 from GHS-POP R2023A multi-epoch data"", ""s17_eurostat_supplement"": {""base_population"": null, ""base_year"": 2023, ""projected_pop_2030"": 88000000, ""projected_pop_2040"": 94000000, ""projected_pop_2050"": 97500000, ""projected_pop_2060"": 98000000, ""projected_pop_2080"": 95000000, ""pop_change_pct_2050"": null, ""pop_change_pct_2080"": null, ""receptor_growth_factor_60yr"": null, ""projection_lo_2050"": null, ""projection_hi_2050"": null, ""projection_lo_2080"": null, ""projection_hi_2080"": null, ""growth_classification"": ""stable"", ""urban_expansion_pressure"": null, ""median_age_2050"": 40.2, ""old_age_dependency_2050"": 0.31, ""net_migration_rate_projected"": null, ""projection_source"": ""nso"", ""projection_variant"": ""medium"", ""spatial_level"": ""national""}}",SW,1.45,400.58,medium,ERA5 atmospheric dispersion (ref 1991-2020) | prevailing_wind=SW(225deg) | mean_speed=1.4m/s | mean_BLH=401m | p5_BLH=274m | stable_frac=0.897 | stability=[A=0.0% B=0.0% C=10.3% D=0.0% E=89.7% F=0.0%] | wind_rose_dominant=SW | source=copernicus_era5,,,,alluvial,,medium,,2026-04-20 21:28:50.006426+00:00,audit_postlogging_20260421,api,merge_phase2_20260421
TR,Hakan Kömür power station,82aac38c-3037-466c-9b37-bff9da707645,1217.66,143.41,121.19,168.2,95625,115326,237923,3381424,ghsl_pop_100m_r2023a,"5 km: 95,625 pop, 1218 p/km²; 16 km: 115,326 pop, 143 p/km²; 25 km: 237,923 pop, 121 p/km²; 80 km: 3,381,424 pop, 168 p/km²; Epoch: 2020; Source: GHS-POP R2023A 100 m (Mollweide)",,,,gisco_urau_2021,No city >50k within search radius; Cities >50k within 25 km: 0; Cities >50k within 80 km: 0; Settlement hierarchy: rural; Source: Eurostat GISCO Urban Audit 2021 + urb_cpop1,-1.111,260847,ghsl_pop_100m_r2023a,"{""ghsl_note"": ""CAGR 2020\u21922030 from GHS-POP R2023A multi-epoch data"", ""s17_eurostat_supplement"": {""base_population"": null, ""base_year"": 2023, ""projected_pop_2030"": 88000000, ""projected_pop_2040"": 94000000, ""projected_pop_2050"": 97500000, ""projected_pop_2060"": 98000000, ""projected_pop_2080"": 95000000, ""pop_change_pct_2050"": null, ""pop_change_pct_2080"": null, ""receptor_growth_factor_60yr"": null, ""projection_lo_2050"": null, ""projection_hi_2050"": null, ""projection_lo_2080"": null, ""projection_hi_2080"": null, ""growth_classification"": ""stable"", ""urban_expansion_pressure"": null, ""median_age_2050"": 40.2, ""old_age_dependency_2050"": 0.31, ""net_migration_rate_projected"": null, ""projection_source"": ""nso"", ""projection_variant"": ""medium"", ""spatial_level"": ""national""}}",S,1.19,387.03,medium,ERA5 atmospheric dispersion (ref 1991-2020) | prevailing_wind=S(180deg) | mean_speed=1.2m/s | mean_BLH=387m | p5_BLH=197m | stable_frac=0.772 | stability=[A=0.0% B=0.0% C=22.8% D=0.0% E=77.2% F=0.0%] | wind_rose_dominant=S | source=copernicus_era5,,,,alluvial,,medium,,2026-04-20 21:28:50.017426+00:00,audit_postlogging_20260421,api,merge_phase2_20260421
TR,Hande power station,e10aae79-05b7-4ad9-9d69-60ce190b4444,1757.03,381.14,201.62,203.47,137983,306497,395832,4090571,ghsl_pop_100m_r2023a,"5 km: 137,983 pop, 1757 p/km²; 16 km: 306,497 pop, 381 p/km²; 25 km: 395,832 pop, 202 p/km²; 80 km: 4,090,571 pop, 203 p/km²; Epoch: 2020; Source: GHS-POP R2023A 100 m (Mollweide)",,,,gisco_urau_2021,No city >50k within search radius; Cities >50k within 25 km: 0; Cities >50k within 80 km: 0; Settlement hierarchy: rural; Source: Eurostat GISCO Urban Audit 2021 + urb_cpop1,-0.176,433963,ghsl_pop_100m_r2023a,"{""ghsl_note"": ""CAGR 2020\u21922030 from GHS-POP R2023A multi-epoch data"", ""s17_eurostat_supplement"": {""base_population"": null, ""base_year"": 2023, ""projected_pop_2030"": 88000000, ""projected_pop_2040"": 94000000, ""projected_pop_2050"": 97500000, ""projected_pop_2060"": 98000000, ""projected_pop_2080"": 95000000, ""pop_change_pct_2050"": null, ""pop_change_pct_2080"": null, ""receptor_growth_factor_60yr"": null, ""projection_lo_2050"": null, ""projection_hi_2050"": null, ""projection_lo_2080"": null, ""projection_hi_2080"": null, ""growth_classification"": ""stable"", ""urban_expansion_pressure"": null, ""median_age_2050"": 40.2, ""old_age_dependency_2050"": 0.31, ""net_migration_rate_projected"": null, ""projection_source"": ""nso"", ""projection_variant"": ""medium"", ""spatial_level"": ""national""}}",SSW,1.62,407.82,medium,ERA5 atmospheric dispersion (ref 1991-2020) | prevailing_wind=SSW(202deg) | mean_speed=1.6m/s | mean_BLH=408m | p5_BLH=284m | stable_frac=0.836 | stability=[A=0.0% B=0.0% C=16.4% D=0.0% E=83.6% F=0.0%] | wind_rose_dominant=SSW | source=copernicus_era5,,,,alluvial,,medium,,2026-04-20 21:28:50.029062+00:00,audit_postlogging_20260421,api,merge_phase2_20260421
TR,Helvacı power station,e0e73325-5b32-4fef-b925-f0bb91114450,15.01,68.77,66.39,76.13,1179,55305,130353,1530503,ghsl_pop_100m_r2023a,"5 km: 1,179 pop, 15 p/km²; 16 km: 55,305 pop, 69 p/km²; 25 km: 130,353 pop, 66 p/km²; 80 km: 1,530,503 pop, 76 p/km²; Epoch: 2020; Source: GHS-POP R2023A 100 m (Mollweide)",,,,gisco_urau_2021,No city >50k within search radius; Cities >50k within 25 km: 0; Cities >50k within 80 km: 0; Settlement hierarchy: rural; Source: Eurostat GISCO Urban Audit 2021 + urb_cpop1,0.882,142897,ghsl_pop_100m_r2023a,"{""ghsl_note"": ""CAGR 2020\u21922030 from GHS-POP R2023A multi-epoch data"", ""s17_eurostat_supplement"": {""base_population"": null, ""base_year"": 2023, ""projected_pop_2030"": 88000000, ""projected_pop_2040"": 94000000, ""projected_pop_2050"": 97500000, ""projected_pop_2060"": 98000000, ""projected_pop_2080"": 95000000, ""pop_change_pct_2050"": null, ""pop_change_pct_2080"": null, ""receptor_growth_factor_60yr"": null, ""projection_lo_2050"": null, ""projection_hi_2050"": null, ""projection_lo_2080"": null, ""projection_hi_2080"": null, ""growth_classification"": ""stable"", ""urban_expansion_pressure"": null, ""median_age_2050"": 40.2, ""old_age_dependency_2050"": 0.31, ""net_migration_rate_projected"": null, ""projection_source"": ""nso"", ""projection_variant"": ""medium"", ""spatial_level"": ""national""}}",NNE,1.5,551.86,medium,ERA5 atmospheric dispersion (ref 1991-2020) | prevailing_wind=NNE(22deg) | mean_speed=1.5m/s | mean_BLH=552m | p5_BLH=365m | stable_frac=0.342 | stability=[A=0.0% B=0.0% C=65.8% D=0.0% E=34.2% F=0.0%] | wind_rose_dominant=NNE | source=copernicus_era5,,,,low permeability,,medium,,2026-04-20 21:28:50.039300+00:00,audit_postlogging_20260421,api,merge_phase2_20260421
TR,HEMA Amasra power station,0947a4c8-4fc1-492f-9c66-2c9a993c7fb0,107.18,152.89,76.53,47.46,8417,122950,150260,954094,ghsl_pop_100m_r2023a,"5 km: 8,417 pop, 107 p/km²; 16 km: 122,950 pop, 153 p/km²; 25 km: 150,260 pop, 77 p/km²; 80 km: 954,094 pop, 47 p/km²; Epoch: 2020; Source: GHS-POP R2023A 100 m (Mollweide)",,,,gisco_urau_2021,No city >50k within search radius; Cities >50k within 25 km: 0; Cities >50k within 80 km: 0; Settlement hierarchy: rural; Source: Eurostat GISCO Urban Audit 2021 + urb_cpop1,0.592,164722,ghsl_pop_100m_r2023a,"{""ghsl_note"": ""CAGR 2020\u21922030 from GHS-POP R2023A multi-epoch data"", ""s17_eurostat_supplement"": {""base_population"": null, ""base_year"": 2023, ""projected_pop_2030"": 88000000, ""projected_pop_2040"": 94000000, ""projected_pop_2050"": 97500000, ""projected_pop_2060"": 98000000, ""projected_pop_2080"": 95000000, ""pop_change_pct_2050"": null, ""pop_change_pct_2080"": null, ""receptor_growth_factor_60yr"": null, ""projection_lo_2050"": null, ""projection_hi_2050"": null, ""projection_lo_2080"": null, ""projection_hi_2080"": null, ""growth_classification"": ""stable"", ""urban_expansion_pressure"": null, ""median_age_2050"": 40.2, ""old_age_dependency_2050"": 0.31, ""net_migration_rate_projected"": null, ""projection_source"": ""nso"", ""projection_variant"": ""medium"", ""spatial_level"": ""national""}}",NNE,1.18,382.17,medium,ERA5 atmospheric dispersion (ref 1991-2020) | prevailing_wind=NNE(22deg) | mean_speed=1.2m/s | mean_BLH=382m | p5_BLH=228m | stable_frac=0.886 | stability=[A=0.0% B=0.0% C=11.4% D=0.0% E=88.6% F=0.0%] | wind_rose_dominant=NNE | source=copernicus_era5,,,,sedimentary carbonates,,medium,,2026-04-20 21:28:50.049862+00:00,audit_postlogging_20260421,api,merge_phase2_20260421
TR,İÇDAŞ Bekirli power station,cc635340-954c-4428-9fa1-14383c7faceb,44.84,43.55,43.91,57.27,3521,35023,86204,1151335,ghsl_pop_100m_r2023a,"5 km: 3,521 pop, 45 p/km²; 16 km: 35,023 pop, 44 p/km²; 25 km: 86,204 pop, 44 p/km²; 80 km: 1,151,335 pop, 57 p/km²; Epoch: 2020; Source: GHS-POP R2023A 100 m (Mollweide)",,,,gisco_urau_2021,No city >50k within search radius; Cities >50k within 25 km: 0; Cities >50k within 80 km: 0; Settlement hierarchy: rural; Source: Eurostat GISCO Urban Audit 2021 + urb_cpop1,1.274,94511,ghsl_pop_100m_r2023a,"{""ghsl_note"": ""CAGR 2020\u21922030 from GHS-POP R2023A multi-epoch data"", ""s17_eurostat_supplement"": {""base_population"": null, ""base_year"": 2023, ""projected_pop_2030"": 88000000, ""projected_pop_2040"": 94000000, ""projected_pop_2050"": 97500000, ""projected_pop_2060"": 98000000, ""projected_pop_2080"": 95000000, ""pop_change_pct_2050"": null, ""pop_change_pct_2080"": null, ""receptor_growth_factor_60yr"": null, ""projection_lo_2050"": null, ""projection_hi_2050"": null, ""projection_lo_2080"": null, ""projection_hi_2080"": null, ""growth_classification"": ""stable"", ""urban_expansion_pressure"": null, ""median_age_2050"": 40.2, ""old_age_dependency_2050"": 0.31, ""net_migration_rate_projected"": null, ""projection_source"": ""nso"", ""projection_variant"": ""medium"", ""spatial_level"": ""national""}}",NE,1.86,585.01,medium,ERA5 atmospheric dispersion (ref 1991-2020) | prevailing_wind=NE(45deg) | mean_speed=1.9m/s | mean_BLH=585m | p5_BLH=421m | stable_frac=0.236 | stability=[A=0.0% B=0.0% C=76.4% D=0.0% E=23.6% F=0.0%] | wind_rose_dominant=NE | source=copernicus_era5,,,,low permeability,,medium,,2026-04-20 21:28:50.063184+00:00,audit_postlogging_20260421,api,merge_phase2_20260421
TR,İÇDAŞ Biga power station,746fc66e-d31f-4c5d-bf5c-ab5031b04b15,157.1,41.38,42.61,58.88,12337,33275,83662,1183782,ghsl_pop_100m_r2023a,"5 km: 12,337 pop, 157 p/km²; 16 km: 33,275 pop, 41 p/km²; 25 km: 83,662 pop, 43 p/km²; 80 km: 1,183,782 pop, 59 p/km²; Epoch: 2020; Source: GHS-POP R2023A 100 m (Mollweide)",,,,gisco_urau_2021,No city >50k within search radius; Cities >50k within 25 km: 0; Cities >50k within 80 km: 0; Settlement hierarchy: rural; Source: Eurostat GISCO Urban Audit 2021 + urb_cpop1,1.431,91713,ghsl_pop_100m_r2023a,"{""ghsl_note"": ""CAGR 2020\u21922030 from GHS-POP R2023A multi-epoch data"", ""s17_eurostat_supplement"": {""base_population"": null, ""base_year"": 2023, ""projected_pop_2030"": 88000000, ""projected_pop_2040"": 94000000, ""projected_pop_2050"": 97500000, ""projected_pop_2060"": 98000000, ""projected_pop_2080"": 95000000, ""pop_change_pct_2050"": null, ""pop_change_pct_2080"": null, ""receptor_growth_factor_60yr"": null, ""projection_lo_2050"": null, ""projection_hi_2050"": null, ""projection_lo_2080"": null, ""projection_hi_2080"": null, ""growth_classification"": ""stable"", ""urban_expansion_pressure"": null, ""median_age_2050"": 40.2, ""old_age_dependency_2050"": 0.31, ""net_migration_rate_projected"": null, ""projection_source"": ""nso"", ""projection_variant"": ""medium"", ""spatial_level"": ""national""}}",NE,2.36,556.73,medium,ERA5 atmospheric dispersion (ref 1991-2020) | prevailing_wind=NE(45deg) | mean_speed=2.4m/s | mean_BLH=557m | p5_BLH=373m | stable_frac=0.325 | stability=[A=0.0% B=0.0% C=67.5% D=0.0% E=32.5% F=0.0%] | wind_rose_dominant=NE | source=copernicus_era5,,,,low permeability,,medium,,2026-04-20 21:28:50.073686+00:00,audit_postlogging_20260421,api,merge_phase2_20260421
TR,Ilgın power station,47c1271c-e2b2-42f5-99ee-f616bbef5b7e,385.8,56.49,37.53,80.26,30298,45430,73692,1613620,ghsl_pop_100m_r2023a,"5 km: 30,298 pop, 386 p/km²; 16 km: 45,430 pop, 56 p/km²; 25 km: 73,692 pop, 38 p/km²; 80 km: 1,613,620 pop, 80 p/km²; Epoch: 2020; Source: GHS-POP R2023A 100 m (Mollweide)",,,,gisco_urau_2021,No city >50k within search radius; Cities >50k within 25 km: 0; Cities >50k within 80 km: 0; Settlement hierarchy: rural; Source: Eurostat GISCO Urban Audit 2021 + urb_cpop1,-0.287,80779,ghsl_pop_100m_r2023a,"{""ghsl_note"": ""CAGR 2020\u21922030 from GHS-POP R2023A multi-epoch data"", ""s17_eurostat_supplement"": {""base_population"": null, ""base_year"": 2023, ""projected_pop_2030"": 88000000, ""projected_pop_2040"": 94000000, ""projected_pop_2050"": 97500000, ""projected_pop_2060"": 98000000, ""projected_pop_2080"": 95000000, ""pop_change_pct_2050"": null, ""pop_change_pct_2080"": null, ""receptor_growth_factor_60yr"": null, ""projection_lo_2050"": null, ""projection_hi_2050"": null, ""projection_lo_2080"": null, ""projection_hi_2080"": null, ""growth_classification"": ""stable"", ""urban_expansion_pressure"": null, ""median_age_2050"": 40.2, ""old_age_dependency_2050"": 0.31, ""net_migration_rate_projected"": null, ""projection_source"": ""nso"", ""projection_variant"": ""medium"", ""spatial_level"": ""national""}}",S,1.04,603.35,medium,ERA5 atmospheric dispersion (ref 1991-2020) | prevailing_wind=S(180deg) | mean_speed=1.0m/s | mean_BLH=603m | p5_BLH=256m | stable_frac=0.386 | stability=[A=0.0% B=3.6% C=57.8% D=0.0% E=38.6% F=0.0%] | wind_rose_dominant=S | source=copernicus_era5,,,,alluvial,,medium,,2026-04-20 21:28:50.085207+00:00,audit_postlogging_20260421,api,merge_phase2_20260421
TR,Irmak power station,3819acc8-761d-49ba-89e7-967d3d37ec0e,202.75,57.56,46.44,41.9,15922,46287,91180,842428,ghsl_pop_100m_r2023a,"5 km: 15,922 pop, 203 p/km²; 16 km: 46,287 pop, 58 p/km²; 25 km: 91,180 pop, 46 p/km²; 80 km: 842,428 pop, 42 p/km²; Epoch: 2020; Source: GHS-POP R2023A 100 m (Mollweide)",,,,gisco_urau_2021,No city >50k within search radius; Cities >50k within 25 km: 0; Cities >50k within 80 km: 0; Settlement hierarchy: rural; Source: Eurostat GISCO Urban Audit 2021 + urb_cpop1,0.948,99957,ghsl_pop_100m_r2023a,"{""ghsl_note"": ""CAGR 2020\u21922030 from GHS-POP R2023A multi-epoch data"", ""s17_eurostat_supplement"": {""base_population"": null, ""base_year"": 2023, ""projected_pop_2030"": 88000000, ""projected_pop_2040"": 94000000, ""projected_pop_2050"": 97500000, ""projected_pop_2060"": 98000000, ""projected_pop_2080"": 95000000, ""pop_change_pct_2050"": null, ""pop_change_pct_2080"": null, ""receptor_growth_factor_60yr"": null, ""projection_lo_2050"": null, ""projection_hi_2050"": null, ""projection_lo_2080"": null, ""projection_hi_2080"": null, ""growth_classification"": ""stable"", ""urban_expansion_pressure"": null, ""median_age_2050"": 40.2, ""old_age_dependency_2050"": 0.31, ""net_migration_rate_projected"": null, ""projection_source"": ""nso"", ""projection_variant"": ""medium"", ""spatial_level"": ""national""}}",NNE,2.64,584.89,medium,ERA5 atmospheric dispersion (ref 1991-2020) | prevailing_wind=NNE(22deg) | mean_speed=2.6m/s | mean_BLH=585m | p5_BLH=433m | stable_frac=0.181 | stability=[A=0.0% B=0.0% C=81.9% D=0.0% E=18.1% F=0.0%] | wind_rose_dominant=NNE | source=copernicus_era5,,,,hard rocks,,medium,,2026-04-20 21:28:50.098014+00:00,audit_postlogging_20260421,api,merge_phase2_20260421
TR,İsken Sugözü power station,6ddc2960-3d72-4d5f-b358-56d1c54f47e0,794.02,316.79,207.74,198.12,62356,254749,407850,3983030,ghsl_pop_100m_r2023a,"5 km: 62,356 pop, 794 p/km²; 16 km: 254,749 pop, 317 p/km²; 25 km: 407,850 pop, 208 p/km²; 80 km: 3,983,030 pop, 198 p/km²; Epoch: 2020; Source: GHS-POP R2023A 100 m (Mollweide)",,,,gisco_urau_2021,No city >50k within search radius; Cities >50k within 25 km: 0; Cities >50k within 80 km: 0; Settlement hierarchy: rural; Source: Eurostat GISCO Urban Audit 2021 + urb_cpop1,-0.599,447135,ghsl_pop_100m_r2023a,"{""ghsl_note"": ""CAGR 2020\u21922030 from GHS-POP R2023A multi-epoch data"", ""s17_eurostat_supplement"": {""base_population"": null, ""base_year"": 2023, ""projected_pop_2030"": 88000000, ""projected_pop_2040"": 94000000, ""projected_pop_2050"": 97500000, ""projected_pop_2060"": 98000000, ""projected_pop_2080"": 95000000, ""pop_change_pct_2050"": null, ""pop_change_pct_2080"": null, ""receptor_growth_factor_60yr"": null, ""projection_lo_2050"": null, ""projection_hi_2050"": null, ""projection_lo_2080"": null, ""projection_hi_2080"": null, ""growth_classification"": ""stable"", ""urban_expansion_pressure"": null, ""median_age_2050"": 40.2, ""old_age_dependency_2050"": 0.31, ""net_migration_rate_projected"": null, ""projection_source"": ""nso"", ""projection_variant"": ""medium"", ""spatial_level"": ""national""}}",SW,1.45,400.58,medium,ERA5 atmospheric dispersion (ref 1991-2020) | prevailing_wind=SW(225deg) | mean_speed=1.4m/s | mean_BLH=401m | p5_BLH=274m | stable_frac=0.897 | stability=[A=0.0% B=0.0% C=10.3% D=0.0% E=89.7% F=0.0%] | wind_rose_dominant=SW | source=copernicus_era5,,,,alluvial,,medium,,2026-04-20 21:28:50.110593+00:00,audit_postlogging_20260421,api,merge_phase2_20260421
TR,İskenderun power station,1624a526-07d8-44a4-8ed7-3b035b748f03,3758.87,565.38,349.56,188.02,295191,454657,686298,3779875,ghsl_pop_100m_r2023a,"5 km: 295,191 pop, 3759 p/km²; 16 km: 454,657 pop, 565 p/km²; 25 km: 686,298 pop, 350 p/km²; 80 km: 3,779,875 pop, 188 p/km²; Epoch: 2020; Source: GHS-POP R2023A 100 m (Mollweide)",,,,gisco_urau_2021,No city >50k within search radius; Cities >50k within 25 km: 0; Cities >50k within 80 km: 0; Settlement hierarchy: rural; Source: Eurostat GISCO Urban Audit 2021 + urb_cpop1,1.848,752386,ghsl_pop_100m_r2023a,"{""ghsl_note"": ""CAGR 2020\u21922030 from GHS-POP R2023A multi-epoch data"", ""s17_eurostat_supplement"": {""base_population"": null, ""base_year"": 2023, ""projected_pop_2030"": 88000000, ""projected_pop_2040"": 94000000, ""projected_pop_2050"": 97500000, ""projected_pop_2060"": 98000000, ""projected_pop_2080"": 95000000, ""pop_change_pct_2050"": null, ""pop_change_pct_2080"": null, ""receptor_growth_factor_60yr"": null, ""projection_lo_2050"": null, ""projection_hi_2050"": null, ""projection_lo_2080"": null, ""projection_hi_2080"": null, ""growth_classification"": ""stable"", ""urban_expansion_pressure"": null, ""median_age_2050"": 40.2, ""old_age_dependency_2050"": 0.31, ""net_migration_rate_projected"": null, ""projection_source"": ""nso"", ""projection_variant"": ""medium"", ""spatial_level"": ""national""}}",WSW,1.28,442.74,medium,ERA5 atmospheric dispersion (ref 1991-2020) | prevailing_wind=WSW(248deg) | mean_speed=1.3m/s | mean_BLH=443m | p5_BLH=273m | stable_frac=0.667 | stability=[A=0.0% B=0.0% C=33.3% D=0.0% E=66.7% F=0.0%] | wind_rose_dominant=WSW | source=copernicus_era5,,,,low permeability,,medium,,2026-04-20 21:28:50.122502+00:00,audit_postlogging_20260421,api,merge_phase2_20260421
TR,İzdemir Enerji power station,d19ed873-b20a-43fd-b7e8-62e985c88820,325.1,177.42,142.97,231.98,25531,142673,280685,4663631,ghsl_pop_100m_r2023a,"5 km: 25,531 pop, 325 p/km²; 16 km: 142,673 pop, 177 p/km²; 25 km: 280,685 pop, 143 p/km²; 80 km: 4,663,631 pop, 232 p/km²; Epoch: 2020; Source: GHS-POP R2023A 100 m (Mollweide)",,,,gisco_urau_2021,No city >50k within search radius; Cities >50k within 25 km: 0; Cities >50k within 80 km: 0; Settlement hierarchy: rural; Source: Eurostat GISCO Urban Audit 2021 + urb_cpop1,0.344,307726,ghsl_pop_100m_r2023a,"{""ghsl_note"": ""CAGR 2020\u21922030 from GHS-POP R2023A multi-epoch data"", ""s17_eurostat_supplement"": {""base_population"": null, ""base_year"": 2023, ""projected_pop_2030"": 88000000, ""projected_pop_2040"": 94000000, ""projected_pop_2050"": 97500000, ""projected_pop_2060"": 98000000, ""projected_pop_2080"": 95000000, ""pop_change_pct_2050"": null, ""pop_change_pct_2080"": null, ""receptor_growth_factor_60yr"": null, ""projection_lo_2050"": null, ""projection_hi_2050"": null, ""projection_lo_2080"": null, ""projection_hi_2080"": null, ""growth_classification"": ""stable"", ""urban_expansion_pressure"": null, ""median_age_2050"": 40.2, ""old_age_dependency_2050"": 0.31, ""net_migration_rate_projected"": null, ""projection_source"": ""nso"", ""projection_variant"": ""medium"", ""spatial_level"": ""national""}}",N,1.91,553.79,medium,ERA5 atmospheric dispersion (ref 1991-2020) | prevailing_wind=N(0deg) | mean_speed=1.9m/s | mean_BLH=554m | p5_BLH=382m | stable_frac=0.350 | stability=[A=0.0% B=0.0% C=65.0% D=0.0% E=35.0% F=0.0%] | wind_rose_dominant=N | source=copernicus_era5,,,,sedimentary carbonates,,medium,,2026-04-20 21:28:50.134380+00:00,audit_postlogging_20260421,api,merge_phase2_20260421
TR,Iztek Ceyhan Komur power station,56b8e2a3-1885-431f-9fd1-4cd3bebfad61,1217.66,143.41,121.19,168.2,95625,115326,237923,3381424,ghsl_pop_100m_r2023a,"5 km: 95,625 pop, 1218 p/km²; 16 km: 115,326 pop, 143 p/km²; 25 km: 237,923 pop, 121 p/km²; 80 km: 3,381,424 pop, 168 p/km²; Epoch: 2020; Source: GHS-POP R2023A 100 m (Mollweide)",,,,gisco_urau_2021,No city >50k within search radius; Cities >50k within 25 km: 0; Cities >50k within 80 km: 0; Settlement hierarchy: rural; Source: Eurostat GISCO Urban Audit 2021 + urb_cpop1,-1.111,260847,ghsl_pop_100m_r2023a,"{""ghsl_note"": ""CAGR 2020\u21922030 from GHS-POP R2023A multi-epoch data"", ""s17_eurostat_supplement"": {""base_population"": null, ""base_year"": 2023, ""projected_pop_2030"": 88000000, ""projected_pop_2040"": 94000000, ""projected_pop_2050"": 97500000, ""projected_pop_2060"": 98000000, ""projected_pop_2080"": 95000000, ""pop_change_pct_2050"": null, ""pop_change_pct_2080"": null, ""receptor_growth_factor_60yr"": null, ""projection_lo_2050"": null, ""projection_hi_2050"": null, ""projection_lo_2080"": null, ""projection_hi_2080"": null, ""growth_classification"": ""stable"", ""urban_expansion_pressure"": null, ""median_age_2050"": 40.2, ""old_age_dependency_2050"": 0.31, ""net_migration_rate_projected"": null, ""projection_source"": ""nso"", ""projection_variant"": ""medium"", ""spatial_level"": ""national""}}",S,1.19,387.03,medium,ERA5 atmospheric dispersion (ref 1991-2020) | prevailing_wind=S(180deg) | mean_speed=1.2m/s | mean_BLH=387m | p5_BLH=197m | stable_frac=0.772 | stability=[A=0.0% B=0.0% C=22.8% D=0.0% E=77.2% F=0.0%] | wind_rose_dominant=S | source=copernicus_era5,,,,alluvial,,medium,,2026-04-20 21:28:50.146537+00:00,audit_postlogging_20260421,api,merge_phase2_20260421
TR,Kahramanmaraş Anadolu power station,55cfe45b-6357-40f9-8623-e9916f91f839,95.85,115.0,112.61,25.75,7527,92478,221093,517712,ghsl_pop_100m_r2023a,"5 km: 7,527 pop, 96 p/km²; 16 km: 92,478 pop, 115 p/km²; 25 km: 221,093 pop, 113 p/km²; 80 km: 517,712 pop, 26 p/km²; Epoch: 2020; Source: GHS-POP R2023A 100 m (Mollweide)",,,,gisco_urau_2021,No city >50k within search radius; Cities >50k within 25 km: 0; Cities >50k within 80 km: 0; Settlement hierarchy: rural; Source: Eurostat GISCO Urban Audit 2021 + urb_cpop1,0.745,242380,ghsl_pop_100m_r2023a,"{""ghsl_note"": ""CAGR 2020\u21922030 from GHS-POP R2023A multi-epoch data"", ""s17_eurostat_supplement"": {""base_population"": null, ""base_year"": 2023, ""projected_pop_2030"": 88000000, ""projected_pop_2040"": 94000000, ""projected_pop_2050"": 97500000, ""projected_pop_2060"": 98000000, ""projected_pop_2080"": 95000000, ""pop_change_pct_2050"": null, ""pop_change_pct_2080"": null, ""receptor_growth_factor_60yr"": null, ""projection_lo_2050"": null, ""projection_hi_2050"": null, ""projection_lo_2080"": null, ""projection_hi_2080"": null, ""growth_classification"": ""stable"", ""urban_expansion_pressure"": null, ""median_age_2050"": 40.2, ""old_age_dependency_2050"": 0.31, ""net_migration_rate_projected"": null, ""projection_source"": ""nso"", ""projection_variant"": ""medium"", ""spatial_level"": ""national""}}",NNW,0.79,585.46,medium,ERA5 atmospheric dispersion (ref 1991-2020) | prevailing_wind=NNW(338deg) | mean_speed=0.8m/s | mean_BLH=585m | p5_BLH=125m | stable_frac=0.439 | stability=[A=0.0% B=13.3% C=42.8% D=0.0% E=42.2% F=1.7%] | wind_rose_dominant=NNW | source=copernicus_era5,,,,low permeability,,medium,,2026-04-20 21:28:50.159358+00:00,audit_postlogging_20260421,api,merge_phase2_20260421
TR,Kandilli power station,ca423571-d2ab-44d4-b5ce-3e649d9cc776,33.03,236.67,164.27,79.53,2594,190322,322505,1598932,ghsl_pop_100m_r2023a,"5 km: 2,594 pop, 33 p/km²; 16 km: 190,322 pop, 237 p/km²; 25 km: 322,505 pop, 164 p/km²; 80 km: 1,598,932 pop, 80 p/km²; Epoch: 2020; Source: GHS-POP R2023A 100 m (Mollweide)",,,,gisco_urau_2021,No city >50k within search radius; Cities >50k within 25 km: 0; Cities >50k within 80 km: 0; Settlement hierarchy: rural; Source: Eurostat GISCO Urban Audit 2021 + urb_cpop1,0.499,353572,ghsl_pop_100m_r2023a,"{""ghsl_note"": ""CAGR 2020\u21922030 from GHS-POP R2023A multi-epoch data"", ""s17_eurostat_supplement"": {""base_population"": null, ""base_year"": 2023, ""projected_pop_2030"": 88000000, ""projected_pop_2040"": 94000000, ""projected_pop_2050"": 97500000, ""projected_pop_2060"": 98000000, ""projected_pop_2080"": 95000000, ""pop_change_pct_2050"": null, ""pop_change_pct_2080"": null, ""receptor_growth_factor_60yr"": null, ""projection_lo_2050"": null, ""projection_hi_2050"": null, ""projection_lo_2080"": null, ""projection_hi_2080"": null, ""growth_classification"": ""stable"", ""urban_expansion_pressure"": null, ""median_age_2050"": 40.2, ""old_age_dependency_2050"": 0.31, ""net_migration_rate_projected"": null, ""projection_source"": ""nso"", ""projection_variant"": ""medium"", ""spatial_level"": ""national""}}",NNE,0.98,328.71,medium,ERA5 atmospheric dispersion (ref 1991-2020) | prevailing_wind=NNE(22deg) | mean_speed=1.0m/s | mean_BLH=329m | p5_BLH=201m | stable_frac=0.989 | stability=[A=0.0% B=0.0% C=1.1% D=0.0% E=98.9% F=0.0%] | wind_rose_dominant=NNE | source=copernicus_era5,,,,sedimentary carbonates,,medium,,2026-04-20 21:28:50.171587+00:00,audit_postlogging_20260421,api,merge_phase2_20260421
TR,Kangal Etyemez power station,bfadbe66-971d-4f64-b222-604a7ee6ac6b,12.71,4.57,8.52,26.58,998,3673,16723,534388,ghsl_pop_100m_r2023a,"5 km: 998 pop, 13 p/km²; 16 km: 3,673 pop, 5 p/km²; 25 km: 16,723 pop, 9 p/km²; 80 km: 534,388 pop, 27 p/km²; Epoch: 2020; Source: GHS-POP R2023A 100 m (Mollweide)",,,,gisco_urau_2021,No city >50k within search radius; Cities >50k within 25 km: 0; Cities >50k within 80 km: 0; Settlement hierarchy: rural; Source: Eurostat GISCO Urban Audit 2021 + urb_cpop1,-1.003,18338,ghsl_pop_100m_r2023a,"{""ghsl_note"": ""CAGR 2020\u21922030 from GHS-POP R2023A multi-epoch data"", ""s17_eurostat_supplement"": {""base_population"": null, ""base_year"": 2023, ""projected_pop_2030"": 88000000, ""projected_pop_2040"": 94000000, ""projected_pop_2050"": 97500000, ""projected_pop_2060"": 98000000, ""projected_pop_2080"": 95000000, ""pop_change_pct_2050"": null, ""pop_change_pct_2080"": null, ""receptor_growth_factor_60yr"": null, ""projection_lo_2050"": null, ""projection_hi_2050"": null, ""projection_lo_2080"": null, ""projection_hi_2080"": null, ""growth_classification"": ""stable"", ""urban_expansion_pressure"": null, ""median_age_2050"": 40.2, ""old_age_dependency_2050"": 0.31, ""net_migration_rate_projected"": null, ""projection_source"": ""nso"", ""projection_variant"": ""medium"", ""spatial_level"": ""national""}}",NW,1.58,574.24,medium,ERA5 atmospheric dispersion (ref 1991-2020) | prevailing_wind=NW(315deg) | mean_speed=1.6m/s | mean_BLH=574m | p5_BLH=202m | stable_frac=0.417 | stability=[A=0.0% B=2.5% C=55.8% D=0.0% E=41.7% F=0.0%] | wind_rose_dominant=NW | source=copernicus_era5,,,,low permeability,,medium,,2026-04-20 21:28:50.183177+00:00,audit_postlogging_20260421,api,merge_phase2_20260421
TR,Kangal power station,0248611c-b745-404f-ad50-c2870882c7a1,12.71,4.56,8.52,26.58,998,3671,16720,534395,ghsl_pop_100m_r2023a,"5 km: 998 pop, 13 p/km²; 16 km: 3,671 pop, 5 p/km²; 25 km: 16,720 pop, 9 p/km²; 80 km: 534,395 pop, 27 p/km²; Epoch: 2020; Source: GHS-POP R2023A 100 m (Mollweide)",,,,gisco_urau_2021,No city >50k within search radius; Cities >50k within 25 km: 0; Cities >50k within 80 km: 0; Settlement hierarchy: rural; Source: Eurostat GISCO Urban Audit 2021 + urb_cpop1,-1.003,18338,ghsl_pop_100m_r2023a,"{""ghsl_note"": ""CAGR 2020\u21922030 from GHS-POP R2023A multi-epoch data"", ""s17_eurostat_supplement"": {""base_population"": null, ""base_year"": 2023, ""projected_pop_2030"": 88000000, ""projected_pop_2040"": 94000000, ""projected_pop_2050"": 97500000, ""projected_pop_2060"": 98000000, ""projected_pop_2080"": 95000000, ""pop_change_pct_2050"": null, ""pop_change_pct_2080"": null, ""receptor_growth_factor_60yr"": null, ""projection_lo_2050"": null, ""projection_hi_2050"": null, ""projection_lo_2080"": null, ""projection_hi_2080"": null, ""growth_classification"": ""stable"", ""urban_expansion_pressure"": null, ""median_age_2050"": 40.2, ""old_age_dependency_2050"": 0.31, ""net_migration_rate_projected"": null, ""projection_source"": ""nso"", ""projection_variant"": ""medium"", ""spatial_level"": ""national""}}",NW,1.58,574.24,medium,ERA5 atmospheric dispersion (ref 1991-2020) | prevailing_wind=NW(315deg) | mean_speed=1.6m/s | mean_BLH=574m | p5_BLH=202m | stable_frac=0.417 | stability=[A=0.0% B=2.5% C=55.8% D=0.0% E=41.7% F=0.0%] | wind_rose_dominant=NW | source=copernicus_era5,,,,low permeability,,medium,,2026-04-20 21:28:50.193905+00:00,audit_postlogging_20260421,api,merge_phase2_20260421
TR,Karaburun power station,0fec985c-c66e-40af-a123-a9ba4db269bb,67.45,31.89,57.78,53.63,5297,25642,113445,1078123,ghsl_pop_100m_r2023a,"5 km: 5,297 pop, 67 p/km²; 16 km: 25,642 pop, 32 p/km²; 25 km: 113,445 pop, 58 p/km²; 80 km: 1,078,123 pop, 54 p/km²; Epoch: 2020; Source: GHS-POP R2023A 100 m (Mollweide)",,,,gisco_urau_2021,No city >50k within search radius; Cities >50k within 25 km: 0; Cities >50k within 80 km: 0; Settlement hierarchy: rural; Source: Eurostat GISCO Urban Audit 2021 + urb_cpop1,1.224,124365,ghsl_pop_100m_r2023a,"{""ghsl_note"": ""CAGR 2020\u21922030 from GHS-POP R2023A multi-epoch data"", ""s17_eurostat_supplement"": {""base_population"": null, ""base_year"": 2023, ""projected_pop_2030"": 88000000, ""projected_pop_2040"": 94000000, ""projected_pop_2050"": 97500000, ""projected_pop_2060"": 98000000, ""projected_pop_2080"": 95000000, ""pop_change_pct_2050"": null, ""pop_change_pct_2080"": null, ""receptor_growth_factor_60yr"": null, ""projection_lo_2050"": null, ""projection_hi_2050"": null, ""projection_lo_2080"": null, ""projection_hi_2080"": null, ""growth_classification"": ""stable"", ""urban_expansion_pressure"": null, ""median_age_2050"": 40.2, ""old_age_dependency_2050"": 0.31, ""net_migration_rate_projected"": null, ""projection_source"": ""nso"", ""projection_variant"": ""medium"", ""spatial_level"": ""national""}}",NE,2.36,556.73,medium,ERA5 atmospheric dispersion (ref 1991-2020) | prevailing_wind=NE(45deg) | mean_speed=2.4m/s | mean_BLH=557m | p5_BLH=373m | stable_frac=0.325 | stability=[A=0.0% B=0.0% C=67.5% D=0.0% E=32.5% F=0.0%] | wind_rose_dominant=NE | source=copernicus_era5,,,,alluvial,,medium,,2026-04-20 21:28:50.204282+00:00,audit_postlogging_20260421,api,merge_phase2_20260421
TR,Karapinar Konya Şeker power station,a6478cb9-5b8c-4d64-bbe6-3d3ed6a3da2c,414.35,44.45,22.59,39.55,32540,35746,44355,795147,ghsl_pop_100m_r2023a,"5 km: 32,540 pop, 414 p/km²; 16 km: 35,746 pop, 44 p/km²; 25 km: 44,355 pop, 23 p/km²; 80 km: 795,147 pop, 40 p/km²; Epoch: 2020; Source: GHS-POP R2023A 100 m (Mollweide)",,,,gisco_urau_2021,No city >50k within search radius; Cities >50k within 25 km: 0; Cities >50k within 80 km: 0; Settlement hierarchy: rural; Source: Eurostat GISCO Urban Audit 2021 + urb_cpop1,-0.25,48622,ghsl_pop_100m_r2023a,"{""ghsl_note"": ""CAGR 2020\u21922030 from GHS-POP R2023A multi-epoch data"", ""s17_eurostat_supplement"": {""base_population"": null, ""base_year"": 2023, ""projected_pop_2030"": 88000000, ""projected_pop_2040"": 94000000, ""projected_pop_2050"": 97500000, ""projected_pop_2060"": 98000000, ""projected_pop_2080"": 95000000, ""pop_change_pct_2050"": null, ""pop_change_pct_2080"": null, ""receptor_growth_factor_60yr"": null, ""projection_lo_2050"": null, ""projection_hi_2050"": null, ""projection_lo_2080"": null, ""projection_hi_2080"": null, ""growth_classification"": ""stable"", ""urban_expansion_pressure"": null, ""median_age_2050"": 40.2, ""old_age_dependency_2050"": 0.31, ""net_migration_rate_projected"": null, ""projection_source"": ""nso"", ""projection_variant"": ""medium"", ""spatial_level"": ""national""}}",NNW,1.11,646.03,medium,ERA5 atmospheric dispersion (ref 1991-2020) | prevailing_wind=NNW(338deg) | mean_speed=1.1m/s | mean_BLH=646m | p5_BLH=233m | stable_frac=0.383 | stability=[A=0.0% B=11.7% C=50.0% D=0.0% E=38.3% F=0.0%] | wind_rose_dominant=NNW | source=copernicus_era5,,,,volcanic rocks,,medium,,2026-04-20 21:28:50.214621+00:00,audit_postlogging_20260421,api,merge_phase2_20260421
TR,Kardemir Karabük Demir Çelik power station,8dd46a05-6e0c-4009-90ad-bd5909c25622,281.47,266.65,180.98,60.33,22104,214435,355310,1212916,ghsl_pop_100m_r2023a,"5 km: 22,104 pop, 281 p/km²; 16 km: 214,435 pop, 267 p/km²; 25 km: 355,310 pop, 181 p/km²; 80 km: 1,212,916 pop, 60 p/km²; Epoch: 2020; Source: GHS-POP R2023A 100 m (Mollweide)",,,,gisco_urau_2021,No city >50k within search radius; Cities >50k within 25 km: 0; Cities >50k within 80 km: 0; Settlement hierarchy: rural; Source: Eurostat GISCO Urban Audit 2021 + urb_cpop1,0.505,389538,ghsl_pop_100m_r2023a,"{""ghsl_note"": ""CAGR 2020\u21922030 from GHS-POP R2023A multi-epoch data"", ""s17_eurostat_supplement"": {""base_population"": null, ""base_year"": 2023, ""projected_pop_2030"": 88000000, ""projected_pop_2040"": 94000000, ""projected_pop_2050"": 97500000, ""projected_pop_2060"": 98000000, ""projected_pop_2080"": 95000000, ""pop_change_pct_2050"": null, ""pop_change_pct_2080"": null, ""receptor_growth_factor_60yr"": null, ""projection_lo_2050"": null, ""projection_hi_2050"": null, ""projection_lo_2080"": null, ""projection_hi_2080"": null, ""growth_classification"": ""stable"", ""urban_expansion_pressure"": null, ""median_age_2050"": 40.2, ""old_age_dependency_2050"": 0.31, ""net_migration_rate_projected"": null, ""projection_source"": ""nso"", ""projection_variant"": ""medium"", ""spatial_level"": ""national""}}",N,0.81,331.47,medium,ERA5 atmospheric dispersion (ref 1991-2020) | prevailing_wind=N(0deg) | mean_speed=0.8m/s | mean_BLH=331m | p5_BLH=218m | stable_frac=0.997 | stability=[A=0.0% B=0.0% C=0.3% D=0.0% E=99.7% F=0.0%] | wind_rose_dominant=N | source=copernicus_era5,,,,karsts and chalkstones,,medium,,2026-04-20 21:28:50.226763+00:00,audit_postlogging_20260421,api,merge_phase2_20260421
TR,Kemerköy power station,8e7f6abf-e420-4f40-b9da-9ea76ccedfb1,50.51,14.45,9.6,51.69,3967,11621,18839,1039152,ghsl_pop_100m_r2023a,"5 km: 3,967 pop, 51 p/km²; 16 km: 11,621 pop, 14 p/km²; 25 km: 18,839 pop, 10 p/km²; 80 km: 1,039,152 pop, 52 p/km²; Epoch: 2020; Source: GHS-POP R2023A 100 m (Mollweide)",,,,gisco_urau_2021,No city >50k within search radius; Cities >50k within 25 km: 0; Cities >50k within 80 km: 0; Settlement hierarchy: rural; Source: Eurostat GISCO Urban Audit 2021 + urb_cpop1,1.987,20663,ghsl_pop_100m_r2023a,"{""ghsl_note"": ""CAGR 2020\u21922030 from GHS-POP R2023A multi-epoch data"", ""s17_eurostat_supplement"": {""base_population"": null, ""base_year"": 2023, ""projected_pop_2030"": 88000000, ""projected_pop_2040"": 94000000, ""projected_pop_2050"": 97500000, ""projected_pop_2060"": 98000000, ""projected_pop_2080"": 95000000, ""pop_change_pct_2050"": null, ""pop_change_pct_2080"": null, ""receptor_growth_factor_60yr"": null, ""projection_lo_2050"": null, ""projection_hi_2050"": null, ""projection_lo_2080"": null, ""projection_hi_2080"": null, ""growth_classification"": ""stable"", ""urban_expansion_pressure"": null, ""median_age_2050"": 40.2, ""old_age_dependency_2050"": 0.31, ""net_migration_rate_projected"": null, ""projection_source"": ""nso"", ""projection_variant"": ""medium"", ""spatial_level"": ""national""}}",WNW,1.65,391.98,medium,ERA5 atmospheric dispersion (ref 1991-2020) | prevailing_wind=WNW(292deg) | mean_speed=1.7m/s | mean_BLH=392m | p5_BLH=246m | stable_frac=0.803 | stability=[A=0.0% B=0.0% C=19.7% D=0.0% E=80.3% F=0.0%] | wind_rose_dominant=WNW | source=copernicus_era5,,,,alluvial,,medium,,2026-04-20 21:28:50.237385+00:00,audit_postlogging_20260421,api,merge_phase2_20260421
TR,Kilikya power station,d21335d4-0a3d-4464-85e0-352745a38db4,884.09,319.32,204.54,198.84,69429,256786,401578,3997484,ghsl_pop_100m_r2023a,"5 km: 69,429 pop, 884 p/km²; 16 km: 256,786 pop, 319 p/km²; 25 km: 401,578 pop, 205 p/km²; 80 km: 3,997,484 pop, 199 p/km²; Epoch: 2020; Source: GHS-POP R2023A 100 m (Mollweide)",,,,gisco_urau_2021,No city >50k within search radius; Cities >50k within 25 km: 0; Cities >50k within 80 km: 0; Settlement hierarchy: rural; Source: Eurostat GISCO Urban Audit 2021 + urb_cpop1,-0.616,440248,ghsl_pop_100m_r2023a,"{""ghsl_note"": ""CAGR 2020\u21922030 from GHS-POP R2023A multi-epoch data"", ""s17_eurostat_supplement"": {""base_population"": null, ""base_year"": 2023, ""projected_pop_2030"": 88000000, ""projected_pop_2040"": 94000000, ""projected_pop_2050"": 97500000, ""projected_pop_2060"": 98000000, ""projected_pop_2080"": 95000000, ""pop_change_pct_2050"": null, ""pop_change_pct_2080"": null, ""receptor_growth_factor_60yr"": null, ""projection_lo_2050"": null, ""projection_hi_2050"": null, ""projection_lo_2080"": null, ""projection_hi_2080"": null, ""growth_classification"": ""stable"", ""urban_expansion_pressure"": null, ""median_age_2050"": 40.2, ""old_age_dependency_2050"": 0.31, ""net_migration_rate_projected"": null, ""projection_source"": ""nso"", ""projection_variant"": ""medium"", ""spatial_level"": ""national""}}",SSW,1.62,407.82,medium,ERA5 atmospheric dispersion (ref 1991-2020) | prevailing_wind=SSW(202deg) | mean_speed=1.6m/s | mean_BLH=408m | p5_BLH=284m | stable_frac=0.836 | stability=[A=0.0% B=0.0% C=16.4% D=0.0% E=83.6% F=0.0%] | wind_rose_dominant=SSW | source=copernicus_era5,,,,alluvial,,medium,,2026-04-20 21:28:50.250666+00:00,audit_postlogging_20260421,api,merge_phase2_20260421
TR,Kipas MMP power station,cf918ba6-6226-479f-b04c-b3c67885c0ba,1060.18,204.97,173.21,188.31,83258,164834,340070,3785675,ghsl_pop_100m_r2023a,"5 km: 83,258 pop, 1060 p/km²; 16 km: 164,834 pop, 205 p/km²; 25 km: 340,070 pop, 173 p/km²; 80 km: 3,785,675 pop, 188 p/km²; Epoch: 2020; Source: GHS-POP R2023A 100 m (Mollweide)",,,,gisco_urau_2021,No city >50k within search radius; Cities >50k within 25 km: 0; Cities >50k within 80 km: 0; Settlement hierarchy: rural; Source: Eurostat GISCO Urban Audit 2021 + urb_cpop1,0.738,372814,ghsl_pop_100m_r2023a,"{""ghsl_note"": ""CAGR 2020\u21922030 from GHS-POP R2023A multi-epoch data"", ""s17_eurostat_supplement"": {""base_population"": null, ""base_year"": 2023, ""projected_pop_2030"": 88000000, ""projected_pop_2040"": 94000000, ""projected_pop_2050"": 97500000, ""projected_pop_2060"": 98000000, ""projected_pop_2080"": 95000000, ""pop_change_pct_2050"": null, ""pop_change_pct_2080"": null, ""receptor_growth_factor_60yr"": null, ""projection_lo_2050"": null, ""projection_hi_2050"": null, ""projection_lo_2080"": null, ""projection_hi_2080"": null, ""growth_classification"": ""stable"", ""urban_expansion_pressure"": null, ""median_age_2050"": 40.2, ""old_age_dependency_2050"": 0.31, ""net_migration_rate_projected"": null, ""projection_source"": ""nso"", ""projection_variant"": ""medium"", ""spatial_level"": ""national""}}",NW,0.91,485.66,medium,ERA5 atmospheric dispersion (ref 1991-2020) | prevailing_wind=NW(315deg) | mean_speed=0.9m/s | mean_BLH=486m | p5_BLH=266m | stable_frac=0.578 | stability=[A=0.0% B=0.0% C=42.2% D=0.0% E=57.8% F=0.0%] | wind_rose_dominant=NW | source=copernicus_era5,,,,sedimentary sands,,medium,,2026-04-20 21:28:50.262339+00:00,audit_postlogging_20260421,api,merge_phase2_20260421
TR,Kirazlıdere power complex,d020ac37-4f23-41b1-8f1e-b425b5769424,7.75,34.99,29.27,49.56,609,28140,57460,996312,ghsl_pop_100m_r2023a,"5 km: 609 pop, 8 p/km²; 16 km: 28,140 pop, 35 p/km²; 25 km: 57,460 pop, 29 p/km²; 80 km: 996,312 pop, 50 p/km²; Epoch: 2020; Source: GHS-POP R2023A 100 m (Mollweide)",,,,gisco_urau_2021,No city >50k within search radius; Cities >50k within 25 km: 0; Cities >50k within 80 km: 0; Settlement hierarchy: rural; Source: Eurostat GISCO Urban Audit 2021 + urb_cpop1,0.946,63000,ghsl_pop_100m_r2023a,"{""ghsl_note"": ""CAGR 2020\u21922030 from GHS-POP R2023A multi-epoch data"", ""s17_eurostat_supplement"": {""base_population"": null, ""base_year"": 2023, ""projected_pop_2030"": 88000000, ""projected_pop_2040"": 94000000, ""projected_pop_2050"": 97500000, ""projected_pop_2060"": 98000000, ""projected_pop_2080"": 95000000, ""pop_change_pct_2050"": null, ""pop_change_pct_2080"": null, ""receptor_growth_factor_60yr"": null, ""projection_lo_2050"": null, ""projection_hi_2050"": null, ""projection_lo_2080"": null, ""projection_hi_2080"": null, ""growth_classification"": ""stable"", ""urban_expansion_pressure"": null, ""median_age_2050"": 40.2, ""old_age_dependency_2050"": 0.31, ""net_migration_rate_projected"": null, ""projection_source"": ""nso"", ""projection_variant"": ""medium"", ""spatial_level"": ""national""}}",NE,1.86,585.01,medium,ERA5 atmospheric dispersion (ref 1991-2020) | prevailing_wind=NE(45deg) | mean_speed=1.9m/s | mean_BLH=585m | p5_BLH=421m | stable_frac=0.236 | stability=[A=0.0% B=0.0% C=76.4% D=0.0% E=23.6% F=0.0%] | wind_rose_dominant=NE | source=copernicus_era5,,,,low permeability,,medium,,2026-04-20 21:28:50.272396+00:00,audit_postlogging_20260421,api,merge_phase2_20260421
TR,Kireçlik power station,76cd9b7f-7613-4fd4-95ab-bf534a2e2f5e,19.56,106.84,203.94,78.12,1536,85914,400402,1570497,ghsl_pop_100m_r2023a,"5 km: 1,536 pop, 20 p/km²; 16 km: 85,914 pop, 107 p/km²; 25 km: 400,402 pop, 204 p/km²; 80 km: 1,570,497 pop, 78 p/km²; Epoch: 2020; Source: GHS-POP R2023A 100 m (Mollweide)",,,,gisco_urau_2021,No city >50k within search radius; Cities >50k within 25 km: 0; Cities >50k within 80 km: 0; Settlement hierarchy: rural; Source: Eurostat GISCO Urban Audit 2021 + urb_cpop1,0.485,438956,ghsl_pop_100m_r2023a,"{""ghsl_note"": ""CAGR 2020\u21922030 from GHS-POP R2023A multi-epoch data"", ""s17_eurostat_supplement"": {""base_population"": null, ""base_year"": 2023, ""projected_pop_2030"": 88000000, ""projected_pop_2040"": 94000000, ""projected_pop_2050"": 97500000, ""projected_pop_2060"": 98000000, ""projected_pop_2080"": 95000000, ""pop_change_pct_2050"": null, ""pop_change_pct_2080"": null, ""receptor_growth_factor_60yr"": null, ""projection_lo_2050"": null, ""projection_hi_2050"": null, ""projection_lo_2080"": null, ""projection_hi_2080"": null, ""growth_classification"": ""stable"", ""urban_expansion_pressure"": null, ""median_age_2050"": 40.2, ""old_age_dependency_2050"": 0.31, ""net_migration_rate_projected"": null, ""projection_source"": ""nso"", ""projection_variant"": ""medium"", ""spatial_level"": ""national""}}",NNE,0.98,328.71,medium,ERA5 atmospheric dispersion (ref 1991-2020) | prevailing_wind=NNE(22deg) | mean_speed=1.0m/s | mean_BLH=329m | p5_BLH=201m | stable_frac=0.989 | stability=[A=0.0% B=0.0% C=1.1% D=0.0% E=98.9% F=0.0%] | wind_rose_dominant=NNE | source=copernicus_era5,,,,karsts and chalkstones,,medium,,2026-04-20 21:28:50.283994+00:00,audit_postlogging_20260421,api,merge_phase2_20260421
TR,Kınık power station,7defe42d-669b-489f-aff5-d1b83436607d,34.25,57.24,152.04,195.41,2690,46033,298496,3928469,ghsl_pop_100m_r2023a,"5 km: 2,690 pop, 34 p/km²; 16 km: 46,033 pop, 57 p/km²; 25 km: 298,496 pop, 152 p/km²; 80 km: 3,928,469 pop, 195 p/km²; Epoch: 2020; Source: GHS-POP R2023A 100 m (Mollweide)",,,,gisco_urau_2021,No city >50k within search radius; Cities >50k within 25 km: 0; Cities >50k within 80 km: 0; Settlement hierarchy: rural; Source: Eurostat GISCO Urban Audit 2021 + urb_cpop1,0.822,327248,ghsl_pop_100m_r2023a,"{""ghsl_note"": ""CAGR 2020\u21922030 from GHS-POP R2023A multi-epoch data"", ""s17_eurostat_supplement"": {""base_population"": null, ""base_year"": 2023, ""projected_pop_2030"": 88000000, ""projected_pop_2040"": 94000000, ""projected_pop_2050"": 97500000, ""projected_pop_2060"": 98000000, ""projected_pop_2080"": 95000000, ""pop_change_pct_2050"": null, ""pop_change_pct_2080"": null, ""receptor_growth_factor_60yr"": null, ""projection_lo_2050"": null, ""projection_hi_2050"": null, ""projection_lo_2080"": null, ""projection_hi_2080"": null, ""growth_classification"": ""stable"", ""urban_expansion_pressure"": null, ""median_age_2050"": 40.2, ""old_age_dependency_2050"": 0.31, ""net_migration_rate_projected"": null, ""projection_source"": ""nso"", ""projection_variant"": ""medium"", ""spatial_level"": ""national""}}",N,1.62,572.96,medium,ERA5 atmospheric dispersion (ref 1991-2020) | prevailing_wind=N(0deg) | mean_speed=1.6m/s | mean_BLH=573m | p5_BLH=293m | stable_frac=0.411 | stability=[A=0.0% B=0.3% C=58.6% D=0.0% E=41.1% F=0.0%] | wind_rose_dominant=N | source=copernicus_era5,,,,low permeability,,medium,,2026-04-20 21:28:50.298553+00:00,audit_postlogging_20260421,api,merge_phase2_20260421
TR,Kıvanç power station,5b6be56c-d981-470c-a979-13a8764a34b8,151.71,21.11,20.39,17.4,11914,16972,40036,349781,ghsl_pop_100m_r2023a,"5 km: 11,914 pop, 152 p/km²; 16 km: 16,972 pop, 21 p/km²; 25 km: 40,036 pop, 20 p/km²; 80 km: 349,781 pop, 17 p/km²; Epoch: 2020; Source: GHS-POP R2023A 100 m (Mollweide)",,,,gisco_urau_2021,No city >50k within search radius; Cities >50k within 25 km: 0; Cities >50k within 80 km: 0; Settlement hierarchy: rural; Source: Eurostat GISCO Urban Audit 2021 + urb_cpop1,0.378,43887,ghsl_pop_100m_r2023a,"{""ghsl_note"": ""CAGR 2020\u21922030 from GHS-POP R2023A multi-epoch data"", ""s17_eurostat_supplement"": {""base_population"": null, ""base_year"": 2023, ""projected_pop_2030"": 88000000, ""projected_pop_2040"": 94000000, ""projected_pop_2050"": 97500000, ""projected_pop_2060"": 98000000, ""projected_pop_2080"": 95000000, ""pop_change_pct_2050"": null, ""pop_change_pct_2080"": null, ""receptor_growth_factor_60yr"": null, ""projection_lo_2050"": null, ""projection_hi_2050"": null, ""projection_lo_2080"": null, ""projection_hi_2080"": null, ""growth_classification"": ""stable"", ""urban_expansion_pressure"": null, ""median_age_2050"": 40.2, ""old_age_dependency_2050"": 0.31, ""net_migration_rate_projected"": null, ""projection_source"": ""nso"", ""projection_variant"": ""medium"", ""spatial_level"": ""national""}}",SW,1.36,403.14,medium,ERA5 atmospheric dispersion (ref 1991-2020) | prevailing_wind=SW(225deg) | mean_speed=1.4m/s | mean_BLH=403m | p5_BLH=315m | stable_frac=0.947 | stability=[A=0.0% B=0.0% C=5.3% D=0.0% E=94.7% F=0.0%] | wind_rose_dominant=SW | source=copernicus_era5,,,,sedimentary sands,,medium,,2026-04-20 21:28:50.310480+00:00,audit_postlogging_20260421,api,merge_phase2_20260421
TR,Konya Karapınar power station,ad0c8590-c672-43f2-a813-1217a10f7d2d,0.28,47.22,24.38,36.01,22,37972,47860,724016,ghsl_pop_100m_r2023a,"5 km: 22 pop, 0 p/km²; 16 km: 37,972 pop, 47 p/km²; 25 km: 47,860 pop, 24 p/km²; 80 km: 724,016 pop, 36 p/km²; Epoch: 2020; Source: GHS-POP R2023A 100 m (Mollweide)",,,,gisco_urau_2021,No city >50k within search radius; Cities >50k within 25 km: 0; Cities >50k within 80 km: 0; Settlement hierarchy: rural; Source: Eurostat GISCO Urban Audit 2021 + urb_cpop1,-0.262,52475,ghsl_pop_100m_r2023a,"{""ghsl_note"": ""CAGR 2020\u21922030 from GHS-POP R2023A multi-epoch data"", ""s17_eurostat_supplement"": {""base_population"": null, ""base_year"": 2023, ""projected_pop_2030"": 88000000, ""projected_pop_2040"": 94000000, ""projected_pop_2050"": 97500000, ""projected_pop_2060"": 98000000, ""projected_pop_2080"": 95000000, ""pop_change_pct_2050"": null, ""pop_change_pct_2080"": null, ""receptor_growth_factor_60yr"": null, ""projection_lo_2050"": null, ""projection_hi_2050"": null, ""projection_lo_2080"": null, ""projection_hi_2080"": null, ""growth_classification"": ""stable"", ""urban_expansion_pressure"": null, ""median_age_2050"": 40.2, ""old_age_dependency_2050"": 0.31, ""net_migration_rate_projected"": null, ""projection_source"": ""nso"", ""projection_variant"": ""medium"", ""spatial_level"": ""national""}}",NW,0.79,637.02,medium,ERA5 atmospheric dispersion (ref 1991-2020) | prevailing_wind=NW(315deg) | mean_speed=0.8m/s | mean_BLH=637m | p5_BLH=233m | stable_frac=0.397 | stability=[A=0.0% B=10.8% C=49.4% D=0.0% E=39.7% F=0.0%] | wind_rose_dominant=NW | source=copernicus_era5,,,,volcanic rocks,,medium,,2026-04-20 21:28:50.322878+00:00,audit_postlogging_20260421,api,merge_phase2_20260421
TR,Kütahya Domaniç power station,2a3aad60-2bff-4206-8275-f6e2029f9278,109.19,22.47,15.51,201.28,8575,18068,30448,4046521,ghsl_pop_100m_r2023a,"5 km: 8,575 pop, 109 p/km²; 16 km: 18,068 pop, 22 p/km²; 25 km: 30,448 pop, 16 p/km²; 80 km: 4,046,521 pop, 201 p/km²; Epoch: 2020; Source: GHS-POP R2023A 100 m (Mollweide)",,,,gisco_urau_2021,No city >50k within search radius; Cities >50k within 25 km: 0; Cities >50k within 80 km: 0; Settlement hierarchy: rural; Source: Eurostat GISCO Urban Audit 2021 + urb_cpop1,0.098,33383,ghsl_pop_100m_r2023a,"{""ghsl_note"": ""CAGR 2020\u21922030 from GHS-POP R2023A multi-epoch data"", ""s17_eurostat_supplement"": {""base_population"": null, ""base_year"": 2023, ""projected_pop_2030"": 88000000, ""projected_pop_2040"": 94000000, ""projected_pop_2050"": 97500000, ""projected_pop_2060"": 98000000, ""projected_pop_2080"": 95000000, ""pop_change_pct_2050"": null, ""pop_change_pct_2080"": null, ""receptor_growth_factor_60yr"": null, ""projection_lo_2050"": null, ""projection_hi_2050"": null, ""projection_lo_2080"": null, ""projection_hi_2080"": null, ""growth_classification"": ""stable"", ""urban_expansion_pressure"": null, ""median_age_2050"": 40.2, ""old_age_dependency_2050"": 0.31, ""net_migration_rate_projected"": null, ""projection_source"": ""nso"", ""projection_variant"": ""medium"", ""spatial_level"": ""national""}}",NNE,0.93,532.95,medium,ERA5 atmospheric dispersion (ref 1991-2020) | prevailing_wind=NNE(22deg) | mean_speed=0.9m/s | mean_BLH=533m | p5_BLH=263m | stable_frac=0.431 | stability=[A=0.0% B=0.0% C=56.9% D=0.0% E=43.1% F=0.0%] | wind_rose_dominant=NNE | source=copernicus_era5,,,,,,low,,2026-04-20 21:28:50.334709+00:00,audit_postlogging_20260421,api,merge_phase2_20260421
TR,Lüminer Enerji power station,bac4a081-83dc-4aba-8076-b67bfc55f54c,346.45,70.33,70.81,56.55,27207,56556,139029,1136919,ghsl_pop_100m_r2023a,"5 km: 27,207 pop, 346 p/km²; 16 km: 56,556 pop, 70 p/km²; 25 km: 139,029 pop, 71 p/km²; 80 km: 1,136,919 pop, 57 p/km²; Epoch: 2020; Source: GHS-POP R2023A 100 m (Mollweide)",,,,gisco_urau_2021,No city >50k within search radius; Cities >50k within 25 km: 0; Cities >50k within 80 km: 0; Settlement hierarchy: rural; Source: Eurostat GISCO Urban Audit 2021 + urb_cpop1,1.478,152410,ghsl_pop_100m_r2023a,"{""ghsl_note"": ""CAGR 2020\u21922030 from GHS-POP R2023A multi-epoch data"", ""s17_eurostat_supplement"": {""base_population"": null, ""base_year"": 2023, ""projected_pop_2030"": 88000000, ""projected_pop_2040"": 94000000, ""projected_pop_2050"": 97500000, ""projected_pop_2060"": 98000000, ""projected_pop_2080"": 95000000, ""pop_change_pct_2050"": null, ""pop_change_pct_2080"": null, ""receptor_growth_factor_60yr"": null, ""projection_lo_2050"": null, ""projection_hi_2050"": null, ""projection_lo_2080"": null, ""projection_hi_2080"": null, ""growth_classification"": ""stable"", ""urban_expansion_pressure"": null, ""median_age_2050"": 40.2, ""old_age_dependency_2050"": 0.31, ""net_migration_rate_projected"": null, ""projection_source"": ""nso"", ""projection_variant"": ""medium"", ""spatial_level"": ""national""}}",NNE,1.43,609.9,medium,ERA5 atmospheric dispersion (ref 1991-2020) | prevailing_wind=NNE(22deg) | mean_speed=1.4m/s | mean_BLH=610m | p5_BLH=393m | stable_frac=0.267 | stability=[A=0.0% B=1.1% C=72.2% D=0.0% E=26.7% F=0.0%] | wind_rose_dominant=NNE | source=copernicus_era5,,,,low permeability,,medium,,2026-04-20 21:28:50.348043+00:00,audit_postlogging_20260421,api,merge_phase2_20260421
TR,Meda power station,c8e1cc12-080a-4e01-925d-8fd6e4334856,277.81,65.41,112.06,232.23,21817,52601,220013,4668658,ghsl_pop_100m_r2023a,"5 km: 21,817 pop, 278 p/km²; 16 km: 52,601 pop, 65 p/km²; 25 km: 220,013 pop, 112 p/km²; 80 km: 4,668,658 pop, 232 p/km²; Epoch: 2020; Source: GHS-POP R2023A 100 m (Mollweide)",,,,gisco_urau_2021,No city >50k within search radius; Cities >50k within 25 km: 0; Cities >50k within 80 km: 0; Settlement hierarchy: rural; Source: Eurostat GISCO Urban Audit 2021 + urb_cpop1,0.903,241196,ghsl_pop_100m_r2023a,"{""ghsl_note"": ""CAGR 2020\u21922030 from GHS-POP R2023A multi-epoch data"", ""s17_eurostat_supplement"": {""base_population"": null, ""base_year"": 2023, ""projected_pop_2030"": 88000000, ""projected_pop_2040"": 94000000, ""projected_pop_2050"": 97500000, ""projected_pop_2060"": 98000000, ""projected_pop_2080"": 95000000, ""pop_change_pct_2050"": null, ""pop_change_pct_2080"": null, ""receptor_growth_factor_60yr"": null, ""projection_lo_2050"": null, ""projection_hi_2050"": null, ""projection_lo_2080"": null, ""projection_hi_2080"": null, ""growth_classification"": ""stable"", ""urban_expansion_pressure"": null, ""median_age_2050"": 40.2, ""old_age_dependency_2050"": 0.31, ""net_migration_rate_projected"": null, ""projection_source"": ""nso"", ""projection_variant"": ""medium"", ""spatial_level"": ""national""}}",NNE,2.56,538.5,medium,ERA5 atmospheric dispersion (ref 1991-2020) | prevailing_wind=NNE(22deg) | mean_speed=2.6m/s | mean_BLH=539m | p5_BLH=347m | stable_frac=0.408 | stability=[A=0.0% B=0.0% C=59.2% D=0.0% E=40.8% F=0.0%] | wind_rose_dominant=NNE | source=copernicus_era5,,,,low permeability,,medium,,2026-04-20 21:28:50.361887+00:00,audit_postlogging_20260421,api,merge_phase2_20260421
TR,Mersin Gülnar power station,1820429d-bd95-4e56-a6db-d9bb57e2ae07,152.04,20.69,21.18,17.26,11940,16641,41586,346981,ghsl_pop_100m_r2023a,"5 km: 11,940 pop, 152 p/km²; 16 km: 16,641 pop, 21 p/km²; 25 km: 41,586 pop, 21 p/km²; 80 km: 346,981 pop, 17 p/km²; Epoch: 2020; Source: GHS-POP R2023A 100 m (Mollweide)",,,,gisco_urau_2021,No city >50k within search radius; Cities >50k within 25 km: 0; Cities >50k within 80 km: 0; Settlement hierarchy: rural; Source: Eurostat GISCO Urban Audit 2021 + urb_cpop1,0.385,45587,ghsl_pop_100m_r2023a,"{""ghsl_note"": ""CAGR 2020\u21922030 from GHS-POP R2023A multi-epoch data"", ""s17_eurostat_supplement"": {""base_population"": null, ""base_year"": 2023, ""projected_pop_2030"": 88000000, ""projected_pop_2040"": 94000000, ""projected_pop_2050"": 97500000, ""projected_pop_2060"": 98000000, ""projected_pop_2080"": 95000000, ""pop_change_pct_2050"": null, ""pop_change_pct_2080"": null, ""receptor_growth_factor_60yr"": null, ""projection_lo_2050"": null, ""projection_hi_2050"": null, ""projection_lo_2080"": null, ""projection_hi_2080"": null, ""growth_classification"": ""stable"", ""urban_expansion_pressure"": null, ""median_age_2050"": 40.2, ""old_age_dependency_2050"": 0.31, ""net_migration_rate_projected"": null, ""projection_source"": ""nso"", ""projection_variant"": ""medium"", ""spatial_level"": ""national""}}",SW,1.36,403.14,medium,ERA5 atmospheric dispersion (ref 1991-2020) | prevailing_wind=SW(225deg) | mean_speed=1.4m/s | mean_BLH=403m | p5_BLH=315m | stable_frac=0.947 | stability=[A=0.0% B=0.0% C=5.3% D=0.0% E=94.7% F=0.0%] | wind_rose_dominant=SW | source=copernicus_era5,,,,sedimentary sands,,medium,,2026-04-20 21:28:50.374653+00:00,audit_postlogging_20260421,api,merge_phase2_20260421
TR,Mert power station,42d5b3fd-7d07-409b-9154-4441695b7901,294.3,496.97,263.05,146.7,23112,399643,516440,2949224,ghsl_pop_100m_r2023a,"5 km: 23,112 pop, 294 p/km²; 16 km: 399,643 pop, 497 p/km²; 25 km: 516,440 pop, 263 p/km²; 80 km: 2,949,224 pop, 147 p/km²; Epoch: 2020; Source: GHS-POP R2023A 100 m (Mollweide)",,,,gisco_urau_2021,No city >50k within search radius; Cities >50k within 25 km: 0; Cities >50k within 80 km: 0; Settlement hierarchy: rural; Source: Eurostat GISCO Urban Audit 2021 + urb_cpop1,1.529,566184,ghsl_pop_100m_r2023a,"{""ghsl_note"": ""CAGR 2020\u21922030 from GHS-POP R2023A multi-epoch data"", ""s17_eurostat_supplement"": {""base_population"": null, ""base_year"": 2023, ""projected_pop_2030"": 88000000, ""projected_pop_2040"": 94000000, ""projected_pop_2050"": 97500000, ""projected_pop_2060"": 98000000, ""projected_pop_2080"": 95000000, ""pop_change_pct_2050"": null, ""pop_change_pct_2080"": null, ""receptor_growth_factor_60yr"": null, ""projection_lo_2050"": null, ""projection_hi_2050"": null, ""projection_lo_2080"": null, ""projection_hi_2080"": null, ""growth_classification"": ""stable"", ""urban_expansion_pressure"": null, ""median_age_2050"": 40.2, ""old_age_dependency_2050"": 0.31, ""net_migration_rate_projected"": null, ""projection_source"": ""nso"", ""projection_variant"": ""medium"", ""spatial_level"": ""national""}}",WSW,0.92,410.53,medium,ERA5 atmospheric dispersion (ref 1991-2020) | prevailing_wind=WSW(248deg) | mean_speed=0.9m/s | mean_BLH=411m | p5_BLH=211m | stable_frac=0.717 | stability=[A=0.0% B=0.0% C=28.3% D=0.0% E=71.7% F=0.0%] | wind_rose_dominant=WSW | source=copernicus_era5,,,,alluvial,,medium,,2026-04-20 21:28:50.386336+00:00,audit_postlogging_20260421,api,merge_phase2_20260421
TR,METES power station,166f5fcc-1cc4-4cf5-9e52-59e7ce1557c6,10.66,12.69,33.53,17.28,837,10207,65830,347334,ghsl_pop_100m_r2023a,"5 km: 837 pop, 11 p/km²; 16 km: 10,207 pop, 13 p/km²; 25 km: 65,830 pop, 34 p/km²; 80 km: 347,334 pop, 17 p/km²; Epoch: 2020; Source: GHS-POP R2023A 100 m (Mollweide)",,,,gisco_urau_2021,No city >50k within search radius; Cities >50k within 25 km: 0; Cities >50k within 80 km: 0; Settlement hierarchy: rural; Source: Eurostat GISCO Urban Audit 2021 + urb_cpop1,-2.467,72169,ghsl_pop_100m_r2023a,"{""ghsl_note"": ""CAGR 2020\u21922030 from GHS-POP R2023A multi-epoch data"", ""s17_eurostat_supplement"": {""base_population"": null, ""base_year"": 2023, ""projected_pop_2030"": 88000000, ""projected_pop_2040"": 94000000, ""projected_pop_2050"": 97500000, ""projected_pop_2060"": 98000000, ""projected_pop_2080"": 95000000, ""pop_change_pct_2050"": null, ""pop_change_pct_2080"": null, ""receptor_growth_factor_60yr"": null, ""projection_lo_2050"": null, ""projection_hi_2050"": null, ""projection_lo_2080"": null, ""projection_hi_2080"": null, ""growth_classification"": ""stable"", ""urban_expansion_pressure"": null, ""median_age_2050"": 40.2, ""old_age_dependency_2050"": 0.31, ""net_migration_rate_projected"": null, ""projection_source"": ""nso"", ""projection_variant"": ""medium"", ""spatial_level"": ""national""}}",SW,1.58,441.57,medium,ERA5 atmospheric dispersion (ref 1991-2020) | prevailing_wind=SW(225deg) | mean_speed=1.6m/s | mean_BLH=442m | p5_BLH=339m | stable_frac=0.806 | stability=[A=0.0% B=0.0% C=19.4% D=0.0% E=80.6% F=0.0%] | wind_rose_dominant=SW | source=copernicus_era5,,,,sedimentary carbonates,,medium,,2026-04-20 21:28:50.397806+00:00,audit_postlogging_20260421,api,merge_phase2_20260421
TR,Misis Adana power station,b588126a-42d6-49dc-b227-9283af5a2578,887.59,328.33,208.18,196.76,69704,264030,408728,3955655,ghsl_pop_100m_r2023a,"5 km: 69,704 pop, 888 p/km²; 16 km: 264,030 pop, 328 p/km²; 25 km: 408,728 pop, 208 p/km²; 80 km: 3,955,655 pop, 197 p/km²; Epoch: 2020; Source: GHS-POP R2023A 100 m (Mollweide)",,,,gisco_urau_2021,No city >50k within search radius; Cities >50k within 25 km: 0; Cities >50k within 80 km: 0; Settlement hierarchy: rural; Source: Eurostat GISCO Urban Audit 2021 + urb_cpop1,-0.628,448083,ghsl_pop_100m_r2023a,"{""ghsl_note"": ""CAGR 2020\u21922030 from GHS-POP R2023A multi-epoch data"", ""s17_eurostat_supplement"": {""base_population"": null, ""base_year"": 2023, ""projected_pop_2030"": 88000000, ""projected_pop_2040"": 94000000, ""projected_pop_2050"": 97500000, ""projected_pop_2060"": 98000000, ""projected_pop_2080"": 95000000, ""pop_change_pct_2050"": null, ""pop_change_pct_2080"": null, ""receptor_growth_factor_60yr"": null, ""projection_lo_2050"": null, ""projection_hi_2050"": null, ""projection_lo_2080"": null, ""projection_hi_2080"": null, ""growth_classification"": ""stable"", ""urban_expansion_pressure"": null, ""median_age_2050"": 40.2, ""old_age_dependency_2050"": 0.31, ""net_migration_rate_projected"": null, ""projection_source"": ""nso"", ""projection_variant"": ""medium"", ""spatial_level"": ""national""}}",SSW,1.62,407.82,medium,ERA5 atmospheric dispersion (ref 1991-2020) | prevailing_wind=SSW(202deg) | mean_speed=1.6m/s | mean_BLH=408m | p5_BLH=284m | stable_frac=0.836 | stability=[A=0.0% B=0.0% C=16.4% D=0.0% E=83.6% F=0.0%] | wind_rose_dominant=SSW | source=copernicus_era5,,,,alluvial,,medium,,2026-04-20 21:28:50.409970+00:00,audit_postlogging_20260421,api,merge_phase2_20260421
TR,Muğla power station,0049a899-af5f-41cd-86ae-2ba729b6365f,10.82,38.41,61.59,69.82,850,30892,120917,1403691,ghsl_pop_100m_r2023a,"5 km: 850 pop, 11 p/km²; 16 km: 30,892 pop, 38 p/km²; 25 km: 120,917 pop, 62 p/km²; 80 km: 1,403,691 pop, 70 p/km²; Epoch: 2020; Source: GHS-POP R2023A 100 m (Mollweide)",,,,gisco_urau_2021,No city >50k within search radius; Cities >50k within 25 km: 0; Cities >50k within 80 km: 0; Settlement hierarchy: rural; Source: Eurostat GISCO Urban Audit 2021 + urb_cpop1,1.642,132565,ghsl_pop_100m_r2023a,"{""ghsl_note"": ""CAGR 2020\u21922030 from GHS-POP R2023A multi-epoch data"", ""s17_eurostat_supplement"": {""base_population"": null, ""base_year"": 2023, ""projected_pop_2030"": 88000000, ""projected_pop_2040"": 94000000, ""projected_pop_2050"": 97500000, ""projected_pop_2060"": 98000000, ""projected_pop_2080"": 95000000, ""pop_change_pct_2050"": null, ""pop_change_pct_2080"": null, ""receptor_growth_factor_60yr"": null, ""projection_lo_2050"": null, ""projection_hi_2050"": null, ""projection_lo_2080"": null, ""projection_hi_2080"": null, ""growth_classification"": ""stable"", ""urban_expansion_pressure"": null, ""median_age_2050"": 40.2, ""old_age_dependency_2050"": 0.31, ""net_migration_rate_projected"": null, ""projection_source"": ""nso"", ""projection_variant"": ""medium"", ""spatial_level"": ""national""}}",NW,1.08,462.89,medium,ERA5 atmospheric dispersion (ref 1991-2020) | prevailing_wind=NW(315deg) | mean_speed=1.1m/s | mean_BLH=463m | p5_BLH=316m | stable_frac=0.658 | stability=[A=0.0% B=0.0% C=34.2% D=0.0% E=65.8% F=0.0%] | wind_rose_dominant=NW | source=copernicus_era5,,,,alluvial,,medium,,2026-04-20 21:28:50.422194+00:00,audit_postlogging_20260421,api,merge_phase2_20260421
TR,Namal power station,5ed91c1b-0a1b-4a4c-9b2b-f6bdc8ff9770,190.39,70.59,36.27,39.71,14952,56768,71213,798249,ghsl_pop_100m_r2023a,"5 km: 14,952 pop, 190 p/km²; 16 km: 56,768 pop, 71 p/km²; 25 km: 71,213 pop, 36 p/km²; 80 km: 798,249 pop, 40 p/km²; Epoch: 2020; Source: GHS-POP R2023A 100 m (Mollweide)",,,,gisco_urau_2021,No city >50k within search radius; Cities >50k within 25 km: 0; Cities >50k within 80 km: 0; Settlement hierarchy: rural; Source: Eurostat GISCO Urban Audit 2021 + urb_cpop1,0.884,78067,ghsl_pop_100m_r2023a,"{""ghsl_note"": ""CAGR 2020\u21922030 from GHS-POP R2023A multi-epoch data"", ""s17_eurostat_supplement"": {""base_population"": null, ""base_year"": 2023, ""projected_pop_2030"": 88000000, ""projected_pop_2040"": 94000000, ""projected_pop_2050"": 97500000, ""projected_pop_2060"": 98000000, ""projected_pop_2080"": 95000000, ""pop_change_pct_2050"": null, ""pop_change_pct_2080"": null, ""receptor_growth_factor_60yr"": null, ""projection_lo_2050"": null, ""projection_hi_2050"": null, ""projection_lo_2080"": null, ""projection_hi_2080"": null, ""growth_classification"": ""stable"", ""urban_expansion_pressure"": null, ""median_age_2050"": 40.2, ""old_age_dependency_2050"": 0.31, ""net_migration_rate_projected"": null, ""projection_source"": ""nso"", ""projection_variant"": ""medium"", ""spatial_level"": ""national""}}",NE,1.97,597.6,medium,ERA5 atmospheric dispersion (ref 1991-2020) | prevailing_wind=NE(45deg) | mean_speed=2.0m/s | mean_BLH=598m | p5_BLH=437m | stable_frac=0.183 | stability=[A=0.0% B=0.0% C=81.7% D=0.0% E=18.3% F=0.0%] | wind_rose_dominant=NE | source=copernicus_era5,,,,low permeability,,medium,,2026-04-20 21:28:50.433828+00:00,audit_postlogging_20260421,api,merge_phase2_20260421
TR,Naren Karabiga power station,21ccc44f-3244-4e7f-9654-eae424288200,4.01,31.34,50.72,57.05,315,25199,99577,1146879,ghsl_pop_100m_r2023a,"5 km: 315 pop, 4 p/km²; 16 km: 25,199 pop, 31 p/km²; 25 km: 99,577 pop, 51 p/km²; 80 km: 1,146,879 pop, 57 p/km²; Epoch: 2020; Source: GHS-POP R2023A 100 m (Mollweide)",,,,gisco_urau_2021,No city >50k within search radius; Cities >50k within 25 km: 0; Cities >50k within 80 km: 0; Settlement hierarchy: rural; Source: Eurostat GISCO Urban Audit 2021 + urb_cpop1,1.379,109169,ghsl_pop_100m_r2023a,"{""ghsl_note"": ""CAGR 2020\u21922030 from GHS-POP R2023A multi-epoch data"", ""s17_eurostat_supplement"": {""base_population"": null, ""base_year"": 2023, ""projected_pop_2030"": 88000000, ""projected_pop_2040"": 94000000, ""projected_pop_2050"": 97500000, ""projected_pop_2060"": 98000000, ""projected_pop_2080"": 95000000, ""pop_change_pct_2050"": null, ""pop_change_pct_2080"": null, ""receptor_growth_factor_60yr"": null, ""projection_lo_2050"": null, ""projection_hi_2050"": null, ""projection_lo_2080"": null, ""projection_hi_2080"": null, ""growth_classification"": ""stable"", ""urban_expansion_pressure"": null, ""median_age_2050"": 40.2, ""old_age_dependency_2050"": 0.31, ""net_migration_rate_projected"": null, ""projection_source"": ""nso"", ""projection_variant"": ""medium"", ""spatial_level"": ""national""}}",NE,2.36,556.73,medium,ERA5 atmospheric dispersion (ref 1991-2020) | prevailing_wind=NE(45deg) | mean_speed=2.4m/s | mean_BLH=557m | p5_BLH=373m | stable_frac=0.325 | stability=[A=0.0% B=0.0% C=67.5% D=0.0% E=32.5% F=0.0%] | wind_rose_dominant=NE | source=copernicus_era5,,,,alluvial,,medium,,2026-04-20 21:28:50.445211+00:00,audit_postlogging_20260421,api,merge_phase2_20260421
TR,Orhaneli power station,80b922cb-9e78-49aa-9d28-1dc84b1affef,72.58,39.7,54.96,180.85,5700,31922,107903,3635888,ghsl_pop_100m_r2023a,"5 km: 5,700 pop, 73 p/km²; 16 km: 31,922 pop, 40 p/km²; 25 km: 107,903 pop, 55 p/km²; 80 km: 3,635,888 pop, 181 p/km²; Epoch: 2020; Source: GHS-POP R2023A 100 m (Mollweide)",,,,gisco_urau_2021,No city >50k within search radius; Cities >50k within 25 km: 0; Cities >50k within 80 km: 0; Settlement hierarchy: rural; Source: Eurostat GISCO Urban Audit 2021 + urb_cpop1,2.575,118295,ghsl_pop_100m_r2023a,"{""ghsl_note"": ""CAGR 2020\u21922030 from GHS-POP R2023A multi-epoch data"", ""s17_eurostat_supplement"": {""base_population"": null, ""base_year"": 2023, ""projected_pop_2030"": 88000000, ""projected_pop_2040"": 94000000, ""projected_pop_2050"": 97500000, ""projected_pop_2060"": 98000000, ""projected_pop_2080"": 95000000, ""pop_change_pct_2050"": null, ""pop_change_pct_2080"": null, ""receptor_growth_factor_60yr"": null, ""projection_lo_2050"": null, ""projection_hi_2050"": null, ""projection_lo_2080"": null, ""projection_hi_2080"": null, ""growth_classification"": ""stable"", ""urban_expansion_pressure"": null, ""median_age_2050"": 40.2, ""old_age_dependency_2050"": 0.31, ""net_migration_rate_projected"": null, ""projection_source"": ""nso"", ""projection_variant"": ""medium"", ""spatial_level"": ""national""}}",N,1.01,422.37,medium,ERA5 atmospheric dispersion (ref 1991-2020) | prevailing_wind=N(0deg) | mean_speed=1.0m/s | mean_BLH=422m | p5_BLH=252m | stable_frac=0.747 | stability=[A=0.0% B=0.0% C=25.3% D=0.0% E=74.7% F=0.0%] | wind_rose_dominant=N | source=copernicus_era5,,,,alluvial,,medium,,2026-04-20 21:28:50.456171+00:00,audit_postlogging_20260421,api,merge_phase2_20260421
TR,Orta Anadolu power station,f2e65fcf-afc4-4443-ac14-f15c8ffe48f3,68.53,14.87,10.68,165.26,5382,11960,20966,3322468,ghsl_pop_100m_r2023a,"5 km: 5,382 pop, 69 p/km²; 16 km: 11,960 pop, 15 p/km²; 25 km: 20,966 pop, 11 p/km²; 80 km: 3,322,468 pop, 165 p/km²; Epoch: 2020; Source: GHS-POP R2023A 100 m (Mollweide)",,,,gisco_urau_2021,No city >50k within search radius; Cities >50k within 25 km: 0; Cities >50k within 80 km: 0; Settlement hierarchy: rural; Source: Eurostat GISCO Urban Audit 2021 + urb_cpop1,-2.742,22987,ghsl_pop_100m_r2023a,"{""ghsl_note"": ""CAGR 2020\u21922030 from GHS-POP R2023A multi-epoch data"", ""s17_eurostat_supplement"": {""base_population"": null, ""base_year"": 2023, ""projected_pop_2030"": 88000000, ""projected_pop_2040"": 94000000, ""projected_pop_2050"": 97500000, ""projected_pop_2060"": 98000000, ""projected_pop_2080"": 95000000, ""pop_change_pct_2050"": null, ""pop_change_pct_2080"": null, ""receptor_growth_factor_60yr"": null, ""projection_lo_2050"": null, ""projection_hi_2050"": null, ""projection_lo_2080"": null, ""projection_hi_2080"": null, ""growth_classification"": ""stable"", ""urban_expansion_pressure"": null, ""median_age_2050"": 40.2, ""old_age_dependency_2050"": 0.31, ""net_migration_rate_projected"": null, ""projection_source"": ""nso"", ""projection_variant"": ""medium"", ""spatial_level"": ""national""}}",NNW,1.04,558.03,medium,ERA5 atmospheric dispersion (ref 1991-2020) | prevailing_wind=NNW(338deg) | mean_speed=1.0m/s | mean_BLH=558m | p5_BLH=241m | stable_frac=0.417 | stability=[A=0.0% B=1.1% C=57.2% D=0.0% E=41.7% F=0.0%] | wind_rose_dominant=NNW | source=copernicus_era5,,,,alluvial,,medium,,2026-04-20 21:28:50.467752+00:00,audit_postlogging_20260421,api,merge_phase2_20260421
TR,Petkim power station,86996d34-c6e5-4097-ac28-ad2e5467f783,628.36,146.49,125.78,240.18,49346,117802,246946,4828524,ghsl_pop_100m_r2023a,"5 km: 49,346 pop, 628 p/km²; 16 km: 117,802 pop, 146 p/km²; 25 km: 246,946 pop, 126 p/km²; 80 km: 4,828,524 pop, 240 p/km²; Epoch: 2020; Source: GHS-POP R2023A 100 m (Mollweide)",,,,gisco_urau_2021,No city >50k within search radius; Cities >50k within 25 km: 0; Cities >50k within 80 km: 0; Settlement hierarchy: rural; Source: Eurostat GISCO Urban Audit 2021 + urb_cpop1,0.372,270726,ghsl_pop_100m_r2023a,"{""ghsl_note"": ""CAGR 2020\u21922030 from GHS-POP R2023A multi-epoch data"", ""s17_eurostat_supplement"": {""base_population"": null, ""base_year"": 2023, ""projected_pop_2030"": 88000000, ""projected_pop_2040"": 94000000, ""projected_pop_2050"": 97500000, ""projected_pop_2060"": 98000000, ""projected_pop_2080"": 95000000, ""pop_change_pct_2050"": null, ""pop_change_pct_2080"": null, ""receptor_growth_factor_60yr"": null, ""projection_lo_2050"": null, ""projection_hi_2050"": null, ""projection_lo_2080"": null, ""projection_hi_2080"": null, ""growth_classification"": ""stable"", ""urban_expansion_pressure"": null, ""median_age_2050"": 40.2, ""old_age_dependency_2050"": 0.31, ""net_migration_rate_projected"": null, ""projection_source"": ""nso"", ""projection_variant"": ""medium"", ""spatial_level"": ""national""}}",N,1.91,553.79,medium,ERA5 atmospheric dispersion (ref 1991-2020) | prevailing_wind=N(0deg) | mean_speed=1.9m/s | mean_BLH=554m | p5_BLH=382m | stable_frac=0.350 | stability=[A=0.0% B=0.0% C=65.0% D=0.0% E=35.0% F=0.0%] | wind_rose_dominant=N | source=copernicus_era5,,,,low permeability,,medium,,2026-04-20 21:28:50.479064+00:00,audit_postlogging_20260421,api,merge_phase2_20260421
TR,Polat power station,231565d3-4f56-43ee-a357-1f4451c6fbc3,73.31,122.55,59.69,170.99,5757,98552,117196,3437595,ghsl_pop_100m_r2023a,"5 km: 5,757 pop, 73 p/km²; 16 km: 98,552 pop, 123 p/km²; 25 km: 117,196 pop, 60 p/km²; 80 km: 3,437,595 pop, 171 p/km²; Epoch: 2020; Source: GHS-POP R2023A 100 m (Mollweide)",,,,gisco_urau_2021,No city >50k within search radius; Cities >50k within 25 km: 0; Cities >50k within 80 km: 0; Settlement hierarchy: rural; Source: Eurostat GISCO Urban Audit 2021 + urb_cpop1,-0.348,128476,ghsl_pop_100m_r2023a,"{""ghsl_note"": ""CAGR 2020\u21922030 from GHS-POP R2023A multi-epoch data"", ""s17_eurostat_supplement"": {""base_population"": null, ""base_year"": 2023, ""projected_pop_2030"": 88000000, ""projected_pop_2040"": 94000000, ""projected_pop_2050"": 97500000, ""projected_pop_2060"": 98000000, ""projected_pop_2080"": 95000000, ""pop_change_pct_2050"": null, ""pop_change_pct_2080"": null, ""receptor_growth_factor_60yr"": null, ""projection_lo_2050"": null, ""projection_hi_2050"": null, ""projection_lo_2080"": null, ""projection_hi_2080"": null, ""growth_classification"": ""stable"", ""urban_expansion_pressure"": null, ""median_age_2050"": 40.2, ""old_age_dependency_2050"": 0.31, ""net_migration_rate_projected"": null, ""projection_source"": ""nso"", ""projection_variant"": ""medium"", ""spatial_level"": ""national""}}",NNE,0.92,584.11,medium,ERA5 atmospheric dispersion (ref 1991-2020) | prevailing_wind=NNE(22deg) | mean_speed=0.9m/s | mean_BLH=584m | p5_BLH=288m | stable_frac=0.383 | stability=[A=0.0% B=1.4% C=60.3% D=0.0% E=38.3% F=0.0%] | wind_rose_dominant=NNE | source=copernicus_era5,,,,sedimentary carbonates,,medium,,2026-04-20 21:28:50.492538+00:00,audit_postlogging_20260421,api,merge_phase2_20260421
TR,Saltukova power station,2ed9363f-a9fe-46e5-8b92-c50b47a9077a,104.42,157.69,172.26,60.3,8200,126809,338203,1212341,ghsl_pop_100m_r2023a,"5 km: 8,200 pop, 104 p/km²; 16 km: 126,809 pop, 158 p/km²; 25 km: 338,203 pop, 172 p/km²; 80 km: 1,212,341 pop, 60 p/km²; Epoch: 2020; Source: GHS-POP R2023A 100 m (Mollweide)",,,,gisco_urau_2021,No city >50k within search radius; Cities >50k within 25 km: 0; Cities >50k within 80 km: 0; Settlement hierarchy: rural; Source: Eurostat GISCO Urban Audit 2021 + urb_cpop1,0.585,370769,ghsl_pop_100m_r2023a,"{""ghsl_note"": ""CAGR 2020\u21922030 from GHS-POP R2023A multi-epoch data"", ""s17_eurostat_supplement"": {""base_population"": null, ""base_year"": 2023, ""projected_pop_2030"": 88000000, ""projected_pop_2040"": 94000000, ""projected_pop_2050"": 97500000, ""projected_pop_2060"": 98000000, ""projected_pop_2080"": 95000000, ""pop_change_pct_2050"": null, ""pop_change_pct_2080"": null, ""receptor_growth_factor_60yr"": null, ""projection_lo_2050"": null, ""projection_hi_2050"": null, ""projection_lo_2080"": null, ""projection_hi_2080"": null, ""growth_classification"": ""stable"", ""urban_expansion_pressure"": null, ""median_age_2050"": 40.2, ""old_age_dependency_2050"": 0.31, ""net_migration_rate_projected"": null, ""projection_source"": ""nso"", ""projection_variant"": ""medium"", ""spatial_level"": ""national""}}",N,0.81,331.47,medium,ERA5 atmospheric dispersion (ref 1991-2020) | prevailing_wind=N(0deg) | mean_speed=0.8m/s | mean_BLH=331m | p5_BLH=218m | stable_frac=0.997 | stability=[A=0.0% B=0.0% C=0.3% D=0.0% E=99.7% F=0.0%] | wind_rose_dominant=N | source=copernicus_era5,,,,low permeability,,medium,,2026-04-20 21:28:50.505964+00:00,audit_postlogging_20260421,api,merge_phase2_20260421
TR,Sanko Gölbaşı power station,c13aeeb7-05e5-4f00-9b4b-654e73e5150d,27.34,52.6,56.89,109.46,2147,42297,111697,2200611,ghsl_pop_100m_r2023a,"5 km: 2,147 pop, 27 p/km²; 16 km: 42,297 pop, 53 p/km²; 25 km: 111,697 pop, 57 p/km²; 80 km: 2,200,611 pop, 109 p/km²; Epoch: 2020; Source: GHS-POP R2023A 100 m (Mollweide)",,,,gisco_urau_2021,No city >50k within search radius; Cities >50k within 25 km: 0; Cities >50k within 80 km: 0; Settlement hierarchy: rural; Source: Eurostat GISCO Urban Audit 2021 + urb_cpop1,-0.121,122449,ghsl_pop_100m_r2023a,"{""ghsl_note"": ""CAGR 2020\u21922030 from GHS-POP R2023A multi-epoch data"", ""s17_eurostat_supplement"": {""base_population"": null, ""base_year"": 2023, ""projected_pop_2030"": 88000000, ""projected_pop_2040"": 94000000, ""projected_pop_2050"": 97500000, ""projected_pop_2060"": 98000000, ""projected_pop_2080"": 95000000, ""pop_change_pct_2050"": null, ""pop_change_pct_2080"": null, ""receptor_growth_factor_60yr"": null, ""projection_lo_2050"": null, ""projection_hi_2050"": null, ""projection_lo_2080"": null, ""projection_hi_2080"": null, ""growth_classification"": ""stable"", ""urban_expansion_pressure"": null, ""median_age_2050"": 40.2, ""old_age_dependency_2050"": 0.31, ""net_migration_rate_projected"": null, ""projection_source"": ""nso"", ""projection_variant"": ""medium"", ""spatial_level"": ""national""}}",WNW,1.01,606.88,medium,ERA5 atmospheric dispersion (ref 1991-2020) | prevailing_wind=WNW(292deg) | mean_speed=1.0m/s | mean_BLH=607m | p5_BLH=149m | stable_frac=0.486 | stability=[A=0.0% B=22.5% C=28.9% D=0.0% E=48.6% F=0.0%] | wind_rose_dominant=WNW | source=copernicus_era5,,,,low permeability,,medium,,2026-04-20 21:28:50.518641+00:00,audit_postlogging_20260421,api,merge_phase2_20260421
TR,Sanko Yumurtalık power station,3e5f4317-6f40-44fb-bfa2-e21dc4d9922d,619.77,291.43,207.01,194.49,48672,234362,406422,3910074,ghsl_pop_100m_r2023a,"5 km: 48,672 pop, 620 p/km²; 16 km: 234,362 pop, 291 p/km²; 25 km: 406,422 pop, 207 p/km²; 80 km: 3,910,074 pop, 194 p/km²; Epoch: 2020; Source: GHS-POP R2023A 100 m (Mollweide)",,,,gisco_urau_2021,No city >50k within search radius; Cities >50k within 25 km: 0; Cities >50k within 80 km: 0; Settlement hierarchy: rural; Source: Eurostat GISCO Urban Audit 2021 + urb_cpop1,-0.504,445564,ghsl_pop_100m_r2023a,"{""ghsl_note"": ""CAGR 2020\u21922030 from GHS-POP R2023A multi-epoch data"", ""s17_eurostat_supplement"": {""base_population"": null, ""base_year"": 2023, ""projected_pop_2030"": 88000000, ""projected_pop_2040"": 94000000, ""projected_pop_2050"": 97500000, ""projected_pop_2060"": 98000000, ""projected_pop_2080"": 95000000, ""pop_change_pct_2050"": null, ""pop_change_pct_2080"": null, ""receptor_growth_factor_60yr"": null, ""projection_lo_2050"": null, ""projection_hi_2050"": null, ""projection_lo_2080"": null, ""projection_hi_2080"": null, ""growth_classification"": ""stable"", ""urban_expansion_pressure"": null, ""median_age_2050"": 40.2, ""old_age_dependency_2050"": 0.31, ""net_migration_rate_projected"": null, ""projection_source"": ""nso"", ""projection_variant"": ""medium"", ""spatial_level"": ""national""}}",SSW,1.07,378.73,medium,ERA5 atmospheric dispersion (ref 1991-2020) | prevailing_wind=SSW(202deg) | mean_speed=1.1m/s | mean_BLH=379m | p5_BLH=205m | stable_frac=0.842 | stability=[A=0.0% B=0.0% C=15.8% D=0.0% E=84.2% F=0.0%] | wind_rose_dominant=SSW | source=copernicus_era5,,,,alluvial,,medium,,2026-04-20 21:28:50.532430+00:00,audit_postlogging_20260421,api,merge_phase2_20260421
TR,Saray Tekirdağ power station,db87ce6a-3802-44c5-945f-8a95d3cf111b,603.02,316.63,247.33,136.04,47356,254622,485575,2734852,ghsl_pop_100m_r2023a,"5 km: 47,356 pop, 603 p/km²; 16 km: 254,622 pop, 317 p/km²; 25 km: 485,575 pop, 247 p/km²; 80 km: 2,734,852 pop, 136 p/km²; Epoch: 2020; Source: GHS-POP R2023A 100 m (Mollweide)",,,,gisco_urau_2021,No city >50k within search radius; Cities >50k within 25 km: 0; Cities >50k within 80 km: 0; Settlement hierarchy: rural; Source: Eurostat GISCO Urban Audit 2021 + urb_cpop1,2.103,532348,ghsl_pop_100m_r2023a,"{""ghsl_note"": ""CAGR 2020\u21922030 from GHS-POP R2023A multi-epoch data"", ""s17_eurostat_supplement"": {""base_population"": null, ""base_year"": 2023, ""projected_pop_2030"": 88000000, ""projected_pop_2040"": 94000000, ""projected_pop_2050"": 97500000, ""projected_pop_2060"": 98000000, ""projected_pop_2080"": 95000000, ""pop_change_pct_2050"": null, ""pop_change_pct_2080"": null, ""receptor_growth_factor_60yr"": null, ""projection_lo_2050"": null, ""projection_hi_2050"": null, ""projection_lo_2080"": null, ""projection_hi_2080"": null, ""growth_classification"": ""stable"", ""urban_expansion_pressure"": null, ""median_age_2050"": 40.2, ""old_age_dependency_2050"": 0.31, ""net_migration_rate_projected"": null, ""projection_source"": ""nso"", ""projection_variant"": ""medium"", ""spatial_level"": ""national""}}",NNE,2.06,531.3,medium,ERA5 atmospheric dispersion (ref 1991-2020) | prevailing_wind=NNE(22deg) | mean_speed=2.1m/s | mean_BLH=531m | p5_BLH=392m | stable_frac=0.375 | stability=[A=0.0% B=0.0% C=62.5% D=0.0% E=37.5% F=0.0%] | wind_rose_dominant=NNE | source=copernicus_era5,,,,low permeability,,medium,,2026-04-20 21:28:50.545064+00:00,audit_postlogging_20260421,api,merge_phase2_20260421
TR,Sarp Golvasi power station,d1863136-5ff4-4b4d-a9c0-6219e92d637d,21.67,141.24,67.6,123.99,1702,113581,132710,2492624,ghsl_pop_100m_r2023a,"5 km: 1,702 pop, 22 p/km²; 16 km: 113,581 pop, 141 p/km²; 25 km: 132,710 pop, 68 p/km²; 80 km: 2,492,624 pop, 124 p/km²; Epoch: 2020; Source: GHS-POP R2023A 100 m (Mollweide)",,,,gisco_urau_2021,No city >50k within search radius; Cities >50k within 25 km: 0; Cities >50k within 80 km: 0; Settlement hierarchy: rural; Source: Eurostat GISCO Urban Audit 2021 + urb_cpop1,-2.914,145501,ghsl_pop_100m_r2023a,"{""ghsl_note"": ""CAGR 2020\u21922030 from GHS-POP R2023A multi-epoch data"", ""s17_eurostat_supplement"": {""base_population"": null, ""base_year"": 2023, ""projected_pop_2030"": 88000000, ""projected_pop_2040"": 94000000, ""projected_pop_2050"": 97500000, ""projected_pop_2060"": 98000000, ""projected_pop_2080"": 95000000, ""pop_change_pct_2050"": null, ""pop_change_pct_2080"": null, ""receptor_growth_factor_60yr"": null, ""projection_lo_2050"": null, ""projection_hi_2050"": null, ""projection_lo_2080"": null, ""projection_hi_2080"": null, ""growth_classification"": ""stable"", ""urban_expansion_pressure"": null, ""median_age_2050"": 40.2, ""old_age_dependency_2050"": 0.31, ""net_migration_rate_projected"": null, ""projection_source"": ""nso"", ""projection_variant"": ""medium"", ""spatial_level"": ""national""}}",N,1.02,414.79,medium,ERA5 atmospheric dispersion (ref 1991-2020) | prevailing_wind=N(0deg) | mean_speed=1.0m/s | mean_BLH=415m | p5_BLH=185m | stable_frac=0.689 | stability=[A=0.0% B=0.0% C=31.1% D=0.0% E=68.9% F=0.0%] | wind_rose_dominant=N | source=copernicus_era5,,,,alluvial,,medium,,2026-04-20 21:28:50.558356+00:00,audit_postlogging_20260421,api,merge_phase2_20260421
TR,Sedef II TES power station,b5ff798e-e059-4d8b-a903-00a1fefc62ab,887.59,328.33,208.18,196.76,69704,264030,408728,3955655,ghsl_pop_100m_r2023a,"5 km: 69,704 pop, 888 p/km²; 16 km: 264,030 pop, 328 p/km²; 25 km: 408,728 pop, 208 p/km²; 80 km: 3,955,655 pop, 197 p/km²; Epoch: 2020; Source: GHS-POP R2023A 100 m (Mollweide)",,,,gisco_urau_2021,No city >50k within search radius; Cities >50k within 25 km: 0; Cities >50k within 80 km: 0; Settlement hierarchy: rural; Source: Eurostat GISCO Urban Audit 2021 + urb_cpop1,-0.628,448083,ghsl_pop_100m_r2023a,"{""ghsl_note"": ""CAGR 2020\u21922030 from GHS-POP R2023A multi-epoch data"", ""s17_eurostat_supplement"": {""base_population"": null, ""base_year"": 2023, ""projected_pop_2030"": 88000000, ""projected_pop_2040"": 94000000, ""projected_pop_2050"": 97500000, ""projected_pop_2060"": 98000000, ""projected_pop_2080"": 95000000, ""pop_change_pct_2050"": null, ""pop_change_pct_2080"": null, ""receptor_growth_factor_60yr"": null, ""projection_lo_2050"": null, ""projection_hi_2050"": null, ""projection_lo_2080"": null, ""projection_hi_2080"": null, ""growth_classification"": ""stable"", ""urban_expansion_pressure"": null, ""median_age_2050"": 40.2, ""old_age_dependency_2050"": 0.31, ""net_migration_rate_projected"": null, ""projection_source"": ""nso"", ""projection_variant"": ""medium"", ""spatial_level"": ""national""}}",SSW,1.62,407.82,medium,ERA5 atmospheric dispersion (ref 1991-2020) | prevailing_wind=SSW(202deg) | mean_speed=1.6m/s | mean_BLH=408m | p5_BLH=284m | stable_frac=0.836 | stability=[A=0.0% B=0.0% C=16.4% D=0.0% E=83.6% F=0.0%] | wind_rose_dominant=SSW | source=copernicus_era5,,,,alluvial,,medium,,2026-04-20 21:28:50.571219+00:00,audit_postlogging_20260421,api,merge_phase2_20260421
TR,Selena power station,3a06636d-c742-4b72-b9cd-21a4537c331b,62.22,85.55,286.24,180.08,4886,68799,561977,3620360,ghsl_pop_100m_r2023a,"5 km: 4,886 pop, 62 p/km²; 16 km: 68,799 pop, 86 p/km²; 25 km: 561,977 pop, 286 p/km²; 80 km: 3,620,360 pop, 180 p/km²; Epoch: 2020; Source: GHS-POP R2023A 100 m (Mollweide)",,,,gisco_urau_2021,No city >50k within search radius; Cities >50k within 25 km: 0; Cities >50k within 80 km: 0; Settlement hierarchy: rural; Source: Eurostat GISCO Urban Audit 2021 + urb_cpop1,0.875,616097,ghsl_pop_100m_r2023a,"{""ghsl_note"": ""CAGR 2020\u21922030 from GHS-POP R2023A multi-epoch data"", ""s17_eurostat_supplement"": {""base_population"": null, ""base_year"": 2023, ""projected_pop_2030"": 88000000, ""projected_pop_2040"": 94000000, ""projected_pop_2050"": 97500000, ""projected_pop_2060"": 98000000, ""projected_pop_2080"": 95000000, ""pop_change_pct_2050"": null, ""pop_change_pct_2080"": null, ""receptor_growth_factor_60yr"": null, ""projection_lo_2050"": null, ""projection_hi_2050"": null, ""projection_lo_2080"": null, ""projection_hi_2080"": null, ""growth_classification"": ""stable"", ""urban_expansion_pressure"": null, ""median_age_2050"": 40.2, ""old_age_dependency_2050"": 0.31, ""net_migration_rate_projected"": null, ""projection_source"": ""nso"", ""projection_variant"": ""medium"", ""spatial_level"": ""national""}}",SSW,1.07,378.73,medium,ERA5 atmospheric dispersion (ref 1991-2020) | prevailing_wind=SSW(202deg) | mean_speed=1.1m/s | mean_BLH=379m | p5_BLH=205m | stable_frac=0.842 | stability=[A=0.0% B=0.0% C=15.8% D=0.0% E=84.2% F=0.0%] | wind_rose_dominant=SSW | source=copernicus_era5,,,,alluvial,,medium,,2026-04-20 21:28:50.584400+00:00,audit_postlogging_20260421,api,merge_phase2_20260421
TR,Şevketiye Lapseki power station,0ca4ff78-4113-4ad9-ac04-0fd541d42338,30.09,64.59,37.78,41.92,2363,51939,74168,842721,ghsl_pop_100m_r2023a,"5 km: 2,363 pop, 30 p/km²; 16 km: 51,939 pop, 65 p/km²; 25 km: 74,168 pop, 38 p/km²; 80 km: 842,721 pop, 42 p/km²; Epoch: 2020; Source: GHS-POP R2023A 100 m (Mollweide)",,,,gisco_urau_2021,No city >50k within search radius; Cities >50k within 25 km: 0; Cities >50k within 80 km: 0; Settlement hierarchy: rural; Source: Eurostat GISCO Urban Audit 2021 + urb_cpop1,0.888,81317,ghsl_pop_100m_r2023a,"{""ghsl_note"": ""CAGR 2020\u21922030 from GHS-POP R2023A multi-epoch data"", ""s17_eurostat_supplement"": {""base_population"": null, ""base_year"": 2023, ""projected_pop_2030"": 88000000, ""projected_pop_2040"": 94000000, ""projected_pop_2050"": 97500000, ""projected_pop_2060"": 98000000, ""projected_pop_2080"": 95000000, ""pop_change_pct_2050"": null, ""pop_change_pct_2080"": null, ""receptor_growth_factor_60yr"": null, ""projection_lo_2050"": null, ""projection_hi_2050"": null, ""projection_lo_2080"": null, ""projection_hi_2080"": null, ""growth_classification"": ""stable"", ""urban_expansion_pressure"": null, ""median_age_2050"": 40.2, ""old_age_dependency_2050"": 0.31, ""net_migration_rate_projected"": null, ""projection_source"": ""nso"", ""projection_variant"": ""medium"", ""spatial_level"": ""national""}}",NE,2.06,624.68,medium,ERA5 atmospheric dispersion (ref 1991-2020) | prevailing_wind=NE(45deg) | mean_speed=2.1m/s | mean_BLH=625m | p5_BLH=469m | stable_frac=0.131 | stability=[A=0.0% B=0.3% C=86.7% D=0.0% E=13.1% F=0.0%] | wind_rose_dominant=NE | source=copernicus_era5,,,,hard rocks,,medium,,2026-04-20 21:28:50.597511+00:00,audit_postlogging_20260421,api,merge_phase2_20260421
TR,Seyitömer power station,94a5c55f-c499-41b1-81da-deaa36686399,72.31,47.18,132.48,96.39,5679,37942,260092,1937846,ghsl_pop_100m_r2023a,"5 km: 5,679 pop, 72 p/km²; 16 km: 37,942 pop, 47 p/km²; 25 km: 260,092 pop, 132 p/km²; 80 km: 1,937,846 pop, 96 p/km²; Epoch: 2020; Source: GHS-POP R2023A 100 m (Mollweide)",,,,gisco_urau_2021,No city >50k within search radius; Cities >50k within 25 km: 0; Cities >50k within 80 km: 0; Settlement hierarchy: rural; Source: Eurostat GISCO Urban Audit 2021 + urb_cpop1,-0.469,285147,ghsl_pop_100m_r2023a,"{""ghsl_note"": ""CAGR 2020\u21922030 from GHS-POP R2023A multi-epoch data"", ""s17_eurostat_supplement"": {""base_population"": null, ""base_year"": 2023, ""projected_pop_2030"": 88000000, ""projected_pop_2040"": 94000000, ""projected_pop_2050"": 97500000, ""projected_pop_2060"": 98000000, ""projected_pop_2080"": 95000000, ""pop_change_pct_2050"": null, ""pop_change_pct_2080"": null, ""receptor_growth_factor_60yr"": null, ""projection_lo_2050"": null, ""projection_hi_2050"": null, ""projection_lo_2080"": null, ""projection_hi_2080"": null, ""growth_classification"": ""stable"", ""urban_expansion_pressure"": null, ""median_age_2050"": 40.2, ""old_age_dependency_2050"": 0.31, ""net_migration_rate_projected"": null, ""projection_source"": ""nso"", ""projection_variant"": ""medium"", ""spatial_level"": ""national""}}",N,1.12,581.14,medium,ERA5 atmospheric dispersion (ref 1991-2020) | prevailing_wind=N(0deg) | mean_speed=1.1m/s | mean_BLH=581m | p5_BLH=291m | stable_frac=0.383 | stability=[A=0.0% B=1.1% C=60.6% D=0.0% E=38.3% F=0.0%] | wind_rose_dominant=N | source=copernicus_era5,,,,sedimentary carbonates,,medium,,2026-04-20 21:28:50.613854+00:00,audit_postlogging_20260421,api,merge_phase2_20260421
TR,Silopi (Şırnak) power station,e05ff795-8984-4170-9874-5355b70985b1,33.27,224.78,316.36,163.87,2613,180757,621108,3294431,ghsl_pop_100m_r2023a,"5 km: 2,613 pop, 33 p/km²; 16 km: 180,757 pop, 225 p/km²; 25 km: 621,108 pop, 316 p/km²; 80 km: 3,294,431 pop, 164 p/km²; Epoch: 2020; Source: GHS-POP R2023A 100 m (Mollweide)",,,,gisco_urau_2021,No city >50k within search radius; Cities >50k within 25 km: 0; Cities >50k within 80 km: 0; Settlement hierarchy: rural; Source: Eurostat GISCO Urban Audit 2021 + urb_cpop1,3.939,680927,ghsl_pop_100m_r2023a,"{""ghsl_note"": ""CAGR 2020\u21922030 from GHS-POP R2023A multi-epoch data"", ""s17_eurostat_supplement"": {""base_population"": null, ""base_year"": 2023, ""projected_pop_2030"": 88000000, ""projected_pop_2040"": 94000000, ""projected_pop_2050"": 97500000, ""projected_pop_2060"": 98000000, ""projected_pop_2080"": 95000000, ""pop_change_pct_2050"": null, ""pop_change_pct_2080"": null, ""receptor_growth_factor_60yr"": null, ""projection_lo_2050"": null, ""projection_hi_2050"": null, ""projection_lo_2080"": null, ""projection_hi_2080"": null, ""growth_classification"": ""stable"", ""urban_expansion_pressure"": null, ""median_age_2050"": 40.2, ""old_age_dependency_2050"": 0.31, ""net_migration_rate_projected"": null, ""projection_source"": ""nso"", ""projection_variant"": ""medium"", ""spatial_level"": ""national""}}",NNE,0.61,525.75,medium,ERA5 atmospheric dispersion (ref 1991-2020) | prevailing_wind=NNE(22deg) | mean_speed=0.6m/s | mean_BLH=526m | p5_BLH=176m | stable_frac=0.558 | stability=[A=0.0% B=7.8% C=36.4% D=0.0% E=55.8% F=0.0%] | wind_rose_dominant=NNE | source=copernicus_era5,,,,karsts and chalkstones,,medium,,2026-04-20 21:28:50.625067+00:00,audit_postlogging_20260421,api,merge_phase2_20260421
TR,Sinop Akfen power station,e03c394f-1c08-4101-b1fe-f6662fe4b424,21.32,16.66,24.7,14.84,1674,13401,48491,298366,ghsl_pop_100m_r2023a,"5 km: 1,674 pop, 21 p/km²; 16 km: 13,401 pop, 17 p/km²; 25 km: 48,491 pop, 25 p/km²; 80 km: 298,366 pop, 15 p/km²; Epoch: 2020; Source: GHS-POP R2023A 100 m (Mollweide)",,,,gisco_urau_2021,No city >50k within search radius; Cities >50k within 25 km: 0; Cities >50k within 80 km: 0; Settlement hierarchy: rural; Source: Eurostat GISCO Urban Audit 2021 + urb_cpop1,-0.252,53164,ghsl_pop_100m_r2023a,"{""ghsl_note"": ""CAGR 2020\u21922030 from GHS-POP R2023A multi-epoch data"", ""s17_eurostat_supplement"": {""base_population"": null, ""base_year"": 2023, ""projected_pop_2030"": 88000000, ""projected_pop_2040"": 94000000, ""projected_pop_2050"": 97500000, ""projected_pop_2060"": 98000000, ""projected_pop_2080"": 95000000, ""pop_change_pct_2050"": null, ""pop_change_pct_2080"": null, ""receptor_growth_factor_60yr"": null, ""projection_lo_2050"": null, ""projection_hi_2050"": null, ""projection_lo_2080"": null, ""projection_hi_2080"": null, ""growth_classification"": ""stable"", ""urban_expansion_pressure"": null, ""median_age_2050"": 40.2, ""old_age_dependency_2050"": 0.31, ""net_migration_rate_projected"": null, ""projection_source"": ""nso"", ""projection_variant"": ""medium"", ""spatial_level"": ""national""}}",W,1.23,380.03,medium,ERA5 atmospheric dispersion (ref 1991-2020) | prevailing_wind=W(270deg) | mean_speed=1.2m/s | mean_BLH=380m | p5_BLH=230m | stable_frac=0.894 | stability=[A=0.0% B=0.0% C=10.6% D=0.0% E=89.4% F=0.0%] | wind_rose_dominant=W | source=copernicus_era5,,,,sedimentary sands,,medium,,2026-04-20 21:28:50.635909+00:00,audit_postlogging_20260421,api,merge_phase2_20260421
TR,Şırnak Galata power station,cf9150af-0325-44d8-bbaf-493e742f2e2b,11.13,112.44,151.32,122.19,874,90419,297093,2456558,ghsl_pop_100m_r2023a,"5 km: 874 pop, 11 p/km²; 16 km: 90,419 pop, 112 p/km²; 25 km: 297,093 pop, 151 p/km²; 80 km: 2,456,558 pop, 122 p/km²; Epoch: 2020; Source: GHS-POP R2023A 100 m (Mollweide)",,,,gisco_urau_2021,No city >50k within search radius; Cities >50k within 25 km: 0; Cities >50k within 80 km: 0; Settlement hierarchy: rural; Source: Eurostat GISCO Urban Audit 2021 + urb_cpop1,2.136,325698,ghsl_pop_100m_r2023a,"{""ghsl_note"": ""CAGR 2020\u21922030 from GHS-POP R2023A multi-epoch data"", ""s17_eurostat_supplement"": {""base_population"": null, ""base_year"": 2023, ""projected_pop_2030"": 88000000, ""projected_pop_2040"": 94000000, ""projected_pop_2050"": 97500000, ""projected_pop_2060"": 98000000, ""projected_pop_2080"": 95000000, ""pop_change_pct_2050"": null, ""pop_change_pct_2080"": null, ""receptor_growth_factor_60yr"": null, ""projection_lo_2050"": null, ""projection_hi_2050"": null, ""projection_lo_2080"": null, ""projection_hi_2080"": null, ""growth_classification"": ""stable"", ""urban_expansion_pressure"": null, ""median_age_2050"": 40.2, ""old_age_dependency_2050"": 0.31, ""net_migration_rate_projected"": null, ""projection_source"": ""nso"", ""projection_variant"": ""medium"", ""spatial_level"": ""national""}}",NE,0.55,567.3,medium,ERA5 atmospheric dispersion (ref 1991-2020) | prevailing_wind=NE(45deg) | mean_speed=0.6m/s | mean_BLH=567m | p5_BLH=123m | stable_frac=0.494 | stability=[A=0.0% B=16.9% C=33.6% D=0.0% E=46.9% F=2.5%] | wind_rose_dominant=NE | source=copernicus_era5,,,,sedimentary carbonates,,medium,,2026-04-20 21:28:50.647716+00:00,audit_postlogging_20260421,api,merge_phase2_20260421
TR,Şırnak Silopi (CİNER) power station,98019711-a8c3-424a-870e-00d4fea75ed1,72.87,245.17,513.2,164.01,5723,197160,1007568,3297304,ghsl_pop_100m_r2023a,"5 km: 5,723 pop, 73 p/km²; 16 km: 197,160 pop, 245 p/km²; 25 km: 1,007,568 pop, 513 p/km²; 80 km: 3,297,304 pop, 164 p/km²; Epoch: 2020; Source: GHS-POP R2023A 100 m (Mollweide)",,,,gisco_urau_2021,No city >50k within search radius; Cities >50k within 25 km: 0; Cities >50k within 80 km: 0; Settlement hierarchy: rural; Source: Eurostat GISCO Urban Audit 2021 + urb_cpop1,4.831,1104602,ghsl_pop_100m_r2023a,"{""ghsl_note"": ""CAGR 2020\u21922030 from GHS-POP R2023A multi-epoch data"", ""s17_eurostat_supplement"": {""base_population"": null, ""base_year"": 2023, ""projected_pop_2030"": 88000000, ""projected_pop_2040"": 94000000, ""projected_pop_2050"": 97500000, ""projected_pop_2060"": 98000000, ""projected_pop_2080"": 95000000, ""pop_change_pct_2050"": null, ""pop_change_pct_2080"": null, ""receptor_growth_factor_60yr"": null, ""projection_lo_2050"": null, ""projection_hi_2050"": null, ""projection_lo_2080"": null, ""projection_hi_2080"": null, ""growth_classification"": ""stable"", ""urban_expansion_pressure"": null, ""median_age_2050"": 40.2, ""old_age_dependency_2050"": 0.31, ""net_migration_rate_projected"": null, ""projection_source"": ""nso"", ""projection_variant"": ""medium"", ""spatial_level"": ""national""}}",NNE,0.61,525.75,medium,ERA5 atmospheric dispersion (ref 1991-2020) | prevailing_wind=NNE(22deg) | mean_speed=0.6m/s | mean_BLH=526m | p5_BLH=176m | stable_frac=0.558 | stability=[A=0.0% B=7.8% C=36.4% D=0.0% E=55.8% F=0.0%] | wind_rose_dominant=NNE | source=copernicus_era5,,,,karsts and chalkstones,,medium,,2026-04-20 21:28:50.658638+00:00,audit_postlogging_20260421,api,merge_phase2_20260421
TR,Soma Kolin power station,9a6447f2-2887-4cce-a115-dc773d7f6eb1,28.97,44.79,112.84,82.91,2275,36015,221535,1666853,ghsl_pop_100m_r2023a,"5 km: 2,275 pop, 29 p/km²; 16 km: 36,015 pop, 45 p/km²; 25 km: 221,535 pop, 113 p/km²; 80 km: 1,666,853 pop, 83 p/km²; Epoch: 2020; Source: GHS-POP R2023A 100 m (Mollweide)",,,,gisco_urau_2021,No city >50k within search radius; Cities >50k within 25 km: 0; Cities >50k within 80 km: 0; Settlement hierarchy: rural; Source: Eurostat GISCO Urban Audit 2021 + urb_cpop1,1.173,242875,ghsl_pop_100m_r2023a,"{""ghsl_note"": ""CAGR 2020\u21922030 from GHS-POP R2023A multi-epoch data"", ""s17_eurostat_supplement"": {""base_population"": null, ""base_year"": 2023, ""projected_pop_2030"": 88000000, ""projected_pop_2040"": 94000000, ""projected_pop_2050"": 97500000, ""projected_pop_2060"": 98000000, ""projected_pop_2080"": 95000000, ""pop_change_pct_2050"": null, ""pop_change_pct_2080"": null, ""receptor_growth_factor_60yr"": null, ""projection_lo_2050"": null, ""projection_hi_2050"": null, ""projection_lo_2080"": null, ""projection_hi_2080"": null, ""growth_classification"": ""stable"", ""urban_expansion_pressure"": null, ""median_age_2050"": 40.2, ""old_age_dependency_2050"": 0.31, ""net_migration_rate_projected"": null, ""projection_source"": ""nso"", ""projection_variant"": ""medium"", ""spatial_level"": ""national""}}",N,1.69,549.08,medium,ERA5 atmospheric dispersion (ref 1991-2020) | prevailing_wind=N(0deg) | mean_speed=1.7m/s | mean_BLH=549m | p5_BLH=307m | stable_frac=0.419 | stability=[A=0.0% B=0.0% C=58.1% D=0.0% E=41.9% F=0.0%] | wind_rose_dominant=N | source=copernicus_era5,,,,low permeability,,medium,,2026-04-20 21:28:50.669296+00:00,audit_postlogging_20260421,api,merge_phase2_20260421
TR,Soma power station,4ca3c560-6d90-4bcf-b131-4e39b6b4f0de,1356.61,238.77,132.72,117.54,106537,192009,260578,2363107,ghsl_pop_100m_r2023a,"5 km: 106,537 pop, 1357 p/km²; 16 km: 192,009 pop, 239 p/km²; 25 km: 260,578 pop, 133 p/km²; 80 km: 2,363,107 pop, 118 p/km²; Epoch: 2020; Source: GHS-POP R2023A 100 m (Mollweide)",,,,gisco_urau_2021,No city >50k within search radius; Cities >50k within 25 km: 0; Cities >50k within 80 km: 0; Settlement hierarchy: rural; Source: Eurostat GISCO Urban Audit 2021 + urb_cpop1,1.148,285664,ghsl_pop_100m_r2023a,"{""ghsl_note"": ""CAGR 2020\u21922030 from GHS-POP R2023A multi-epoch data"", ""s17_eurostat_supplement"": {""base_population"": null, ""base_year"": 2023, ""projected_pop_2030"": 88000000, ""projected_pop_2040"": 94000000, ""projected_pop_2050"": 97500000, ""projected_pop_2060"": 98000000, ""projected_pop_2080"": 95000000, ""pop_change_pct_2050"": null, ""pop_change_pct_2080"": null, ""receptor_growth_factor_60yr"": null, ""projection_lo_2050"": null, ""projection_hi_2050"": null, ""projection_lo_2080"": null, ""projection_hi_2080"": null, ""growth_classification"": ""stable"", ""urban_expansion_pressure"": null, ""median_age_2050"": 40.2, ""old_age_dependency_2050"": 0.31, ""net_migration_rate_projected"": null, ""projection_source"": ""nso"", ""projection_variant"": ""medium"", ""spatial_level"": ""national""}}",N,1.69,549.08,medium,ERA5 atmospheric dispersion (ref 1991-2020) | prevailing_wind=N(0deg) | mean_speed=1.7m/s | mean_BLH=549m | p5_BLH=307m | stable_frac=0.419 | stability=[A=0.0% B=0.0% C=58.1% D=0.0% E=41.9% F=0.0%] | wind_rose_dominant=N | source=copernicus_era5,,,,low permeability,,medium,,2026-04-20 21:28:50.689219+00:00,audit_postlogging_20260421,api,merge_phase2_20260421
TR,Star Refinery Socar power station,021d1717-149a-4a32-af7b-5955ff593e45,397.23,134.02,94.52,229.75,31195,107774,185579,4618824,ghsl_pop_100m_r2023a,"5 km: 31,195 pop, 397 p/km²; 16 km: 107,774 pop, 134 p/km²; 25 km: 185,579 pop, 95 p/km²; 80 km: 4,618,824 pop, 230 p/km²; Epoch: 2020; Source: GHS-POP R2023A 100 m (Mollweide)",,,,gisco_urau_2021,No city >50k within search radius; Cities >50k within 25 km: 0; Cities >50k within 80 km: 0; Settlement hierarchy: rural; Source: Eurostat GISCO Urban Audit 2021 + urb_cpop1,0.414,203443,ghsl_pop_100m_r2023a,"{""ghsl_note"": ""CAGR 2020\u21922030 from GHS-POP R2023A multi-epoch data"", ""s17_eurostat_supplement"": {""base_population"": null, ""base_year"": 2023, ""projected_pop_2030"": 88000000, ""projected_pop_2040"": 94000000, ""projected_pop_2050"": 97500000, ""projected_pop_2060"": 98000000, ""projected_pop_2080"": 95000000, ""pop_change_pct_2050"": null, ""pop_change_pct_2080"": null, ""receptor_growth_factor_60yr"": null, ""projection_lo_2050"": null, ""projection_hi_2050"": null, ""projection_lo_2080"": null, ""projection_hi_2080"": null, ""growth_classification"": ""stable"", ""urban_expansion_pressure"": null, ""median_age_2050"": 40.2, ""old_age_dependency_2050"": 0.31, ""net_migration_rate_projected"": null, ""projection_source"": ""nso"", ""projection_variant"": ""medium"", ""spatial_level"": ""national""}}",N,1.91,553.79,medium,ERA5 atmospheric dispersion (ref 1991-2020) | prevailing_wind=N(0deg) | mean_speed=1.9m/s | mean_BLH=554m | p5_BLH=382m | stable_frac=0.350 | stability=[A=0.0% B=0.0% C=65.0% D=0.0% E=35.0% F=0.0%] | wind_rose_dominant=N | source=copernicus_era5,,,,low permeability,,medium,,2026-04-20 21:28:50.705395+00:00,audit_postlogging_20260421,api,merge_phase2_20260421
TR,Suluova power station,96129c93-83a6-4b1c-929b-bfccba86a796,507.7,134.87,93.91,95.43,39871,108456,184382,1918509,ghsl_pop_100m_r2023a,"5 km: 39,871 pop, 508 p/km²; 16 km: 108,456 pop, 135 p/km²; 25 km: 184,382 pop, 94 p/km²; 80 km: 1,918,509 pop, 95 p/km²; Epoch: 2020; Source: GHS-POP R2023A 100 m (Mollweide)",,,,gisco_urau_2021,No city >50k within search radius; Cities >50k within 25 km: 0; Cities >50k within 80 km: 0; Settlement hierarchy: rural; Source: Eurostat GISCO Urban Audit 2021 + urb_cpop1,0.069,202130,ghsl_pop_100m_r2023a,"{""ghsl_note"": ""CAGR 2020\u21922030 from GHS-POP R2023A multi-epoch data"", ""s17_eurostat_supplement"": {""base_population"": null, ""base_year"": 2023, ""projected_pop_2030"": 88000000, ""projected_pop_2040"": 94000000, ""projected_pop_2050"": 97500000, ""projected_pop_2060"": 98000000, ""projected_pop_2080"": 95000000, ""pop_change_pct_2050"": null, ""pop_change_pct_2080"": null, ""receptor_growth_factor_60yr"": null, ""projection_lo_2050"": null, ""projection_hi_2050"": null, ""projection_lo_2080"": null, ""projection_hi_2080"": null, ""growth_classification"": ""stable"", ""urban_expansion_pressure"": null, ""median_age_2050"": 40.2, ""old_age_dependency_2050"": 0.31, ""net_migration_rate_projected"": null, ""projection_source"": ""nso"", ""projection_variant"": ""medium"", ""spatial_level"": ""national""}}",N,0.94,475.4,medium,ERA5 atmospheric dispersion (ref 1991-2020) | prevailing_wind=N(0deg) | mean_speed=0.9m/s | mean_BLH=475m | p5_BLH=193m | stable_frac=0.489 | stability=[A=0.0% B=0.0% C=51.1% D=0.0% E=48.9% F=0.0%] | wind_rose_dominant=N | source=copernicus_era5,,,,sedimentary sands,,medium,,2026-04-20 21:28:50.718877+00:00,audit_postlogging_20260421,api,merge_phase2_20260421
TR,Tekirdağ Malkara power station,0ada7b2a-f928-4c21-b082-4c7345094245,16.78,46.74,36.95,54.66,1318,37588,72548,1098848,ghsl_pop_100m_r2023a,"5 km: 1,318 pop, 17 p/km²; 16 km: 37,588 pop, 47 p/km²; 25 km: 72,548 pop, 37 p/km²; 80 km: 1,098,848 pop, 55 p/km²; Epoch: 2020; Source: GHS-POP R2023A 100 m (Mollweide)",,,,gisco_urau_2021,No city >50k within search radius; Cities >50k within 25 km: 0; Cities >50k within 80 km: 0; Settlement hierarchy: rural; Source: Eurostat GISCO Urban Audit 2021 + urb_cpop1,1.867,79530,ghsl_pop_100m_r2023a,"{""ghsl_note"": ""CAGR 2020\u21922030 from GHS-POP R2023A multi-epoch data"", ""s17_eurostat_supplement"": {""base_population"": null, ""base_year"": 2023, ""projected_pop_2030"": 88000000, ""projected_pop_2040"": 94000000, ""projected_pop_2050"": 97500000, ""projected_pop_2060"": 98000000, ""projected_pop_2080"": 95000000, ""pop_change_pct_2050"": null, ""pop_change_pct_2080"": null, ""receptor_growth_factor_60yr"": null, ""projection_lo_2050"": null, ""projection_hi_2050"": null, ""projection_lo_2080"": null, ""projection_hi_2080"": null, ""growth_classification"": ""stable"", ""urban_expansion_pressure"": null, ""median_age_2050"": 40.2, ""old_age_dependency_2050"": 0.31, ""net_migration_rate_projected"": null, ""projection_source"": ""nso"", ""projection_variant"": ""medium"", ""spatial_level"": ""national""}}",NE,1.7,593.23,medium,ERA5 atmospheric dispersion (ref 1991-2020) | prevailing_wind=NE(45deg) | mean_speed=1.7m/s | mean_BLH=593m | p5_BLH=421m | stable_frac=0.233 | stability=[A=0.0% B=0.0% C=76.7% D=0.0% E=23.3% F=0.0%] | wind_rose_dominant=NE | source=copernicus_era5,,,,low permeability,,medium,,2026-04-20 21:28:50.730056+00:00,audit_postlogging_20260421,api,merge_phase2_20260421
TR,Teyo Tufanbeyli power station,43f99d45-6635-4392-a522-4a06445fdaf2,123.78,22.6,14.5,31.95,9721,18175,28458,642297,ghsl_pop_100m_r2023a,"5 km: 9,721 pop, 124 p/km²; 16 km: 18,175 pop, 23 p/km²; 25 km: 28,458 pop, 14 p/km²; 80 km: 642,297 pop, 32 p/km²; Epoch: 2020; Source: GHS-POP R2023A 100 m (Mollweide)",,,,gisco_urau_2021,No city >50k within search radius; Cities >50k within 25 km: 0; Cities >50k within 80 km: 0; Settlement hierarchy: rural; Source: Eurostat GISCO Urban Audit 2021 + urb_cpop1,0.03,31210,ghsl_pop_100m_r2023a,"{""ghsl_note"": ""CAGR 2020\u21922030 from GHS-POP R2023A multi-epoch data"", ""s17_eurostat_supplement"": {""base_population"": null, ""base_year"": 2023, ""projected_pop_2030"": 88000000, ""projected_pop_2040"": 94000000, ""projected_pop_2050"": 97500000, ""projected_pop_2060"": 98000000, ""projected_pop_2080"": 95000000, ""pop_change_pct_2050"": null, ""pop_change_pct_2080"": null, ""receptor_growth_factor_60yr"": null, ""projection_lo_2050"": null, ""projection_hi_2050"": null, ""projection_lo_2080"": null, ""projection_hi_2080"": null, ""growth_classification"": ""stable"", ""urban_expansion_pressure"": null, ""median_age_2050"": 40.2, ""old_age_dependency_2050"": 0.31, ""net_migration_rate_projected"": null, ""projection_source"": ""nso"", ""projection_variant"": ""medium"", ""spatial_level"": ""national""}}",NNW,0.92,529.36,medium,ERA5 atmospheric dispersion (ref 1991-2020) | prevailing_wind=NNW(338deg) | mean_speed=0.9m/s | mean_BLH=529m | p5_BLH=145m | stable_frac=0.461 | stability=[A=0.0% B=3.3% C=50.6% D=0.0% E=45.0% F=1.1%] | wind_rose_dominant=NNW | source=copernicus_era5,,,,low permeability,,medium,,2026-04-20 21:28:50.740967+00:00,audit_postlogging_20260421,api,merge_phase2_20260421
TR,Tosyalı İskenderun power station,44362378-9c74-44af-8a08-be4877f50e97,923.87,596.16,330.1,189.16,72553,479411,648084,3802925,ghsl_pop_100m_r2023a,"5 km: 72,553 pop, 924 p/km²; 16 km: 479,411 pop, 596 p/km²; 25 km: 648,084 pop, 330 p/km²; 80 km: 3,802,925 pop, 189 p/km²; Epoch: 2020; Source: GHS-POP R2023A 100 m (Mollweide)",,,,gisco_urau_2021,No city >50k within search radius; Cities >50k within 25 km: 0; Cities >50k within 80 km: 0; Settlement hierarchy: rural; Source: Eurostat GISCO Urban Audit 2021 + urb_cpop1,1.871,710501,ghsl_pop_100m_r2023a,"{""ghsl_note"": ""CAGR 2020\u21922030 from GHS-POP R2023A multi-epoch data"", ""s17_eurostat_supplement"": {""base_population"": null, ""base_year"": 2023, ""projected_pop_2030"": 88000000, ""projected_pop_2040"": 94000000, ""projected_pop_2050"": 97500000, ""projected_pop_2060"": 98000000, ""projected_pop_2080"": 95000000, ""pop_change_pct_2050"": null, ""pop_change_pct_2080"": null, ""receptor_growth_factor_60yr"": null, ""projection_lo_2050"": null, ""projection_hi_2050"": null, ""projection_lo_2080"": null, ""projection_hi_2080"": null, ""growth_classification"": ""stable"", ""urban_expansion_pressure"": null, ""median_age_2050"": 40.2, ""old_age_dependency_2050"": 0.31, ""net_migration_rate_projected"": null, ""projection_source"": ""nso"", ""projection_variant"": ""medium"", ""spatial_level"": ""national""}}",W,1.16,396.11,medium,ERA5 atmospheric dispersion (ref 1991-2020) | prevailing_wind=W(270deg) | mean_speed=1.2m/s | mean_BLH=396m | p5_BLH=263m | stable_frac=0.867 | stability=[A=0.0% B=0.0% C=13.3% D=0.0% E=86.7% F=0.0%] | wind_rose_dominant=W | source=copernicus_era5,,,,hard rocks,,medium,,2026-04-20 21:28:50.753632+00:00,audit_postlogging_20260421,api,merge_phase2_20260421
TR,Trakya Emba power station,9eb693f6-6994-4937-bc4d-e8213baa5d47,5.86,6.04,4.08,41.03,460,4858,8019,824860,ghsl_pop_100m_r2023a,"5 km: 460 pop, 6 p/km²; 16 km: 4,858 pop, 6 p/km²; 25 km: 8,019 pop, 4 p/km²; 80 km: 824,860 pop, 41 p/km²; Epoch: 2020; Source: GHS-POP R2023A 100 m (Mollweide)",82.55,Burgas,198035.0,gisco_urau_2021,"Nearest city >50k: Burgas (198,035 pop) at 82.6 km; Cities >50k within 25 km: 0; Cities >50k within 80 km: 0; Settlement hierarchy: rural; Source: Eurostat GISCO Urban Audit 2021 + urb_cpop1",0.255,8782,ghsl_pop_100m_r2023a,"{""ghsl_note"": ""CAGR 2020\u21922030 from GHS-POP R2023A multi-epoch data"", ""s17_eurostat_supplement"": {""base_population"": null, ""base_year"": 2023, ""projected_pop_2030"": 88000000, ""projected_pop_2040"": 94000000, ""projected_pop_2050"": 97500000, ""projected_pop_2060"": 98000000, ""projected_pop_2080"": 95000000, ""pop_change_pct_2050"": null, ""pop_change_pct_2080"": null, ""receptor_growth_factor_60yr"": null, ""projection_lo_2050"": null, ""projection_hi_2050"": null, ""projection_lo_2080"": null, ""projection_hi_2080"": null, ""growth_classification"": ""stable"", ""urban_expansion_pressure"": null, ""median_age_2050"": 40.2, ""old_age_dependency_2050"": 0.31, ""net_migration_rate_projected"": null, ""projection_source"": ""nso"", ""projection_variant"": ""medium"", ""spatial_level"": ""national""}}",NNE,2.01,508.45,medium,ERA5 atmospheric dispersion (ref 1991-2020) | prevailing_wind=NNE(22deg) | mean_speed=2.0m/s | mean_BLH=508m | p5_BLH=295m | stable_frac=0.475 | stability=[A=0.0% B=0.0% C=52.5% D=0.0% E=47.5% F=0.0%] | wind_rose_dominant=NNE | source=copernicus_era5,,,,low permeability,,medium,,2026-04-20 21:28:50.765463+00:00,audit_postlogging_20260421,api,merge_phase2_20260421
TR,Tufanbeyli power station,6c9571c4-5d3b-4f88-a7be-fa8c21425eeb,22.28,22.57,15.19,25.37,1750,18152,29824,510078,ghsl_pop_100m_r2023a,"5 km: 1,750 pop, 22 p/km²; 16 km: 18,152 pop, 23 p/km²; 25 km: 29,824 pop, 15 p/km²; 80 km: 510,078 pop, 25 p/km²; Epoch: 2020; Source: GHS-POP R2023A 100 m (Mollweide)",,,,gisco_urau_2021,No city >50k within search radius; Cities >50k within 25 km: 0; Cities >50k within 80 km: 0; Settlement hierarchy: rural; Source: Eurostat GISCO Urban Audit 2021 + urb_cpop1,0.074,32695,ghsl_pop_100m_r2023a,"{""ghsl_note"": ""CAGR 2020\u21922030 from GHS-POP R2023A multi-epoch data"", ""s17_eurostat_supplement"": {""base_population"": null, ""base_year"": 2023, ""projected_pop_2030"": 88000000, ""projected_pop_2040"": 94000000, ""projected_pop_2050"": 97500000, ""projected_pop_2060"": 98000000, ""projected_pop_2080"": 95000000, ""pop_change_pct_2050"": null, ""pop_change_pct_2080"": null, ""receptor_growth_factor_60yr"": null, ""projection_lo_2050"": null, ""projection_hi_2050"": null, ""projection_lo_2080"": null, ""projection_hi_2080"": null, ""growth_classification"": ""stable"", ""urban_expansion_pressure"": null, ""median_age_2050"": 40.2, ""old_age_dependency_2050"": 0.31, ""net_migration_rate_projected"": null, ""projection_source"": ""nso"", ""projection_variant"": ""medium"", ""spatial_level"": ""national""}}",NNW,0.92,529.36,medium,ERA5 atmospheric dispersion (ref 1991-2020) | prevailing_wind=NNW(338deg) | mean_speed=0.9m/s | mean_BLH=529m | p5_BLH=145m | stable_frac=0.461 | stability=[A=0.0% B=3.3% C=50.6% D=0.0% E=45.0% F=1.1%] | wind_rose_dominant=NNW | source=copernicus_era5,,,,low permeability,,medium,,2026-04-20 21:28:50.777709+00:00,audit_postlogging_20260421,api,merge_phase2_20260421
TR,Tunçbilek power station,2ec95392-978d-4a43-85b9-af3282c212ba,64.04,121.33,61.18,169.6,5029,97569,120112,3409621,ghsl_pop_100m_r2023a,"5 km: 5,029 pop, 64 p/km²; 16 km: 97,569 pop, 121 p/km²; 25 km: 120,112 pop, 61 p/km²; 80 km: 3,409,621 pop, 170 p/km²; Epoch: 2020; Source: GHS-POP R2023A 100 m (Mollweide)",,,,gisco_urau_2021,No city >50k within search radius; Cities >50k within 25 km: 0; Cities >50k within 80 km: 0; Settlement hierarchy: rural; Source: Eurostat GISCO Urban Audit 2021 + urb_cpop1,-0.393,131683,ghsl_pop_100m_r2023a,"{""ghsl_note"": ""CAGR 2020\u21922030 from GHS-POP R2023A multi-epoch data"", ""s17_eurostat_supplement"": {""base_population"": null, ""base_year"": 2023, ""projected_pop_2030"": 88000000, ""projected_pop_2040"": 94000000, ""projected_pop_2050"": 97500000, ""projected_pop_2060"": 98000000, ""projected_pop_2080"": 95000000, ""pop_change_pct_2050"": null, ""pop_change_pct_2080"": null, ""receptor_growth_factor_60yr"": null, ""projection_lo_2050"": null, ""projection_hi_2050"": null, ""projection_lo_2080"": null, ""projection_hi_2080"": null, ""growth_classification"": ""stable"", ""urban_expansion_pressure"": null, ""median_age_2050"": 40.2, ""old_age_dependency_2050"": 0.31, ""net_migration_rate_projected"": null, ""projection_source"": ""nso"", ""projection_variant"": ""medium"", ""spatial_level"": ""national""}}",NNE,0.92,584.11,medium,ERA5 atmospheric dispersion (ref 1991-2020) | prevailing_wind=NNE(22deg) | mean_speed=0.9m/s | mean_BLH=584m | p5_BLH=288m | stable_frac=0.383 | stability=[A=0.0% B=1.4% C=60.3% D=0.0% E=38.3% F=0.0%] | wind_rose_dominant=NNE | source=copernicus_era5,,,,sedimentary carbonates,,medium,,2026-04-20 21:28:50.789176+00:00,audit_postlogging_20260421,api,merge_phase2_20260421
TR,Uluköy power station,ddc8bb9c-bf77-4075-b38c-600fb072acf8,3.54,10.56,27.26,62.95,278,8495,53510,1265469,ghsl_pop_100m_r2023a,"5 km: 278 pop, 4 p/km²; 16 km: 8,495 pop, 11 p/km²; 25 km: 53,510 pop, 27 p/km²; 80 km: 1,265,469 pop, 63 p/km²; Epoch: 2020; Source: GHS-POP R2023A 100 m (Mollweide)",,,,gisco_urau_2021,No city >50k within search radius; Cities >50k within 25 km: 0; Cities >50k within 80 km: 0; Settlement hierarchy: rural; Source: Eurostat GISCO Urban Audit 2021 + urb_cpop1,-0.735,58674,ghsl_pop_100m_r2023a,"{""ghsl_note"": ""CAGR 2020\u21922030 from GHS-POP R2023A multi-epoch data"", ""s17_eurostat_supplement"": {""base_population"": null, ""base_year"": 2023, ""projected_pop_2030"": 88000000, ""projected_pop_2040"": 94000000, ""projected_pop_2050"": 97500000, ""projected_pop_2060"": 98000000, ""projected_pop_2080"": 95000000, ""pop_change_pct_2050"": null, ""pop_change_pct_2080"": null, ""receptor_growth_factor_60yr"": null, ""projection_lo_2050"": null, ""projection_hi_2050"": null, ""projection_lo_2080"": null, ""projection_hi_2080"": null, ""growth_classification"": ""stable"", ""urban_expansion_pressure"": null, ""median_age_2050"": 40.2, ""old_age_dependency_2050"": 0.31, ""net_migration_rate_projected"": null, ""projection_source"": ""nso"", ""projection_variant"": ""medium"", ""spatial_level"": ""national""}}",NNE,0.85,602.82,medium,ERA5 atmospheric dispersion (ref 1991-2020) | prevailing_wind=NNE(22deg) | mean_speed=0.8m/s | mean_BLH=603m | p5_BLH=274m | stable_frac=0.392 | stability=[A=0.0% B=7.2% C=53.6% D=0.0% E=39.2% F=0.0%] | wind_rose_dominant=NNE | source=copernicus_era5,,,,sedimentary carbonates,,medium,,2026-04-20 21:28:50.800295+00:00,audit_postlogging_20260421,api,merge_phase2_20260421
TR,Umut power station,d3f986d9-a023-4d43-a0fb-03361f310873,68.41,161.16,102.97,91.19,5372,129599,202164,1833338,ghsl_pop_100m_r2023a,"5 km: 5,372 pop, 68 p/km²; 16 km: 129,599 pop, 161 p/km²; 25 km: 202,164 pop, 103 p/km²; 80 km: 1,833,338 pop, 91 p/km²; Epoch: 2020; Source: GHS-POP R2023A 100 m (Mollweide)",,,,gisco_urau_2021,No city >50k within search radius; Cities >50k within 25 km: 0; Cities >50k within 80 km: 0; Settlement hierarchy: rural; Source: Eurostat GISCO Urban Audit 2021 + urb_cpop1,-0.6,221631,ghsl_pop_100m_r2023a,"{""ghsl_note"": ""CAGR 2020\u21922030 from GHS-POP R2023A multi-epoch data"", ""s17_eurostat_supplement"": {""base_population"": null, ""base_year"": 2023, ""projected_pop_2030"": 88000000, ""projected_pop_2040"": 94000000, ""projected_pop_2050"": 97500000, ""projected_pop_2060"": 98000000, ""projected_pop_2080"": 95000000, ""pop_change_pct_2050"": null, ""pop_change_pct_2080"": null, ""receptor_growth_factor_60yr"": null, ""projection_lo_2050"": null, ""projection_hi_2050"": null, ""projection_lo_2080"": null, ""projection_hi_2080"": null, ""growth_classification"": ""stable"", ""urban_expansion_pressure"": null, ""median_age_2050"": 40.2, ""old_age_dependency_2050"": 0.31, ""net_migration_rate_projected"": null, ""projection_source"": ""nso"", ""projection_variant"": ""medium"", ""spatial_level"": ""national""}}",WNW,1.13,388.44,medium,ERA5 atmospheric dispersion (ref 1991-2020) | prevailing_wind=WNW(292deg) | mean_speed=1.1m/s | mean_BLH=388m | p5_BLH=200m | stable_frac=0.836 | stability=[A=0.0% B=0.0% C=16.4% D=0.0% E=83.6% F=0.0%] | wind_rose_dominant=WNW | source=copernicus_era5,,,,sedimentary sands,,medium,,2026-04-20 21:28:50.811162+00:00,audit_postlogging_20260421,api,merge_phase2_20260421
TR,Vize power station,381221dd-76da-4adf-9b19-5da9f0779c22,190.58,44.96,62.45,80.8,14967,36154,122607,1624353,ghsl_pop_100m_r2023a,"5 km: 14,967 pop, 191 p/km²; 16 km: 36,154 pop, 45 p/km²; 25 km: 122,607 pop, 62 p/km²; 80 km: 1,624,353 pop, 81 p/km²; Epoch: 2020; Source: GHS-POP R2023A 100 m (Mollweide)",,,,gisco_urau_2021,No city >50k within search radius; Cities >50k within 25 km: 0; Cities >50k within 80 km: 0; Settlement hierarchy: rural; Source: Eurostat GISCO Urban Audit 2021 + urb_cpop1,1.986,134416,ghsl_pop_100m_r2023a,"{""ghsl_note"": ""CAGR 2020\u21922030 from GHS-POP R2023A multi-epoch data"", ""s17_eurostat_supplement"": {""base_population"": null, ""base_year"": 2023, ""projected_pop_2030"": 88000000, ""projected_pop_2040"": 94000000, ""projected_pop_2050"": 97500000, ""projected_pop_2060"": 98000000, ""projected_pop_2080"": 95000000, ""pop_change_pct_2050"": null, ""pop_change_pct_2080"": null, ""receptor_growth_factor_60yr"": null, ""projection_lo_2050"": null, ""projection_hi_2050"": null, ""projection_lo_2080"": null, ""projection_hi_2080"": null, ""growth_classification"": ""stable"", ""urban_expansion_pressure"": null, ""median_age_2050"": 40.2, ""old_age_dependency_2050"": 0.31, ""net_migration_rate_projected"": null, ""projection_source"": ""nso"", ""projection_variant"": ""medium"", ""spatial_level"": ""national""}}",NNE,1.81,552.38,medium,ERA5 atmospheric dispersion (ref 1991-2020) | prevailing_wind=NNE(22deg) | mean_speed=1.8m/s | mean_BLH=552m | p5_BLH=395m | stable_frac=0.314 | stability=[A=0.0% B=0.0% C=68.6% D=0.0% E=31.4% F=0.0%] | wind_rose_dominant=NNE | source=copernicus_era5,,,,low permeability,,medium,,2026-04-20 21:28:50.822025+00:00,audit_postlogging_20260421,api,merge_phase2_20260421
TR,Yatağan power station,fd4f7f8c-0d23-450d-9ea0-1b8e52e9a8af,441.86,77.1,44.03,86.66,34700,62002,86451,1742214,ghsl_pop_100m_r2023a,"5 km: 34,700 pop, 442 p/km²; 16 km: 62,002 pop, 77 p/km²; 25 km: 86,451 pop, 44 p/km²; 80 km: 1,742,214 pop, 87 p/km²; Epoch: 2020; Source: GHS-POP R2023A 100 m (Mollweide)",,,,gisco_urau_2021,No city >50k within search radius; Cities >50k within 25 km: 0; Cities >50k within 80 km: 0; Settlement hierarchy: rural; Source: Eurostat GISCO Urban Audit 2021 + urb_cpop1,1.661,94769,ghsl_pop_100m_r2023a,"{""ghsl_note"": ""CAGR 2020\u21922030 from GHS-POP R2023A multi-epoch data"", ""s17_eurostat_supplement"": {""base_population"": null, ""base_year"": 2023, ""projected_pop_2030"": 88000000, ""projected_pop_2040"": 94000000, ""projected_pop_2050"": 97500000, ""projected_pop_2060"": 98000000, ""projected_pop_2080"": 95000000, ""pop_change_pct_2050"": null, ""pop_change_pct_2080"": null, ""receptor_growth_factor_60yr"": null, ""projection_lo_2050"": null, ""projection_hi_2050"": null, ""projection_lo_2080"": null, ""projection_hi_2080"": null, ""growth_classification"": ""stable"", ""urban_expansion_pressure"": null, ""median_age_2050"": 40.2, ""old_age_dependency_2050"": 0.31, ""net_migration_rate_projected"": null, ""projection_source"": ""nso"", ""projection_variant"": ""medium"", ""spatial_level"": ""national""}}",NW,0.86,538.36,medium,ERA5 atmospheric dispersion (ref 1991-2020) | prevailing_wind=NW(315deg) | mean_speed=0.9m/s | mean_BLH=538m | p5_BLH=302m | stable_frac=0.497 | stability=[A=0.0% B=0.0% C=50.3% D=0.0% E=49.7% F=0.0%] | wind_rose_dominant=NW | source=copernicus_era5,,,,alluvial,,medium,,2026-04-20 21:28:50.833122+00:00,audit_postlogging_20260421,api,merge_phase2_20260421
TR,Yenidere power station,52028d4f-7796-4463-832e-cff2e439c96a,5.17,32.94,21.46,91.34,406,26486,42137,1836292,ghsl_pop_100m_r2023a,"5 km: 406 pop, 5 p/km²; 16 km: 26,486 pop, 33 p/km²; 25 km: 42,137 pop, 21 p/km²; 80 km: 1,836,292 pop, 91 p/km²; Epoch: 2020; Source: GHS-POP R2023A 100 m (Mollweide)",,,,gisco_urau_2021,No city >50k within search radius; Cities >50k within 25 km: 0; Cities >50k within 80 km: 0; Settlement hierarchy: rural; Source: Eurostat GISCO Urban Audit 2021 + urb_cpop1,1.25,46190,ghsl_pop_100m_r2023a,"{""ghsl_note"": ""CAGR 2020\u21922030 from GHS-POP R2023A multi-epoch data"", ""s17_eurostat_supplement"": {""base_population"": null, ""base_year"": 2023, ""projected_pop_2030"": 88000000, ""projected_pop_2040"": 94000000, ""projected_pop_2050"": 97500000, ""projected_pop_2060"": 98000000, ""projected_pop_2080"": 95000000, ""pop_change_pct_2050"": null, ""pop_change_pct_2080"": null, ""receptor_growth_factor_60yr"": null, ""projection_lo_2050"": null, ""projection_hi_2050"": null, ""projection_lo_2080"": null, ""projection_hi_2080"": null, ""growth_classification"": ""stable"", ""urban_expansion_pressure"": null, ""median_age_2050"": 40.2, ""old_age_dependency_2050"": 0.31, ""net_migration_rate_projected"": null, ""projection_source"": ""nso"", ""projection_variant"": ""medium"", ""spatial_level"": ""national""}}",NNW,0.75,610.48,medium,ERA5 atmospheric dispersion (ref 1991-2020) | prevailing_wind=NNW(338deg) | mean_speed=0.8m/s | mean_BLH=610m | p5_BLH=278m | stable_frac=0.392 | stability=[A=0.0% B=7.2% C=53.6% D=0.0% E=39.2% F=0.0%] | wind_rose_dominant=NNW | source=copernicus_era5,,,,low permeability,,medium,,2026-04-20 21:28:50.844424+00:00,audit_postlogging_20260421,api,merge_phase2_20260421
TR,Yeniköy power station,737b6d06-1d0c-4ae6-9683-ab3fea192b32,42.47,17.19,52.29,68.66,3335,13824,102653,1380239,ghsl_pop_100m_r2023a,"5 km: 3,335 pop, 42 p/km²; 16 km: 13,824 pop, 17 p/km²; 25 km: 102,653 pop, 52 p/km²; 80 km: 1,380,239 pop, 69 p/km²; Epoch: 2020; Source: GHS-POP R2023A 100 m (Mollweide)",,,,gisco_urau_2021,No city >50k within search radius; Cities >50k within 25 km: 0; Cities >50k within 80 km: 0; Settlement hierarchy: rural; Source: Eurostat GISCO Urban Audit 2021 + urb_cpop1,1.59,112548,ghsl_pop_100m_r2023a,"{""ghsl_note"": ""CAGR 2020\u21922030 from GHS-POP R2023A multi-epoch data"", ""s17_eurostat_supplement"": {""base_population"": null, ""base_year"": 2023, ""projected_pop_2030"": 88000000, ""projected_pop_2040"": 94000000, ""projected_pop_2050"": 97500000, ""projected_pop_2060"": 98000000, ""projected_pop_2080"": 95000000, ""pop_change_pct_2050"": null, ""pop_change_pct_2080"": null, ""receptor_growth_factor_60yr"": null, ""projection_lo_2050"": null, ""projection_hi_2050"": null, ""projection_lo_2080"": null, ""projection_hi_2080"": null, ""growth_classification"": ""stable"", ""urban_expansion_pressure"": null, ""median_age_2050"": 40.2, ""old_age_dependency_2050"": 0.31, ""net_migration_rate_projected"": null, ""projection_source"": ""nso"", ""projection_variant"": ""medium"", ""spatial_level"": ""national""}}",NW,1.08,462.89,medium,ERA5 atmospheric dispersion (ref 1991-2020) | prevailing_wind=NW(315deg) | mean_speed=1.1m/s | mean_BLH=463m | p5_BLH=316m | stable_frac=0.658 | stability=[A=0.0% B=0.0% C=34.2% D=0.0% E=65.8% F=0.0%] | wind_rose_dominant=NW | source=copernicus_era5,,,,sedimentary carbonates,,medium,,2026-04-20 21:28:50.854959+00:00,audit_postlogging_20260421,api,merge_phase2_20260421
TR,Yeniyurt power station,e8b6e342-2011-4343-b415-a8bf08501499,95.08,203.62,287.53,184.1,7467,163745,564507,3701034,ghsl_pop_100m_r2023a,"5 km: 7,467 pop, 95 p/km²; 16 km: 163,745 pop, 204 p/km²; 25 km: 564,507 pop, 288 p/km²; 80 km: 3,701,034 pop, 184 p/km²; Epoch: 2020; Source: GHS-POP R2023A 100 m (Mollweide)",,,,gisco_urau_2021,No city >50k within search radius; Cities >50k within 25 km: 0; Cities >50k within 80 km: 0; Settlement hierarchy: rural; Source: Eurostat GISCO Urban Audit 2021 + urb_cpop1,1.629,618874,ghsl_pop_100m_r2023a,"{""ghsl_note"": ""CAGR 2020\u21922030 from GHS-POP R2023A multi-epoch data"", ""s17_eurostat_supplement"": {""base_population"": null, ""base_year"": 2023, ""projected_pop_2030"": 88000000, ""projected_pop_2040"": 94000000, ""projected_pop_2050"": 97500000, ""projected_pop_2060"": 98000000, ""projected_pop_2080"": 95000000, ""pop_change_pct_2050"": null, ""pop_change_pct_2080"": null, ""receptor_growth_factor_60yr"": null, ""projection_lo_2050"": null, ""projection_hi_2050"": null, ""projection_lo_2080"": null, ""projection_hi_2080"": null, ""growth_classification"": ""stable"", ""urban_expansion_pressure"": null, ""median_age_2050"": 40.2, ""old_age_dependency_2050"": 0.31, ""net_migration_rate_projected"": null, ""projection_source"": ""nso"", ""projection_variant"": ""medium"", ""spatial_level"": ""national""}}",WSW,0.92,410.53,medium,ERA5 atmospheric dispersion (ref 1991-2020) | prevailing_wind=WSW(248deg) | mean_speed=0.9m/s | mean_BLH=411m | p5_BLH=211m | stable_frac=0.717 | stability=[A=0.0% B=0.0% C=28.3% D=0.0% E=71.7% F=0.0%] | wind_rose_dominant=WSW | source=copernicus_era5,,,,alluvial,,medium,,2026-04-20 21:28:50.866925+00:00,audit_postlogging_20260421,api,merge_phase2_20260421
TR,Yeşilovacık power station,d6cb5642-d5ec-4a15-bc6b-8be4cb0a382e,27.94,7.91,7.95,18.64,2194,6364,15602,374697,ghsl_pop_100m_r2023a,"5 km: 2,194 pop, 28 p/km²; 16 km: 6,364 pop, 8 p/km²; 25 km: 15,602 pop, 8 p/km²; 80 km: 374,697 pop, 19 p/km²; Epoch: 2020; Source: GHS-POP R2023A 100 m (Mollweide)",,,,gisco_urau_2021,No city >50k within search radius; Cities >50k within 25 km: 0; Cities >50k within 80 km: 0; Settlement hierarchy: rural; Source: Eurostat GISCO Urban Audit 2021 + urb_cpop1,-0.87,17111,ghsl_pop_100m_r2023a,"{""ghsl_note"": ""CAGR 2020\u21922030 from GHS-POP R2023A multi-epoch data"", ""s17_eurostat_supplement"": {""base_population"": null, ""base_year"": 2023, ""projected_pop_2030"": 88000000, ""projected_pop_2040"": 94000000, ""projected_pop_2050"": 97500000, ""projected_pop_2060"": 98000000, ""projected_pop_2080"": 95000000, ""pop_change_pct_2050"": null, ""pop_change_pct_2080"": null, ""receptor_growth_factor_60yr"": null, ""projection_lo_2050"": null, ""projection_hi_2050"": null, ""projection_lo_2080"": null, ""projection_hi_2080"": null, ""growth_classification"": ""stable"", ""urban_expansion_pressure"": null, ""median_age_2050"": 40.2, ""old_age_dependency_2050"": 0.31, ""net_migration_rate_projected"": null, ""projection_source"": ""nso"", ""projection_variant"": ""medium"", ""spatial_level"": ""national""}}",SW,1.58,441.57,medium,ERA5 atmospheric dispersion (ref 1991-2020) | prevailing_wind=SW(225deg) | mean_speed=1.6m/s | mean_BLH=442m | p5_BLH=339m | stable_frac=0.806 | stability=[A=0.0% B=0.0% C=19.4% D=0.0% E=80.6% F=0.0%] | wind_rose_dominant=SW | source=copernicus_era5,,,,sedimentary carbonates,,medium,,2026-04-20 21:28:50.877859+00:00,audit_postlogging_20260421,api,merge_phase2_20260421
TR,Yıldırım Elazığ power station,225656d9-8709-4c2f-9992-1e4f20a6fce8,48.39,62.74,34.93,72.38,3800,50457,68569,1455127,ghsl_pop_100m_r2023a,"5 km: 3,800 pop, 48 p/km²; 16 km: 50,457 pop, 63 p/km²; 25 km: 68,569 pop, 35 p/km²; 80 km: 1,455,127 pop, 72 p/km²; Epoch: 2020; Source: GHS-POP R2023A 100 m (Mollweide)",,,,gisco_urau_2021,No city >50k within search radius; Cities >50k within 25 km: 0; Cities >50k within 80 km: 0; Settlement hierarchy: rural; Source: Eurostat GISCO Urban Audit 2021 + urb_cpop1,-0.042,75183,ghsl_pop_100m_r2023a,"{""ghsl_note"": ""CAGR 2020\u21922030 from GHS-POP R2023A multi-epoch data"", ""s17_eurostat_supplement"": {""base_population"": null, ""base_year"": 2023, ""projected_pop_2030"": 88000000, ""projected_pop_2040"": 94000000, ""projected_pop_2050"": 97500000, ""projected_pop_2060"": 98000000, ""projected_pop_2080"": 95000000, ""pop_change_pct_2050"": null, ""pop_change_pct_2080"": null, ""receptor_growth_factor_60yr"": null, ""projection_lo_2050"": null, ""projection_hi_2050"": null, ""projection_lo_2080"": null, ""projection_hi_2080"": null, ""growth_classification"": ""stable"", ""urban_expansion_pressure"": null, ""median_age_2050"": 40.2, ""old_age_dependency_2050"": 0.31, ""net_migration_rate_projected"": null, ""projection_source"": ""nso"", ""projection_variant"": ""medium"", ""spatial_level"": ""national""}}",NE,0.77,597.03,medium,ERA5 atmospheric dispersion (ref 1991-2020) | prevailing_wind=NE(45deg) | mean_speed=0.8m/s | mean_BLH=597m | p5_BLH=140m | stable_frac=0.467 | stability=[A=0.0% B=21.7% C=31.7% D=0.0% E=45.0% F=1.7%] | wind_rose_dominant=NE | source=copernicus_era5,,,,alluvial,,medium,,2026-04-20 21:28:50.889758+00:00,audit_postlogging_20260421,api,merge_phase2_20260421
TR,Yüksek Gölovası power station,57c0c830-725f-46ee-9322-0a4a3ad9efda,21.67,141.24,67.6,123.99,1702,113581,132710,2492624,ghsl_pop_100m_r2023a,"5 km: 1,702 pop, 22 p/km²; 16 km: 113,581 pop, 141 p/km²; 25 km: 132,710 pop, 68 p/km²; 80 km: 2,492,624 pop, 124 p/km²; Epoch: 2020; Source: GHS-POP R2023A 100 m (Mollweide)",,,,gisco_urau_2021,No city >50k within search radius; Cities >50k within 25 km: 0; Cities >50k within 80 km: 0; Settlement hierarchy: rural; Source: Eurostat GISCO Urban Audit 2021 + urb_cpop1,-2.914,145501,ghsl_pop_100m_r2023a,"{""ghsl_note"": ""CAGR 2020\u21922030 from GHS-POP R2023A multi-epoch data"", ""s17_eurostat_supplement"": {""base_population"": null, ""base_year"": 2023, ""projected_pop_2030"": 88000000, ""projected_pop_2040"": 94000000, ""projected_pop_2050"": 97500000, ""projected_pop_2060"": 98000000, ""projected_pop_2080"": 95000000, ""pop_change_pct_2050"": null, ""pop_change_pct_2080"": null, ""receptor_growth_factor_60yr"": null, ""projection_lo_2050"": null, ""projection_hi_2050"": null, ""projection_lo_2080"": null, ""projection_hi_2080"": null, ""growth_classification"": ""stable"", ""urban_expansion_pressure"": null, ""median_age_2050"": 40.2, ""old_age_dependency_2050"": 0.31, ""net_migration_rate_projected"": null, ""projection_source"": ""nso"", ""projection_variant"": ""medium"", ""spatial_level"": ""national""}}",N,1.02,414.79,medium,ERA5 atmospheric dispersion (ref 1991-2020) | prevailing_wind=N(0deg) | mean_speed=1.0m/s | mean_BLH=415m | p5_BLH=185m | stable_frac=0.689 | stability=[A=0.0% B=0.0% C=31.1% D=0.0% E=68.9% F=0.0%] | wind_rose_dominant=N | source=copernicus_era5,,,,alluvial,,medium,,2026-04-20 21:28:50.903030+00:00,audit_postlogging_20260421,api,merge_phase2_20260421
TR,Yumurtalık IC İçtaş power station,91f28dbb-16bd-449b-a20a-dc2b70cf2e66,1645.99,348.18,178.34,203.68,129263,279993,350126,4094697,ghsl_pop_100m_r2023a,"5 km: 129,263 pop, 1646 p/km²; 16 km: 279,993 pop, 348 p/km²; 25 km: 350,126 pop, 178 p/km²; 80 km: 4,094,697 pop, 204 p/km²; Epoch: 2020; Source: GHS-POP R2023A 100 m (Mollweide)",,,,gisco_urau_2021,No city >50k within search radius; Cities >50k within 25 km: 0; Cities >50k within 80 km: 0; Settlement hierarchy: rural; Source: Eurostat GISCO Urban Audit 2021 + urb_cpop1,-0.086,383856,ghsl_pop_100m_r2023a,"{""ghsl_note"": ""CAGR 2020\u21922030 from GHS-POP R2023A multi-epoch data"", ""s17_eurostat_supplement"": {""base_population"": null, ""base_year"": 2023, ""projected_pop_2030"": 88000000, ""projected_pop_2040"": 94000000, ""projected_pop_2050"": 97500000, ""projected_pop_2060"": 98000000, ""projected_pop_2080"": 95000000, ""pop_change_pct_2050"": null, ""pop_change_pct_2080"": null, ""receptor_growth_factor_60yr"": null, ""projection_lo_2050"": null, ""projection_hi_2050"": null, ""projection_lo_2080"": null, ""projection_hi_2080"": null, ""growth_classification"": ""stable"", ""urban_expansion_pressure"": null, ""median_age_2050"": 40.2, ""old_age_dependency_2050"": 0.31, ""net_migration_rate_projected"": null, ""projection_source"": ""nso"", ""projection_variant"": ""medium"", ""spatial_level"": ""national""}}",SSW,1.62,407.82,medium,ERA5 atmospheric dispersion (ref 1991-2020) | prevailing_wind=SSW(202deg) | mean_speed=1.6m/s | mean_BLH=408m | p5_BLH=284m | stable_frac=0.836 | stability=[A=0.0% B=0.0% C=16.4% D=0.0% E=83.6% F=0.0%] | wind_rose_dominant=SSW | source=copernicus_era5,,,,alluvial,,medium,,2026-04-20 21:28:50.915897+00:00,audit_postlogging_20260421,api,merge_phase2_20260421
TR,Yunus Emre power station,48149515-0774-404d-b273-790b660a8d90,23.06,19.65,13.85,37.18,1811,15805,27185,747533,ghsl_pop_100m_r2023a,"5 km: 1,811 pop, 23 p/km²; 16 km: 15,805 pop, 20 p/km²; 25 km: 27,185 pop, 14 p/km²; 80 km: 747,533 pop, 37 p/km²; Epoch: 2020; Source: GHS-POP R2023A 100 m (Mollweide)",,,,gisco_urau_2021,No city >50k within search radius; Cities >50k within 25 km: 0; Cities >50k within 80 km: 0; Settlement hierarchy: rural; Source: Eurostat GISCO Urban Audit 2021 + urb_cpop1,1.683,29810,ghsl_pop_100m_r2023a,"{""ghsl_note"": ""CAGR 2020\u21922030 from GHS-POP R2023A multi-epoch data"", ""s17_eurostat_supplement"": {""base_population"": null, ""base_year"": 2023, ""projected_pop_2030"": 88000000, ""projected_pop_2040"": 94000000, ""projected_pop_2050"": 97500000, ""projected_pop_2060"": 98000000, ""projected_pop_2080"": 95000000, ""pop_change_pct_2050"": null, ""pop_change_pct_2080"": null, ""receptor_growth_factor_60yr"": null, ""projection_lo_2050"": null, ""projection_hi_2050"": null, ""projection_lo_2080"": null, ""projection_hi_2080"": null, ""growth_classification"": ""stable"", ""urban_expansion_pressure"": null, ""median_age_2050"": 40.2, ""old_age_dependency_2050"": 0.31, ""net_migration_rate_projected"": null, ""projection_source"": ""nso"", ""projection_variant"": ""medium"", ""spatial_level"": ""national""}}",NW,0.81,600.27,medium,ERA5 atmospheric dispersion (ref 1991-2020) | prevailing_wind=NW(315deg) | mean_speed=0.8m/s | mean_BLH=600m | p5_BLH=211m | stable_frac=0.428 | stability=[A=0.0% B=10.3% C=46.9% D=0.0% E=42.8% F=0.0%] | wind_rose_dominant=NW | source=copernicus_era5,,,,low permeability,,medium,,2026-04-20 21:28:50.929028+00:00,audit_postlogging_20260421,api,merge_phase2_20260421
TR,Zafer power station,772e2484-419b-47de-9739-924ac371ad10,17.75,153.53,92.05,49.2,1394,123461,180715,989025,ghsl_pop_100m_r2023a,"5 km: 1,394 pop, 18 p/km²; 16 km: 123,461 pop, 154 p/km²; 25 km: 180,715 pop, 92 p/km²; 80 km: 989,025 pop, 49 p/km²; Epoch: 2020; Source: GHS-POP R2023A 100 m (Mollweide)",,,,gisco_urau_2021,No city >50k within search radius; Cities >50k within 25 km: 0; Cities >50k within 80 km: 0; Settlement hierarchy: rural; Source: Eurostat GISCO Urban Audit 2021 + urb_cpop1,0.604,198127,ghsl_pop_100m_r2023a,"{""ghsl_note"": ""CAGR 2020\u21922030 from GHS-POP R2023A multi-epoch data"", ""s17_eurostat_supplement"": {""base_population"": null, ""base_year"": 2023, ""projected_pop_2030"": 88000000, ""projected_pop_2040"": 94000000, ""projected_pop_2050"": 97500000, ""projected_pop_2060"": 98000000, ""projected_pop_2080"": 95000000, ""pop_change_pct_2050"": null, ""pop_change_pct_2080"": null, ""receptor_growth_factor_60yr"": null, ""projection_lo_2050"": null, ""projection_hi_2050"": null, ""projection_lo_2080"": null, ""projection_hi_2080"": null, ""growth_classification"": ""stable"", ""urban_expansion_pressure"": null, ""median_age_2050"": 40.2, ""old_age_dependency_2050"": 0.31, ""net_migration_rate_projected"": null, ""projection_source"": ""nso"", ""projection_variant"": ""medium"", ""spatial_level"": ""national""}}",ESE,0.54,335.18,medium,ERA5 atmospheric dispersion (ref 1991-2020) | prevailing_wind=ESE(112deg) | mean_speed=0.5m/s | mean_BLH=335m | p5_BLH=177m | stable_frac=0.975 | stability=[A=0.0% B=0.0% C=2.5% D=0.0% E=97.5% F=0.0%] | wind_rose_dominant=ESE | source=copernicus_era5,,,,low permeability,,medium,,2026-04-20 21:28:50.941975+00:00,audit_postlogging_20260421,api,merge_phase2_20260421
TR,ZETES power stations,1f305180-6bbf-4758-9a98-78bc9e96e195,476.86,291.65,180.11,61.25,37449,234535,353618,1231385,ghsl_pop_100m_r2023a,"5 km: 37,449 pop, 477 p/km²; 16 km: 234,535 pop, 292 p/km²; 25 km: 353,618 pop, 180 p/km²; 80 km: 1,231,385 pop, 61 p/km²; Epoch: 2020; Source: GHS-POP R2023A 100 m (Mollweide)",,,,gisco_urau_2021,No city >50k within search radius; Cities >50k within 25 km: 0; Cities >50k within 80 km: 0; Settlement hierarchy: rural; Source: Eurostat GISCO Urban Audit 2021 + urb_cpop1,0.504,387665,ghsl_pop_100m_r2023a,"{""ghsl_note"": ""CAGR 2020\u21922030 from GHS-POP R2023A multi-epoch data"", ""s17_eurostat_supplement"": {""base_population"": null, ""base_year"": 2023, ""projected_pop_2030"": 88000000, ""projected_pop_2040"": 94000000, ""projected_pop_2050"": 97500000, ""projected_pop_2060"": 98000000, ""projected_pop_2080"": 95000000, ""pop_change_pct_2050"": null, ""pop_change_pct_2080"": null, ""receptor_growth_factor_60yr"": null, ""projection_lo_2050"": null, ""projection_hi_2050"": null, ""projection_lo_2080"": null, ""projection_hi_2080"": null, ""growth_classification"": ""stable"", ""urban_expansion_pressure"": null, ""median_age_2050"": 40.2, ""old_age_dependency_2050"": 0.31, ""net_migration_rate_projected"": null, ""projection_source"": ""nso"", ""projection_variant"": ""medium"", ""spatial_level"": ""national""}}",N,0.81,331.47,medium,ERA5 atmospheric dispersion (ref 1991-2020) | prevailing_wind=N(0deg) | mean_speed=0.8m/s | mean_BLH=331m | p5_BLH=218m | stable_frac=0.997 | stability=[A=0.0% B=0.0% C=0.3% D=0.0% E=99.7% F=0.0%] | wind_rose_dominant=N | source=copernicus_era5,,,,karsts and chalkstones,,medium,,2026-04-20 21:28:50.953906+00:00,audit_postlogging_20260421,api,merge_phase2_20260421
TR,Zonguldak Modern power station,fa6b7ac3-c1bf-478f-8d0a-1f357ea480cf,657.71,301.15,175.54,61.64,51651,242176,344639,1239293,ghsl_pop_100m_r2023a,"5 km: 51,651 pop, 658 p/km²; 16 km: 242,176 pop, 301 p/km²; 25 km: 344,639 pop, 176 p/km²; 80 km: 1,239,293 pop, 62 p/km²; Epoch: 2020; Source: GHS-POP R2023A 100 m (Mollweide)",,,,gisco_urau_2021,No city >50k within search radius; Cities >50k within 25 km: 0; Cities >50k within 80 km: 0; Settlement hierarchy: rural; Source: Eurostat GISCO Urban Audit 2021 + urb_cpop1,0.495,377829,ghsl_pop_100m_r2023a,"{""ghsl_note"": ""CAGR 2020\u21922030 from GHS-POP R2023A multi-epoch data"", ""s17_eurostat_supplement"": {""base_population"": null, ""base_year"": 2023, ""projected_pop_2030"": 88000000, ""projected_pop_2040"": 94000000, ""projected_pop_2050"": 97500000, ""projected_pop_2060"": 98000000, ""projected_pop_2080"": 95000000, ""pop_change_pct_2050"": null, ""pop_change_pct_2080"": null, ""receptor_growth_factor_60yr"": null, ""projection_lo_2050"": null, ""projection_hi_2050"": null, ""projection_lo_2080"": null, ""projection_hi_2080"": null, ""growth_classification"": ""stable"", ""urban_expansion_pressure"": null, ""median_age_2050"": 40.2, ""old_age_dependency_2050"": 0.31, ""net_migration_rate_projected"": null, ""projection_source"": ""nso"", ""projection_variant"": ""medium"", ""spatial_level"": ""national""}}",NNE,1.22,353.92,medium,ERA5 atmospheric dispersion (ref 1991-2020) | prevailing_wind=NNE(22deg) | mean_speed=1.2m/s | mean_BLH=354m | p5_BLH=197m | stable_frac=0.939 | stability=[A=0.0% B=0.0% C=6.1% D=0.0% E=93.9% F=0.0%] | wind_rose_dominant=NNE | source=copernicus_era5,,,,karsts and chalkstones,,medium,,2026-04-20 21:28:50.965541+00:00,audit_postlogging_20260421,api,merge_phase2_20260421
TR,Zorlu Akçakoca power station,7cc9cffa-e4e4-4546-902d-c8f4800dbdb2,397.57,59.36,76.42,109.94,31222,47732,150030,2210323,ghsl_pop_100m_r2023a,"5 km: 31,222 pop, 398 p/km²; 16 km: 47,732 pop, 59 p/km²; 25 km: 150,030 pop, 76 p/km²; 80 km: 2,210,323 pop, 110 p/km²; Epoch: 2020; Source: GHS-POP R2023A 100 m (Mollweide)",,,,gisco_urau_2021,No city >50k within search radius; Cities >50k within 25 km: 0; Cities >50k within 80 km: 0; Settlement hierarchy: rural; Source: Eurostat GISCO Urban Audit 2021 + urb_cpop1,1.126,164485,ghsl_pop_100m_r2023a,"{""ghsl_note"": ""CAGR 2020\u21922030 from GHS-POP R2023A multi-epoch data"", ""s17_eurostat_supplement"": {""base_population"": null, ""base_year"": 2023, ""projected_pop_2030"": 88000000, ""projected_pop_2040"": 94000000, ""projected_pop_2050"": 97500000, ""projected_pop_2060"": 98000000, ""projected_pop_2080"": 95000000, ""pop_change_pct_2050"": null, ""pop_change_pct_2080"": null, ""receptor_growth_factor_60yr"": null, ""projection_lo_2050"": null, ""projection_hi_2050"": null, ""projection_lo_2080"": null, ""projection_hi_2080"": null, ""growth_classification"": ""stable"", ""urban_expansion_pressure"": null, ""median_age_2050"": 40.2, ""old_age_dependency_2050"": 0.31, ""net_migration_rate_projected"": null, ""projection_source"": ""nso"", ""projection_variant"": ""medium"", ""spatial_level"": ""national""}}",NNE,0.84,297.7,medium,ERA5 atmospheric dispersion (ref 1991-2020) | prevailing_wind=NNE(22deg) | mean_speed=0.8m/s | mean_BLH=298m | p5_BLH=194m | stable_frac=1.000 | stability=[A=0.0% B=0.0% C=0.0% D=0.0% E=100.0% F=0.0%] | wind_rose_dominant=NNE | source=copernicus_era5,,,,sedimentary carbonates,,medium,,2026-04-20 21:28:50.978398+00:00,audit_postlogging_20260421,api,merge_phase2_20260421
TR,Zorlu Soma power station,61b7e396-5c25-4591-9da1-eb54475f1805,1367.07,238.45,136.16,121.17,107359,191756,267328,2436078,ghsl_pop_100m_r2023a,"5 km: 107,359 pop, 1367 p/km²; 16 km: 191,756 pop, 238 p/km²; 25 km: 267,328 pop, 136 p/km²; 80 km: 2,436,078 pop, 121 p/km²; Epoch: 2020; Source: GHS-POP R2023A 100 m (Mollweide)",,,,gisco_urau_2021,No city >50k within search radius; Cities >50k within 25 km: 0; Cities >50k within 80 km: 0; Settlement hierarchy: rural; Source: Eurostat GISCO Urban Audit 2021 + urb_cpop1,1.111,293068,ghsl_pop_100m_r2023a,"{""ghsl_note"": ""CAGR 2020\u21922030 from GHS-POP R2023A multi-epoch data"", ""s17_eurostat_supplement"": {""base_population"": null, ""base_year"": 2023, ""projected_pop_2030"": 88000000, ""projected_pop_2040"": 94000000, ""projected_pop_2050"": 97500000, ""projected_pop_2060"": 98000000, ""projected_pop_2080"": 95000000, ""pop_change_pct_2050"": null, ""pop_change_pct_2080"": null, ""receptor_growth_factor_60yr"": null, ""projection_lo_2050"": null, ""projection_hi_2050"": null, ""projection_lo_2080"": null, ""projection_hi_2080"": null, ""growth_classification"": ""stable"", ""urban_expansion_pressure"": null, ""median_age_2050"": 40.2, ""old_age_dependency_2050"": 0.31, ""net_migration_rate_projected"": null, ""projection_source"": ""nso"", ""projection_variant"": ""medium"", ""spatial_level"": ""national""}}",NNE,1.76,566.93,medium,ERA5 atmospheric dispersion (ref 1991-2020) | prevailing_wind=NNE(22deg) | mean_speed=1.8m/s | mean_BLH=567m | p5_BLH=315m | stable_frac=0.406 | stability=[A=0.0% B=0.0% C=59.4% D=0.0% E=40.6% F=0.0%] | wind_rose_dominant=NNE | source=copernicus_era5,,,,low permeability,,medium,,2026-04-20 21:28:50.989756+00:00,audit_postlogging_20260421,api,merge_phase2_20260421
UA,Burshtyn power station,c47eb6a3-49c1-4879-95b6-9bcd53b7af04,111.69,80.15,59.9,105.36,8771,64453,117599,2118247,ghsl_pop_100m_r2023a,"5 km: 8,771 pop, 112 p/km²; 16 km: 64,453 pop, 80 p/km²; 25 km: 117,599 pop, 60 p/km²; 80 km: 2,118,247 pop, 105 p/km²; Epoch: 2020; Source: GHS-POP R2023A 100 m (Mollweide)",,,,gisco_urau_2021,No city >50k within search radius; Cities >50k within 25 km: 0; Cities >50k within 80 km: 0; Settlement hierarchy: rural; Source: Eurostat GISCO Urban Audit 2021 + urb_cpop1,-1.127,70404,ghsl_pop_100m_r2023a,"{""ghsl_note"": ""CAGR 2020\u21922030 from GHS-POP R2023A multi-epoch data"", ""s17_eurostat_supplement"": {""base_population"": null, ""base_year"": 2023, ""projected_pop_2030"": 36500000, ""projected_pop_2040"": 33200000, ""projected_pop_2050"": 30100000, ""projected_pop_2060"": 27500000, ""projected_pop_2080"": 23800000, ""pop_change_pct_2050"": null, ""pop_change_pct_2080"": null, ""receptor_growth_factor_60yr"": null, ""projection_lo_2050"": null, ""projection_hi_2050"": null, ""projection_lo_2080"": null, ""projection_hi_2080"": null, ""growth_classification"": ""stable"", ""urban_expansion_pressure"": null, ""median_age_2050"": 48.2, ""old_age_dependency_2050"": 0.42, ""net_migration_rate_projected"": null, ""projection_source"": ""nso"", ""projection_variant"": ""medium"", ""spatial_level"": ""national""}}",W,1.19,505.22,medium,ERA5 atmospheric dispersion (ref 1991-2020) | prevailing_wind=W(270deg) | mean_speed=1.2m/s | mean_BLH=505m | p5_BLH=315m | stable_frac=0.456 | stability=[A=0.0% B=0.0% C=54.4% D=0.0% E=45.6% F=0.0%] | wind_rose_dominant=W | source=copernicus_era5,,,,inland water,,medium,,2026-04-20 21:28:51.000394+00:00,audit_postlogging_20260421,api,merge_phase2_20260421
UA,Cherkasy power station,95872473-c476-4ceb-bcf5-54cfdf415e42,2188.94,396.9,206.17,44.94,171902,319175,404778,903439,ghsl_pop_100m_r2023a,"5 km: 171,902 pop, 2189 p/km²; 16 km: 319,175 pop, 397 p/km²; 25 km: 404,778 pop, 206 p/km²; 80 km: 903,439 pop, 45 p/km²; Epoch: 2020; Source: GHS-POP R2023A 100 m (Mollweide)",,,,gisco_urau_2021,No city >50k within search radius; Cities >50k within 25 km: 0; Cities >50k within 80 km: 0; Settlement hierarchy: rural; Source: Eurostat GISCO Urban Audit 2021 + urb_cpop1,-1.684,242324,ghsl_pop_100m_r2023a,"{""ghsl_note"": ""CAGR 2020\u21922030 from GHS-POP R2023A multi-epoch data"", ""s17_eurostat_supplement"": {""base_population"": null, ""base_year"": 2023, ""projected_pop_2030"": 36500000, ""projected_pop_2040"": 33200000, ""projected_pop_2050"": 30100000, ""projected_pop_2060"": 27500000, ""projected_pop_2080"": 23800000, ""pop_change_pct_2050"": null, ""pop_change_pct_2080"": null, ""receptor_growth_factor_60yr"": null, ""projection_lo_2050"": null, ""projection_hi_2050"": null, ""projection_lo_2080"": null, ""projection_hi_2080"": null, ""growth_classification"": ""stable"", ""urban_expansion_pressure"": null, ""median_age_2050"": 48.2, ""old_age_dependency_2050"": 0.42, ""net_migration_rate_projected"": null, ""projection_source"": ""nso"", ""projection_variant"": ""medium"", ""spatial_level"": ""national""}}",W,1.16,588.61,medium,ERA5 atmospheric dispersion (ref 1991-2020) | prevailing_wind=W(270deg) | mean_speed=1.2m/s | mean_BLH=589m | p5_BLH=392m | stable_frac=0.286 | stability=[A=0.0% B=0.0% C=71.4% D=0.0% E=28.6% F=0.0%] | wind_rose_dominant=W | source=copernicus_era5,,,,inland water,,medium,,2026-04-20 21:28:51.012676+00:00,audit_postlogging_20260421,api,merge_phase2_20260421
UA,Chernihiv power station,e4c6a713-99e6-4fdf-afaa-d456779c504c,1178.78,375.83,160.28,34.82,92572,302233,314685,700021,ghsl_pop_100m_r2023a,"5 km: 92,572 pop, 1179 p/km²; 16 km: 302,233 pop, 376 p/km²; 25 km: 314,685 pop, 160 p/km²; 80 km: 700,021 pop, 35 p/km²; Epoch: 2020; Source: GHS-POP R2023A 100 m (Mollweide)",,,,gisco_urau_2021,No city >50k within search radius; Cities >50k within 25 km: 0; Cities >50k within 80 km: 0; Settlement hierarchy: rural; Source: Eurostat GISCO Urban Audit 2021 + urb_cpop1,-2.026,188387,ghsl_pop_100m_r2023a,"{""ghsl_note"": ""CAGR 2020\u21922030 from GHS-POP R2023A multi-epoch data"", ""s17_eurostat_supplement"": {""base_population"": null, ""base_year"": 2023, ""projected_pop_2030"": 36500000, ""projected_pop_2040"": 33200000, ""projected_pop_2050"": 30100000, ""projected_pop_2060"": 27500000, ""projected_pop_2080"": 23800000, ""pop_change_pct_2050"": null, ""pop_change_pct_2080"": null, ""receptor_growth_factor_60yr"": null, ""projection_lo_2050"": null, ""projection_hi_2050"": null, ""projection_lo_2080"": null, ""projection_hi_2080"": null, ""growth_classification"": ""stable"", ""urban_expansion_pressure"": null, ""median_age_2050"": 48.2, ""old_age_dependency_2050"": 0.42, ""net_migration_rate_projected"": null, ""projection_source"": ""nso"", ""projection_variant"": ""medium"", ""spatial_level"": ""national""}}",WSW,1.4,559.53,medium,ERA5 atmospheric dispersion (ref 1991-2020) | prevailing_wind=WSW(248deg) | mean_speed=1.4m/s | mean_BLH=560m | p5_BLH=349m | stable_frac=0.342 | stability=[A=0.0% B=0.0% C=65.8% D=0.0% E=34.2% F=0.0%] | wind_rose_dominant=WSW | source=copernicus_era5,,,,sedimentary sands,,medium,,2026-04-20 21:28:51.023453+00:00,audit_postlogging_20260421,api,merge_phase2_20260421
UA,Darnytska power station,038d42e9-769b-4b22-9513-dccff48b42cd,6795.24,3209.0,1670.91,205.51,533643,2580574,3280482,4131641,ghsl_pop_100m_r2023a,"5 km: 533,643 pop, 6795 p/km²; 16 km: 2,580,574 pop, 3209 p/km²; 25 km: 3,280,482 pop, 1671 p/km²; 80 km: 4,131,641 pop, 206 p/km²; Epoch: 2020; Source: GHS-POP R2023A 100 m (Mollweide)",,,,gisco_urau_2021,No city >50k within search radius; Cities >50k within 25 km: 0; Cities >50k within 80 km: 0; Settlement hierarchy: rural; Source: Eurostat GISCO Urban Audit 2021 + urb_cpop1,-0.895,1963920,ghsl_pop_100m_r2023a,"{""ghsl_note"": ""CAGR 2020\u21922030 from GHS-POP R2023A multi-epoch data"", ""s17_eurostat_supplement"": {""base_population"": null, ""base_year"": 2023, ""projected_pop_2030"": 36500000, ""projected_pop_2040"": 33200000, ""projected_pop_2050"": 30100000, ""projected_pop_2060"": 27500000, ""projected_pop_2080"": 23800000, ""pop_change_pct_2050"": null, ""pop_change_pct_2080"": null, ""receptor_growth_factor_60yr"": null, ""projection_lo_2050"": null, ""projection_hi_2050"": null, ""projection_lo_2080"": null, ""projection_hi_2080"": null, ""growth_classification"": ""stable"", ""urban_expansion_pressure"": null, ""median_age_2050"": 48.2, ""old_age_dependency_2050"": 0.42, ""net_migration_rate_projected"": null, ""projection_source"": ""nso"", ""projection_variant"": ""medium"", ""spatial_level"": ""national""}}",W,1.24,576.04,medium,ERA5 atmospheric dispersion (ref 1991-2020) | prevailing_wind=W(270deg) | mean_speed=1.2m/s | mean_BLH=576m | p5_BLH=378m | stable_frac=0.292 | stability=[A=0.0% B=0.0% C=70.8% D=0.0% E=29.2% F=0.0%] | wind_rose_dominant=W | source=copernicus_era5,,,,sedimentary sands,,medium,,2026-04-20 21:28:51.034706+00:00,audit_postlogging_20260421,api,merge_phase2_20260421
UA,Dobrotvir power station,5ed0a674-a292-44bc-997f-5c1990da1235,109.31,61.52,93.39,102.84,8584,49475,183350,2067488,ghsl_pop_100m_r2023a,"5 km: 8,584 pop, 109 p/km²; 16 km: 49,475 pop, 62 p/km²; 25 km: 183,350 pop, 93 p/km²; 80 km: 2,067,488 pop, 103 p/km²; Epoch: 2020; Source: GHS-POP R2023A 100 m (Mollweide)",97.01,Zamość,58231.0,gisco_urau_2021,"Nearest city >50k: Zamość (58,231 pop) at 97.0 km; Cities >50k within 25 km: 0; Cities >50k within 80 km: 0; Settlement hierarchy: rural; Source: Eurostat GISCO Urban Audit 2021 + urb_cpop1",-1.218,109767,ghsl_pop_100m_r2023a,"{""ghsl_note"": ""CAGR 2020\u21922030 from GHS-POP R2023A multi-epoch data"", ""s17_eurostat_supplement"": {""base_population"": null, ""base_year"": 2023, ""projected_pop_2030"": 36500000, ""projected_pop_2040"": 33200000, ""projected_pop_2050"": 30100000, ""projected_pop_2060"": 27500000, ""projected_pop_2080"": 23800000, ""pop_change_pct_2050"": null, ""pop_change_pct_2080"": null, ""receptor_growth_factor_60yr"": null, ""projection_lo_2050"": null, ""projection_hi_2050"": null, ""projection_lo_2080"": null, ""projection_hi_2080"": null, ""growth_classification"": ""stable"", ""urban_expansion_pressure"": null, ""median_age_2050"": 48.2, ""old_age_dependency_2050"": 0.42, ""net_migration_rate_projected"": null, ""projection_source"": ""nso"", ""projection_variant"": ""medium"", ""spatial_level"": ""national""}}",WSW,1.44,543.73,medium,ERA5 atmospheric dispersion (ref 1991-2020) | prevailing_wind=WSW(248deg) | mean_speed=1.4m/s | mean_BLH=544m | p5_BLH=364m | stable_frac=0.350 | stability=[A=0.0% B=0.0% C=65.0% D=0.0% E=35.0% F=0.0%] | wind_rose_dominant=WSW | source=copernicus_era5,,,,alluvial,,medium,,2026-04-20 21:28:51.046696+00:00,audit_postlogging_20260421,api,merge_phase2_20260421
UA,Kalush power station,fb7d4d9a-3f27-4b50-9941-6a8fccd25e9a,438.38,171.7,93.33,90.69,34427,138079,183231,1823129,ghsl_pop_100m_r2023a,"5 km: 34,427 pop, 438 p/km²; 16 km: 138,079 pop, 172 p/km²; 25 km: 183,231 pop, 93 p/km²; 80 km: 1,823,129 pop, 91 p/km²; Epoch: 2020; Source: GHS-POP R2023A 100 m (Mollweide)",,,,gisco_urau_2021,No city >50k within search radius; Cities >50k within 25 km: 0; Cities >50k within 80 km: 0; Settlement hierarchy: rural; Source: Eurostat GISCO Urban Audit 2021 + urb_cpop1,-1.122,109696,ghsl_pop_100m_r2023a,"{""ghsl_note"": ""CAGR 2020\u21922030 from GHS-POP R2023A multi-epoch data"", ""s17_eurostat_supplement"": {""base_population"": null, ""base_year"": 2023, ""projected_pop_2030"": 36500000, ""projected_pop_2040"": 33200000, ""projected_pop_2050"": 30100000, ""projected_pop_2060"": 27500000, ""projected_pop_2080"": 23800000, ""pop_change_pct_2050"": null, ""pop_change_pct_2080"": null, ""receptor_growth_factor_60yr"": null, ""projection_lo_2050"": null, ""projection_hi_2050"": null, ""projection_lo_2080"": null, ""projection_hi_2080"": null, ""growth_classification"": ""stable"", ""urban_expansion_pressure"": null, ""median_age_2050"": 48.2, ""old_age_dependency_2050"": 0.42, ""net_migration_rate_projected"": null, ""projection_source"": ""nso"", ""projection_variant"": ""medium"", ""spatial_level"": ""national""}}",WSW,1.3,464.52,medium,ERA5 atmospheric dispersion (ref 1991-2020) | prevailing_wind=WSW(248deg) | mean_speed=1.3m/s | mean_BLH=465m | p5_BLH=275m | stable_frac=0.619 | stability=[A=0.0% B=0.0% C=38.1% D=0.0% E=61.9% F=0.0%] | wind_rose_dominant=WSW | source=copernicus_era5,,,,sedimentary sands,,medium,,2026-04-20 21:28:51.057457+00:00,audit_postlogging_20260421,api,merge_phase2_20260421
UA,Kramatorskaya power station,d3b9e403-7744-44c5-b5c3-999c4c1911d8,2027.74,472.0,228.21,112.45,159242,379565,448048,2260635,ghsl_pop_100m_r2023a,"5 km: 159,242 pop, 2028 p/km²; 16 km: 379,565 pop, 472 p/km²; 25 km: 448,048 pop, 228 p/km²; 80 km: 2,260,635 pop, 112 p/km²; Epoch: 2020; Source: GHS-POP R2023A 100 m (Mollweide)",,,,gisco_urau_2021,No city >50k within search radius; Cities >50k within 25 km: 0; Cities >50k within 80 km: 0; Settlement hierarchy: rural; Source: Eurostat GISCO Urban Audit 2021 + urb_cpop1,-1.693,268229,ghsl_pop_100m_r2023a,"{""ghsl_note"": ""CAGR 2020\u21922030 from GHS-POP R2023A multi-epoch data"", ""s17_eurostat_supplement"": {""base_population"": null, ""base_year"": 2023, ""projected_pop_2030"": 36500000, ""projected_pop_2040"": 33200000, ""projected_pop_2050"": 30100000, ""projected_pop_2060"": 27500000, ""projected_pop_2080"": 23800000, ""pop_change_pct_2050"": null, ""pop_change_pct_2080"": null, ""receptor_growth_factor_60yr"": null, ""projection_lo_2050"": null, ""projection_hi_2050"": null, ""projection_lo_2080"": null, ""projection_hi_2080"": null, ""growth_classification"": ""stable"", ""urban_expansion_pressure"": null, ""median_age_2050"": 48.2, ""old_age_dependency_2050"": 0.42, ""net_migration_rate_projected"": null, ""projection_source"": ""nso"", ""projection_variant"": ""medium"", ""spatial_level"": ""national""}}",ENE,1.28,585.42,medium,ERA5 atmospheric dispersion (ref 1991-2020) | prevailing_wind=ENE(68deg) | mean_speed=1.3m/s | mean_BLH=585m | p5_BLH=388m | stable_frac=0.297 | stability=[A=0.0% B=0.0% C=70.3% D=0.0% E=29.7% F=0.0%] | wind_rose_dominant=ENE | source=copernicus_era5,,,,sedimentary carbonates,,medium,,2026-04-20 21:28:51.070911+00:00,audit_postlogging_20260421,api,merge_phase2_20260421
UA,Kryvorizka power station,83fede8b-5f92-429d-920d-9a8928a74780,111.87,49.6,35.7,61.84,8785,39888,70083,1243179,ghsl_pop_100m_r2023a,"5 km: 8,785 pop, 112 p/km²; 16 km: 39,888 pop, 50 p/km²; 25 km: 70,083 pop, 36 p/km²; 80 km: 1,243,179 pop, 62 p/km²; Epoch: 2020; Source: GHS-POP R2023A 100 m (Mollweide)",,,,gisco_urau_2021,No city >50k within search radius; Cities >50k within 25 km: 0; Cities >50k within 80 km: 0; Settlement hierarchy: rural; Source: Eurostat GISCO Urban Audit 2021 + urb_cpop1,-1.562,41960,ghsl_pop_100m_r2023a,"{""ghsl_note"": ""CAGR 2020\u21922030 from GHS-POP R2023A multi-epoch data"", ""s17_eurostat_supplement"": {""base_population"": null, ""base_year"": 2023, ""projected_pop_2030"": 36500000, ""projected_pop_2040"": 33200000, ""projected_pop_2050"": 30100000, ""projected_pop_2060"": 27500000, ""projected_pop_2080"": 23800000, ""pop_change_pct_2050"": null, ""pop_change_pct_2080"": null, ""receptor_growth_factor_60yr"": null, ""projection_lo_2050"": null, ""projection_hi_2050"": null, ""projection_lo_2080"": null, ""projection_hi_2080"": null, ""growth_classification"": ""stable"", ""urban_expansion_pressure"": null, ""median_age_2050"": 48.2, ""old_age_dependency_2050"": 0.42, ""net_migration_rate_projected"": null, ""projection_source"": ""nso"", ""projection_variant"": ""medium"", ""spatial_level"": ""national""}}",NE,1.25,587.25,medium,ERA5 atmospheric dispersion (ref 1991-2020) | prevailing_wind=NE(45deg) | mean_speed=1.3m/s | mean_BLH=587m | p5_BLH=376m | stable_frac=0.350 | stability=[A=0.0% B=0.0% C=65.0% D=0.0% E=35.0% F=0.0%] | wind_rose_dominant=NE | source=copernicus_era5,,,,inland water,,medium,,2026-04-20 21:28:51.083034+00:00,audit_postlogging_20260421,api,merge_phase2_20260421
UA,Kurakhov power station,46b96bc3-b190-4045-9c86-eb674e2ea35e,203.78,109.43,79.7,141.98,16003,87997,156465,2854361,ghsl_pop_100m_r2023a,"5 km: 16,003 pop, 204 p/km²; 16 km: 87,997 pop, 109 p/km²; 25 km: 156,465 pop, 80 p/km²; 80 km: 2,854,361 pop, 142 p/km²; Epoch: 2020; Source: GHS-POP R2023A 100 m (Mollweide)",,,,gisco_urau_2021,No city >50k within search radius; Cities >50k within 25 km: 0; Cities >50k within 80 km: 0; Settlement hierarchy: rural; Source: Eurostat GISCO Urban Audit 2021 + urb_cpop1,-1.651,93676,ghsl_pop_100m_r2023a,"{""ghsl_note"": ""CAGR 2020\u21922030 from GHS-POP R2023A multi-epoch data"", ""s17_eurostat_supplement"": {""base_population"": null, ""base_year"": 2023, ""projected_pop_2030"": 36500000, ""projected_pop_2040"": 33200000, ""projected_pop_2050"": 30100000, ""projected_pop_2060"": 27500000, ""projected_pop_2080"": 23800000, ""pop_change_pct_2050"": null, ""pop_change_pct_2080"": null, ""receptor_growth_factor_60yr"": null, ""projection_lo_2050"": null, ""projection_hi_2050"": null, ""projection_lo_2080"": null, ""projection_hi_2080"": null, ""growth_classification"": ""stable"", ""urban_expansion_pressure"": null, ""median_age_2050"": 48.2, ""old_age_dependency_2050"": 0.42, ""net_migration_rate_projected"": null, ""projection_source"": ""nso"", ""projection_variant"": ""medium"", ""spatial_level"": ""national""}}",ENE,1.28,590.26,medium,ERA5 atmospheric dispersion (ref 1991-2020) | prevailing_wind=ENE(68deg) | mean_speed=1.3m/s | mean_BLH=590m | p5_BLH=386m | stable_frac=0.350 | stability=[A=0.0% B=0.0% C=65.0% D=0.0% E=35.0% F=0.0%] | wind_rose_dominant=ENE | source=copernicus_era5,,,,low permeability,,medium,,2026-04-20 21:28:51.095732+00:00,audit_postlogging_20260421,api,merge_phase2_20260421
UA,Ladyzhyn power station,cec871bd-c7f6-4444-b0da-9b3a9ecc6963,175.83,50.92,65.37,54.04,13808,40950,128347,1086424,ghsl_pop_100m_r2023a,"5 km: 13,808 pop, 176 p/km²; 16 km: 40,950 pop, 51 p/km²; 25 km: 128,347 pop, 65 p/km²; 80 km: 1,086,424 pop, 54 p/km²; Epoch: 2020; Source: GHS-POP R2023A 100 m (Mollweide)",,,,gisco_urau_2021,No city >50k within search radius; Cities >50k within 25 km: 0; Cities >50k within 80 km: 0; Settlement hierarchy: rural; Source: Eurostat GISCO Urban Audit 2021 + urb_cpop1,-1.605,76833,ghsl_pop_100m_r2023a,"{""ghsl_note"": ""CAGR 2020\u21922030 from GHS-POP R2023A multi-epoch data"", ""s17_eurostat_supplement"": {""base_population"": null, ""base_year"": 2023, ""projected_pop_2030"": 36500000, ""projected_pop_2040"": 33200000, ""projected_pop_2050"": 30100000, ""projected_pop_2060"": 27500000, ""projected_pop_2080"": 23800000, ""pop_change_pct_2050"": null, ""pop_change_pct_2080"": null, ""receptor_growth_factor_60yr"": null, ""projection_lo_2050"": null, ""projection_hi_2050"": null, ""projection_lo_2080"": null, ""projection_hi_2080"": null, ""growth_classification"": ""stable"", ""urban_expansion_pressure"": null, ""median_age_2050"": 48.2, ""old_age_dependency_2050"": 0.42, ""net_migration_rate_projected"": null, ""projection_source"": ""nso"", ""projection_variant"": ""medium"", ""spatial_level"": ""national""}}",WNW,1.06,597.76,medium,ERA5 atmospheric dispersion (ref 1991-2020) | prevailing_wind=WNW(292deg) | mean_speed=1.1m/s | mean_BLH=598m | p5_BLH=392m | stable_frac=0.286 | stability=[A=0.0% B=0.0% C=71.4% D=0.0% E=28.6% F=0.0%] | wind_rose_dominant=WNW | source=copernicus_era5,,,,low permeability,,medium,,2026-04-20 21:28:51.110021+00:00,audit_postlogging_20260421,api,merge_phase2_20260421
UA,Luganskaya power station,4e45df00-0d28-44d0-9697-3fa33d76fc88,233.45,45.44,253.57,99.31,18333,36543,497834,1996464,ghsl_pop_100m_r2023a,"5 km: 18,333 pop, 233 p/km²; 16 km: 36,543 pop, 45 p/km²; 25 km: 497,834 pop, 254 p/km²; 80 km: 1,996,464 pop, 99 p/km²; Epoch: 2020; Source: GHS-POP R2023A 100 m (Mollweide)",,,,gisco_urau_2021,No city >50k within search radius; Cities >50k within 25 km: 0; Cities >50k within 80 km: 0; Settlement hierarchy: rural; Source: Eurostat GISCO Urban Audit 2021 + urb_cpop1,-1.553,298036,ghsl_pop_100m_r2023a,"{""ghsl_note"": ""CAGR 2020\u21922030 from GHS-POP R2023A multi-epoch data"", ""s17_eurostat_supplement"": {""base_population"": null, ""base_year"": 2023, ""projected_pop_2030"": 36500000, ""projected_pop_2040"": 33200000, ""projected_pop_2050"": 30100000, ""projected_pop_2060"": 27500000, ""projected_pop_2080"": 23800000, ""pop_change_pct_2050"": null, ""pop_change_pct_2080"": null, ""receptor_growth_factor_60yr"": null, ""projection_lo_2050"": null, ""projection_hi_2050"": null, ""projection_lo_2080"": null, ""projection_hi_2080"": null, ""growth_classification"": ""stable"", ""urban_expansion_pressure"": null, ""median_age_2050"": 48.2, ""old_age_dependency_2050"": 0.42, ""net_migration_rate_projected"": null, ""projection_source"": ""nso"", ""projection_variant"": ""medium"", ""spatial_level"": ""national""}}",E,1.29,597.2,medium,ERA5 atmospheric dispersion (ref 1991-2020) | prevailing_wind=E(90deg) | mean_speed=1.3m/s | mean_BLH=597m | p5_BLH=380m | stable_frac=0.297 | stability=[A=0.0% B=0.3% C=70.0% D=0.0% E=29.7% F=0.0%] | wind_rose_dominant=E | source=copernicus_era5,,,,sedimentary carbonates,,medium,,2026-04-20 21:28:51.122803+00:00,audit_postlogging_20260421,api,merge_phase2_20260421
UA,Myronivskyi power station,3bd2a957-ff3b-4bfd-9dba-808279edccb9,60.54,19.41,138.1,223.01,4754,15611,271137,4483372,ghsl_pop_100m_r2023a,"5 km: 4,754 pop, 61 p/km²; 16 km: 15,611 pop, 19 p/km²; 25 km: 271,137 pop, 138 p/km²; 80 km: 4,483,372 pop, 223 p/km²; Epoch: 2020; Source: GHS-POP R2023A 100 m (Mollweide)",,,,gisco_urau_2021,No city >50k within search radius; Cities >50k within 25 km: 0; Cities >50k within 80 km: 0; Settlement hierarchy: rural; Source: Eurostat GISCO Urban Audit 2021 + urb_cpop1,-1.664,162317,ghsl_pop_100m_r2023a,"{""ghsl_note"": ""CAGR 2020\u21922030 from GHS-POP R2023A multi-epoch data"", ""s17_eurostat_supplement"": {""base_population"": null, ""base_year"": 2023, ""projected_pop_2030"": 36500000, ""projected_pop_2040"": 33200000, ""projected_pop_2050"": 30100000, ""projected_pop_2060"": 27500000, ""projected_pop_2080"": 23800000, ""pop_change_pct_2050"": null, ""pop_change_pct_2080"": null, ""receptor_growth_factor_60yr"": null, ""projection_lo_2050"": null, ""projection_hi_2050"": null, ""projection_lo_2080"": null, ""projection_hi_2080"": null, ""growth_classification"": ""stable"", ""urban_expansion_pressure"": null, ""median_age_2050"": 48.2, ""old_age_dependency_2050"": 0.42, ""net_migration_rate_projected"": null, ""projection_source"": ""nso"", ""projection_variant"": ""medium"", ""spatial_level"": ""national""}}",E,1.29,581.77,medium,ERA5 atmospheric dispersion (ref 1991-2020) | prevailing_wind=E(90deg) | mean_speed=1.3m/s | mean_BLH=582m | p5_BLH=378m | stable_frac=0.325 | stability=[A=0.0% B=0.0% C=67.5% D=0.0% E=32.5% F=0.0%] | wind_rose_dominant=E | source=copernicus_era5,,,,sedimentary sands,,medium,,2026-04-20 21:28:51.134992+00:00,audit_postlogging_20260421,api,merge_phase2_20260421
UA,Prydniprovska power station,02253fcc-4fc6-42d4-a6a8-42365487302f,1099.11,1143.17,544.72,137.03,86315,919297,1069448,2754929,ghsl_pop_100m_r2023a,"5 km: 86,315 pop, 1099 p/km²; 16 km: 919,297 pop, 1143 p/km²; 25 km: 1,069,448 pop, 545 p/km²; 80 km: 2,754,929 pop, 137 p/km²; Epoch: 2020; Source: GHS-POP R2023A 100 m (Mollweide)",,,,gisco_urau_2021,No city >50k within search radius; Cities >50k within 25 km: 0; Cities >50k within 80 km: 0; Settlement hierarchy: rural; Source: Eurostat GISCO Urban Audit 2021 + urb_cpop1,-1.388,640242,ghsl_pop_100m_r2023a,"{""ghsl_note"": ""CAGR 2020\u21922030 from GHS-POP R2023A multi-epoch data"", ""s17_eurostat_supplement"": {""base_population"": null, ""base_year"": 2023, ""projected_pop_2030"": 36500000, ""projected_pop_2040"": 33200000, ""projected_pop_2050"": 30100000, ""projected_pop_2060"": 27500000, ""projected_pop_2080"": 23800000, ""pop_change_pct_2050"": null, ""pop_change_pct_2080"": null, ""receptor_growth_factor_60yr"": null, ""projection_lo_2050"": null, ""projection_hi_2050"": null, ""projection_lo_2080"": null, ""projection_hi_2080"": null, ""growth_classification"": ""stable"", ""urban_expansion_pressure"": null, ""median_age_2050"": 48.2, ""old_age_dependency_2050"": 0.42, ""net_migration_rate_projected"": null, ""projection_source"": ""nso"", ""projection_variant"": ""medium"", ""spatial_level"": ""national""}}",NE,1.25,574.11,medium,ERA5 atmospheric dispersion (ref 1991-2020) | prevailing_wind=NE(45deg) | mean_speed=1.3m/s | mean_BLH=574m | p5_BLH=375m | stable_frac=0.369 | stability=[A=0.0% B=0.0% C=63.1% D=0.0% E=36.9% F=0.0%] | wind_rose_dominant=NE | source=copernicus_era5,,,,low permeability,,medium,,2026-04-20 21:28:51.148195+00:00,audit_postlogging_20260421,api,merge_phase2_20260421
UA,Slavyansk power station,70781f2c-24c2-486c-8b32-310c36ba1238,306.6,216.33,191.43,106.99,24078,173965,375841,2150978,ghsl_pop_100m_r2023a,"5 km: 24,078 pop, 307 p/km²; 16 km: 173,965 pop, 216 p/km²; 25 km: 375,841 pop, 191 p/km²; 80 km: 2,150,978 pop, 107 p/km²; Epoch: 2020; Source: GHS-POP R2023A 100 m (Mollweide)",,,,gisco_urau_2021,No city >50k within search radius; Cities >50k within 25 km: 0; Cities >50k within 80 km: 0; Settlement hierarchy: rural; Source: Eurostat GISCO Urban Audit 2021 + urb_cpop1,-1.7,224999,ghsl_pop_100m_r2023a,"{""ghsl_note"": ""CAGR 2020\u21922030 from GHS-POP R2023A multi-epoch data"", ""s17_eurostat_supplement"": {""base_population"": null, ""base_year"": 2023, ""projected_pop_2030"": 36500000, ""projected_pop_2040"": 33200000, ""projected_pop_2050"": 30100000, ""projected_pop_2060"": 27500000, ""projected_pop_2080"": 23800000, ""pop_change_pct_2050"": null, ""pop_change_pct_2080"": null, ""receptor_growth_factor_60yr"": null, ""projection_lo_2050"": null, ""projection_hi_2050"": null, ""projection_lo_2080"": null, ""projection_hi_2080"": null, ""growth_classification"": ""stable"", ""urban_expansion_pressure"": null, ""median_age_2050"": 48.2, ""old_age_dependency_2050"": 0.42, ""net_migration_rate_projected"": null, ""projection_source"": ""nso"", ""projection_variant"": ""medium"", ""spatial_level"": ""national""}}",ENE,1.27,587.02,medium,ERA5 atmospheric dispersion (ref 1991-2020) | prevailing_wind=ENE(68deg) | mean_speed=1.3m/s | mean_BLH=587m | p5_BLH=389m | stable_frac=0.294 | stability=[A=0.0% B=0.0% C=70.6% D=0.0% E=29.4% F=0.0%] | wind_rose_dominant=ENE | source=copernicus_era5,,,,sedimentary carbonates,,medium,,2026-04-20 21:28:51.161196+00:00,audit_postlogging_20260421,api,merge_phase2_20260421
UA,Starobesheve power station,447a9ea1-47fa-48a3-93f2-a77cbd629ac7,89.25,69.18,219.8,148.92,7009,55634,431536,2993875,ghsl_pop_100m_r2023a,"5 km: 7,009 pop, 89 p/km²; 16 km: 55,634 pop, 69 p/km²; 25 km: 431,536 pop, 220 p/km²; 80 km: 2,993,875 pop, 149 p/km²; Epoch: 2020; Source: GHS-POP R2023A 100 m (Mollweide)",,,,gisco_urau_2021,No city >50k within search radius; Cities >50k within 25 km: 0; Cities >50k within 80 km: 0; Settlement hierarchy: rural; Source: Eurostat GISCO Urban Audit 2021 + urb_cpop1,-1.411,258344,ghsl_pop_100m_r2023a,"{""ghsl_note"": ""CAGR 2020\u21922030 from GHS-POP R2023A multi-epoch data"", ""s17_eurostat_supplement"": {""base_population"": null, ""base_year"": 2023, ""projected_pop_2030"": 36500000, ""projected_pop_2040"": 33200000, ""projected_pop_2050"": 30100000, ""projected_pop_2060"": 27500000, ""projected_pop_2080"": 23800000, ""pop_change_pct_2050"": null, ""pop_change_pct_2080"": null, ""receptor_growth_factor_60yr"": null, ""projection_lo_2050"": null, ""projection_hi_2050"": null, ""projection_lo_2080"": null, ""projection_hi_2080"": null, ""growth_classification"": ""stable"", ""urban_expansion_pressure"": null, ""median_age_2050"": 48.2, ""old_age_dependency_2050"": 0.42, ""net_migration_rate_projected"": null, ""projection_source"": ""nso"", ""projection_variant"": ""medium"", ""spatial_level"": ""national""}}",ENE,1.26,582.24,medium,ERA5 atmospheric dispersion (ref 1991-2020) | prevailing_wind=ENE(68deg) | mean_speed=1.3m/s | mean_BLH=582m | p5_BLH=378m | stable_frac=0.378 | stability=[A=0.0% B=0.0% C=62.2% D=0.0% E=37.8% F=0.0%] | wind_rose_dominant=ENE | source=copernicus_era5,,,,low permeability,,medium,,2026-04-20 21:28:51.172883+00:00,audit_postlogging_20260421,api,merge_phase2_20260421
UA,Trypilska power station,cdb6adfb-52ff-4631-939a-001080b20450,247.62,86.95,59.6,219.34,19446,69919,117016,4409581,ghsl_pop_100m_r2023a,"5 km: 19,446 pop, 248 p/km²; 16 km: 69,919 pop, 87 p/km²; 25 km: 117,016 pop, 60 p/km²; 80 km: 4,409,581 pop, 219 p/km²; Epoch: 2020; Source: GHS-POP R2023A 100 m (Mollweide)",,,,gisco_urau_2021,No city >50k within search radius; Cities >50k within 25 km: 0; Cities >50k within 80 km: 0; Settlement hierarchy: rural; Source: Eurostat GISCO Urban Audit 2021 + urb_cpop1,-1.185,70051,ghsl_pop_100m_r2023a,"{""ghsl_note"": ""CAGR 2020\u21922030 from GHS-POP R2023A multi-epoch data"", ""s17_eurostat_supplement"": {""base_population"": null, ""base_year"": 2023, ""projected_pop_2030"": 36500000, ""projected_pop_2040"": 33200000, ""projected_pop_2050"": 30100000, ""projected_pop_2060"": 27500000, ""projected_pop_2080"": 23800000, ""pop_change_pct_2050"": null, ""pop_change_pct_2080"": null, ""receptor_growth_factor_60yr"": null, ""projection_lo_2050"": null, ""projection_hi_2050"": null, ""projection_lo_2080"": null, ""projection_hi_2080"": null, ""growth_classification"": ""stable"", ""urban_expansion_pressure"": null, ""median_age_2050"": 48.2, ""old_age_dependency_2050"": 0.42, ""net_migration_rate_projected"": null, ""projection_source"": ""nso"", ""projection_variant"": ""medium"", ""spatial_level"": ""national""}}",W,1.22,582.84,medium,ERA5 atmospheric dispersion (ref 1991-2020) | prevailing_wind=W(270deg) | mean_speed=1.2m/s | mean_BLH=583m | p5_BLH=383m | stable_frac=0.283 | stability=[A=0.0% B=0.0% C=71.7% D=0.0% E=28.3% F=0.0%] | wind_rose_dominant=W | source=copernicus_era5,,,,sedimentary sands,,medium,,2026-04-20 21:28:51.184031+00:00,audit_postlogging_20260421,api,merge_phase2_20260421
UA,Vuglegirska power station,3657989a-61ae-4fe3-9e8b-6ba7e68f8c59,109.55,34.35,237.07,217.26,8603,27624,465439,4367796,ghsl_pop_100m_r2023a,"5 km: 8,603 pop, 110 p/km²; 16 km: 27,624 pop, 34 p/km²; 25 km: 465,439 pop, 237 p/km²; 80 km: 4,367,796 pop, 217 p/km²; Epoch: 2020; Source: GHS-POP R2023A 100 m (Mollweide)",,,,gisco_urau_2021,No city >50k within search radius; Cities >50k within 25 km: 0; Cities >50k within 80 km: 0; Settlement hierarchy: rural; Source: Eurostat GISCO Urban Audit 2021 + urb_cpop1,-1.701,278643,ghsl_pop_100m_r2023a,"{""ghsl_note"": ""CAGR 2020\u21922030 from GHS-POP R2023A multi-epoch data"", ""s17_eurostat_supplement"": {""base_population"": null, ""base_year"": 2023, ""projected_pop_2030"": 36500000, ""projected_pop_2040"": 33200000, ""projected_pop_2050"": 30100000, ""projected_pop_2060"": 27500000, ""projected_pop_2080"": 23800000, ""pop_change_pct_2050"": null, ""pop_change_pct_2080"": null, ""receptor_growth_factor_60yr"": null, ""projection_lo_2050"": null, ""projection_hi_2050"": null, ""projection_lo_2080"": null, ""projection_hi_2080"": null, ""growth_classification"": ""stable"", ""urban_expansion_pressure"": null, ""median_age_2050"": 48.2, ""old_age_dependency_2050"": 0.42, ""net_migration_rate_projected"": null, ""projection_source"": ""nso"", ""projection_variant"": ""medium"", ""spatial_level"": ""national""}}",E,1.29,581.77,medium,ERA5 atmospheric dispersion (ref 1991-2020) | prevailing_wind=E(90deg) | mean_speed=1.3m/s | mean_BLH=582m | p5_BLH=378m | stable_frac=0.325 | stability=[A=0.0% B=0.0% C=67.5% D=0.0% E=32.5% F=0.0%] | wind_rose_dominant=E | source=copernicus_era5,,,,sedimentary sands,,medium,,2026-04-20 21:28:51.196860+00:00,audit_postlogging_20260421,api,merge_phase2_20260421
UA,Zaporizhia power station,725406d6-860f-4ca0-9c6a-425675bac381,728.66,173.94,147.11,73.7,57223,139876,288815,1481639,ghsl_pop_100m_r2023a,"5 km: 57,223 pop, 729 p/km²; 16 km: 139,876 pop, 174 p/km²; 25 km: 288,815 pop, 147 p/km²; 80 km: 1,481,639 pop, 74 p/km²; Epoch: 2020; Source: GHS-POP R2023A 100 m (Mollweide)",,,,gisco_urau_2021,No city >50k within search radius; Cities >50k within 25 km: 0; Cities >50k within 80 km: 0; Settlement hierarchy: rural; Source: Eurostat GISCO Urban Audit 2021 + urb_cpop1,-1.667,172907,ghsl_pop_100m_r2023a,"{""ghsl_note"": ""CAGR 2020\u21922030 from GHS-POP R2023A multi-epoch data"", ""s17_eurostat_supplement"": {""base_population"": null, ""base_year"": 2023, ""projected_pop_2030"": 36500000, ""projected_pop_2040"": 33200000, ""projected_pop_2050"": 30100000, ""projected_pop_2060"": 27500000, ""projected_pop_2080"": 23800000, ""pop_change_pct_2050"": null, ""pop_change_pct_2080"": null, ""receptor_growth_factor_60yr"": null, ""projection_lo_2050"": null, ""projection_hi_2050"": null, ""projection_lo_2080"": null, ""projection_hi_2080"": null, ""growth_classification"": ""stable"", ""urban_expansion_pressure"": null, ""median_age_2050"": 48.2, ""old_age_dependency_2050"": 0.42, ""net_migration_rate_projected"": null, ""projection_source"": ""nso"", ""projection_variant"": ""medium"", ""spatial_level"": ""national""}}",NE,1.31,574.86,medium,ERA5 atmospheric dispersion (ref 1991-2020) | prevailing_wind=NE(45deg) | mean_speed=1.3m/s | mean_BLH=575m | p5_BLH=397m | stable_frac=0.328 | stability=[A=0.0% B=0.0% C=67.2% D=0.0% E=32.8% F=0.0%] | wind_rose_dominant=NE | source=copernicus_era5,,,,karsts and chalkstones,,medium,,2026-04-20 21:28:51.207338+00:00,audit_postlogging_20260421,api,merge_phase2_20260421
UA,Zmiivska power station,29b3a802-7ef1-4722-ad59-b1511b1b0075,154.74,52.78,44.44,115.21,12152,42445,87257,2316257,ghsl_pop_100m_r2023a,"5 km: 12,152 pop, 155 p/km²; 16 km: 42,445 pop, 53 p/km²; 25 km: 87,257 pop, 44 p/km²; 80 km: 2,316,257 pop, 115 p/km²; Epoch: 2020; Source: GHS-POP R2023A 100 m (Mollweide)",,,,gisco_urau_2021,No city >50k within search radius; Cities >50k within 25 km: 0; Cities >50k within 80 km: 0; Settlement hierarchy: rural; Source: Eurostat GISCO Urban Audit 2021 + urb_cpop1,-1.429,52233,ghsl_pop_100m_r2023a,"{""ghsl_note"": ""CAGR 2020\u21922030 from GHS-POP R2023A multi-epoch data"", ""s17_eurostat_supplement"": {""base_population"": null, ""base_year"": 2023, ""projected_pop_2030"": 36500000, ""projected_pop_2040"": 33200000, ""projected_pop_2050"": 30100000, ""projected_pop_2060"": 27500000, ""projected_pop_2080"": 23800000, ""pop_change_pct_2050"": null, ""pop_change_pct_2080"": null, ""receptor_growth_factor_60yr"": null, ""projection_lo_2050"": null, ""projection_hi_2050"": null, ""projection_lo_2080"": null, ""projection_hi_2080"": null, ""growth_classification"": ""stable"", ""urban_expansion_pressure"": null, ""median_age_2050"": 48.2, ""old_age_dependency_2050"": 0.42, ""net_migration_rate_projected"": null, ""projection_source"": ""nso"", ""projection_variant"": ""medium"", ""spatial_level"": ""national""}}",ENE,1.3,586.03,medium,ERA5 atmospheric dispersion (ref 1991-2020) | prevailing_wind=ENE(68deg) | mean_speed=1.3m/s | mean_BLH=586m | p5_BLH=376m | stable_frac=0.319 | stability=[A=0.0% B=0.0% C=68.1% D=0.0% E=31.9% F=0.0%] | wind_rose_dominant=ENE | source=copernicus_era5,,,,inland water,,medium,,2026-04-20 21:28:51.218981+00:00,audit_postlogging_20260421,api,merge_phase2_20260421
UA,Zuevskaya power station,f2c061de-66ad-4fce-b911-7f1899f25b75,38.58,281.13,304.41,176.86,3030,226078,597649,3555539,ghsl_pop_100m_r2023a,"5 km: 3,030 pop, 39 p/km²; 16 km: 226,078 pop, 281 p/km²; 25 km: 597,649 pop, 304 p/km²; 80 km: 3,555,539 pop, 177 p/km²; Epoch: 2020; Source: GHS-POP R2023A 100 m (Mollweide)",,,,gisco_urau_2021,No city >50k within search radius; Cities >50k within 25 km: 0; Cities >50k within 80 km: 0; Settlement hierarchy: rural; Source: Eurostat GISCO Urban Audit 2021 + urb_cpop1,-1.593,357791,ghsl_pop_100m_r2023a,"{""ghsl_note"": ""CAGR 2020\u21922030 from GHS-POP R2023A multi-epoch data"", ""s17_eurostat_supplement"": {""base_population"": null, ""base_year"": 2023, ""projected_pop_2030"": 36500000, ""projected_pop_2040"": 33200000, ""projected_pop_2050"": 30100000, ""projected_pop_2060"": 27500000, ""projected_pop_2080"": 23800000, ""pop_change_pct_2050"": null, ""pop_change_pct_2080"": null, ""receptor_growth_factor_60yr"": null, ""projection_lo_2050"": null, ""projection_hi_2050"": null, ""projection_lo_2080"": null, ""projection_hi_2080"": null, ""growth_classification"": ""stable"", ""urban_expansion_pressure"": null, ""median_age_2050"": 48.2, ""old_age_dependency_2050"": 0.42, ""net_migration_rate_projected"": null, ""projection_source"": ""nso"", ""projection_variant"": ""medium"", ""spatial_level"": ""national""}}",E,1.25,582.05,medium,ERA5 atmospheric dispersion (ref 1991-2020) | prevailing_wind=E(90deg) | mean_speed=1.2m/s | mean_BLH=582m | p5_BLH=368m | stable_frac=0.364 | stability=[A=0.0% B=0.0% C=63.6% D=0.0% E=36.4% F=0.0%] | wind_rose_dominant=E | source=copernicus_era5,,,,inland water,,medium,,2026-04-20 21:28:51.230387+00:00,audit_postlogging_20260421,api,merge_phase2_20260421
XK,Istok power station,d9f32912-81f1-4b1c-a2b1-f04298217cec,187.41,64.34,91.53,93.18,14718,51737,179692,1873226,ghsl_pop_100m_r2023a,"5 km: 14,718 pop, 187 p/km²; 16 km: 51,737 pop, 64 p/km²; 25 km: 179,692 pop, 92 p/km²; 80 km: 1,873,226 pop, 93 p/km²; Epoch: 2020; Source: GHS-POP R2023A 100 m (Mollweide)",,,,gisco_urau_2021,No city >50k within search radius; Cities >50k within 25 km: 0; Cities >50k within 80 km: 0; Settlement hierarchy: rural; Source: Eurostat GISCO Urban Audit 2021 + urb_cpop1,-0.063,170177,ghsl_pop_100m_r2023a,"{""ghsl_note"": ""CAGR 2020\u21922030 from GHS-POP R2023A multi-epoch data"", ""s17_eurostat_supplement"": {""base_population"": null, ""base_year"": 2023, ""projected_pop_2030"": 1800000, ""projected_pop_2040"": 1820000, ""projected_pop_2050"": 1810000, ""projected_pop_2060"": 1780000, ""projected_pop_2080"": 1720000, ""pop_change_pct_2050"": null, ""pop_change_pct_2080"": null, ""receptor_growth_factor_60yr"": null, ""projection_lo_2050"": null, ""projection_hi_2050"": null, ""projection_lo_2080"": null, ""projection_hi_2080"": null, ""growth_classification"": ""stable"", ""urban_expansion_pressure"": null, ""median_age_2050"": 38.5, ""old_age_dependency_2050"": 0.28, ""net_migration_rate_projected"": null, ""projection_source"": ""nso"", ""projection_variant"": ""medium"", ""spatial_level"": ""national""}}",NW,0.53,444.07,medium,ERA5 atmospheric dispersion (ref 1991-2020) | prevailing_wind=NW(315deg) | mean_speed=0.5m/s | mean_BLH=444m | p5_BLH=194m | stable_frac=0.564 | stability=[A=0.0% B=0.0% C=43.6% D=0.0% E=56.4% F=0.0%] | wind_rose_dominant=NW | source=copernicus_era5,,,,karsts and chalkstones,,medium,,2026-04-20 21:28:51.240836+00:00,audit_postlogging_20260421,api,merge_phase2_20260421
XK,Kosovo A power station,28be296b-6ef5-4c7e-a604-3af01af45d17,665.21,386.4,254.07,133.59,52240,310726,498811,2685672,ghsl_pop_100m_r2023a,"5 km: 52,240 pop, 665 p/km²; 16 km: 310,726 pop, 386 p/km²; 25 km: 498,811 pop, 254 p/km²; 80 km: 2,685,672 pop, 134 p/km²; Epoch: 2020; Source: GHS-POP R2023A 100 m (Mollweide)",,,,gisco_urau_2021,No city >50k within search radius; Cities >50k within 25 km: 0; Cities >50k within 80 km: 0; Settlement hierarchy: rural; Source: Eurostat GISCO Urban Audit 2021 + urb_cpop1,0.78,472379,ghsl_pop_100m_r2023a,"{""ghsl_note"": ""CAGR 2020\u21922030 from GHS-POP R2023A multi-epoch data"", ""s17_eurostat_supplement"": {""base_population"": null, ""base_year"": 2023, ""projected_pop_2030"": 1800000, ""projected_pop_2040"": 1820000, ""projected_pop_2050"": 1810000, ""projected_pop_2060"": 1780000, ""projected_pop_2080"": 1720000, ""pop_change_pct_2050"": null, ""pop_change_pct_2080"": null, ""receptor_growth_factor_60yr"": null, ""projection_lo_2050"": null, ""projection_hi_2050"": null, ""projection_lo_2080"": null, ""projection_hi_2080"": null, ""growth_classification"": ""stable"", ""urban_expansion_pressure"": null, ""median_age_2050"": 38.5, ""old_age_dependency_2050"": 0.28, ""net_migration_rate_projected"": null, ""projection_source"": ""nso"", ""projection_variant"": ""medium"", ""spatial_level"": ""national""}}",N,0.74,543.89,medium,ERA5 atmospheric dispersion (ref 1991-2020) | prevailing_wind=N(0deg) | mean_speed=0.7m/s | mean_BLH=544m | p5_BLH=263m | stable_frac=0.425 | stability=[A=0.0% B=0.8% C=56.7% D=0.0% E=42.5% F=0.0%] | wind_rose_dominant=N | source=copernicus_era5,,,,sedimentary sands,,medium,,2026-04-20 21:28:51.250693+00:00,audit_postlogging_20260421,api,merge_phase2_20260421
XK,Kosovo B power station,76eba99c-dade-46dc-9130-478e43aa6202,245.23,428.04,262.04,120.63,19258,344215,514468,2425221,ghsl_pop_100m_r2023a,"5 km: 19,258 pop, 245 p/km²; 16 km: 344,215 pop, 428 p/km²; 25 km: 514,468 pop, 262 p/km²; 80 km: 2,425,221 pop, 121 p/km²; Epoch: 2020; Source: GHS-POP R2023A 100 m (Mollweide)",,,,gisco_urau_2021,No city >50k within search radius; Cities >50k within 25 km: 0; Cities >50k within 80 km: 0; Settlement hierarchy: rural; Source: Eurostat GISCO Urban Audit 2021 + urb_cpop1,0.727,487197,ghsl_pop_100m_r2023a,"{""ghsl_note"": ""CAGR 2020\u21922030 from GHS-POP R2023A multi-epoch data"", ""s17_eurostat_supplement"": {""base_population"": null, ""base_year"": 2023, ""projected_pop_2030"": 1800000, ""projected_pop_2040"": 1820000, ""projected_pop_2050"": 1810000, ""projected_pop_2060"": 1780000, ""projected_pop_2080"": 1720000, ""pop_change_pct_2050"": null, ""pop_change_pct_2080"": null, ""receptor_growth_factor_60yr"": null, ""projection_lo_2050"": null, ""projection_hi_2050"": null, ""projection_lo_2080"": null, ""projection_hi_2080"": null, ""growth_classification"": ""stable"", ""urban_expansion_pressure"": null, ""median_age_2050"": 38.5, ""old_age_dependency_2050"": 0.28, ""net_migration_rate_projected"": null, ""projection_source"": ""nso"", ""projection_variant"": ""medium"", ""spatial_level"": ""national""}}",N,0.74,543.89,medium,ERA5 atmospheric dispersion (ref 1991-2020) | prevailing_wind=N(0deg) | mean_speed=0.7m/s | mean_BLH=544m | p5_BLH=263m | stable_frac=0.425 | stability=[A=0.0% B=0.8% C=56.7% D=0.0% E=42.5% F=0.0%] | wind_rose_dominant=N | source=copernicus_era5,,,,sedimentary sands,,medium,,2026-04-20 21:28:51.261027+00:00,audit_postlogging_20260421,api,merge_phase2_20260421
XK,Kosovo C power station,d28fa85d-4f6c-4b26-a585-cb0bed226ecb,2347.92,368.57,235.87,144.9,184387,296390,463077,2913049,ghsl_pop_100m_r2023a,"5 km: 184,387 pop, 2348 p/km²; 16 km: 296,390 pop, 369 p/km²; 25 km: 463,077 pop, 236 p/km²; 80 km: 2,913,049 pop, 145 p/km²; Epoch: 2020; Source: GHS-POP R2023A 100 m (Mollweide)",,,,gisco_urau_2021,No city >50k within search radius; Cities >50k within 25 km: 0; Cities >50k within 80 km: 0; Settlement hierarchy: rural; Source: Eurostat GISCO Urban Audit 2021 + urb_cpop1,0.846,438541,ghsl_pop_100m_r2023a,"{""ghsl_note"": ""CAGR 2020\u21922030 from GHS-POP R2023A multi-epoch data"", ""s17_eurostat_supplement"": {""base_population"": null, ""base_year"": 2023, ""projected_pop_2030"": 1800000, ""projected_pop_2040"": 1820000, ""projected_pop_2050"": 1810000, ""projected_pop_2060"": 1780000, ""projected_pop_2080"": 1720000, ""pop_change_pct_2050"": null, ""pop_change_pct_2080"": null, ""receptor_growth_factor_60yr"": null, ""projection_lo_2050"": null, ""projection_hi_2050"": null, ""projection_lo_2080"": null, ""projection_hi_2080"": null, ""growth_classification"": ""stable"", ""urban_expansion_pressure"": null, ""median_age_2050"": 38.5, ""old_age_dependency_2050"": 0.28, ""net_migration_rate_projected"": null, ""projection_source"": ""nso"", ""projection_variant"": ""medium"", ""spatial_level"": ""national""}}",N,0.75,532.26,medium,ERA5 atmospheric dispersion (ref 1991-2020) | prevailing_wind=N(0deg) | mean_speed=0.8m/s | mean_BLH=532m | p5_BLH=275m | stable_frac=0.408 | stability=[A=0.0% B=0.6% C=58.6% D=0.0% E=40.8% F=0.0%] | wind_rose_dominant=N | source=copernicus_era5,,,,sedimentary sands,,medium,,2026-04-20 21:28:51.271377+00:00,audit_postlogging_20260421,api,merge_phase2_20260421
