country_code,site_name,site_id,ep01_composite_score,ep01_road_score,ep01_special_pop_score,ep01_geography_score,ep01_population_score,ep01_quality,ep01_comment,road_density_km_per_km2,total_road_km,has_motorway_access,ep02_quality,ep02_comment,major_river_barrier,waterway_count_epz,ep03_quality,ep03_comment,hospital_count_epz,prison_count_epz,care_home_count_epz,ep04_quality,ep04_comment,concurrent_hazard_notes,ep05_quality,ep05_comment,fetched_at,run_id,ep01_evacuation_feasible,ep01_terrain_score,ep03_gee_relief_16km_m,ep03_gee_mountain_barrier_score,ep03_cross_source_summary,source_db,merge_run_id
AL,Porto Romano Power Station,e6ecead0-54d1-41fe-8268-1253d0d7ef3e,45.5,42.0,90.0,95.0,60.0,high,"DRV-02 composite: 45.5/100 (FEASIBLE). Sub-scores: ep01_roads=0; ep01_special_pop=90; ep01_geography=95; ep01_terrain=10; ep01_population=60. Sources: osm_overpass, ghsl_pop_100m_r2023a, copernicus_dem_30m.",0.333,653.49,True,medium,ERA5 seasonal constraints proxy (ref 1991-2020) | snow_months=0 | extreme_precip_months=0 | max_snowfall=0.0mm/day | source=copernicus_era5,False,0,medium,"0 waterway(s), major river barrier: no",22,3,0,medium,"22 hospital/clinic, 3 prison, 0 care home within EPZ (total 25 facilities). Source: OSM Overpass [FIX-05 amenities]",,,,2026-04-20 21:28:46.350274+00:00,audit_postlogging_20260421,True,10.0,,,,api,merge_phase2_20260421
AT,Duernrohr power station,6e7fc4d8-636d-411a-baef-e138a5a07acc,52.5,78.2,90.0,95.0,80.0,high,"DRV-02 composite: 52.5/100 (FEASIBLE). Sub-scores: ep01_roads=0; ep01_special_pop=90; ep01_geography=95; ep01_terrain=10; ep01_population=80. Sources: osm_overpass, ghsl_pop_100m_r2023a, copernicus_dem_30m.",1.13,2218.62,True,medium,ERA5 seasonal constraints proxy (ref 1991-2020) | snow_months=0 | extreme_precip_months=0 | max_snowfall=0.1mm/day | source=copernicus_era5,False,0,medium,"0 waterway(s), major river barrier: no",14,3,6,medium,"14 hospital/clinic, 3 prison, 6 care home within EPZ (total 23 facilities). Source: OSM Overpass [FIX-05 amenities]",,,,2026-04-20 21:28:46.379238+00:00,audit_postlogging_20260421,True,10.0,,,,api,merge_phase2_20260421
AT,Enns Power Station,532bfb42-0d4c-42cf-a81a-287f2b3a75bf,45.5,78.6,90.0,95.0,60.0,high,"DRV-02 composite: 45.5/100 (FEASIBLE). Sub-scores: ep01_roads=0; ep01_special_pop=90; ep01_geography=95; ep01_terrain=10; ep01_population=60. Sources: osm_overpass, ghsl_pop_100m_r2023a, copernicus_dem_30m.",1.145,2248.7,True,medium,ERA5 seasonal constraints proxy (ref 1991-2020) | snow_months=0 | extreme_precip_months=0 | max_snowfall=0.1mm/day | source=copernicus_era5,False,0,medium,"0 waterway(s), major river barrier: no",37,4,30,medium,"37 hospital/clinic, 4 prison, 30 care home within EPZ (total 71 facilities). Source: OSM Overpass [FIX-05 amenities]",,,,2026-04-20 21:28:46.392057+00:00,audit_postlogging_20260421,True,10.0,,,,api,merge_phase2_20260421
AT,Mellach power station,90820fe3-9889-4faf-9906-7c528f8d7bc5,52.5,74.2,90.0,95.0,80.0,high,"DRV-02 composite: 52.5/100 (FEASIBLE). Sub-scores: ep01_roads=0; ep01_special_pop=90; ep01_geography=95; ep01_terrain=10; ep01_population=80. Sources: osm_overpass, ghsl_pop_100m_r2023a, copernicus_dem_30m.",0.968,1901.11,True,medium,ERA5 seasonal constraints proxy (ref 1991-2020) | snow_months=0 | extreme_precip_months=0 | max_snowfall=0.1mm/day | source=copernicus_era5,False,0,medium,"0 waterway(s), major river barrier: no",39,3,5,medium,"39 hospital/clinic, 3 prison, 5 care home within EPZ (total 47 facilities). Source: OSM Overpass [FIX-05 amenities]",,,,2026-04-20 21:28:46.425924+00:00,audit_postlogging_20260421,True,10.0,,,,api,merge_phase2_20260421
AT,Riedersbach power station,660d9d71-6733-4294-951b-1c58614d58cf,55.6,66.4,0.0,95.0,80.0,high,"DRV-02 composite: 55.6/100 (FEASIBLE). Sub-scores: ep01_roads=66; ep01_special_pop=0; ep01_geography=95; ep01_terrain=10; ep01_population=80. Sources: osm_overpass, ghsl_pop_100m_r2023a, copernicus_dem_30m.",0.74,1452.14,True,medium,ERA5 seasonal constraints proxy (ref 1991-2020) | snow_months=3 | extreme_precip_months=0 | max_snowfall=0.2mm/day | source=copernicus_era5,False,0,medium,"0 waterway(s), major river barrier: no",17,3,2,medium,"17 hospital/clinic, 3 prison, 2 care home within EPZ",,,,2026-04-20 21:28:46.438095+00:00,audit_postlogging_20260421,True,10.0,,,,api,merge_phase2_20260421
AT,St Andrae power station,021c723b-98af-4b72-8f6c-ade538885f10,52.5,50.4,90.0,95.0,80.0,high,"DRV-02 composite: 52.5/100 (FEASIBLE). Sub-scores: ep01_roads=0; ep01_special_pop=90; ep01_geography=95; ep01_terrain=10; ep01_population=80. Sources: osm_overpass, ghsl_pop_100m_r2023a, copernicus_dem_30m.",0.474,931.49,True,medium,ERA5 seasonal constraints proxy (ref 1991-2020) | snow_months=1 | extreme_precip_months=0 | max_snowfall=0.1mm/day | source=copernicus_era5,False,0,medium,"0 waterway(s), major river barrier: no",2,0,0,medium,"2 hospital/clinic, 0 prison, 0 care home within EPZ (total 2 facilities). Source: OSM Overpass [FIX-05 amenities]",,,,2026-04-20 21:28:46.453518+00:00,audit_postlogging_20260421,True,10.0,,,,api,merge_phase2_20260421
AT,Timelkam power station,2dcd2c6d-f375-4408-9492-7910662fac03,44.0,67.6,90.0,10.0,80.0,high,"DRV-02 composite: 44.0/100 (FEASIBLE). Sub-scores: ep01_roads=0; ep01_special_pop=90; ep01_geography=10; ep01_terrain=10; ep01_population=80. Sources: osm_overpass, ghsl_pop_100m_r2023a, copernicus_dem_30m.",0.76,1492.87,True,medium,ERA5 seasonal constraints proxy (ref 1991-2020) | snow_months=4 | extreme_precip_months=0 | max_snowfall=0.2mm/day | source=copernicus_era5,True,163,medium,"163 waterway(s), major river barrier: yes",13,1,9,medium,"13 hospital/clinic, 1 prison, 9 care home within EPZ (total 23 facilities). Source: OSM Overpass [FIX-05 amenities]",,,,2026-04-20 21:28:46.466779+00:00,audit_postlogging_20260421,True,10.0,,,,api,merge_phase2_20260421
AT,Voitsberg power station,99d712ac-7993-4186-8a0e-2e88bae7e90f,55.4,65.4,0.0,95.0,80.0,high,"DRV-02 composite: 55.4/100 (FEASIBLE). Sub-scores: ep01_roads=65; ep01_special_pop=0; ep01_geography=95; ep01_terrain=10; ep01_population=80. Sources: osm_overpass, ghsl_pop_100m_r2023a, copernicus_dem_30m.",0.723,1419.86,True,medium,ERA5 seasonal constraints proxy (ref 1991-2020) | snow_months=0 | extreme_precip_months=0 | max_snowfall=0.1mm/day | source=copernicus_era5,False,0,medium,"0 waterway(s), major river barrier: no",38,4,4,medium,"38 hospital/clinic, 4 prison, 4 care home within EPZ",,,,2026-04-20 21:28:46.479046+00:00,audit_postlogging_20260421,True,10.0,,,,api,merge_phase2_20260421
AT,Zeltweg power station,33d83e11-cfcd-47cb-be5e-82ca0fc352cc,57.8,55.6,90.0,95.0,95.0,high,"DRV-02 composite: 57.8/100 (FEASIBLE). Sub-scores: ep01_roads=0; ep01_special_pop=90; ep01_geography=95; ep01_terrain=10; ep01_population=95. Sources: osm_overpass, ghsl_pop_100m_r2023a, copernicus_dem_30m.",0.56,1099.19,True,medium,ERA5 seasonal constraints proxy (ref 1991-2020) | snow_months=2 | extreme_precip_months=0 | max_snowfall=0.1mm/day | source=copernicus_era5,False,0,medium,"0 waterway(s), major river barrier: no",11,2,3,medium,"11 hospital/clinic, 2 prison, 3 care home within EPZ (total 16 facilities). Source: OSM Overpass [FIX-05 amenities]",,,,2026-04-20 21:28:46.493456+00:00,audit_postlogging_20260421,True,10.0,,,,api,merge_phase2_20260421
BA,Banovici power station,82011c29-a3d3-4a81-a27b-019d2649a251,44.0,25.0,90.0,10.0,80.0,high,"DRV-02 composite: 44.0/100 (FEASIBLE). Sub-scores: ep01_roads=0; ep01_special_pop=90; ep01_geography=10; ep01_terrain=10; ep01_population=80. Sources: osm_overpass, ghsl_pop_100m_r2023a, copernicus_dem_30m.",0.25,491.23,False,medium,ERA5 seasonal constraints proxy (ref 1991-2020) | snow_months=3 | extreme_precip_months=0 | max_snowfall=0.1mm/day | source=copernicus_era5,True,119,medium,"119 waterway(s), major river barrier: yes",26,1,1,medium,"26 hospital/clinic, 1 prison, 1 care home within EPZ (total 28 facilities). Source: OSM Overpass [FIX-05 amenities]",,,,2026-04-20 21:28:46.507604+00:00,audit_postlogging_20260421,True,10.0,,,,api,merge_phase2_20260421
BA,Bugojno Thermal Power Project,67e5a20f-e3ab-4c18-9864-cf4591d6e15f,50.6,20.3,90.0,95.0,60.0,high,"DRV-02 composite: 50.6/100 (FEASIBLE). Sub-scores: ep01_roads=20; ep01_special_pop=90; ep01_geography=95; ep01_terrain=10; ep01_population=60. Sources: osm_overpass, ghsl_pop_100m_r2023a, copernicus_dem_30m.",0.203,397.65,False,medium,ERA5 seasonal constraints proxy (ref 1991-2020) | snow_months=6 | extreme_precip_months=0 | max_snowfall=0.2mm/day | source=copernicus_era5,False,0,medium,"0 waterway(s), major river barrier: no",5,0,0,medium,"5 hospital/clinic, 0 prison, 0 care home within EPZ (total 5 facilities). Source: OSM Overpass [FIX-05 amenities]",,,,2026-04-20 21:28:46.519671+00:00,audit_postlogging_20260421,True,10.0,,,,api,merge_phase2_20260421
BA,Gacko Thermal Power Plant,85257083-08d1-4560-b198-a9df414da4a9,49.3,12.9,90.0,10.0,95.0,high,"DRV-02 composite: 49.2/100 (FEASIBLE). Sub-scores: ep01_roads=0; ep01_special_pop=90; ep01_geography=10; ep01_terrain=10; ep01_population=95. Sources: osm_overpass, ghsl_pop_100m_r2023a, copernicus_dem_30m.",0.129,253.62,False,medium,ERA5 seasonal constraints proxy (ref 1991-2020) | snow_months=4 | extreme_precip_months=0 | max_snowfall=0.3mm/day | source=copernicus_era5,True,17,medium,"17 waterway(s), major river barrier: yes",2,0,0,medium,"2 hospital/clinic, 0 prison, 0 care home within EPZ (total 2 facilities). Source: OSM Overpass [FIX-05 amenities]",,,,2026-04-20 21:28:46.533432+00:00,audit_postlogging_20260421,True,10.0,,,,api,merge_phase2_20260421
BA,Glinica power station,e2d645e3-c829-4aac-8f6f-d6a5507fd5fa,36.8,44.3,90.0,95.0,35.0,high,"DRV-02 composite: 36.8/100 (FEASIBLE). Sub-scores: ep01_roads=0; ep01_special_pop=90; ep01_geography=95; ep01_terrain=10; ep01_population=35. Sources: osm_overpass, ghsl_pop_100m_r2023a, copernicus_dem_30m.",0.371,729.42,True,medium,ERA5 seasonal constraints proxy (ref 1991-2020) | snow_months=0 | extreme_precip_months=0 | max_snowfall=0.1mm/day | source=copernicus_era5,False,0,medium,"0 waterway(s), major river barrier: no",29,1,1,medium,"29 hospital/clinic, 1 prison, 1 care home within EPZ (total 31 facilities). Source: OSM Overpass [FIX-05 amenities]",,,,2026-04-20 21:28:46.547884+00:00,audit_postlogging_20260421,True,10.0,,,,api,merge_phase2_20260421
BA,Kakanj Thermal Power Plant,e671be33-8b91-40bd-b563-b833293654aa,37.0,43.8,90.0,10.0,60.0,high,"DRV-02 composite: 37.0/100 (FEASIBLE). Sub-scores: ep01_roads=0; ep01_special_pop=90; ep01_geography=10; ep01_terrain=10; ep01_population=60. Sources: osm_overpass, ghsl_pop_100m_r2023a, copernicus_dem_30m.",0.363,712.04,True,medium,ERA5 seasonal constraints proxy (ref 1991-2020) | snow_months=4 | extreme_precip_months=0 | max_snowfall=0.2mm/day | source=copernicus_era5,True,83,medium,"83 waterway(s), major river barrier: yes",18,1,0,medium,"18 hospital/clinic, 1 prison, 0 care home within EPZ (total 19 facilities). Source: OSM Overpass [FIX-05 amenities]",,,,2026-04-20 21:28:46.560564+00:00,audit_postlogging_20260421,True,10.0,,,,api,merge_phase2_20260421
BA,Kamengrad Thermal Power Plant,344e0e9a-558e-4749-bb66-cd746be50cbd,52.3,27.0,90.0,95.0,60.0,high,"DRV-02 composite: 52.2/100 (FEASIBLE). Sub-scores: ep01_roads=27; ep01_special_pop=90; ep01_geography=95; ep01_terrain=10; ep01_population=60. Sources: osm_overpass, ghsl_pop_100m_r2023a, copernicus_dem_30m.",0.27,530.32,False,medium,ERA5 seasonal constraints proxy (ref 1991-2020) | snow_months=4 | extreme_precip_months=0 | max_snowfall=0.2mm/day | source=copernicus_era5,False,0,medium,"0 waterway(s), major river barrier: no",13,0,0,medium,"13 hospital/clinic, 0 prison, 0 care home within EPZ (total 13 facilities). Source: OSM Overpass [FIX-05 amenities]",,,,2026-04-20 21:28:46.572337+00:00,audit_postlogging_20260421,True,10.0,,,,api,merge_phase2_20260421
BA,Kongora Thermal Power Plant,0155b913-765f-4d44-89f5-c176b6867cef,57.8,30.7,90.0,95.0,95.0,high,"DRV-02 composite: 57.8/100 (FEASIBLE). Sub-scores: ep01_roads=0; ep01_special_pop=90; ep01_geography=95; ep01_terrain=10; ep01_population=95. Sources: osm_overpass, ghsl_pop_100m_r2023a, copernicus_dem_30m.",0.311,611.19,False,medium,ERA5 seasonal constraints proxy (ref 1991-2020) | snow_months=4 | extreme_precip_months=0 | max_snowfall=0.2mm/day | source=copernicus_era5,False,0,medium,"0 waterway(s), major river barrier: no",6,0,1,medium,"6 hospital/clinic, 0 prison, 1 care home within EPZ (total 7 facilities). Source: OSM Overpass [FIX-05 amenities]",,,,2026-04-20 21:28:46.584913+00:00,audit_postlogging_20260421,True,10.0,,,,api,merge_phase2_20260421
BA,Miljevina power station,aa0bdb5e-45aa-4d15-8aee-cb5b0e14f5d9,63.0,21.1,90.0,95.0,95.0,high,"DRV-02 composite: 63.0/100 (FEASIBLE). Sub-scores: ep01_roads=21; ep01_special_pop=90; ep01_geography=95; ep01_terrain=10; ep01_population=95. Sources: osm_overpass, ghsl_pop_100m_r2023a, copernicus_dem_30m.",0.211,413.66,False,medium,ERA5 seasonal constraints proxy (ref 1991-2020) | snow_months=4 | extreme_precip_months=0 | max_snowfall=0.2mm/day | source=copernicus_era5,False,0,medium,"0 waterway(s), major river barrier: no",9,2,0,medium,"9 hospital/clinic, 2 prison, 0 care home within EPZ (total 11 facilities). Source: OSM Overpass [FIX-05 amenities]",,,,2026-04-20 21:28:46.597673+00:00,audit_postlogging_20260421,True,10.0,,,,api,merge_phase2_20260421
BA,Stanari Thermal Power Plant,e75c63e5-ef2f-4e08-8f8c-3da41215af9d,57.8,49.4,90.0,95.0,95.0,high,"DRV-02 composite: 57.8/100 (FEASIBLE). Sub-scores: ep01_roads=0; ep01_special_pop=90; ep01_geography=95; ep01_terrain=10; ep01_population=95. Sources: osm_overpass, ghsl_pop_100m_r2023a, copernicus_dem_30m.",0.457,897.05,True,medium,ERA5 seasonal constraints proxy (ref 1991-2020) | snow_months=3 | extreme_precip_months=0 | max_snowfall=0.1mm/day | source=copernicus_era5,False,0,medium,"0 waterway(s), major river barrier: no",26,0,0,medium,"26 hospital/clinic, 0 prison, 0 care home within EPZ (total 26 facilities). Source: OSM Overpass [FIX-05 amenities]",,,,2026-04-20 21:28:46.609967+00:00,audit_postlogging_20260421,True,10.0,,,,api,merge_phase2_20260421
BA,Tuzla Thermal Power Plant,0fb50bcc-5616-40d8-9109-8136a958f18d,45.5,28.3,90.0,95.0,60.0,high,"DRV-02 composite: 45.5/100 (FEASIBLE). Sub-scores: ep01_roads=0; ep01_special_pop=90; ep01_geography=95; ep01_terrain=10; ep01_population=60. Sources: osm_overpass, ghsl_pop_100m_r2023a, copernicus_dem_30m.",0.283,556.03,False,medium,ERA5 seasonal constraints proxy (ref 1991-2020) | snow_months=3 | extreme_precip_months=0 | max_snowfall=0.1mm/day | source=copernicus_era5,False,0,medium,"0 waterway(s), major river barrier: no",32,1,1,medium,"32 hospital/clinic, 1 prison, 1 care home within EPZ (total 34 facilities). Source: OSM Overpass [FIX-05 amenities]",,,,2026-04-20 21:28:46.621723+00:00,audit_postlogging_20260421,True,10.0,,,,api,merge_phase2_20260421
BA,Ugljevik power station,a23d073a-cbbd-469a-b134-380945fd3f4c,64.8,49.2,90.0,95.0,80.0,high,"DRV-02 composite: 64.8/100 (FEASIBLE). Sub-scores: ep01_roads=49; ep01_special_pop=90; ep01_geography=95; ep01_terrain=10; ep01_population=80. Sources: osm_overpass, ghsl_pop_100m_r2023a, copernicus_dem_30m.",0.453,890.23,True,medium,ERA5 seasonal constraints proxy (ref 1991-2020) | snow_months=0 | extreme_precip_months=0 | max_snowfall=0.1mm/day | source=copernicus_era5,False,0,medium,"0 waterway(s), major river barrier: no",28,2,0,medium,"28 hospital/clinic, 2 prison, 0 care home within EPZ (total 30 facilities). Source: OSM Overpass [FIX-05 amenities]",,,,2026-04-20 21:28:46.634194+00:00,audit_postlogging_20260421,True,10.0,,,,api,merge_phase2_20260421
BG,Bobov Dol power station,b01fe781-dbc7-40f8-a544-946288020042,57.8,38.9,90.0,95.0,95.0,high,"DRV-02 composite: 57.8/100 (FEASIBLE). Sub-scores: ep01_roads=0; ep01_special_pop=90; ep01_geography=95; ep01_terrain=10; ep01_population=95. Sources: osm_overpass, ghsl_pop_100m_r2023a, copernicus_dem_30m.",0.289,566.5,True,medium,ERA5 seasonal constraints proxy (ref 1991-2020) | snow_months=0 | extreme_precip_months=0 | max_snowfall=0.1mm/day | source=copernicus_era5,False,0,medium,"0 waterway(s), major river barrier: no",7,2,0,medium,"7 hospital/clinic, 2 prison, 0 care home within EPZ (total 9 facilities). Source: OSM Overpass [FIX-05 amenities]",,,,2026-04-20 21:28:46.646571+00:00,audit_postlogging_20260421,True,10.0,,,,api,merge_phase2_20260421
BG,Brikel power station,fee1d5b3-827f-4172-8492-a3e114a3c39e,52.5,38.9,90.0,95.0,80.0,high,"DRV-02 composite: 52.5/100 (FEASIBLE). Sub-scores: ep01_roads=0; ep01_special_pop=90; ep01_geography=95; ep01_terrain=10; ep01_population=80. Sources: osm_overpass, ghsl_pop_100m_r2023a, copernicus_dem_30m.",0.289,566.47,True,medium,ERA5 seasonal constraints proxy (ref 1991-2020) | snow_months=0 | extreme_precip_months=0 | max_snowfall=0.1mm/day | source=copernicus_era5,False,0,medium,"0 waterway(s), major river barrier: no",5,0,1,medium,"5 hospital/clinic, 0 prison, 1 care home within EPZ (total 6 facilities). Source: OSM Overpass [FIX-05 amenities]",,,,2026-04-20 21:28:46.659316+00:00,audit_postlogging_20260421,True,10.0,,,,api,merge_phase2_20260421
BG,Deven power station,398cc0f2-25d5-428a-93c9-5e4859680e86,52.5,45.9,90.0,95.0,80.0,high,"DRV-02 composite: 52.5/100 (FEASIBLE). Sub-scores: ep01_roads=0; ep01_special_pop=90; ep01_geography=95; ep01_terrain=10; ep01_population=80. Sources: osm_overpass, ghsl_pop_100m_r2023a, copernicus_dem_30m.",0.399,782.99,True,medium,ERA5 seasonal constraints proxy (ref 1991-2020) | snow_months=0 | extreme_precip_months=0 | max_snowfall=0.1mm/day | source=copernicus_era5,False,0,medium,"0 waterway(s), major river barrier: no",66,3,0,medium,"66 hospital/clinic, 3 prison, 0 care home within EPZ (total 69 facilities). Source: OSM Overpass [FIX-05 amenities]",,,,2026-04-20 21:28:46.672049+00:00,audit_postlogging_20260421,True,10.0,,,,api,merge_phase2_20260421
BG,Lom Power Station,30c9e377-b575-46fa-880f-922c46e6500a,52.5,23.2,90.0,95.0,80.0,high,"DRV-02 composite: 52.5/100 (FEASIBLE). Sub-scores: ep01_roads=0; ep01_special_pop=90; ep01_geography=95; ep01_terrain=10; ep01_population=80. Sources: osm_overpass, ghsl_pop_100m_r2023a, copernicus_dem_30m.",0.232,455.64,False,medium,ERA5 seasonal constraints proxy (ref 1991-2020) | snow_months=0 | extreme_precip_months=0 | max_snowfall=0.1mm/day | source=copernicus_era5,False,0,medium,"0 waterway(s), major river barrier: no",6,0,0,medium,"6 hospital/clinic, 0 prison, 0 care home within EPZ (total 6 facilities). Source: OSM Overpass [FIX-05 amenities]",,,,2026-04-20 21:28:46.684448+00:00,audit_postlogging_20260421,True,10.0,,,,api,merge_phase2_20260421
BG,Maritsa 3 power station,3bb6666f-de2f-4c6f-a28e-c3bddb71b54a,45.5,45.5,90.0,95.0,60.0,high,"DRV-02 composite: 45.5/100 (FEASIBLE). Sub-scores: ep01_roads=0; ep01_special_pop=90; ep01_geography=95; ep01_terrain=10; ep01_population=60. Sources: osm_overpass, ghsl_pop_100m_r2023a, copernicus_dem_30m.",0.392,770.02,True,medium,ERA5 seasonal constraints proxy (ref 1991-2020) | snow_months=0 | extreme_precip_months=0 | max_snowfall=0.1mm/day | source=copernicus_era5,False,0,medium,"0 waterway(s), major river barrier: no",15,0,0,medium,"15 hospital/clinic, 0 prison, 0 care home within EPZ (total 15 facilities). Source: OSM Overpass [FIX-05 amenities]",,,,2026-04-20 21:28:46.696444+00:00,audit_postlogging_20260421,True,10.0,,,,api,merge_phase2_20260421
BG,Maritsa Iztok-1 power station,d12d7173-8595-4b53-92af-75b44b5a2fb7,52.5,38.3,90.0,95.0,80.0,high,"DRV-02 composite: 52.5/100 (FEASIBLE). Sub-scores: ep01_roads=0; ep01_special_pop=90; ep01_geography=95; ep01_terrain=10; ep01_population=80. Sources: osm_overpass, ghsl_pop_100m_r2023a, copernicus_dem_30m.",0.283,554.83,True,medium,ERA5 seasonal constraints proxy (ref 1991-2020) | snow_months=0 | extreme_precip_months=0 | max_snowfall=0.1mm/day | source=copernicus_era5,False,0,medium,"0 waterway(s), major river barrier: no",5,0,0,medium,"5 hospital/clinic, 0 prison, 0 care home within EPZ (total 5 facilities). Source: OSM Overpass [FIX-05 amenities]",,,,2026-04-20 21:28:46.710216+00:00,audit_postlogging_20260421,True,10.0,,,,api,merge_phase2_20260421
BG,Maritsa Iztok-2 power station,ec5f337a-ca52-4b86-a0f4-4933eac349e3,47.3,38.1,20.0,95.0,95.0,high,"DRV-02 composite: 47.2/100 (FEASIBLE). Sub-scores: ep01_roads=0; ep01_special_pop=20; ep01_geography=95; ep01_terrain=10; ep01_population=95. Sources: osm_overpass, ghsl_pop_100m_r2023a, copernicus_dem_30m.",0.281,551.24,True,medium,ERA5 seasonal constraints proxy (ref 1991-2020) | snow_months=0 | extreme_precip_months=0 | max_snowfall=0.1mm/day | source=copernicus_era5,False,0,medium,"0 waterway(s), major river barrier: no",3,0,0,medium,"3 hospital/clinic, 0 prison, 0 care home within EPZ",,,,2026-04-20 21:28:46.721754+00:00,audit_postlogging_20260421,True,10.0,,,,api,merge_phase2_20260421
BG,Maritsa Iztok-3 power station,0e860f58-416b-4116-836d-04edf8ded225,57.8,35.7,90.0,95.0,95.0,high,"DRV-02 composite: 57.8/100 (FEASIBLE). Sub-scores: ep01_roads=0; ep01_special_pop=90; ep01_geography=95; ep01_terrain=10; ep01_population=95. Sources: osm_overpass, ghsl_pop_100m_r2023a, copernicus_dem_30m.",0.257,504.59,True,medium,ERA5 seasonal constraints proxy (ref 1991-2020) | snow_months=0 | extreme_precip_months=0 | max_snowfall=0.1mm/day | source=copernicus_era5,False,0,medium,"0 waterway(s), major river barrier: no",5,0,0,medium,"5 hospital/clinic, 0 prison, 0 care home within EPZ (total 5 facilities). Source: OSM Overpass [FIX-05 amenities]",,,,2026-04-20 21:28:46.733991+00:00,audit_postlogging_20260421,True,10.0,,,,api,merge_phase2_20260421
BG,Maritsa Iztok-4 power station,b1bcb7d3-cd40-40c9-9c59-a01fa71053b3,47.3,35.7,20.0,95.0,95.0,high,"DRV-02 composite: 47.2/100 (FEASIBLE). Sub-scores: ep01_roads=0; ep01_special_pop=20; ep01_geography=95; ep01_terrain=10; ep01_population=95. Sources: osm_overpass, ghsl_pop_100m_r2023a, copernicus_dem_30m.",0.257,505.37,True,medium,ERA5 seasonal constraints proxy (ref 1991-2020) | snow_months=0 | extreme_precip_months=0 | max_snowfall=0.1mm/day | source=copernicus_era5,False,0,medium,"0 waterway(s), major river barrier: no",5,0,0,medium,"5 hospital/clinic, 0 prison, 0 care home within EPZ",,,,2026-04-20 21:28:46.746504+00:00,audit_postlogging_20260421,True,10.0,,,,api,merge_phase2_20260421
BG,Republika power station,33a015dd-51e0-497e-b0d3-4b1b3f070438,24.8,59.7,10.0,95.0,35.0,high,"DRV-02 composite: 24.8/100 (NOT FEASIBLE). Sub-scores: ep01_roads=0; ep01_special_pop=10; ep01_geography=95; ep01_terrain=10; ep01_population=35. Sources: osm_overpass, ghsl_pop_100m_r2023a, copernicus_dem_30m.",0.629,1234.28,True,medium,ERA5 seasonal constraints proxy (ref 1991-2020) | snow_months=0 | extreme_precip_months=0 | max_snowfall=0.1mm/day | source=copernicus_era5,False,0,medium,"0 waterway(s), major river barrier: no",288,1,2,medium,"288 hospital/clinic, 1 prison, 2 care home within EPZ",,,,2026-04-20 21:28:46.758142+00:00,audit_postlogging_20260421,False,10.0,,,,api,merge_phase2_20260421
BG,Ruse Iztok power station,704ef487-f600-4f23-b06e-a0f81b627597,41.9,42.5,90.0,95.0,19.3,high,"DRV-02 composite: 41.9/100 (FEASIBLE). Sub-scores: ep01_roads=42; ep01_special_pop=90; ep01_geography=95; ep01_terrain=10; ep01_population=19. Sources: osm_overpass, ghsl_pop_100m_r2023a, copernicus_dem_30m.",0.342,670.76,True,medium,ERA5 seasonal constraints proxy (ref 1991-2020) | snow_months=0 | extreme_precip_months=0 | max_snowfall=0.1mm/day | source=copernicus_era5,False,0,medium,"0 waterway(s), major river barrier: no",27,1,1,medium,"27 hospital/clinic, 1 prison, 1 care home within EPZ (total 29 facilities). Source: OSM Overpass [FIX-05 amenities]",,,,2026-04-20 21:28:46.770130+00:00,audit_postlogging_20260421,True,10.0,,,,api,merge_phase2_20260421
BG,Sliven power station,93685558-3355-4da2-9a4a-4cccd89f9269,36.8,42.5,90.0,95.0,35.0,high,"DRV-02 composite: 36.8/100 (FEASIBLE). Sub-scores: ep01_roads=0; ep01_special_pop=90; ep01_geography=95; ep01_terrain=10; ep01_population=35. Sources: osm_overpass, ghsl_pop_100m_r2023a, copernicus_dem_30m.",0.342,671.07,True,medium,ERA5 seasonal constraints proxy (ref 1991-2020) | snow_months=0 | extreme_precip_months=0 | max_snowfall=0.1mm/day | source=copernicus_era5,False,0,medium,"0 waterway(s), major river barrier: no",31,2,0,medium,"31 hospital/clinic, 2 prison, 0 care home within EPZ (total 33 facilities). Source: OSM Overpass [FIX-05 amenities]",,,,2026-04-20 21:28:46.782825+00:00,audit_postlogging_20260421,True,10.0,,,,api,merge_phase2_20260421
BG,Svilosa power station,2fb27566-cc7b-4530-8ff9-e55e3a1985bd,40.5,17.7,10.0,95.0,80.0,high,"DRV-02 composite: 40.5/100 (FEASIBLE). Sub-scores: ep01_roads=0; ep01_special_pop=10; ep01_geography=95; ep01_terrain=10; ep01_population=80. Sources: osm_overpass, ghsl_pop_100m_r2023a, copernicus_dem_30m.",0.177,347.54,False,medium,ERA5 seasonal constraints proxy (ref 1991-2020) | snow_months=0 | extreme_precip_months=0 | max_snowfall=0.1mm/day | source=copernicus_era5,False,0,medium,"0 waterway(s), major river barrier: no",7,1,0,medium,"7 hospital/clinic, 1 prison, 0 care home within EPZ",,,,2026-04-20 21:28:46.795901+00:00,audit_postlogging_20260421,True,10.0,,,,api,merge_phase2_20260421
BG,Varna power station,85c56b15-450b-4bb1-b75e-5ea00ee51cb2,44.0,44.2,90.0,10.0,80.0,high,"DRV-02 composite: 44.0/100 (FEASIBLE). Sub-scores: ep01_roads=0; ep01_special_pop=90; ep01_geography=10; ep01_terrain=10; ep01_population=80. Sources: osm_overpass, ghsl_pop_100m_r2023a, copernicus_dem_30m.",0.37,726.12,True,medium,ERA5 seasonal constraints proxy (ref 1991-2020) | snow_months=0 | extreme_precip_months=0 | max_snowfall=0.1mm/day | source=copernicus_era5,True,46,medium,"46 waterway(s), major river barrier: yes",68,3,0,medium,"68 hospital/clinic, 3 prison, 0 care home within EPZ (total 71 facilities). Source: OSM Overpass [FIX-05 amenities]",,,,2026-04-20 21:28:46.816172+00:00,audit_postlogging_20260421,True,10.0,,,,api,merge_phase2_20260421
BG,Vidin Works power station,a064c7ae-e699-4a94-a18c-79bdfe42bce3,52.5,40.0,90.0,95.0,80.0,high,"DRV-02 composite: 52.5/100 (FEASIBLE). Sub-scores: ep01_roads=0; ep01_special_pop=90; ep01_geography=95; ep01_terrain=10; ep01_population=80. Sources: osm_overpass, ghsl_pop_100m_r2023a, copernicus_dem_30m.",0.3,588.65,True,medium,ERA5 seasonal constraints proxy (ref 1991-2020) | snow_months=0 | extreme_precip_months=0 | max_snowfall=0.1mm/day | source=copernicus_era5,False,0,medium,"0 waterway(s), major river barrier: no",15,0,1,medium,"15 hospital/clinic, 0 prison, 1 care home within EPZ (total 16 facilities). Source: OSM Overpass [FIX-05 amenities]",,,,2026-04-20 21:28:46.828576+00:00,audit_postlogging_20260421,True,10.0,,,,api,merge_phase2_20260421
BY,Lelchitsy power station,68aabff9-e662-4b9f-b37d-4c2ebc5f7539,52.5,20.6,90.0,95.0,80.0,high,"DRV-02 composite: 52.5/100 (FEASIBLE). Sub-scores: ep01_roads=0; ep01_special_pop=90; ep01_geography=95; ep01_terrain=10; ep01_population=80. Sources: osm_overpass, ghsl_pop_100m_r2023a, copernicus_dem_30m.",0.206,404.72,False,medium,ERA5 seasonal constraints proxy (ref 1991-2020) | snow_months=0 | extreme_precip_months=0 | max_snowfall=0.1mm/day | source=copernicus_era5,False,0,medium,"0 waterway(s), major river barrier: no",4,0,0,medium,"4 hospital/clinic, 0 prison, 0 care home within EPZ (total 4 facilities). Source: OSM Overpass [FIX-05 amenities]",,,,2026-04-20 21:28:46.840975+00:00,audit_postlogging_20260421,True,10.0,,,,api,merge_phase2_20260421
BY,Zelwa power station,fac3d0b5-36a5-48ae-8494-f2f08e4342f4,57.8,44.4,90.0,95.0,95.0,high,"DRV-02 composite: 57.8/100 (FEASIBLE). Sub-scores: ep01_roads=0; ep01_special_pop=90; ep01_geography=95; ep01_terrain=10; ep01_population=95. Sources: osm_overpass, ghsl_pop_100m_r2023a, copernicus_dem_30m.",0.54,1061.23,False,medium,ERA5 seasonal constraints proxy (ref 1991-2020) | snow_months=0 | extreme_precip_months=0 | max_snowfall=0.1mm/day | source=copernicus_era5,False,0,medium,"0 waterway(s), major river barrier: no",10,1,0,medium,"10 hospital/clinic, 1 prison, 0 care home within EPZ (total 11 facilities). Source: OSM Overpass [FIX-05 amenities]",,,,2026-04-20 21:28:46.852863+00:00,audit_postlogging_20260421,True,10.0,,,,api,merge_phase2_20260421
CZ,Chvaletice power station,d762ceeb-514f-43a6-9f91-a2d422ed6c60,60.8,76.0,90.0,95.0,95.0,high,"DRV-02 composite: 60.8/100 (FEASIBLE). Sub-scores: ep01_roads=0; ep01_special_pop=90; ep01_geography=95; ep01_terrain=30; ep01_population=95. Sources: osm_overpass, ghsl_pop_100m_r2023a, copernicus_dem_30m.",1.038,2038.96,True,medium,ERA5 seasonal constraints proxy (ref 1991-2020) | snow_months=0 | extreme_precip_months=0 | max_snowfall=0.1mm/day | source=copernicus_era5,False,0,medium,"0 waterway(s), major river barrier: no",28,1,1,medium,"28 hospital/clinic, 1 prison, 1 care home within EPZ (total 30 facilities). Source: OSM Overpass [FIX-05 amenities]",,,,2026-04-20 21:28:46.864716+00:00,audit_postlogging_20260421,True,30.0,,,,api,merge_phase2_20260421
CZ,Detmarovice power station,a733fc13-11a4-4722-b62d-85c85a4f8ef3,37.0,77.2,90.0,10.0,60.0,high,"DRV-02 composite: 37.0/100 (FEASIBLE). Sub-scores: ep01_roads=0; ep01_special_pop=90; ep01_geography=10; ep01_terrain=10; ep01_population=60. Sources: osm_overpass, ghsl_pop_100m_r2023a, copernicus_dem_30m.",1.089,2138.63,True,medium,ERA5 seasonal constraints proxy (ref 1991-2020) | snow_months=0 | extreme_precip_months=0 | max_snowfall=0.1mm/day | source=copernicus_era5,True,224,medium,"224 waterway(s), major river barrier: yes",63,5,5,medium,"63 hospital/clinic, 5 prison, 5 care home within EPZ (total 73 facilities). Source: OSM Overpass [FIX-05 amenities]",,,,2026-04-20 21:28:46.876404+00:00,audit_postlogging_20260421,True,10.0,,,,api,merge_phase2_20260421
CZ,Hodonin power station,180880c2-7284-4723-b02a-a62348b9b40b,45.5,55.5,90.0,95.0,60.0,high,"DRV-02 composite: 45.5/100 (FEASIBLE). Sub-scores: ep01_roads=0; ep01_special_pop=90; ep01_geography=95; ep01_terrain=10; ep01_population=60. Sources: osm_overpass, ghsl_pop_100m_r2023a, copernicus_dem_30m.",0.559,1096.99,True,medium,ERA5 seasonal constraints proxy (ref 1991-2020) | snow_months=0 | extreme_precip_months=0 | max_snowfall=0.1mm/day | source=copernicus_era5,False,0,medium,"0 waterway(s), major river barrier: no",14,1,0,medium,"14 hospital/clinic, 1 prison, 0 care home within EPZ (total 15 facilities). Source: OSM Overpass [FIX-05 amenities]",,,,2026-04-20 21:28:46.889175+00:00,audit_postlogging_20260421,True,10.0,,,,api,merge_phase2_20260421
CZ,Karvina power station,43e5b2b4-2ccf-46ab-b01e-e3d480146455,37.0,77.4,90.0,10.0,60.0,high,"DRV-02 composite: 37.0/100 (FEASIBLE). Sub-scores: ep01_roads=0; ep01_special_pop=90; ep01_geography=10; ep01_terrain=10; ep01_population=60. Sources: osm_overpass, ghsl_pop_100m_r2023a, copernicus_dem_30m.",1.095,2150.1,True,medium,ERA5 seasonal constraints proxy (ref 1991-2020) | snow_months=2 | extreme_precip_months=0 | max_snowfall=0.1mm/day | source=copernicus_era5,True,124,medium,"124 waterway(s), major river barrier: yes",64,5,7,medium,"64 hospital/clinic, 5 prison, 7 care home within EPZ (total 76 facilities). Source: OSM Overpass [FIX-05 amenities]",,,,2026-04-20 21:28:46.902848+00:00,audit_postlogging_20260421,True,10.0,,,,api,merge_phase2_20260421
CZ,Kladno power station,f1d2bca1-a7a9-4404-84c1-34fc8a59dab7,31.3,84.3,90.0,95.0,19.3,high,"DRV-02 composite: 31.3/100 (FEASIBLE). Sub-scores: ep01_roads=0; ep01_special_pop=90; ep01_geography=95; ep01_terrain=10; ep01_population=19. Sources: osm_overpass, ghsl_pop_100m_r2023a, copernicus_dem_30m.",1.373,2695.75,True,medium,ERA5 seasonal constraints proxy (ref 1991-2020) | snow_months=0 | extreme_precip_months=0 | max_snowfall=0.1mm/day | source=copernicus_era5,False,0,medium,"0 waterway(s), major river barrier: no",125,4,1,medium,"125 hospital/clinic, 4 prison, 1 care home within EPZ (total 130 facilities). Source: OSM Overpass [FIX-05 amenities]",,,,2026-04-20 21:28:46.916146+00:00,audit_postlogging_20260421,True,10.0,,,,api,merge_phase2_20260421
CZ,Komorany power station,274ec928-e527-44cf-86c5-b6eddc09d0f7,32.0,71.4,0.0,95.0,60.0,high,"DRV-02 composite: 32.0/100 (FEASIBLE). Sub-scores: ep01_roads=0; ep01_special_pop=0; ep01_geography=95; ep01_terrain=10; ep01_population=60. Sources: osm_overpass, ghsl_pop_100m_r2023a, copernicus_dem_30m.",0.858,1684.95,True,medium,ERA5 seasonal constraints proxy (ref 1991-2020) | snow_months=0 | extreme_precip_months=0 | max_snowfall=0.1mm/day | source=copernicus_era5,False,0,medium,"0 waterway(s), major river barrier: no",22,4,6,medium,"22 hospital/clinic, 4 prison, 6 care home within EPZ",,,,2026-04-20 21:28:46.930616+00:00,audit_postlogging_20260421,True,10.0,,,,api,merge_phase2_20260421
CZ,Ledvice power station,2fe0a0b3-4108-427e-8e54-f77e1ea7227c,45.5,74.4,90.0,95.0,60.0,high,"DRV-02 composite: 45.5/100 (FEASIBLE). Sub-scores: ep01_roads=0; ep01_special_pop=90; ep01_geography=95; ep01_terrain=10; ep01_population=60. Sources: osm_overpass, ghsl_pop_100m_r2023a, copernicus_dem_30m.",0.975,1914.46,True,medium,ERA5 seasonal constraints proxy (ref 1991-2020) | snow_months=0 | extreme_precip_months=0 | max_snowfall=0.1mm/day | source=copernicus_era5,False,0,medium,"0 waterway(s), major river barrier: no",22,2,2,medium,"22 hospital/clinic, 2 prison, 2 care home within EPZ (total 26 facilities). Source: OSM Overpass [FIX-05 amenities]",,,,2026-04-20 21:28:46.944661+00:00,audit_postlogging_20260421,True,10.0,,,,api,merge_phase2_20260421
CZ,Malesice power station,1c059a42-608c-4753-8fcf-ba797d94f900,24.5,90.8,90.0,95.0,0.0,high,"DRV-02 composite: 24.5/100 (NOT FEASIBLE). Sub-scores: ep01_roads=0; ep01_special_pop=90; ep01_geography=95; ep01_terrain=10; ep01_population=0. Sources: osm_overpass, ghsl_pop_100m_r2023a, copernicus_dem_30m.",1.632,3204.74,True,medium,ERA5 seasonal constraints proxy (ref 1991-2020) | snow_months=0 | extreme_precip_months=0 | max_snowfall=0.1mm/day | source=copernicus_era5,False,0,medium,"0 waterway(s), major river barrier: no",168,3,8,medium,"168 hospital/clinic, 3 prison, 8 care home within EPZ (total 179 facilities). Source: OSM Overpass [FIX-05 amenities]",,,,2026-04-20 21:28:46.957207+00:00,audit_postlogging_20260421,False,10.0,,,,api,merge_phase2_20260421
CZ,Marianske Hory power station,cbd67443-4a4e-44fd-a9ed-20ba9574c99e,30.0,76.0,90.0,95.0,15.7,high,"DRV-02 composite: 30.0/100 (NOT FEASIBLE). Sub-scores: ep01_roads=0; ep01_special_pop=90; ep01_geography=95; ep01_terrain=10; ep01_population=16. Sources: osm_overpass, ghsl_pop_100m_r2023a, copernicus_dem_30m.",1.039,2039.19,True,medium,ERA5 seasonal constraints proxy (ref 1991-2020) | snow_months=2 | extreme_precip_months=0 | max_snowfall=0.1mm/day | source=copernicus_era5,False,0,medium,"0 waterway(s), major river barrier: no",54,4,9,medium,"54 hospital/clinic, 4 prison, 9 care home within EPZ (total 67 facilities). Source: OSM Overpass [FIX-05 amenities]",,,,2026-04-20 21:28:46.969989+00:00,audit_postlogging_20260421,False,10.0,,,,api,merge_phase2_20260421
CZ,Melnik power station,f3523341-daaa-4573-a856-becb2e1bb9e3,52.5,74.4,90.0,95.0,80.0,high,"DRV-02 composite: 52.5/100 (FEASIBLE). Sub-scores: ep01_roads=0; ep01_special_pop=90; ep01_geography=95; ep01_terrain=10; ep01_population=80. Sources: osm_overpass, ghsl_pop_100m_r2023a, copernicus_dem_30m.",0.975,1913.58,True,medium,ERA5 seasonal constraints proxy (ref 1991-2020) | snow_months=0 | extreme_precip_months=0 | max_snowfall=0.1mm/day | source=copernicus_era5,False,0,medium,"0 waterway(s), major river barrier: no",18,1,1,medium,"18 hospital/clinic, 1 prison, 1 care home within EPZ (total 20 facilities). Source: OSM Overpass [FIX-05 amenities]",,,,2026-04-20 21:28:46.982366+00:00,audit_postlogging_20260421,True,10.0,,,,api,merge_phase2_20260421
CZ,Mondi Steti power station,e299922a-1670-4aff-acda-fd80600af9af,40.5,74.1,10.0,95.0,80.0,high,"DRV-02 composite: 40.5/100 (FEASIBLE). Sub-scores: ep01_roads=0; ep01_special_pop=10; ep01_geography=95; ep01_terrain=10; ep01_population=80. Sources: osm_overpass, ghsl_pop_100m_r2023a, copernicus_dem_30m.",0.963,1890.72,True,medium,ERA5 seasonal constraints proxy (ref 1991-2020) | snow_months=0 | extreme_precip_months=0 | max_snowfall=0.1mm/day | source=copernicus_era5,False,0,medium,"0 waterway(s), major river barrier: no",16,1,1,medium,"16 hospital/clinic, 1 prison, 1 care home within EPZ",,,,2026-04-20 21:28:46.994299+00:00,audit_postlogging_20260421,True,10.0,,,,api,merge_phase2_20260421
CZ,Mostecka Power Station,4eb7914c-e000-403c-b5a5-c350de67bb83,55.0,72.9,90.0,95.0,35.0,high,"DRV-02 composite: 55.0/100 (FEASIBLE). Sub-scores: ep01_roads=73; ep01_special_pop=90; ep01_geography=95; ep01_terrain=10; ep01_population=35. Sources: osm_overpass, ghsl_pop_100m_r2023a, copernicus_dem_30m.",0.916,1797.85,True,medium,ERA5 seasonal constraints proxy (ref 1991-2020) | snow_months=0 | extreme_precip_months=0 | max_snowfall=0.1mm/day | source=copernicus_era5,False,0,medium,"0 waterway(s), major river barrier: no",23,4,1,medium,"23 hospital/clinic, 4 prison, 1 care home within EPZ (total 28 facilities). Source: OSM Overpass [FIX-05 amenities]",,,,2026-04-20 21:28:47.006148+00:00,audit_postlogging_20260421,True,10.0,,,,api,merge_phase2_20260421
CZ,Olomouc power station,44d40276-5847-41d1-ab9b-887bbdc1bcfe,28.3,73.6,90.0,10.0,35.0,high,"DRV-02 composite: 28.2/100 (NOT FEASIBLE). Sub-scores: ep01_roads=0; ep01_special_pop=90; ep01_geography=10; ep01_terrain=10; ep01_population=35. Sources: osm_overpass, ghsl_pop_100m_r2023a, copernicus_dem_30m.",0.944,1853.12,True,medium,ERA5 seasonal constraints proxy (ref 1991-2020) | snow_months=0 | extreme_precip_months=0 | max_snowfall=0.1mm/day | source=copernicus_era5,True,122,medium,"122 waterway(s), major river barrier: yes",41,1,3,medium,"41 hospital/clinic, 1 prison, 3 care home within EPZ (total 45 facilities). Source: OSM Overpass [FIX-05 amenities]",,,,2026-04-20 21:28:47.018170+00:00,audit_postlogging_20260421,False,10.0,,,,api,merge_phase2_20260421
CZ,Opatovice power station,05daa6b2-bb29-4c26-a459-855626673955,52.5,78.2,90.0,95.0,80.0,high,"DRV-02 composite: 52.5/100 (FEASIBLE). Sub-scores: ep01_roads=0; ep01_special_pop=90; ep01_geography=95; ep01_terrain=10; ep01_population=80. Sources: osm_overpass, ghsl_pop_100m_r2023a, copernicus_dem_30m.",1.129,2216.2,True,medium,ERA5 seasonal constraints proxy (ref 1991-2020) | snow_months=0 | extreme_precip_months=0 | max_snowfall=0.1mm/day | source=copernicus_era5,False,0,medium,"0 waterway(s), major river barrier: no",52,3,0,medium,"52 hospital/clinic, 3 prison, 0 care home within EPZ (total 55 facilities). Source: OSM Overpass [FIX-05 amenities]",,,,2026-04-20 21:28:47.030548+00:00,audit_postlogging_20260421,True,10.0,,,,api,merge_phase2_20260421
CZ,Plana Nad Luznici power station,9c4291f1-173b-467e-ae26-8cb01312c605,55.5,70.1,90.0,95.0,80.0,high,"DRV-02 composite: 55.5/100 (FEASIBLE). Sub-scores: ep01_roads=0; ep01_special_pop=90; ep01_geography=95; ep01_terrain=30; ep01_population=80. Sources: osm_overpass, ghsl_pop_100m_r2023a, copernicus_dem_30m.",0.803,1575.96,True,medium,ERA5 seasonal constraints proxy (ref 1991-2020) | snow_months=0 | extreme_precip_months=0 | max_snowfall=0.1mm/day | source=copernicus_era5,False,0,medium,"0 waterway(s), major river barrier: no",13,0,1,medium,"13 hospital/clinic, 0 prison, 1 care home within EPZ (total 14 facilities). Source: OSM Overpass [FIX-05 amenities]",,,,2026-04-20 21:28:47.042404+00:00,audit_postlogging_20260421,True,30.0,,,,api,merge_phase2_20260421
CZ,Plzen CHP power station,97ed917e-acfa-4002-be89-4ec44972ab45,28.7,74.6,90.0,95.0,12.1,high,"DRV-02 composite: 28.7/100 (NOT FEASIBLE). Sub-scores: ep01_roads=0; ep01_special_pop=90; ep01_geography=95; ep01_terrain=10; ep01_population=12. Sources: osm_overpass, ghsl_pop_100m_r2023a, copernicus_dem_30m.",0.983,1929.21,True,medium,ERA5 seasonal constraints proxy (ref 1991-2020) | snow_months=0 | extreme_precip_months=0 | max_snowfall=0.1mm/day | source=copernicus_era5,False,0,medium,"0 waterway(s), major river barrier: no",32,1,2,medium,"32 hospital/clinic, 1 prison, 2 care home within EPZ (total 35 facilities). Source: OSM Overpass [FIX-05 amenities]",,,,2026-04-20 21:28:47.053226+00:00,audit_postlogging_20260421,False,10.0,,,,api,merge_phase2_20260421
CZ,Plzenska energetika ELU III power station,a6bf9980-016e-47ea-b40a-82e384a9eb43,28.9,74.2,90.0,95.0,12.7,high,"DRV-02 composite: 28.9/100 (NOT FEASIBLE). Sub-scores: ep01_roads=0; ep01_special_pop=90; ep01_geography=95; ep01_terrain=10; ep01_population=13. Sources: osm_overpass, ghsl_pop_100m_r2023a, copernicus_dem_30m.",0.967,1899.01,True,medium,ERA5 seasonal constraints proxy (ref 1991-2020) | snow_months=0 | extreme_precip_months=0 | max_snowfall=0.1mm/day | source=copernicus_era5,False,0,medium,"0 waterway(s), major river barrier: no",33,1,2,medium,"33 hospital/clinic, 1 prison, 2 care home within EPZ (total 36 facilities). Source: OSM Overpass [FIX-05 amenities]",,,,2026-04-20 21:28:47.066993+00:00,audit_postlogging_20260421,False,10.0,,,,api,merge_phase2_20260421
CZ,Pocerady power station,32484f7b-18a4-4b21-8e6a-6d68ae099d02,57.8,73.2,90.0,95.0,95.0,high,"DRV-02 composite: 57.8/100 (FEASIBLE). Sub-scores: ep01_roads=0; ep01_special_pop=90; ep01_geography=95; ep01_terrain=10; ep01_population=95. Sources: osm_overpass, ghsl_pop_100m_r2023a, copernicus_dem_30m.",0.926,1818.32,True,medium,ERA5 seasonal constraints proxy (ref 1991-2020) | snow_months=0 | extreme_precip_months=0 | max_snowfall=0.1mm/day | source=copernicus_era5,False,0,medium,"0 waterway(s), major river barrier: no",22,3,1,medium,"22 hospital/clinic, 3 prison, 1 care home within EPZ (total 26 facilities). Source: OSM Overpass [FIX-05 amenities]",,,,2026-04-20 21:28:47.079445+00:00,audit_postlogging_20260421,True,10.0,,,,api,merge_phase2_20260421
CZ,Porici power station,20bce4f5-ca0b-4145-87e5-0a0694343f31,40.5,61.2,10.0,95.0,80.0,high,"DRV-02 composite: 40.5/100 (FEASIBLE). Sub-scores: ep01_roads=0; ep01_special_pop=10; ep01_geography=95; ep01_terrain=10; ep01_population=80. Sources: osm_overpass, ghsl_pop_100m_r2023a, copernicus_dem_30m.",0.654,1283.55,True,medium,ERA5 seasonal constraints proxy (ref 1991-2020) | snow_months=3 | extreme_precip_months=0 | max_snowfall=0.1mm/day | source=copernicus_era5,False,0,medium,"0 waterway(s), major river barrier: no",25,1,3,medium,"25 hospital/clinic, 1 prison, 3 care home within EPZ",,,,2026-04-20 21:28:47.092170+00:00,audit_postlogging_20260421,True,10.0,,,,api,merge_phase2_20260421
CZ,Prerov power station,60baaa73-dd8c-4865-bb18-6c73d63a4052,33.5,75.5,10.0,95.0,60.0,high,"DRV-02 composite: 33.5/100 (FEASIBLE). Sub-scores: ep01_roads=0; ep01_special_pop=10; ep01_geography=95; ep01_terrain=10; ep01_population=60. Sources: osm_overpass, ghsl_pop_100m_r2023a, copernicus_dem_30m.",1.022,2006.57,True,medium,ERA5 seasonal constraints proxy (ref 1991-2020) | snow_months=0 | extreme_precip_months=0 | max_snowfall=0.1mm/day | source=copernicus_era5,False,0,medium,"0 waterway(s), major river barrier: no",43,1,2,medium,"43 hospital/clinic, 1 prison, 2 care home within EPZ",,,,2026-04-20 21:28:47.103564+00:00,audit_postlogging_20260421,True,10.0,,,,api,merge_phase2_20260421
CZ,Pribram power station,0ae8917b-a70b-41e5-82de-e4963a7686e3,37.0,67.7,90.0,10.0,60.0,high,"DRV-02 composite: 37.0/100 (FEASIBLE). Sub-scores: ep01_roads=0; ep01_special_pop=90; ep01_geography=10; ep01_terrain=10; ep01_population=60. Sources: osm_overpass, ghsl_pop_100m_r2023a, copernicus_dem_30m.",0.762,1496.21,True,medium,ERA5 seasonal constraints proxy (ref 1991-2020) | snow_months=0 | extreme_precip_months=0 | max_snowfall=0.1mm/day | source=copernicus_era5,True,53,medium,"53 waterway(s), major river barrier: yes",15,2,1,medium,"15 hospital/clinic, 2 prison, 1 care home within EPZ (total 18 facilities). Source: OSM Overpass [FIX-05 amenities]",,,,2026-04-20 21:28:47.115832+00:00,audit_postlogging_20260421,True,10.0,,,,api,merge_phase2_20260421
CZ,Prunerov power station,b0ba194f-3c80-4725-b1e7-fa5277b38833,52.5,62.6,90.0,95.0,80.0,high,"DRV-02 composite: 52.5/100 (FEASIBLE). Sub-scores: ep01_roads=0; ep01_special_pop=90; ep01_geography=95; ep01_terrain=10; ep01_population=80. Sources: osm_overpass, ghsl_pop_100m_r2023a, copernicus_dem_30m.",0.677,1329.04,True,medium,ERA5 seasonal constraints proxy (ref 1991-2020) | snow_months=2 | extreme_precip_months=0 | max_snowfall=0.1mm/day | source=copernicus_era5,False,0,medium,"0 waterway(s), major river barrier: no",13,4,0,medium,"13 hospital/clinic, 4 prison, 0 care home within EPZ (total 17 facilities). Source: OSM Overpass [FIX-05 amenities]",,,,2026-04-20 21:28:47.129337+00:00,audit_postlogging_20260421,True,10.0,,,,api,merge_phase2_20260421
CZ,Sko-Energo power station,20c9d02d-e9e8-40b3-a11e-7a2e01018d8c,27.8,73.2,10.0,95.0,35.0,high,"DRV-02 composite: 27.8/100 (NOT FEASIBLE). Sub-scores: ep01_roads=0; ep01_special_pop=10; ep01_geography=95; ep01_terrain=30; ep01_population=35. Sources: osm_overpass, ghsl_pop_100m_r2023a, copernicus_dem_30m.",0.928,1822.86,True,medium,ERA5 seasonal constraints proxy (ref 1991-2020) | snow_months=0 | extreme_precip_months=0 | max_snowfall=0.1mm/day | source=copernicus_era5,False,0,medium,"0 waterway(s), major river barrier: no",11,1,3,medium,"11 hospital/clinic, 1 prison, 3 care home within EPZ",,,,2026-04-20 21:28:47.143071+00:00,audit_postlogging_20260421,False,30.0,,,,api,merge_phase2_20260421
CZ,Tisova power station,14e88076-ce0e-4693-bca4-e80f3f013c7f,45.5,69.9,90.0,95.0,60.0,high,"DRV-02 composite: 45.5/100 (FEASIBLE). Sub-scores: ep01_roads=0; ep01_special_pop=90; ep01_geography=95; ep01_terrain=10; ep01_population=60. Sources: osm_overpass, ghsl_pop_100m_r2023a, copernicus_dem_30m.",0.798,1567.6,True,medium,ERA5 seasonal constraints proxy (ref 1991-2020) | snow_months=3 | extreme_precip_months=0 | max_snowfall=0.1mm/day | source=copernicus_era5,False,0,medium,"0 waterway(s), major river barrier: no",18,2,0,medium,"18 hospital/clinic, 2 prison, 0 care home within EPZ (total 20 facilities). Source: OSM Overpass [FIX-05 amenities]",,,,2026-04-20 21:28:47.155291+00:00,audit_postlogging_20260421,True,10.0,,,,api,merge_phase2_20260421
CZ,Trebovice power station,66c3f077-1ee6-41d7-8e6c-da374bb45139,28.7,75.9,90.0,95.0,12.0,high,"DRV-02 composite: 28.7/100 (NOT FEASIBLE). Sub-scores: ep01_roads=0; ep01_special_pop=90; ep01_geography=95; ep01_terrain=10; ep01_population=12. Sources: osm_overpass, ghsl_pop_100m_r2023a, copernicus_dem_30m.",1.036,2033.76,True,medium,ERA5 seasonal constraints proxy (ref 1991-2020) | snow_months=2 | extreme_precip_months=0 | max_snowfall=0.1mm/day | source=copernicus_era5,False,0,medium,"0 waterway(s), major river barrier: no",49,3,10,medium,"49 hospital/clinic, 3 prison, 10 care home within EPZ (total 62 facilities). Source: OSM Overpass [FIX-05 amenities]",,,,2026-04-20 21:28:47.168637+00:00,audit_postlogging_20260421,False,10.0,,,,api,merge_phase2_20260421
CZ,Trinec-E3 power station,63601ccc-3f20-4cbd-95cb-0fbeaf821c6a,45.5,64.2,90.0,95.0,60.0,high,"DRV-02 composite: 45.5/100 (FEASIBLE). Sub-scores: ep01_roads=0; ep01_special_pop=90; ep01_geography=95; ep01_terrain=10; ep01_population=60. Sources: osm_overpass, ghsl_pop_100m_r2023a, copernicus_dem_30m.",0.703,1380.0,True,medium,ERA5 seasonal constraints proxy (ref 1991-2020) | snow_months=3 | extreme_precip_months=0 | max_snowfall=0.1mm/day | source=copernicus_era5,False,0,medium,"0 waterway(s), major river barrier: no",35,2,5,medium,"35 hospital/clinic, 2 prison, 5 care home within EPZ (total 42 facilities). Source: OSM Overpass [FIX-05 amenities]",,,,2026-04-20 21:28:47.180735+00:00,audit_postlogging_20260421,True,10.0,,,,api,merge_phase2_20260421
CZ,Tusimice power station,287cbb48-bb08-40dd-82c5-cfe1530dfbb9,39.0,64.8,0.0,95.0,80.0,high,"DRV-02 composite: 39.0/100 (FEASIBLE). Sub-scores: ep01_roads=0; ep01_special_pop=0; ep01_geography=95; ep01_terrain=10; ep01_population=80. Sources: osm_overpass, ghsl_pop_100m_r2023a, copernicus_dem_30m.",0.713,1400.89,True,medium,ERA5 seasonal constraints proxy (ref 1991-2020) | snow_months=2 | extreme_precip_months=0 | max_snowfall=0.1mm/day | source=copernicus_era5,False,0,medium,"0 waterway(s), major river barrier: no",10,2,0,medium,"10 hospital/clinic, 2 prison, 0 care home within EPZ",,,,2026-04-20 21:28:47.191976+00:00,audit_postlogging_20260421,True,10.0,,,,api,merge_phase2_20260421
CZ,Vresova TPS power station,5f4ed23c-cea2-41ef-a3e8-ac863e1bdcd6,52.5,65.5,90.0,95.0,80.0,high,"DRV-02 composite: 52.5/100 (FEASIBLE). Sub-scores: ep01_roads=0; ep01_special_pop=90; ep01_geography=95; ep01_terrain=10; ep01_population=80. Sources: osm_overpass, ghsl_pop_100m_r2023a, copernicus_dem_30m.",0.725,1422.71,True,medium,ERA5 seasonal constraints proxy (ref 1991-2020) | snow_months=3 | extreme_precip_months=0 | max_snowfall=0.1mm/day | source=copernicus_era5,False,0,medium,"0 waterway(s), major river barrier: no",17,4,0,medium,"17 hospital/clinic, 4 prison, 0 care home within EPZ (total 21 facilities). Source: OSM Overpass [FIX-05 amenities]",,,,2026-04-20 21:28:47.203710+00:00,audit_postlogging_20260421,True,10.0,,,,api,merge_phase2_20260421
CZ,Zlin power station,aa38441d-aec7-4ae9-b4c3-68c5bf567db3,36.8,64.1,90.0,95.0,35.0,high,"DRV-02 composite: 36.8/100 (FEASIBLE). Sub-scores: ep01_roads=0; ep01_special_pop=90; ep01_geography=95; ep01_terrain=10; ep01_population=35. Sources: osm_overpass, ghsl_pop_100m_r2023a, copernicus_dem_30m.",0.702,1377.99,True,medium,ERA5 seasonal constraints proxy (ref 1991-2020) | snow_months=0 | extreme_precip_months=0 | max_snowfall=0.1mm/day | source=copernicus_era5,False,0,medium,"0 waterway(s), major river barrier: no",25,0,3,medium,"25 hospital/clinic, 0 prison, 3 care home within EPZ (total 28 facilities). Source: OSM Overpass [FIX-05 amenities]",,,,2026-04-20 21:28:47.216350+00:00,audit_postlogging_20260421,True,10.0,,,,api,merge_phase2_20260421
HR,Ploče power station,7af0e000-3d19-4e5e-b504-f74897f1510c,49.3,51.9,90.0,10.0,95.0,high,"DRV-02 composite: 49.2/100 (FEASIBLE). Sub-scores: ep01_roads=0; ep01_special_pop=90; ep01_geography=10; ep01_terrain=10; ep01_population=95. Sources: osm_overpass, ghsl_pop_100m_r2023a, copernicus_dem_30m.",0.499,978.83,True,medium,ERA5 seasonal constraints proxy (ref 1991-2020) | snow_months=0 | extreme_precip_months=0 | max_snowfall=0.1mm/day | source=copernicus_era5,True,205,medium,"205 waterway(s), major river barrier: yes",8,0,0,medium,"8 hospital/clinic, 0 prison, 0 care home within EPZ (total 8 facilities). Source: OSM Overpass [FIX-05 amenities]",,,,2026-04-20 21:28:47.228576+00:00,audit_postlogging_20260421,True,10.0,,,,api,merge_phase2_20260421
HR,Plomin power station,ab151830-e5bd-46de-8400-01aa4c165366,57.8,49.1,90.0,95.0,95.0,high,"DRV-02 composite: 57.8/100 (FEASIBLE). Sub-scores: ep01_roads=0; ep01_special_pop=90; ep01_geography=95; ep01_terrain=10; ep01_population=95. Sources: osm_overpass, ghsl_pop_100m_r2023a, copernicus_dem_30m.",0.451,885.33,True,medium,ERA5 seasonal constraints proxy (ref 1991-2020) | snow_months=0 | extreme_precip_months=0 | max_snowfall=0.1mm/day | source=copernicus_era5,False,0,medium,"0 waterway(s), major river barrier: no",7,0,0,medium,"7 hospital/clinic, 0 prison, 0 care home within EPZ (total 7 facilities). Source: OSM Overpass [FIX-05 amenities]",,,,2026-04-20 21:28:47.240134+00:00,audit_postlogging_20260421,True,10.0,,,,api,merge_phase2_20260421
HU,Bakony power station,ef325d90-6d2d-4f8f-89f2-3bc98beb149b,45.5,34.1,90.0,95.0,60.0,high,"DRV-02 composite: 45.5/100 (FEASIBLE). Sub-scores: ep01_roads=0; ep01_special_pop=90; ep01_geography=95; ep01_terrain=10; ep01_population=60. Sources: osm_overpass, ghsl_pop_100m_r2023a, copernicus_dem_30m.",0.368,722.44,False,medium,ERA5 seasonal constraints proxy (ref 1991-2020) | snow_months=0 | extreme_precip_months=0 | max_snowfall=0.1mm/day | source=copernicus_era5,False,0,medium,"0 waterway(s), major river barrier: no",6,0,3,medium,"6 hospital/clinic, 0 prison, 3 care home within EPZ (total 9 facilities). Source: OSM Overpass [FIX-05 amenities]",,,,2026-04-20 21:28:47.251566+00:00,audit_postlogging_20260421,True,10.0,,,,api,merge_phase2_20260421
HU,Banhida-II power station,f2b3a729-602a-4b6b-acc9-004244f2e556,36.8,49.7,90.0,95.0,35.0,high,"DRV-02 composite: 36.8/100 (FEASIBLE). Sub-scores: ep01_roads=0; ep01_special_pop=90; ep01_geography=95; ep01_terrain=10; ep01_population=35. Sources: osm_overpass, ghsl_pop_100m_r2023a, copernicus_dem_30m.",0.462,907.35,True,medium,ERA5 seasonal constraints proxy (ref 1991-2020) | snow_months=0 | extreme_precip_months=0 | max_snowfall=0.1mm/day | source=copernicus_era5,False,0,medium,"0 waterway(s), major river barrier: no",24,0,5,medium,"24 hospital/clinic, 0 prison, 5 care home within EPZ (total 29 facilities). Source: OSM Overpass [FIX-05 amenities]",,,,2026-04-20 21:28:47.263577+00:00,audit_postlogging_20260421,True,10.0,,,,api,merge_phase2_20260421
HU,Borsod power station,f7dcdb63-26e6-44cd-b440-ec14fe507d90,52.5,48.8,90.0,95.0,80.0,high,"DRV-02 composite: 52.5/100 (FEASIBLE). Sub-scores: ep01_roads=0; ep01_special_pop=90; ep01_geography=95; ep01_terrain=10; ep01_population=80. Sources: osm_overpass, ghsl_pop_100m_r2023a, copernicus_dem_30m.",0.446,875.19,True,medium,ERA5 seasonal constraints proxy (ref 1991-2020) | snow_months=0 | extreme_precip_months=0 | max_snowfall=0.1mm/day | source=copernicus_era5,False,0,medium,"0 waterway(s), major river barrier: no",3,0,0,medium,"3 hospital/clinic, 0 prison, 0 care home within EPZ (total 3 facilities). Source: OSM Overpass [FIX-05 amenities]",,,,2026-04-20 21:28:47.275618+00:00,audit_postlogging_20260421,True,10.0,,,,api,merge_phase2_20260421
HU,Matra power station,28b36531-865d-42ae-afb3-b8bad86f7014,49.3,48.3,90.0,10.0,95.0,high,"DRV-02 composite: 49.2/100 (FEASIBLE). Sub-scores: ep01_roads=0; ep01_special_pop=90; ep01_geography=10; ep01_terrain=10; ep01_population=95. Sources: osm_overpass, ghsl_pop_100m_r2023a, copernicus_dem_30m.",0.439,861.26,True,medium,ERA5 seasonal constraints proxy (ref 1991-2020) | snow_months=0 | extreme_precip_months=0 | max_snowfall=0.1mm/day | source=copernicus_era5,True,21,medium,"21 waterway(s), major river barrier: yes",5,0,1,medium,"5 hospital/clinic, 0 prison, 1 care home within EPZ (total 6 facilities). Source: OSM Overpass [FIX-05 amenities]",,,,2026-04-20 21:28:47.288769+00:00,audit_postlogging_20260421,True,10.0,,,,api,merge_phase2_20260421
HU,Matraterenye power station,903d6b94-cd9d-4c32-b7e2-4bbfbee929df,57.8,34.5,90.0,95.0,95.0,high,"DRV-02 composite: 57.8/100 (FEASIBLE). Sub-scores: ep01_roads=0; ep01_special_pop=90; ep01_geography=95; ep01_terrain=10; ep01_population=95. Sources: osm_overpass, ghsl_pop_100m_r2023a, copernicus_dem_30m.",0.375,735.76,False,medium,ERA5 seasonal constraints proxy (ref 1991-2020) | snow_months=0 | extreme_precip_months=0 | max_snowfall=0.1mm/day | source=copernicus_era5,False,0,medium,"0 waterway(s), major river barrier: no",12,0,1,medium,"12 hospital/clinic, 0 prison, 1 care home within EPZ (total 13 facilities). Source: OSM Overpass [FIX-05 amenities]",,,,2026-04-20 21:28:47.302863+00:00,audit_postlogging_20260421,True,10.0,,,,api,merge_phase2_20260421
HU,Mecsek Hills power station,34d88ce8-d49c-4b19-af2d-6efcb1b72149,53.8,50.6,90.0,55.0,95.0,high,"DRV-02 composite: 53.8/100 (FEASIBLE). Sub-scores: ep01_roads=0; ep01_special_pop=90; ep01_geography=55; ep01_terrain=10; ep01_population=95. Sources: osm_overpass, ghsl_pop_100m_r2023a, copernicus_dem_30m.",0.477,935.91,True,medium,ERA5 seasonal constraints proxy (ref 1991-2020) | snow_months=0 | extreme_precip_months=0 | max_snowfall=0.1mm/day | source=copernicus_era5,False,14,medium,"14 waterway(s), major river barrier: no",33,1,5,medium,"33 hospital/clinic, 1 prison, 5 care home within EPZ (total 39 facilities). Source: OSM Overpass [FIX-05 amenities]",,,,2026-04-20 21:28:47.314973+00:00,audit_postlogging_20260421,True,10.0,,,,api,merge_phase2_20260421
HU,Mohacs power station,997474f6-9bfd-4abd-a2ac-d8618db8f0b4,64.3,47.1,90.0,95.0,80.0,high,"DRV-02 composite: 64.3/100 (FEASIBLE). Sub-scores: ep01_roads=47; ep01_special_pop=90; ep01_geography=95; ep01_terrain=10; ep01_population=80. Sources: osm_overpass, ghsl_pop_100m_r2023a, copernicus_dem_30m.",0.419,822.11,True,medium,ERA5 seasonal constraints proxy (ref 1991-2020) | snow_months=0 | extreme_precip_months=0 | max_snowfall=0.1mm/day | source=copernicus_era5,False,0,medium,"0 waterway(s), major river barrier: no",5,0,0,medium,"5 hospital/clinic, 0 prison, 0 care home within EPZ (total 5 facilities). Source: OSM Overpass [FIX-05 amenities]",,,,2026-04-20 21:28:47.328260+00:00,audit_postlogging_20260421,True,10.0,,,,api,merge_phase2_20260421
HU,Oroszlány power station,651839d3-4e8f-4214-89aa-1f96ea221121,64.6,48.5,90.0,95.0,80.0,high,"DRV-02 composite: 64.6/100 (FEASIBLE). Sub-scores: ep01_roads=48; ep01_special_pop=90; ep01_geography=95; ep01_terrain=10; ep01_population=80. Sources: osm_overpass, ghsl_pop_100m_r2023a, copernicus_dem_30m.",0.442,868.24,True,medium,ERA5 seasonal constraints proxy (ref 1991-2020) | snow_months=0 | extreme_precip_months=0 | max_snowfall=0.1mm/day | source=copernicus_era5,False,0,medium,"0 waterway(s), major river barrier: no",23,0,2,medium,"23 hospital/clinic, 0 prison, 2 care home within EPZ (total 25 facilities). Source: OSM Overpass [FIX-05 amenities]",,,,2026-04-20 21:28:47.340838+00:00,audit_postlogging_20260421,True,10.0,,,,api,merge_phase2_20260421
HU,Pecs power station,e1649639-2e45-4226-9c7a-783d2dcb6724,29.7,53.6,90.0,95.0,14.9,high,"DRV-02 composite: 29.7/100 (NOT FEASIBLE). Sub-scores: ep01_roads=0; ep01_special_pop=90; ep01_geography=95; ep01_terrain=10; ep01_population=15. Sources: osm_overpass, ghsl_pop_100m_r2023a, copernicus_dem_30m.",0.527,1034.39,True,medium,ERA5 seasonal constraints proxy (ref 1991-2020) | snow_months=0 | extreme_precip_months=0 | max_snowfall=0.1mm/day | source=copernicus_era5,False,0,medium,"0 waterway(s), major river barrier: no",35,1,5,medium,"35 hospital/clinic, 1 prison, 5 care home within EPZ (total 41 facilities). Source: OSM Overpass [FIX-05 amenities]",,,,2026-04-20 21:28:47.353748+00:00,audit_postlogging_20260421,False,10.0,,,,api,merge_phase2_20260421
HU,Tiszapalkonya power station,5de5f907-98e7-42d3-a7dd-cb65f839697b,52.5,48.9,90.0,95.0,80.0,high,"DRV-02 composite: 52.5/100 (FEASIBLE). Sub-scores: ep01_roads=0; ep01_special_pop=90; ep01_geography=95; ep01_terrain=10; ep01_population=80. Sources: osm_overpass, ghsl_pop_100m_r2023a, copernicus_dem_30m.",0.448,880.56,True,medium,ERA5 seasonal constraints proxy (ref 1991-2020) | snow_months=0 | extreme_precip_months=0 | max_snowfall=0.1mm/day | source=copernicus_era5,False,0,medium,"0 waterway(s), major river barrier: no",3,1,0,medium,"3 hospital/clinic, 1 prison, 0 care home within EPZ (total 4 facilities). Source: OSM Overpass [FIX-05 amenities]",,,,2026-04-20 21:28:47.366544+00:00,audit_postlogging_20260421,True,10.0,,,,api,merge_phase2_20260421
HU,Torony power station,059b3ad4-7196-4e6b-b169-8605ceeed841,40.5,56.7,10.0,95.0,80.0,high,"DRV-02 composite: 40.5/100 (FEASIBLE). Sub-scores: ep01_roads=0; ep01_special_pop=10; ep01_geography=95; ep01_terrain=10; ep01_population=80. Sources: osm_overpass, ghsl_pop_100m_r2023a, copernicus_dem_30m.",0.579,1136.23,True,medium,ERA5 seasonal constraints proxy (ref 1991-2020) | snow_months=0 | extreme_precip_months=0 | max_snowfall=0.1mm/day | source=copernicus_era5,False,0,medium,"0 waterway(s), major river barrier: no",3,1,4,medium,"3 hospital/clinic, 1 prison, 4 care home within EPZ",,,,2026-04-20 21:28:47.379982+00:00,audit_postlogging_20260421,True,10.0,,,,api,merge_phase2_20260421
LV,Kurzeme power station,1a5b8f8f-f4be-4514-8738-755d25e19b41,45.5,29.7,90.0,95.0,60.0,high,"DRV-02 composite: 45.5/100 (FEASIBLE). Sub-scores: ep01_roads=0; ep01_special_pop=90; ep01_geography=95; ep01_terrain=10; ep01_population=60. Sources: osm_overpass, ghsl_pop_100m_r2023a, copernicus_dem_30m.",0.197,387.62,True,medium,ERA5 seasonal constraints proxy (ref 1991-2020) | snow_months=0 | extreme_precip_months=0 | max_snowfall=0.1mm/day | source=copernicus_era5,False,0,medium,"0 waterway(s), major river barrier: no",4,0,0,medium,"4 hospital/clinic, 0 prison, 0 care home within EPZ (total 4 facilities). Source: OSM Overpass [FIX-05 amenities]",,,,2026-04-20 21:28:47.713852+00:00,audit_postlogging_20260421,True,10.0,,,,api,merge_phase2_20260421
MD,Kuchurgan power station,b3eb5dd2-98cf-40c4-b9ee-2a86fd066093,57.8,37.0,90.0,95.0,95.0,high,"DRV-02 composite: 57.8/100 (FEASIBLE). Sub-scores: ep01_roads=0; ep01_special_pop=90; ep01_geography=95; ep01_terrain=10; ep01_population=95. Sources: osm_overpass, ghsl_pop_100m_r2023a, copernicus_dem_30m.",0.27,529.66,True,medium,ERA5 seasonal constraints proxy (ref 1991-2020) | snow_months=0 | extreme_precip_months=0 | max_snowfall=0.1mm/day | source=copernicus_era5,False,0,medium,"0 waterway(s), major river barrier: no",15,0,0,medium,"15 hospital/clinic, 0 prison, 0 care home within EPZ (total 15 facilities). Source: OSM Overpass [FIX-05 amenities]",,,,2026-04-20 21:28:47.726118+00:00,audit_postlogging_20260421,True,10.0,,,,api,merge_phase2_20260421
ME,Bar power station,3795824b-cb76-48dd-a65c-764c757ddc76,45.5,28.8,90.0,95.0,60.0,high,"DRV-02 composite: 45.5/100 (FEASIBLE). Sub-scores: ep01_roads=0; ep01_special_pop=90; ep01_geography=95; ep01_terrain=10; ep01_population=60. Sources: osm_overpass, ghsl_pop_100m_r2023a, copernicus_dem_30m.",0.188,369.39,True,medium,ERA5 seasonal constraints proxy (ref 1991-2020) | snow_months=0 | extreme_precip_months=0 | max_snowfall=0.0mm/day | source=copernicus_era5,False,0,medium,"0 waterway(s), major river barrier: no",10,0,0,medium,"10 hospital/clinic, 0 prison, 0 care home within EPZ (total 10 facilities). Source: OSM Overpass [FIX-05 amenities]",,,,2026-04-20 21:28:47.738232+00:00,audit_postlogging_20260421,True,10.0,,,,api,merge_phase2_20260421
ME,Berane power station,e77a7e7f-11ba-4e61-98da-f44471bc52ab,25.0,21.3,10.0,10.0,60.0,high,"DRV-02 composite: 25.0/100 (NOT FEASIBLE). Sub-scores: ep01_roads=0; ep01_special_pop=10; ep01_geography=10; ep01_terrain=10; ep01_population=60. Sources: osm_overpass, ghsl_pop_100m_r2023a, copernicus_dem_30m.",0.213,418.53,False,medium,ERA5 seasonal constraints proxy (ref 1991-2020) | snow_months=6 | extreme_precip_months=0 | max_snowfall=0.3mm/day | source=copernicus_era5,True,90,medium,"90 waterway(s), major river barrier: yes",7,1,0,medium,"7 hospital/clinic, 1 prison, 0 care home within EPZ",,,,2026-04-20 21:28:47.751102+00:00,audit_postlogging_20260421,False,10.0,,,,api,merge_phase2_20260421
ME,Maoce Power Station,a851b5f3-8392-4766-82b9-379c6c04fe5d,45.5,15.1,90.0,95.0,60.0,high,"DRV-02 composite: 45.5/100 (FEASIBLE). Sub-scores: ep01_roads=0; ep01_special_pop=90; ep01_geography=95; ep01_terrain=10; ep01_population=60. Sources: osm_overpass, ghsl_pop_100m_r2023a, copernicus_dem_30m.",0.151,297.46,False,medium,ERA5 seasonal constraints proxy (ref 1991-2020) | snow_months=6 | extreme_precip_months=0 | max_snowfall=0.2mm/day | source=copernicus_era5,False,0,medium,"0 waterway(s), major river barrier: no",4,0,0,medium,"4 hospital/clinic, 0 prison, 0 care home within EPZ (total 4 facilities). Source: OSM Overpass [FIX-05 amenities]",,,,2026-04-20 21:28:47.764745+00:00,audit_postlogging_20260421,True,10.0,,,,api,merge_phase2_20260421
ME,Pljevlja power station,a9385c82-79b7-4f8d-b609-0a12ed946fe6,38.0,15.4,40.0,95.0,60.0,high,"DRV-02 composite: 38.0/100 (FEASIBLE). Sub-scores: ep01_roads=0; ep01_special_pop=40; ep01_geography=95; ep01_terrain=10; ep01_population=60. Sources: osm_overpass, ghsl_pop_100m_r2023a, copernicus_dem_30m.",0.154,302.75,False,medium,ERA5 seasonal constraints proxy (ref 1991-2020) | snow_months=6 | extreme_precip_months=0 | max_snowfall=0.2mm/day | source=copernicus_era5,False,0,medium,"0 waterway(s), major river barrier: no",2,0,0,medium,"2 hospital/clinic, 0 prison, 0 care home within EPZ",,,,2026-04-20 21:28:47.777570+00:00,audit_postlogging_20260421,True,10.0,,,,api,merge_phase2_20260421
MK,Bitola power station,1739b1b7-a6f3-466c-9dfa-3d1de9d5b6db,57.8,38.1,90.0,95.0,95.0,high,"DRV-02 composite: 57.8/100 (FEASIBLE). Sub-scores: ep01_roads=0; ep01_special_pop=90; ep01_geography=95; ep01_terrain=10; ep01_population=95. Sources: osm_overpass, ghsl_pop_100m_r2023a, copernicus_dem_30m.",0.281,552.54,True,medium,ERA5 seasonal constraints proxy (ref 1991-2020) | snow_months=0 | extreme_precip_months=0 | max_snowfall=0.1mm/day | source=copernicus_era5,False,0,medium,"0 waterway(s), major river barrier: no",6,1,0,medium,"6 hospital/clinic, 1 prison, 0 care home within EPZ (total 7 facilities). Source: OSM Overpass [FIX-05 amenities]",,,,2026-04-20 21:28:47.788232+00:00,audit_postlogging_20260421,True,10.0,,,,api,merge_phase2_20260421
MK,Mariovo power station,7bff5ef2-646d-4b83-83b0-7f3da32f0254,57.8,17.4,90.0,95.0,95.0,high,"DRV-02 composite: 57.8/100 (FEASIBLE). Sub-scores: ep01_roads=0; ep01_special_pop=90; ep01_geography=95; ep01_terrain=10; ep01_population=95. Sources: osm_overpass, ghsl_pop_100m_r2023a, copernicus_dem_30m.",0.174,342.25,False,medium,ERA5 seasonal constraints proxy (ref 1991-2020) | snow_months=0 | extreme_precip_months=0 | max_snowfall=0.1mm/day | source=copernicus_era5,False,0,medium,"0 waterway(s), major river barrier: no",0,0,0,not_found,"0 hospital/clinic, 0 prison, 0 care home within EPZ (total 0 facilities). Source: OSM Overpass [FIX-05 amenities]",,,,2026-04-20 21:28:47.798421+00:00,audit_postlogging_20260421,True,10.0,,,,api,merge_phase2_20260421
MK,Negotino power station,83d3abe4-2049-47ad-a66b-46034edb7569,52.5,37.3,90.0,95.0,80.0,high,"DRV-02 composite: 52.5/100 (FEASIBLE). Sub-scores: ep01_roads=0; ep01_special_pop=90; ep01_geography=95; ep01_terrain=10; ep01_population=80. Sources: osm_overpass, ghsl_pop_100m_r2023a, copernicus_dem_30m.",0.273,536.08,True,medium,ERA5 seasonal constraints proxy (ref 1991-2020) | snow_months=0 | extreme_precip_months=0 | max_snowfall=0.1mm/day | source=copernicus_era5,False,0,medium,"0 waterway(s), major river barrier: no",5,1,0,medium,"5 hospital/clinic, 1 prison, 0 care home within EPZ (total 6 facilities). Source: OSM Overpass [FIX-05 amenities]",,,,2026-04-20 21:28:47.811125+00:00,audit_postlogging_20260421,True,10.0,,,,api,merge_phase2_20260421
MK,Oslomej power station,756218bb-3f16-443e-b6c6-400cd0ce2f87,52.5,28.8,90.0,95.0,80.0,high,"DRV-02 composite: 52.5/100 (FEASIBLE). Sub-scores: ep01_roads=0; ep01_special_pop=90; ep01_geography=95; ep01_terrain=10; ep01_population=80. Sources: osm_overpass, ghsl_pop_100m_r2023a, copernicus_dem_30m.",0.188,368.91,True,medium,ERA5 seasonal constraints proxy (ref 1991-2020) | snow_months=3 | extreme_precip_months=0 | max_snowfall=0.1mm/day | source=copernicus_era5,False,0,medium,"0 waterway(s), major river barrier: no",7,0,0,medium,"7 hospital/clinic, 0 prison, 0 care home within EPZ (total 7 facilities). Source: OSM Overpass [FIX-05 amenities]",,,,2026-04-20 21:28:47.824225+00:00,audit_postlogging_20260421,True,10.0,,,,api,merge_phase2_20260421
PL,Adamow power station,e4e3b5f0-7038-47a5-84e3-04eb07b3c4d7,45.5,52.4,90.0,95.0,60.0,high,"DRV-02 composite: 45.5/100 (FEASIBLE). Sub-scores: ep01_roads=0; ep01_special_pop=90; ep01_geography=95; ep01_terrain=10; ep01_population=60. Sources: osm_overpass, ghsl_pop_100m_r2023a, copernicus_dem_30m.",0.507,994.94,True,medium,ERA5 seasonal constraints proxy (ref 1991-2020) | snow_months=0 | extreme_precip_months=0 | max_snowfall=0.1mm/day | source=copernicus_era5,False,0,medium,"0 waterway(s), major river barrier: no",9,0,1,medium,"9 hospital/clinic, 0 prison, 1 care home within EPZ (total 10 facilities). Source: OSM Overpass [FIX-05 amenities]",,,,2026-04-20 21:28:47.836279+00:00,audit_postlogging_20260421,True,10.0,,,,api,merge_phase2_20260421
PL,Bedzin power station,d3b5a049-6bff-400b-9312-96985f03acea,24.5,83.2,90.0,95.0,0.0,high,"DRV-02 composite: 24.5/100 (NOT FEASIBLE). Sub-scores: ep01_roads=0; ep01_special_pop=90; ep01_geography=95; ep01_terrain=10; ep01_population=0. Sources: osm_overpass, ghsl_pop_100m_r2023a, copernicus_dem_30m.",1.329,2610.34,True,medium,ERA5 seasonal constraints proxy (ref 1991-2020) | snow_months=0 | extreme_precip_months=0 | max_snowfall=0.1mm/day | source=copernicus_era5,False,0,medium,"0 waterway(s), major river barrier: no",235,7,14,medium,"235 hospital/clinic, 7 prison, 14 care home within EPZ (total 256 facilities). Source: OSM Overpass [FIX-05 amenities]",,,,2026-04-20 21:28:47.848814+00:00,audit_postlogging_20260421,False,10.0,,,,api,merge_phase2_20260421
PL,Belchatow power station,8e485f8a-5c68-4541-ab1d-77783f6fcb2d,57.8,55.6,90.0,95.0,95.0,high,"DRV-02 composite: 57.8/100 (FEASIBLE). Sub-scores: ep01_roads=0; ep01_special_pop=90; ep01_geography=95; ep01_terrain=10; ep01_population=95. Sources: osm_overpass, ghsl_pop_100m_r2023a, copernicus_dem_30m.",0.56,1099.76,True,medium,ERA5 seasonal constraints proxy (ref 1991-2020) | snow_months=0 | extreme_precip_months=0 | max_snowfall=0.1mm/day | source=copernicus_era5,False,0,medium,"0 waterway(s), major river barrier: no",14,0,2,medium,"14 hospital/clinic, 0 prison, 2 care home within EPZ (total 16 facilities). Source: OSM Overpass [FIX-05 amenities]",,,,2026-04-20 21:28:47.862212+00:00,audit_postlogging_20260421,True,10.0,,,,api,merge_phase2_20260421
PL,Bialystok power station,06641fea-8997-4b69-a618-6afa34b82591,37.9,53.4,90.0,95.0,0.0,high,"DRV-02 composite: 37.9/100 (FEASIBLE). Sub-scores: ep01_roads=53; ep01_special_pop=90; ep01_geography=95; ep01_terrain=10; ep01_population=0. Sources: osm_overpass, ghsl_pop_100m_r2023a, copernicus_dem_30m.",0.523,1027.21,True,medium,ERA5 seasonal constraints proxy (ref 1991-2020) | snow_months=0 | extreme_precip_months=0 | max_snowfall=0.1mm/day | source=copernicus_era5,False,0,medium,"0 waterway(s), major river barrier: no",68,3,3,medium,"68 hospital/clinic, 3 prison, 3 care home within EPZ (total 74 facilities). Source: OSM Overpass [FIX-05 amenities]",,,,2026-04-20 21:28:47.874565+00:00,audit_postlogging_20260421,True,10.0,,,,api,merge_phase2_20260421
PL,Bielsko-Biala power station,73fe8f06-c53b-4877-9c1d-5caf3d8f2749,16.6,70.7,10.0,95.0,11.8,high,"DRV-02 composite: 16.6/100 (NOT FEASIBLE). Sub-scores: ep01_roads=0; ep01_special_pop=10; ep01_geography=95; ep01_terrain=10; ep01_population=12. Sources: osm_overpass, ghsl_pop_100m_r2023a, copernicus_dem_30m.",0.826,1622.45,True,medium,ERA5 seasonal constraints proxy (ref 1991-2020) | snow_months=3 | extreme_precip_months=0 | max_snowfall=0.1mm/day | source=copernicus_era5,False,0,medium,"0 waterway(s), major river barrier: no",62,1,2,medium,"62 hospital/clinic, 1 prison, 2 care home within EPZ",,,,2026-04-20 21:28:47.886597+00:00,audit_postlogging_20260421,False,10.0,,,,api,merge_phase2_20260421
PL,Blachownia power station,ccc15bde-1c5a-40bf-8f09-2fcb1e896ce5,52.5,61.8,90.0,95.0,80.0,high,"DRV-02 composite: 52.5/100 (FEASIBLE). Sub-scores: ep01_roads=0; ep01_special_pop=90; ep01_geography=95; ep01_terrain=10; ep01_population=80. Sources: osm_overpass, ghsl_pop_100m_r2023a, copernicus_dem_30m.",0.664,1304.21,True,medium,ERA5 seasonal constraints proxy (ref 1991-2020) | snow_months=0 | extreme_precip_months=0 | max_snowfall=0.1mm/day | source=copernicus_era5,False,0,medium,"0 waterway(s), major river barrier: no",33,3,1,medium,"33 hospital/clinic, 3 prison, 1 care home within EPZ (total 37 facilities). Source: OSM Overpass [FIX-05 amenities]",,,,2026-04-20 21:28:47.899110+00:00,audit_postlogging_20260421,True,10.0,,,,api,merge_phase2_20260421
PL,Bydgoszcz power station,9f4a0d6c-e2fa-4e9b-b412-d779d4abf82c,8.7,62.7,0.0,10.0,17.6,high,"DRV-02 composite: 8.7/100 (NOT FEASIBLE). Sub-scores: ep01_roads=0; ep01_special_pop=0; ep01_geography=10; ep01_terrain=10; ep01_population=18. Sources: osm_overpass, ghsl_pop_100m_r2023a, copernicus_dem_30m.",0.679,1334.03,True,medium,ERA5 seasonal constraints proxy (ref 1991-2020) | snow_months=0 | extreme_precip_months=0 | max_snowfall=0.1mm/day | source=copernicus_era5,True,236,medium,"236 waterway(s), major river barrier: yes",53,4,0,medium,"53 hospital/clinic, 4 prison, 0 care home within EPZ",,,,2026-04-20 21:28:47.911910+00:00,audit_postlogging_20260421,False,10.0,,,,api,merge_phase2_20260421
PL,Chorzow Elcho power station,a91dfe3d-93e0-43a1-99d2-41abdd1fc2ce,24.5,87.8,90.0,95.0,0.0,high,"DRV-02 composite: 24.5/100 (NOT FEASIBLE). Sub-scores: ep01_roads=0; ep01_special_pop=90; ep01_geography=95; ep01_terrain=10; ep01_population=0. Sources: osm_overpass, ghsl_pop_100m_r2023a, copernicus_dem_30m.",1.512,2968.11,True,medium,ERA5 seasonal constraints proxy (ref 1991-2020) | snow_months=0 | extreme_precip_months=0 | max_snowfall=0.1mm/day | source=copernicus_era5,False,0,medium,"0 waterway(s), major river barrier: no",277,8,15,medium,"277 hospital/clinic, 8 prison, 15 care home within EPZ (total 300 facilities). Source: OSM Overpass [FIX-05 amenities]",,,,2026-04-20 21:28:47.924789+00:00,audit_postlogging_20260421,False,10.0,,,,api,merge_phase2_20260421
PL,Czeczott power station,a6b51b4f-ba1d-49cd-bc99-8898acdbeb78,45.5,75.2,90.0,95.0,60.0,high,"DRV-02 composite: 45.5/100 (FEASIBLE). Sub-scores: ep01_roads=0; ep01_special_pop=90; ep01_geography=95; ep01_terrain=10; ep01_population=60. Sources: osm_overpass, ghsl_pop_100m_r2023a, copernicus_dem_30m.",1.008,1980.07,True,medium,ERA5 seasonal constraints proxy (ref 1991-2020) | snow_months=1 | extreme_precip_months=0 | max_snowfall=0.1mm/day | source=copernicus_era5,False,0,medium,"0 waterway(s), major river barrier: no",60,2,3,medium,"60 hospital/clinic, 2 prison, 3 care home within EPZ (total 65 facilities). Source: OSM Overpass [FIX-05 amenities]",,,,2026-04-20 21:28:47.936998+00:00,audit_postlogging_20260421,True,10.0,,,,api,merge_phase2_20260421
PL,Czestochowa CHP power station,b789a244-7d29-4be3-afe4-2f45d7f11eab,27.7,62.5,90.0,95.0,9.2,high,"DRV-02 composite: 27.7/100 (NOT FEASIBLE). Sub-scores: ep01_roads=0; ep01_special_pop=90; ep01_geography=95; ep01_terrain=10; ep01_population=9. Sources: osm_overpass, ghsl_pop_100m_r2023a, copernicus_dem_30m.",0.675,1325.43,True,medium,ERA5 seasonal constraints proxy (ref 1991-2020) | snow_months=0 | extreme_precip_months=0 | max_snowfall=0.1mm/day | source=copernicus_era5,False,0,medium,"0 waterway(s), major river barrier: no",32,2,1,medium,"32 hospital/clinic, 2 prison, 1 care home within EPZ (total 35 facilities). Source: OSM Overpass [FIX-05 amenities]",,,,2026-04-20 21:28:47.949412+00:00,audit_postlogging_20260421,False,10.0,,,,api,merge_phase2_20260421
PL,Dolna Odra power station,558e7bff-5b5d-4666-9ca3-ec02f2269aab,69.0,53.9,90.0,95.0,80.0,high,"DRV-02 composite: 69.0/100 (FEASIBLE). Sub-scores: ep01_roads=54; ep01_special_pop=90; ep01_geography=95; ep01_terrain=30; ep01_population=80. Sources: osm_overpass, ghsl_pop_100m_r2023a, copernicus_dem_30m.",0.532,1045.26,True,medium,ERA5 seasonal constraints proxy (ref 1991-2020) | snow_months=0 | extreme_precip_months=0 | max_snowfall=0.1mm/day | source=copernicus_era5,False,0,medium,"0 waterway(s), major river barrier: no",23,1,3,medium,"23 hospital/clinic, 1 prison, 3 care home within EPZ (total 27 facilities). Source: OSM Overpass [FIX-05 amenities]",,,,2026-04-20 21:28:47.963068+00:00,audit_postlogging_20260421,True,30.0,,,,api,merge_phase2_20260421
PL,Gdansk-2 power station,e9a1ae49-ff79-462c-af4e-7c6843221d36,19.0,68.7,90.0,10.0,0.0,high,"DRV-02 composite: 19.0/100 (NOT FEASIBLE). Sub-scores: ep01_roads=0; ep01_special_pop=90; ep01_geography=10; ep01_terrain=30; ep01_population=0. Sources: osm_overpass, ghsl_pop_100m_r2023a, copernicus_dem_30m.",0.778,1526.87,True,medium,ERA5 seasonal constraints proxy (ref 1991-2020) | snow_months=0 | extreme_precip_months=0 | max_snowfall=0.1mm/day | source=copernicus_era5,True,407,medium,"407 waterway(s), major river barrier: yes",111,2,7,medium,"111 hospital/clinic, 2 prison, 7 care home within EPZ (total 120 facilities). Source: OSM Overpass [FIX-05 amenities]",,,,2026-04-20 21:28:47.977284+00:00,audit_postlogging_20260421,False,30.0,,,,api,merge_phase2_20260421
PL,Gdynia-3 power station,ad7a9c00-0c75-411f-8f89-859e603df1e6,29.2,62.7,90.0,95.0,13.5,high,"DRV-02 composite: 29.2/100 (NOT FEASIBLE). Sub-scores: ep01_roads=0; ep01_special_pop=90; ep01_geography=95; ep01_terrain=10; ep01_population=14. Sources: osm_overpass, ghsl_pop_100m_r2023a, copernicus_dem_30m.",0.679,1332.5,True,medium,ERA5 seasonal constraints proxy (ref 1991-2020) | snow_months=0 | extreme_precip_months=0 | max_snowfall=0.1mm/day | source=copernicus_era5,False,0,medium,"0 waterway(s), major river barrier: no",120,3,10,medium,"120 hospital/clinic, 3 prison, 10 care home within EPZ (total 133 facilities). Source: OSM Overpass [FIX-05 amenities]",,,,2026-04-20 21:28:47.989147+00:00,audit_postlogging_20260421,False,10.0,,,,api,merge_phase2_20260421
PL,Gliwice Works power station,416aab55-6fd9-4a0a-b8f8-796fb62d86a5,16.4,75.8,0.0,95.0,15.5,high,"DRV-02 composite: 16.4/100 (NOT FEASIBLE). Sub-scores: ep01_roads=0; ep01_special_pop=0; ep01_geography=95; ep01_terrain=10; ep01_population=16. Sources: osm_overpass, ghsl_pop_100m_r2023a, copernicus_dem_30m.",1.032,2025.6,True,medium,ERA5 seasonal constraints proxy (ref 1991-2020) | snow_months=0 | extreme_precip_months=0 | max_snowfall=0.1mm/day | source=copernicus_era5,False,0,medium,"0 waterway(s), major river barrier: no",128,4,6,medium,"128 hospital/clinic, 4 prison, 6 care home within EPZ",,,,2026-04-20 21:28:48.000060+00:00,audit_postlogging_20260421,False,10.0,,,,api,merge_phase2_20260421
PL,Gorzow power station,40650551-0c9c-45ea-bac6-befdb0cb5909,28.4,49.8,90.0,10.0,16.2,high,"DRV-02 composite: 28.4/100 (NOT FEASIBLE). Sub-scores: ep01_roads=0; ep01_special_pop=90; ep01_geography=10; ep01_terrain=55; ep01_population=16. Sources: osm_overpass, ghsl_pop_100m_r2023a, copernicus_dem_30m.",0.464,911.0,True,medium,ERA5 seasonal constraints proxy (ref 1991-2020) | snow_months=0 | extreme_precip_months=0 | max_snowfall=0.1mm/day | source=copernicus_era5,True,223,medium,"223 waterway(s), major river barrier: yes",22,1,1,medium,"22 hospital/clinic, 1 prison, 1 care home within EPZ (total 24 facilities). Source: OSM Overpass [FIX-05 amenities]",,,,2026-04-20 21:28:48.011429+00:00,audit_postlogging_20260421,False,55.0,,,,api,merge_phase2_20260421
PL,Gubin Power Project,917008f5-fba1-4ef7-b82d-9aded2b69267,48.5,47.2,90.0,95.0,60.0,high,"DRV-02 composite: 48.5/100 (FEASIBLE). Sub-scores: ep01_roads=0; ep01_special_pop=90; ep01_geography=95; ep01_terrain=30; ep01_population=60. Sources: osm_overpass, ghsl_pop_100m_r2023a, copernicus_dem_30m.",0.42,825.18,True,medium,ERA5 seasonal constraints proxy (ref 1991-2020) | snow_months=0 | extreme_precip_months=0 | max_snowfall=0.1mm/day | source=copernicus_era5,False,0,medium,"0 waterway(s), major river barrier: no",14,2,4,medium,"14 hospital/clinic, 2 prison, 4 care home within EPZ (total 20 facilities). Source: OSM Overpass [FIX-05 amenities]",,,,2026-04-20 21:28:48.021725+00:00,audit_postlogging_20260421,True,30.0,,,,api,merge_phase2_20260421
PL,Halemba power station,29479c3f-8db8-4f62-90e8-59ad6739f90b,36.8,85.5,90.0,95.0,35.0,high,"DRV-02 composite: 36.8/100 (FEASIBLE). Sub-scores: ep01_roads=0; ep01_special_pop=90; ep01_geography=95; ep01_terrain=10; ep01_population=35. Sources: osm_overpass, ghsl_pop_100m_r2023a, copernicus_dem_30m.",1.418,2784.22,True,medium,ERA5 seasonal constraints proxy (ref 1991-2020) | snow_months=0 | extreme_precip_months=0 | max_snowfall=0.1mm/day | source=copernicus_era5,False,0,medium,"0 waterway(s), major river barrier: no",264,8,14,medium,"264 hospital/clinic, 8 prison, 14 care home within EPZ (total 286 facilities). Source: OSM Overpass [FIX-05 amenities]",,,,2026-04-20 21:28:48.032244+00:00,audit_postlogging_20260421,True,10.0,,,,api,merge_phase2_20260421
PL,Jaworzno power station,c4d7f628-c108-4496-ac02-6076ea3ae448,36.8,80.6,90.0,95.0,35.0,high,"DRV-02 composite: 36.8/100 (FEASIBLE). Sub-scores: ep01_roads=0; ep01_special_pop=90; ep01_geography=95; ep01_terrain=10; ep01_population=35. Sources: osm_overpass, ghsl_pop_100m_r2023a, copernicus_dem_30m.",1.225,2405.21,True,medium,ERA5 seasonal constraints proxy (ref 1991-2020) | snow_months=0 | extreme_precip_months=0 | max_snowfall=0.1mm/day | source=copernicus_era5,False,0,medium,"0 waterway(s), major river barrier: no",199,5,11,medium,"199 hospital/clinic, 5 prison, 11 care home within EPZ (total 215 facilities). Source: OSM Overpass [FIX-05 amenities]",,,,2026-04-20 21:28:48.043163+00:00,audit_postlogging_20260421,True,10.0,,,,api,merge_phase2_20260421
PL,Katowice PKE power station,399668d6-bfed-4e5b-bf38-9ee5902101c3,24.9,86.4,90.0,95.0,1.2,high,"DRV-02 composite: 24.9/100 (NOT FEASIBLE). Sub-scores: ep01_roads=0; ep01_special_pop=90; ep01_geography=95; ep01_terrain=10; ep01_population=1. Sources: osm_overpass, ghsl_pop_100m_r2023a, copernicus_dem_30m.",1.455,2856.72,True,medium,ERA5 seasonal constraints proxy (ref 1991-2020) | snow_months=0 | extreme_precip_months=0 | max_snowfall=0.1mm/day | source=copernicus_era5,False,0,medium,"0 waterway(s), major river barrier: no",254,7,14,medium,"254 hospital/clinic, 7 prison, 14 care home within EPZ (total 275 facilities). Source: OSM Overpass [FIX-05 amenities]",,,,2026-04-20 21:28:48.053780+00:00,audit_postlogging_20260421,False,10.0,,,,api,merge_phase2_20260421
PL,Kedzierzyn CCS Project,239ea0eb-a9c4-43cc-ac5f-35271bdc6613,45.5,62.0,90.0,95.0,60.0,high,"DRV-02 composite: 45.5/100 (FEASIBLE). Sub-scores: ep01_roads=0; ep01_special_pop=90; ep01_geography=95; ep01_terrain=10; ep01_population=60. Sources: osm_overpass, ghsl_pop_100m_r2023a, copernicus_dem_30m.",0.667,1309.41,True,medium,ERA5 seasonal constraints proxy (ref 1991-2020) | snow_months=0 | extreme_precip_months=0 | max_snowfall=0.1mm/day | source=copernicus_era5,False,0,medium,"0 waterway(s), major river barrier: no",14,3,1,medium,"14 hospital/clinic, 3 prison, 1 care home within EPZ (total 18 facilities). Source: OSM Overpass [FIX-05 amenities]",,,,2026-04-20 21:28:48.066345+00:00,audit_postlogging_20260421,True,10.0,,,,api,merge_phase2_20260421
PL,Konin power station,c39819ef-6798-4c01-9a82-9eead65b5f56,52.5,57.5,90.0,95.0,80.0,high,"DRV-02 composite: 52.5/100 (FEASIBLE). Sub-scores: ep01_roads=0; ep01_special_pop=90; ep01_geography=95; ep01_terrain=10; ep01_population=80. Sources: osm_overpass, ghsl_pop_100m_r2023a, copernicus_dem_30m.",0.591,1160.23,True,medium,ERA5 seasonal constraints proxy (ref 1991-2020) | snow_months=0 | extreme_precip_months=0 | max_snowfall=0.1mm/day | source=copernicus_era5,False,0,medium,"0 waterway(s), major river barrier: no",5,0,0,medium,"5 hospital/clinic, 0 prison, 0 care home within EPZ (total 5 facilities). Source: OSM Overpass [FIX-05 amenities]",,,,2026-04-20 21:28:48.079425+00:00,audit_postlogging_20260421,True,10.0,,,,api,merge_phase2_20260421
PL,Kozienice power station,4411a22e-4e8a-4715-b000-1aae34494b68,30.5,49.5,0.0,10.0,80.0,high,"DRV-02 composite: 30.5/100 (FEASIBLE). Sub-scores: ep01_roads=0; ep01_special_pop=0; ep01_geography=10; ep01_terrain=10; ep01_population=80. Sources: osm_overpass, ghsl_pop_100m_r2023a, copernicus_dem_30m.",0.458,898.81,True,medium,ERA5 seasonal constraints proxy (ref 1991-2020) | snow_months=0 | extreme_precip_months=0 | max_snowfall=0.1mm/day | source=copernicus_era5,True,290,medium,"290 waterway(s), major river barrier: yes",10,2,0,medium,"10 hospital/clinic, 2 prison, 0 care home within EPZ",,,,2026-04-20 21:28:48.092939+00:00,audit_postlogging_20260421,True,10.0,,,,api,merge_phase2_20260421
PL,Krakow-Leg power station,409dde58-5df1-44d9-b5ec-f8e2edd86786,24.5,78.1,90.0,95.0,0.0,high,"DRV-02 composite: 24.5/100 (NOT FEASIBLE). Sub-scores: ep01_roads=0; ep01_special_pop=90; ep01_geography=95; ep01_terrain=10; ep01_population=0. Sources: osm_overpass, ghsl_pop_100m_r2023a, copernicus_dem_30m.",1.124,2207.11,True,medium,ERA5 seasonal constraints proxy (ref 1991-2020) | snow_months=0 | extreme_precip_months=0 | max_snowfall=0.1mm/day | source=copernicus_era5,False,0,medium,"0 waterway(s), major river barrier: no",222,2,5,medium,"222 hospital/clinic, 2 prison, 5 care home within EPZ (total 229 facilities). Source: OSM Overpass [FIX-05 amenities]",,,,2026-04-20 21:28:48.105898+00:00,audit_postlogging_20260421,False,10.0,,,,api,merge_phase2_20260421
PL,Lagisza power station,27fc89b3-ee57-44ac-8073-a700bc8d12e8,22.4,80.8,90.0,10.0,18.3,high,"DRV-02 composite: 22.4/100 (NOT FEASIBLE). Sub-scores: ep01_roads=0; ep01_special_pop=90; ep01_geography=10; ep01_terrain=10; ep01_population=18. Sources: osm_overpass, ghsl_pop_100m_r2023a, copernicus_dem_30m.",1.23,2415.32,True,medium,ERA5 seasonal constraints proxy (ref 1991-2020) | snow_months=0 | extreme_precip_months=0 | max_snowfall=0.1mm/day | source=copernicus_era5,True,454,medium,"454 waterway(s), major river barrier: yes",231,9,12,medium,"231 hospital/clinic, 9 prison, 12 care home within EPZ (total 252 facilities). Source: OSM Overpass [FIX-05 amenities]",,,,2026-04-20 21:28:48.118378+00:00,audit_postlogging_20260421,False,10.0,,,,api,merge_phase2_20260421
PL,Laziska power station,de6735bd-7a79-43c8-baad-1fe23d50d6f0,45.5,82.9,90.0,95.0,60.0,high,"DRV-02 composite: 45.5/100 (FEASIBLE). Sub-scores: ep01_roads=0; ep01_special_pop=90; ep01_geography=95; ep01_terrain=10; ep01_population=60. Sources: osm_overpass, ghsl_pop_100m_r2023a, copernicus_dem_30m.",1.317,2585.99,True,medium,ERA5 seasonal constraints proxy (ref 1991-2020) | snow_months=0 | extreme_precip_months=0 | max_snowfall=0.1mm/day | source=copernicus_era5,False,0,medium,"0 waterway(s), major river barrier: no",226,6,11,medium,"226 hospital/clinic, 6 prison, 11 care home within EPZ (total 243 facilities). Source: OSM Overpass [FIX-05 amenities]",,,,2026-04-20 21:28:48.131010+00:00,audit_postlogging_20260421,True,10.0,,,,api,merge_phase2_20260421
PL,Leczna Power Station (Bogdanka SA),0b187a1d-55de-47cf-96a3-06abc8ff2476,45.5,60.2,90.0,95.0,60.0,high,"DRV-02 composite: 45.5/100 (FEASIBLE). Sub-scores: ep01_roads=0; ep01_special_pop=90; ep01_geography=95; ep01_terrain=10; ep01_population=60. Sources: osm_overpass, ghsl_pop_100m_r2023a, copernicus_dem_30m.",0.636,1248.35,True,medium,ERA5 seasonal constraints proxy (ref 1991-2020) | snow_months=0 | extreme_precip_months=0 | max_snowfall=0.1mm/day | source=copernicus_era5,False,0,medium,"0 waterway(s), major river barrier: no",67,2,3,medium,"67 hospital/clinic, 2 prison, 3 care home within EPZ (total 72 facilities). Source: OSM Overpass [FIX-05 amenities]",,,,2026-04-20 21:28:48.144223+00:00,audit_postlogging_20260421,True,10.0,,,,api,merge_phase2_20260421
PL,Leczna Power Station (Enea),ebc0f461-acfa-47da-8094-5b15ea3e25a0,45.5,60.1,90.0,95.0,60.0,high,"DRV-02 composite: 45.5/100 (FEASIBLE). Sub-scores: ep01_roads=0; ep01_special_pop=90; ep01_geography=95; ep01_terrain=10; ep01_population=60. Sources: osm_overpass, ghsl_pop_100m_r2023a, copernicus_dem_30m.",0.635,1246.09,True,medium,ERA5 seasonal constraints proxy (ref 1991-2020) | snow_months=0 | extreme_precip_months=0 | max_snowfall=0.1mm/day | source=copernicus_era5,False,0,medium,"0 waterway(s), major river barrier: no",66,2,3,medium,"66 hospital/clinic, 2 prison, 3 care home within EPZ (total 71 facilities). Source: OSM Overpass [FIX-05 amenities]",,,,2026-04-20 21:28:48.157437+00:00,audit_postlogging_20260421,True,10.0,,,,api,merge_phase2_20260421
PL,Legnica Power Station,187b4fd7-6a61-4e94-8ed4-495ac6dfc317,30.6,68.0,90.0,95.0,17.5,high,"DRV-02 composite: 30.6/100 (FEASIBLE). Sub-scores: ep01_roads=0; ep01_special_pop=90; ep01_geography=95; ep01_terrain=10; ep01_population=18. Sources: osm_overpass, ghsl_pop_100m_r2023a, copernicus_dem_30m.",0.767,1505.41,True,medium,ERA5 seasonal constraints proxy (ref 1991-2020) | snow_months=0 | extreme_precip_months=0 | max_snowfall=0.1mm/day | source=copernicus_era5,False,0,medium,"0 waterway(s), major river barrier: no",27,1,2,medium,"27 hospital/clinic, 1 prison, 2 care home within EPZ (total 30 facilities). Source: OSM Overpass [FIX-05 amenities]",,,,2026-04-20 21:28:48.168068+00:00,audit_postlogging_20260421,True,10.0,,,,api,merge_phase2_20260421
PL,Lodz-2 power station,29a58981-aaf7-4450-ad41-49dd6d786168,24.5,76.3,90.0,95.0,0.0,high,"DRV-02 composite: 24.5/100 (NOT FEASIBLE). Sub-scores: ep01_roads=0; ep01_special_pop=90; ep01_geography=95; ep01_terrain=10; ep01_population=0. Sources: osm_overpass, ghsl_pop_100m_r2023a, copernicus_dem_30m.",1.053,2067.44,True,medium,ERA5 seasonal constraints proxy (ref 1991-2020) | snow_months=0 | extreme_precip_months=0 | max_snowfall=0.1mm/day | source=copernicus_era5,False,0,medium,"0 waterway(s), major river barrier: no",105,4,12,medium,"105 hospital/clinic, 4 prison, 12 care home within EPZ (total 121 facilities). Source: OSM Overpass [FIX-05 amenities]",,,,2026-04-20 21:28:48.179508+00:00,audit_postlogging_20260421,False,10.0,,,,api,merge_phase2_20260421
PL,Lodz-3 power station,8dd8db4c-b62d-4f6b-a2ee-70a9ed785e7a,24.5,77.7,90.0,95.0,0.0,high,"DRV-02 composite: 24.5/100 (NOT FEASIBLE). Sub-scores: ep01_roads=0; ep01_special_pop=90; ep01_geography=95; ep01_terrain=10; ep01_population=0. Sources: osm_overpass, ghsl_pop_100m_r2023a, copernicus_dem_30m.",1.109,2177.04,True,medium,ERA5 seasonal constraints proxy (ref 1991-2020) | snow_months=0 | extreme_precip_months=0 | max_snowfall=0.1mm/day | source=copernicus_era5,False,0,medium,"0 waterway(s), major river barrier: no",107,4,11,medium,"107 hospital/clinic, 4 prison, 11 care home within EPZ (total 122 facilities). Source: OSM Overpass [FIX-05 amenities]",,,,2026-04-20 21:28:48.190950+00:00,audit_postlogging_20260421,False,10.0,,,,api,merge_phase2_20260421
PL,Lodz-4 power station,ef2ee2ae-e73e-490c-aa07-746543fe20e6,26.5,77.0,90.0,95.0,5.8,high,"DRV-02 composite: 26.5/100 (NOT FEASIBLE). Sub-scores: ep01_roads=0; ep01_special_pop=90; ep01_geography=95; ep01_terrain=10; ep01_population=6. Sources: osm_overpass, ghsl_pop_100m_r2023a, copernicus_dem_30m.",1.078,2116.47,True,medium,ERA5 seasonal constraints proxy (ref 1991-2020) | snow_months=0 | extreme_precip_months=0 | max_snowfall=0.1mm/day | source=copernicus_era5,False,0,medium,"0 waterway(s), major river barrier: no",106,4,11,medium,"106 hospital/clinic, 4 prison, 11 care home within EPZ (total 121 facilities). Source: OSM Overpass [FIX-05 amenities]",,,,2026-04-20 21:28:48.202140+00:00,audit_postlogging_20260421,False,10.0,,,,api,merge_phase2_20260421
PL,Lublin Power Station,d60b377c-9bb4-4fd5-adb7-a9a9ba98ae76,30.7,71.0,0.0,95.0,5.6,high,"DRV-02 composite: 30.7/100 (FEASIBLE). Sub-scores: ep01_roads=71; ep01_special_pop=0; ep01_geography=95; ep01_terrain=10; ep01_population=6. Sources: osm_overpass, ghsl_pop_100m_r2023a, copernicus_dem_30m.",0.839,1647.16,True,medium,ERA5 seasonal constraints proxy (ref 1991-2020) | snow_months=0 | extreme_precip_months=0 | max_snowfall=0.1mm/day | source=copernicus_era5,False,0,medium,"0 waterway(s), major river barrier: no",74,2,4,medium,"74 hospital/clinic, 2 prison, 4 care home within EPZ",,,,2026-04-20 21:28:48.213800+00:00,audit_postlogging_20260421,True,10.0,,,,api,merge_phase2_20260421
PL,Miechowice power station,c42c5942-264d-43a1-a9eb-95b00480eb1a,29.5,83.3,90.0,95.0,14.3,high,"DRV-02 composite: 29.5/100 (NOT FEASIBLE). Sub-scores: ep01_roads=0; ep01_special_pop=90; ep01_geography=95; ep01_terrain=10; ep01_population=14. Sources: osm_overpass, ghsl_pop_100m_r2023a, copernicus_dem_30m.",1.333,2617.89,True,medium,ERA5 seasonal constraints proxy (ref 1991-2020) | snow_months=0 | extreme_precip_months=0 | max_snowfall=0.1mm/day | source=copernicus_era5,False,0,medium,"0 waterway(s), major river barrier: no",259,8,14,medium,"259 hospital/clinic, 8 prison, 14 care home within EPZ (total 281 facilities). Source: OSM Overpass [FIX-05 amenities]",,,,2026-04-20 21:28:48.224413+00:00,audit_postlogging_20260421,False,10.0,,,,api,merge_phase2_20260421
PL,Murcki-Staszic power station,5a57ae0a-6f91-46f4-a1f5-56a6b37596e9,31.0,85.4,90.0,95.0,18.5,high,"DRV-02 composite: 31.0/100 (FEASIBLE). Sub-scores: ep01_roads=0; ep01_special_pop=90; ep01_geography=95; ep01_terrain=10; ep01_population=18. Sources: osm_overpass, ghsl_pop_100m_r2023a, copernicus_dem_30m.",1.417,2781.78,True,medium,ERA5 seasonal constraints proxy (ref 1991-2020) | snow_months=0 | extreme_precip_months=0 | max_snowfall=0.1mm/day | source=copernicus_era5,False,0,medium,"0 waterway(s), major river barrier: no",244,6,14,medium,"244 hospital/clinic, 6 prison, 14 care home within EPZ (total 264 facilities). Source: OSM Overpass [FIX-05 amenities]",,,,2026-04-20 21:28:48.235684+00:00,audit_postlogging_20260421,True,10.0,,,,api,merge_phase2_20260421
PL,Opalenie power station,52db4dae-b014-45a4-96c4-49f80c1fdd11,57.8,53.7,90.0,95.0,95.0,high,"DRV-02 composite: 57.8/100 (FEASIBLE). Sub-scores: ep01_roads=0; ep01_special_pop=90; ep01_geography=95; ep01_terrain=10; ep01_population=95. Sources: osm_overpass, ghsl_pop_100m_r2023a, copernicus_dem_30m.",0.528,1037.69,True,medium,ERA5 seasonal constraints proxy (ref 1991-2020) | snow_months=0 | extreme_precip_months=0 | max_snowfall=0.1mm/day | source=copernicus_era5,False,0,medium,"0 waterway(s), major river barrier: no",10,2,3,medium,"10 hospital/clinic, 2 prison, 3 care home within EPZ (total 16 facilities). Source: OSM Overpass [FIX-05 amenities]",,,,2026-04-20 21:28:48.247517+00:00,audit_postlogging_20260421,True,10.0,,,,api,merge_phase2_20260421
PL,Opole power station,1d19dce6-c458-4656-901d-6a8d3c548761,53.4,57.4,0.0,95.0,80.0,high,"DRV-02 composite: 53.4/100 (FEASIBLE). Sub-scores: ep01_roads=57; ep01_special_pop=0; ep01_geography=95; ep01_terrain=10; ep01_population=80. Sources: osm_overpass, ghsl_pop_100m_r2023a, copernicus_dem_30m.",0.59,1159.43,True,medium,ERA5 seasonal constraints proxy (ref 1991-2020) | snow_months=0 | extreme_precip_months=0 | max_snowfall=0.1mm/day | source=copernicus_era5,False,0,medium,"0 waterway(s), major river barrier: no",20,3,0,medium,"20 hospital/clinic, 3 prison, 0 care home within EPZ",,,,2026-04-20 21:28:48.258131+00:00,audit_postlogging_20260421,True,10.0,,,,api,merge_phase2_20260421
PL,Ostrołęka power station,b8bc6544-1571-4906-95e0-314d62c78a24,36.8,48.6,90.0,95.0,35.0,high,"DRV-02 composite: 36.8/100 (FEASIBLE). Sub-scores: ep01_roads=0; ep01_special_pop=90; ep01_geography=95; ep01_terrain=10; ep01_population=35. Sources: osm_overpass, ghsl_pop_100m_r2023a, copernicus_dem_30m.",0.443,870.22,True,medium,ERA5 seasonal constraints proxy (ref 1991-2020) | snow_months=0 | extreme_precip_months=0 | max_snowfall=0.1mm/day | source=copernicus_era5,False,0,medium,"0 waterway(s), major river barrier: no",9,1,0,medium,"9 hospital/clinic, 1 prison, 0 care home within EPZ (total 10 facilities). Source: OSM Overpass [FIX-05 amenities]",,,,2026-04-20 21:28:48.269007+00:00,audit_postlogging_20260421,True,10.0,,,,api,merge_phase2_20260421
PL,Patnow power station,ab57f5c3-8699-46f9-970f-3007dfc58af4,52.5,58.4,90.0,95.0,80.0,high,"DRV-02 composite: 52.5/100 (FEASIBLE). Sub-scores: ep01_roads=0; ep01_special_pop=90; ep01_geography=95; ep01_terrain=10; ep01_population=80. Sources: osm_overpass, ghsl_pop_100m_r2023a, copernicus_dem_30m.",0.607,1192.58,True,medium,ERA5 seasonal constraints proxy (ref 1991-2020) | snow_months=0 | extreme_precip_months=0 | max_snowfall=0.1mm/day | source=copernicus_era5,False,0,medium,"0 waterway(s), major river barrier: no",6,0,0,medium,"6 hospital/clinic, 0 prison, 0 care home within EPZ (total 6 facilities). Source: OSM Overpass [FIX-05 amenities]",,,,2026-04-20 21:28:48.280994+00:00,audit_postlogging_20260421,True,10.0,,,,api,merge_phase2_20260421
PL,Piast Ruch Power Station,8a9d5c87-7edc-49c3-85a2-d97727b9c9b2,52.5,76.0,90.0,95.0,80.0,high,"DRV-02 composite: 52.5/100 (FEASIBLE). Sub-scores: ep01_roads=0; ep01_special_pop=90; ep01_geography=95; ep01_terrain=10; ep01_population=80. Sources: osm_overpass, ghsl_pop_100m_r2023a, copernicus_dem_30m.",1.041,2044.24,True,medium,ERA5 seasonal constraints proxy (ref 1991-2020) | snow_months=1 | extreme_precip_months=0 | max_snowfall=0.1mm/day | source=copernicus_era5,False,0,medium,"0 waterway(s), major river barrier: no",73,1,6,medium,"73 hospital/clinic, 1 prison, 6 care home within EPZ (total 80 facilities). Source: OSM Overpass [FIX-05 amenities]",,,,2026-04-20 21:28:48.291867+00:00,audit_postlogging_20260421,True,10.0,,,,api,merge_phase2_20260421
PL,Polaniec power station,2981a12d-3444-4301-96ba-a63ef50bec3e,43.5,44.5,10.0,95.0,80.0,high,"DRV-02 composite: 43.5/100 (FEASIBLE). Sub-scores: ep01_roads=0; ep01_special_pop=10; ep01_geography=95; ep01_terrain=30; ep01_population=80. Sources: osm_overpass, ghsl_pop_100m_r2023a, copernicus_dem_30m.",0.542,1063.95,False,medium,ERA5 seasonal constraints proxy (ref 1991-2020) | snow_months=0 | extreme_precip_months=0 | max_snowfall=0.1mm/day | source=copernicus_era5,False,0,medium,"0 waterway(s), major river barrier: no",15,1,0,medium,"15 hospital/clinic, 1 prison, 0 care home within EPZ",,,,2026-04-20 21:28:48.302356+00:00,audit_postlogging_20260421,True,30.0,,,,api,merge_phase2_20260421
PL,Pólnoc power station,b24f9ac5-5ddf-4b19-ba95-76dafeca3d2c,52.5,56.3,90.0,95.0,80.0,high,"DRV-02 composite: 52.5/100 (FEASIBLE). Sub-scores: ep01_roads=0; ep01_special_pop=90; ep01_geography=95; ep01_terrain=10; ep01_population=80. Sources: osm_overpass, ghsl_pop_100m_r2023a, copernicus_dem_30m.",0.572,1122.23,True,medium,ERA5 seasonal constraints proxy (ref 1991-2020) | snow_months=0 | extreme_precip_months=0 | max_snowfall=0.1mm/day | source=copernicus_era5,False,0,medium,"0 waterway(s), major river barrier: no",32,3,2,medium,"32 hospital/clinic, 3 prison, 2 care home within EPZ (total 37 facilities). Source: OSM Overpass [FIX-05 amenities]",,,,2026-04-20 21:28:48.314001+00:00,audit_postlogging_20260421,True,10.0,,,,api,merge_phase2_20260421
PL,Pomorzany power station,e2c23866-db1e-4316-82b5-7e3fe50c3c09,20.0,58.2,10.0,95.0,12.8,high,"DRV-02 composite: 20.0/100 (NOT FEASIBLE). Sub-scores: ep01_roads=0; ep01_special_pop=10; ep01_geography=95; ep01_terrain=30; ep01_population=13. Sources: osm_overpass, ghsl_pop_100m_r2023a, copernicus_dem_30m.",0.603,1184.13,True,medium,ERA5 seasonal constraints proxy (ref 1991-2020) | snow_months=0 | extreme_precip_months=0 | max_snowfall=0.1mm/day | source=copernicus_era5,False,0,medium,"0 waterway(s), major river barrier: no",47,1,7,medium,"47 hospital/clinic, 1 prison, 7 care home within EPZ",,,,2026-04-20 21:28:48.327178+00:00,audit_postlogging_20260421,False,30.0,,,,api,merge_phase2_20260421
PL,Poznan Karolin power station,40b4334a-7ba4-4ed8-aa8e-3c405599fbd7,28.7,72.8,90.0,95.0,12.0,high,"DRV-02 composite: 28.7/100 (NOT FEASIBLE). Sub-scores: ep01_roads=0; ep01_special_pop=90; ep01_geography=95; ep01_terrain=10; ep01_population=12. Sources: osm_overpass, ghsl_pop_100m_r2023a, copernicus_dem_30m.",0.91,1787.75,True,medium,ERA5 seasonal constraints proxy (ref 1991-2020) | snow_months=0 | extreme_precip_months=0 | max_snowfall=0.1mm/day | source=copernicus_era5,False,0,medium,"0 waterway(s), major river barrier: no",119,5,0,medium,"119 hospital/clinic, 5 prison, 0 care home within EPZ (total 124 facilities). Source: OSM Overpass [FIX-05 amenities]",,,,2026-04-20 21:28:48.339186+00:00,audit_postlogging_20260421,False,10.0,,,,api,merge_phase2_20260421
PL,Puchaczow power station,dadadad9-b67e-44b8-a9ab-4cbf116da20b,66.0,53.9,90.0,95.0,80.0,high,"DRV-02 composite: 66.0/100 (FEASIBLE). Sub-scores: ep01_roads=54; ep01_special_pop=90; ep01_geography=95; ep01_terrain=10; ep01_population=80. Sources: osm_overpass, ghsl_pop_100m_r2023a, copernicus_dem_30m.",0.532,1045.23,True,medium,ERA5 seasonal constraints proxy (ref 1991-2020) | snow_months=0 | extreme_precip_months=0 | max_snowfall=0.1mm/day | source=copernicus_era5,False,0,medium,"0 waterway(s), major river barrier: no",10,0,2,medium,"10 hospital/clinic, 0 prison, 2 care home within EPZ (total 12 facilities). Source: OSM Overpass [FIX-05 amenities]",,,,2026-04-20 21:28:48.350310+00:00,audit_postlogging_20260421,True,10.0,,,,api,merge_phase2_20260421
PL,Pulawy power station (Grupa Azoty),cdc888ad-fd51-4710-a5ab-3cd0fe9ddb48,36.8,60.0,90.0,95.0,35.0,high,"DRV-02 composite: 36.8/100 (FEASIBLE). Sub-scores: ep01_roads=0; ep01_special_pop=90; ep01_geography=95; ep01_terrain=10; ep01_population=35. Sources: osm_overpass, ghsl_pop_100m_r2023a, copernicus_dem_30m.",0.634,1244.13,True,medium,ERA5 seasonal constraints proxy (ref 1991-2020) | snow_months=0 | extreme_precip_months=0 | max_snowfall=0.1mm/day | source=copernicus_era5,False,0,medium,"0 waterway(s), major river barrier: no",16,0,1,medium,"16 hospital/clinic, 0 prison, 1 care home within EPZ (total 17 facilities). Source: OSM Overpass [FIX-05 amenities]",,,,2026-04-20 21:28:48.363405+00:00,audit_postlogging_20260421,True,10.0,,,,api,merge_phase2_20260421
PL,Pulawy power station (Vattenfall),a19228ce-f25a-4ffd-a249-9d01403e6b81,51.8,60.0,90.0,95.0,35.0,high,"DRV-02 composite: 51.8/100 (FEASIBLE). Sub-scores: ep01_roads=60; ep01_special_pop=90; ep01_geography=95; ep01_terrain=10; ep01_population=35. Sources: osm_overpass, ghsl_pop_100m_r2023a, copernicus_dem_30m.",0.634,1244.13,True,medium,ERA5 seasonal constraints proxy (ref 1991-2020) | snow_months=0 | extreme_precip_months=0 | max_snowfall=0.1mm/day | source=copernicus_era5,False,0,medium,"0 waterway(s), major river barrier: no",16,0,1,medium,"16 hospital/clinic, 0 prison, 1 care home within EPZ (total 17 facilities). Source: OSM Overpass [FIX-05 amenities]",,,,2026-04-20 21:28:48.376868+00:00,audit_postlogging_20260421,True,10.0,,,,api,merge_phase2_20260421
PL,Pulawy ZAP Works power station,ee332928-87b2-4e7b-9203-20e402bc551f,45.5,60.7,90.0,95.0,60.0,high,"DRV-02 composite: 45.5/100 (FEASIBLE). Sub-scores: ep01_roads=0; ep01_special_pop=90; ep01_geography=95; ep01_terrain=10; ep01_population=60. Sources: osm_overpass, ghsl_pop_100m_r2023a, copernicus_dem_30m.",0.645,1266.22,True,medium,ERA5 seasonal constraints proxy (ref 1991-2020) | snow_months=0 | extreme_precip_months=0 | max_snowfall=0.1mm/day | source=copernicus_era5,False,0,medium,"0 waterway(s), major river barrier: no",14,0,1,medium,"14 hospital/clinic, 0 prison, 1 care home within EPZ (total 15 facilities). Source: OSM Overpass [FIX-05 amenities]",,,,2026-04-20 21:28:48.387933+00:00,audit_postlogging_20260421,True,10.0,,,,api,merge_phase2_20260421
PL,Rybnik power station,b8a00967-90a3-4a4e-9979-6b8651d87380,36.8,74.5,90.0,95.0,35.0,high,"DRV-02 composite: 36.8/100 (FEASIBLE). Sub-scores: ep01_roads=0; ep01_special_pop=90; ep01_geography=95; ep01_terrain=10; ep01_population=35. Sources: osm_overpass, ghsl_pop_100m_r2023a, copernicus_dem_30m.",0.978,1919.78,True,medium,ERA5 seasonal constraints proxy (ref 1991-2020) | snow_months=0 | extreme_precip_months=0 | max_snowfall=0.1mm/day | source=copernicus_era5,False,0,medium,"0 waterway(s), major river barrier: no",57,3,4,medium,"57 hospital/clinic, 3 prison, 4 care home within EPZ (total 64 facilities). Source: OSM Overpass [FIX-05 amenities]",,,,2026-04-20 21:28:48.399718+00:00,audit_postlogging_20260421,True,10.0,,,,api,merge_phase2_20260421
PL,Siechnice power station,a7eeee6e-e14a-40ba-80b6-75ed2e170b20,52.5,73.3,90.0,95.0,80.0,high,"DRV-02 composite: 52.5/100 (FEASIBLE). Sub-scores: ep01_roads=0; ep01_special_pop=90; ep01_geography=95; ep01_terrain=10; ep01_population=80. Sources: osm_overpass, ghsl_pop_100m_r2023a, copernicus_dem_30m.",0.931,1828.07,True,medium,ERA5 seasonal constraints proxy (ref 1991-2020) | snow_months=0 | extreme_precip_months=0 | max_snowfall=0.1mm/day | source=copernicus_era5,False,0,medium,"0 waterway(s), major river barrier: no",99,4,2,medium,"99 hospital/clinic, 4 prison, 2 care home within EPZ (total 105 facilities). Source: OSM Overpass [FIX-05 amenities]",,,,2026-04-20 21:28:48.411821+00:00,audit_postlogging_20260421,True,10.0,,,,api,merge_phase2_20260421
PL,Siekierki power station,a67255dd-8134-418e-9377-e28516c53722,49.9,89.6,90.0,95.0,0.0,high,"DRV-02 composite: 49.9/100 (FEASIBLE). Sub-scores: ep01_roads=90; ep01_special_pop=90; ep01_geography=95; ep01_terrain=30; ep01_population=0. Sources: osm_overpass, ghsl_pop_100m_r2023a, copernicus_dem_30m.",1.585,3111.52,True,medium,ERA5 seasonal constraints proxy (ref 1991-2020) | snow_months=0 | extreme_precip_months=0 | max_snowfall=0.1mm/day | source=copernicus_era5,False,0,medium,"0 waterway(s), major river barrier: no",345,4,5,medium,"345 hospital/clinic, 4 prison, 5 care home within EPZ (total 354 facilities). Source: OSM Overpass [FIX-05 amenities]",,,,2026-04-20 21:28:48.422501+00:00,audit_postlogging_20260421,True,30.0,,,,api,merge_phase2_20260421
PL,Siersza power station,47be3ec4-7abe-4f4c-ac3d-b7f753b8514a,52.5,71.8,90.0,95.0,80.0,high,"DRV-02 composite: 52.5/100 (FEASIBLE). Sub-scores: ep01_roads=0; ep01_special_pop=90; ep01_geography=95; ep01_terrain=10; ep01_population=80. Sources: osm_overpass, ghsl_pop_100m_r2023a, copernicus_dem_30m.",0.873,1714.73,True,medium,ERA5 seasonal constraints proxy (ref 1991-2020) | snow_months=0 | extreme_precip_months=0 | max_snowfall=0.1mm/day | source=copernicus_era5,False,0,medium,"0 waterway(s), major river barrier: no",49,3,3,medium,"49 hospital/clinic, 3 prison, 3 care home within EPZ (total 55 facilities). Source: OSM Overpass [FIX-05 amenities]",,,,2026-04-20 21:28:48.434369+00:00,audit_postlogging_20260421,True,10.0,,,,api,merge_phase2_20260421
PL,Skawina power station,f5be4e73-938d-4fe2-b585-5090ec780670,37.0,76.5,90.0,10.0,60.0,high,"DRV-02 composite: 37.0/100 (FEASIBLE). Sub-scores: ep01_roads=0; ep01_special_pop=90; ep01_geography=10; ep01_terrain=10; ep01_population=60. Sources: osm_overpass, ghsl_pop_100m_r2023a, copernicus_dem_30m.",1.062,2084.46,True,medium,ERA5 seasonal constraints proxy (ref 1991-2020) | snow_months=1 | extreme_precip_months=0 | max_snowfall=0.1mm/day | source=copernicus_era5,True,566,medium,"566 waterway(s), major river barrier: yes",230,2,4,medium,"230 hospital/clinic, 2 prison, 4 care home within EPZ (total 236 facilities). Source: OSM Overpass [FIX-05 amenities]",,,,2026-04-20 21:28:48.445980+00:00,audit_postlogging_20260421,True,10.0,,,,api,merge_phase2_20260421
PL,Stalowa Wola power station,66bdc30c-4179-480b-a55a-5d15be5ac66b,49.4,50.7,90.0,95.0,35.0,high,"DRV-02 composite: 49.4/100 (FEASIBLE). Sub-scores: ep01_roads=51; ep01_special_pop=90; ep01_geography=95; ep01_terrain=10; ep01_population=35. Sources: osm_overpass, ghsl_pop_100m_r2023a, copernicus_dem_30m.",0.479,939.83,True,medium,ERA5 seasonal constraints proxy (ref 1991-2020) | snow_months=0 | extreme_precip_months=0 | max_snowfall=0.1mm/day | source=copernicus_era5,False,0,medium,"0 waterway(s), major river barrier: no",17,0,0,medium,"17 hospital/clinic, 0 prison, 0 care home within EPZ (total 17 facilities). Source: OSM Overpass [FIX-05 amenities]",,,,2026-04-20 21:28:48.456762+00:00,audit_postlogging_20260421,True,10.0,,,,api,merge_phase2_20260421
PL,Swiecie Pulp Mill power station,7fc17ab0-ce24-4830-a938-b8424d1e9368,45.5,62.7,90.0,95.0,60.0,high,"DRV-02 composite: 45.5/100 (FEASIBLE). Sub-scores: ep01_roads=0; ep01_special_pop=90; ep01_geography=95; ep01_terrain=10; ep01_population=60. Sources: osm_overpass, ghsl_pop_100m_r2023a, copernicus_dem_30m.",0.679,1333.26,True,medium,ERA5 seasonal constraints proxy (ref 1991-2020) | snow_months=0 | extreme_precip_months=0 | max_snowfall=0.1mm/day | source=copernicus_era5,False,0,medium,"0 waterway(s), major river barrier: no",8,0,0,medium,"8 hospital/clinic, 0 prison, 0 care home within EPZ (total 8 facilities). Source: OSM Overpass [FIX-05 amenities]",,,,2026-04-20 21:28:48.467831+00:00,audit_postlogging_20260421,True,10.0,,,,api,merge_phase2_20260421
PL,Szczecin power station,f8f9f43d-6a3b-445d-818e-ca82a90ace65,44.6,59.5,90.0,95.0,6.3,high,"DRV-02 composite: 44.6/100 (FEASIBLE). Sub-scores: ep01_roads=60; ep01_special_pop=90; ep01_geography=95; ep01_terrain=30; ep01_population=6. Sources: osm_overpass, ghsl_pop_100m_r2023a, copernicus_dem_30m.",0.625,1228.02,True,medium,ERA5 seasonal constraints proxy (ref 1991-2020) | snow_months=0 | extreme_precip_months=0 | max_snowfall=0.1mm/day | source=copernicus_era5,False,0,medium,"0 waterway(s), major river barrier: no",48,2,6,medium,"48 hospital/clinic, 2 prison, 6 care home within EPZ (total 56 facilities). Source: OSM Overpass [FIX-05 amenities]",,,,2026-04-20 21:28:48.480026+00:00,audit_postlogging_20260421,True,30.0,,,,api,merge_phase2_20260421
PL,Turów power station,cd84938d-eea8-47a1-8ea6-2e9f943e5914,44.0,67.5,90.0,10.0,80.0,high,"DRV-02 composite: 44.0/100 (FEASIBLE). Sub-scores: ep01_roads=0; ep01_special_pop=90; ep01_geography=10; ep01_terrain=10; ep01_population=80. Sources: osm_overpass, ghsl_pop_100m_r2023a, copernicus_dem_30m.",0.758,1488.37,True,medium,ERA5 seasonal constraints proxy (ref 1991-2020) | snow_months=1 | extreme_precip_months=0 | max_snowfall=0.1mm/day | source=copernicus_era5,True,113,medium,"113 waterway(s), major river barrier: yes",33,2,4,medium,"33 hospital/clinic, 2 prison, 4 care home within EPZ (total 39 facilities). Source: OSM Overpass [FIX-05 amenities]",,,,2026-04-20 21:28:48.492858+00:00,audit_postlogging_20260421,True,10.0,,,,api,merge_phase2_20260421
PL,Tychy power station,3d2d4c37-eb9d-4b35-a8b1-b3f485bc3e3f,16.3,80.7,0.0,95.0,15.2,high,"DRV-02 composite: 16.3/100 (NOT FEASIBLE). Sub-scores: ep01_roads=0; ep01_special_pop=0; ep01_geography=95; ep01_terrain=10; ep01_population=15. Sources: osm_overpass, ghsl_pop_100m_r2023a, copernicus_dem_30m.",1.226,2407.31,True,medium,ERA5 seasonal constraints proxy (ref 1991-2020) | snow_months=1 | extreme_precip_months=0 | max_snowfall=0.1mm/day | source=copernicus_era5,False,0,medium,"0 waterway(s), major river barrier: no",206,3,10,medium,"206 hospital/clinic, 3 prison, 10 care home within EPZ",,,,2026-04-20 21:28:48.505084+00:00,audit_postlogging_20260421,False,10.0,,,,api,merge_phase2_20260421
PL,Wroclaw power station,dc87cdf1-9936-4a59-a5e9-b5e360173490,24.5,73.7,90.0,95.0,0.0,high,"DRV-02 composite: 24.5/100 (NOT FEASIBLE). Sub-scores: ep01_roads=0; ep01_special_pop=90; ep01_geography=95; ep01_terrain=10; ep01_population=0. Sources: osm_overpass, ghsl_pop_100m_r2023a, copernicus_dem_30m.",0.947,1859.48,True,medium,ERA5 seasonal constraints proxy (ref 1991-2020) | snow_months=0 | extreme_precip_months=0 | max_snowfall=0.1mm/day | source=copernicus_era5,False,0,medium,"0 waterway(s), major river barrier: no",99,3,3,medium,"99 hospital/clinic, 3 prison, 3 care home within EPZ (total 105 facilities). Source: OSM Overpass [FIX-05 amenities]",,,,2026-04-20 21:28:48.516879+00:00,audit_postlogging_20260421,False,10.0,,,,api,merge_phase2_20260421
PL,Zabrze power station,2da9dab9-7b4e-46e7-b1c8-70eeb329c177,27.8,82.0,90.0,95.0,9.4,high,"DRV-02 composite: 27.8/100 (NOT FEASIBLE). Sub-scores: ep01_roads=0; ep01_special_pop=90; ep01_geography=95; ep01_terrain=10; ep01_population=9. Sources: osm_overpass, ghsl_pop_100m_r2023a, copernicus_dem_30m.",1.279,2510.36,True,medium,ERA5 seasonal constraints proxy (ref 1991-2020) | snow_months=0 | extreme_precip_months=0 | max_snowfall=0.1mm/day | source=copernicus_era5,False,0,medium,"0 waterway(s), major river barrier: no",247,6,14,medium,"247 hospital/clinic, 6 prison, 14 care home within EPZ (total 267 facilities). Source: OSM Overpass [FIX-05 amenities]",,,,2026-04-20 21:28:48.529968+00:00,audit_postlogging_20260421,False,10.0,,,,api,merge_phase2_20260421
PL,Zarnowiec power station,a55e3643-8ed4-434b-b14f-2d549d09c0d9,65.5,31.1,90.0,95.0,95.0,high,"DRV-02 composite: 65.5/100 (FEASIBLE). Sub-scores: ep01_roads=31; ep01_special_pop=90; ep01_geography=95; ep01_terrain=10; ep01_population=95. Sources: osm_overpass, ghsl_pop_100m_r2023a, copernicus_dem_30m.",0.319,625.89,False,medium,ERA5 seasonal constraints proxy (ref 1991-2020) | snow_months=0 | extreme_precip_months=0 | max_snowfall=0.1mm/day | source=copernicus_era5,False,0,medium,"0 waterway(s), major river barrier: no",7,1,2,medium,"7 hospital/clinic, 1 prison, 2 care home within EPZ (total 10 facilities). Source: OSM Overpass [FIX-05 amenities]",,,,2026-04-20 21:28:48.544057+00:00,audit_postlogging_20260421,True,10.0,,,,api,merge_phase2_20260421
PL,Zeran power station,d40cdaf1-49e4-4c59-a6c8-2402cd2bf006,2.5,87.5,0.0,10.0,0.0,high,"DRV-02 composite: 2.5/100 (NOT FEASIBLE). Sub-scores: ep01_roads=0; ep01_special_pop=0; ep01_geography=10; ep01_terrain=10; ep01_population=0. Sources: osm_overpass, ghsl_pop_100m_r2023a, copernicus_dem_30m.",1.499,2944.07,True,medium,ERA5 seasonal constraints proxy (ref 1991-2020) | snow_months=0 | extreme_precip_months=0 | max_snowfall=0.1mm/day | source=copernicus_era5,True,562,medium,"562 waterway(s), major river barrier: yes",338,4,6,medium,"338 hospital/clinic, 4 prison, 6 care home within EPZ",,,,2026-04-20 21:28:48.555877+00:00,audit_postlogging_20260421,False,10.0,,,,api,merge_phase2_20260421
PL,Zofiowka Mine power station,b24c9876-5a4d-4b83-b442-af2f4b0d1047,36.8,74.4,90.0,95.0,35.0,high,"DRV-02 composite: 36.8/100 (FEASIBLE). Sub-scores: ep01_roads=0; ep01_special_pop=90; ep01_geography=95; ep01_terrain=10; ep01_population=35. Sources: osm_overpass, ghsl_pop_100m_r2023a, copernicus_dem_30m.",0.977,1918.83,True,medium,ERA5 seasonal constraints proxy (ref 1991-2020) | snow_months=0 | extreme_precip_months=0 | max_snowfall=0.1mm/day | source=copernicus_era5,False,0,medium,"0 waterway(s), major river barrier: no",43,3,3,medium,"43 hospital/clinic, 3 prison, 3 care home within EPZ (total 49 facilities). Source: OSM Overpass [FIX-05 amenities]",,,,2026-04-20 21:28:48.568398+00:00,audit_postlogging_20260421,True,10.0,,,,api,merge_phase2_20260421
PL,ZW Nowa power station,202d797d-b0f9-4cd0-bbac-d7bb06805c09,36.8,78.2,90.0,95.0,35.0,high,"DRV-02 composite: 36.8/100 (FEASIBLE). Sub-scores: ep01_roads=0; ep01_special_pop=90; ep01_geography=95; ep01_terrain=10; ep01_population=35. Sources: osm_overpass, ghsl_pop_100m_r2023a, copernicus_dem_30m.",1.129,2217.62,True,medium,ERA5 seasonal constraints proxy (ref 1991-2020) | snow_months=0 | extreme_precip_months=0 | max_snowfall=0.1mm/day | source=copernicus_era5,False,0,medium,"0 waterway(s), major river barrier: no",180,6,7,medium,"180 hospital/clinic, 6 prison, 7 care home within EPZ (total 193 facilities). Source: OSM Overpass [FIX-05 amenities]",,,,2026-04-20 21:28:48.582156+00:00,audit_postlogging_20260421,True,10.0,,,,api,merge_phase2_20260421
RO,Arad power station,5a33e5f0-6d86-4eab-adea-6c6bad7f3f45,39.8,47.6,90.0,95.0,35.0,high,"DRV-02 composite: 39.8/100 (FEASIBLE). Sub-scores: ep01_roads=0; ep01_special_pop=90; ep01_geography=95; ep01_terrain=30; ep01_population=35. Sources: osm_overpass, ghsl_pop_100m_r2023a, copernicus_dem_30m.",0.426,836.02,True,medium,ERA5 seasonal constraints proxy (ref 1991-2020) | snow_months=0 | extreme_precip_months=0 | max_snowfall=0.1mm/day | source=copernicus_era5,False,0,medium,"0 waterway(s), major river barrier: no",43,3,2,medium,"43 hospital/clinic, 3 prison, 2 care home within EPZ (total 48 facilities). Source: OSM Overpass [FIX-05 amenities]",,,,2026-04-20 21:28:48.594843+00:00,audit_postlogging_20260421,True,30.0,,,,api,merge_phase2_20260421
RO,Bacau CHP power station,dac2a974-a2de-46c5-b581-03985a9ae7d0,31.0,49.4,90.0,95.0,18.7,high,"DRV-02 composite: 31.0/100 (FEASIBLE). Sub-scores: ep01_roads=0; ep01_special_pop=90; ep01_geography=95; ep01_terrain=10; ep01_population=19. Sources: osm_overpass, ghsl_pop_100m_r2023a, copernicus_dem_30m.",0.456,895.59,True,medium,ERA5 seasonal constraints proxy (ref 1991-2020) | snow_months=0 | extreme_precip_months=0 | max_snowfall=0.1mm/day | source=copernicus_era5,False,0,medium,"0 waterway(s), major river barrier: no",14,1,0,medium,"14 hospital/clinic, 1 prison, 0 care home within EPZ (total 15 facilities). Source: OSM Overpass [FIX-05 amenities]",,,,2026-04-20 21:28:48.605789+00:00,audit_postlogging_20260421,True,10.0,,,,api,merge_phase2_20260421
RO,Braila power station,29836b52-a882-4921-95a7-6417e636d9a2,65.4,39.4,90.0,95.0,80.0,high,"DRV-02 composite: 65.3/100 (FEASIBLE). Sub-scores: ep01_roads=39; ep01_special_pop=90; ep01_geography=95; ep01_terrain=30; ep01_population=80. Sources: osm_overpass, ghsl_pop_100m_r2023a, copernicus_dem_30m.",0.294,576.83,True,medium,ERA5 seasonal constraints proxy (ref 1991-2020) | snow_months=0 | extreme_precip_months=0 | max_snowfall=0.1mm/day | source=copernicus_era5,False,0,medium,"0 waterway(s), major river barrier: no",21,1,0,medium,"21 hospital/clinic, 1 prison, 0 care home within EPZ (total 22 facilities). Source: OSM Overpass [FIX-05 amenities]",,,,2026-04-20 21:28:48.618265+00:00,audit_postlogging_20260421,True,30.0,,,,api,merge_phase2_20260421
RO,Braila power station,323cdbf0-c4a8-467a-af76-e2e3df0b537f,55.5,39.4,90.0,95.0,80.0,high,"DRV-02 composite: 55.5/100 (FEASIBLE). Sub-scores: ep01_roads=0; ep01_special_pop=90; ep01_geography=95; ep01_terrain=30; ep01_population=80. Sources: osm_overpass, ghsl_pop_100m_r2023a, copernicus_dem_30m.",0.294,576.83,True,medium,ERA5 seasonal constraints proxy (ref 1991-2020) | snow_months=0 | extreme_precip_months=0 | max_snowfall=0.1mm/day | source=copernicus_era5,False,0,medium,"0 waterway(s), major river barrier: no",21,1,0,medium,"21 hospital/clinic, 1 prison, 0 care home within EPZ (total 22 facilities). Source: OSM Overpass [FIX-05 amenities]",,,,2026-04-20 21:28:48.631138+00:00,audit_postlogging_20260421,True,30.0,,,,api,merge_phase2_20260421
RO,Brăila-Chișcani Thermal Power Plant,f1f65cf9-996c-4922-97bd-76e38c032331,27.3,45.2,90.0,95.0,7.9,high,"DRV-02 composite: 27.3/100 (NOT FEASIBLE). Sub-scores: ep01_roads=0; ep01_special_pop=90; ep01_geography=95; ep01_terrain=10; ep01_population=8. Sources: osm_overpass, ghsl_pop_100m_r2023a, copernicus_dem_30m.",0.387,760.33,True,medium,ERA5 seasonal constraints proxy (ref 1991-2020) | snow_months=0 | extreme_precip_months=0 | max_snowfall=0.1mm/day | source=copernicus_era5,False,0,medium,"0 waterway(s), major river barrier: no",52,2,0,medium,"52 hospital/clinic, 2 prison, 0 care home within EPZ (total 54 facilities). Source: OSM Overpass [FIX-05 amenities]",,,,2026-04-20 21:28:48.643580+00:00,audit_postlogging_20260421,False,10.0,,,,api,merge_phase2_20260421
RO,Brasov power station,729f8d17-57c0-4d9a-adab-4b612d4abde5,14.1,49.7,10.0,95.0,4.7,high,"DRV-02 composite: 14.1/100 (NOT FEASIBLE). Sub-scores: ep01_roads=0; ep01_special_pop=10; ep01_geography=95; ep01_terrain=10; ep01_population=5. Sources: osm_overpass, ghsl_pop_100m_r2023a, copernicus_dem_30m.",0.462,907.62,True,medium,ERA5 seasonal constraints proxy (ref 1991-2020) | snow_months=3 | extreme_precip_months=0 | max_snowfall=0.1mm/day | source=copernicus_era5,False,0,medium,"0 waterway(s), major river barrier: no",80,1,0,medium,"80 hospital/clinic, 1 prison, 0 care home within EPZ",,,,2026-04-20 21:28:48.654491+00:00,audit_postlogging_20260421,False,10.0,,,,api,merge_phase2_20260421
RO,Bucharest North East power station,3bef37a3-239e-498d-a160-77452a6a9b79,44.1,78.3,90.0,95.0,0.0,high,"DRV-02 composite: 44.1/100 (FEASIBLE). Sub-scores: ep01_roads=78; ep01_special_pop=90; ep01_geography=95; ep01_terrain=10; ep01_population=0. Sources: osm_overpass, ghsl_pop_100m_r2023a, copernicus_dem_30m.",1.132,2222.86,True,medium,ERA5 seasonal constraints proxy (ref 1991-2020) | snow_months=0 | extreme_precip_months=0 | max_snowfall=0.1mm/day | source=copernicus_era5,False,0,medium,"0 waterway(s), major river barrier: no",434,3,0,medium,"434 hospital/clinic, 3 prison, 0 care home within EPZ (total 437 facilities). Source: OSM Overpass [FIX-05 amenities]",,,,2026-04-20 21:28:48.667368+00:00,audit_postlogging_20260421,True,10.0,,,,api,merge_phase2_20260421
RO,Craiova II power station,a4fa3246-27d6-4740-898c-bdf9dadcb88c,24.5,53.4,90.0,95.0,0.0,high,"DRV-02 composite: 24.5/100 (NOT FEASIBLE). Sub-scores: ep01_roads=0; ep01_special_pop=90; ep01_geography=95; ep01_terrain=10; ep01_population=0. Sources: osm_overpass, ghsl_pop_100m_r2023a, copernicus_dem_30m.",0.524,1028.8,True,medium,ERA5 seasonal constraints proxy (ref 1991-2020) | snow_months=0 | extreme_precip_months=0 | max_snowfall=0.1mm/day | source=copernicus_era5,False,0,medium,"0 waterway(s), major river barrier: no",75,5,1,medium,"75 hospital/clinic, 5 prison, 1 care home within EPZ (total 81 facilities). Source: OSM Overpass [FIX-05 amenities]",,,,2026-04-20 21:28:48.682927+00:00,audit_postlogging_20260421,False,10.0,,,,api,merge_phase2_20260421
RO,Doicesti power station,aff5ffe6-fe7a-4de7-afad-9d4645a64cd9,52.5,37.1,90.0,95.0,80.0,high,"DRV-02 composite: 52.5/100 (FEASIBLE). Sub-scores: ep01_roads=0; ep01_special_pop=90; ep01_geography=95; ep01_terrain=10; ep01_population=80. Sources: osm_overpass, ghsl_pop_100m_r2023a, copernicus_dem_30m.",0.419,823.07,False,medium,ERA5 seasonal constraints proxy (ref 1991-2020) | snow_months=0 | extreme_precip_months=0 | max_snowfall=0.1mm/day | source=copernicus_era5,False,0,medium,"0 waterway(s), major river barrier: no",38,0,0,medium,"38 hospital/clinic, 0 prison, 0 care home within EPZ (total 38 facilities). Source: OSM Overpass [FIX-05 amenities]",,,,2026-04-20 21:28:48.696326+00:00,audit_postlogging_20260421,True,10.0,,,,api,merge_phase2_20260421
RO,FPCU Feldioara,18ecb024-ee4f-4045-8254-5e95d61dea8c,52.5,49.3,90.0,95.0,80.0,high,"DRV-02 composite: 52.5/100 (FEASIBLE). Sub-scores: ep01_roads=0; ep01_special_pop=90; ep01_geography=95; ep01_terrain=10; ep01_population=80. Sources: osm_overpass, ghsl_pop_100m_r2023a, copernicus_dem_30m.",0.455,893.38,True,medium,ERA5 seasonal constraints proxy (ref 1991-2020) | snow_months=2 | extreme_precip_months=0 | max_snowfall=0.1mm/day | source=copernicus_era5,False,0,medium,"0 waterway(s), major river barrier: no",77,1,0,medium,"77 hospital/clinic, 1 prison, 0 care home within EPZ (total 78 facilities). Source: OSM Overpass [FIX-05 amenities]",,,,2026-04-20 21:28:48.708229+00:00,audit_postlogging_20260421,True,10.0,,,,api,merge_phase2_20260421
RO,Galati Power Station,8781d874-5923-4795-9c9f-b2a6c709025a,25.7,44.1,90.0,95.0,3.3,high,"DRV-02 composite: 25.7/100 (NOT FEASIBLE). Sub-scores: ep01_roads=0; ep01_special_pop=90; ep01_geography=95; ep01_terrain=10; ep01_population=3. Sources: osm_overpass, ghsl_pop_100m_r2023a, copernicus_dem_30m.",0.368,721.91,True,medium,ERA5 seasonal constraints proxy (ref 1991-2020) | snow_months=0 | extreme_precip_months=0 | max_snowfall=0.1mm/day | source=copernicus_era5,False,0,medium,"0 waterway(s), major river barrier: no",57,2,0,medium,"57 hospital/clinic, 2 prison, 0 care home within EPZ (total 59 facilities). Source: OSM Overpass [FIX-05 amenities]",,,,2026-04-20 21:28:48.722393+00:00,audit_postlogging_20260421,False,10.0,,,,api,merge_phase2_20260421
RO,Giurgiu power station,6aed2eac-1c97-40c5-b842-fb15fd510f35,30.6,42.3,90.0,95.0,17.5,high,"DRV-02 composite: 30.6/100 (FEASIBLE). Sub-scores: ep01_roads=0; ep01_special_pop=90; ep01_geography=95; ep01_terrain=10; ep01_population=18. Sources: osm_overpass, ghsl_pop_100m_r2023a, copernicus_dem_30m.",0.339,665.04,True,medium,ERA5 seasonal constraints proxy (ref 1991-2020) | snow_months=0 | extreme_precip_months=0 | max_snowfall=0.1mm/day | source=copernicus_era5,False,0,medium,"0 waterway(s), major river barrier: no",27,1,1,medium,"27 hospital/clinic, 1 prison, 1 care home within EPZ (total 29 facilities). Source: OSM Overpass [FIX-05 amenities]",,,,2026-04-20 21:28:48.734804+00:00,audit_postlogging_20260421,True,10.0,,,,api,merge_phase2_20260421
RO,Govora power station,825dc024-9a53-4237-bf59-cbe0af0cf87d,42.0,59.3,20.0,95.0,80.0,high,"DRV-02 composite: 42.0/100 (FEASIBLE). Sub-scores: ep01_roads=0; ep01_special_pop=20; ep01_geography=95; ep01_terrain=10; ep01_population=80. Sources: osm_overpass, ghsl_pop_100m_r2023a, copernicus_dem_30m.",0.622,1222.19,True,medium,ERA5 seasonal constraints proxy (ref 1991-2020) | snow_months=0 | extreme_precip_months=0 | max_snowfall=0.1mm/day | source=copernicus_era5,False,0,medium,"0 waterway(s), major river barrier: no",45,0,0,medium,"45 hospital/clinic, 0 prison, 0 care home within EPZ",,,,2026-04-20 21:28:48.747990+00:00,audit_postlogging_20260421,True,10.0,,,,api,merge_phase2_20260421
RO,Iasi-2 power station,1d8be6d0-f3a5-4b32-9d46-3526289731f8,37.0,52.4,90.0,10.0,60.0,high,"DRV-02 composite: 37.0/100 (FEASIBLE). Sub-scores: ep01_roads=0; ep01_special_pop=90; ep01_geography=10; ep01_terrain=10; ep01_population=60. Sources: osm_overpass, ghsl_pop_100m_r2023a, copernicus_dem_30m.",0.507,995.71,True,medium,ERA5 seasonal constraints proxy (ref 1991-2020) | snow_months=0 | extreme_precip_months=0 | max_snowfall=0.1mm/day | source=copernicus_era5,True,107,medium,"107 waterway(s), major river barrier: yes",83,3,0,medium,"83 hospital/clinic, 3 prison, 0 care home within EPZ (total 86 facilities). Source: OSM Overpass [FIX-05 amenities]",,,,2026-04-20 21:28:48.763283+00:00,audit_postlogging_20260421,True,10.0,,,,api,merge_phase2_20260421
RO,Isalnita power station,e073b3f8-4312-4d34-b322-6289a3121af1,52.5,54.1,90.0,95.0,80.0,high,"DRV-02 composite: 52.5/100 (FEASIBLE). Sub-scores: ep01_roads=0; ep01_special_pop=90; ep01_geography=95; ep01_terrain=10; ep01_population=80. Sources: osm_overpass, ghsl_pop_100m_r2023a, copernicus_dem_30m.",0.535,1051.28,True,medium,ERA5 seasonal constraints proxy (ref 1991-2020) | snow_months=0 | extreme_precip_months=0 | max_snowfall=0.1mm/day | source=copernicus_era5,False,0,medium,"0 waterway(s), major river barrier: no",74,5,1,medium,"74 hospital/clinic, 5 prison, 1 care home within EPZ (total 80 facilities). Source: OSM Overpass [FIX-05 amenities]",,,,2026-04-20 21:28:48.778912+00:00,audit_postlogging_20260421,True,10.0,,,,api,merge_phase2_20260421
RO,Mintia-Deva power station,52a7babe-313f-493b-86b9-bd0c4aece4c3,57.8,50.3,90.0,95.0,95.0,high,"DRV-02 composite: 57.8/100 (FEASIBLE). Sub-scores: ep01_roads=0; ep01_special_pop=90; ep01_geography=95; ep01_terrain=10; ep01_population=95. Sources: osm_overpass, ghsl_pop_100m_r2023a, copernicus_dem_30m.",0.472,926.98,True,medium,ERA5 seasonal constraints proxy (ref 1991-2020) | snow_months=0 | extreme_precip_months=0 | max_snowfall=0.1mm/day | source=copernicus_era5,False,0,medium,"0 waterway(s), major river barrier: no",27,0,0,medium,"27 hospital/clinic, 0 prison, 0 care home within EPZ (total 27 facilities). Source: OSM Overpass [FIX-05 amenities]",,,,2026-04-20 21:28:48.793964+00:00,audit_postlogging_20260421,True,10.0,,,,api,merge_phase2_20260421
RO,Oradea power station,6c428b2a-ad09-448b-b24c-22465929d69c,28.9,54.4,90.0,95.0,12.6,high,"DRV-02 composite: 28.9/100 (NOT FEASIBLE). Sub-scores: ep01_roads=0; ep01_special_pop=90; ep01_geography=95; ep01_terrain=10; ep01_population=13. Sources: osm_overpass, ghsl_pop_100m_r2023a, copernicus_dem_30m.",0.54,1061.05,True,medium,ERA5 seasonal constraints proxy (ref 1991-2020) | snow_months=0 | extreme_precip_months=0 | max_snowfall=0.1mm/day | source=copernicus_era5,False,0,medium,"0 waterway(s), major river barrier: no",17,1,0,medium,"17 hospital/clinic, 1 prison, 0 care home within EPZ (total 18 facilities). Source: OSM Overpass [FIX-05 amenities]",,,,2026-04-20 21:28:48.807227+00:00,audit_postlogging_20260421,False,10.0,,,,api,merge_phase2_20260421
RO,Paroseni power station,9825e28e-fd6e-460d-9caf-0342563f9060,37.0,29.0,90.0,10.0,60.0,high,"DRV-02 composite: 37.0/100 (FEASIBLE). Sub-scores: ep01_roads=0; ep01_special_pop=90; ep01_geography=10; ep01_terrain=10; ep01_population=60. Sources: osm_overpass, ghsl_pop_100m_r2023a, copernicus_dem_30m.",0.19,374.03,True,medium,ERA5 seasonal constraints proxy (ref 1991-2020) | snow_months=3 | extreme_precip_months=0 | max_snowfall=0.1mm/day | source=copernicus_era5,True,63,medium,"63 waterway(s), major river barrier: yes",15,0,0,medium,"15 hospital/clinic, 0 prison, 0 care home within EPZ (total 15 facilities). Source: OSM Overpass [FIX-05 amenities]",,,,2026-04-20 21:28:48.822233+00:00,audit_postlogging_20260421,True,10.0,,,,api,merge_phase2_20260421
RO,Romag Termo power station,c3790475-3d3b-4e2b-92ae-24503fe03e6b,57.4,47.5,90.0,95.0,60.0,high,"DRV-02 composite: 57.4/100 (FEASIBLE). Sub-scores: ep01_roads=48; ep01_special_pop=90; ep01_geography=95; ep01_terrain=10; ep01_population=60. Sources: osm_overpass, ghsl_pop_100m_r2023a, copernicus_dem_30m.",0.425,835.09,True,medium,ERA5 seasonal constraints proxy (ref 1991-2020) | snow_months=2 | extreme_precip_months=0 | max_snowfall=0.1mm/day | source=copernicus_era5,False,0,medium,"0 waterway(s), major river barrier: no",24,1,0,medium,"24 hospital/clinic, 1 prison, 0 care home within EPZ (total 25 facilities). Source: OSM Overpass [FIX-05 amenities]",,,,2026-04-20 21:28:48.836322+00:00,audit_postlogging_20260421,True,10.0,,,,api,merge_phase2_20260421
RO,Rovinari power station,958e4d82-853a-41f1-a442-94b4c4314221,44.0,50.7,90.0,10.0,80.0,high,"DRV-02 composite: 44.0/100 (FEASIBLE). Sub-scores: ep01_roads=0; ep01_special_pop=90; ep01_geography=10; ep01_terrain=10; ep01_population=80. Sources: osm_overpass, ghsl_pop_100m_r2023a, copernicus_dem_30m.",0.478,938.23,True,medium,ERA5 seasonal constraints proxy (ref 1991-2020) | snow_months=1 | extreme_precip_months=0 | max_snowfall=0.1mm/day | source=copernicus_era5,True,17,medium,"17 waterway(s), major river barrier: yes",8,0,0,medium,"8 hospital/clinic, 0 prison, 0 care home within EPZ (total 8 facilities). Source: OSM Overpass [FIX-05 amenities]",,,,2026-04-20 21:28:48.853136+00:00,audit_postlogging_20260421,True,10.0,,,,api,merge_phase2_20260421
RO,Slatina power station,d498ded8-449c-4672-8bb9-0ed6c8fef775,38.8,50.3,20.0,95.0,35.0,high,"DRV-02 composite: 38.8/100 (FEASIBLE). Sub-scores: ep01_roads=50; ep01_special_pop=20; ep01_geography=95; ep01_terrain=10; ep01_population=35. Sources: osm_overpass, ghsl_pop_100m_r2023a, copernicus_dem_30m.",0.471,924.9,True,medium,ERA5 seasonal constraints proxy (ref 1991-2020) | snow_months=0 | extreme_precip_months=0 | max_snowfall=0.1mm/day | source=copernicus_era5,False,0,medium,"0 waterway(s), major river barrier: no",16,0,0,medium,"16 hospital/clinic, 0 prison, 0 care home within EPZ",,,,2026-04-20 21:28:48.865910+00:00,audit_postlogging_20260421,True,10.0,,,,api,merge_phase2_20260421
RO,Suceava power station,693d9b73-f9fc-4502-9b94-be020c5d21fb,44.3,54.5,90.0,95.0,17.7,high,"DRV-02 composite: 44.3/100 (FEASIBLE). Sub-scores: ep01_roads=54; ep01_special_pop=90; ep01_geography=95; ep01_terrain=10; ep01_population=18. Sources: osm_overpass, ghsl_pop_100m_r2023a, copernicus_dem_30m.",0.542,1064.44,True,medium,ERA5 seasonal constraints proxy (ref 1991-2020) | snow_months=0 | extreme_precip_months=0 | max_snowfall=0.1mm/day | source=copernicus_era5,False,0,medium,"0 waterway(s), major river barrier: no",21,0,2,medium,"21 hospital/clinic, 0 prison, 2 care home within EPZ (total 23 facilities). Source: OSM Overpass [FIX-05 amenities]",,,,2026-04-20 21:28:48.878311+00:00,audit_postlogging_20260421,True,10.0,,,,api,merge_phase2_20260421
RO,Târgu Jiu Thermal Plant,e43af28e-a3d3-4047-a9cf-f3b0990754b4,31.4,48.9,90.0,95.0,19.8,high,"DRV-02 composite: 31.4/100 (FEASIBLE). Sub-scores: ep01_roads=0; ep01_special_pop=90; ep01_geography=95; ep01_terrain=10; ep01_population=20. Sources: osm_overpass, ghsl_pop_100m_r2023a, copernicus_dem_30m.",0.448,880.35,True,medium,ERA5 seasonal constraints proxy (ref 1991-2020) | snow_months=1 | extreme_precip_months=0 | max_snowfall=0.1mm/day | source=copernicus_era5,False,0,medium,"0 waterway(s), major river barrier: no",9,0,0,medium,"9 hospital/clinic, 0 prison, 0 care home within EPZ (total 9 facilities). Source: OSM Overpass [FIX-05 amenities]",,,,2026-04-20 21:28:48.890488+00:00,audit_postlogging_20260421,True,10.0,,,,api,merge_phase2_20260421
RO,Turceni power station,345fb795-170a-4fb5-833c-f6bcf2eb450c,57.8,47.6,90.0,95.0,95.0,high,"DRV-02 composite: 57.8/100 (FEASIBLE). Sub-scores: ep01_roads=0; ep01_special_pop=90; ep01_geography=95; ep01_terrain=10; ep01_population=95. Sources: osm_overpass, ghsl_pop_100m_r2023a, copernicus_dem_30m.",0.427,838.63,True,medium,ERA5 seasonal constraints proxy (ref 1991-2020) | snow_months=0 | extreme_precip_months=0 | max_snowfall=0.1mm/day | source=copernicus_era5,False,0,medium,"0 waterway(s), major river barrier: no",6,0,0,medium,"6 hospital/clinic, 0 prison, 0 care home within EPZ (total 6 facilities). Source: OSM Overpass [FIX-05 amenities]",,,,2026-04-20 21:28:48.902432+00:00,audit_postlogging_20260421,True,10.0,,,,api,merge_phase2_20260421
RS,Despotovac power station,5d53da59-04c8-43e6-b29e-220bea4d9eb7,60.8,46.6,90.0,95.0,95.0,high,"DRV-02 composite: 60.8/100 (FEASIBLE). Sub-scores: ep01_roads=0; ep01_special_pop=90; ep01_geography=95; ep01_terrain=30; ep01_population=95. Sources: osm_overpass, ghsl_pop_100m_r2023a, copernicus_dem_30m.",0.41,805.0,True,medium,ERA5 seasonal constraints proxy (ref 1991-2020) | snow_months=0 | extreme_precip_months=0 | max_snowfall=0.1mm/day | source=copernicus_era5,False,0,medium,"0 waterway(s), major river barrier: no",15,0,1,medium,"15 hospital/clinic, 0 prison, 1 care home within EPZ (total 16 facilities). Source: OSM Overpass [FIX-05 amenities]",,,,2026-04-20 21:28:48.915422+00:00,audit_postlogging_20260421,True,30.0,,,,api,merge_phase2_20260421
RS,Kolubara A power station,0182ec25-0df9-4e4b-9861-d76a332bc282,52.5,52.9,90.0,95.0,80.0,high,"DRV-02 composite: 52.5/100 (FEASIBLE). Sub-scores: ep01_roads=0; ep01_special_pop=90; ep01_geography=95; ep01_terrain=10; ep01_population=80. Sources: osm_overpass, ghsl_pop_100m_r2023a, copernicus_dem_30m.",0.515,1010.29,True,medium,ERA5 seasonal constraints proxy (ref 1991-2020) | snow_months=0 | extreme_precip_months=0 | max_snowfall=0.1mm/day | source=copernicus_era5,False,0,medium,"0 waterway(s), major river barrier: no",11,0,0,medium,"11 hospital/clinic, 0 prison, 0 care home within EPZ (total 11 facilities). Source: OSM Overpass [FIX-05 amenities]",,,,2026-04-20 21:28:48.926867+00:00,audit_postlogging_20260421,True,10.0,,,,api,merge_phase2_20260421
RS,Kolubara B power station,d30af109-79cb-4ab5-a878-6f574b58116a,65.6,52.5,90.0,95.0,80.0,high,"DRV-02 composite: 65.6/100 (FEASIBLE). Sub-scores: ep01_roads=52; ep01_special_pop=90; ep01_geography=95; ep01_terrain=10; ep01_population=80. Sources: osm_overpass, ghsl_pop_100m_r2023a, copernicus_dem_30m.",0.508,996.89,True,medium,ERA5 seasonal constraints proxy (ref 1991-2020) | snow_months=0 | extreme_precip_months=0 | max_snowfall=0.1mm/day | source=copernicus_era5,False,0,medium,"0 waterway(s), major river barrier: no",11,0,0,medium,"11 hospital/clinic, 0 prison, 0 care home within EPZ (total 11 facilities). Source: OSM Overpass [FIX-05 amenities]",,,,2026-04-20 21:28:48.938425+00:00,audit_postlogging_20260421,True,10.0,,,,api,merge_phase2_20260421
RS,Kostolac power station,993ccce2-d5e1-498d-827d-8dbfeb42582b,55.5,40.4,90.0,95.0,80.0,high,"DRV-02 composite: 55.5/100 (FEASIBLE). Sub-scores: ep01_roads=0; ep01_special_pop=90; ep01_geography=95; ep01_terrain=30; ep01_population=80. Sources: osm_overpass, ghsl_pop_100m_r2023a, copernicus_dem_30m.",0.306,599.87,True,medium,ERA5 seasonal constraints proxy (ref 1991-2020) | snow_months=0 | extreme_precip_months=0 | max_snowfall=0.1mm/day | source=copernicus_era5,False,0,medium,"0 waterway(s), major river barrier: no",10,2,0,medium,"10 hospital/clinic, 2 prison, 0 care home within EPZ (total 12 facilities). Source: OSM Overpass [FIX-05 amenities]",,,,2026-04-20 21:28:48.950899+00:00,audit_postlogging_20260421,True,30.0,,,,api,merge_phase2_20260421
RS,Kovin power station,5d4aee8d-9e73-4987-907a-d092e0ba92ed,59.3,40.0,90.0,95.0,80.0,high,"DRV-02 composite: 59.2/100 (FEASIBLE). Sub-scores: ep01_roads=0; ep01_special_pop=90; ep01_geography=95; ep01_terrain=55; ep01_population=80. Sources: osm_overpass, ghsl_pop_100m_r2023a, copernicus_dem_30m.",0.3,589.99,True,medium,ERA5 seasonal constraints proxy (ref 1991-2020) | snow_months=0 | extreme_precip_months=0 | max_snowfall=0.1mm/day | source=copernicus_era5,False,0,medium,"0 waterway(s), major river barrier: no",15,3,0,medium,"15 hospital/clinic, 3 prison, 0 care home within EPZ (total 18 facilities). Source: OSM Overpass [FIX-05 amenities]",,,,2026-04-20 21:28:48.973329+00:00,audit_postlogging_20260421,True,55.0,,,,api,merge_phase2_20260421
RS,Morava power station,2b03f2e2-64ac-4262-bbff-7a536bda5722,55.5,45.8,90.0,95.0,80.0,high,"DRV-02 composite: 55.5/100 (FEASIBLE). Sub-scores: ep01_roads=0; ep01_special_pop=90; ep01_geography=95; ep01_terrain=30; ep01_population=80. Sources: osm_overpass, ghsl_pop_100m_r2023a, copernicus_dem_30m.",0.397,779.35,True,medium,ERA5 seasonal constraints proxy (ref 1991-2020) | snow_months=0 | extreme_precip_months=0 | max_snowfall=0.1mm/day | source=copernicus_era5,False,0,medium,"0 waterway(s), major river barrier: no",10,0,0,medium,"10 hospital/clinic, 0 prison, 0 care home within EPZ (total 10 facilities). Source: OSM Overpass [FIX-05 amenities]",,,,2026-04-20 21:28:49.024162+00:00,audit_postlogging_20260421,True,30.0,,,,api,merge_phase2_20260421
RS,Nikola Tesla power station,c8f15aca-174b-4be6-a6d9-abfa4685d10d,45.5,55.7,90.0,95.0,60.0,high,"DRV-02 composite: 45.5/100 (FEASIBLE). Sub-scores: ep01_roads=0; ep01_special_pop=90; ep01_geography=95; ep01_terrain=10; ep01_population=60. Sources: osm_overpass, ghsl_pop_100m_r2023a, copernicus_dem_30m.",0.561,1101.93,True,medium,ERA5 seasonal constraints proxy (ref 1991-2020) | snow_months=0 | extreme_precip_months=0 | max_snowfall=0.1mm/day | source=copernicus_era5,False,0,medium,"0 waterway(s), major river barrier: no",34,0,0,medium,"34 hospital/clinic, 0 prison, 0 care home within EPZ (total 34 facilities). Source: OSM Overpass [FIX-05 amenities]",,,,2026-04-20 21:28:49.076925+00:00,audit_postlogging_20260421,True,10.0,,,,api,merge_phase2_20260421
RS,Štavalj Power Station,296282b1-d079-4c1e-b2df-12c25128b963,44.0,15.5,90.0,10.0,80.0,high,"DRV-02 composite: 44.0/100 (FEASIBLE). Sub-scores: ep01_roads=0; ep01_special_pop=90; ep01_geography=10; ep01_terrain=10; ep01_population=80. Sources: osm_overpass, ghsl_pop_100m_r2023a, copernicus_dem_30m.",0.155,304.08,False,medium,ERA5 seasonal constraints proxy (ref 1991-2020) | snow_months=4 | extreme_precip_months=0 | max_snowfall=0.1mm/day | source=copernicus_era5,True,82,medium,"82 waterway(s), major river barrier: yes",2,0,0,medium,"2 hospital/clinic, 0 prison, 0 care home within EPZ (total 2 facilities). Source: OSM Overpass [FIX-05 amenities]",,,,2026-04-20 21:28:49.094214+00:00,audit_postlogging_20260421,True,10.0,,,,api,merge_phase2_20260421
SI,Sostanj power station,0750b80c-a54b-4ea5-b3e5-9dfb7309eca2,52.5,49.4,90.0,95.0,80.0,high,"DRV-02 composite: 52.5/100 (FEASIBLE). Sub-scores: ep01_roads=0; ep01_special_pop=90; ep01_geography=95; ep01_terrain=10; ep01_population=80. Sources: osm_overpass, ghsl_pop_100m_r2023a, copernicus_dem_30m.",0.457,897.17,True,medium,ERA5 seasonal constraints proxy (ref 1991-2020) | snow_months=1 | extreme_precip_months=0 | max_snowfall=0.1mm/day | source=copernicus_era5,False,0,medium,"0 waterway(s), major river barrier: no",8,0,0,medium,"8 hospital/clinic, 0 prison, 0 care home within EPZ (total 8 facilities). Source: OSM Overpass [FIX-05 amenities]",,,,2026-04-20 21:28:49.123379+00:00,audit_postlogging_20260421,True,10.0,,,,api,merge_phase2_20260421
SI,Te-Tol power station,4cf7f820-7ad9-411e-bf39-2bbef290aaf6,25.9,66.9,90.0,95.0,4.1,high,"DRV-02 composite: 25.9/100 (NOT FEASIBLE). Sub-scores: ep01_roads=0; ep01_special_pop=90; ep01_geography=95; ep01_terrain=10; ep01_population=4. Sources: osm_overpass, ghsl_pop_100m_r2023a, copernicus_dem_30m.",0.748,1469.21,True,medium,ERA5 seasonal constraints proxy (ref 1991-2020) | snow_months=2 | extreme_precip_months=0 | max_snowfall=0.1mm/day | source=copernicus_era5,False,0,medium,"0 waterway(s), major river barrier: no",81,4,1,medium,"81 hospital/clinic, 4 prison, 1 care home within EPZ (total 86 facilities). Source: OSM Overpass [FIX-05 amenities]",,,,2026-04-20 21:28:49.135636+00:00,audit_postlogging_20260421,False,10.0,,,,api,merge_phase2_20260421
SI,Trbovlje power station,008a3366-6f56-4c1a-ac5d-6b0c75b7c7fd,45.5,54.0,90.0,95.0,60.0,high,"DRV-02 composite: 45.5/100 (FEASIBLE). Sub-scores: ep01_roads=0; ep01_special_pop=90; ep01_geography=95; ep01_terrain=10; ep01_population=60. Sources: osm_overpass, ghsl_pop_100m_r2023a, copernicus_dem_30m.",0.534,1048.97,True,medium,ERA5 seasonal constraints proxy (ref 1991-2020) | snow_months=1 | extreme_precip_months=0 | max_snowfall=0.1mm/day | source=copernicus_era5,False,0,medium,"0 waterway(s), major river barrier: no",9,4,0,medium,"9 hospital/clinic, 4 prison, 0 care home within EPZ (total 13 facilities). Source: OSM Overpass [FIX-05 amenities]",,,,2026-04-20 21:28:49.150993+00:00,audit_postlogging_20260421,True,10.0,,,,api,merge_phase2_20260421
SK,Kosice power station,66edd8f5-e60a-412d-9b80-56496d1407b1,4.8,54.8,0.0,10.0,6.6,high,"DRV-02 composite: 4.8/100 (NOT FEASIBLE). Sub-scores: ep01_roads=0; ep01_special_pop=0; ep01_geography=10; ep01_terrain=10; ep01_population=7. Sources: osm_overpass, ghsl_pop_100m_r2023a, copernicus_dem_30m.",0.547,1073.06,True,medium,ERA5 seasonal constraints proxy (ref 1991-2020) | snow_months=0 | extreme_precip_months=0 | max_snowfall=0.1mm/day | source=copernicus_era5,True,66,medium,"66 waterway(s), major river barrier: yes",59,2,0,medium,"59 hospital/clinic, 2 prison, 0 care home within EPZ",,,,2026-04-20 21:28:49.163492+00:00,audit_postlogging_20260421,False,10.0,,,,api,merge_phase2_20260421
SK,Martinska power station,06defca3-9105-437f-afd4-52f5603d9b8e,36.8,44.9,90.0,95.0,35.0,high,"DRV-02 composite: 36.8/100 (FEASIBLE). Sub-scores: ep01_roads=0; ep01_special_pop=90; ep01_geography=95; ep01_terrain=10; ep01_population=35. Sources: osm_overpass, ghsl_pop_100m_r2023a, copernicus_dem_30m.",0.382,749.64,True,medium,ERA5 seasonal constraints proxy (ref 1991-2020) | snow_months=3 | extreme_precip_months=0 | max_snowfall=0.2mm/day | source=copernicus_era5,False,0,medium,"0 waterway(s), major river barrier: no",20,2,0,medium,"20 hospital/clinic, 2 prison, 0 care home within EPZ (total 22 facilities). Source: OSM Overpass [FIX-05 amenities]",,,,2026-04-20 21:28:49.178164+00:00,audit_postlogging_20260421,True,10.0,,,,api,merge_phase2_20260421
SK,Novaky power station,c97125b3-20ed-4e21-a853-b928644ec7dd,44.0,43.3,90.0,10.0,80.0,high,"DRV-02 composite: 44.0/100 (FEASIBLE). Sub-scores: ep01_roads=0; ep01_special_pop=90; ep01_geography=10; ep01_terrain=10; ep01_population=80. Sources: osm_overpass, ghsl_pop_100m_r2023a, copernicus_dem_30m.",0.355,697.54,True,medium,ERA5 seasonal constraints proxy (ref 1991-2020) | snow_months=1 | extreme_precip_months=0 | max_snowfall=0.1mm/day | source=copernicus_era5,True,78,medium,"78 waterway(s), major river barrier: yes",12,0,0,medium,"12 hospital/clinic, 0 prison, 0 care home within EPZ (total 12 facilities). Source: OSM Overpass [FIX-05 amenities]",,,,2026-04-20 21:28:49.189830+00:00,audit_postlogging_20260421,True,10.0,,,,api,merge_phase2_20260421
SK,Trebisov power station,1719d38b-61e8-4b01-844b-3a2f85c8a186,45.5,47.7,90.0,95.0,60.0,high,"DRV-02 composite: 45.5/100 (FEASIBLE). Sub-scores: ep01_roads=0; ep01_special_pop=90; ep01_geography=95; ep01_terrain=10; ep01_population=60. Sources: osm_overpass, ghsl_pop_100m_r2023a, copernicus_dem_30m.",0.429,841.74,True,medium,ERA5 seasonal constraints proxy (ref 1991-2020) | snow_months=0 | extreme_precip_months=0 | max_snowfall=0.1mm/day | source=copernicus_era5,False,0,medium,"0 waterway(s), major river barrier: no",9,0,0,medium,"9 hospital/clinic, 0 prison, 0 care home within EPZ (total 9 facilities). Source: OSM Overpass [FIX-05 amenities]",,,,2026-04-20 21:28:49.202597+00:00,audit_postlogging_20260421,True,10.0,,,,api,merge_phase2_20260421
SK,U.S. Steel Kosice Works power station,a2d8261c-3d08-4015-946c-47dbddbd0b98,55.5,53.6,90.0,95.0,80.0,high,"DRV-02 composite: 55.5/100 (FEASIBLE). Sub-scores: ep01_roads=0; ep01_special_pop=90; ep01_geography=95; ep01_terrain=30; ep01_population=80. Sources: osm_overpass, ghsl_pop_100m_r2023a, copernicus_dem_30m.",0.527,1035.69,True,medium,ERA5 seasonal constraints proxy (ref 1991-2020) | snow_months=0 | extreme_precip_months=0 | max_snowfall=0.1mm/day | source=copernicus_era5,False,0,medium,"0 waterway(s), major river barrier: no",59,2,0,medium,"59 hospital/clinic, 2 prison, 0 care home within EPZ (total 61 facilities). Source: OSM Overpass [FIX-05 amenities]",,,,2026-04-20 21:28:49.214796+00:00,audit_postlogging_20260421,True,30.0,,,,api,merge_phase2_20260421
SK,Vojany I power station,770f1d3c-e5fd-493c-a376-e708d2abec6c,57.8,51.8,90.0,95.0,95.0,high,"DRV-02 composite: 57.8/100 (FEASIBLE). Sub-scores: ep01_roads=0; ep01_special_pop=90; ep01_geography=95; ep01_terrain=10; ep01_population=95. Sources: osm_overpass, ghsl_pop_100m_r2023a, copernicus_dem_30m.",0.496,974.43,True,medium,ERA5 seasonal constraints proxy (ref 1991-2020) | snow_months=0 | extreme_precip_months=0 | max_snowfall=0.1mm/day | source=copernicus_era5,False,0,medium,"0 waterway(s), major river barrier: no",36,1,0,medium,"36 hospital/clinic, 1 prison, 0 care home within EPZ (total 37 facilities). Source: OSM Overpass [FIX-05 amenities]",,,,2026-04-20 21:28:49.226747+00:00,audit_postlogging_20260421,True,10.0,,,,api,merge_phase2_20260421
TR,Ada Yesildag Enerji power station,d48d2f39-d58f-4299-9b2f-56d194d2d13b,48.4,46.4,90.0,95.0,35.0,high,"DRV-02 composite: 48.4/100 (FEASIBLE). Sub-scores: ep01_roads=46; ep01_special_pop=90; ep01_geography=95; ep01_terrain=10; ep01_population=35. Sources: osm_overpass, ghsl_pop_100m_r2023a, copernicus_dem_30m.",0.406,798.0,True,medium,ERA5 seasonal constraints proxy (ref 1991-2020) | snow_months=0 | extreme_precip_months=1 | max_snowfall=0.1mm/day | source=copernicus_era5,False,0,medium,"0 waterway(s), major river barrier: no",6,1,0,medium,"6 hospital/clinic, 1 prison, 0 care home within EPZ (total 7 facilities). Source: OSM Overpass [FIX-05 amenities]",,,,2026-04-20 21:28:49.238332+00:00,audit_postlogging_20260421,True,10.0,,,,api,merge_phase2_20260421
TR,Ada Yumurtalık power station,4b11cac9-4fe0-4a2a-9c09-4fe9a0ac6015,36.8,46.8,90.0,95.0,35.0,high,"DRV-02 composite: 36.8/100 (FEASIBLE). Sub-scores: ep01_roads=0; ep01_special_pop=90; ep01_geography=95; ep01_terrain=10; ep01_population=35. Sources: osm_overpass, ghsl_pop_100m_r2023a, copernicus_dem_30m.",0.414,813.33,True,medium,ERA5 seasonal constraints proxy (ref 1991-2020) | snow_months=0 | extreme_precip_months=0 | max_snowfall=0.0mm/day | source=copernicus_era5,False,0,medium,"0 waterway(s), major river barrier: no",18,1,0,medium,"18 hospital/clinic, 1 prison, 0 care home within EPZ (total 19 facilities). Source: OSM Overpass [FIX-05 amenities]",,,,2026-04-20 21:28:49.264221+00:00,audit_postlogging_20260421,True,10.0,,,,api,merge_phase2_20260421
TR,Adana Akdeniz power station,44698c12-3c50-4602-8104-dafa5fd215b6,29.3,40.4,90.0,20.0,35.0,high,"DRV-02 composite: 29.2/100 (NOT FEASIBLE). Sub-scores: ep01_roads=0; ep01_special_pop=90; ep01_geography=20; ep01_terrain=10; ep01_population=35. Sources: osm_overpass, ghsl_pop_100m_r2023a, copernicus_dem_30m.",0.307,603.71,True,medium,ERA5 seasonal constraints proxy (ref 1991-2020) | snow_months=0 | extreme_precip_months=0 | max_snowfall=0.0mm/day | source=copernicus_era5,True,7,medium,"7 waterway(s), major river barrier: yes",17,0,0,medium,"17 hospital/clinic, 0 prison, 0 care home within EPZ (total 17 facilities). Source: OSM Overpass [FIX-05 amenities]",,,,2026-04-20 21:28:49.277695+00:00,audit_postlogging_20260421,False,10.0,,,,api,merge_phase2_20260421
TR,Adana Ceyhan power station,8a5dc384-e272-41ed-9868-a0686ac3fc7e,30.7,61.8,90.0,95.0,17.8,high,"DRV-02 composite: 30.7/100 (FEASIBLE). Sub-scores: ep01_roads=0; ep01_special_pop=90; ep01_geography=95; ep01_terrain=10; ep01_population=18. Sources: osm_overpass, ghsl_pop_100m_r2023a, copernicus_dem_30m.",0.663,1301.86,True,medium,ERA5 seasonal constraints proxy (ref 1991-2020) | snow_months=0 | extreme_precip_months=0 | max_snowfall=0.0mm/day | source=copernicus_era5,False,0,medium,"0 waterway(s), major river barrier: no",23,3,0,medium,"23 hospital/clinic, 3 prison, 0 care home within EPZ (total 26 facilities). Source: OSM Overpass [FIX-05 amenities]",,,,2026-04-20 21:28:49.288562+00:00,audit_postlogging_20260421,True,10.0,,,,api,merge_phase2_20260421
TR,Afşin-Elbistan power stations,e9bc02be-cf10-4b27-9b8a-0d4a954720e4,70.4,50.6,90.0,95.0,95.0,high,"DRV-02 composite: 70.4/100 (FEASIBLE). Sub-scores: ep01_roads=51; ep01_special_pop=90; ep01_geography=95; ep01_terrain=10; ep01_population=95. Sources: osm_overpass, ghsl_pop_100m_r2023a, copernicus_dem_30m.",0.476,935.11,True,medium,ERA5 seasonal constraints proxy (ref 1991-2020) | snow_months=3 | extreme_precip_months=0 | max_snowfall=0.2mm/day | source=copernicus_era5,False,0,medium,"0 waterway(s), major river barrier: no",9,0,0,medium,"9 hospital/clinic, 0 prison, 0 care home within EPZ (total 9 facilities). Source: OSM Overpass [FIX-05 amenities]",,,,2026-04-20 21:28:49.300861+00:00,audit_postlogging_20260421,True,10.0,,,,api,merge_phase2_20260421
TR,Ağan power station,ce39538c-997e-4a7d-bc32-f164f50f9aa0,57.8,38.6,90.0,95.0,95.0,high,"DRV-02 composite: 57.8/100 (FEASIBLE). Sub-scores: ep01_roads=0; ep01_special_pop=90; ep01_geography=95; ep01_terrain=10; ep01_population=95. Sources: osm_overpass, ghsl_pop_100m_r2023a, copernicus_dem_30m.",0.286,560.74,True,medium,ERA5 seasonal constraints proxy (ref 1991-2020) | snow_months=0 | extreme_precip_months=0 | max_snowfall=0.1mm/day | source=copernicus_era5,False,0,medium,"0 waterway(s), major river barrier: no",9,0,0,medium,"9 hospital/clinic, 0 prison, 0 care home within EPZ (total 9 facilities). Source: OSM Overpass [FIX-05 amenities]",,,,2026-04-20 21:28:49.312654+00:00,audit_postlogging_20260421,True,10.0,,,,api,merge_phase2_20260421
TR,Akdeniz Enerji power station,5fa0dfa9-c272-444e-8e70-80ab55b5d36c,57.8,40.2,90.0,95.0,95.0,high,"DRV-02 composite: 57.8/100 (FEASIBLE). Sub-scores: ep01_roads=0; ep01_special_pop=90; ep01_geography=95; ep01_terrain=10; ep01_population=95. Sources: osm_overpass, ghsl_pop_100m_r2023a, copernicus_dem_30m.",0.303,594.04,True,medium,ERA5 seasonal constraints proxy (ref 1991-2020) | snow_months=0 | extreme_precip_months=2 | max_snowfall=0.0mm/day | source=copernicus_era5,False,0,medium,"0 waterway(s), major river barrier: no",1,0,0,medium,"1 hospital/clinic, 0 prison, 0 care home within EPZ (total 1 facilities). Source: OSM Overpass [FIX-05 amenities]",,,,2026-04-20 21:28:49.323277+00:00,audit_postlogging_20260421,True,10.0,,,,api,merge_phase2_20260421
TR,Aksa Akrilik power station,992a4bf0-3ff0-4f12-bb89-50dc9e8d7d35,45.5,80.6,90.0,95.0,60.0,high,"DRV-02 composite: 45.5/100 (FEASIBLE). Sub-scores: ep01_roads=0; ep01_special_pop=90; ep01_geography=95; ep01_terrain=10; ep01_population=60. Sources: osm_overpass, ghsl_pop_100m_r2023a, copernicus_dem_30m.",1.225,2405.89,True,medium,ERA5 seasonal constraints proxy (ref 1991-2020) | snow_months=0 | extreme_precip_months=0 | max_snowfall=0.1mm/day | source=copernicus_era5,False,0,medium,"0 waterway(s), major river barrier: no",82,2,1,medium,"82 hospital/clinic, 2 prison, 1 care home within EPZ (total 85 facilities). Source: OSM Overpass [FIX-05 amenities]",,,,2026-04-20 21:28:49.335886+00:00,audit_postlogging_20260421,True,10.0,,,,api,merge_phase2_20260421
TR,Albayrak Varaka Paper power station,cb825b0f-e315-4221-b194-43d5b472382d,52.5,73.1,90.0,95.0,80.0,high,"DRV-02 composite: 52.5/100 (FEASIBLE). Sub-scores: ep01_roads=0; ep01_special_pop=90; ep01_geography=95; ep01_terrain=10; ep01_population=80. Sources: osm_overpass, ghsl_pop_100m_r2023a, copernicus_dem_30m.",0.923,1812.9,True,medium,ERA5 seasonal constraints proxy (ref 1991-2020) | snow_months=0 | extreme_precip_months=0 | max_snowfall=0.1mm/day | source=copernicus_era5,False,0,medium,"0 waterway(s), major river barrier: no",21,2,0,medium,"21 hospital/clinic, 2 prison, 0 care home within EPZ (total 23 facilities). Source: OSM Overpass [FIX-05 amenities]",,,,2026-04-20 21:28:49.349088+00:00,audit_postlogging_20260421,True,10.0,,,,api,merge_phase2_20260421
TR,Aliağa Enka power station,bcb86777-4a54-4891-bb26-35b201bbd57d,45.5,59.0,90.0,95.0,60.0,high,"DRV-02 composite: 45.5/100 (FEASIBLE). Sub-scores: ep01_roads=0; ep01_special_pop=90; ep01_geography=95; ep01_terrain=10; ep01_population=60. Sources: osm_overpass, ghsl_pop_100m_r2023a, copernicus_dem_30m.",0.616,1209.99,True,medium,ERA5 seasonal constraints proxy (ref 1991-2020) | snow_months=0 | extreme_precip_months=0 | max_snowfall=0.0mm/day | source=copernicus_era5,False,0,medium,"0 waterway(s), major river barrier: no",9,12,0,medium,"9 hospital/clinic, 12 prison, 0 care home within EPZ (total 21 facilities). Source: OSM Overpass [FIX-05 amenities]",,,,2026-04-20 21:28:49.361886+00:00,audit_postlogging_20260421,True,10.0,,,,api,merge_phase2_20260421
TR,Alpu power station,9699244b-14c0-4e27-afd1-105494fccd60,57.8,32.6,90.0,95.0,95.0,high,"DRV-02 composite: 57.8/100 (FEASIBLE). Sub-scores: ep01_roads=0; ep01_special_pop=90; ep01_geography=95; ep01_terrain=10; ep01_population=95. Sources: osm_overpass, ghsl_pop_100m_r2023a, copernicus_dem_30m.",0.343,672.87,False,medium,ERA5 seasonal constraints proxy (ref 1991-2020) | snow_months=0 | extreme_precip_months=0 | max_snowfall=0.1mm/day | source=copernicus_era5,False,0,medium,"0 waterway(s), major river barrier: no",0,0,0,not_found,"0 hospital/clinic, 0 prison, 0 care home within EPZ (total 0 facilities). Source: OSM Overpass [FIX-05 amenities]",,,,2026-04-20 21:28:49.373571+00:00,audit_postlogging_20260421,True,10.0,,,,api,merge_phase2_20260421
TR,Amasra Bartın power station,9163ca37-1b31-409d-974f-9e7ed5e5f33d,44.0,45.6,90.0,10.0,80.0,high,"DRV-02 composite: 44.0/100 (FEASIBLE). Sub-scores: ep01_roads=0; ep01_special_pop=90; ep01_geography=10; ep01_terrain=10; ep01_population=80. Sources: osm_overpass, ghsl_pop_100m_r2023a, copernicus_dem_30m.",0.394,773.75,True,medium,ERA5 seasonal constraints proxy (ref 1991-2020) | snow_months=0 | extreme_precip_months=0 | max_snowfall=0.1mm/day | source=copernicus_era5,True,25,medium,"25 waterway(s), major river barrier: yes",6,1,0,medium,"6 hospital/clinic, 1 prison, 0 care home within EPZ (total 7 facilities). Source: OSM Overpass [FIX-05 amenities]",,,,2026-04-20 21:28:49.385270+00:00,audit_postlogging_20260421,True,10.0,,,,api,merge_phase2_20260421
TR,Ant Enerji power station,8782d6f2-5f9f-4c67-b9f2-6756857bd200,47.3,56.3,20.0,95.0,95.0,high,"DRV-02 composite: 47.2/100 (FEASIBLE). Sub-scores: ep01_roads=0; ep01_special_pop=20; ep01_geography=95; ep01_terrain=10; ep01_population=95. Sources: osm_overpass, ghsl_pop_100m_r2023a, copernicus_dem_30m.",0.571,1120.52,True,medium,ERA5 seasonal constraints proxy (ref 1991-2020) | snow_months=0 | extreme_precip_months=0 | max_snowfall=0.0mm/day | source=copernicus_era5,False,0,medium,"0 waterway(s), major river barrier: no",4,0,0,medium,"4 hospital/clinic, 0 prison, 0 care home within EPZ",,,,2026-04-20 21:28:49.398248+00:00,audit_postlogging_20260421,True,10.0,,,,api,merge_phase2_20260421
TR,Astoria Ceyhan power station,b5a75ec8-a2fe-42ad-b33e-ea32e20ebdfb,57.8,58.2,90.0,95.0,95.0,high,"DRV-02 composite: 57.8/100 (FEASIBLE). Sub-scores: ep01_roads=0; ep01_special_pop=90; ep01_geography=95; ep01_terrain=10; ep01_population=95. Sources: osm_overpass, ghsl_pop_100m_r2023a, copernicus_dem_30m.",0.604,1185.54,True,medium,ERA5 seasonal constraints proxy (ref 1991-2020) | snow_months=0 | extreme_precip_months=0 | max_snowfall=0.0mm/day | source=copernicus_era5,False,0,medium,"0 waterway(s), major river barrier: no",24,3,0,medium,"24 hospital/clinic, 3 prison, 0 care home within EPZ (total 27 facilities). Source: OSM Overpass [FIX-05 amenities]",,,,2026-04-20 21:28:49.410151+00:00,audit_postlogging_20260421,True,10.0,,,,api,merge_phase2_20260421
TR,Atakaş power station,c6b846cb-3a01-4e17-9d51-da4b58fd1827,50.3,54.1,90.0,95.0,35.0,high,"DRV-02 composite: 50.3/100 (FEASIBLE). Sub-scores: ep01_roads=54; ep01_special_pop=90; ep01_geography=95; ep01_terrain=10; ep01_population=35. Sources: osm_overpass, ghsl_pop_100m_r2023a, copernicus_dem_30m.",0.535,1049.79,True,medium,ERA5 seasonal constraints proxy (ref 1991-2020) | snow_months=0 | extreme_precip_months=0 | max_snowfall=0.0mm/day | source=copernicus_era5,False,0,medium,"0 waterway(s), major river barrier: no",20,2,0,medium,"20 hospital/clinic, 2 prison, 0 care home within EPZ (total 22 facilities). Source: OSM Overpass [FIX-05 amenities]",,,,2026-04-20 21:28:49.420938+00:00,audit_postlogging_20260421,True,10.0,,,,api,merge_phase2_20260421
TR,Atlas Enerji İskenderun power station,1ce7624e-1d72-4293-8ff4-09096b56ddd2,32.0,54.8,0.0,95.0,60.0,high,"DRV-02 composite: 32.0/100 (FEASIBLE). Sub-scores: ep01_roads=0; ep01_special_pop=0; ep01_geography=95; ep01_terrain=10; ep01_population=60. Sources: osm_overpass, ghsl_pop_100m_r2023a, copernicus_dem_30m.",0.546,1071.24,True,medium,ERA5 seasonal constraints proxy (ref 1991-2020) | snow_months=0 | extreme_precip_months=0 | max_snowfall=0.0mm/day | source=copernicus_era5,False,0,medium,"0 waterway(s), major river barrier: no",24,2,0,medium,"24 hospital/clinic, 2 prison, 0 care home within EPZ",,,,2026-04-20 21:28:49.432506+00:00,audit_postlogging_20260421,True,10.0,,,,api,merge_phase2_20260421
TR,Avdan power station,c7afd455-7beb-4d23-8d3b-e9a102782d2b,24.5,71.0,90.0,95.0,0.0,high,"DRV-02 composite: 24.5/100 (NOT FEASIBLE). Sub-scores: ep01_roads=0; ep01_special_pop=90; ep01_geography=95; ep01_terrain=10; ep01_population=0. Sources: osm_overpass, ghsl_pop_100m_r2023a, copernicus_dem_30m.",0.84,1648.78,True,medium,ERA5 seasonal constraints proxy (ref 1991-2020) | snow_months=0 | extreme_precip_months=0 | max_snowfall=0.1mm/day | source=copernicus_era5,False,0,medium,"0 waterway(s), major river barrier: no",29,3,0,medium,"29 hospital/clinic, 3 prison, 0 care home within EPZ (total 32 facilities). Source: OSM Overpass [FIX-05 amenities]",,,,2026-04-20 21:28:49.443773+00:00,audit_postlogging_20260421,False,10.0,,,,api,merge_phase2_20260421
TR,Ayas power station,7a805295-0cd2-48be-972e-5282c996549c,36.8,41.8,90.0,95.0,35.0,high,"DRV-02 composite: 36.8/100 (FEASIBLE). Sub-scores: ep01_roads=0; ep01_special_pop=90; ep01_geography=95; ep01_terrain=10; ep01_population=35. Sources: osm_overpass, ghsl_pop_100m_r2023a, copernicus_dem_30m.",0.33,648.91,True,medium,ERA5 seasonal constraints proxy (ref 1991-2020) | snow_months=0 | extreme_precip_months=0 | max_snowfall=0.0mm/day | source=copernicus_era5,False,0,medium,"0 waterway(s), major river barrier: no",18,1,0,medium,"18 hospital/clinic, 1 prison, 0 care home within EPZ (total 19 facilities). Source: OSM Overpass [FIX-05 amenities]",,,,2026-04-20 21:28:49.454474+00:00,audit_postlogging_20260421,True,10.0,,,,api,merge_phase2_20260421
TR,Babadere power station,b8875ff2-9e9d-4520-8879-c71468e9cc50,57.8,50.1,90.0,95.0,95.0,high,"DRV-02 composite: 57.8/100 (FEASIBLE). Sub-scores: ep01_roads=0; ep01_special_pop=90; ep01_geography=95; ep01_terrain=10; ep01_population=95. Sources: osm_overpass, ghsl_pop_100m_r2023a, copernicus_dem_30m.",0.469,921.41,True,medium,ERA5 seasonal constraints proxy (ref 1991-2020) | snow_months=0 | extreme_precip_months=1 | max_snowfall=0.0mm/day | source=copernicus_era5,False,0,medium,"0 waterway(s), major river barrier: no",8,0,0,medium,"8 hospital/clinic, 0 prison, 0 care home within EPZ (total 8 facilities). Source: OSM Overpass [FIX-05 amenities]",,,,2026-04-20 21:28:49.465457+00:00,audit_postlogging_20260421,True,10.0,,,,api,merge_phase2_20260421
TR,Bandırma Elektrik power station,ba1f1f36-18b4-49ae-9882-f90418dc88ce,49.3,51.2,90.0,10.0,95.0,high,"DRV-02 composite: 49.2/100 (FEASIBLE). Sub-scores: ep01_roads=0; ep01_special_pop=90; ep01_geography=10; ep01_terrain=10; ep01_population=95. Sources: osm_overpass, ghsl_pop_100m_r2023a, copernicus_dem_30m.",0.486,954.31,True,medium,ERA5 seasonal constraints proxy (ref 1991-2020) | snow_months=0 | extreme_precip_months=0 | max_snowfall=0.1mm/day | source=copernicus_era5,True,52,medium,"52 waterway(s), major river barrier: yes",60,0,0,medium,"60 hospital/clinic, 0 prison, 0 care home within EPZ (total 60 facilities). Source: OSM Overpass [FIX-05 amenities]",,,,2026-04-20 21:28:49.477138+00:00,audit_postlogging_20260421,True,10.0,,,,api,merge_phase2_20260421
TR,Bandırma III power station,fecb62d9-6fb8-4f8d-83e3-78a7c75adb6e,57.8,65.9,90.0,95.0,95.0,high,"DRV-02 composite: 57.8/100 (FEASIBLE). Sub-scores: ep01_roads=0; ep01_special_pop=90; ep01_geography=95; ep01_terrain=10; ep01_population=95. Sources: osm_overpass, ghsl_pop_100m_r2023a, copernicus_dem_30m.",0.732,1437.35,True,medium,ERA5 seasonal constraints proxy (ref 1991-2020) | snow_months=0 | extreme_precip_months=0 | max_snowfall=0.1mm/day | source=copernicus_era5,False,0,medium,"0 waterway(s), major river barrier: no",9,0,0,medium,"9 hospital/clinic, 0 prison, 0 care home within EPZ (total 9 facilities). Source: OSM Overpass [FIX-05 amenities]",,,,2026-04-20 21:28:49.492800+00:00,audit_postlogging_20260421,True,10.0,,,,api,merge_phase2_20260421
TR,Bandırma Karat power station,bb2453b0-c76d-40ea-bcc4-870391f05b2f,29.3,46.2,90.0,95.0,13.8,high,"DRV-02 composite: 29.3/100 (NOT FEASIBLE). Sub-scores: ep01_roads=0; ep01_special_pop=90; ep01_geography=95; ep01_terrain=10; ep01_population=14. Sources: osm_overpass, ghsl_pop_100m_r2023a, copernicus_dem_30m.",0.404,792.32,True,medium,ERA5 seasonal constraints proxy (ref 1991-2020) | snow_months=0 | extreme_precip_months=0 | max_snowfall=0.1mm/day | source=copernicus_era5,False,0,medium,"0 waterway(s), major river barrier: no",51,3,0,medium,"51 hospital/clinic, 3 prison, 0 care home within EPZ (total 54 facilities). Source: OSM Overpass [FIX-05 amenities]",,,,2026-04-20 21:28:49.503796+00:00,audit_postlogging_20260421,False,10.0,,,,api,merge_phase2_20260421
TR,Barbaros-1 power station,1289753b-43db-4058-8fe1-6e38b5fb01b5,44.0,59.4,90.0,10.0,80.0,high,"DRV-02 composite: 44.0/100 (FEASIBLE). Sub-scores: ep01_roads=0; ep01_special_pop=90; ep01_geography=10; ep01_terrain=10; ep01_population=80. Sources: osm_overpass, ghsl_pop_100m_r2023a, copernicus_dem_30m.",0.624,1225.3,True,medium,ERA5 seasonal constraints proxy (ref 1991-2020) | snow_months=1 | extreme_precip_months=0 | max_snowfall=0.1mm/day | source=copernicus_era5,True,16,medium,"16 waterway(s), major river barrier: yes",4,0,0,medium,"4 hospital/clinic, 0 prison, 0 care home within EPZ (total 4 facilities). Source: OSM Overpass [FIX-05 amenities]",,,,2026-04-20 21:28:49.515222+00:00,audit_postlogging_20260421,True,10.0,,,,api,merge_phase2_20260421
TR,Biga power station,2350bab4-9869-43f1-b62f-a4d5aea77ef5,57.8,36.5,90.0,95.0,95.0,high,"DRV-02 composite: 57.8/100 (FEASIBLE). Sub-scores: ep01_roads=0; ep01_special_pop=90; ep01_geography=95; ep01_terrain=10; ep01_population=95. Sources: osm_overpass, ghsl_pop_100m_r2023a, copernicus_dem_30m.",0.265,519.48,True,medium,ERA5 seasonal constraints proxy (ref 1991-2020) | snow_months=0 | extreme_precip_months=0 | max_snowfall=0.1mm/day | source=copernicus_era5,False,0,medium,"0 waterway(s), major river barrier: no",7,0,0,medium,"7 hospital/clinic, 0 prison, 0 care home within EPZ (total 7 facilities). Source: OSM Overpass [FIX-05 amenities]",,,,2026-04-20 21:28:49.525893+00:00,audit_postlogging_20260421,True,10.0,,,,api,merge_phase2_20260421
TR,Bingöl power station,75f807aa-8278-43a3-8654-730713b96001,67.1,37.5,90.0,95.0,95.0,high,"DRV-02 composite: 67.1/100 (FEASIBLE). Sub-scores: ep01_roads=38; ep01_special_pop=90; ep01_geography=95; ep01_terrain=10; ep01_population=95. Sources: osm_overpass, ghsl_pop_100m_r2023a, copernicus_dem_30m.",0.275,539.1,True,medium,ERA5 seasonal constraints proxy (ref 1991-2020) | snow_months=6 | extreme_precip_months=0 | max_snowfall=0.3mm/day | source=copernicus_era5,False,0,medium,"0 waterway(s), major river barrier: no",1,0,0,medium,"1 hospital/clinic, 0 prison, 0 care home within EPZ (total 1 facilities). Source: OSM Overpass [FIX-05 amenities]",,,,2026-04-20 21:28:49.537337+00:00,audit_postlogging_20260421,True,10.0,,,,api,merge_phase2_20260421
TR,Bolu Göynük power station,2b6a65d3-efb0-44d8-b88b-9aad311f4ac4,57.8,40.3,90.0,95.0,95.0,high,"DRV-02 composite: 57.8/100 (FEASIBLE). Sub-scores: ep01_roads=0; ep01_special_pop=90; ep01_geography=95; ep01_terrain=10; ep01_population=95. Sources: osm_overpass, ghsl_pop_100m_r2023a, copernicus_dem_30m.",0.471,925.18,False,medium,ERA5 seasonal constraints proxy (ref 1991-2020) | snow_months=1 | extreme_precip_months=0 | max_snowfall=0.1mm/day | source=copernicus_era5,False,0,medium,"0 waterway(s), major river barrier: no",1,1,0,medium,"1 hospital/clinic, 1 prison, 0 care home within EPZ (total 2 facilities). Source: OSM Overpass [FIX-05 amenities]",,,,2026-04-20 21:28:49.549043+00:00,audit_postlogging_20260421,True,10.0,,,,api,merge_phase2_20260421
TR,Burnaz power station,7b4d3f8f-a644-48a3-93f9-cd3c154dc5c2,60.9,61.6,90.0,95.0,60.0,high,"DRV-02 composite: 60.9/100 (FEASIBLE). Sub-scores: ep01_roads=62; ep01_special_pop=90; ep01_geography=95; ep01_terrain=10; ep01_population=60. Sources: osm_overpass, ghsl_pop_100m_r2023a, copernicus_dem_30m.",0.66,1296.04,True,medium,ERA5 seasonal constraints proxy (ref 1991-2020) | snow_months=0 | extreme_precip_months=1 | max_snowfall=0.0mm/day | source=copernicus_era5,False,0,medium,"0 waterway(s), major river barrier: no",27,2,0,medium,"27 hospital/clinic, 2 prison, 0 care home within EPZ (total 29 facilities). Source: OSM Overpass [FIX-05 amenities]",,,,2026-04-20 21:28:49.561074+00:00,audit_postlogging_20260421,True,10.0,,,,api,merge_phase2_20260421
TR,Bursa power station,3bc834ed-5c2b-47d6-b555-2e20b9044053,70.1,49.5,90.0,95.0,95.0,high,"DRV-02 composite: 70.1/100 (FEASIBLE). Sub-scores: ep01_roads=50; ep01_special_pop=90; ep01_geography=95; ep01_terrain=10; ep01_population=95. Sources: osm_overpass, ghsl_pop_100m_r2023a, copernicus_dem_30m.",0.459,902.06,True,medium,ERA5 seasonal constraints proxy (ref 1991-2020) | snow_months=3 | extreme_precip_months=0 | max_snowfall=0.1mm/day | source=copernicus_era5,False,0,medium,"0 waterway(s), major river barrier: no",5,0,0,medium,"5 hospital/clinic, 0 prison, 0 care home within EPZ (total 5 facilities). Source: OSM Overpass [FIX-05 amenities]",,,,2026-04-20 21:28:49.573844+00:00,audit_postlogging_20260421,True,10.0,,,,api,merge_phase2_20260421
TR,Çalışkan Ceyhan power station,e71ec827-7143-48dd-8c8a-8e81705fa971,44.0,62.4,90.0,10.0,80.0,high,"DRV-02 composite: 44.0/100 (FEASIBLE). Sub-scores: ep01_roads=0; ep01_special_pop=90; ep01_geography=10; ep01_terrain=10; ep01_population=80. Sources: osm_overpass, ghsl_pop_100m_r2023a, copernicus_dem_30m.",0.674,1323.01,True,medium,ERA5 seasonal constraints proxy (ref 1991-2020) | snow_months=0 | extreme_precip_months=0 | max_snowfall=0.0mm/day | source=copernicus_era5,True,23,medium,"23 waterway(s), major river barrier: yes",25,3,0,medium,"25 hospital/clinic, 3 prison, 0 care home within EPZ (total 28 facilities). Source: OSM Overpass [FIX-05 amenities]",,,,2026-04-20 21:28:49.585583+00:00,audit_postlogging_20260421,True,10.0,,,,api,merge_phase2_20260421
TR,Çan (18 Mart) power station,ad1e8841-e4e4-413b-820a-8c14e09da5a0,60.8,53.7,90.0,95.0,95.0,high,"DRV-02 composite: 60.8/100 (FEASIBLE). Sub-scores: ep01_roads=0; ep01_special_pop=90; ep01_geography=95; ep01_terrain=30; ep01_population=95. Sources: osm_overpass, ghsl_pop_100m_r2023a, copernicus_dem_30m.",0.529,1037.72,True,medium,ERA5 seasonal constraints proxy (ref 1991-2020) | snow_months=2 | extreme_precip_months=0 | max_snowfall=0.2mm/day | source=copernicus_era5,False,0,medium,"0 waterway(s), major river barrier: no",0,0,0,not_found,"0 hospital/clinic, 0 prison, 0 care home within EPZ (total 0 facilities). Source: OSM Overpass [FIX-05 amenities]",,,,2026-04-20 21:28:49.599369+00:00,audit_postlogging_20260421,True,30.0,,,,api,merge_phase2_20260421
TR,Çan-2 power station,28980273-0ba6-4c8c-b080-7ff9b33cc4c9,49.8,53.5,90.0,15.0,95.0,high,"DRV-02 composite: 49.8/100 (FEASIBLE). Sub-scores: ep01_roads=0; ep01_special_pop=90; ep01_geography=15; ep01_terrain=10; ep01_population=95. Sources: osm_overpass, ghsl_pop_100m_r2023a, copernicus_dem_30m.",0.525,1030.79,True,medium,ERA5 seasonal constraints proxy (ref 1991-2020) | snow_months=2 | extreme_precip_months=0 | max_snowfall=0.2mm/day | source=copernicus_era5,True,8,medium,"8 waterway(s), major river barrier: yes",0,0,0,not_found,"0 hospital/clinic, 0 prison, 0 care home within EPZ (total 0 facilities). Source: OSM Overpass [FIX-05 amenities]",,,,2026-04-20 21:28:49.611354+00:00,audit_postlogging_20260421,True,10.0,,,,api,merge_phase2_20260421
TR,Çankırı Orta power station,dd413ee8-a6f2-4e7c-8e6c-6d0ed8637d83,56.0,41.9,90.0,10.0,95.0,high,"DRV-02 composite: 56.0/100 (FEASIBLE). Sub-scores: ep01_roads=0; ep01_special_pop=90; ep01_geography=10; ep01_terrain=55; ep01_population=95. Sources: osm_overpass, ghsl_pop_100m_r2023a, copernicus_dem_30m.",0.332,651.43,True,medium,ERA5 seasonal constraints proxy (ref 1991-2020) | snow_months=3 | extreme_precip_months=0 | max_snowfall=0.1mm/day | source=copernicus_era5,True,67,medium,"67 waterway(s), major river barrier: yes",3,2,0,medium,"3 hospital/clinic, 2 prison, 0 care home within EPZ (total 5 facilities). Source: OSM Overpass [FIX-05 amenities]",,,,2026-04-20 21:28:49.622782+00:00,audit_postlogging_20260421,True,55.0,,,,api,merge_phase2_20260421
TR,Çankırı Yıldızlar power station,fc307877-758b-4dbf-afbe-abfc4a778155,57.8,45.2,90.0,95.0,95.0,high,"DRV-02 composite: 57.8/100 (FEASIBLE). Sub-scores: ep01_roads=0; ep01_special_pop=90; ep01_geography=95; ep01_terrain=10; ep01_population=95. Sources: osm_overpass, ghsl_pop_100m_r2023a, copernicus_dem_30m.",0.386,758.83,True,medium,ERA5 seasonal constraints proxy (ref 1991-2020) | snow_months=3 | extreme_precip_months=0 | max_snowfall=0.1mm/day | source=copernicus_era5,False,0,medium,"0 waterway(s), major river barrier: no",5,2,1,medium,"5 hospital/clinic, 2 prison, 1 care home within EPZ (total 8 facilities). Source: OSM Overpass [FIX-05 amenities]",,,,2026-04-20 21:28:49.633675+00:00,audit_postlogging_20260421,True,10.0,,,,api,merge_phase2_20260421
TR,Çatalağzı power station,8b16dc60-1a2b-4b2c-bcad-1c334d246ae3,45.5,54.9,90.0,95.0,60.0,high,"DRV-02 composite: 45.5/100 (FEASIBLE). Sub-scores: ep01_roads=0; ep01_special_pop=90; ep01_geography=95; ep01_terrain=10; ep01_population=60. Sources: osm_overpass, ghsl_pop_100m_r2023a, copernicus_dem_30m.",0.548,1076.77,True,medium,ERA5 seasonal constraints proxy (ref 1991-2020) | snow_months=0 | extreme_precip_months=0 | max_snowfall=0.1mm/day | source=copernicus_era5,False,0,medium,"0 waterway(s), major river barrier: no",14,1,0,medium,"14 hospital/clinic, 1 prison, 0 care home within EPZ (total 15 facilities). Source: OSM Overpass [FIX-05 amenities]",,,,2026-04-20 21:28:49.644904+00:00,audit_postlogging_20260421,True,10.0,,,,api,merge_phase2_20260421
TR,Çayırhan power station,674deb4f-110c-4120-bea0-5f0711da3ea1,52.5,44.4,90.0,95.0,80.0,high,"DRV-02 composite: 52.5/100 (FEASIBLE). Sub-scores: ep01_roads=0; ep01_special_pop=90; ep01_geography=95; ep01_terrain=10; ep01_population=80. Sources: osm_overpass, ghsl_pop_100m_r2023a, copernicus_dem_30m.",0.374,733.91,True,medium,ERA5 seasonal constraints proxy (ref 1991-2020) | snow_months=0 | extreme_precip_months=0 | max_snowfall=0.0mm/day | source=copernicus_era5,False,0,medium,"0 waterway(s), major river barrier: no",1,0,0,medium,"1 hospital/clinic, 0 prison, 0 care home within EPZ (total 1 facilities). Source: OSM Overpass [FIX-05 amenities]",,,,2026-04-20 21:28:49.655043+00:00,audit_postlogging_20260421,True,10.0,,,,api,merge_phase2_20260421
TR,Çebi Enerji power station,d12e7ffc-4cd3-4ff4-81da-ae360d59409b,65.9,53.7,90.0,95.0,80.0,high,"DRV-02 composite: 65.9/100 (FEASIBLE). Sub-scores: ep01_roads=54; ep01_special_pop=90; ep01_geography=95; ep01_terrain=10; ep01_population=80. Sources: osm_overpass, ghsl_pop_100m_r2023a, copernicus_dem_30m.",0.528,1036.87,True,medium,ERA5 seasonal constraints proxy (ref 1991-2020) | snow_months=0 | extreme_precip_months=0 | max_snowfall=0.1mm/day | source=copernicus_era5,False,0,medium,"0 waterway(s), major river barrier: no",46,7,0,medium,"46 hospital/clinic, 7 prison, 0 care home within EPZ (total 53 facilities). Source: OSM Overpass [FIX-05 amenities]",,,,2026-04-20 21:28:49.665889+00:00,audit_postlogging_20260421,True,10.0,,,,api,merge_phase2_20260421
TR,Çelikler Yumurtalık power station,a4af3789-2c40-41fc-a3ec-3b8d2fc6c645,36.8,50.1,90.0,95.0,35.0,high,"DRV-02 composite: 36.8/100 (FEASIBLE). Sub-scores: ep01_roads=0; ep01_special_pop=90; ep01_geography=95; ep01_terrain=10; ep01_population=35. Sources: osm_overpass, ghsl_pop_100m_r2023a, copernicus_dem_30m.",0.469,921.53,True,medium,ERA5 seasonal constraints proxy (ref 1991-2020) | snow_months=0 | extreme_precip_months=0 | max_snowfall=0.0mm/day | source=copernicus_era5,False,0,medium,"0 waterway(s), major river barrier: no",18,1,0,medium,"18 hospital/clinic, 1 prison, 0 care home within EPZ (total 19 facilities). Source: OSM Overpass [FIX-05 amenities]",,,,2026-04-20 21:28:49.676923+00:00,audit_postlogging_20260421,True,10.0,,,,api,merge_phase2_20260421
TR,Cenal power station,a96dc545-41a9-4b0d-a7a3-f40ef711e5e3,49.3,41.7,90.0,10.0,95.0,high,"DRV-02 composite: 49.2/100 (FEASIBLE). Sub-scores: ep01_roads=0; ep01_special_pop=90; ep01_geography=10; ep01_terrain=10; ep01_population=95. Sources: osm_overpass, ghsl_pop_100m_r2023a, copernicus_dem_30m.",0.328,644.27,True,medium,ERA5 seasonal constraints proxy (ref 1991-2020) | snow_months=0 | extreme_precip_months=0 | max_snowfall=0.1mm/day | source=copernicus_era5,True,15,medium,"15 waterway(s), major river barrier: yes",10,0,0,medium,"10 hospital/clinic, 0 prison, 0 care home within EPZ (total 10 facilities). Source: OSM Overpass [FIX-05 amenities]",,,,2026-04-20 21:28:49.688067+00:00,audit_postlogging_20260421,True,10.0,,,,api,merge_phase2_20260421
TR,Çerkezköy power station,e894ba3e-e397-47c9-b0b9-a72cfb6bd680,16.4,69.0,90.0,10.0,1.2,high,"DRV-02 composite: 16.4/100 (NOT FEASIBLE). Sub-scores: ep01_roads=0; ep01_special_pop=90; ep01_geography=10; ep01_terrain=10; ep01_population=1. Sources: osm_overpass, ghsl_pop_100m_r2023a, copernicus_dem_30m.",0.784,1538.95,True,medium,ERA5 seasonal constraints proxy (ref 1991-2020) | snow_months=0 | extreme_precip_months=0 | max_snowfall=0.1mm/day | source=copernicus_era5,True,43,medium,"43 waterway(s), major river barrier: yes",98,7,0,medium,"98 hospital/clinic, 7 prison, 0 care home within EPZ (total 105 facilities). Source: OSM Overpass [FIX-05 amenities]",,,,2026-04-20 21:28:49.699627+00:00,audit_postlogging_20260421,False,10.0,,,,api,merge_phase2_20260421
TR,Çırpılar power station,bddb4fb7-c01d-4b71-bc30-1896b88298bf,72.5,47.1,90.0,95.0,95.0,high,"DRV-02 composite: 72.5/100 (FEASIBLE). Sub-scores: ep01_roads=47; ep01_special_pop=90; ep01_geography=95; ep01_terrain=30; ep01_population=95. Sources: osm_overpass, ghsl_pop_100m_r2023a, copernicus_dem_30m.",0.418,819.84,True,medium,ERA5 seasonal constraints proxy (ref 1991-2020) | snow_months=0 | extreme_precip_months=0 | max_snowfall=0.1mm/day | source=copernicus_era5,False,0,medium,"0 waterway(s), major river barrier: no",1,0,0,medium,"1 hospital/clinic, 0 prison, 0 care home within EPZ (total 1 facilities). Source: OSM Overpass [FIX-05 amenities]",,,,2026-04-20 21:28:49.712558+00:00,audit_postlogging_20260421,True,30.0,,,,api,merge_phase2_20260421
TR,Çoban Yıldız power station,778e0750-19f9-426e-a6c7-e0e30645fb97,76.5,48.0,90.0,95.0,95.0,high,"DRV-02 composite: 76.5/100 (FEASIBLE). Sub-scores: ep01_roads=48; ep01_special_pop=90; ep01_geography=95; ep01_terrain=55; ep01_population=95. Sources: osm_overpass, ghsl_pop_100m_r2023a, copernicus_dem_30m.",0.433,850.88,True,medium,ERA5 seasonal constraints proxy (ref 1991-2020) | snow_months=0 | extreme_precip_months=0 | max_snowfall=0.1mm/day | source=copernicus_era5,False,0,medium,"0 waterway(s), major river barrier: no",2,0,0,medium,"2 hospital/clinic, 0 prison, 0 care home within EPZ (total 2 facilities). Source: OSM Overpass [FIX-05 amenities]",,,,2026-04-20 21:28:49.725782+00:00,audit_postlogging_20260421,True,55.0,,,,api,merge_phase2_20260421
TR,Demirtaş power station,28c80d72-dd9e-4fbf-a2c7-d48d49ca61dc,29.8,37.8,90.0,10.0,12.4,high,"DRV-02 composite: 29.8/100 (NOT FEASIBLE). Sub-scores: ep01_roads=38; ep01_special_pop=90; ep01_geography=10; ep01_terrain=10; ep01_population=12. Sources: osm_overpass, ghsl_pop_100m_r2023a, copernicus_dem_30m.",0.278,545.88,True,medium,ERA5 seasonal constraints proxy (ref 1991-2020) | snow_months=0 | extreme_precip_months=0 | max_snowfall=0.0mm/day | source=copernicus_era5,True,9,medium,"9 waterway(s), major river barrier: yes",8,0,0,medium,"8 hospital/clinic, 0 prison, 0 care home within EPZ (total 8 facilities). Source: OSM Overpass [FIX-05 amenities]",,,,2026-04-20 21:28:49.737723+00:00,audit_postlogging_20260421,False,10.0,,,,api,merge_phase2_20260421
TR,Deniz power station,a70bbc9a-1469-4d56-be56-f282ed4130a8,60.3,59.0,90.0,95.0,60.0,high,"DRV-02 composite: 60.2/100 (FEASIBLE). Sub-scores: ep01_roads=59; ep01_special_pop=90; ep01_geography=95; ep01_terrain=10; ep01_population=60. Sources: osm_overpass, ghsl_pop_100m_r2023a, copernicus_dem_30m.",0.616,1209.99,True,medium,ERA5 seasonal constraints proxy (ref 1991-2020) | snow_months=0 | extreme_precip_months=0 | max_snowfall=0.0mm/day | source=copernicus_era5,False,0,medium,"0 waterway(s), major river barrier: no",9,12,0,medium,"9 hospital/clinic, 12 prison, 0 care home within EPZ (total 21 facilities). Source: OSM Overpass [FIX-05 amenities]",,,,2026-04-20 21:28:49.749918+00:00,audit_postlogging_20260421,True,10.0,,,,api,merge_phase2_20260421
TR,DETES 1 power station,5067ece3-b204-495e-81c1-90a523252547,36.8,55.8,90.0,95.0,35.0,high,"DRV-02 composite: 36.8/100 (FEASIBLE). Sub-scores: ep01_roads=0; ep01_special_pop=90; ep01_geography=95; ep01_terrain=10; ep01_population=35. Sources: osm_overpass, ghsl_pop_100m_r2023a, copernicus_dem_30m.",0.563,1105.67,True,medium,ERA5 seasonal constraints proxy (ref 1991-2020) | snow_months=0 | extreme_precip_months=0 | max_snowfall=0.1mm/day | source=copernicus_era5,False,0,medium,"0 waterway(s), major river barrier: no",14,1,0,medium,"14 hospital/clinic, 1 prison, 0 care home within EPZ (total 15 facilities). Source: OSM Overpass [FIX-05 amenities]",,,,2026-04-20 21:28:49.761728+00:00,audit_postlogging_20260421,True,10.0,,,,api,merge_phase2_20260421
TR,Diler (Akbayir) Elbistan power station,c657c5c3-38a2-472d-8962-9e7cefcd2c1e,57.8,42.7,90.0,95.0,95.0,high,"DRV-02 composite: 57.8/100 (FEASIBLE). Sub-scores: ep01_roads=0; ep01_special_pop=90; ep01_geography=95; ep01_terrain=10; ep01_population=95. Sources: osm_overpass, ghsl_pop_100m_r2023a, copernicus_dem_30m.",0.345,676.91,True,medium,ERA5 seasonal constraints proxy (ref 1991-2020) | snow_months=3 | extreme_precip_months=0 | max_snowfall=0.1mm/day | source=copernicus_era5,False,0,medium,"0 waterway(s), major river barrier: no",6,0,0,medium,"6 hospital/clinic, 0 prison, 0 care home within EPZ (total 6 facilities). Source: OSM Overpass [FIX-05 amenities]",,,,2026-04-20 21:28:49.772537+00:00,audit_postlogging_20260421,True,10.0,,,,api,merge_phase2_20260421
TR,Dinar power station,59f96677-d42b-4ae1-a3e9-32f3dc396a83,45.5,52.1,90.0,95.0,60.0,high,"DRV-02 composite: 45.5/100 (FEASIBLE). Sub-scores: ep01_roads=0; ep01_special_pop=90; ep01_geography=95; ep01_terrain=10; ep01_population=60. Sources: osm_overpass, ghsl_pop_100m_r2023a, copernicus_dem_30m.",0.502,986.56,True,medium,ERA5 seasonal constraints proxy (ref 1991-2020) | snow_months=0 | extreme_precip_months=0 | max_snowfall=0.1mm/day | source=copernicus_era5,False,0,medium,"0 waterway(s), major river barrier: no",3,1,0,medium,"3 hospital/clinic, 1 prison, 0 care home within EPZ (total 4 facilities). Source: OSM Overpass [FIX-05 amenities]",,,,2026-04-20 21:28:49.784997+00:00,audit_postlogging_20260421,True,10.0,,,,api,merge_phase2_20260421
TR,DOSAB cogeneration plant,161660e7-3ccf-4704-b452-b126599700a0,25.8,86.2,90.0,95.0,3.6,high,"DRV-02 composite: 25.8/100 (NOT FEASIBLE). Sub-scores: ep01_roads=0; ep01_special_pop=90; ep01_geography=95; ep01_terrain=10; ep01_population=4. Sources: osm_overpass, ghsl_pop_100m_r2023a, copernicus_dem_30m.",1.448,2843.62,True,medium,ERA5 seasonal constraints proxy (ref 1991-2020) | snow_months=1 | extreme_precip_months=0 | max_snowfall=0.1mm/day | source=copernicus_era5,False,0,medium,"0 waterway(s), major river barrier: no",58,1,0,medium,"58 hospital/clinic, 1 prison, 0 care home within EPZ (total 59 facilities). Source: OSM Overpass [FIX-05 amenities]",,,,2026-04-20 21:28:49.796544+00:00,audit_postlogging_20260421,False,10.0,,,,api,merge_phase2_20260421
TR,Ece power station,aa336cdc-f6fe-4b08-b46d-69e852c501bf,28.8,37.8,90.0,95.0,12.4,high,"DRV-02 composite: 28.8/100 (NOT FEASIBLE). Sub-scores: ep01_roads=0; ep01_special_pop=90; ep01_geography=95; ep01_terrain=10; ep01_population=12. Sources: osm_overpass, ghsl_pop_100m_r2023a, copernicus_dem_30m.",0.278,545.88,True,medium,ERA5 seasonal constraints proxy (ref 1991-2020) | snow_months=0 | extreme_precip_months=0 | max_snowfall=0.0mm/day | source=copernicus_era5,False,0,medium,"0 waterway(s), major river barrier: no",8,0,0,medium,"8 hospital/clinic, 0 prison, 0 care home within EPZ (total 8 facilities). Source: OSM Overpass [FIX-05 amenities]",,,,2026-04-20 21:28:49.806599+00:00,audit_postlogging_20260421,False,10.0,,,,api,merge_phase2_20260421
TR,EMBA Hunutlu power station,3f1ad930-cffb-4991-badd-773db74b890c,36.8,40.1,90.0,95.0,35.0,high,"DRV-02 composite: 36.8/100 (FEASIBLE). Sub-scores: ep01_roads=0; ep01_special_pop=90; ep01_geography=95; ep01_terrain=10; ep01_population=35. Sources: osm_overpass, ghsl_pop_100m_r2023a, copernicus_dem_30m.",0.302,593.43,True,medium,ERA5 seasonal constraints proxy (ref 1991-2020) | snow_months=0 | extreme_precip_months=0 | max_snowfall=0.0mm/day | source=copernicus_era5,False,0,medium,"0 waterway(s), major river barrier: no",17,0,0,medium,"17 hospital/clinic, 0 prison, 0 care home within EPZ (total 17 facilities). Source: OSM Overpass [FIX-05 amenities]",,,,2026-04-20 21:28:49.818199+00:00,audit_postlogging_20260421,True,10.0,,,,api,merge_phase2_20260421
TR,Enyat Samsun power station,28baef4d-44e3-4b2e-bbe3-75f736371553,45.5,64.2,90.0,95.0,60.0,high,"DRV-02 composite: 45.5/100 (FEASIBLE). Sub-scores: ep01_roads=0; ep01_special_pop=90; ep01_geography=95; ep01_terrain=10; ep01_population=60. Sources: osm_overpass, ghsl_pop_100m_r2023a, copernicus_dem_30m.",0.703,1379.73,True,medium,ERA5 seasonal constraints proxy (ref 1991-2020) | snow_months=3 | extreme_precip_months=0 | max_snowfall=0.1mm/day | source=copernicus_era5,False,0,medium,"0 waterway(s), major river barrier: no",13,0,0,medium,"13 hospital/clinic, 0 prison, 0 care home within EPZ (total 13 facilities). Source: OSM Overpass [FIX-05 amenities]",,,,2026-04-20 21:28:49.830475+00:00,audit_postlogging_20260421,True,10.0,,,,api,merge_phase2_20260421
TR,Eren-1 power station,142cad75-648a-495d-8c10-792351e72126,60.8,61.2,90.0,95.0,95.0,high,"DRV-02 composite: 60.8/100 (FEASIBLE). Sub-scores: ep01_roads=0; ep01_special_pop=90; ep01_geography=95; ep01_terrain=30; ep01_population=95. Sources: osm_overpass, ghsl_pop_100m_r2023a, copernicus_dem_30m.",0.653,1282.29,True,medium,ERA5 seasonal constraints proxy (ref 1991-2020) | snow_months=0 | extreme_precip_months=0 | max_snowfall=0.1mm/day | source=copernicus_era5,False,0,medium,"0 waterway(s), major river barrier: no",14,3,0,medium,"14 hospital/clinic, 3 prison, 0 care home within EPZ (total 17 facilities). Source: OSM Overpass [FIX-05 amenities]",,,,2026-04-20 21:28:49.841118+00:00,audit_postlogging_20260421,True,30.0,,,,api,merge_phase2_20260421
TR,Ergene power station,f92bc907-9b9b-4d21-92fd-1705bd71128c,32.0,66.4,0.0,95.0,60.0,high,"DRV-02 composite: 32.0/100 (FEASIBLE). Sub-scores: ep01_roads=0; ep01_special_pop=0; ep01_geography=95; ep01_terrain=10; ep01_population=60. Sources: osm_overpass, ghsl_pop_100m_r2023a, copernicus_dem_30m.",0.74,1452.41,True,medium,ERA5 seasonal constraints proxy (ref 1991-2020) | snow_months=0 | extreme_precip_months=0 | max_snowfall=0.1mm/day | source=copernicus_era5,False,0,medium,"0 waterway(s), major river barrier: no",70,5,0,medium,"70 hospital/clinic, 5 prison, 0 care home within EPZ",,,,2026-04-20 21:28:49.852256+00:00,audit_postlogging_20260421,True,10.0,,,,api,merge_phase2_20260421
TR,Eti Maden Bandirma power station,b90e80f9-66f3-4290-8aa2-518b8422aba0,29.2,48.9,90.0,95.0,13.3,high,"DRV-02 composite: 29.2/100 (NOT FEASIBLE). Sub-scores: ep01_roads=0; ep01_special_pop=90; ep01_geography=95; ep01_terrain=10; ep01_population=13. Sources: osm_overpass, ghsl_pop_100m_r2023a, copernicus_dem_30m.",0.448,878.83,True,medium,ERA5 seasonal constraints proxy (ref 1991-2020) | snow_months=0 | extreme_precip_months=0 | max_snowfall=0.1mm/day | source=copernicus_era5,False,0,medium,"0 waterway(s), major river barrier: no",52,3,0,medium,"52 hospital/clinic, 3 prison, 0 care home within EPZ (total 55 facilities). Source: OSM Overpass [FIX-05 amenities]",,,,2026-04-20 21:28:49.862812+00:00,audit_postlogging_20260421,False,10.0,,,,api,merge_phase2_20260421
TR,Evrese power station,17568f0f-91fd-4efe-b4df-2c7cc5d80b7d,52.3,51.0,90.0,95.0,60.0,high,"DRV-02 composite: 52.2/100 (FEASIBLE). Sub-scores: ep01_roads=0; ep01_special_pop=90; ep01_geography=95; ep01_terrain=55; ep01_population=60. Sources: osm_overpass, ghsl_pop_100m_r2023a, copernicus_dem_30m.",0.483,948.24,True,medium,ERA5 seasonal constraints proxy (ref 1991-2020) | snow_months=0 | extreme_precip_months=0 | max_snowfall=0.1mm/day | source=copernicus_era5,False,0,medium,"0 waterway(s), major river barrier: no",6,0,0,medium,"6 hospital/clinic, 0 prison, 0 care home within EPZ (total 6 facilities). Source: OSM Overpass [FIX-05 amenities]",,,,2026-04-20 21:28:49.873617+00:00,audit_postlogging_20260421,True,55.0,,,,api,merge_phase2_20260421
TR,Filyos power station,cb08e7b6-0af3-45d9-95c3-3832e7e2677c,47.3,57.1,20.0,95.0,95.0,high,"DRV-02 composite: 47.2/100 (FEASIBLE). Sub-scores: ep01_roads=0; ep01_special_pop=20; ep01_geography=95; ep01_terrain=10; ep01_population=95. Sources: osm_overpass, ghsl_pop_100m_r2023a, copernicus_dem_30m.",0.585,1148.38,True,medium,ERA5 seasonal constraints proxy (ref 1991-2020) | snow_months=0 | extreme_precip_months=0 | max_snowfall=0.1mm/day | source=copernicus_era5,False,0,medium,"0 waterway(s), major river barrier: no",6,0,0,medium,"6 hospital/clinic, 0 prison, 0 care home within EPZ",,,,2026-04-20 21:28:49.883790+00:00,audit_postlogging_20260421,True,10.0,,,,api,merge_phase2_20260421
TR,Gebze Çolakoğlu power station,829f61ff-0ad1-4288-8dd9-e41abbd0b6a7,36.8,84.9,90.0,95.0,35.0,high,"DRV-02 composite: 36.8/100 (FEASIBLE). Sub-scores: ep01_roads=0; ep01_special_pop=90; ep01_geography=95; ep01_terrain=10; ep01_population=35. Sources: osm_overpass, ghsl_pop_100m_r2023a, copernicus_dem_30m.",1.395,2738.46,True,medium,ERA5 seasonal constraints proxy (ref 1991-2020) | snow_months=0 | extreme_precip_months=0 | max_snowfall=0.1mm/day | source=copernicus_era5,False,0,medium,"0 waterway(s), major river barrier: no",84,2,0,medium,"84 hospital/clinic, 2 prison, 0 care home within EPZ (total 86 facilities). Source: OSM Overpass [FIX-05 amenities]",,,,2026-04-20 21:28:49.895711+00:00,audit_postlogging_20260421,True,10.0,,,,api,merge_phase2_20260421
TR,Gerze power station,e780e4ac-0506-4186-9b58-0f378f878345,44.3,62.9,0.0,95.0,95.0,high,"DRV-02 composite: 44.2/100 (FEASIBLE). Sub-scores: ep01_roads=0; ep01_special_pop=0; ep01_geography=95; ep01_terrain=10; ep01_population=95. Sources: osm_overpass, ghsl_pop_100m_r2023a, copernicus_dem_30m.",0.682,1339.28,True,medium,ERA5 seasonal constraints proxy (ref 1991-2020) | snow_months=4 | extreme_precip_months=0 | max_snowfall=0.2mm/day | source=copernicus_era5,False,0,medium,"0 waterway(s), major river barrier: no",5,2,0,medium,"5 hospital/clinic, 2 prison, 0 care home within EPZ",,,,2026-04-20 21:28:49.908416+00:00,audit_postlogging_20260421,True,10.0,,,,api,merge_phase2_20260421
TR,Gölovası power station,c9c85786-eb26-4e7b-b280-83a54b7e834f,36.8,47.7,90.0,95.0,35.0,high,"DRV-02 composite: 36.8/100 (FEASIBLE). Sub-scores: ep01_roads=0; ep01_special_pop=90; ep01_geography=95; ep01_terrain=10; ep01_population=35. Sources: osm_overpass, ghsl_pop_100m_r2023a, copernicus_dem_30m.",0.428,841.33,True,medium,ERA5 seasonal constraints proxy (ref 1991-2020) | snow_months=0 | extreme_precip_months=0 | max_snowfall=0.0mm/day | source=copernicus_era5,False,0,medium,"0 waterway(s), major river barrier: no",18,1,0,medium,"18 hospital/clinic, 1 prison, 0 care home within EPZ (total 19 facilities). Source: OSM Overpass [FIX-05 amenities]",,,,2026-04-20 21:28:49.922387+00:00,audit_postlogging_20260421,True,10.0,,,,api,merge_phase2_20260421
TR,Gönen power station,0ca0b969-c519-48f3-97ab-7173d3aa6085,36.8,54.7,90.0,95.0,35.0,high,"DRV-02 composite: 36.8/100 (FEASIBLE). Sub-scores: ep01_roads=0; ep01_special_pop=90; ep01_geography=95; ep01_terrain=10; ep01_population=35. Sources: osm_overpass, ghsl_pop_100m_r2023a, copernicus_dem_30m.",0.545,1070.42,True,medium,ERA5 seasonal constraints proxy (ref 1991-2020) | snow_months=0 | extreme_precip_months=0 | max_snowfall=0.1mm/day | source=copernicus_era5,False,0,medium,"0 waterway(s), major river barrier: no",21,0,0,medium,"21 hospital/clinic, 0 prison, 0 care home within EPZ (total 21 facilities). Source: OSM Overpass [FIX-05 amenities]",,,,2026-04-20 21:28:49.933155+00:00,audit_postlogging_20260421,True,10.0,,,,api,merge_phase2_20260421
TR,Güney Akdeniz power station,53481b7f-5b85-4bab-be04-4866c2e72c12,52.5,27.4,90.0,95.0,80.0,high,"DRV-02 composite: 52.5/100 (FEASIBLE). Sub-scores: ep01_roads=0; ep01_special_pop=90; ep01_geography=95; ep01_terrain=10; ep01_population=80. Sources: osm_overpass, ghsl_pop_100m_r2023a, copernicus_dem_30m.",0.174,341.32,True,medium,ERA5 seasonal constraints proxy (ref 1991-2020) | snow_months=0 | extreme_precip_months=0 | max_snowfall=0.0mm/day | source=copernicus_era5,False,0,medium,"0 waterway(s), major river barrier: no",0,2,0,medium,"0 hospital/clinic, 2 prison, 0 care home within EPZ (total 2 facilities). Source: OSM Overpass [FIX-05 amenities]",,,,2026-04-20 21:28:49.945599+00:00,audit_postlogging_20260421,True,10.0,,,,api,merge_phase2_20260421
TR,Güneybatı Anadolu power station,d110df11-ad8e-44dc-8a32-af692ca46c6f,36.8,52.7,90.0,95.0,35.0,high,"DRV-02 composite: 36.8/100 (FEASIBLE). Sub-scores: ep01_roads=0; ep01_special_pop=90; ep01_geography=95; ep01_terrain=10; ep01_population=35. Sources: osm_overpass, ghsl_pop_100m_r2023a, copernicus_dem_30m.",0.511,1004.21,True,medium,ERA5 seasonal constraints proxy (ref 1991-2020) | snow_months=0 | extreme_precip_months=2 | max_snowfall=0.0mm/day | source=copernicus_era5,False,0,medium,"0 waterway(s), major river barrier: no",4,0,0,medium,"4 hospital/clinic, 0 prison, 0 care home within EPZ (total 4 facilities). Source: OSM Overpass [FIX-05 amenities]",,,,2026-04-20 21:28:49.960320+00:00,audit_postlogging_20260421,True,10.0,,,,api,merge_phase2_20260421
TR,Güreci power station,d5151598-5a1a-4697-8147-592845ffef6c,59.3,55.7,90.0,95.0,80.0,high,"DRV-02 composite: 59.2/100 (FEASIBLE). Sub-scores: ep01_roads=0; ep01_special_pop=90; ep01_geography=95; ep01_terrain=55; ep01_population=80. Sources: osm_overpass, ghsl_pop_100m_r2023a, copernicus_dem_30m.",0.562,1103.49,True,medium,ERA5 seasonal constraints proxy (ref 1991-2020) | snow_months=0 | extreme_precip_months=0 | max_snowfall=0.1mm/day | source=copernicus_era5,False,0,medium,"0 waterway(s), major river barrier: no",6,0,0,medium,"6 hospital/clinic, 0 prison, 0 care home within EPZ (total 6 facilities). Source: OSM Overpass [FIX-05 amenities]",,,,2026-04-20 21:28:49.973222+00:00,audit_postlogging_20260421,True,55.0,,,,api,merge_phase2_20260421
TR,Gürmin Enerji Amasya power station,5a19f424-1a15-44e6-bf1b-c2c5886ac1bf,47.3,63.2,20.0,95.0,95.0,high,"DRV-02 composite: 47.2/100 (FEASIBLE). Sub-scores: ep01_roads=0; ep01_special_pop=20; ep01_geography=95; ep01_terrain=10; ep01_population=95. Sources: osm_overpass, ghsl_pop_100m_r2023a, copernicus_dem_30m.",0.687,1349.85,True,medium,ERA5 seasonal constraints proxy (ref 1991-2020) | snow_months=2 | extreme_precip_months=0 | max_snowfall=0.1mm/day | source=copernicus_era5,False,0,medium,"0 waterway(s), major river barrier: no",11,0,0,medium,"11 hospital/clinic, 0 prison, 0 care home within EPZ",,,,2026-04-20 21:28:49.986110+00:00,audit_postlogging_20260421,True,10.0,,,,api,merge_phase2_20260421
TR,Habaş power station,80179871-04fa-4806-9385-caf739b8a171,39.8,61.9,90.0,95.0,35.0,high,"DRV-02 composite: 39.8/100 (FEASIBLE). Sub-scores: ep01_roads=0; ep01_special_pop=90; ep01_geography=95; ep01_terrain=30; ep01_population=35. Sources: osm_overpass, ghsl_pop_100m_r2023a, copernicus_dem_30m.",0.665,1305.55,True,medium,ERA5 seasonal constraints proxy (ref 1991-2020) | snow_months=0 | extreme_precip_months=0 | max_snowfall=0.0mm/day | source=copernicus_era5,False,0,medium,"0 waterway(s), major river barrier: no",10,12,0,medium,"10 hospital/clinic, 12 prison, 0 care home within EPZ (total 22 facilities). Source: OSM Overpass [FIX-05 amenities]",,,,2026-04-20 21:28:49.996788+00:00,audit_postlogging_20260421,True,30.0,,,,api,merge_phase2_20260421
TR,Hakan Enerji power station,adeb10a5-aaae-4e2c-b426-3db1c3d9bd5b,24.8,45.6,10.0,95.0,35.0,high,"DRV-02 composite: 24.8/100 (NOT FEASIBLE). Sub-scores: ep01_roads=0; ep01_special_pop=10; ep01_geography=95; ep01_terrain=10; ep01_population=35. Sources: osm_overpass, ghsl_pop_100m_r2023a, copernicus_dem_30m.",0.394,773.08,True,medium,ERA5 seasonal constraints proxy (ref 1991-2020) | snow_months=0 | extreme_precip_months=0 | max_snowfall=0.0mm/day | source=copernicus_era5,False,0,medium,"0 waterway(s), major river barrier: no",18,1,0,medium,"18 hospital/clinic, 1 prison, 0 care home within EPZ",,,,2026-04-20 21:28:50.006426+00:00,audit_postlogging_20260421,False,10.0,,,,api,merge_phase2_20260421
TR,Hakan Kömür power station,82aac38c-3037-466c-9b37-bff9da707645,22.2,61.8,90.0,10.0,17.8,high,"DRV-02 composite: 22.2/100 (NOT FEASIBLE). Sub-scores: ep01_roads=0; ep01_special_pop=90; ep01_geography=10; ep01_terrain=10; ep01_population=18. Sources: osm_overpass, ghsl_pop_100m_r2023a, copernicus_dem_30m.",0.663,1301.86,True,medium,ERA5 seasonal constraints proxy (ref 1991-2020) | snow_months=0 | extreme_precip_months=0 | max_snowfall=0.0mm/day | source=copernicus_era5,True,35,medium,"35 waterway(s), major river barrier: yes",23,3,0,medium,"23 hospital/clinic, 3 prison, 0 care home within EPZ (total 26 facilities). Source: OSM Overpass [FIX-05 amenities]",,,,2026-04-20 21:28:50.017426+00:00,audit_postlogging_20260421,False,10.0,,,,api,merge_phase2_20260421
TR,Hande power station,e10aae79-05b7-4ad9-9d69-60ce190b4444,28.8,37.8,90.0,95.0,12.4,high,"DRV-02 composite: 28.8/100 (NOT FEASIBLE). Sub-scores: ep01_roads=0; ep01_special_pop=90; ep01_geography=95; ep01_terrain=10; ep01_population=12. Sources: osm_overpass, ghsl_pop_100m_r2023a, copernicus_dem_30m.",0.278,545.88,True,medium,ERA5 seasonal constraints proxy (ref 1991-2020) | snow_months=0 | extreme_precip_months=0 | max_snowfall=0.0mm/day | source=copernicus_era5,False,0,medium,"0 waterway(s), major river barrier: no",8,0,0,medium,"8 hospital/clinic, 0 prison, 0 care home within EPZ (total 8 facilities). Source: OSM Overpass [FIX-05 amenities]",,,,2026-04-20 21:28:50.029062+00:00,audit_postlogging_20260421,False,10.0,,,,api,merge_phase2_20260421
TR,Helvacı power station,e0e73325-5b32-4fef-b925-f0bb91114450,63.7,57.6,90.0,10.0,95.0,high,"DRV-02 composite: 63.6/100 (FEASIBLE). Sub-scores: ep01_roads=58; ep01_special_pop=90; ep01_geography=10; ep01_terrain=10; ep01_population=95. Sources: osm_overpass, ghsl_pop_100m_r2023a, copernicus_dem_30m.",0.594,1166.53,True,medium,ERA5 seasonal constraints proxy (ref 1991-2020) | snow_months=2 | extreme_precip_months=0 | max_snowfall=0.2mm/day | source=copernicus_era5,True,17,medium,"17 waterway(s), major river barrier: yes",6,0,0,medium,"6 hospital/clinic, 0 prison, 0 care home within EPZ (total 6 facilities). Source: OSM Overpass [FIX-05 amenities]",,,,2026-04-20 21:28:50.039300+00:00,audit_postlogging_20260421,True,10.0,,,,api,merge_phase2_20260421
TR,HEMA Amasra power station,0947a4c8-4fc1-492f-9c66-2c9a993c7fb0,44.0,46.1,90.0,10.0,80.0,high,"DRV-02 composite: 44.0/100 (FEASIBLE). Sub-scores: ep01_roads=0; ep01_special_pop=90; ep01_geography=10; ep01_terrain=10; ep01_population=80. Sources: osm_overpass, ghsl_pop_100m_r2023a, copernicus_dem_30m.",0.401,787.26,True,medium,ERA5 seasonal constraints proxy (ref 1991-2020) | snow_months=0 | extreme_precip_months=0 | max_snowfall=0.1mm/day | source=copernicus_era5,True,25,medium,"25 waterway(s), major river barrier: yes",6,1,0,medium,"6 hospital/clinic, 1 prison, 0 care home within EPZ (total 7 facilities). Source: OSM Overpass [FIX-05 amenities]",,,,2026-04-20 21:28:50.049862+00:00,audit_postlogging_20260421,True,10.0,,,,api,merge_phase2_20260421
TR,İÇDAŞ Bekirli power station,cc635340-954c-4428-9fa1-14383c7faceb,57.8,45.5,90.0,95.0,95.0,high,"DRV-02 composite: 57.8/100 (FEASIBLE). Sub-scores: ep01_roads=0; ep01_special_pop=90; ep01_geography=95; ep01_terrain=10; ep01_population=95. Sources: osm_overpass, ghsl_pop_100m_r2023a, copernicus_dem_30m.",0.392,768.82,True,medium,ERA5 seasonal constraints proxy (ref 1991-2020) | snow_months=0 | extreme_precip_months=0 | max_snowfall=0.1mm/day | source=copernicus_era5,False,0,medium,"0 waterway(s), major river barrier: no",5,0,0,medium,"5 hospital/clinic, 0 prison, 0 care home within EPZ (total 5 facilities). Source: OSM Overpass [FIX-05 amenities]",,,,2026-04-20 21:28:50.063184+00:00,audit_postlogging_20260421,True,10.0,,,,api,merge_phase2_20260421
TR,İÇDAŞ Biga power station,746fc66e-d31f-4c5d-bf5c-ab5031b04b15,52.5,40.2,90.0,95.0,80.0,high,"DRV-02 composite: 52.5/100 (FEASIBLE). Sub-scores: ep01_roads=0; ep01_special_pop=90; ep01_geography=95; ep01_terrain=10; ep01_population=80. Sources: osm_overpass, ghsl_pop_100m_r2023a, copernicus_dem_30m.",0.303,595.1,True,medium,ERA5 seasonal constraints proxy (ref 1991-2020) | snow_months=0 | extreme_precip_months=0 | max_snowfall=0.1mm/day | source=copernicus_era5,False,0,medium,"0 waterway(s), major river barrier: no",5,0,0,medium,"5 hospital/clinic, 0 prison, 0 care home within EPZ (total 5 facilities). Source: OSM Overpass [FIX-05 amenities]",,,,2026-04-20 21:28:50.073686+00:00,audit_postlogging_20260421,True,10.0,,,,api,merge_phase2_20260421
TR,Ilgın power station,47c1271c-e2b2-42f5-99ee-f616bbef5b7e,38.0,46.8,40.0,95.0,60.0,high,"DRV-02 composite: 38.0/100 (FEASIBLE). Sub-scores: ep01_roads=0; ep01_special_pop=40; ep01_geography=95; ep01_terrain=10; ep01_population=60. Sources: osm_overpass, ghsl_pop_100m_r2023a, copernicus_dem_30m.",0.414,813.08,True,medium,ERA5 seasonal constraints proxy (ref 1991-2020) | snow_months=0 | extreme_precip_months=0 | max_snowfall=0.1mm/day | source=copernicus_era5,False,0,medium,"0 waterway(s), major river barrier: no",3,0,0,medium,"3 hospital/clinic, 0 prison, 0 care home within EPZ",,,,2026-04-20 21:28:50.085207+00:00,audit_postlogging_20260421,True,10.0,,,,api,merge_phase2_20260421
TR,Irmak power station,3819acc8-761d-49ba-89e7-967d3d37ec0e,52.5,67.1,90.0,95.0,80.0,high,"DRV-02 composite: 52.5/100 (FEASIBLE). Sub-scores: ep01_roads=0; ep01_special_pop=90; ep01_geography=95; ep01_terrain=10; ep01_population=80. Sources: osm_overpass, ghsl_pop_100m_r2023a, copernicus_dem_30m.",0.751,1474.36,True,medium,ERA5 seasonal constraints proxy (ref 1991-2020) | snow_months=0 | extreme_precip_months=0 | max_snowfall=0.0mm/day | source=copernicus_era5,False,0,medium,"0 waterway(s), major river barrier: no",9,0,0,medium,"9 hospital/clinic, 0 prison, 0 care home within EPZ (total 9 facilities). Source: OSM Overpass [FIX-05 amenities]",,,,2026-04-20 21:28:50.098014+00:00,audit_postlogging_20260421,True,10.0,,,,api,merge_phase2_20260421
TR,İsken Sugözü power station,6ddc2960-3d72-4d5f-b358-56d1c54f47e0,36.8,44.4,90.0,95.0,35.0,high,"DRV-02 composite: 36.8/100 (FEASIBLE). Sub-scores: ep01_roads=0; ep01_special_pop=90; ep01_geography=95; ep01_terrain=10; ep01_population=35. Sources: osm_overpass, ghsl_pop_100m_r2023a, copernicus_dem_30m.",0.373,733.08,True,medium,ERA5 seasonal constraints proxy (ref 1991-2020) | snow_months=0 | extreme_precip_months=0 | max_snowfall=0.0mm/day | source=copernicus_era5,False,0,medium,"0 waterway(s), major river barrier: no",18,1,0,medium,"18 hospital/clinic, 1 prison, 0 care home within EPZ (total 19 facilities). Source: OSM Overpass [FIX-05 amenities]",,,,2026-04-20 21:28:50.110593+00:00,audit_postlogging_20260421,True,10.0,,,,api,merge_phase2_20260421
TR,İskenderun power station,1624a526-07d8-44a4-8ed7-3b035b748f03,21.5,56.8,90.0,35.0,0.0,high,"DRV-02 composite: 21.5/100 (NOT FEASIBLE). Sub-scores: ep01_roads=0; ep01_special_pop=90; ep01_geography=35; ep01_terrain=30; ep01_population=0. Sources: osm_overpass, ghsl_pop_100m_r2023a, copernicus_dem_30m.",0.58,1137.93,True,medium,ERA5 seasonal constraints proxy (ref 1991-2020) | snow_months=0 | extreme_precip_months=1 | max_snowfall=0.0mm/day | source=copernicus_era5,True,4,medium,"4 waterway(s), major river barrier: yes",25,2,0,medium,"25 hospital/clinic, 2 prison, 0 care home within EPZ (total 27 facilities). Source: OSM Overpass [FIX-05 amenities]",,,,2026-04-20 21:28:50.122502+00:00,audit_postlogging_20260421,False,30.0,,,,api,merge_phase2_20260421
TR,İzdemir Enerji power station,d19ed873-b20a-43fd-b7e8-62e985c88820,48.5,60.3,90.0,95.0,60.0,high,"DRV-02 composite: 48.5/100 (FEASIBLE). Sub-scores: ep01_roads=0; ep01_special_pop=90; ep01_geography=95; ep01_terrain=30; ep01_population=60. Sources: osm_overpass, ghsl_pop_100m_r2023a, copernicus_dem_30m.",0.639,1255.45,True,medium,ERA5 seasonal constraints proxy (ref 1991-2020) | snow_months=0 | extreme_precip_months=0 | max_snowfall=0.0mm/day | source=copernicus_era5,False,0,medium,"0 waterway(s), major river barrier: no",9,12,0,medium,"9 hospital/clinic, 12 prison, 0 care home within EPZ (total 21 facilities). Source: OSM Overpass [FIX-05 amenities]",,,,2026-04-20 21:28:50.134380+00:00,audit_postlogging_20260421,True,30.0,,,,api,merge_phase2_20260421
TR,Iztek Ceyhan Komur power station,56b8e2a3-1885-431f-9fd1-4cd3bebfad61,30.7,61.8,90.0,95.0,17.8,high,"DRV-02 composite: 30.7/100 (FEASIBLE). Sub-scores: ep01_roads=0; ep01_special_pop=90; ep01_geography=95; ep01_terrain=10; ep01_population=18. Sources: osm_overpass, ghsl_pop_100m_r2023a, copernicus_dem_30m.",0.663,1301.86,True,medium,ERA5 seasonal constraints proxy (ref 1991-2020) | snow_months=0 | extreme_precip_months=0 | max_snowfall=0.0mm/day | source=copernicus_era5,False,0,medium,"0 waterway(s), major river barrier: no",23,3,0,medium,"23 hospital/clinic, 3 prison, 0 care home within EPZ (total 26 facilities). Source: OSM Overpass [FIX-05 amenities]",,,,2026-04-20 21:28:50.146537+00:00,audit_postlogging_20260421,True,10.0,,,,api,merge_phase2_20260421
TR,Kahramanmaraş Anadolu power station,55cfe45b-6357-40f9-8623-e9916f91f839,70.4,50.7,90.0,95.0,95.0,high,"DRV-02 composite: 70.4/100 (FEASIBLE). Sub-scores: ep01_roads=51; ep01_special_pop=90; ep01_geography=95; ep01_terrain=10; ep01_population=95. Sources: osm_overpass, ghsl_pop_100m_r2023a, copernicus_dem_30m.",0.479,940.89,True,medium,ERA5 seasonal constraints proxy (ref 1991-2020) | snow_months=3 | extreme_precip_months=0 | max_snowfall=0.2mm/day | source=copernicus_era5,False,0,medium,"0 waterway(s), major river barrier: no",7,0,0,medium,"7 hospital/clinic, 0 prison, 0 care home within EPZ (total 7 facilities). Source: OSM Overpass [FIX-05 amenities]",,,,2026-04-20 21:28:50.159358+00:00,audit_postlogging_20260421,True,10.0,,,,api,merge_phase2_20260421
TR,Kandilli power station,ca423571-d2ab-44d4-b5ce-3e649d9cc776,57.8,52.7,90.0,95.0,95.0,high,"DRV-02 composite: 57.8/100 (FEASIBLE). Sub-scores: ep01_roads=0; ep01_special_pop=90; ep01_geography=95; ep01_terrain=10; ep01_population=95. Sources: osm_overpass, ghsl_pop_100m_r2023a, copernicus_dem_30m.",0.512,1004.71,True,medium,ERA5 seasonal constraints proxy (ref 1991-2020) | snow_months=2 | extreme_precip_months=0 | max_snowfall=0.1mm/day | source=copernicus_era5,False,0,medium,"0 waterway(s), major river barrier: no",10,1,0,medium,"10 hospital/clinic, 1 prison, 0 care home within EPZ (total 11 facilities). Source: OSM Overpass [FIX-05 amenities]",,,,2026-04-20 21:28:50.171587+00:00,audit_postlogging_20260421,True,10.0,,,,api,merge_phase2_20260421
TR,Kangal Etyemez power station,bfadbe66-971d-4f64-b222-604a7ee6ac6b,45.8,39.9,10.0,95.0,95.0,high,"DRV-02 composite: 45.8/100 (FEASIBLE). Sub-scores: ep01_roads=0; ep01_special_pop=10; ep01_geography=95; ep01_terrain=10; ep01_population=95. Sources: osm_overpass, ghsl_pop_100m_r2023a, copernicus_dem_30m.",0.299,587.41,True,medium,ERA5 seasonal constraints proxy (ref 1991-2020) | snow_months=3 | extreme_precip_months=0 | max_snowfall=0.1mm/day | source=copernicus_era5,False,0,medium,"0 waterway(s), major river barrier: no",2,1,0,medium,"2 hospital/clinic, 1 prison, 0 care home within EPZ",,,,2026-04-20 21:28:50.183177+00:00,audit_postlogging_20260421,True,10.0,,,,api,merge_phase2_20260421
TR,Kangal power station,0248611c-b745-404f-ad50-c2870882c7a1,57.8,39.9,90.0,95.0,95.0,high,"DRV-02 composite: 57.8/100 (FEASIBLE). Sub-scores: ep01_roads=0; ep01_special_pop=90; ep01_geography=95; ep01_terrain=10; ep01_population=95. Sources: osm_overpass, ghsl_pop_100m_r2023a, copernicus_dem_30m.",0.299,587.41,True,medium,ERA5 seasonal constraints proxy (ref 1991-2020) | snow_months=3 | extreme_precip_months=0 | max_snowfall=0.1mm/day | source=copernicus_era5,False,0,medium,"0 waterway(s), major river barrier: no",2,1,0,medium,"2 hospital/clinic, 1 prison, 0 care home within EPZ (total 3 facilities). Source: OSM Overpass [FIX-05 amenities]",,,,2026-04-20 21:28:50.193905+00:00,audit_postlogging_20260421,True,10.0,,,,api,merge_phase2_20260421
TR,Karaburun power station,0fec985c-c66e-40af-a123-a9ba4db269bb,57.8,41.5,90.0,95.0,95.0,high,"DRV-02 composite: 57.8/100 (FEASIBLE). Sub-scores: ep01_roads=0; ep01_special_pop=90; ep01_geography=95; ep01_terrain=10; ep01_population=95. Sources: osm_overpass, ghsl_pop_100m_r2023a, copernicus_dem_30m.",0.325,638.42,True,medium,ERA5 seasonal constraints proxy (ref 1991-2020) | snow_months=0 | extreme_precip_months=0 | max_snowfall=0.1mm/day | source=copernicus_era5,False,0,medium,"0 waterway(s), major river barrier: no",10,0,0,medium,"10 hospital/clinic, 0 prison, 0 care home within EPZ (total 10 facilities). Source: OSM Overpass [FIX-05 amenities]",,,,2026-04-20 21:28:50.204282+00:00,audit_postlogging_20260421,True,10.0,,,,api,merge_phase2_20260421
TR,Karapinar Konya Şeker power station,a6478cb9-5b8c-4d64-bbe6-3d3ed6a3da2c,48.5,42.2,90.0,95.0,60.0,high,"DRV-02 composite: 48.5/100 (FEASIBLE). Sub-scores: ep01_roads=0; ep01_special_pop=90; ep01_geography=95; ep01_terrain=30; ep01_population=60. Sources: osm_overpass, ghsl_pop_100m_r2023a, copernicus_dem_30m.",0.337,662.41,True,medium,ERA5 seasonal constraints proxy (ref 1991-2020) | snow_months=0 | extreme_precip_months=0 | max_snowfall=0.1mm/day | source=copernicus_era5,False,0,medium,"0 waterway(s), major river barrier: no",1,0,0,medium,"1 hospital/clinic, 0 prison, 0 care home within EPZ (total 1 facilities). Source: OSM Overpass [FIX-05 amenities]",,,,2026-04-20 21:28:50.214621+00:00,audit_postlogging_20260421,True,30.0,,,,api,merge_phase2_20260421
TR,Kardemir Karabük Demir Çelik power station,8dd46a05-6e0c-4009-90ad-bd5909c25622,52.5,56.3,90.0,95.0,80.0,high,"DRV-02 composite: 52.5/100 (FEASIBLE). Sub-scores: ep01_roads=0; ep01_special_pop=90; ep01_geography=95; ep01_terrain=10; ep01_population=80. Sources: osm_overpass, ghsl_pop_100m_r2023a, copernicus_dem_30m.",0.572,1123.4,True,medium,ERA5 seasonal constraints proxy (ref 1991-2020) | snow_months=0 | extreme_precip_months=0 | max_snowfall=0.1mm/day | source=copernicus_era5,False,0,medium,"0 waterway(s), major river barrier: no",14,1,0,medium,"14 hospital/clinic, 1 prison, 0 care home within EPZ (total 15 facilities). Source: OSM Overpass [FIX-05 amenities]",,,,2026-04-20 21:28:50.226763+00:00,audit_postlogging_20260421,True,10.0,,,,api,merge_phase2_20260421
TR,Kemerköy power station,8e7f6abf-e420-4f40-b9da-9ea76ccedfb1,50.8,24.1,90.0,25.0,95.0,high,"DRV-02 composite: 50.8/100 (FEASIBLE). Sub-scores: ep01_roads=0; ep01_special_pop=90; ep01_geography=25; ep01_terrain=10; ep01_population=95. Sources: osm_overpass, ghsl_pop_100m_r2023a, copernicus_dem_30m.",0.241,472.6,False,medium,ERA5 seasonal constraints proxy (ref 1991-2020) | snow_months=0 | extreme_precip_months=2 | max_snowfall=0.0mm/day | source=copernicus_era5,True,6,medium,"6 waterway(s), major river barrier: yes",0,1,0,medium,"0 hospital/clinic, 1 prison, 0 care home within EPZ (total 1 facilities). Source: OSM Overpass [FIX-05 amenities]",,,,2026-04-20 21:28:50.237385+00:00,audit_postlogging_20260421,True,10.0,,,,api,merge_phase2_20260421
TR,Kilikya power station,d21335d4-0a3d-4464-85e0-352745a38db4,24.8,42.2,10.0,95.0,35.0,high,"DRV-02 composite: 24.8/100 (NOT FEASIBLE). Sub-scores: ep01_roads=0; ep01_special_pop=10; ep01_geography=95; ep01_terrain=10; ep01_population=35. Sources: osm_overpass, ghsl_pop_100m_r2023a, copernicus_dem_30m.",0.337,660.87,True,medium,ERA5 seasonal constraints proxy (ref 1991-2020) | snow_months=0 | extreme_precip_months=0 | max_snowfall=0.0mm/day | source=copernicus_era5,False,0,medium,"0 waterway(s), major river barrier: no",18,1,0,medium,"18 hospital/clinic, 1 prison, 0 care home within EPZ",,,,2026-04-20 21:28:50.250666+00:00,audit_postlogging_20260421,False,10.0,,,,api,merge_phase2_20260421
TR,Kipas MMP power station,cf918ba6-6226-479f-b04c-b3c67885c0ba,22.8,64.6,90.0,10.0,19.4,high,"DRV-02 composite: 22.8/100 (NOT FEASIBLE). Sub-scores: ep01_roads=0; ep01_special_pop=90; ep01_geography=10; ep01_terrain=10; ep01_population=19. Sources: osm_overpass, ghsl_pop_100m_r2023a, copernicus_dem_30m.",0.71,1394.16,True,medium,ERA5 seasonal constraints proxy (ref 1991-2020) | snow_months=0 | extreme_precip_months=0 | max_snowfall=0.0mm/day | source=copernicus_era5,True,53,medium,"53 waterway(s), major river barrier: yes",9,3,1,medium,"9 hospital/clinic, 3 prison, 1 care home within EPZ (total 13 facilities). Source: OSM Overpass [FIX-05 amenities]",,,,2026-04-20 21:28:50.262339+00:00,audit_postlogging_20260421,False,10.0,,,,api,merge_phase2_20260421
TR,Kirazlıdere power complex,d020ac37-4f23-41b1-8f1e-b425b5769424,69.7,47.9,90.0,95.0,95.0,high,"DRV-02 composite: 69.7/100 (FEASIBLE). Sub-scores: ep01_roads=48; ep01_special_pop=90; ep01_geography=95; ep01_terrain=10; ep01_population=95. Sources: osm_overpass, ghsl_pop_100m_r2023a, copernicus_dem_30m.",0.431,845.46,True,medium,ERA5 seasonal constraints proxy (ref 1991-2020) | snow_months=0 | extreme_precip_months=0 | max_snowfall=0.1mm/day | source=copernicus_era5,False,0,medium,"0 waterway(s), major river barrier: no",3,0,0,medium,"3 hospital/clinic, 0 prison, 0 care home within EPZ (total 3 facilities). Source: OSM Overpass [FIX-05 amenities]",,,,2026-04-20 21:28:50.272396+00:00,audit_postlogging_20260421,True,10.0,,,,api,merge_phase2_20260421
TR,Kireçlik power station,76cd9b7f-7613-4fd4-95ab-bf534a2e2f5e,71.5,55.0,90.0,95.0,95.0,high,"DRV-02 composite: 71.5/100 (FEASIBLE). Sub-scores: ep01_roads=55; ep01_special_pop=90; ep01_geography=95; ep01_terrain=10; ep01_population=95. Sources: osm_overpass, ghsl_pop_100m_r2023a, copernicus_dem_30m.",0.55,1079.06,True,medium,ERA5 seasonal constraints proxy (ref 1991-2020) | snow_months=2 | extreme_precip_months=0 | max_snowfall=0.1mm/day | source=copernicus_era5,False,0,medium,"0 waterway(s), major river barrier: no",16,1,0,medium,"16 hospital/clinic, 1 prison, 0 care home within EPZ (total 17 facilities). Source: OSM Overpass [FIX-05 amenities]",,,,2026-04-20 21:28:50.283994+00:00,audit_postlogging_20260421,True,10.0,,,,api,merge_phase2_20260421
TR,Kınık power station,7defe42d-669b-489f-aff5-d1b83436607d,52.3,72.3,90.0,10.0,95.0,high,"DRV-02 composite: 52.2/100 (FEASIBLE). Sub-scores: ep01_roads=0; ep01_special_pop=90; ep01_geography=10; ep01_terrain=30; ep01_population=95. Sources: osm_overpass, ghsl_pop_100m_r2023a, copernicus_dem_30m.",0.894,1756.2,True,medium,ERA5 seasonal constraints proxy (ref 1991-2020) | snow_months=0 | extreme_precip_months=0 | max_snowfall=0.1mm/day | source=copernicus_era5,True,14,medium,"14 waterway(s), major river barrier: yes",22,3,0,medium,"22 hospital/clinic, 3 prison, 0 care home within EPZ (total 25 facilities). Source: OSM Overpass [FIX-05 amenities]",,,,2026-04-20 21:28:50.298553+00:00,audit_postlogging_20260421,True,30.0,,,,api,merge_phase2_20260421
TR,Kıvanç power station,5b6be56c-d981-470c-a979-13a8764a34b8,64.8,49.3,90.0,95.0,80.0,high,"DRV-02 composite: 64.8/100 (FEASIBLE). Sub-scores: ep01_roads=49; ep01_special_pop=90; ep01_geography=95; ep01_terrain=10; ep01_population=80. Sources: osm_overpass, ghsl_pop_100m_r2023a, copernicus_dem_30m.",0.455,892.71,True,medium,ERA5 seasonal constraints proxy (ref 1991-2020) | snow_months=0 | extreme_precip_months=2 | max_snowfall=0.0mm/day | source=copernicus_era5,False,0,medium,"0 waterway(s), major river barrier: no",5,1,0,medium,"5 hospital/clinic, 1 prison, 0 care home within EPZ (total 6 facilities). Source: OSM Overpass [FIX-05 amenities]",,,,2026-04-20 21:28:50.310480+00:00,audit_postlogging_20260421,True,10.0,,,,api,merge_phase2_20260421
TR,Konya Karapınar power station,ad0c8590-c672-43f2-a813-1217a10f7d2d,57.8,42.6,90.0,95.0,95.0,high,"DRV-02 composite: 57.8/100 (FEASIBLE). Sub-scores: ep01_roads=0; ep01_special_pop=90; ep01_geography=95; ep01_terrain=10; ep01_population=95. Sources: osm_overpass, ghsl_pop_100m_r2023a, copernicus_dem_30m.",0.344,674.9,True,medium,ERA5 seasonal constraints proxy (ref 1991-2020) | snow_months=0 | extreme_precip_months=0 | max_snowfall=0.1mm/day | source=copernicus_era5,False,0,medium,"0 waterway(s), major river barrier: no",1,0,0,medium,"1 hospital/clinic, 0 prison, 0 care home within EPZ (total 1 facilities). Source: OSM Overpass [FIX-05 amenities]",,,,2026-04-20 21:28:50.322878+00:00,audit_postlogging_20260421,True,10.0,,,,api,merge_phase2_20260421
TR,Kütahya Domaniç power station,2a3aad60-2bff-4206-8275-f6e2029f9278,40.5,43.9,10.0,95.0,80.0,high,"DRV-02 composite: 40.5/100 (FEASIBLE). Sub-scores: ep01_roads=0; ep01_special_pop=10; ep01_geography=95; ep01_terrain=10; ep01_population=80. Sources: osm_overpass, ghsl_pop_100m_r2023a, copernicus_dem_30m.",0.365,716.55,True,medium,ERA5 seasonal constraints proxy (ref 1991-2020) | snow_months=2 | extreme_precip_months=0 | max_snowfall=0.1mm/day | source=copernicus_era5,False,0,medium,"0 waterway(s), major river barrier: no",1,1,0,medium,"1 hospital/clinic, 1 prison, 0 care home within EPZ",,,,2026-04-20 21:28:50.334709+00:00,audit_postlogging_20260421,True,10.0,,,,api,merge_phase2_20260421
TR,Lüminer Enerji power station,bac4a081-83dc-4aba-8076-b67bfc55f54c,48.5,60.0,90.0,95.0,60.0,high,"DRV-02 composite: 48.5/100 (FEASIBLE). Sub-scores: ep01_roads=0; ep01_special_pop=90; ep01_geography=95; ep01_terrain=30; ep01_population=60. Sources: osm_overpass, ghsl_pop_100m_r2023a, copernicus_dem_30m.",0.634,1245.43,True,medium,ERA5 seasonal constraints proxy (ref 1991-2020) | snow_months=0 | extreme_precip_months=0 | max_snowfall=0.1mm/day | source=copernicus_era5,False,0,medium,"0 waterway(s), major river barrier: no",13,0,0,medium,"13 hospital/clinic, 0 prison, 0 care home within EPZ (total 13 facilities). Source: OSM Overpass [FIX-05 amenities]",,,,2026-04-20 21:28:50.348043+00:00,audit_postlogging_20260421,True,30.0,,,,api,merge_phase2_20260421
TR,Meda power station,c8e1cc12-080a-4e01-925d-8fd6e4334856,64.1,46.3,90.0,95.0,80.0,high,"DRV-02 composite: 64.1/100 (FEASIBLE). Sub-scores: ep01_roads=46; ep01_special_pop=90; ep01_geography=95; ep01_terrain=10; ep01_population=80. Sources: osm_overpass, ghsl_pop_100m_r2023a, copernicus_dem_30m.",0.405,795.07,True,medium,ERA5 seasonal constraints proxy (ref 1991-2020) | snow_months=0 | extreme_precip_months=0 | max_snowfall=0.1mm/day | source=copernicus_era5,False,0,medium,"0 waterway(s), major river barrier: no",45,2,0,medium,"45 hospital/clinic, 2 prison, 0 care home within EPZ (total 47 facilities). Source: OSM Overpass [FIX-05 amenities]",,,,2026-04-20 21:28:50.361887+00:00,audit_postlogging_20260421,True,10.0,,,,api,merge_phase2_20260421
TR,Mersin Gülnar power station,1820429d-bd95-4e56-a6db-d9bb57e2ae07,52.5,48.7,90.0,95.0,80.0,high,"DRV-02 composite: 52.5/100 (FEASIBLE). Sub-scores: ep01_roads=0; ep01_special_pop=90; ep01_geography=95; ep01_terrain=10; ep01_population=80. Sources: osm_overpass, ghsl_pop_100m_r2023a, copernicus_dem_30m.",0.445,873.87,True,medium,ERA5 seasonal constraints proxy (ref 1991-2020) | snow_months=0 | extreme_precip_months=2 | max_snowfall=0.0mm/day | source=copernicus_era5,False,0,medium,"0 waterway(s), major river barrier: no",5,1,0,medium,"5 hospital/clinic, 1 prison, 0 care home within EPZ (total 6 facilities). Source: OSM Overpass [FIX-05 amenities]",,,,2026-04-20 21:28:50.374653+00:00,audit_postlogging_20260421,True,10.0,,,,api,merge_phase2_20260421
TR,Mert power station,42d5b3fd-7d07-409b-9154-4441695b7901,52.5,60.6,90.0,95.0,80.0,high,"DRV-02 composite: 52.5/100 (FEASIBLE). Sub-scores: ep01_roads=0; ep01_special_pop=90; ep01_geography=95; ep01_terrain=10; ep01_population=80. Sources: osm_overpass, ghsl_pop_100m_r2023a, copernicus_dem_30m.",0.644,1264.06,True,medium,ERA5 seasonal constraints proxy (ref 1991-2020) | snow_months=0 | extreme_precip_months=0 | max_snowfall=0.1mm/day | source=copernicus_era5,False,0,medium,"0 waterway(s), major river barrier: no",33,2,0,medium,"33 hospital/clinic, 2 prison, 0 care home within EPZ (total 35 facilities). Source: OSM Overpass [FIX-05 amenities]",,,,2026-04-20 21:28:50.386336+00:00,audit_postlogging_20260421,True,10.0,,,,api,merge_phase2_20260421
TR,METES power station,166f5fcc-1cc4-4cf5-9e52-59e7ce1557c6,49.3,44.6,90.0,10.0,95.0,high,"DRV-02 composite: 49.2/100 (FEASIBLE). Sub-scores: ep01_roads=0; ep01_special_pop=90; ep01_geography=10; ep01_terrain=10; ep01_population=95. Sources: osm_overpass, ghsl_pop_100m_r2023a, copernicus_dem_30m.",0.377,740.9,True,medium,ERA5 seasonal constraints proxy (ref 1991-2020) | snow_months=0 | extreme_precip_months=2 | max_snowfall=0.0mm/day | source=copernicus_era5,True,10,medium,"10 waterway(s), major river barrier: yes",6,1,0,medium,"6 hospital/clinic, 1 prison, 0 care home within EPZ (total 7 facilities). Source: OSM Overpass [FIX-05 amenities]",,,,2026-04-20 21:28:50.397806+00:00,audit_postlogging_20260421,True,10.0,,,,api,merge_phase2_20260421
TR,Misis Adana power station,b588126a-42d6-49dc-b227-9283af5a2578,36.8,46.8,90.0,95.0,35.0,high,"DRV-02 composite: 36.8/100 (FEASIBLE). Sub-scores: ep01_roads=0; ep01_special_pop=90; ep01_geography=95; ep01_terrain=10; ep01_population=35. Sources: osm_overpass, ghsl_pop_100m_r2023a, copernicus_dem_30m.",0.414,813.33,True,medium,ERA5 seasonal constraints proxy (ref 1991-2020) | snow_months=0 | extreme_precip_months=0 | max_snowfall=0.0mm/day | source=copernicus_era5,False,0,medium,"0 waterway(s), major river barrier: no",18,1,0,medium,"18 hospital/clinic, 1 prison, 0 care home within EPZ (total 19 facilities). Source: OSM Overpass [FIX-05 amenities]",,,,2026-04-20 21:28:50.409970+00:00,audit_postlogging_20260421,True,10.0,,,,api,merge_phase2_20260421
TR,Muğla power station,0049a899-af5f-41cd-86ae-2ba729b6365f,57.8,48.9,90.0,95.0,95.0,high,"DRV-02 composite: 57.8/100 (FEASIBLE). Sub-scores: ep01_roads=0; ep01_special_pop=90; ep01_geography=95; ep01_terrain=10; ep01_population=95. Sources: osm_overpass, ghsl_pop_100m_r2023a, copernicus_dem_30m.",0.449,882.35,True,medium,ERA5 seasonal constraints proxy (ref 1991-2020) | snow_months=0 | extreme_precip_months=2 | max_snowfall=0.0mm/day | source=copernicus_era5,False,0,medium,"0 waterway(s), major river barrier: no",3,1,0,medium,"3 hospital/clinic, 1 prison, 0 care home within EPZ (total 4 facilities). Source: OSM Overpass [FIX-05 amenities]",,,,2026-04-20 21:28:50.422194+00:00,audit_postlogging_20260421,True,10.0,,,,api,merge_phase2_20260421
TR,Namal power station,5ed91c1b-0a1b-4a4c-9b2b-f6bdc8ff9770,59.3,55.7,90.0,95.0,80.0,high,"DRV-02 composite: 59.2/100 (FEASIBLE). Sub-scores: ep01_roads=0; ep01_special_pop=90; ep01_geography=95; ep01_terrain=55; ep01_population=80. Sources: osm_overpass, ghsl_pop_100m_r2023a, copernicus_dem_30m.",0.562,1103.49,True,medium,ERA5 seasonal constraints proxy (ref 1991-2020) | snow_months=0 | extreme_precip_months=0 | max_snowfall=0.1mm/day | source=copernicus_era5,False,0,medium,"0 waterway(s), major river barrier: no",6,0,0,medium,"6 hospital/clinic, 0 prison, 0 care home within EPZ (total 6 facilities). Source: OSM Overpass [FIX-05 amenities]",,,,2026-04-20 21:28:50.433828+00:00,audit_postlogging_20260421,True,55.0,,,,api,merge_phase2_20260421
TR,Naren Karabiga power station,21ccc44f-3244-4e7f-9654-eae424288200,57.8,41.1,90.0,95.0,95.0,high,"DRV-02 composite: 57.8/100 (FEASIBLE). Sub-scores: ep01_roads=0; ep01_special_pop=90; ep01_geography=95; ep01_terrain=10; ep01_population=95. Sources: osm_overpass, ghsl_pop_100m_r2023a, copernicus_dem_30m.",0.318,625.12,True,medium,ERA5 seasonal constraints proxy (ref 1991-2020) | snow_months=0 | extreme_precip_months=0 | max_snowfall=0.1mm/day | source=copernicus_era5,False,0,medium,"0 waterway(s), major river barrier: no",10,0,0,medium,"10 hospital/clinic, 0 prison, 0 care home within EPZ (total 10 facilities). Source: OSM Overpass [FIX-05 amenities]",,,,2026-04-20 21:28:50.445211+00:00,audit_postlogging_20260421,True,10.0,,,,api,merge_phase2_20260421
TR,Orhaneli power station,80b922cb-9e78-49aa-9d28-1dc84b1affef,38.8,44.8,20.0,10.0,95.0,high,"DRV-02 composite: 38.8/100 (FEASIBLE). Sub-scores: ep01_roads=0; ep01_special_pop=20; ep01_geography=10; ep01_terrain=10; ep01_population=95. Sources: osm_overpass, ghsl_pop_100m_r2023a, copernicus_dem_30m.",0.546,1072.68,False,medium,ERA5 seasonal constraints proxy (ref 1991-2020) | snow_months=3 | extreme_precip_months=0 | max_snowfall=0.1mm/day | source=copernicus_era5,True,19,medium,"19 waterway(s), major river barrier: yes",3,0,0,medium,"3 hospital/clinic, 0 prison, 0 care home within EPZ",,,,2026-04-20 21:28:50.456171+00:00,audit_postlogging_20260421,True,10.0,,,,api,merge_phase2_20260421
TR,Orta Anadolu power station,f2e65fcf-afc4-4443-ac14-f15c8ffe48f3,64.5,41.9,90.0,95.0,95.0,high,"DRV-02 composite: 64.5/100 (FEASIBLE). Sub-scores: ep01_roads=0; ep01_special_pop=90; ep01_geography=95; ep01_terrain=55; ep01_population=95. Sources: osm_overpass, ghsl_pop_100m_r2023a, copernicus_dem_30m.",0.332,651.43,True,medium,ERA5 seasonal constraints proxy (ref 1991-2020) | snow_months=3 | extreme_precip_months=0 | max_snowfall=0.1mm/day | source=copernicus_era5,False,0,medium,"0 waterway(s), major river barrier: no",3,2,0,medium,"3 hospital/clinic, 2 prison, 0 care home within EPZ (total 5 facilities). Source: OSM Overpass [FIX-05 amenities]",,,,2026-04-20 21:28:50.467752+00:00,audit_postlogging_20260421,True,55.0,,,,api,merge_phase2_20260421
TR,Petkim power station,86996d34-c6e5-4097-ac28-ad2e5467f783,39.8,64.9,90.0,95.0,35.0,high,"DRV-02 composite: 39.8/100 (FEASIBLE). Sub-scores: ep01_roads=0; ep01_special_pop=90; ep01_geography=95; ep01_terrain=30; ep01_population=35. Sources: osm_overpass, ghsl_pop_100m_r2023a, copernicus_dem_30m.",0.715,1403.07,True,medium,ERA5 seasonal constraints proxy (ref 1991-2020) | snow_months=0 | extreme_precip_months=0 | max_snowfall=0.0mm/day | source=copernicus_era5,False,0,medium,"0 waterway(s), major river barrier: no",10,12,0,medium,"10 hospital/clinic, 12 prison, 0 care home within EPZ (total 22 facilities). Source: OSM Overpass [FIX-05 amenities]",,,,2026-04-20 21:28:50.479064+00:00,audit_postlogging_20260421,True,30.0,,,,api,merge_phase2_20260421
TR,Polat power station,231565d3-4f56-43ee-a357-1f4451c6fbc3,49.3,50.1,90.0,10.0,95.0,high,"DRV-02 composite: 49.2/100 (FEASIBLE). Sub-scores: ep01_roads=0; ep01_special_pop=90; ep01_geography=10; ep01_terrain=10; ep01_population=95. Sources: osm_overpass, ghsl_pop_100m_r2023a, copernicus_dem_30m.",0.468,919.6,True,medium,ERA5 seasonal constraints proxy (ref 1991-2020) | snow_months=0 | extreme_precip_months=0 | max_snowfall=0.1mm/day | source=copernicus_era5,True,12,medium,"12 waterway(s), major river barrier: yes",3,2,0,medium,"3 hospital/clinic, 2 prison, 0 care home within EPZ (total 5 facilities). Source: OSM Overpass [FIX-05 amenities]",,,,2026-04-20 21:28:50.492538+00:00,audit_postlogging_20260421,True,10.0,,,,api,merge_phase2_20260421
TR,Saltukova power station,2ed9363f-a9fe-46e5-8b92-c50b47a9077a,52.5,67.4,90.0,95.0,80.0,high,"DRV-02 composite: 52.5/100 (FEASIBLE). Sub-scores: ep01_roads=0; ep01_special_pop=90; ep01_geography=95; ep01_terrain=10; ep01_population=80. Sources: osm_overpass, ghsl_pop_100m_r2023a, copernicus_dem_30m.",0.756,1484.57,True,medium,ERA5 seasonal constraints proxy (ref 1991-2020) | snow_months=0 | extreme_precip_months=0 | max_snowfall=0.1mm/day | source=copernicus_era5,False,0,medium,"0 waterway(s), major river barrier: no",7,1,0,medium,"7 hospital/clinic, 1 prison, 0 care home within EPZ (total 8 facilities). Source: OSM Overpass [FIX-05 amenities]",,,,2026-04-20 21:28:50.505964+00:00,audit_postlogging_20260421,True,10.0,,,,api,merge_phase2_20260421
TR,Sanko Gölbaşı power station,c13aeeb7-05e5-4f00-9b4b-654e73e5150d,57.8,48.2,90.0,95.0,95.0,high,"DRV-02 composite: 57.8/100 (FEASIBLE). Sub-scores: ep01_roads=0; ep01_special_pop=90; ep01_geography=95; ep01_terrain=10; ep01_population=95. Sources: osm_overpass, ghsl_pop_100m_r2023a, copernicus_dem_30m.",0.436,856.87,True,medium,ERA5 seasonal constraints proxy (ref 1991-2020) | snow_months=3 | extreme_precip_months=2 | max_snowfall=0.2mm/day | source=copernicus_era5,False,0,medium,"0 waterway(s), major river barrier: no",6,0,0,medium,"6 hospital/clinic, 0 prison, 0 care home within EPZ (total 6 facilities). Source: OSM Overpass [FIX-05 amenities]",,,,2026-04-20 21:28:50.518641+00:00,audit_postlogging_20260421,True,10.0,,,,api,merge_phase2_20260421
TR,Sanko Yumurtalık power station,3e5f4317-6f40-44fb-bfa2-e21dc4d9922d,28.3,50.7,90.0,10.0,35.0,high,"DRV-02 composite: 28.2/100 (NOT FEASIBLE). Sub-scores: ep01_roads=0; ep01_special_pop=90; ep01_geography=10; ep01_terrain=10; ep01_population=35. Sources: osm_overpass, ghsl_pop_100m_r2023a, copernicus_dem_30m.",0.478,937.66,True,medium,ERA5 seasonal constraints proxy (ref 1991-2020) | snow_months=0 | extreme_precip_months=0 | max_snowfall=0.0mm/day | source=copernicus_era5,True,22,medium,"22 waterway(s), major river barrier: yes",18,1,0,medium,"18 hospital/clinic, 1 prison, 0 care home within EPZ (total 19 facilities). Source: OSM Overpass [FIX-05 amenities]",,,,2026-04-20 21:28:50.532430+00:00,audit_postlogging_20260421,False,10.0,,,,api,merge_phase2_20260421
TR,Saray Tekirdağ power station,db87ce6a-3802-44c5-945f-8a95d3cf111b,36.8,54.9,90.0,95.0,35.0,high,"DRV-02 composite: 36.8/100 (FEASIBLE). Sub-scores: ep01_roads=0; ep01_special_pop=90; ep01_geography=95; ep01_terrain=10; ep01_population=35. Sources: osm_overpass, ghsl_pop_100m_r2023a, copernicus_dem_30m.",0.548,1075.4,True,medium,ERA5 seasonal constraints proxy (ref 1991-2020) | snow_months=0 | extreme_precip_months=0 | max_snowfall=0.1mm/day | source=copernicus_era5,False,0,medium,"0 waterway(s), major river barrier: no",61,3,0,medium,"61 hospital/clinic, 3 prison, 0 care home within EPZ (total 64 facilities). Source: OSM Overpass [FIX-05 amenities]",,,,2026-04-20 21:28:50.545064+00:00,audit_postlogging_20260421,True,10.0,,,,api,merge_phase2_20260421
TR,Sarp Golvasi power station,d1863136-5ff4-4b4d-a9c0-6219e92d637d,57.8,60.0,90.0,95.0,95.0,high,"DRV-02 composite: 57.8/100 (FEASIBLE). Sub-scores: ep01_roads=0; ep01_special_pop=90; ep01_geography=95; ep01_terrain=10; ep01_population=95. Sources: osm_overpass, ghsl_pop_100m_r2023a, copernicus_dem_30m.",0.633,1243.43,True,medium,ERA5 seasonal constraints proxy (ref 1991-2020) | snow_months=0 | extreme_precip_months=0 | max_snowfall=0.0mm/day | source=copernicus_era5,False,0,medium,"0 waterway(s), major river barrier: no",15,0,0,medium,"15 hospital/clinic, 0 prison, 0 care home within EPZ (total 15 facilities). Source: OSM Overpass [FIX-05 amenities]",,,,2026-04-20 21:28:50.558356+00:00,audit_postlogging_20260421,True,10.0,,,,api,merge_phase2_20260421
TR,Sedef II TES power station,b5ff798e-e059-4d8b-a903-00a1fefc62ab,36.8,46.8,90.0,95.0,35.0,high,"DRV-02 composite: 36.8/100 (FEASIBLE). Sub-scores: ep01_roads=0; ep01_special_pop=90; ep01_geography=95; ep01_terrain=10; ep01_population=35. Sources: osm_overpass, ghsl_pop_100m_r2023a, copernicus_dem_30m.",0.414,813.33,True,medium,ERA5 seasonal constraints proxy (ref 1991-2020) | snow_months=0 | extreme_precip_months=0 | max_snowfall=0.0mm/day | source=copernicus_era5,False,0,medium,"0 waterway(s), major river barrier: no",18,1,0,medium,"18 hospital/clinic, 1 prison, 0 care home within EPZ (total 19 facilities). Source: OSM Overpass [FIX-05 amenities]",,,,2026-04-20 21:28:50.571219+00:00,audit_postlogging_20260421,True,10.0,,,,api,merge_phase2_20260421
TR,Selena power station,3a06636d-c742-4b72-b9cd-21a4537c331b,59.8,61.1,90.0,10.0,95.0,high,"DRV-02 composite: 59.8/100 (FEASIBLE). Sub-scores: ep01_roads=0; ep01_special_pop=90; ep01_geography=10; ep01_terrain=80; ep01_population=95. Sources: osm_overpass, ghsl_pop_100m_r2023a, copernicus_dem_30m.",0.651,1279.03,True,medium,ERA5 seasonal constraints proxy (ref 1991-2020) | snow_months=0 | extreme_precip_months=0 | max_snowfall=0.0mm/day | source=copernicus_era5,True,22,medium,"22 waterway(s), major river barrier: yes",38,2,0,medium,"38 hospital/clinic, 2 prison, 0 care home within EPZ (total 40 facilities). Source: OSM Overpass [FIX-05 amenities]",,,,2026-04-20 21:28:50.584400+00:00,audit_postlogging_20260421,True,80.0,,,,api,merge_phase2_20260421
TR,Şevketiye Lapseki power station,0ca4ff78-4113-4ad9-ac04-0fd541d42338,52.3,54.1,90.0,40.0,95.0,high,"DRV-02 composite: 52.2/100 (FEASIBLE). Sub-scores: ep01_roads=0; ep01_special_pop=90; ep01_geography=40; ep01_terrain=10; ep01_population=95. Sources: osm_overpass, ghsl_pop_100m_r2023a, copernicus_dem_30m.",0.535,1049.89,True,medium,ERA5 seasonal constraints proxy (ref 1991-2020) | snow_months=0 | extreme_precip_months=0 | max_snowfall=0.1mm/day | source=copernicus_era5,True,2,medium,"2 waterway(s), major river barrier: yes",8,0,0,medium,"8 hospital/clinic, 0 prison, 0 care home within EPZ (total 8 facilities). Source: OSM Overpass [FIX-05 amenities]",,,,2026-04-20 21:28:50.597511+00:00,audit_postlogging_20260421,True,10.0,,,,api,merge_phase2_20260421
TR,Seyitömer power station,94a5c55f-c499-41b1-81da-deaa36686399,57.8,52.1,90.0,95.0,95.0,high,"DRV-02 composite: 57.8/100 (FEASIBLE). Sub-scores: ep01_roads=0; ep01_special_pop=90; ep01_geography=95; ep01_terrain=10; ep01_population=95. Sources: osm_overpass, ghsl_pop_100m_r2023a, copernicus_dem_30m.",0.502,985.23,True,medium,ERA5 seasonal constraints proxy (ref 1991-2020) | snow_months=2 | extreme_precip_months=0 | max_snowfall=0.1mm/day | source=copernicus_era5,False,0,medium,"0 waterway(s), major river barrier: no",12,2,0,medium,"12 hospital/clinic, 2 prison, 0 care home within EPZ (total 14 facilities). Source: OSM Overpass [FIX-05 amenities]",,,,2026-04-20 21:28:50.613854+00:00,audit_postlogging_20260421,True,10.0,,,,api,merge_phase2_20260421
TR,Silopi (Şırnak) power station,e05ff795-8984-4170-9874-5355b70985b1,49.3,47.0,90.0,10.0,95.0,high,"DRV-02 composite: 49.2/100 (FEASIBLE). Sub-scores: ep01_roads=0; ep01_special_pop=90; ep01_geography=10; ep01_terrain=10; ep01_population=95. Sources: osm_overpass, ghsl_pop_100m_r2023a, copernicus_dem_30m.",0.416,816.86,True,medium,ERA5 seasonal constraints proxy (ref 1991-2020) | snow_months=0 | extreme_precip_months=3 | max_snowfall=0.1mm/day | source=copernicus_era5,True,34,medium,"34 waterway(s), major river barrier: yes",10,3,1,medium,"10 hospital/clinic, 3 prison, 1 care home within EPZ (total 14 facilities). Source: OSM Overpass [FIX-05 amenities]",,,,2026-04-20 21:28:50.625067+00:00,audit_postlogging_20260421,True,10.0,,,,api,merge_phase2_20260421
TR,Sinop Akfen power station,e03c394f-1c08-4101-b1fe-f6662fe4b424,72.1,57.4,90.0,95.0,95.0,high,"DRV-02 composite: 72.1/100 (FEASIBLE). Sub-scores: ep01_roads=57; ep01_special_pop=90; ep01_geography=95; ep01_terrain=10; ep01_population=95. Sources: osm_overpass, ghsl_pop_100m_r2023a, copernicus_dem_30m.",0.59,1159.33,True,medium,ERA5 seasonal constraints proxy (ref 1991-2020) | snow_months=0 | extreme_precip_months=0 | max_snowfall=0.1mm/day | source=copernicus_era5,False,0,medium,"0 waterway(s), major river barrier: no",4,2,0,medium,"4 hospital/clinic, 2 prison, 0 care home within EPZ (total 6 facilities). Source: OSM Overpass [FIX-05 amenities]",,,,2026-04-20 21:28:50.635909+00:00,audit_postlogging_20260421,True,10.0,,,,api,merge_phase2_20260421
TR,Şırnak Galata power station,cf9150af-0325-44d8-bbaf-493e742f2e2b,57.8,41.7,90.0,95.0,95.0,high,"DRV-02 composite: 57.8/100 (FEASIBLE). Sub-scores: ep01_roads=0; ep01_special_pop=90; ep01_geography=95; ep01_terrain=10; ep01_population=95. Sources: osm_overpass, ghsl_pop_100m_r2023a, copernicus_dem_30m.",0.328,644.36,True,medium,ERA5 seasonal constraints proxy (ref 1991-2020) | snow_months=3 | extreme_precip_months=2 | max_snowfall=0.3mm/day | source=copernicus_era5,False,0,medium,"0 waterway(s), major river barrier: no",6,1,0,medium,"6 hospital/clinic, 1 prison, 0 care home within EPZ (total 7 facilities). Source: OSM Overpass [FIX-05 amenities]",,,,2026-04-20 21:28:50.647716+00:00,audit_postlogging_20260421,True,10.0,,,,api,merge_phase2_20260421
TR,Şırnak Silopi (CİNER) power station,98019711-a8c3-424a-870e-00d4fea75ed1,57.8,48.5,90.0,95.0,95.0,high,"DRV-02 composite: 57.8/100 (FEASIBLE). Sub-scores: ep01_roads=0; ep01_special_pop=90; ep01_geography=95; ep01_terrain=10; ep01_population=95. Sources: osm_overpass, ghsl_pop_100m_r2023a, copernicus_dem_30m.",0.442,867.4,True,medium,ERA5 seasonal constraints proxy (ref 1991-2020) | snow_months=0 | extreme_precip_months=3 | max_snowfall=0.1mm/day | source=copernicus_era5,False,0,medium,"0 waterway(s), major river barrier: no",35,2,3,medium,"35 hospital/clinic, 2 prison, 3 care home within EPZ (total 40 facilities). Source: OSM Overpass [FIX-05 amenities]",,,,2026-04-20 21:28:50.658638+00:00,audit_postlogging_20260421,True,10.0,,,,api,merge_phase2_20260421
TR,Soma Kolin power station,9a6447f2-2887-4cce-a115-dc773d7f6eb1,57.8,66.9,90.0,95.0,95.0,high,"DRV-02 composite: 57.8/100 (FEASIBLE). Sub-scores: ep01_roads=0; ep01_special_pop=90; ep01_geography=95; ep01_terrain=10; ep01_population=95. Sources: osm_overpass, ghsl_pop_100m_r2023a, copernicus_dem_30m.",0.749,1470.08,True,medium,ERA5 seasonal constraints proxy (ref 1991-2020) | snow_months=0 | extreme_precip_months=0 | max_snowfall=0.1mm/day | source=copernicus_era5,False,0,medium,"0 waterway(s), major river barrier: no",7,1,0,medium,"7 hospital/clinic, 1 prison, 0 care home within EPZ (total 8 facilities). Source: OSM Overpass [FIX-05 amenities]",,,,2026-04-20 21:28:50.669296+00:00,audit_postlogging_20260421,True,10.0,,,,api,merge_phase2_20260421
TR,Soma power station,4ca3c560-6d90-4bcf-b131-4e39b6b4f0de,36.8,68.1,20.0,95.0,16.4,high,"DRV-02 composite: 36.8/100 (FEASIBLE). Sub-scores: ep01_roads=68; ep01_special_pop=20; ep01_geography=95; ep01_terrain=10; ep01_population=16. Sources: osm_overpass, ghsl_pop_100m_r2023a, copernicus_dem_30m.",0.768,1507.39,True,medium,ERA5 seasonal constraints proxy (ref 1991-2020) | snow_months=0 | extreme_precip_months=0 | max_snowfall=0.1mm/day | source=copernicus_era5,False,0,medium,"0 waterway(s), major river barrier: no",7,2,0,medium,"7 hospital/clinic, 2 prison, 0 care home within EPZ",,,,2026-04-20 21:28:50.689219+00:00,audit_postlogging_20260421,True,10.0,,,,api,merge_phase2_20260421
TR,Star Refinery Socar power station,021d1717-149a-4a32-af7b-5955ff593e45,32.0,58.1,0.0,95.0,60.0,high,"DRV-02 composite: 32.0/100 (FEASIBLE). Sub-scores: ep01_roads=0; ep01_special_pop=0; ep01_geography=95; ep01_terrain=10; ep01_population=60. Sources: osm_overpass, ghsl_pop_100m_r2023a, copernicus_dem_30m.",0.601,1179.68,True,medium,ERA5 seasonal constraints proxy (ref 1991-2020) | snow_months=0 | extreme_precip_months=0 | max_snowfall=0.0mm/day | source=copernicus_era5,False,0,medium,"0 waterway(s), major river barrier: no",9,12,0,medium,"9 hospital/clinic, 12 prison, 0 care home within EPZ",,,,2026-04-20 21:28:50.705395+00:00,audit_postlogging_20260421,True,10.0,,,,api,merge_phase2_20260421
TR,Suluova power station,96129c93-83a6-4b1c-929b-bfccba86a796,35.0,63.6,20.0,95.0,60.0,high,"DRV-02 composite: 35.0/100 (FEASIBLE). Sub-scores: ep01_roads=0; ep01_special_pop=20; ep01_geography=95; ep01_terrain=10; ep01_population=60. Sources: osm_overpass, ghsl_pop_100m_r2023a, copernicus_dem_30m.",0.693,1360.85,True,medium,ERA5 seasonal constraints proxy (ref 1991-2020) | snow_months=0 | extreme_precip_months=0 | max_snowfall=0.1mm/day | source=copernicus_era5,False,0,medium,"0 waterway(s), major river barrier: no",12,0,0,medium,"12 hospital/clinic, 0 prison, 0 care home within EPZ",,,,2026-04-20 21:28:50.718877+00:00,audit_postlogging_20260421,True,10.0,,,,api,merge_phase2_20260421
TR,Tekirdağ Malkara power station,0ada7b2a-f928-4c21-b082-4c7345094245,69.4,46.5,90.0,95.0,95.0,high,"DRV-02 composite: 69.4/100 (FEASIBLE). Sub-scores: ep01_roads=46; ep01_special_pop=90; ep01_geography=95; ep01_terrain=10; ep01_population=95. Sources: osm_overpass, ghsl_pop_100m_r2023a, copernicus_dem_30m.",0.409,803.75,True,medium,ERA5 seasonal constraints proxy (ref 1991-2020) | snow_months=0 | extreme_precip_months=0 | max_snowfall=0.1mm/day | source=copernicus_era5,False,0,medium,"0 waterway(s), major river barrier: no",4,0,0,medium,"4 hospital/clinic, 0 prison, 0 care home within EPZ (total 4 facilities). Source: OSM Overpass [FIX-05 amenities]",,,,2026-04-20 21:28:50.730056+00:00,audit_postlogging_20260421,True,10.0,,,,api,merge_phase2_20260421
TR,Teyo Tufanbeyli power station,43f99d45-6635-4392-a522-4a06445fdaf2,52.5,35.2,90.0,95.0,80.0,high,"DRV-02 composite: 52.5/100 (FEASIBLE). Sub-scores: ep01_roads=0; ep01_special_pop=90; ep01_geography=95; ep01_terrain=10; ep01_population=80. Sources: osm_overpass, ghsl_pop_100m_r2023a, copernicus_dem_30m.",0.252,494.71,True,medium,ERA5 seasonal constraints proxy (ref 1991-2020) | snow_months=4 | extreme_precip_months=0 | max_snowfall=0.2mm/day | source=copernicus_era5,False,0,medium,"0 waterway(s), major river barrier: no",3,1,0,medium,"3 hospital/clinic, 1 prison, 0 care home within EPZ (total 4 facilities). Source: OSM Overpass [FIX-05 amenities]",,,,2026-04-20 21:28:50.740967+00:00,audit_postlogging_20260421,True,10.0,,,,api,merge_phase2_20260421
TR,Tosyalı İskenderun power station,44362378-9c74-44af-8a08-be4877f50e97,36.8,54.1,90.0,95.0,35.0,high,"DRV-02 composite: 36.8/100 (FEASIBLE). Sub-scores: ep01_roads=0; ep01_special_pop=90; ep01_geography=95; ep01_terrain=10; ep01_population=35. Sources: osm_overpass, ghsl_pop_100m_r2023a, copernicus_dem_30m.",0.535,1049.79,True,medium,ERA5 seasonal constraints proxy (ref 1991-2020) | snow_months=0 | extreme_precip_months=0 | max_snowfall=0.0mm/day | source=copernicus_era5,False,0,medium,"0 waterway(s), major river barrier: no",20,2,0,medium,"20 hospital/clinic, 2 prison, 0 care home within EPZ (total 22 facilities). Source: OSM Overpass [FIX-05 amenities]",,,,2026-04-20 21:28:50.753632+00:00,audit_postlogging_20260421,True,10.0,,,,api,merge_phase2_20260421
TR,Trakya Emba power station,9eb693f6-6994-4937-bc4d-e8213baa5d47,49.3,9.4,90.0,10.0,95.0,high,"DRV-02 composite: 49.2/100 (FEASIBLE). Sub-scores: ep01_roads=0; ep01_special_pop=90; ep01_geography=10; ep01_terrain=10; ep01_population=95. Sources: osm_overpass, ghsl_pop_100m_r2023a, copernicus_dem_30m.",0.094,184.58,False,medium,ERA5 seasonal constraints proxy (ref 1991-2020) | snow_months=0 | extreme_precip_months=0 | max_snowfall=0.1mm/day | source=copernicus_era5,True,23,medium,"23 waterway(s), major river barrier: yes",1,0,0,medium,"1 hospital/clinic, 0 prison, 0 care home within EPZ (total 1 facilities). Source: OSM Overpass [FIX-05 amenities]",,,,2026-04-20 21:28:50.765463+00:00,audit_postlogging_20260421,True,10.0,,,,api,merge_phase2_20260421
TR,Tufanbeyli power station,6c9571c4-5d3b-4f88-a7be-fa8c21425eeb,57.8,37.3,90.0,95.0,95.0,high,"DRV-02 composite: 57.8/100 (FEASIBLE). Sub-scores: ep01_roads=0; ep01_special_pop=90; ep01_geography=95; ep01_terrain=10; ep01_population=95. Sources: osm_overpass, ghsl_pop_100m_r2023a, copernicus_dem_30m.",0.273,535.21,True,medium,ERA5 seasonal constraints proxy (ref 1991-2020) | snow_months=4 | extreme_precip_months=0 | max_snowfall=0.2mm/day | source=copernicus_era5,False,0,medium,"0 waterway(s), major river barrier: no",3,1,0,medium,"3 hospital/clinic, 1 prison, 0 care home within EPZ (total 4 facilities). Source: OSM Overpass [FIX-05 amenities]",,,,2026-04-20 21:28:50.777709+00:00,audit_postlogging_20260421,True,10.0,,,,api,merge_phase2_20260421
TR,Tunçbilek power station,2ec95392-978d-4a43-85b9-af3282c212ba,44.3,48.8,0.0,95.0,95.0,high,"DRV-02 composite: 44.2/100 (FEASIBLE). Sub-scores: ep01_roads=0; ep01_special_pop=0; ep01_geography=95; ep01_terrain=10; ep01_population=95. Sources: osm_overpass, ghsl_pop_100m_r2023a, copernicus_dem_30m.",0.446,875.88,True,medium,ERA5 seasonal constraints proxy (ref 1991-2020) | snow_months=0 | extreme_precip_months=0 | max_snowfall=0.1mm/day | source=copernicus_era5,False,0,medium,"0 waterway(s), major river barrier: no",3,2,0,medium,"3 hospital/clinic, 2 prison, 0 care home within EPZ",,,,2026-04-20 21:28:50.789176+00:00,audit_postlogging_20260421,True,10.0,,,,api,merge_phase2_20260421
TR,Uluköy power station,ddc8bb9c-bf77-4075-b38c-600fb072acf8,57.8,44.6,90.0,95.0,95.0,high,"DRV-02 composite: 57.8/100 (FEASIBLE). Sub-scores: ep01_roads=0; ep01_special_pop=90; ep01_geography=95; ep01_terrain=10; ep01_population=95. Sources: osm_overpass, ghsl_pop_100m_r2023a, copernicus_dem_30m.",0.377,739.62,True,medium,ERA5 seasonal constraints proxy (ref 1991-2020) | snow_months=1 | extreme_precip_months=0 | max_snowfall=0.1mm/day | source=copernicus_era5,False,0,medium,"0 waterway(s), major river barrier: no",5,1,0,medium,"5 hospital/clinic, 1 prison, 0 care home within EPZ (total 6 facilities). Source: OSM Overpass [FIX-05 amenities]",,,,2026-04-20 21:28:50.800295+00:00,audit_postlogging_20260421,True,10.0,,,,api,merge_phase2_20260421
TR,Umut power station,d3f986d9-a023-4d43-a0fb-03361f310873,45.8,69.2,10.0,95.0,95.0,high,"DRV-02 composite: 45.8/100 (FEASIBLE). Sub-scores: ep01_roads=0; ep01_special_pop=10; ep01_geography=95; ep01_terrain=10; ep01_population=95. Sources: osm_overpass, ghsl_pop_100m_r2023a, copernicus_dem_30m.",0.786,1542.75,True,medium,ERA5 seasonal constraints proxy (ref 1991-2020) | snow_months=0 | extreme_precip_months=0 | max_snowfall=0.1mm/day | source=copernicus_era5,False,0,medium,"0 waterway(s), major river barrier: no",7,1,0,medium,"7 hospital/clinic, 1 prison, 0 care home within EPZ",,,,2026-04-20 21:28:50.811162+00:00,audit_postlogging_20260421,True,10.0,,,,api,merge_phase2_20260421
TR,Vize power station,381221dd-76da-4adf-9b19-5da9f0779c22,52.5,44.5,90.0,95.0,80.0,high,"DRV-02 composite: 52.5/100 (FEASIBLE). Sub-scores: ep01_roads=0; ep01_special_pop=90; ep01_geography=95; ep01_terrain=10; ep01_population=80. Sources: osm_overpass, ghsl_pop_100m_r2023a, copernicus_dem_30m.",0.375,736.52,True,medium,ERA5 seasonal constraints proxy (ref 1991-2020) | snow_months=0 | extreme_precip_months=0 | max_snowfall=0.1mm/day | source=copernicus_era5,False,0,medium,"0 waterway(s), major river barrier: no",20,2,0,medium,"20 hospital/clinic, 2 prison, 0 care home within EPZ (total 22 facilities). Source: OSM Overpass [FIX-05 amenities]",,,,2026-04-20 21:28:50.822025+00:00,audit_postlogging_20260421,True,10.0,,,,api,merge_phase2_20260421
TR,Yatağan power station,fd4f7f8c-0d23-450d-9ea0-1b8e52e9a8af,45.5,53.1,90.0,95.0,60.0,high,"DRV-02 composite: 45.5/100 (FEASIBLE). Sub-scores: ep01_roads=0; ep01_special_pop=90; ep01_geography=95; ep01_terrain=10; ep01_population=60. Sources: osm_overpass, ghsl_pop_100m_r2023a, copernicus_dem_30m.",0.519,1018.72,True,medium,ERA5 seasonal constraints proxy (ref 1991-2020) | snow_months=0 | extreme_precip_months=0 | max_snowfall=0.0mm/day | source=copernicus_era5,False,0,medium,"0 waterway(s), major river barrier: no",2,0,0,medium,"2 hospital/clinic, 0 prison, 0 care home within EPZ (total 2 facilities). Source: OSM Overpass [FIX-05 amenities]",,,,2026-04-20 21:28:50.833122+00:00,audit_postlogging_20260421,True,10.0,,,,api,merge_phase2_20260421
TR,Yenidere power station,52028d4f-7796-4463-832e-cff2e439c96a,57.8,51.1,90.0,95.0,95.0,high,"DRV-02 composite: 57.8/100 (FEASIBLE). Sub-scores: ep01_roads=0; ep01_special_pop=90; ep01_geography=95; ep01_terrain=10; ep01_population=95. Sources: osm_overpass, ghsl_pop_100m_r2023a, copernicus_dem_30m.",0.485,953.04,True,medium,ERA5 seasonal constraints proxy (ref 1991-2020) | snow_months=0 | extreme_precip_months=0 | max_snowfall=0.1mm/day | source=copernicus_era5,False,0,medium,"0 waterway(s), major river barrier: no",1,1,0,medium,"1 hospital/clinic, 1 prison, 0 care home within EPZ (total 2 facilities). Source: OSM Overpass [FIX-05 amenities]",,,,2026-04-20 21:28:50.844424+00:00,audit_postlogging_20260421,True,10.0,,,,api,merge_phase2_20260421
TR,Yeniköy power station,737b6d06-1d0c-4ae6-9683-ab3fea192b32,45.8,47.3,10.0,95.0,95.0,high,"DRV-02 composite: 45.8/100 (FEASIBLE). Sub-scores: ep01_roads=0; ep01_special_pop=10; ep01_geography=95; ep01_terrain=10; ep01_population=95. Sources: osm_overpass, ghsl_pop_100m_r2023a, copernicus_dem_30m.",0.421,827.61,True,medium,ERA5 seasonal constraints proxy (ref 1991-2020) | snow_months=0 | extreme_precip_months=2 | max_snowfall=0.0mm/day | source=copernicus_era5,False,0,medium,"0 waterway(s), major river barrier: no",2,1,0,medium,"2 hospital/clinic, 1 prison, 0 care home within EPZ",,,,2026-04-20 21:28:50.854959+00:00,audit_postlogging_20260421,True,10.0,,,,api,merge_phase2_20260421
TR,Yeniyurt power station,e8b6e342-2011-4343-b415-a8bf08501499,44.3,56.6,0.0,95.0,95.0,high,"DRV-02 composite: 44.2/100 (FEASIBLE). Sub-scores: ep01_roads=0; ep01_special_pop=0; ep01_geography=95; ep01_terrain=10; ep01_population=95. Sources: osm_overpass, ghsl_pop_100m_r2023a, copernicus_dem_30m.",0.577,1132.73,True,medium,ERA5 seasonal constraints proxy (ref 1991-2020) | snow_months=0 | extreme_precip_months=0 | max_snowfall=0.1mm/day | source=copernicus_era5,False,0,medium,"0 waterway(s), major river barrier: no",31,2,0,medium,"31 hospital/clinic, 2 prison, 0 care home within EPZ",,,,2026-04-20 21:28:50.866925+00:00,audit_postlogging_20260421,True,10.0,,,,api,merge_phase2_20260421
TR,Yeşilovacık power station,d6cb5642-d5ec-4a15-bc6b-8be4cb0a382e,57.8,40.1,90.0,95.0,95.0,high,"DRV-02 composite: 57.8/100 (FEASIBLE). Sub-scores: ep01_roads=0; ep01_special_pop=90; ep01_geography=95; ep01_terrain=10; ep01_population=95. Sources: osm_overpass, ghsl_pop_100m_r2023a, copernicus_dem_30m.",0.302,593.57,True,medium,ERA5 seasonal constraints proxy (ref 1991-2020) | snow_months=0 | extreme_precip_months=2 | max_snowfall=0.0mm/day | source=copernicus_era5,False,0,medium,"0 waterway(s), major river barrier: no",1,0,0,medium,"1 hospital/clinic, 0 prison, 0 care home within EPZ (total 1 facilities). Source: OSM Overpass [FIX-05 amenities]",,,,2026-04-20 21:28:50.877859+00:00,audit_postlogging_20260421,True,10.0,,,,api,merge_phase2_20260421
TR,Yıldırım Elazığ power station,225656d9-8709-4c2f-9992-1e4f20a6fce8,57.8,50.4,90.0,95.0,95.0,high,"DRV-02 composite: 57.8/100 (FEASIBLE). Sub-scores: ep01_roads=0; ep01_special_pop=90; ep01_geography=95; ep01_terrain=10; ep01_population=95. Sources: osm_overpass, ghsl_pop_100m_r2023a, copernicus_dem_30m.",0.473,928.24,True,medium,ERA5 seasonal constraints proxy (ref 1991-2020) | snow_months=3 | extreme_precip_months=0 | max_snowfall=0.2mm/day | source=copernicus_era5,False,0,medium,"0 waterway(s), major river barrier: no",2,0,0,medium,"2 hospital/clinic, 0 prison, 0 care home within EPZ (total 2 facilities). Source: OSM Overpass [FIX-05 amenities]",,,,2026-04-20 21:28:50.889758+00:00,audit_postlogging_20260421,True,10.0,,,,api,merge_phase2_20260421
TR,Yüksek Gölovası power station,57c0c830-725f-46ee-9322-0a4a3ad9efda,57.8,60.0,90.0,95.0,95.0,high,"DRV-02 composite: 57.8/100 (FEASIBLE). Sub-scores: ep01_roads=0; ep01_special_pop=90; ep01_geography=95; ep01_terrain=10; ep01_population=95. Sources: osm_overpass, ghsl_pop_100m_r2023a, copernicus_dem_30m.",0.633,1243.43,True,medium,ERA5 seasonal constraints proxy (ref 1991-2020) | snow_months=0 | extreme_precip_months=0 | max_snowfall=0.0mm/day | source=copernicus_era5,False,0,medium,"0 waterway(s), major river barrier: no",15,0,0,medium,"15 hospital/clinic, 0 prison, 0 care home within EPZ (total 15 facilities). Source: OSM Overpass [FIX-05 amenities]",,,,2026-04-20 21:28:50.903030+00:00,audit_postlogging_20260421,True,10.0,,,,api,merge_phase2_20260421
TR,Yumurtalık IC İçtaş power station,91f28dbb-16bd-449b-a20a-dc2b70cf2e66,32.4,30.7,60.0,95.0,13.5,high,"DRV-02 composite: 32.4/100 (FEASIBLE). Sub-scores: ep01_roads=31; ep01_special_pop=60; ep01_geography=95; ep01_terrain=10; ep01_population=14. Sources: osm_overpass, ghsl_pop_100m_r2023a, copernicus_dem_30m.",0.207,406.13,True,medium,ERA5 seasonal constraints proxy (ref 1991-2020) | snow_months=0 | extreme_precip_months=0 | max_snowfall=0.0mm/day | source=copernicus_era5,False,0,medium,"0 waterway(s), major river barrier: no",4,0,0,medium,"4 hospital/clinic, 0 prison, 0 care home within EPZ",,,,2026-04-20 21:28:50.915897+00:00,audit_postlogging_20260421,True,10.0,,,,api,merge_phase2_20260421
TR,Yunus Emre power station,48149515-0774-404d-b273-790b660a8d90,35.8,42.2,0.0,10.0,95.0,high,"DRV-02 composite: 35.8/100 (FEASIBLE). Sub-scores: ep01_roads=0; ep01_special_pop=0; ep01_geography=10; ep01_terrain=10; ep01_population=95. Sources: osm_overpass, ghsl_pop_100m_r2023a, copernicus_dem_30m.",0.336,658.79,True,medium,ERA5 seasonal constraints proxy (ref 1991-2020) | snow_months=0 | extreme_precip_months=0 | max_snowfall=0.0mm/day | source=copernicus_era5,True,25,medium,"25 waterway(s), major river barrier: yes",1,2,0,medium,"1 hospital/clinic, 2 prison, 0 care home within EPZ",,,,2026-04-20 21:28:50.929028+00:00,audit_postlogging_20260421,True,10.0,,,,api,merge_phase2_20260421
TR,Zafer power station,772e2484-419b-47de-9739-924ac371ad10,57.8,60.5,90.0,95.0,95.0,high,"DRV-02 composite: 57.8/100 (FEASIBLE). Sub-scores: ep01_roads=0; ep01_special_pop=90; ep01_geography=95; ep01_terrain=10; ep01_population=95. Sources: osm_overpass, ghsl_pop_100m_r2023a, copernicus_dem_30m.",0.642,1260.09,True,medium,ERA5 seasonal constraints proxy (ref 1991-2020) | snow_months=3 | extreme_precip_months=0 | max_snowfall=0.1mm/day | source=copernicus_era5,False,0,medium,"0 waterway(s), major river barrier: no",7,1,0,medium,"7 hospital/clinic, 1 prison, 0 care home within EPZ (total 8 facilities). Source: OSM Overpass [FIX-05 amenities]",,,,2026-04-20 21:28:50.941975+00:00,audit_postlogging_20260421,True,10.0,,,,api,merge_phase2_20260421
TR,ZETES power stations,1f305180-6bbf-4758-9a98-78bc9e96e195,45.5,56.1,90.0,95.0,60.0,high,"DRV-02 composite: 45.5/100 (FEASIBLE). Sub-scores: ep01_roads=0; ep01_special_pop=90; ep01_geography=95; ep01_terrain=10; ep01_population=60. Sources: osm_overpass, ghsl_pop_100m_r2023a, copernicus_dem_30m.",0.568,1115.11,True,medium,ERA5 seasonal constraints proxy (ref 1991-2020) | snow_months=0 | extreme_precip_months=0 | max_snowfall=0.1mm/day | source=copernicus_era5,False,0,medium,"0 waterway(s), major river barrier: no",14,1,0,medium,"14 hospital/clinic, 1 prison, 0 care home within EPZ (total 15 facilities). Source: OSM Overpass [FIX-05 amenities]",,,,2026-04-20 21:28:50.953906+00:00,audit_postlogging_20260421,True,10.0,,,,api,merge_phase2_20260421
TR,Zonguldak Modern power station,fa6b7ac3-c1bf-478f-8d0a-1f357ea480cf,36.8,55.8,90.0,95.0,35.0,high,"DRV-02 composite: 36.8/100 (FEASIBLE). Sub-scores: ep01_roads=0; ep01_special_pop=90; ep01_geography=95; ep01_terrain=10; ep01_population=35. Sources: osm_overpass, ghsl_pop_100m_r2023a, copernicus_dem_30m.",0.563,1105.67,True,medium,ERA5 seasonal constraints proxy (ref 1991-2020) | snow_months=0 | extreme_precip_months=0 | max_snowfall=0.1mm/day | source=copernicus_era5,False,0,medium,"0 waterway(s), major river barrier: no",14,1,0,medium,"14 hospital/clinic, 1 prison, 0 care home within EPZ (total 15 facilities). Source: OSM Overpass [FIX-05 amenities]",,,,2026-04-20 21:28:50.965541+00:00,audit_postlogging_20260421,True,10.0,,,,api,merge_phase2_20260421
TR,Zorlu Akçakoca power station,7cc9cffa-e4e4-4546-902d-c8f4800dbdb2,45.5,54.6,90.0,95.0,60.0,high,"DRV-02 composite: 45.5/100 (FEASIBLE). Sub-scores: ep01_roads=0; ep01_special_pop=90; ep01_geography=95; ep01_terrain=10; ep01_population=60. Sources: osm_overpass, ghsl_pop_100m_r2023a, copernicus_dem_30m.",0.544,1068.11,True,medium,ERA5 seasonal constraints proxy (ref 1991-2020) | snow_months=2 | extreme_precip_months=0 | max_snowfall=0.1mm/day | source=copernicus_era5,False,0,medium,"0 waterway(s), major river barrier: no",14,1,0,medium,"14 hospital/clinic, 1 prison, 0 care home within EPZ (total 15 facilities). Source: OSM Overpass [FIX-05 amenities]",,,,2026-04-20 21:28:50.978398+00:00,audit_postlogging_20260421,True,10.0,,,,api,merge_phase2_20260421
TR,Zorlu Soma power station,61b7e396-5c25-4591-9da1-eb54475f1805,30.2,70.4,90.0,95.0,16.3,high,"DRV-02 composite: 30.2/100 (FEASIBLE). Sub-scores: ep01_roads=0; ep01_special_pop=90; ep01_geography=95; ep01_terrain=10; ep01_population=16. Sources: osm_overpass, ghsl_pop_100m_r2023a, copernicus_dem_30m.",0.816,1602.13,True,medium,ERA5 seasonal constraints proxy (ref 1991-2020) | snow_months=0 | extreme_precip_months=0 | max_snowfall=0.1mm/day | source=copernicus_era5,False,0,medium,"0 waterway(s), major river barrier: no",9,2,0,medium,"9 hospital/clinic, 2 prison, 0 care home within EPZ (total 11 facilities). Source: OSM Overpass [FIX-05 amenities]",,,,2026-04-20 21:28:50.989756+00:00,audit_postlogging_20260421,True,10.0,,,,api,merge_phase2_20260421
UA,Burshtyn power station,c47eb6a3-49c1-4879-95b6-9bcd53b7af04,52.5,42.6,90.0,95.0,80.0,high,"DRV-02 composite: 52.5/100 (FEASIBLE). Sub-scores: ep01_roads=0; ep01_special_pop=90; ep01_geography=95; ep01_terrain=10; ep01_population=80. Sources: osm_overpass, ghsl_pop_100m_r2023a, copernicus_dem_30m.",0.344,675.3,True,medium,ERA5 seasonal constraints proxy (ref 1991-2020) | snow_months=1 | extreme_precip_months=0 | max_snowfall=0.1mm/day | source=copernicus_era5,False,0,medium,"0 waterway(s), major river barrier: no",10,1,0,medium,"10 hospital/clinic, 1 prison, 0 care home within EPZ (total 11 facilities). Source: OSM Overpass [FIX-05 amenities]",,,,2026-04-20 21:28:51.000394+00:00,audit_postlogging_20260421,True,10.0,,,,api,merge_phase2_20260421
UA,Cherkasy power station,95872473-c476-4ceb-bcf5-54cfdf415e42,27.3,33.2,90.0,95.0,8.1,high,"DRV-02 composite: 27.3/100 (NOT FEASIBLE). Sub-scores: ep01_roads=0; ep01_special_pop=90; ep01_geography=95; ep01_terrain=10; ep01_population=8. Sources: osm_overpass, ghsl_pop_100m_r2023a, copernicus_dem_30m.",0.354,695.58,False,medium,ERA5 seasonal constraints proxy (ref 1991-2020) | snow_months=0 | extreme_precip_months=0 | max_snowfall=0.1mm/day | source=copernicus_era5,False,0,medium,"0 waterway(s), major river barrier: no",73,3,0,medium,"73 hospital/clinic, 3 prison, 0 care home within EPZ (total 76 facilities). Source: OSM Overpass [FIX-05 amenities]",,,,2026-04-20 21:28:51.012676+00:00,audit_postlogging_20260421,False,10.0,,,,api,merge_phase2_20260421
UA,Chernihiv power station,e4c6a713-99e6-4fdf-afaa-d456779c504c,42.2,45.3,90.0,95.0,18.2,high,"DRV-02 composite: 42.2/100 (FEASIBLE). Sub-scores: ep01_roads=45; ep01_special_pop=90; ep01_geography=95; ep01_terrain=10; ep01_population=18. Sources: osm_overpass, ghsl_pop_100m_r2023a, copernicus_dem_30m.",0.389,763.94,True,medium,ERA5 seasonal constraints proxy (ref 1991-2020) | snow_months=2 | extreme_precip_months=0 | max_snowfall=0.1mm/day | source=copernicus_era5,False,0,medium,"0 waterway(s), major river barrier: no",60,2,0,medium,"60 hospital/clinic, 2 prison, 0 care home within EPZ (total 62 facilities). Source: OSM Overpass [FIX-05 amenities]",,,,2026-04-20 21:28:51.023453+00:00,audit_postlogging_20260421,True,10.0,,,,api,merge_phase2_20260421
UA,Darnytska power station,038d42e9-769b-4b22-9513-dccff48b42cd,24.5,75.8,90.0,95.0,0.0,high,"DRV-02 composite: 24.5/100 (NOT FEASIBLE). Sub-scores: ep01_roads=0; ep01_special_pop=90; ep01_geography=95; ep01_terrain=10; ep01_population=0. Sources: osm_overpass, ghsl_pop_100m_r2023a, copernicus_dem_30m.",1.032,2027.0,True,medium,ERA5 seasonal constraints proxy (ref 1991-2020) | snow_months=0 | extreme_precip_months=0 | max_snowfall=0.1mm/day | source=copernicus_era5,False,0,medium,"0 waterway(s), major river barrier: no",745,6,1,medium,"745 hospital/clinic, 6 prison, 1 care home within EPZ (total 752 facilities). Source: OSM Overpass [FIX-05 amenities]",,,,2026-04-20 21:28:51.034706+00:00,audit_postlogging_20260421,False,10.0,,,,api,merge_phase2_20260421
UA,Dobrotvir power station,5ed0a674-a292-44bc-997f-5c1990da1235,60.9,33.4,90.0,95.0,80.0,high,"DRV-02 composite: 60.9/100 (FEASIBLE). Sub-scores: ep01_roads=33; ep01_special_pop=90; ep01_geography=95; ep01_terrain=10; ep01_population=80. Sources: osm_overpass, ghsl_pop_100m_r2023a, copernicus_dem_30m.",0.357,701.66,False,medium,ERA5 seasonal constraints proxy (ref 1991-2020) | snow_months=0 | extreme_precip_months=0 | max_snowfall=0.1mm/day | source=copernicus_era5,False,0,medium,"0 waterway(s), major river barrier: no",29,0,0,medium,"29 hospital/clinic, 0 prison, 0 care home within EPZ (total 29 facilities). Source: OSM Overpass [FIX-05 amenities]",,,,2026-04-20 21:28:51.046696+00:00,audit_postlogging_20260421,True,10.0,,,,api,merge_phase2_20260421
UA,Kalush power station,fb7d4d9a-3f27-4b50-9941-6a8fccd25e9a,37.0,30.8,90.0,10.0,60.0,high,"DRV-02 composite: 37.0/100 (FEASIBLE). Sub-scores: ep01_roads=0; ep01_special_pop=90; ep01_geography=10; ep01_terrain=10; ep01_population=60. Sources: osm_overpass, ghsl_pop_100m_r2023a, copernicus_dem_30m.",0.314,617.29,False,medium,ERA5 seasonal constraints proxy (ref 1991-2020) | snow_months=1 | extreme_precip_months=0 | max_snowfall=0.1mm/day | source=copernicus_era5,True,84,medium,"84 waterway(s), major river barrier: yes",24,0,0,medium,"24 hospital/clinic, 0 prison, 0 care home within EPZ (total 24 facilities). Source: OSM Overpass [FIX-05 amenities]",,,,2026-04-20 21:28:51.057457+00:00,audit_postlogging_20260421,True,10.0,,,,api,merge_phase2_20260421
UA,Kramatorskaya power station,d3b9e403-7744-44c5-b5c3-999c4c1911d8,27.9,36.5,90.0,95.0,9.7,high,"DRV-02 composite: 27.9/100 (NOT FEASIBLE). Sub-scores: ep01_roads=0; ep01_special_pop=90; ep01_geography=95; ep01_terrain=10; ep01_population=10. Sources: osm_overpass, ghsl_pop_100m_r2023a, copernicus_dem_30m.",0.265,519.79,True,medium,ERA5 seasonal constraints proxy (ref 1991-2020) | snow_months=1 | extreme_precip_months=0 | max_snowfall=0.1mm/day | source=copernicus_era5,False,0,medium,"0 waterway(s), major river barrier: no",104,1,0,medium,"104 hospital/clinic, 1 prison, 0 care home within EPZ (total 105 facilities). Source: OSM Overpass [FIX-05 amenities]",,,,2026-04-20 21:28:51.070911+00:00,audit_postlogging_20260421,False,10.0,,,,api,merge_phase2_20260421
UA,Kryvorizka power station,83fede8b-5f92-429d-920d-9a8928a74780,52.5,26.5,90.0,95.0,80.0,high,"DRV-02 composite: 52.5/100 (FEASIBLE). Sub-scores: ep01_roads=0; ep01_special_pop=90; ep01_geography=95; ep01_terrain=10; ep01_population=80. Sources: osm_overpass, ghsl_pop_100m_r2023a, copernicus_dem_30m.",0.265,520.75,False,medium,ERA5 seasonal constraints proxy (ref 1991-2020) | snow_months=0 | extreme_precip_months=0 | max_snowfall=0.1mm/day | source=copernicus_era5,False,0,medium,"0 waterway(s), major river barrier: no",23,0,0,medium,"23 hospital/clinic, 0 prison, 0 care home within EPZ (total 23 facilities). Source: OSM Overpass [FIX-05 amenities]",,,,2026-04-20 21:28:51.083034+00:00,audit_postlogging_20260421,True,10.0,,,,api,merge_phase2_20260421
UA,Kurakhov power station,46b96bc3-b190-4045-9c86-eb674e2ea35e,52.5,28.5,90.0,95.0,80.0,high,"DRV-02 composite: 52.5/100 (FEASIBLE). Sub-scores: ep01_roads=0; ep01_special_pop=90; ep01_geography=95; ep01_terrain=10; ep01_population=80. Sources: osm_overpass, ghsl_pop_100m_r2023a, copernicus_dem_30m.",0.185,363.77,True,medium,ERA5 seasonal constraints proxy (ref 1991-2020) | snow_months=0 | extreme_precip_months=0 | max_snowfall=0.1mm/day | source=copernicus_era5,False,0,medium,"0 waterway(s), major river barrier: no",19,1,2,medium,"19 hospital/clinic, 1 prison, 2 care home within EPZ (total 22 facilities). Source: OSM Overpass [FIX-05 amenities]",,,,2026-04-20 21:28:51.095732+00:00,audit_postlogging_20260421,True,10.0,,,,api,merge_phase2_20260421
UA,Ladyzhyn power station,cec871bd-c7f6-4444-b0da-9b3a9ecc6963,52.5,43.5,90.0,95.0,80.0,high,"DRV-02 composite: 52.5/100 (FEASIBLE). Sub-scores: ep01_roads=0; ep01_special_pop=90; ep01_geography=95; ep01_terrain=10; ep01_population=80. Sources: osm_overpass, ghsl_pop_100m_r2023a, copernicus_dem_30m.",0.359,704.74,True,medium,ERA5 seasonal constraints proxy (ref 1991-2020) | snow_months=0 | extreme_precip_months=0 | max_snowfall=0.1mm/day | source=copernicus_era5,False,0,medium,"0 waterway(s), major river barrier: no",18,1,0,medium,"18 hospital/clinic, 1 prison, 0 care home within EPZ (total 19 facilities). Source: OSM Overpass [FIX-05 amenities]",,,,2026-04-20 21:28:51.110021+00:00,audit_postlogging_20260421,True,10.0,,,,api,merge_phase2_20260421
UA,Luganskaya power station,4e45df00-0d28-44d0-9697-3fa33d76fc88,51.4,43.5,10.0,95.0,80.0,high,"DRV-02 composite: 51.4/100 (FEASIBLE). Sub-scores: ep01_roads=44; ep01_special_pop=10; ep01_geography=95; ep01_terrain=10; ep01_population=80. Sources: osm_overpass, ghsl_pop_100m_r2023a, copernicus_dem_30m.",0.359,704.45,True,medium,ERA5 seasonal constraints proxy (ref 1991-2020) | snow_months=1 | extreme_precip_months=0 | max_snowfall=0.1mm/day | source=copernicus_era5,False,0,medium,"0 waterway(s), major river barrier: no",69,1,0,medium,"69 hospital/clinic, 1 prison, 0 care home within EPZ",,,,2026-04-20 21:28:51.122803+00:00,audit_postlogging_20260421,True,10.0,,,,api,merge_phase2_20260421
UA,Myronivskyi power station,3bd2a957-ff3b-4bfd-9dba-808279edccb9,49.3,37.7,90.0,10.0,95.0,high,"DRV-02 composite: 49.2/100 (FEASIBLE). Sub-scores: ep01_roads=0; ep01_special_pop=90; ep01_geography=10; ep01_terrain=10; ep01_population=95. Sources: osm_overpass, ghsl_pop_100m_r2023a, copernicus_dem_30m.",0.277,543.66,True,medium,ERA5 seasonal constraints proxy (ref 1991-2020) | snow_months=1 | extreme_precip_months=0 | max_snowfall=0.1mm/day | source=copernicus_era5,True,86,medium,"86 waterway(s), major river barrier: yes",50,4,0,medium,"50 hospital/clinic, 4 prison, 0 care home within EPZ (total 54 facilities). Source: OSM Overpass [FIX-05 amenities]",,,,2026-04-20 21:28:51.134992+00:00,audit_postlogging_20260421,True,10.0,,,,api,merge_phase2_20260421
UA,Prydniprovska power station,02253fcc-4fc6-42d4-a6a8-42365487302f,31.2,59.6,90.0,95.0,19.0,high,"DRV-02 composite: 31.1/100 (FEASIBLE). Sub-scores: ep01_roads=0; ep01_special_pop=90; ep01_geography=95; ep01_terrain=10; ep01_population=19. Sources: osm_overpass, ghsl_pop_100m_r2023a, copernicus_dem_30m.",0.627,1231.44,True,medium,ERA5 seasonal constraints proxy (ref 1991-2020) | snow_months=0 | extreme_precip_months=0 | max_snowfall=0.1mm/day | source=copernicus_era5,False,0,medium,"0 waterway(s), major river barrier: no",153,4,0,medium,"153 hospital/clinic, 4 prison, 0 care home within EPZ (total 157 facilities). Source: OSM Overpass [FIX-05 amenities]",,,,2026-04-20 21:28:51.148195+00:00,audit_postlogging_20260421,True,10.0,,,,api,merge_phase2_20260421
UA,Slavyansk power station,70781f2c-24c2-486c-8b32-310c36ba1238,55.0,37.8,90.0,95.0,60.0,high,"DRV-02 composite: 55.0/100 (FEASIBLE). Sub-scores: ep01_roads=38; ep01_special_pop=90; ep01_geography=95; ep01_terrain=10; ep01_population=60. Sources: osm_overpass, ghsl_pop_100m_r2023a, copernicus_dem_30m.",0.278,544.97,True,medium,ERA5 seasonal constraints proxy (ref 1991-2020) | snow_months=1 | extreme_precip_months=0 | max_snowfall=0.1mm/day | source=copernicus_era5,False,0,medium,"0 waterway(s), major river barrier: no",109,1,0,medium,"109 hospital/clinic, 1 prison, 0 care home within EPZ (total 110 facilities). Source: OSM Overpass [FIX-05 amenities]",,,,2026-04-20 21:28:51.161196+00:00,audit_postlogging_20260421,True,10.0,,,,api,merge_phase2_20260421
UA,Starobesheve power station,447a9ea1-47fa-48a3-93f2-a77cbd629ac7,67.9,40.6,90.0,95.0,95.0,high,"DRV-02 composite: 67.9/100 (FEASIBLE). Sub-scores: ep01_roads=41; ep01_special_pop=90; ep01_geography=95; ep01_terrain=10; ep01_population=95. Sources: osm_overpass, ghsl_pop_100m_r2023a, copernicus_dem_30m.",0.477,936.93,False,medium,ERA5 seasonal constraints proxy (ref 1991-2020) | snow_months=0 | extreme_precip_months=0 | max_snowfall=0.1mm/day | source=copernicus_era5,False,0,medium,"0 waterway(s), major river barrier: no",74,2,0,medium,"74 hospital/clinic, 2 prison, 0 care home within EPZ (total 76 facilities). Source: OSM Overpass [FIX-05 amenities]",,,,2026-04-20 21:28:51.172883+00:00,audit_postlogging_20260421,True,10.0,,,,api,merge_phase2_20260421
UA,Trypilska power station,cdb6adfb-52ff-4631-939a-001080b20450,52.5,34.6,90.0,95.0,80.0,high,"DRV-02 composite: 52.5/100 (FEASIBLE). Sub-scores: ep01_roads=0; ep01_special_pop=90; ep01_geography=95; ep01_terrain=10; ep01_population=80. Sources: osm_overpass, ghsl_pop_100m_r2023a, copernicus_dem_30m.",0.377,740.14,False,medium,ERA5 seasonal constraints proxy (ref 1991-2020) | snow_months=0 | extreme_precip_months=0 | max_snowfall=0.1mm/day | source=copernicus_era5,False,0,medium,"0 waterway(s), major river barrier: no",33,2,0,medium,"33 hospital/clinic, 2 prison, 0 care home within EPZ (total 35 facilities). Source: OSM Overpass [FIX-05 amenities]",,,,2026-04-20 21:28:51.184031+00:00,audit_postlogging_20260421,True,10.0,,,,api,merge_phase2_20260421
UA,Vuglegirska power station,3657989a-61ae-4fe3-9e8b-6ba7e68f8c59,52.5,40.2,90.0,95.0,80.0,high,"DRV-02 composite: 52.5/100 (FEASIBLE). Sub-scores: ep01_roads=0; ep01_special_pop=90; ep01_geography=95; ep01_terrain=10; ep01_population=80. Sources: osm_overpass, ghsl_pop_100m_r2023a, copernicus_dem_30m.",0.303,595.6,True,medium,ERA5 seasonal constraints proxy (ref 1991-2020) | snow_months=1 | extreme_precip_months=0 | max_snowfall=0.1mm/day | source=copernicus_era5,False,0,medium,"0 waterway(s), major river barrier: no",108,5,1,medium,"108 hospital/clinic, 5 prison, 1 care home within EPZ (total 114 facilities). Source: OSM Overpass [FIX-05 amenities]",,,,2026-04-20 21:28:51.196860+00:00,audit_postlogging_20260421,True,10.0,,,,api,merge_phase2_20260421
UA,Zaporizhia power station,725406d6-860f-4ca0-9c6a-425675bac381,36.8,23.3,90.0,95.0,35.0,high,"DRV-02 composite: 36.8/100 (FEASIBLE). Sub-scores: ep01_roads=0; ep01_special_pop=90; ep01_geography=95; ep01_terrain=10; ep01_population=35. Sources: osm_overpass, ghsl_pop_100m_r2023a, copernicus_dem_30m.",0.233,458.37,False,medium,ERA5 seasonal constraints proxy (ref 1991-2020) | snow_months=0 | extreme_precip_months=0 | max_snowfall=0.1mm/day | source=copernicus_era5,False,0,medium,"0 waterway(s), major river barrier: no",28,0,1,medium,"28 hospital/clinic, 0 prison, 1 care home within EPZ (total 29 facilities). Source: OSM Overpass [FIX-05 amenities]",,,,2026-04-20 21:28:51.207338+00:00,audit_postlogging_20260421,True,10.0,,,,api,merge_phase2_20260421
UA,Zmiivska power station,29b3a802-7ef1-4722-ad59-b1511b1b0075,45.2,18.8,10.0,95.0,80.0,high,"DRV-02 composite: 45.2/100 (FEASIBLE). Sub-scores: ep01_roads=19; ep01_special_pop=10; ep01_geography=95; ep01_terrain=10; ep01_population=80. Sources: osm_overpass, ghsl_pop_100m_r2023a, copernicus_dem_30m.",0.188,369.76,False,medium,ERA5 seasonal constraints proxy (ref 1991-2020) | snow_months=1 | extreme_precip_months=0 | max_snowfall=0.1mm/day | source=copernicus_era5,False,0,medium,"0 waterway(s), major river barrier: no",17,1,0,medium,"17 hospital/clinic, 1 prison, 0 care home within EPZ",,,,2026-04-20 21:28:51.218981+00:00,audit_postlogging_20260421,True,10.0,,,,api,merge_phase2_20260421
UA,Zuevskaya power station,f2c061de-66ad-4fce-b911-7f1899f25b75,57.8,54.0,90.0,95.0,95.0,high,"DRV-02 composite: 57.8/100 (FEASIBLE). Sub-scores: ep01_roads=0; ep01_special_pop=90; ep01_geography=95; ep01_terrain=10; ep01_population=95. Sources: osm_overpass, ghsl_pop_100m_r2023a, copernicus_dem_30m.",0.534,1048.69,True,medium,ERA5 seasonal constraints proxy (ref 1991-2020) | snow_months=1 | extreme_precip_months=0 | max_snowfall=0.1mm/day | source=copernicus_era5,False,0,medium,"0 waterway(s), major river barrier: no",114,1,1,medium,"114 hospital/clinic, 1 prison, 1 care home within EPZ (total 116 facilities). Source: OSM Overpass [FIX-05 amenities]",,,,2026-04-20 21:28:51.230387+00:00,audit_postlogging_20260421,True,10.0,,,,api,merge_phase2_20260421
XK,Istok power station,d9f32912-81f1-4b1c-a2b1-f04298217cec,39.0,34.7,0.0,95.0,80.0,high,"DRV-02 composite: 39.0/100 (FEASIBLE). Sub-scores: ep01_roads=0; ep01_special_pop=0; ep01_geography=95; ep01_terrain=10; ep01_population=80. Sources: osm_overpass, ghsl_pop_100m_r2023a, copernicus_dem_30m.",0.379,744.52,False,medium,ERA5 seasonal constraints proxy (ref 1991-2020) | snow_months=4 | extreme_precip_months=0 | max_snowfall=0.1mm/day | source=copernicus_era5,False,0,medium,"0 waterway(s), major river barrier: no",52,2,0,medium,"52 hospital/clinic, 2 prison, 0 care home within EPZ",,,,2026-04-20 21:28:51.240836+00:00,audit_postlogging_20260421,True,10.0,,,,api,merge_phase2_20260421
XK,Kosovo A power station,28be296b-6ef5-4c7e-a604-3af01af45d17,39.8,62.0,90.0,95.0,35.0,high,"DRV-02 composite: 39.8/100 (FEASIBLE). Sub-scores: ep01_roads=0; ep01_special_pop=90; ep01_geography=95; ep01_terrain=30; ep01_population=35. Sources: osm_overpass, ghsl_pop_100m_r2023a, copernicus_dem_30m.",0.666,1307.16,True,medium,ERA5 seasonal constraints proxy (ref 1991-2020) | snow_months=0 | extreme_precip_months=0 | max_snowfall=0.1mm/day | source=copernicus_era5,False,0,medium,"0 waterway(s), major river barrier: no",221,5,6,medium,"221 hospital/clinic, 5 prison, 6 care home within EPZ (total 232 facilities). Source: OSM Overpass [FIX-05 amenities]",,,,2026-04-20 21:28:51.250693+00:00,audit_postlogging_20260421,True,30.0,,,,api,merge_phase2_20260421
XK,Kosovo B power station,76eba99c-dade-46dc-9130-478e43aa6202,55.5,62.4,90.0,95.0,80.0,high,"DRV-02 composite: 55.5/100 (FEASIBLE). Sub-scores: ep01_roads=0; ep01_special_pop=90; ep01_geography=95; ep01_terrain=30; ep01_population=80. Sources: osm_overpass, ghsl_pop_100m_r2023a, copernicus_dem_30m.",0.673,1320.57,True,medium,ERA5 seasonal constraints proxy (ref 1991-2020) | snow_months=0 | extreme_precip_months=0 | max_snowfall=0.1mm/day | source=copernicus_era5,False,0,medium,"0 waterway(s), major river barrier: no",227,5,6,medium,"227 hospital/clinic, 5 prison, 6 care home within EPZ (total 238 facilities). Source: OSM Overpass [FIX-05 amenities]",,,,2026-04-20 21:28:51.261027+00:00,audit_postlogging_20260421,True,30.0,,,,api,merge_phase2_20260421
XK,Kosovo C power station,d28fa85d-4f6c-4b26-a585-cb0bed226ecb,21.3,60.1,90.0,10.0,6.5,high,"DRV-02 composite: 21.3/100 (NOT FEASIBLE). Sub-scores: ep01_roads=0; ep01_special_pop=90; ep01_geography=10; ep01_terrain=30; ep01_population=6. Sources: osm_overpass, ghsl_pop_100m_r2023a, copernicus_dem_30m.",0.635,1245.95,True,medium,ERA5 seasonal constraints proxy (ref 1991-2020) | snow_months=0 | extreme_precip_months=0 | max_snowfall=0.1mm/day | source=copernicus_era5,True,106,medium,"106 waterway(s), major river barrier: yes",217,4,4,medium,"217 hospital/clinic, 4 prison, 4 care home within EPZ (total 225 facilities). Source: OSM Overpass [FIX-05 amenities]",,,,2026-04-20 21:28:51.271377+00:00,audit_postlogging_20260421,False,30.0,,,,api,merge_phase2_20260421
