{"positional_args": ["api", "atoms_vs_ashes"], "event": "Using database profile '%s' \u2192 %s", "run_id": "20260512T184829_549c4b66", "level": "info", "timestamp": "2026-05-12T18:48:29.939246Z"}
{"run_id": "20260512T184829_549c4b66", "total_sites": 361, "event": "eea_batch_start", "level": "info", "timestamp": "2026-05-12T18:48:30.146617Z"}
{"count": 49237, "event": "eea_csv_skipped_country", "run_id": "20260512T184829_549c4b66", "level": "info", "timestamp": "2026-05-12T18:48:30.457304Z"}
{"facility_count": 9526, "event": "eea_csv_parsed", "run_id": "20260512T184829_549c4b66", "level": "info", "timestamp": "2026-05-12T18:48:30.457387Z"}
{"total": 9526, "hazardous": 353, "event": "eea_hazardous_filtered", "run_id": "20260512T184829_549c4b66", "level": "info", "timestamp": "2026-05-12T18:48:30.457928Z"}
{"facility_count": 353, "countries": 11, "event": "eea_index_built", "run_id": "20260512T184829_549c4b66", "level": "info", "timestamp": "2026-05-12T18:48:30.461782Z"}
{"site_id": "e6ecead0-54d1-41fe-8268-1253d0d7ef3e", "site_name": "Porto Romano Power Station", "index": 1, "total": 361, "quality": "insufficient", "facility_count": 0, "elapsed_ms": 434, "event": "eea_site_complete", "run_id": "20260512T184829_549c4b66", "level": "info", "timestamp": "2026-05-12T18:48:30.583538Z"}
{"site_id": "6e7fc4d8-636d-411a-baef-e138a5a07acc", "site_name": "Duernrohr power station", "index": 2, "total": 361, "quality": "high", "facility_count": 2, "elapsed_ms": 5, "event": "eea_site_complete", "run_id": "20260512T184829_549c4b66", "level": "info", "timestamp": "2026-05-12T18:48:30.590567Z"}
{"site_id": "532bfb42-0d4c-42cf-a81a-287f2b3a75bf", "site_name": "Enns Power Station", "index": 3, "total": 361, "quality": "high", "facility_count": 7, "elapsed_ms": 4, "event": "eea_site_complete", "run_id": "20260512T184829_549c4b66", "level": "info", "timestamp": "2026-05-12T18:48:30.596566Z"}
{"site_id": "90820fe3-9889-4faf-9906-7c528f8d7bc5", "site_name": "Mellach power station", "index": 4, "total": 361, "quality": "high", "facility_count": 2, "elapsed_ms": 3, "event": "eea_site_complete", "run_id": "20260512T184829_549c4b66", "level": "info", "timestamp": "2026-05-12T18:48:30.601359Z"}
{"site_id": "660d9d71-6733-4294-951b-1c58614d58cf", "site_name": "Riedersbach power station", "index": 5, "total": 361, "quality": "high", "facility_count": 2, "elapsed_ms": 3, "event": "eea_site_complete", "run_id": "20260512T184829_549c4b66", "level": "info", "timestamp": "2026-05-12T18:48:30.605468Z"}
{"site_id": "021c723b-98af-4b72-8f6c-ade538885f10", "site_name": "St Andrae power station", "index": 6, "total": 361, "quality": "high", "facility_count": 1, "elapsed_ms": 3, "event": "eea_site_complete", "run_id": "20260512T184829_549c4b66", "level": "info", "timestamp": "2026-05-12T18:48:30.609417Z"}
{"site_id": "2dcd2c6d-f375-4408-9492-7910662fac03", "site_name": "Timelkam power station", "index": 7, "total": 361, "quality": "medium", "facility_count": 0, "elapsed_ms": 5, "event": "eea_site_complete", "run_id": "20260512T184829_549c4b66", "level": "info", "timestamp": "2026-05-12T18:48:30.616773Z"}
{"site_id": "99d712ac-7993-4186-8a0e-2e88bae7e90f", "site_name": "Voitsberg power station", "index": 8, "total": 361, "quality": "high", "facility_count": 3, "elapsed_ms": 4, "event": "eea_site_complete", "run_id": "20260512T184829_549c4b66", "level": "info", "timestamp": "2026-05-12T18:48:30.621680Z"}
{"site_id": "33d83e11-cfcd-47cb-be5e-82ca0fc352cc", "site_name": "Zeltweg power station", "index": 9, "total": 361, "quality": "high", "facility_count": 2, "elapsed_ms": 3, "event": "eea_site_complete", "run_id": "20260512T184829_549c4b66", "level": "info", "timestamp": "2026-05-12T18:48:30.626047Z"}
{"site_id": "82011c29-a3d3-4a81-a27b-019d2649a251", "site_name": "Banovici power station", "index": 10, "total": 361, "quality": "insufficient", "facility_count": 0, "elapsed_ms": 10, "event": "eea_site_complete", "run_id": "20260512T184829_549c4b66", "level": "info", "timestamp": "2026-05-12T18:48:30.637326Z"}
{"site_id": "67e5a20f-e3ab-4c18-9864-cf4591d6e15f", "site_name": "Bugojno Thermal Power Project", "index": 11, "total": 361, "quality": "insufficient", "facility_count": 0, "elapsed_ms": 28, "event": "eea_site_complete", "run_id": "20260512T184829_549c4b66", "level": "info", "timestamp": "2026-05-12T18:48:30.667284Z"}
{"site_id": "85257083-08d1-4560-b198-a9df414da4a9", "site_name": "Gacko Thermal Power Plant", "index": 12, "total": 361, "quality": "insufficient", "facility_count": 0, "elapsed_ms": 6, "event": "eea_site_complete", "run_id": "20260512T184829_549c4b66", "level": "info", "timestamp": "2026-05-12T18:48:30.674641Z"}
{"site_id": "e2d645e3-c829-4aac-8f6f-d6a5507fd5fa", "site_name": "Glinica power station", "index": 13, "total": 361, "quality": "insufficient", "facility_count": 0, "elapsed_ms": 11, "event": "eea_site_complete", "run_id": "20260512T184829_549c4b66", "level": "info", "timestamp": "2026-05-12T18:48:30.687392Z"}
{"site_id": "e671be33-8b91-40bd-b563-b833293654aa", "site_name": "Kakanj Thermal Power Plant", "index": 14, "total": 361, "quality": "insufficient", "facility_count": 0, "elapsed_ms": 10, "event": "eea_site_complete", "run_id": "20260512T184829_549c4b66", "level": "info", "timestamp": "2026-05-12T18:48:30.699200Z"}
{"site_id": "344e0e9a-558e-4749-bb66-cd746be50cbd", "site_name": "Kamengrad Thermal Power Plant", "index": 15, "total": 361, "quality": "insufficient", "facility_count": 0, "elapsed_ms": 32, "event": "eea_site_complete", "run_id": "20260512T184829_549c4b66", "level": "info", "timestamp": "2026-05-12T18:48:30.733633Z"}
{"site_id": "0155b913-765f-4d44-89f5-c176b6867cef", "site_name": "Kongora Thermal Power Plant", "index": 16, "total": 361, "quality": "insufficient", "facility_count": 0, "elapsed_ms": 6, "event": "eea_site_complete", "run_id": "20260512T184829_549c4b66", "level": "info", "timestamp": "2026-05-12T18:48:30.740832Z"}
{"site_id": "aa0bdb5e-45aa-4d15-8aee-cb5b0e14f5d9", "site_name": "Miljevina power station", "index": 17, "total": 361, "quality": "insufficient", "facility_count": 0, "elapsed_ms": 4, "event": "eea_site_complete", "run_id": "20260512T184829_549c4b66", "level": "info", "timestamp": "2026-05-12T18:48:30.746292Z"}
{"site_id": "e75c63e5-ef2f-4e08-8f8c-3da41215af9d", "site_name": "Stanari Thermal Power Plant", "index": 18, "total": 361, "quality": "insufficient", "facility_count": 0, "elapsed_ms": 4, "event": "eea_site_complete", "run_id": "20260512T184829_549c4b66", "level": "info", "timestamp": "2026-05-12T18:48:30.751943Z"}
{"site_id": "0fb50bcc-5616-40d8-9109-8136a958f18d", "site_name": "Tuzla Thermal Power Plant", "index": 19, "total": 361, "quality": "insufficient", "facility_count": 0, "elapsed_ms": 4, "event": "eea_site_complete", "run_id": "20260512T184829_549c4b66", "level": "info", "timestamp": "2026-05-12T18:48:30.756865Z"}
{"site_id": "a23d073a-cbbd-469a-b134-380945fd3f4c", "site_name": "Ugljevik power station", "index": 20, "total": 361, "quality": "insufficient", "facility_count": 0, "elapsed_ms": 4, "event": "eea_site_complete", "run_id": "20260512T184829_549c4b66", "level": "info", "timestamp": "2026-05-12T18:48:30.762672Z"}
{"site_id": "b01fe781-dbc7-40f8-a544-946288020042", "site_name": "Bobov Dol power station", "index": 21, "total": 361, "quality": "high", "facility_count": 1, "elapsed_ms": 3, "event": "eea_site_complete", "run_id": "20260512T184829_549c4b66", "level": "info", "timestamp": "2026-05-12T18:48:30.767714Z"}
{"site_id": "fee1d5b3-827f-4172-8492-a3e114a3c39e", "site_name": "Brikel power station", "index": 22, "total": 361, "quality": "medium", "facility_count": 0, "elapsed_ms": 4, "event": "eea_site_complete", "run_id": "20260512T184829_549c4b66", "level": "info", "timestamp": "2026-05-12T18:48:30.773561Z"}
{"site_id": "398cc0f2-25d5-428a-93c9-5e4859680e86", "site_name": "Deven power station", "index": 23, "total": 361, "quality": "high", "facility_count": 1, "elapsed_ms": 3, "event": "eea_site_complete", "run_id": "20260512T184829_549c4b66", "level": "info", "timestamp": "2026-05-12T18:48:30.777733Z"}
{"site_id": "30c9e377-b575-46fa-880f-922c46e6500a", "site_name": "Lom Power Station", "index": 24, "total": 361, "quality": "medium", "facility_count": 0, "elapsed_ms": 4, "event": "eea_site_complete", "run_id": "20260512T184829_549c4b66", "level": "info", "timestamp": "2026-05-12T18:48:30.783108Z"}
{"site_id": "3bb6666f-de2f-4c6f-a28e-c3bddb71b54a", "site_name": "Maritsa 3 power station", "index": 25, "total": 361, "quality": "medium", "facility_count": 0, "elapsed_ms": 5, "event": "eea_site_complete", "run_id": "20260512T184829_549c4b66", "level": "info", "timestamp": "2026-05-12T18:48:30.789257Z"}
{"completed": 25, "total": 361, "succeeded": 25, "failed": 0, "elapsed_s": 0.7, "event": "eea_batch_progress", "run_id": "20260512T184829_549c4b66", "level": "info", "timestamp": "2026-05-12T18:48:30.789304Z"}
{"site_id": "d12d7173-8595-4b53-92af-75b44b5a2fb7", "site_name": "Maritsa Iztok-1 power station", "index": 26, "total": 361, "quality": "medium", "facility_count": 0, "elapsed_ms": 4, "event": "eea_site_complete", "run_id": "20260512T184829_549c4b66", "level": "info", "timestamp": "2026-05-12T18:48:30.794839Z"}
{"site_id": "ec5f337a-ca52-4b86-a0f4-4933eac349e3", "site_name": "Maritsa Iztok-2 power station", "index": 27, "total": 361, "quality": "medium", "facility_count": 0, "elapsed_ms": 4, "event": "eea_site_complete", "run_id": "20260512T184829_549c4b66", "level": "info", "timestamp": "2026-05-12T18:48:30.800166Z"}
{"site_id": "0e860f58-416b-4116-836d-04edf8ded225", "site_name": "Maritsa Iztok-3 power station", "index": 28, "total": 361, "quality": "medium", "facility_count": 0, "elapsed_ms": 4, "event": "eea_site_complete", "run_id": "20260512T184829_549c4b66", "level": "info", "timestamp": "2026-05-12T18:48:30.805176Z"}
{"site_id": "b1bcb7d3-cd40-40c9-9c59-a01fa71053b3", "site_name": "Maritsa Iztok-4 power station", "index": 29, "total": 361, "quality": "medium", "facility_count": 0, "elapsed_ms": 4, "event": "eea_site_complete", "run_id": "20260512T184829_549c4b66", "level": "info", "timestamp": "2026-05-12T18:48:30.810589Z"}
{"site_id": "33a015dd-51e0-497e-b0d3-4b1b3f070438", "site_name": "Republika power station", "index": 30, "total": 361, "quality": "high", "facility_count": 1, "elapsed_ms": 3, "event": "eea_site_complete", "run_id": "20260512T184829_549c4b66", "level": "info", "timestamp": "2026-05-12T18:48:30.814929Z"}
{"site_id": "704ef487-f600-4f23-b06e-a0f81b627597", "site_name": "Ruse Iztok power station", "index": 31, "total": 361, "quality": "high", "facility_count": 1, "elapsed_ms": 4, "event": "eea_site_complete", "run_id": "20260512T184829_549c4b66", "level": "info", "timestamp": "2026-05-12T18:48:30.820550Z"}
{"site_id": "93685558-3355-4da2-9a4a-4cccd89f9269", "site_name": "Sliven power station", "index": 32, "total": 361, "quality": "medium", "facility_count": 0, "elapsed_ms": 4, "event": "eea_site_complete", "run_id": "20260512T184829_549c4b66", "level": "info", "timestamp": "2026-05-12T18:48:30.825684Z"}
{"site_id": "2fb27566-cc7b-4530-8ff9-e55e3a1985bd", "site_name": "Svilosa power station", "index": 33, "total": 361, "quality": "medium", "facility_count": 0, "elapsed_ms": 4, "event": "eea_site_complete", "run_id": "20260512T184829_549c4b66", "level": "info", "timestamp": "2026-05-12T18:48:30.831997Z"}
{"site_id": "85c56b15-450b-4bb1-b75e-5ea00ee51cb2", "site_name": "Varna power station", "index": 34, "total": 361, "quality": "high", "facility_count": 1, "elapsed_ms": 3, "event": "eea_site_complete", "run_id": "20260512T184829_549c4b66", "level": "info", "timestamp": "2026-05-12T18:48:30.836362Z"}
{"site_id": "a064c7ae-e699-4a94-a18c-79bdfe42bce3", "site_name": "Vidin Works power station", "index": 35, "total": 361, "quality": "medium", "facility_count": 0, "elapsed_ms": 3, "event": "eea_site_complete", "run_id": "20260512T184829_549c4b66", "level": "info", "timestamp": "2026-05-12T18:48:30.840908Z"}
{"site_id": "68aabff9-e662-4b9f-b37d-4c2ebc5f7539", "site_name": "Lelchitsy power station", "index": 36, "total": 361, "quality": "insufficient", "facility_count": 0, "elapsed_ms": 4, "event": "eea_site_complete", "run_id": "20260512T184829_549c4b66", "level": "info", "timestamp": "2026-05-12T18:48:30.846056Z"}
{"site_id": "fac3d0b5-36a5-48ae-8494-f2f08e4342f4", "site_name": "Zelwa power station", "index": 37, "total": 361, "quality": "insufficient", "facility_count": 0, "elapsed_ms": 4, "event": "eea_site_complete", "run_id": "20260512T184829_549c4b66", "level": "info", "timestamp": "2026-05-12T18:48:30.852100Z"}
{"site_id": "d762ceeb-514f-43a6-9f91-a2d422ed6c60", "site_name": "Chvaletice power station", "index": 38, "total": 361, "quality": "medium", "facility_count": 0, "elapsed_ms": 4, "event": "eea_site_complete", "run_id": "20260512T184829_549c4b66", "level": "info", "timestamp": "2026-05-12T18:48:30.857259Z"}
{"site_id": "a733fc13-11a4-4722-b62d-85c85a4f8ef3", "site_name": "Detmarovice power station", "index": 39, "total": 361, "quality": "high", "facility_count": 1, "elapsed_ms": 3, "event": "eea_site_complete", "run_id": "20260512T184829_549c4b66", "level": "info", "timestamp": "2026-05-12T18:48:30.861751Z"}
{"site_id": "180880c2-7284-4723-b02a-a62348b9b40b", "site_name": "Hodonin power station", "index": 40, "total": 361, "quality": "medium", "facility_count": 0, "elapsed_ms": 4, "event": "eea_site_complete", "run_id": "20260512T184829_549c4b66", "level": "info", "timestamp": "2026-05-12T18:48:30.867006Z"}
{"site_id": "43e5b2b4-2ccf-46ab-b01e-e3d480146455", "site_name": "Karvina power station", "index": 41, "total": 361, "quality": "medium", "facility_count": 0, "elapsed_ms": 4, "event": "eea_site_complete", "run_id": "20260512T184829_549c4b66", "level": "info", "timestamp": "2026-05-12T18:48:30.872549Z"}
{"site_id": "f1d2bca1-a7a9-4404-84c1-34fc8a59dab7", "site_name": "Kladno power station", "index": 42, "total": 361, "quality": "medium", "facility_count": 0, "elapsed_ms": 4, "event": "eea_site_complete", "run_id": "20260512T184829_549c4b66", "level": "info", "timestamp": "2026-05-12T18:48:30.877978Z"}
{"site_id": "274ec928-e527-44cf-86c5-b6eddc09d0f7", "site_name": "Komorany power station", "index": 43, "total": 361, "quality": "medium", "facility_count": 0, "elapsed_ms": 4, "event": "eea_site_complete", "run_id": "20260512T184829_549c4b66", "level": "info", "timestamp": "2026-05-12T18:48:30.883479Z"}
{"site_id": "2fe0a0b3-4108-427e-8e54-f77e1ea7227c", "site_name": "Ledvice power station", "index": 44, "total": 361, "quality": "medium", "facility_count": 0, "elapsed_ms": 4, "event": "eea_site_complete", "run_id": "20260512T184829_549c4b66", "level": "info", "timestamp": "2026-05-12T18:48:30.889092Z"}
{"site_id": "1c059a42-608c-4753-8fcf-ba797d94f900", "site_name": "Malesice power station", "index": 45, "total": 361, "quality": "medium", "facility_count": 0, "elapsed_ms": 3, "event": "eea_site_complete", "run_id": "20260512T184829_549c4b66", "level": "info", "timestamp": "2026-05-12T18:48:30.893800Z"}
{"site_id": "cbd67443-4a4e-44fd-a9ed-20ba9574c99e", "site_name": "Marianske Hory power station", "index": 46, "total": 361, "quality": "medium", "facility_count": 0, "elapsed_ms": 4, "event": "eea_site_complete", "run_id": "20260512T184829_549c4b66", "level": "info", "timestamp": "2026-05-12T18:48:30.899542Z"}
{"site_id": "f3523341-daaa-4573-a856-becb2e1bb9e3", "site_name": "Melnik power station", "index": 47, "total": 361, "quality": "medium", "facility_count": 0, "elapsed_ms": 4, "event": "eea_site_complete", "run_id": "20260512T184829_549c4b66", "level": "info", "timestamp": "2026-05-12T18:48:30.904953Z"}
{"site_id": "e299922a-1670-4aff-acda-fd80600af9af", "site_name": "Mondi Steti power station", "index": 48, "total": 361, "quality": "medium", "facility_count": 0, "elapsed_ms": 4, "event": "eea_site_complete", "run_id": "20260512T184829_549c4b66", "level": "info", "timestamp": "2026-05-12T18:48:30.910102Z"}
{"site_id": "4eb7914c-e000-403c-b5a5-c350de67bb83", "site_name": "Mostecka Power Station", "index": 49, "total": 361, "quality": "medium", "facility_count": 0, "elapsed_ms": 4, "event": "eea_site_complete", "run_id": "20260512T184829_549c4b66", "level": "info", "timestamp": "2026-05-12T18:48:30.915570Z"}
{"site_id": "44d40276-5847-41d1-ab9b-887bbdc1bcfe", "site_name": "Olomouc power station", "index": 50, "total": 361, "quality": "medium", "facility_count": 0, "elapsed_ms": 7, "event": "eea_site_complete", "run_id": "20260512T184829_549c4b66", "level": "info", "timestamp": "2026-05-12T18:48:30.924240Z"}
{"completed": 50, "total": 361, "succeeded": 50, "failed": 0, "elapsed_s": 0.9, "event": "eea_batch_progress", "run_id": "20260512T184829_549c4b66", "level": "info", "timestamp": "2026-05-12T18:48:30.924286Z"}
{"site_id": "05daa6b2-bb29-4c26-a459-855626673955", "site_name": "Opatovice power station", "index": 51, "total": 361, "quality": "medium", "facility_count": 0, "elapsed_ms": 4, "event": "eea_site_complete", "run_id": "20260512T184829_549c4b66", "level": "info", "timestamp": "2026-05-12T18:48:30.929294Z"}
{"site_id": "9c4291f1-173b-467e-ae26-8cb01312c605", "site_name": "Plana Nad Luznici power station", "index": 52, "total": 361, "quality": "medium", "facility_count": 0, "elapsed_ms": 4, "event": "eea_site_complete", "run_id": "20260512T184829_549c4b66", "level": "info", "timestamp": "2026-05-12T18:48:30.934909Z"}
{"site_id": "97ed917e-acfa-4002-be89-4ec44972ab45", "site_name": "Plzen CHP power station", "index": 53, "total": 361, "quality": "medium", "facility_count": 0, "elapsed_ms": 5, "event": "eea_site_complete", "run_id": "20260512T184829_549c4b66", "level": "info", "timestamp": "2026-05-12T18:48:30.941139Z"}
{"site_id": "a6bf9980-016e-47ea-b40a-82e384a9eb43", "site_name": "Plzenska energetika ELU III power station", "index": 54, "total": 361, "quality": "medium", "facility_count": 0, "elapsed_ms": 3, "event": "eea_site_complete", "run_id": "20260512T184829_549c4b66", "level": "info", "timestamp": "2026-05-12T18:48:30.945809Z"}
{"site_id": "32484f7b-18a4-4b21-8e6a-6d68ae099d02", "site_name": "Pocerady power station", "index": 55, "total": 361, "quality": "medium", "facility_count": 0, "elapsed_ms": 3, "event": "eea_site_complete", "run_id": "20260512T184829_549c4b66", "level": "info", "timestamp": "2026-05-12T18:48:30.950513Z"}
{"site_id": "20bce4f5-ca0b-4145-87e5-0a0694343f31", "site_name": "Porici power station", "index": 56, "total": 361, "quality": "high", "facility_count": 1, "elapsed_ms": 3, "event": "eea_site_complete", "run_id": "20260512T184829_549c4b66", "level": "info", "timestamp": "2026-05-12T18:48:30.954762Z"}
{"site_id": "60baaa73-dd8c-4865-bb18-6c73d63a4052", "site_name": "Prerov power station", "index": 57, "total": 361, "quality": "medium", "facility_count": 0, "elapsed_ms": 3, "event": "eea_site_complete", "run_id": "20260512T184829_549c4b66", "level": "info", "timestamp": "2026-05-12T18:48:30.959401Z"}
{"site_id": "0ae8917b-a70b-41e5-82de-e4963a7686e3", "site_name": "Pribram power station", "index": 58, "total": 361, "quality": "medium", "facility_count": 0, "elapsed_ms": 4, "event": "eea_site_complete", "run_id": "20260512T184829_549c4b66", "level": "info", "timestamp": "2026-05-12T18:48:30.965096Z"}
{"site_id": "b0ba194f-3c80-4725-b1e7-fa5277b38833", "site_name": "Prunerov power station", "index": 59, "total": 361, "quality": "medium", "facility_count": 0, "elapsed_ms": 5, "event": "eea_site_complete", "run_id": "20260512T184829_549c4b66", "level": "info", "timestamp": "2026-05-12T18:48:30.971094Z"}
{"site_id": "20c9d02d-e9e8-40b3-a11e-7a2e01018d8c", "site_name": "Sko-Energo power station", "index": 60, "total": 361, "quality": "medium", "facility_count": 0, "elapsed_ms": 4, "event": "eea_site_complete", "run_id": "20260512T184829_549c4b66", "level": "info", "timestamp": "2026-05-12T18:48:30.976093Z"}
{"site_id": "14e88076-ce0e-4693-bca4-e80f3f013c7f", "site_name": "Tisova power station", "index": 61, "total": 361, "quality": "medium", "facility_count": 0, "elapsed_ms": 4, "event": "eea_site_complete", "run_id": "20260512T184829_549c4b66", "level": "info", "timestamp": "2026-05-12T18:48:30.981414Z"}
{"site_id": "66c3f077-1ee6-41d7-8e6c-da374bb45139", "site_name": "Trebovice power station", "index": 62, "total": 361, "quality": "medium", "facility_count": 0, "elapsed_ms": 4, "event": "eea_site_complete", "run_id": "20260512T184829_549c4b66", "level": "info", "timestamp": "2026-05-12T18:48:30.986108Z"}
{"site_id": "63601ccc-3f20-4cbd-95cb-0fbeaf821c6a", "site_name": "Trinec-E3 power station", "index": 63, "total": 361, "quality": "medium", "facility_count": 0, "elapsed_ms": 3, "event": "eea_site_complete", "run_id": "20260512T184829_549c4b66", "level": "info", "timestamp": "2026-05-12T18:48:30.990570Z"}
{"site_id": "287cbb48-bb08-40dd-82c5-cfe1530dfbb9", "site_name": "Tusimice power station", "index": 64, "total": 361, "quality": "medium", "facility_count": 0, "elapsed_ms": 3, "event": "eea_site_complete", "run_id": "20260512T184829_549c4b66", "level": "info", "timestamp": "2026-05-12T18:48:30.994922Z"}
{"site_id": "5f4ed23c-cea2-41ef-a3e8-ac863e1bdcd6", "site_name": "Vresova TPS power station", "index": 65, "total": 361, "quality": "medium", "facility_count": 0, "elapsed_ms": 3, "event": "eea_site_complete", "run_id": "20260512T184829_549c4b66", "level": "info", "timestamp": "2026-05-12T18:48:30.999719Z"}
{"site_id": "aa38441d-aec7-4ae9-b4c3-68c5bf567db3", "site_name": "Zlin power station", "index": 66, "total": 361, "quality": "medium", "facility_count": 0, "elapsed_ms": 4, "event": "eea_site_complete", "run_id": "20260512T184829_549c4b66", "level": "info", "timestamp": "2026-05-12T18:48:31.005469Z"}
{"site_id": "7af0e000-3d19-4e5e-b504-f74897f1510c", "site_name": "Plo\u010de power station", "index": 67, "total": 361, "quality": "medium", "facility_count": 0, "elapsed_ms": 3, "event": "eea_site_complete", "run_id": "20260512T184829_549c4b66", "level": "info", "timestamp": "2026-05-12T18:48:31.010423Z"}
{"site_id": "ab151830-e5bd-46de-8400-01aa4c165366", "site_name": "Plomin power station", "index": 68, "total": 361, "quality": "medium", "facility_count": 0, "elapsed_ms": 3, "event": "eea_site_complete", "run_id": "20260512T184829_549c4b66", "level": "info", "timestamp": "2026-05-12T18:48:31.015121Z"}
{"site_id": "ef325d90-6d2d-4f8f-89f2-3bc98beb149b", "site_name": "Bakony power station", "index": 69, "total": 361, "quality": "high", "facility_count": 1, "elapsed_ms": 3, "event": "eea_site_complete", "run_id": "20260512T184829_549c4b66", "level": "info", "timestamp": "2026-05-12T18:48:31.019253Z"}
{"site_id": "f2b3a729-602a-4b6b-acc9-004244f2e556", "site_name": "Banhida-II power station", "index": 70, "total": 361, "quality": "high", "facility_count": 3, "elapsed_ms": 3, "event": "eea_site_complete", "run_id": "20260512T184829_549c4b66", "level": "info", "timestamp": "2026-05-12T18:48:31.023768Z"}
{"site_id": "f7dcdb63-26e6-44cd-b440-ec14fe507d90", "site_name": "Borsod power station", "index": 71, "total": 361, "quality": "high", "facility_count": 6, "elapsed_ms": 3, "event": "eea_site_complete", "run_id": "20260512T184829_549c4b66", "level": "info", "timestamp": "2026-05-12T18:48:31.028010Z"}
{"site_id": "28b36531-865d-42ae-afb3-b8bad86f7014", "site_name": "Matra power station", "index": 72, "total": 361, "quality": "high", "facility_count": 6, "elapsed_ms": 3, "event": "eea_site_complete", "run_id": "20260512T184829_549c4b66", "level": "info", "timestamp": "2026-05-12T18:48:31.032684Z"}
{"site_id": "903d6b94-cd9d-4c32-b7e2-4bbfbee929df", "site_name": "Matraterenye power station", "index": 73, "total": 361, "quality": "high", "facility_count": 4, "elapsed_ms": 4, "event": "eea_site_complete", "run_id": "20260512T184829_549c4b66", "level": "info", "timestamp": "2026-05-12T18:48:31.037662Z"}
{"site_id": "34d88ce8-d49c-4b19-af2d-6efcb1b72149", "site_name": "Mecsek Hills power station", "index": 74, "total": 361, "quality": "high", "facility_count": 3, "elapsed_ms": 3, "event": "eea_site_complete", "run_id": "20260512T184829_549c4b66", "level": "info", "timestamp": "2026-05-12T18:48:31.041882Z"}
{"site_id": "997474f6-9bfd-4abd-a2ac-d8618db8f0b4", "site_name": "Mohacs power station", "index": 75, "total": 361, "quality": "high", "facility_count": 2, "elapsed_ms": 3, "event": "eea_site_complete", "run_id": "20260512T184829_549c4b66", "level": "info", "timestamp": "2026-05-12T18:48:31.046257Z"}
{"completed": 75, "total": 361, "succeeded": 75, "failed": 0, "elapsed_s": 1.0, "event": "eea_batch_progress", "run_id": "20260512T184829_549c4b66", "level": "info", "timestamp": "2026-05-12T18:48:31.046297Z"}
{"site_id": "651839d3-4e8f-4214-89aa-1f96ea221121", "site_name": "Oroszl\u00e1ny power station", "index": 76, "total": 361, "quality": "high", "facility_count": 3, "elapsed_ms": 3, "event": "eea_site_complete", "run_id": "20260512T184829_549c4b66", "level": "info", "timestamp": "2026-05-12T18:48:31.050318Z"}
{"site_id": "e1649639-2e45-4226-9c7a-783d2dcb6724", "site_name": "Pecs power station", "index": 77, "total": 361, "quality": "high", "facility_count": 3, "elapsed_ms": 3, "event": "eea_site_complete", "run_id": "20260512T184829_549c4b66", "level": "info", "timestamp": "2026-05-12T18:48:31.055127Z"}
{"site_id": "5de5f907-98e7-42d3-a7dd-cb65f839697b", "site_name": "Tiszapalkonya power station", "index": 78, "total": 361, "quality": "high", "facility_count": 6, "elapsed_ms": 4, "event": "eea_site_complete", "run_id": "20260512T184829_549c4b66", "level": "info", "timestamp": "2026-05-12T18:48:31.060541Z"}
{"site_id": "059b3ad4-7196-4e6b-b169-8605ceeed841", "site_name": "Torony power station", "index": 79, "total": 361, "quality": "high", "facility_count": 1, "elapsed_ms": 3, "event": "eea_site_complete", "run_id": "20260512T184829_549c4b66", "level": "info", "timestamp": "2026-05-12T18:48:31.064530Z"}
{"site_id": "1a5b8f8f-f4be-4514-8738-755d25e19b41", "site_name": "Kurzeme power station", "index": 80, "total": 361, "quality": "high", "facility_count": 1, "elapsed_ms": 3, "event": "eea_site_complete", "run_id": "20260512T184829_549c4b66", "level": "info", "timestamp": "2026-05-12T18:48:31.069563Z"}
{"site_id": "b3eb5dd2-98cf-40c4-b9ee-2a86fd066093", "site_name": "Kuchurgan power station", "index": 81, "total": 361, "quality": "insufficient", "facility_count": 0, "elapsed_ms": 3, "event": "eea_site_complete", "run_id": "20260512T184829_549c4b66", "level": "info", "timestamp": "2026-05-12T18:48:31.074304Z"}
{"site_id": "3795824b-cb76-48dd-a65c-764c757ddc76", "site_name": "Bar power station", "index": 82, "total": 361, "quality": "insufficient", "facility_count": 0, "elapsed_ms": 4, "event": "eea_site_complete", "run_id": "20260512T184829_549c4b66", "level": "info", "timestamp": "2026-05-12T18:48:31.079810Z"}
{"site_id": "e77a7e7f-11ba-4e61-98da-f44471bc52ab", "site_name": "Berane power station", "index": 83, "total": 361, "quality": "insufficient", "facility_count": 0, "elapsed_ms": 3, "event": "eea_site_complete", "run_id": "20260512T184829_549c4b66", "level": "info", "timestamp": "2026-05-12T18:48:31.084873Z"}
{"site_id": "a851b5f3-8392-4766-82b9-379c6c04fe5d", "site_name": "Maoce Power Station", "index": 84, "total": 361, "quality": "insufficient", "facility_count": 0, "elapsed_ms": 4, "event": "eea_site_complete", "run_id": "20260512T184829_549c4b66", "level": "info", "timestamp": "2026-05-12T18:48:31.090682Z"}
{"site_id": "a9385c82-79b7-4f8d-b609-0a12ed946fe6", "site_name": "Pljevlja power station", "index": 85, "total": 361, "quality": "insufficient", "facility_count": 0, "elapsed_ms": 3, "event": "eea_site_complete", "run_id": "20260512T184829_549c4b66", "level": "info", "timestamp": "2026-05-12T18:48:31.095239Z"}
{"site_id": "1739b1b7-a6f3-466c-9dfa-3d1de9d5b6db", "site_name": "Bitola power station", "index": 86, "total": 361, "quality": "insufficient", "facility_count": 0, "elapsed_ms": 4, "event": "eea_site_complete", "run_id": "20260512T184829_549c4b66", "level": "info", "timestamp": "2026-05-12T18:48:31.100482Z"}
{"site_id": "7bff5ef2-646d-4b83-83b0-7f3da32f0254", "site_name": "Mariovo power station", "index": 87, "total": 361, "quality": "insufficient", "facility_count": 0, "elapsed_ms": 3, "event": "eea_site_complete", "run_id": "20260512T184829_549c4b66", "level": "info", "timestamp": "2026-05-12T18:48:31.104754Z"}
{"site_id": "83d3abe4-2049-47ad-a66b-46034edb7569", "site_name": "Negotino power station", "index": 88, "total": 361, "quality": "insufficient", "facility_count": 0, "elapsed_ms": 3, "event": "eea_site_complete", "run_id": "20260512T184829_549c4b66", "level": "info", "timestamp": "2026-05-12T18:48:31.109583Z"}
{"site_id": "756218bb-3f16-443e-b6c6-400cd0ce2f87", "site_name": "Oslomej power station", "index": 89, "total": 361, "quality": "insufficient", "facility_count": 0, "elapsed_ms": 4, "event": "eea_site_complete", "run_id": "20260512T184829_549c4b66", "level": "info", "timestamp": "2026-05-12T18:48:31.115162Z"}
{"site_id": "e4e3b5f0-7038-47a5-84e3-04eb07b3c4d7", "site_name": "Adamow power station", "index": 90, "total": 361, "quality": "medium", "facility_count": 0, "elapsed_ms": 4, "event": "eea_site_complete", "run_id": "20260512T184829_549c4b66", "level": "info", "timestamp": "2026-05-12T18:48:31.120789Z"}
{"site_id": "d3b5a049-6bff-400b-9312-96985f03acea", "site_name": "Bedzin power station", "index": 91, "total": 361, "quality": "high", "facility_count": 4, "elapsed_ms": 4, "event": "eea_site_complete", "run_id": "20260512T184829_549c4b66", "level": "info", "timestamp": "2026-05-12T18:48:31.125803Z"}
{"site_id": "8e485f8a-5c68-4541-ab1d-77783f6fcb2d", "site_name": "Belchatow power station", "index": 92, "total": 361, "quality": "medium", "facility_count": 0, "elapsed_ms": 3, "event": "eea_site_complete", "run_id": "20260512T184829_549c4b66", "level": "info", "timestamp": "2026-05-12T18:48:31.130766Z"}
{"site_id": "06641fea-8997-4b69-a618-6afa34b82591", "site_name": "Bialystok power station", "index": 93, "total": 361, "quality": "high", "facility_count": 1, "elapsed_ms": 3, "event": "eea_site_complete", "run_id": "20260512T184829_549c4b66", "level": "info", "timestamp": "2026-05-12T18:48:31.135797Z"}
{"site_id": "73fe8f06-c53b-4877-9c1d-5caf3d8f2749", "site_name": "Bielsko-Biala power station", "index": 94, "total": 361, "quality": "high", "facility_count": 2, "elapsed_ms": 3, "event": "eea_site_complete", "run_id": "20260512T184829_549c4b66", "level": "info", "timestamp": "2026-05-12T18:48:31.139669Z"}
{"site_id": "ccc15bde-1c5a-40bf-8f09-2fcb1e896ce5", "site_name": "Blachownia power station", "index": 95, "total": 361, "quality": "high", "facility_count": 2, "elapsed_ms": 3, "event": "eea_site_complete", "run_id": "20260512T184829_549c4b66", "level": "info", "timestamp": "2026-05-12T18:48:31.144149Z"}
{"site_id": "9f4a0d6c-e2fa-4e9b-b412-d779d4abf82c", "site_name": "Bydgoszcz power station", "index": 96, "total": 361, "quality": "high", "facility_count": 3, "elapsed_ms": 2, "event": "eea_site_complete", "run_id": "20260512T184829_549c4b66", "level": "info", "timestamp": "2026-05-12T18:48:31.147673Z"}
{"site_id": "a91dfe3d-93e0-43a1-99d2-41abdd1fc2ce", "site_name": "Chorzow Elcho power station", "index": 97, "total": 361, "quality": "high", "facility_count": 2, "elapsed_ms": 3, "event": "eea_site_complete", "run_id": "20260512T184829_549c4b66", "level": "info", "timestamp": "2026-05-12T18:48:31.151700Z"}
{"site_id": "a6b51b4f-ba1d-49cd-bc99-8898acdbeb78", "site_name": "Czeczott power station", "index": 98, "total": 361, "quality": "high", "facility_count": 1, "elapsed_ms": 2, "event": "eea_site_complete", "run_id": "20260512T184829_549c4b66", "level": "info", "timestamp": "2026-05-12T18:48:31.155569Z"}
{"site_id": "b789a244-7d29-4be3-afe4-2f45d7f11eab", "site_name": "Czestochowa CHP power station", "index": 99, "total": 361, "quality": "high", "facility_count": 1, "elapsed_ms": 3, "event": "eea_site_complete", "run_id": "20260512T184829_549c4b66", "level": "info", "timestamp": "2026-05-12T18:48:31.159408Z"}
{"site_id": "558e7bff-5b5d-4666-9ca3-ec02f2269aab", "site_name": "Dolna Odra power station", "index": 100, "total": 361, "quality": "high", "facility_count": 2, "elapsed_ms": 3, "event": "eea_site_complete", "run_id": "20260512T184829_549c4b66", "level": "info", "timestamp": "2026-05-12T18:48:31.163737Z"}
{"completed": 100, "total": 361, "succeeded": 100, "failed": 0, "elapsed_s": 1.1, "event": "eea_batch_progress", "run_id": "20260512T184829_549c4b66", "level": "info", "timestamp": "2026-05-12T18:48:31.163777Z"}
{"site_id": "e9a1ae49-ff79-462c-af4e-7c6843221d36", "site_name": "Gdansk-2 power station", "index": 101, "total": 361, "quality": "high", "facility_count": 2, "elapsed_ms": 3, "event": "eea_site_complete", "run_id": "20260512T184829_549c4b66", "level": "info", "timestamp": "2026-05-12T18:48:31.168124Z"}
{"site_id": "ad7a9c00-0c75-411f-8f89-859e603df1e6", "site_name": "Gdynia-3 power station", "index": 102, "total": 361, "quality": "high", "facility_count": 2, "elapsed_ms": 4, "event": "eea_site_complete", "run_id": "20260512T184829_549c4b66", "level": "info", "timestamp": "2026-05-12T18:48:31.173226Z"}
{"site_id": "416aab55-6fd9-4a0a-b8f8-796fb62d86a5", "site_name": "Gliwice Works power station", "index": 103, "total": 361, "quality": "high", "facility_count": 2, "elapsed_ms": 3, "event": "eea_site_complete", "run_id": "20260512T184829_549c4b66", "level": "info", "timestamp": "2026-05-12T18:48:31.177973Z"}
{"site_id": "40650551-0c9c-45ea-bac6-befdb0cb5909", "site_name": "Gorzow power station", "index": 104, "total": 361, "quality": "medium", "facility_count": 0, "elapsed_ms": 4, "event": "eea_site_complete", "run_id": "20260512T184829_549c4b66", "level": "info", "timestamp": "2026-05-12T18:48:31.182894Z"}
{"site_id": "917008f5-fba1-4ef7-b82d-9aded2b69267", "site_name": "Gubin Power Project", "index": 105, "total": 361, "quality": "medium", "facility_count": 0, "elapsed_ms": 4, "event": "eea_site_complete", "run_id": "20260512T184829_549c4b66", "level": "info", "timestamp": "2026-05-12T18:48:31.188453Z"}
{"site_id": "29479c3f-8db8-4f62-90e8-59ad6739f90b", "site_name": "Halemba power station", "index": 106, "total": 361, "quality": "high", "facility_count": 3, "elapsed_ms": 3, "event": "eea_site_complete", "run_id": "20260512T184829_549c4b66", "level": "info", "timestamp": "2026-05-12T18:48:31.192618Z"}
{"site_id": "c4d7f628-c108-4496-ac02-6076ea3ae448", "site_name": "Jaworzno power station", "index": 107, "total": 361, "quality": "high", "facility_count": 3, "elapsed_ms": 3, "event": "eea_site_complete", "run_id": "20260512T184829_549c4b66", "level": "info", "timestamp": "2026-05-12T18:48:31.197260Z"}
{"site_id": "399668d6-bfed-4e5b-bf38-9ee5902101c3", "site_name": "Katowice PKE power station", "index": 108, "total": 361, "quality": "high", "facility_count": 3, "elapsed_ms": 3, "event": "eea_site_complete", "run_id": "20260512T184829_549c4b66", "level": "info", "timestamp": "2026-05-12T18:48:31.201841Z"}
{"site_id": "239ea0eb-a9c4-43cc-ac5f-35271bdc6613", "site_name": "Kedzierzyn CCS Project", "index": 109, "total": 361, "quality": "medium", "facility_count": 0, "elapsed_ms": 4, "event": "eea_site_complete", "run_id": "20260512T184829_549c4b66", "level": "info", "timestamp": "2026-05-12T18:48:31.207100Z"}
{"site_id": "c39819ef-6798-4c01-9a82-9eead65b5f56", "site_name": "Konin power station", "index": 110, "total": 361, "quality": "medium", "facility_count": 0, "elapsed_ms": 3, "event": "eea_site_complete", "run_id": "20260512T184829_549c4b66", "level": "info", "timestamp": "2026-05-12T18:48:31.211947Z"}
{"site_id": "4411a22e-4e8a-4715-b000-1aae34494b68", "site_name": "Kozienice power station", "index": 111, "total": 361, "quality": "high", "facility_count": 1, "elapsed_ms": 2, "event": "eea_site_complete", "run_id": "20260512T184829_549c4b66", "level": "info", "timestamp": "2026-05-12T18:48:31.215897Z"}
{"site_id": "409dde58-5df1-44d9-b5ec-f8e2edd86786", "site_name": "Krakow-Leg power station", "index": 112, "total": 361, "quality": "high", "facility_count": 2, "elapsed_ms": 3, "event": "eea_site_complete", "run_id": "20260512T184829_549c4b66", "level": "info", "timestamp": "2026-05-12T18:48:31.220732Z"}
{"site_id": "27fc89b3-ee57-44ac-8073-a700bc8d12e8", "site_name": "Lagisza power station", "index": 113, "total": 361, "quality": "high", "facility_count": 4, "elapsed_ms": 3, "event": "eea_site_complete", "run_id": "20260512T184829_549c4b66", "level": "info", "timestamp": "2026-05-12T18:48:31.225055Z"}
{"site_id": "de6735bd-7a79-43c8-baad-1fe23d50d6f0", "site_name": "Laziska power station", "index": 114, "total": 361, "quality": "high", "facility_count": 3, "elapsed_ms": 3, "event": "eea_site_complete", "run_id": "20260512T184829_549c4b66", "level": "info", "timestamp": "2026-05-12T18:48:31.229473Z"}
{"site_id": "0b187a1d-55de-47cf-96a3-06abc8ff2476", "site_name": "Leczna Power Station (Bogdanka SA)", "index": 115, "total": 361, "quality": "high", "facility_count": 1, "elapsed_ms": 3, "event": "eea_site_complete", "run_id": "20260512T184829_549c4b66", "level": "info", "timestamp": "2026-05-12T18:48:31.234351Z"}
{"site_id": "ebc0f461-acfa-47da-8094-5b15ea3e25a0", "site_name": "Leczna Power Station (Enea)", "index": 116, "total": 361, "quality": "high", "facility_count": 1, "elapsed_ms": 3, "event": "eea_site_complete", "run_id": "20260512T184829_549c4b66", "level": "info", "timestamp": "2026-05-12T18:48:31.238525Z"}
{"site_id": "187b4fd7-6a61-4e94-8ed4-495ac6dfc317", "site_name": "Legnica Power Station", "index": 117, "total": 361, "quality": "high", "facility_count": 1, "elapsed_ms": 3, "event": "eea_site_complete", "run_id": "20260512T184829_549c4b66", "level": "info", "timestamp": "2026-05-12T18:48:31.243009Z"}
{"site_id": "29a58981-aaf7-4450-ad41-49dd6d786168", "site_name": "Lodz-2 power station", "index": 118, "total": 361, "quality": "high", "facility_count": 1, "elapsed_ms": 3, "event": "eea_site_complete", "run_id": "20260512T184829_549c4b66", "level": "info", "timestamp": "2026-05-12T18:48:31.247108Z"}
{"site_id": "8dd8db4c-b62d-4f6b-a2ee-70a9ed785e7a", "site_name": "Lodz-3 power station", "index": 119, "total": 361, "quality": "high", "facility_count": 1, "elapsed_ms": 3, "event": "eea_site_complete", "run_id": "20260512T184829_549c4b66", "level": "info", "timestamp": "2026-05-12T18:48:31.251315Z"}
{"site_id": "ef2ee2ae-e73e-490c-aa07-746543fe20e6", "site_name": "Lodz-4 power station", "index": 120, "total": 361, "quality": "high", "facility_count": 1, "elapsed_ms": 3, "event": "eea_site_complete", "run_id": "20260512T184829_549c4b66", "level": "info", "timestamp": "2026-05-12T18:48:31.255302Z"}
{"site_id": "d60b377c-9bb4-4fd5-adb7-a9a9ba98ae76", "site_name": "Lublin Power Station", "index": 121, "total": 361, "quality": "high", "facility_count": 3, "elapsed_ms": 3, "event": "eea_site_complete", "run_id": "20260512T184829_549c4b66", "level": "info", "timestamp": "2026-05-12T18:48:31.259260Z"}
{"site_id": "c42c5942-264d-43a1-a9eb-95b00480eb1a", "site_name": "Miechowice power station", "index": 122, "total": 361, "quality": "high", "facility_count": 2, "elapsed_ms": 3, "event": "eea_site_complete", "run_id": "20260512T184829_549c4b66", "level": "info", "timestamp": "2026-05-12T18:48:31.263118Z"}
{"site_id": "5a57ae0a-6f91-46f4-a1f5-56a6b37596e9", "site_name": "Murcki-Staszic power station", "index": 123, "total": 361, "quality": "high", "facility_count": 3, "elapsed_ms": 3, "event": "eea_site_complete", "run_id": "20260512T184829_549c4b66", "level": "info", "timestamp": "2026-05-12T18:48:31.267666Z"}
{"site_id": "52db4dae-b014-45a4-96c4-49f80c1fdd11", "site_name": "Opalenie power station", "index": 124, "total": 361, "quality": "high", "facility_count": 3, "elapsed_ms": 3, "event": "eea_site_complete", "run_id": "20260512T184829_549c4b66", "level": "info", "timestamp": "2026-05-12T18:48:31.272122Z"}
{"site_id": "1d19dce6-c458-4656-901d-6a8d3c548761", "site_name": "Opole power station", "index": 125, "total": 361, "quality": "high", "facility_count": 1, "elapsed_ms": 3, "event": "eea_site_complete", "run_id": "20260512T184829_549c4b66", "level": "info", "timestamp": "2026-05-12T18:48:31.276392Z"}
{"completed": 125, "total": 361, "succeeded": 125, "failed": 0, "elapsed_s": 1.2, "event": "eea_batch_progress", "run_id": "20260512T184829_549c4b66", "level": "info", "timestamp": "2026-05-12T18:48:31.276433Z"}
{"site_id": "b8bc6544-1571-4906-95e0-314d62c78a24", "site_name": "Ostro\u0142\u0119ka power station", "index": 126, "total": 361, "quality": "high", "facility_count": 1, "elapsed_ms": 3, "event": "eea_site_complete", "run_id": "20260512T184829_549c4b66", "level": "info", "timestamp": "2026-05-12T18:48:31.280827Z"}
{"site_id": "ab57f5c3-8699-46f9-970f-3007dfc58af4", "site_name": "Patnow power station", "index": 127, "total": 361, "quality": "medium", "facility_count": 0, "elapsed_ms": 4, "event": "eea_site_complete", "run_id": "20260512T184829_549c4b66", "level": "info", "timestamp": "2026-05-12T18:48:31.285850Z"}
{"site_id": "8a9d5c87-7edc-49c3-85a2-d97727b9c9b2", "site_name": "Piast Ruch Power Station", "index": 128, "total": 361, "quality": "high", "facility_count": 2, "elapsed_ms": 3, "event": "eea_site_complete", "run_id": "20260512T184829_549c4b66", "level": "info", "timestamp": "2026-05-12T18:48:31.290167Z"}
{"site_id": "2981a12d-3444-4301-96ba-a63ef50bec3e", "site_name": "Polaniec power station", "index": 129, "total": 361, "quality": "high", "facility_count": 1, "elapsed_ms": 3, "event": "eea_site_complete", "run_id": "20260512T184829_549c4b66", "level": "info", "timestamp": "2026-05-12T18:48:31.294119Z"}
{"site_id": "b24f9ac5-5ddf-4b19-ba95-76dafeca3d2c", "site_name": "P\u00f3lnoc power station", "index": 130, "total": 361, "quality": "high", "facility_count": 1, "elapsed_ms": 4, "event": "eea_site_complete", "run_id": "20260512T184829_549c4b66", "level": "info", "timestamp": "2026-05-12T18:48:31.299082Z"}
{"site_id": "e2c23866-db1e-4316-82b5-7e3fe50c3c09", "site_name": "Pomorzany power station", "index": 131, "total": 361, "quality": "high", "facility_count": 2, "elapsed_ms": 3, "event": "eea_site_complete", "run_id": "20260512T184829_549c4b66", "level": "info", "timestamp": "2026-05-12T18:48:31.303783Z"}
{"site_id": "40b4334a-7ba4-4ed8-aa8e-3c405599fbd7", "site_name": "Poznan Karolin power station", "index": 132, "total": 361, "quality": "medium", "facility_count": 0, "elapsed_ms": 4, "event": "eea_site_complete", "run_id": "20260512T184829_549c4b66", "level": "info", "timestamp": "2026-05-12T18:48:31.308908Z"}
{"site_id": "dadadad9-b67e-44b8-a9ab-4cbf116da20b", "site_name": "Puchaczow power station", "index": 133, "total": 361, "quality": "high", "facility_count": 1, "elapsed_ms": 3, "event": "eea_site_complete", "run_id": "20260512T184829_549c4b66", "level": "info", "timestamp": "2026-05-12T18:48:31.313693Z"}
{"site_id": "cdc888ad-fd51-4710-a5ab-3cd0fe9ddb48", "site_name": "Pulawy power station (Grupa Azoty)", "index": 134, "total": 361, "quality": "high", "facility_count": 1, "elapsed_ms": 3, "event": "eea_site_complete", "run_id": "20260512T184829_549c4b66", "level": "info", "timestamp": "2026-05-12T18:48:31.318174Z"}
{"site_id": "a19228ce-f25a-4ffd-a249-9d01403e6b81", "site_name": "Pulawy power station (Vattenfall)", "index": 135, "total": 361, "quality": "high", "facility_count": 1, "elapsed_ms": 3, "event": "eea_site_complete", "run_id": "20260512T184829_549c4b66", "level": "info", "timestamp": "2026-05-12T18:48:31.322618Z"}
{"site_id": "ee332928-87b2-4e7b-9203-20e402bc551f", "site_name": "Pulawy ZAP Works power station", "index": 136, "total": 361, "quality": "high", "facility_count": 1, "elapsed_ms": 3, "event": "eea_site_complete", "run_id": "20260512T184829_549c4b66", "level": "info", "timestamp": "2026-05-12T18:48:31.326857Z"}
{"site_id": "b8a00967-90a3-4a4e-9979-6b8651d87380", "site_name": "Rybnik power station", "index": 137, "total": 361, "quality": "high", "facility_count": 2, "elapsed_ms": 3, "event": "eea_site_complete", "run_id": "20260512T184829_549c4b66", "level": "info", "timestamp": "2026-05-12T18:48:31.332068Z"}
{"site_id": "a7eeee6e-e14a-40ba-80b6-75ed2e170b20", "site_name": "Siechnice power station", "index": 138, "total": 361, "quality": "high", "facility_count": 1, "elapsed_ms": 4, "event": "eea_site_complete", "run_id": "20260512T184829_549c4b66", "level": "info", "timestamp": "2026-05-12T18:48:31.337194Z"}
{"site_id": "a67255dd-8134-418e-9377-e28516c53722", "site_name": "Siekierki power station", "index": 139, "total": 361, "quality": "medium", "facility_count": 0, "elapsed_ms": 4, "event": "eea_site_complete", "run_id": "20260512T184829_549c4b66", "level": "info", "timestamp": "2026-05-12T18:48:31.342174Z"}
{"site_id": "47be3ec4-7abe-4f4c-ac3d-b7f753b8514a", "site_name": "Siersza power station", "index": 140, "total": 361, "quality": "high", "facility_count": 3, "elapsed_ms": 3, "event": "eea_site_complete", "run_id": "20260512T184829_549c4b66", "level": "info", "timestamp": "2026-05-12T18:48:31.346513Z"}
{"site_id": "f5be4e73-938d-4fe2-b585-5090ec780670", "site_name": "Skawina power station", "index": 141, "total": 361, "quality": "high", "facility_count": 2, "elapsed_ms": 3, "event": "eea_site_complete", "run_id": "20260512T184829_549c4b66", "level": "info", "timestamp": "2026-05-12T18:48:31.350920Z"}
{"site_id": "66bdc30c-4179-480b-a55a-5d15be5ac66b", "site_name": "Stalowa Wola power station", "index": 142, "total": 361, "quality": "high", "facility_count": 2, "elapsed_ms": 3, "event": "eea_site_complete", "run_id": "20260512T184829_549c4b66", "level": "info", "timestamp": "2026-05-12T18:48:31.355765Z"}
{"site_id": "7fc17ab0-ce24-4830-a938-b8424d1e9368", "site_name": "Swiecie Pulp Mill power station", "index": 143, "total": 361, "quality": "medium", "facility_count": 0, "elapsed_ms": 4, "event": "eea_site_complete", "run_id": "20260512T184829_549c4b66", "level": "info", "timestamp": "2026-05-12T18:48:31.360747Z"}
{"site_id": "f8f9f43d-6a3b-445d-818e-ca82a90ace65", "site_name": "Szczecin power station", "index": 144, "total": 361, "quality": "high", "facility_count": 2, "elapsed_ms": 4, "event": "eea_site_complete", "run_id": "20260512T184829_549c4b66", "level": "info", "timestamp": "2026-05-12T18:48:31.365876Z"}
{"site_id": "cd84938d-eea8-47a1-8ea6-2e9f943e5914", "site_name": "Tur\u00f3w power station", "index": 145, "total": 361, "quality": "medium", "facility_count": 0, "elapsed_ms": 4, "event": "eea_site_complete", "run_id": "20260512T184829_549c4b66", "level": "info", "timestamp": "2026-05-12T18:48:31.370998Z"}
{"site_id": "3d2d4c37-eb9d-4b35-a8b1-b3f485bc3e3f", "site_name": "Tychy power station", "index": 146, "total": 361, "quality": "high", "facility_count": 4, "elapsed_ms": 3, "event": "eea_site_complete", "run_id": "20260512T184829_549c4b66", "level": "info", "timestamp": "2026-05-12T18:48:31.375541Z"}
{"site_id": "dc87cdf1-9936-4a59-a5e9-b5e360173490", "site_name": "Wroclaw power station", "index": 147, "total": 361, "quality": "high", "facility_count": 3, "elapsed_ms": 3, "event": "eea_site_complete", "run_id": "20260512T184829_549c4b66", "level": "info", "timestamp": "2026-05-12T18:48:31.379855Z"}
{"site_id": "2da9dab9-7b4e-46e7-b1c8-70eeb329c177", "site_name": "Zabrze power station", "index": 148, "total": 361, "quality": "high", "facility_count": 3, "elapsed_ms": 3, "event": "eea_site_complete", "run_id": "20260512T184829_549c4b66", "level": "info", "timestamp": "2026-05-12T18:48:31.384742Z"}
{"site_id": "a55e3643-8ed4-434b-b14f-2d549d09c0d9", "site_name": "Zarnowiec power station", "index": 149, "total": 361, "quality": "high", "facility_count": 1, "elapsed_ms": 4, "event": "eea_site_complete", "run_id": "20260512T184829_549c4b66", "level": "info", "timestamp": "2026-05-12T18:48:31.389794Z"}
{"site_id": "d40cdaf1-49e4-4c59-a6c8-2402cd2bf006", "site_name": "Zeran power station", "index": 150, "total": 361, "quality": "medium", "facility_count": 0, "elapsed_ms": 3, "event": "eea_site_complete", "run_id": "20260512T184829_549c4b66", "level": "info", "timestamp": "2026-05-12T18:48:31.394671Z"}
{"completed": 150, "total": 361, "succeeded": 150, "failed": 0, "elapsed_s": 1.3, "event": "eea_batch_progress", "run_id": "20260512T184829_549c4b66", "level": "info", "timestamp": "2026-05-12T18:48:31.394707Z"}
{"site_id": "b24c9876-5a4d-4b83-b442-af2f4b0d1047", "site_name": "Zofiowka Mine power station", "index": 151, "total": 361, "quality": "high", "facility_count": 1, "elapsed_ms": 3, "event": "eea_site_complete", "run_id": "20260512T184829_549c4b66", "level": "info", "timestamp": "2026-05-12T18:48:31.398857Z"}
{"site_id": "202d797d-b0f9-4cd0-bbac-d7bb06805c09", "site_name": "ZW Nowa power station", "index": 152, "total": 361, "quality": "high", "facility_count": 3, "elapsed_ms": 3, "event": "eea_site_complete", "run_id": "20260512T184829_549c4b66", "level": "info", "timestamp": "2026-05-12T18:48:31.402927Z"}
{"site_id": "5a33e5f0-6d86-4eab-adea-6c6bad7f3f45", "site_name": "Arad power station", "index": 153, "total": 361, "quality": "high", "facility_count": 1, "elapsed_ms": 3, "event": "eea_site_complete", "run_id": "20260512T184829_549c4b66", "level": "info", "timestamp": "2026-05-12T18:48:31.406903Z"}
{"site_id": "dac2a974-a2de-46c5-b581-03985a9ae7d0", "site_name": "Bacau CHP power station", "index": 154, "total": 361, "quality": "medium", "facility_count": 0, "elapsed_ms": 3, "event": "eea_site_complete", "run_id": "20260512T184829_549c4b66", "level": "info", "timestamp": "2026-05-12T18:48:31.411430Z"}
{"site_id": "29836b52-a882-4921-95a7-6417e636d9a2", "site_name": "Braila power station", "index": 155, "total": 361, "quality": "high", "facility_count": 1, "elapsed_ms": 3, "event": "eea_site_complete", "run_id": "20260512T184829_549c4b66", "level": "info", "timestamp": "2026-05-12T18:48:31.415751Z"}
{"site_id": "729f8d17-57c0-4d9a-adab-4b612d4abde5", "site_name": "Brasov power station", "index": 156, "total": 361, "quality": "medium", "facility_count": 0, "elapsed_ms": 4, "event": "eea_site_complete", "run_id": "20260512T184829_549c4b66", "level": "info", "timestamp": "2026-05-12T18:48:31.421326Z"}
{"site_id": "3bef37a3-239e-498d-a160-77452a6a9b79", "site_name": "Bucharest North East power station", "index": 157, "total": 361, "quality": "high", "facility_count": 3, "elapsed_ms": 3, "event": "eea_site_complete", "run_id": "20260512T184829_549c4b66", "level": "info", "timestamp": "2026-05-12T18:48:31.425802Z"}
{"site_id": "a4fa3246-27d6-4740-898c-bdf9dadcb88c", "site_name": "Craiova II power station", "index": 158, "total": 361, "quality": "medium", "facility_count": 0, "elapsed_ms": 4, "event": "eea_site_complete", "run_id": "20260512T184829_549c4b66", "level": "info", "timestamp": "2026-05-12T18:48:31.431779Z"}
{"site_id": "aff5ffe6-fe7a-4de7-afad-9d4645a64cd9", "site_name": "Doicesti power station", "index": 159, "total": 361, "quality": "high", "facility_count": 4, "elapsed_ms": 3, "event": "eea_site_complete", "run_id": "20260512T184829_549c4b66", "level": "info", "timestamp": "2026-05-12T18:48:31.436656Z"}
{"site_id": "18ecb024-ee4f-4045-8254-5e95d61dea8c", "site_name": "FPCU Feldioara", "index": 160, "total": 361, "quality": "high", "facility_count": 1, "elapsed_ms": 3, "event": "eea_site_complete", "run_id": "20260512T184829_549c4b66", "level": "info", "timestamp": "2026-05-12T18:48:31.441204Z"}
{"site_id": "8781d874-5923-4795-9c9f-b2a6c709025a", "site_name": "Galati Power Station", "index": 161, "total": 361, "quality": "high", "facility_count": 1, "elapsed_ms": 3, "event": "eea_site_complete", "run_id": "20260512T184829_549c4b66", "level": "info", "timestamp": "2026-05-12T18:48:31.445071Z"}
{"site_id": "6aed2eac-1c97-40c5-b842-fb15fd510f35", "site_name": "Giurgiu power station", "index": 162, "total": 361, "quality": "high", "facility_count": 1, "elapsed_ms": 3, "event": "eea_site_complete", "run_id": "20260512T184829_549c4b66", "level": "info", "timestamp": "2026-05-12T18:48:31.449066Z"}
{"site_id": "825dc024-9a53-4237-bf59-cbe0af0cf87d", "site_name": "Govora power station", "index": 163, "total": 361, "quality": "medium", "facility_count": 0, "elapsed_ms": 4, "event": "eea_site_complete", "run_id": "20260512T184829_549c4b66", "level": "info", "timestamp": "2026-05-12T18:48:31.454487Z"}
{"site_id": "1d8be6d0-f3a5-4b32-9d46-3526289731f8", "site_name": "Iasi-2 power station", "index": 164, "total": 361, "quality": "high", "facility_count": 1, "elapsed_ms": 3, "event": "eea_site_complete", "run_id": "20260512T184829_549c4b66", "level": "info", "timestamp": "2026-05-12T18:48:31.458516Z"}
{"site_id": "e073b3f8-4312-4d34-b322-6289a3121af1", "site_name": "Isalnita power station", "index": 165, "total": 361, "quality": "medium", "facility_count": 0, "elapsed_ms": 4, "event": "eea_site_complete", "run_id": "20260512T184829_549c4b66", "level": "info", "timestamp": "2026-05-12T18:48:31.463211Z"}
{"site_id": "52a7babe-313f-493b-86b9-bd0c4aece4c3", "site_name": "Mintia-Deva power station", "index": 166, "total": 361, "quality": "high", "facility_count": 3, "elapsed_ms": 2, "event": "eea_site_complete", "run_id": "20260512T184829_549c4b66", "level": "info", "timestamp": "2026-05-12T18:48:31.467081Z"}
{"site_id": "6c428b2a-ad09-448b-b24c-22465929d69c", "site_name": "Oradea power station", "index": 167, "total": 361, "quality": "high", "facility_count": 3, "elapsed_ms": 2, "event": "eea_site_complete", "run_id": "20260512T184829_549c4b66", "level": "info", "timestamp": "2026-05-12T18:48:31.470977Z"}
{"site_id": "9825e28e-fd6e-460d-9caf-0342563f9060", "site_name": "Paroseni power station", "index": 168, "total": 361, "quality": "medium", "facility_count": 0, "elapsed_ms": 3, "event": "eea_site_complete", "run_id": "20260512T184829_549c4b66", "level": "info", "timestamp": "2026-05-12T18:48:31.475939Z"}
{"site_id": "c3790475-3d3b-4e2b-92ae-24503fe03e6b", "site_name": "Romag Termo power station", "index": 169, "total": 361, "quality": "high", "facility_count": 1, "elapsed_ms": 4, "event": "eea_site_complete", "run_id": "20260512T184829_549c4b66", "level": "info", "timestamp": "2026-05-12T18:48:31.481152Z"}
{"site_id": "958e4d82-853a-41f1-a442-94b4c4314221", "site_name": "Rovinari power station", "index": 170, "total": 361, "quality": "medium", "facility_count": 0, "elapsed_ms": 4, "event": "eea_site_complete", "run_id": "20260512T184829_549c4b66", "level": "info", "timestamp": "2026-05-12T18:48:31.486998Z"}
{"site_id": "d498ded8-449c-4672-8bb9-0ed6c8fef775", "site_name": "Slatina power station", "index": 171, "total": 361, "quality": "high", "facility_count": 1, "elapsed_ms": 3, "event": "eea_site_complete", "run_id": "20260512T184829_549c4b66", "level": "info", "timestamp": "2026-05-12T18:48:31.490954Z"}
{"site_id": "693d9b73-f9fc-4502-9b94-be020c5d21fb", "site_name": "Suceava power station", "index": 172, "total": 361, "quality": "high", "facility_count": 1, "elapsed_ms": 3, "event": "eea_site_complete", "run_id": "20260512T184829_549c4b66", "level": "info", "timestamp": "2026-05-12T18:48:31.495109Z"}
{"site_id": "e43af28e-a3d3-4047-a9cf-f3b0990754b4", "site_name": "T\u00e2rgu Jiu Thermal Plant", "index": 173, "total": 361, "quality": "medium", "facility_count": 0, "elapsed_ms": 3, "event": "eea_site_complete", "run_id": "20260512T184829_549c4b66", "level": "info", "timestamp": "2026-05-12T18:48:31.499862Z"}
{"site_id": "345fb795-170a-4fb5-833c-f6bcf2eb450c", "site_name": "Turceni power station", "index": 174, "total": 361, "quality": "medium", "facility_count": 0, "elapsed_ms": 3, "event": "eea_site_complete", "run_id": "20260512T184829_549c4b66", "level": "info", "timestamp": "2026-05-12T18:48:31.504392Z"}
{"site_id": "5d53da59-04c8-43e6-b29e-220bea4d9eb7", "site_name": "Despotovac power station", "index": 175, "total": 361, "quality": "low", "facility_count": 0, "elapsed_ms": 3, "event": "eea_site_complete", "run_id": "20260512T184829_549c4b66", "level": "info", "timestamp": "2026-05-12T18:48:31.508903Z"}
{"completed": 175, "total": 361, "succeeded": 175, "failed": 0, "elapsed_s": 1.4, "event": "eea_batch_progress", "run_id": "20260512T184829_549c4b66", "level": "info", "timestamp": "2026-05-12T18:48:31.508944Z"}
{"site_id": "0182ec25-0df9-4e4b-9861-d76a332bc282", "site_name": "Kolubara A power station", "index": 176, "total": 361, "quality": "low", "facility_count": 0, "elapsed_ms": 3, "event": "eea_site_complete", "run_id": "20260512T184829_549c4b66", "level": "info", "timestamp": "2026-05-12T18:48:31.513934Z"}
{"site_id": "d30af109-79cb-4ab5-a878-6f574b58116a", "site_name": "Kolubara B power station", "index": 177, "total": 361, "quality": "low", "facility_count": 0, "elapsed_ms": 4, "event": "eea_site_complete", "run_id": "20260512T184829_549c4b66", "level": "info", "timestamp": "2026-05-12T18:48:31.519139Z"}
{"site_id": "993ccce2-d5e1-498d-827d-8dbfeb42582b", "site_name": "Kostolac power station", "index": 178, "total": 361, "quality": "low", "facility_count": 0, "elapsed_ms": 3, "event": "eea_site_complete", "run_id": "20260512T184829_549c4b66", "level": "info", "timestamp": "2026-05-12T18:48:31.523566Z"}
{"site_id": "5d4aee8d-9e73-4987-907a-d092e0ba92ed", "site_name": "Kovin power station", "index": 179, "total": 361, "quality": "medium", "facility_count": 2, "elapsed_ms": 4, "event": "eea_site_complete", "run_id": "20260512T184829_549c4b66", "level": "info", "timestamp": "2026-05-12T18:48:31.528816Z"}
{"site_id": "2b03f2e2-64ac-4262-bbff-7a536bda5722", "site_name": "Morava power station", "index": 180, "total": 361, "quality": "low", "facility_count": 0, "elapsed_ms": 3, "event": "eea_site_complete", "run_id": "20260512T184829_549c4b66", "level": "info", "timestamp": "2026-05-12T18:48:31.532843Z"}
{"site_id": "c8f15aca-174b-4be6-a6d9-abfa4685d10d", "site_name": "Nikola Tesla power station", "index": 181, "total": 361, "quality": "low", "facility_count": 0, "elapsed_ms": 3, "event": "eea_site_complete", "run_id": "20260512T184829_549c4b66", "level": "info", "timestamp": "2026-05-12T18:48:31.536905Z"}
{"site_id": "296282b1-d079-4c1e-b2df-12c25128b963", "site_name": "\u0160tavalj Power Station", "index": 182, "total": 361, "quality": "low", "facility_count": 0, "elapsed_ms": 3, "event": "eea_site_complete", "run_id": "20260512T184829_549c4b66", "level": "info", "timestamp": "2026-05-12T18:48:31.540687Z"}
{"site_id": "0750b80c-a54b-4ea5-b3e5-9dfb7309eca2", "site_name": "Sostanj power station", "index": 183, "total": 361, "quality": "high", "facility_count": 2, "elapsed_ms": 2, "event": "eea_site_complete", "run_id": "20260512T184829_549c4b66", "level": "info", "timestamp": "2026-05-12T18:48:31.544318Z"}
{"site_id": "4cf7f820-7ad9-411e-bf39-2bbef290aaf6", "site_name": "Te-Tol power station", "index": 184, "total": 361, "quality": "high", "facility_count": 1, "elapsed_ms": 3, "event": "eea_site_complete", "run_id": "20260512T184829_549c4b66", "level": "info", "timestamp": "2026-05-12T18:48:31.548668Z"}
{"site_id": "008a3366-6f56-4c1a-ac5d-6b0c75b7c7fd", "site_name": "Trbovlje power station", "index": 185, "total": 361, "quality": "high", "facility_count": 2, "elapsed_ms": 3, "event": "eea_site_complete", "run_id": "20260512T184829_549c4b66", "level": "info", "timestamp": "2026-05-12T18:48:31.552789Z"}
{"site_id": "66edd8f5-e60a-412d-9b80-56496d1407b1", "site_name": "Kosice power station", "index": 186, "total": 361, "quality": "medium", "facility_count": 0, "elapsed_ms": 5, "event": "eea_site_complete", "run_id": "20260512T184829_549c4b66", "level": "info", "timestamp": "2026-05-12T18:48:31.559159Z"}
{"site_id": "06defca3-9105-437f-afd4-52f5603d9b8e", "site_name": "Martinska power station", "index": 187, "total": 361, "quality": "medium", "facility_count": 0, "elapsed_ms": 3, "event": "eea_site_complete", "run_id": "20260512T184829_549c4b66", "level": "info", "timestamp": "2026-05-12T18:48:31.563690Z"}
{"site_id": "c97125b3-20ed-4e21-a853-b928644ec7dd", "site_name": "Novaky power station", "index": 188, "total": 361, "quality": "medium", "facility_count": 0, "elapsed_ms": 3, "event": "eea_site_complete", "run_id": "20260512T184829_549c4b66", "level": "info", "timestamp": "2026-05-12T18:48:31.568109Z"}
{"site_id": "1719d38b-61e8-4b01-844b-3a2f85c8a186", "site_name": "Trebisov power station", "index": 189, "total": 361, "quality": "medium", "facility_count": 0, "elapsed_ms": 3, "event": "eea_site_complete", "run_id": "20260512T184829_549c4b66", "level": "info", "timestamp": "2026-05-12T18:48:31.572714Z"}
{"site_id": "a2d8261c-3d08-4015-946c-47dbddbd0b98", "site_name": "U.S. Steel Kosice Works power station", "index": 190, "total": 361, "quality": "medium", "facility_count": 0, "elapsed_ms": 3, "event": "eea_site_complete", "run_id": "20260512T184829_549c4b66", "level": "info", "timestamp": "2026-05-12T18:48:31.577220Z"}
{"site_id": "770f1d3c-e5fd-493c-a376-e708d2abec6c", "site_name": "Vojany I power station", "index": 191, "total": 361, "quality": "medium", "facility_count": 0, "elapsed_ms": 3, "event": "eea_site_complete", "run_id": "20260512T184829_549c4b66", "level": "info", "timestamp": "2026-05-12T18:48:31.581346Z"}
{"site_id": "d48d2f39-d58f-4299-9b2f-56d194d2d13b", "site_name": "Ada Yesildag Enerji power station", "index": 192, "total": 361, "quality": "low", "facility_count": 0, "elapsed_ms": 3, "event": "eea_site_complete", "run_id": "20260512T184829_549c4b66", "level": "info", "timestamp": "2026-05-12T18:48:31.585835Z"}
{"site_id": "4b11cac9-4fe0-4a2a-9c09-4fe9a0ac6015", "site_name": "Ada Yumurtal\u0131k power station", "index": 193, "total": 361, "quality": "low", "facility_count": 0, "elapsed_ms": 3, "event": "eea_site_complete", "run_id": "20260512T184829_549c4b66", "level": "info", "timestamp": "2026-05-12T18:48:31.590294Z"}
{"site_id": "44698c12-3c50-4602-8104-dafa5fd215b6", "site_name": "Adana Akdeniz power station", "index": 194, "total": 361, "quality": "low", "facility_count": 0, "elapsed_ms": 3, "event": "eea_site_complete", "run_id": "20260512T184829_549c4b66", "level": "info", "timestamp": "2026-05-12T18:48:31.594618Z"}
{"site_id": "8a5dc384-e272-41ed-9868-a0686ac3fc7e", "site_name": "Adana Ceyhan power station", "index": 195, "total": 361, "quality": "low", "facility_count": 0, "elapsed_ms": 3, "event": "eea_site_complete", "run_id": "20260512T184829_549c4b66", "level": "info", "timestamp": "2026-05-12T18:48:31.599093Z"}
{"site_id": "e9bc02be-cf10-4b27-9b8a-0d4a954720e4", "site_name": "Af\u015fin-Elbistan power stations", "index": 196, "total": 361, "quality": "low", "facility_count": 0, "elapsed_ms": 3, "event": "eea_site_complete", "run_id": "20260512T184829_549c4b66", "level": "info", "timestamp": "2026-05-12T18:48:31.603597Z"}
{"site_id": "ce39538c-997e-4a7d-bc32-f164f50f9aa0", "site_name": "A\u011fan power station", "index": 197, "total": 361, "quality": "low", "facility_count": 0, "elapsed_ms": 3, "event": "eea_site_complete", "run_id": "20260512T184829_549c4b66", "level": "info", "timestamp": "2026-05-12T18:48:31.607412Z"}
{"site_id": "5fa0dfa9-c272-444e-8e70-80ab55b5d36c", "site_name": "Akdeniz Enerji power station", "index": 198, "total": 361, "quality": "low", "facility_count": 0, "elapsed_ms": 3, "event": "eea_site_complete", "run_id": "20260512T184829_549c4b66", "level": "info", "timestamp": "2026-05-12T18:48:31.611691Z"}
{"site_id": "992a4bf0-3ff0-4f12-bb89-50dc9e8d7d35", "site_name": "Aksa Akrilik power station", "index": 199, "total": 361, "quality": "low", "facility_count": 0, "elapsed_ms": 3, "event": "eea_site_complete", "run_id": "20260512T184829_549c4b66", "level": "info", "timestamp": "2026-05-12T18:48:31.616070Z"}
{"site_id": "cb825b0f-e315-4221-b194-43d5b472382d", "site_name": "Albayrak Varaka Paper power station", "index": 200, "total": 361, "quality": "low", "facility_count": 0, "elapsed_ms": 3, "event": "eea_site_complete", "run_id": "20260512T184829_549c4b66", "level": "info", "timestamp": "2026-05-12T18:48:31.620728Z"}
{"completed": 200, "total": 361, "succeeded": 200, "failed": 0, "elapsed_s": 1.6, "event": "eea_batch_progress", "run_id": "20260512T184829_549c4b66", "level": "info", "timestamp": "2026-05-12T18:48:31.620769Z"}
{"site_id": "bcb86777-4a54-4891-bb26-35b201bbd57d", "site_name": "Alia\u011fa Enka power station", "index": 201, "total": 361, "quality": "low", "facility_count": 0, "elapsed_ms": 3, "event": "eea_site_complete", "run_id": "20260512T184829_549c4b66", "level": "info", "timestamp": "2026-05-12T18:48:31.625189Z"}
{"site_id": "9699244b-14c0-4e27-afd1-105494fccd60", "site_name": "Alpu power station", "index": 202, "total": 361, "quality": "low", "facility_count": 0, "elapsed_ms": 3, "event": "eea_site_complete", "run_id": "20260512T184829_549c4b66", "level": "info", "timestamp": "2026-05-12T18:48:31.629471Z"}
{"site_id": "9163ca37-1b31-409d-974f-9e7ed5e5f33d", "site_name": "Amasra Bart\u0131n power station", "index": 203, "total": 361, "quality": "low", "facility_count": 0, "elapsed_ms": 3, "event": "eea_site_complete", "run_id": "20260512T184829_549c4b66", "level": "info", "timestamp": "2026-05-12T18:48:31.633937Z"}
{"site_id": "8782d6f2-5f9f-4c67-b9f2-6756857bd200", "site_name": "Ant Enerji power station", "index": 204, "total": 361, "quality": "low", "facility_count": 0, "elapsed_ms": 3, "event": "eea_site_complete", "run_id": "20260512T184829_549c4b66", "level": "info", "timestamp": "2026-05-12T18:48:31.638495Z"}
{"site_id": "b5a75ec8-a2fe-42ad-b33e-ea32e20ebdfb", "site_name": "Astoria Ceyhan power station", "index": 205, "total": 361, "quality": "low", "facility_count": 0, "elapsed_ms": 3, "event": "eea_site_complete", "run_id": "20260512T184829_549c4b66", "level": "info", "timestamp": "2026-05-12T18:48:31.642629Z"}
{"site_id": "c6b846cb-3a01-4e17-9d51-da4b58fd1827", "site_name": "Ataka\u015f power station", "index": 206, "total": 361, "quality": "low", "facility_count": 0, "elapsed_ms": 3, "event": "eea_site_complete", "run_id": "20260512T184829_549c4b66", "level": "info", "timestamp": "2026-05-12T18:48:31.647169Z"}
{"site_id": "1ce7624e-1d72-4293-8ff4-09096b56ddd2", "site_name": "Atlas Enerji \u0130skenderun power station", "index": 207, "total": 361, "quality": "low", "facility_count": 0, "elapsed_ms": 3, "event": "eea_site_complete", "run_id": "20260512T184829_549c4b66", "level": "info", "timestamp": "2026-05-12T18:48:31.651447Z"}
{"site_id": "c7afd455-7beb-4d23-8d3b-e9a102782d2b", "site_name": "Avdan power station", "index": 208, "total": 361, "quality": "low", "facility_count": 0, "elapsed_ms": 3, "event": "eea_site_complete", "run_id": "20260512T184829_549c4b66", "level": "info", "timestamp": "2026-05-12T18:48:31.655450Z"}
{"site_id": "7a805295-0cd2-48be-972e-5282c996549c", "site_name": "Ayas power station", "index": 209, "total": 361, "quality": "low", "facility_count": 0, "elapsed_ms": 3, "event": "eea_site_complete", "run_id": "20260512T184829_549c4b66", "level": "info", "timestamp": "2026-05-12T18:48:31.659371Z"}
{"site_id": "b8875ff2-9e9d-4520-8879-c71468e9cc50", "site_name": "Babadere power station", "index": 210, "total": 361, "quality": "low", "facility_count": 0, "elapsed_ms": 3, "event": "eea_site_complete", "run_id": "20260512T184829_549c4b66", "level": "info", "timestamp": "2026-05-12T18:48:31.663489Z"}
{"site_id": "ba1f1f36-18b4-49ae-9882-f90418dc88ce", "site_name": "Band\u0131rma Elektrik power station", "index": 211, "total": 361, "quality": "low", "facility_count": 0, "elapsed_ms": 3, "event": "eea_site_complete", "run_id": "20260512T184829_549c4b66", "level": "info", "timestamp": "2026-05-12T18:48:31.668032Z"}
{"site_id": "fecb62d9-6fb8-4f8d-83e3-78a7c75adb6e", "site_name": "Band\u0131rma III power station", "index": 212, "total": 361, "quality": "low", "facility_count": 0, "elapsed_ms": 2, "event": "eea_site_complete", "run_id": "20260512T184829_549c4b66", "level": "info", "timestamp": "2026-05-12T18:48:31.672060Z"}
{"site_id": "bb2453b0-c76d-40ea-bcc4-870391f05b2f", "site_name": "Band\u0131rma Karat power station", "index": 213, "total": 361, "quality": "low", "facility_count": 0, "elapsed_ms": 3, "event": "eea_site_complete", "run_id": "20260512T184829_549c4b66", "level": "info", "timestamp": "2026-05-12T18:48:31.676107Z"}
{"site_id": "1289753b-43db-4058-8fe1-6e38b5fb01b5", "site_name": "Barbaros-1 power station", "index": 214, "total": 361, "quality": "low", "facility_count": 0, "elapsed_ms": 4, "event": "eea_site_complete", "run_id": "20260512T184829_549c4b66", "level": "info", "timestamp": "2026-05-12T18:48:31.681717Z"}
{"site_id": "2350bab4-9869-43f1-b62f-a4d5aea77ef5", "site_name": "Biga power station", "index": 215, "total": 361, "quality": "low", "facility_count": 0, "elapsed_ms": 3, "event": "eea_site_complete", "run_id": "20260512T184829_549c4b66", "level": "info", "timestamp": "2026-05-12T18:48:31.686437Z"}
{"site_id": "75f807aa-8278-43a3-8654-730713b96001", "site_name": "Bing\u00f6l power station", "index": 216, "total": 361, "quality": "low", "facility_count": 0, "elapsed_ms": 3, "event": "eea_site_complete", "run_id": "20260512T184829_549c4b66", "level": "info", "timestamp": "2026-05-12T18:48:31.690545Z"}
{"site_id": "2b6a65d3-efb0-44d8-b88b-9aad311f4ac4", "site_name": "Bolu G\u00f6yn\u00fck power station", "index": 217, "total": 361, "quality": "low", "facility_count": 0, "elapsed_ms": 3, "event": "eea_site_complete", "run_id": "20260512T184829_549c4b66", "level": "info", "timestamp": "2026-05-12T18:48:31.694778Z"}
{"site_id": "7b4d3f8f-a644-48a3-93f9-cd3c154dc5c2", "site_name": "Burnaz power station", "index": 218, "total": 361, "quality": "low", "facility_count": 0, "elapsed_ms": 3, "event": "eea_site_complete", "run_id": "20260512T184829_549c4b66", "level": "info", "timestamp": "2026-05-12T18:48:31.698864Z"}
{"site_id": "3bc834ed-5c2b-47d6-b555-2e20b9044053", "site_name": "Bursa power station", "index": 219, "total": 361, "quality": "low", "facility_count": 0, "elapsed_ms": 3, "event": "eea_site_complete", "run_id": "20260512T184829_549c4b66", "level": "info", "timestamp": "2026-05-12T18:48:31.703018Z"}
{"site_id": "e71ec827-7143-48dd-8c8a-8e81705fa971", "site_name": "\u00c7al\u0131\u015fkan Ceyhan power station", "index": 220, "total": 361, "quality": "low", "facility_count": 0, "elapsed_ms": 3, "event": "eea_site_complete", "run_id": "20260512T184829_549c4b66", "level": "info", "timestamp": "2026-05-12T18:48:31.707159Z"}
{"site_id": "ad1e8841-e4e4-413b-820a-8c14e09da5a0", "site_name": "\u00c7an (18 Mart) power station", "index": 221, "total": 361, "quality": "low", "facility_count": 0, "elapsed_ms": 3, "event": "eea_site_complete", "run_id": "20260512T184829_549c4b66", "level": "info", "timestamp": "2026-05-12T18:48:31.711528Z"}
{"site_id": "28980273-0ba6-4c8c-b080-7ff9b33cc4c9", "site_name": "\u00c7an-2 power station", "index": 222, "total": 361, "quality": "low", "facility_count": 0, "elapsed_ms": 3, "event": "eea_site_complete", "run_id": "20260512T184829_549c4b66", "level": "info", "timestamp": "2026-05-12T18:48:31.716256Z"}
{"site_id": "dd413ee8-a6f2-4e7c-8e6c-6d0ed8637d83", "site_name": "\u00c7ank\u0131r\u0131 Orta power station", "index": 223, "total": 361, "quality": "low", "facility_count": 0, "elapsed_ms": 3, "event": "eea_site_complete", "run_id": "20260512T184829_549c4b66", "level": "info", "timestamp": "2026-05-12T18:48:31.720679Z"}
{"site_id": "fc307877-758b-4dbf-afbe-abfc4a778155", "site_name": "\u00c7ank\u0131r\u0131 Y\u0131ld\u0131zlar power station", "index": 224, "total": 361, "quality": "low", "facility_count": 0, "elapsed_ms": 3, "event": "eea_site_complete", "run_id": "20260512T184829_549c4b66", "level": "info", "timestamp": "2026-05-12T18:48:31.724754Z"}
{"site_id": "8b16dc60-1a2b-4b2c-bcad-1c334d246ae3", "site_name": "\u00c7atala\u011fz\u0131 power station", "index": 225, "total": 361, "quality": "low", "facility_count": 0, "elapsed_ms": 3, "event": "eea_site_complete", "run_id": "20260512T184829_549c4b66", "level": "info", "timestamp": "2026-05-12T18:48:31.728926Z"}
{"completed": 225, "total": 361, "succeeded": 225, "failed": 0, "elapsed_s": 1.7, "event": "eea_batch_progress", "run_id": "20260512T184829_549c4b66", "level": "info", "timestamp": "2026-05-12T18:48:31.728975Z"}
{"site_id": "674deb4f-110c-4120-bea0-5f0711da3ea1", "site_name": "\u00c7ay\u0131rhan power station", "index": 226, "total": 361, "quality": "low", "facility_count": 0, "elapsed_ms": 3, "event": "eea_site_complete", "run_id": "20260512T184829_549c4b66", "level": "info", "timestamp": "2026-05-12T18:48:31.733053Z"}
{"site_id": "d12e7ffc-4cd3-4ff4-81da-ae360d59409b", "site_name": "\u00c7ebi Enerji power station", "index": 227, "total": 361, "quality": "low", "facility_count": 0, "elapsed_ms": 4, "event": "eea_site_complete", "run_id": "20260512T184829_549c4b66", "level": "info", "timestamp": "2026-05-12T18:48:31.737951Z"}
{"site_id": "a4af3789-2c40-41fc-a3ec-3b8d2fc6c645", "site_name": "\u00c7elikler Yumurtal\u0131k power station", "index": 228, "total": 361, "quality": "low", "facility_count": 0, "elapsed_ms": 3, "event": "eea_site_complete", "run_id": "20260512T184829_549c4b66", "level": "info", "timestamp": "2026-05-12T18:48:31.741945Z"}
{"site_id": "a96dc545-41a9-4b0d-a7a3-f40ef711e5e3", "site_name": "Cenal power station", "index": 229, "total": 361, "quality": "low", "facility_count": 0, "elapsed_ms": 3, "event": "eea_site_complete", "run_id": "20260512T184829_549c4b66", "level": "info", "timestamp": "2026-05-12T18:48:31.746359Z"}
{"site_id": "e894ba3e-e397-47c9-b0b9-a72cfb6bd680", "site_name": "\u00c7erkezk\u00f6y power station", "index": 230, "total": 361, "quality": "low", "facility_count": 0, "elapsed_ms": 3, "event": "eea_site_complete", "run_id": "20260512T184829_549c4b66", "level": "info", "timestamp": "2026-05-12T18:48:31.751191Z"}
{"site_id": "bddb4fb7-c01d-4b71-bc30-1896b88298bf", "site_name": "\u00c7\u0131rp\u0131lar power station", "index": 231, "total": 361, "quality": "low", "facility_count": 0, "elapsed_ms": 3, "event": "eea_site_complete", "run_id": "20260512T184829_549c4b66", "level": "info", "timestamp": "2026-05-12T18:48:31.755600Z"}
{"site_id": "778e0750-19f9-426e-a6c7-e0e30645fb97", "site_name": "\u00c7oban Y\u0131ld\u0131z power station", "index": 232, "total": 361, "quality": "low", "facility_count": 0, "elapsed_ms": 2, "event": "eea_site_complete", "run_id": "20260512T184829_549c4b66", "level": "info", "timestamp": "2026-05-12T18:48:31.759669Z"}
{"site_id": "28c80d72-dd9e-4fbf-a2c7-d48d49ca61dc", "site_name": "Demirta\u015f power station", "index": 233, "total": 361, "quality": "low", "facility_count": 0, "elapsed_ms": 3, "event": "eea_site_complete", "run_id": "20260512T184829_549c4b66", "level": "info", "timestamp": "2026-05-12T18:48:31.764452Z"}
{"site_id": "a70bbc9a-1469-4d56-be56-f282ed4130a8", "site_name": "Deniz power station", "index": 234, "total": 361, "quality": "low", "facility_count": 0, "elapsed_ms": 3, "event": "eea_site_complete", "run_id": "20260512T184829_549c4b66", "level": "info", "timestamp": "2026-05-12T18:48:31.769117Z"}
{"site_id": "5067ece3-b204-495e-81c1-90a523252547", "site_name": "DETES 1 power station", "index": 235, "total": 361, "quality": "low", "facility_count": 0, "elapsed_ms": 3, "event": "eea_site_complete", "run_id": "20260512T184829_549c4b66", "level": "info", "timestamp": "2026-05-12T18:48:31.773119Z"}
{"site_id": "c657c5c3-38a2-472d-8962-9e7cefcd2c1e", "site_name": "Diler (Akbayir) Elbistan power station", "index": 236, "total": 361, "quality": "low", "facility_count": 0, "elapsed_ms": 2, "event": "eea_site_complete", "run_id": "20260512T184829_549c4b66", "level": "info", "timestamp": "2026-05-12T18:48:31.777011Z"}
{"site_id": "59f96677-d42b-4ae1-a3e9-32f3dc396a83", "site_name": "Dinar power station", "index": 237, "total": 361, "quality": "low", "facility_count": 0, "elapsed_ms": 3, "event": "eea_site_complete", "run_id": "20260512T184829_549c4b66", "level": "info", "timestamp": "2026-05-12T18:48:31.781448Z"}
{"site_id": "161660e7-3ccf-4704-b452-b126599700a0", "site_name": "DOSAB cogeneration plant", "index": 238, "total": 361, "quality": "low", "facility_count": 0, "elapsed_ms": 3, "event": "eea_site_complete", "run_id": "20260512T184829_549c4b66", "level": "info", "timestamp": "2026-05-12T18:48:31.786226Z"}
{"site_id": "aa336cdc-f6fe-4b08-b46d-69e852c501bf", "site_name": "Ece power station", "index": 239, "total": 361, "quality": "low", "facility_count": 0, "elapsed_ms": 3, "event": "eea_site_complete", "run_id": "20260512T184829_549c4b66", "level": "info", "timestamp": "2026-05-12T18:48:31.790497Z"}
{"site_id": "3f1ad930-cffb-4991-badd-773db74b890c", "site_name": "EMBA Hunutlu power station", "index": 240, "total": 361, "quality": "low", "facility_count": 0, "elapsed_ms": 3, "event": "eea_site_complete", "run_id": "20260512T184829_549c4b66", "level": "info", "timestamp": "2026-05-12T18:48:31.794729Z"}
{"site_id": "28baef4d-44e3-4b2e-bbe3-75f736371553", "site_name": "Enyat Samsun power station", "index": 241, "total": 361, "quality": "low", "facility_count": 0, "elapsed_ms": 3, "event": "eea_site_complete", "run_id": "20260512T184829_549c4b66", "level": "info", "timestamp": "2026-05-12T18:48:31.798443Z"}
{"site_id": "142cad75-648a-495d-8c10-792351e72126", "site_name": "Eren-1 power station", "index": 242, "total": 361, "quality": "low", "facility_count": 0, "elapsed_ms": 2, "event": "eea_site_complete", "run_id": "20260512T184829_549c4b66", "level": "info", "timestamp": "2026-05-12T18:48:31.802490Z"}
{"site_id": "f92bc907-9b9b-4d21-92fd-1705bd71128c", "site_name": "Ergene power station", "index": 243, "total": 361, "quality": "low", "facility_count": 0, "elapsed_ms": 2, "event": "eea_site_complete", "run_id": "20260512T184829_549c4b66", "level": "info", "timestamp": "2026-05-12T18:48:31.806108Z"}
{"site_id": "b90e80f9-66f3-4290-8aa2-518b8422aba0", "site_name": "Eti Maden Bandirma power station", "index": 244, "total": 361, "quality": "low", "facility_count": 0, "elapsed_ms": 3, "event": "eea_site_complete", "run_id": "20260512T184829_549c4b66", "level": "info", "timestamp": "2026-05-12T18:48:31.810511Z"}
{"site_id": "17568f0f-91fd-4efe-b4df-2c7cc5d80b7d", "site_name": "Evrese power station", "index": 245, "total": 361, "quality": "low", "facility_count": 0, "elapsed_ms": 3, "event": "eea_site_complete", "run_id": "20260512T184829_549c4b66", "level": "info", "timestamp": "2026-05-12T18:48:31.814686Z"}
{"site_id": "cb08e7b6-0af3-45d9-95c3-3832e7e2677c", "site_name": "Filyos power station", "index": 246, "total": 361, "quality": "low", "facility_count": 0, "elapsed_ms": 3, "event": "eea_site_complete", "run_id": "20260512T184829_549c4b66", "level": "info", "timestamp": "2026-05-12T18:48:31.819175Z"}
{"site_id": "829f61ff-0ad1-4288-8dd9-e41abbd0b6a7", "site_name": "Gebze \u00c7olako\u011flu power station", "index": 247, "total": 361, "quality": "low", "facility_count": 0, "elapsed_ms": 3, "event": "eea_site_complete", "run_id": "20260512T184829_549c4b66", "level": "info", "timestamp": "2026-05-12T18:48:31.823486Z"}
{"site_id": "e780e4ac-0506-4186-9b58-0f378f878345", "site_name": "Gerze power station", "index": 248, "total": 361, "quality": "low", "facility_count": 0, "elapsed_ms": 3, "event": "eea_site_complete", "run_id": "20260512T184829_549c4b66", "level": "info", "timestamp": "2026-05-12T18:48:31.827558Z"}
{"site_id": "c9c85786-eb26-4e7b-b280-83a54b7e834f", "site_name": "G\u00f6lovas\u0131 power station", "index": 249, "total": 361, "quality": "low", "facility_count": 0, "elapsed_ms": 3, "event": "eea_site_complete", "run_id": "20260512T184829_549c4b66", "level": "info", "timestamp": "2026-05-12T18:48:31.832287Z"}
{"site_id": "0ca0b969-c519-48f3-97ab-7173d3aa6085", "site_name": "G\u00f6nen power station", "index": 250, "total": 361, "quality": "low", "facility_count": 0, "elapsed_ms": 3, "event": "eea_site_complete", "run_id": "20260512T184829_549c4b66", "level": "info", "timestamp": "2026-05-12T18:48:31.837056Z"}
{"completed": 250, "total": 361, "succeeded": 250, "failed": 0, "elapsed_s": 1.8, "event": "eea_batch_progress", "run_id": "20260512T184829_549c4b66", "level": "info", "timestamp": "2026-05-12T18:48:31.837098Z"}
{"site_id": "53481b7f-5b85-4bab-be04-4866c2e72c12", "site_name": "G\u00fcney Akdeniz power station", "index": 251, "total": 361, "quality": "low", "facility_count": 0, "elapsed_ms": 3, "event": "eea_site_complete", "run_id": "20260512T184829_549c4b66", "level": "info", "timestamp": "2026-05-12T18:48:31.841123Z"}
{"site_id": "d110df11-ad8e-44dc-8a32-af692ca46c6f", "site_name": "G\u00fcneybat\u0131 Anadolu power station", "index": 252, "total": 361, "quality": "low", "facility_count": 0, "elapsed_ms": 2, "event": "eea_site_complete", "run_id": "20260512T184829_549c4b66", "level": "info", "timestamp": "2026-05-12T18:48:31.845144Z"}
{"site_id": "d5151598-5a1a-4697-8147-592845ffef6c", "site_name": "G\u00fcreci power station", "index": 253, "total": 361, "quality": "low", "facility_count": 0, "elapsed_ms": 3, "event": "eea_site_complete", "run_id": "20260512T184829_549c4b66", "level": "info", "timestamp": "2026-05-12T18:48:31.849530Z"}
{"site_id": "5a19f424-1a15-44e6-bf1b-c2c5886ac1bf", "site_name": "G\u00fcrmin Enerji Amasya power station", "index": 254, "total": 361, "quality": "low", "facility_count": 0, "elapsed_ms": 4, "event": "eea_site_complete", "run_id": "20260512T184829_549c4b66", "level": "info", "timestamp": "2026-05-12T18:48:31.855082Z"}
{"site_id": "80179871-04fa-4806-9385-caf739b8a171", "site_name": "Haba\u015f power station", "index": 255, "total": 361, "quality": "low", "facility_count": 0, "elapsed_ms": 3, "event": "eea_site_complete", "run_id": "20260512T184829_549c4b66", "level": "info", "timestamp": "2026-05-12T18:48:31.859216Z"}
{"site_id": "adeb10a5-aaae-4e2c-b426-3db1c3d9bd5b", "site_name": "Hakan Enerji power station", "index": 256, "total": 361, "quality": "low", "facility_count": 0, "elapsed_ms": 3, "event": "eea_site_complete", "run_id": "20260512T184829_549c4b66", "level": "info", "timestamp": "2026-05-12T18:48:31.863821Z"}
{"site_id": "82aac38c-3037-466c-9b37-bff9da707645", "site_name": "Hakan K\u00f6m\u00fcr power station", "index": 257, "total": 361, "quality": "low", "facility_count": 0, "elapsed_ms": 3, "event": "eea_site_complete", "run_id": "20260512T184829_549c4b66", "level": "info", "timestamp": "2026-05-12T18:48:31.868018Z"}
{"site_id": "e10aae79-05b7-4ad9-9d69-60ce190b4444", "site_name": "Hande power station", "index": 258, "total": 361, "quality": "low", "facility_count": 0, "elapsed_ms": 2, "event": "eea_site_complete", "run_id": "20260512T184829_549c4b66", "level": "info", "timestamp": "2026-05-12T18:48:31.871911Z"}
{"site_id": "e0e73325-5b32-4fef-b925-f0bb91114450", "site_name": "Helvac\u0131 power station", "index": 259, "total": 361, "quality": "low", "facility_count": 0, "elapsed_ms": 3, "event": "eea_site_complete", "run_id": "20260512T184829_549c4b66", "level": "info", "timestamp": "2026-05-12T18:48:31.876607Z"}
{"site_id": "0947a4c8-4fc1-492f-9c66-2c9a993c7fb0", "site_name": "HEMA Amasra power station", "index": 260, "total": 361, "quality": "low", "facility_count": 0, "elapsed_ms": 3, "event": "eea_site_complete", "run_id": "20260512T184829_549c4b66", "level": "info", "timestamp": "2026-05-12T18:48:31.880885Z"}
{"site_id": "cc635340-954c-4428-9fa1-14383c7faceb", "site_name": "\u0130\u00c7DA\u015e Bekirli power station", "index": 261, "total": 361, "quality": "low", "facility_count": 0, "elapsed_ms": 3, "event": "eea_site_complete", "run_id": "20260512T184829_549c4b66", "level": "info", "timestamp": "2026-05-12T18:48:31.885294Z"}
{"site_id": "746fc66e-d31f-4c5d-bf5c-ab5031b04b15", "site_name": "\u0130\u00c7DA\u015e Biga power station", "index": 262, "total": 361, "quality": "low", "facility_count": 0, "elapsed_ms": 2, "event": "eea_site_complete", "run_id": "20260512T184829_549c4b66", "level": "info", "timestamp": "2026-05-12T18:48:31.889074Z"}
{"site_id": "47c1271c-e2b2-42f5-99ee-f616bbef5b7e", "site_name": "Ilg\u0131n power station", "index": 263, "total": 361, "quality": "low", "facility_count": 0, "elapsed_ms": 3, "event": "eea_site_complete", "run_id": "20260512T184829_549c4b66", "level": "info", "timestamp": "2026-05-12T18:48:31.893407Z"}
{"site_id": "3819acc8-761d-49ba-89e7-967d3d37ec0e", "site_name": "Irmak power station", "index": 264, "total": 361, "quality": "low", "facility_count": 0, "elapsed_ms": 3, "event": "eea_site_complete", "run_id": "20260512T184829_549c4b66", "level": "info", "timestamp": "2026-05-12T18:48:31.897490Z"}
{"site_id": "6ddc2960-3d72-4d5f-b358-56d1c54f47e0", "site_name": "\u0130sken Sug\u00f6z\u00fc power station", "index": 265, "total": 361, "quality": "low", "facility_count": 0, "elapsed_ms": 2, "event": "eea_site_complete", "run_id": "20260512T184829_549c4b66", "level": "info", "timestamp": "2026-05-12T18:48:31.901534Z"}
{"site_id": "1624a526-07d8-44a4-8ed7-3b035b748f03", "site_name": "\u0130skenderun power station", "index": 266, "total": 361, "quality": "low", "facility_count": 0, "elapsed_ms": 3, "event": "eea_site_complete", "run_id": "20260512T184829_549c4b66", "level": "info", "timestamp": "2026-05-12T18:48:31.905754Z"}
{"site_id": "d19ed873-b20a-43fd-b7e8-62e985c88820", "site_name": "\u0130zdemir Enerji power station", "index": 267, "total": 361, "quality": "low", "facility_count": 0, "elapsed_ms": 3, "event": "eea_site_complete", "run_id": "20260512T184829_549c4b66", "level": "info", "timestamp": "2026-05-12T18:48:31.910285Z"}
{"site_id": "56b8e2a3-1885-431f-9fd1-4cd3bebfad61", "site_name": "Iztek Ceyhan Komur power station", "index": 268, "total": 361, "quality": "low", "facility_count": 0, "elapsed_ms": 3, "event": "eea_site_complete", "run_id": "20260512T184829_549c4b66", "level": "info", "timestamp": "2026-05-12T18:48:31.914317Z"}
{"site_id": "55cfe45b-6357-40f9-8623-e9916f91f839", "site_name": "Kahramanmara\u015f Anadolu power station", "index": 269, "total": 361, "quality": "low", "facility_count": 0, "elapsed_ms": 3, "event": "eea_site_complete", "run_id": "20260512T184829_549c4b66", "level": "info", "timestamp": "2026-05-12T18:48:31.918742Z"}
{"site_id": "ca423571-d2ab-44d4-b5ce-3e649d9cc776", "site_name": "Kandilli power station", "index": 270, "total": 361, "quality": "low", "facility_count": 0, "elapsed_ms": 3, "event": "eea_site_complete", "run_id": "20260512T184829_549c4b66", "level": "info", "timestamp": "2026-05-12T18:48:31.922879Z"}
{"site_id": "bfadbe66-971d-4f64-b222-604a7ee6ac6b", "site_name": "Kangal Etyemez power station", "index": 271, "total": 361, "quality": "low", "facility_count": 0, "elapsed_ms": 3, "event": "eea_site_complete", "run_id": "20260512T184829_549c4b66", "level": "info", "timestamp": "2026-05-12T18:48:31.927015Z"}
{"site_id": "0248611c-b745-404f-ad50-c2870882c7a1", "site_name": "Kangal power station", "index": 272, "total": 361, "quality": "low", "facility_count": 0, "elapsed_ms": 3, "event": "eea_site_complete", "run_id": "20260512T184829_549c4b66", "level": "info", "timestamp": "2026-05-12T18:48:31.931065Z"}
{"site_id": "0fec985c-c66e-40af-a123-a9ba4db269bb", "site_name": "Karaburun power station", "index": 273, "total": 361, "quality": "low", "facility_count": 0, "elapsed_ms": 3, "event": "eea_site_complete", "run_id": "20260512T184829_549c4b66", "level": "info", "timestamp": "2026-05-12T18:48:31.935040Z"}
{"site_id": "a6478cb9-5b8c-4d64-bbe6-3d3ed6a3da2c", "site_name": "Karapinar Konya \u015eeker power station", "index": 274, "total": 361, "quality": "low", "facility_count": 0, "elapsed_ms": 3, "event": "eea_site_complete", "run_id": "20260512T184829_549c4b66", "level": "info", "timestamp": "2026-05-12T18:48:31.939335Z"}
{"site_id": "8dd46a05-6e0c-4009-90ad-bd5909c25622", "site_name": "Kardemir Karab\u00fck Demir \u00c7elik power station", "index": 275, "total": 361, "quality": "low", "facility_count": 0, "elapsed_ms": 3, "event": "eea_site_complete", "run_id": "20260512T184829_549c4b66", "level": "info", "timestamp": "2026-05-12T18:48:31.943487Z"}
{"completed": 275, "total": 361, "succeeded": 275, "failed": 0, "elapsed_s": 1.9, "event": "eea_batch_progress", "run_id": "20260512T184829_549c4b66", "level": "info", "timestamp": "2026-05-12T18:48:31.943522Z"}
{"site_id": "8e7f6abf-e420-4f40-b9da-9ea76ccedfb1", "site_name": "Kemerk\u00f6y power station", "index": 276, "total": 361, "quality": "low", "facility_count": 0, "elapsed_ms": 3, "event": "eea_site_complete", "run_id": "20260512T184829_549c4b66", "level": "info", "timestamp": "2026-05-12T18:48:31.947610Z"}
{"site_id": "d21335d4-0a3d-4464-85e0-352745a38db4", "site_name": "Kilikya power station", "index": 277, "total": 361, "quality": "low", "facility_count": 0, "elapsed_ms": 3, "event": "eea_site_complete", "run_id": "20260512T184829_549c4b66", "level": "info", "timestamp": "2026-05-12T18:48:31.951753Z"}
{"site_id": "cf918ba6-6226-479f-b04c-b3c67885c0ba", "site_name": "Kipas MMP power station", "index": 278, "total": 361, "quality": "low", "facility_count": 0, "elapsed_ms": 3, "event": "eea_site_complete", "run_id": "20260512T184829_549c4b66", "level": "info", "timestamp": "2026-05-12T18:48:31.955710Z"}
{"site_id": "d020ac37-4f23-41b1-8f1e-b425b5769424", "site_name": "Kirazl\u0131dere power complex", "index": 279, "total": 361, "quality": "low", "facility_count": 0, "elapsed_ms": 3, "event": "eea_site_complete", "run_id": "20260512T184829_549c4b66", "level": "info", "timestamp": "2026-05-12T18:48:31.959922Z"}
{"site_id": "76cd9b7f-7613-4fd4-95ab-bf534a2e2f5e", "site_name": "Kire\u00e7lik power station", "index": 280, "total": 361, "quality": "low", "facility_count": 0, "elapsed_ms": 3, "event": "eea_site_complete", "run_id": "20260512T184829_549c4b66", "level": "info", "timestamp": "2026-05-12T18:48:31.964113Z"}
{"site_id": "7defe42d-669b-489f-aff5-d1b83436607d", "site_name": "K\u0131n\u0131k power station", "index": 281, "total": 361, "quality": "low", "facility_count": 0, "elapsed_ms": 3, "event": "eea_site_complete", "run_id": "20260512T184829_549c4b66", "level": "info", "timestamp": "2026-05-12T18:48:31.968495Z"}
{"site_id": "5b6be56c-d981-470c-a979-13a8764a34b8", "site_name": "K\u0131van\u00e7 power station", "index": 282, "total": 361, "quality": "low", "facility_count": 0, "elapsed_ms": 3, "event": "eea_site_complete", "run_id": "20260512T184829_549c4b66", "level": "info", "timestamp": "2026-05-12T18:48:31.972512Z"}
{"site_id": "ad0c8590-c672-43f2-a813-1217a10f7d2d", "site_name": "Konya Karap\u0131nar power station", "index": 283, "total": 361, "quality": "low", "facility_count": 0, "elapsed_ms": 3, "event": "eea_site_complete", "run_id": "20260512T184829_549c4b66", "level": "info", "timestamp": "2026-05-12T18:48:31.976621Z"}
{"site_id": "2a3aad60-2bff-4206-8275-f6e2029f9278", "site_name": "K\u00fctahya Domani\u00e7 power station", "index": 284, "total": 361, "quality": "low", "facility_count": 0, "elapsed_ms": 2, "event": "eea_site_complete", "run_id": "20260512T184829_549c4b66", "level": "info", "timestamp": "2026-05-12T18:48:31.980384Z"}
{"site_id": "bac4a081-83dc-4aba-8076-b67bfc55f54c", "site_name": "L\u00fcminer Enerji power station", "index": 285, "total": 361, "quality": "low", "facility_count": 0, "elapsed_ms": 3, "event": "eea_site_complete", "run_id": "20260512T184829_549c4b66", "level": "info", "timestamp": "2026-05-12T18:48:31.984808Z"}
{"site_id": "c8e1cc12-080a-4e01-925d-8fd6e4334856", "site_name": "Meda power station", "index": 286, "total": 361, "quality": "low", "facility_count": 0, "elapsed_ms": 3, "event": "eea_site_complete", "run_id": "20260512T184829_549c4b66", "level": "info", "timestamp": "2026-05-12T18:48:31.989180Z"}
{"site_id": "1820429d-bd95-4e56-a6db-d9bb57e2ae07", "site_name": "Mersin G\u00fclnar power station", "index": 287, "total": 361, "quality": "low", "facility_count": 0, "elapsed_ms": 3, "event": "eea_site_complete", "run_id": "20260512T184829_549c4b66", "level": "info", "timestamp": "2026-05-12T18:48:31.993198Z"}
{"site_id": "42d5b3fd-7d07-409b-9154-4441695b7901", "site_name": "Mert power station", "index": 288, "total": 361, "quality": "low", "facility_count": 0, "elapsed_ms": 3, "event": "eea_site_complete", "run_id": "20260512T184829_549c4b66", "level": "info", "timestamp": "2026-05-12T18:48:31.997234Z"}
{"site_id": "166f5fcc-1cc4-4cf5-9e52-59e7ce1557c6", "site_name": "METES power station", "index": 289, "total": 361, "quality": "low", "facility_count": 0, "elapsed_ms": 3, "event": "eea_site_complete", "run_id": "20260512T184829_549c4b66", "level": "info", "timestamp": "2026-05-12T18:48:32.001619Z"}
{"site_id": "b588126a-42d6-49dc-b227-9283af5a2578", "site_name": "Misis Adana power station", "index": 290, "total": 361, "quality": "low", "facility_count": 0, "elapsed_ms": 3, "event": "eea_site_complete", "run_id": "20260512T184829_549c4b66", "level": "info", "timestamp": "2026-05-12T18:48:32.006153Z"}
{"site_id": "0049a899-af5f-41cd-86ae-2ba729b6365f", "site_name": "Mu\u011fla power station", "index": 291, "total": 361, "quality": "low", "facility_count": 0, "elapsed_ms": 3, "event": "eea_site_complete", "run_id": "20260512T184829_549c4b66", "level": "info", "timestamp": "2026-05-12T18:48:32.010774Z"}
{"site_id": "5ed91c1b-0a1b-4a4c-9b2b-f6bdc8ff9770", "site_name": "Namal power station", "index": 292, "total": 361, "quality": "low", "facility_count": 0, "elapsed_ms": 2, "event": "eea_site_complete", "run_id": "20260512T184829_549c4b66", "level": "info", "timestamp": "2026-05-12T18:48:32.014719Z"}
{"site_id": "21ccc44f-3244-4e7f-9654-eae424288200", "site_name": "Naren Karabiga power station", "index": 293, "total": 361, "quality": "low", "facility_count": 0, "elapsed_ms": 3, "event": "eea_site_complete", "run_id": "20260512T184829_549c4b66", "level": "info", "timestamp": "2026-05-12T18:48:32.019422Z"}
{"site_id": "80b922cb-9e78-49aa-9d28-1dc84b1affef", "site_name": "Orhaneli power station", "index": 294, "total": 361, "quality": "low", "facility_count": 0, "elapsed_ms": 3, "event": "eea_site_complete", "run_id": "20260512T184829_549c4b66", "level": "info", "timestamp": "2026-05-12T18:48:32.023457Z"}
{"site_id": "f2e65fcf-afc4-4443-ac14-f15c8ffe48f3", "site_name": "Orta Anadolu power station", "index": 295, "total": 361, "quality": "low", "facility_count": 0, "elapsed_ms": 3, "event": "eea_site_complete", "run_id": "20260512T184829_549c4b66", "level": "info", "timestamp": "2026-05-12T18:48:32.027578Z"}
{"site_id": "86996d34-c6e5-4097-ac28-ad2e5467f783", "site_name": "Petkim power station", "index": 296, "total": 361, "quality": "low", "facility_count": 0, "elapsed_ms": 2, "event": "eea_site_complete", "run_id": "20260512T184829_549c4b66", "level": "info", "timestamp": "2026-05-12T18:48:32.031189Z"}
{"site_id": "231565d3-4f56-43ee-a357-1f4451c6fbc3", "site_name": "Polat power station", "index": 297, "total": 361, "quality": "low", "facility_count": 0, "elapsed_ms": 2, "event": "eea_site_complete", "run_id": "20260512T184829_549c4b66", "level": "info", "timestamp": "2026-05-12T18:48:32.034862Z"}
{"site_id": "2ed9363f-a9fe-46e5-8b92-c50b47a9077a", "site_name": "Saltukova power station", "index": 298, "total": 361, "quality": "low", "facility_count": 0, "elapsed_ms": 3, "event": "eea_site_complete", "run_id": "20260512T184829_549c4b66", "level": "info", "timestamp": "2026-05-12T18:48:32.039274Z"}
{"site_id": "c13aeeb7-05e5-4f00-9b4b-654e73e5150d", "site_name": "Sanko G\u00f6lba\u015f\u0131 power station", "index": 299, "total": 361, "quality": "low", "facility_count": 0, "elapsed_ms": 3, "event": "eea_site_complete", "run_id": "20260512T184829_549c4b66", "level": "info", "timestamp": "2026-05-12T18:48:32.043357Z"}
{"site_id": "3e5f4317-6f40-44fb-bfa2-e21dc4d9922d", "site_name": "Sanko Yumurtal\u0131k power station", "index": 300, "total": 361, "quality": "low", "facility_count": 0, "elapsed_ms": 3, "event": "eea_site_complete", "run_id": "20260512T184829_549c4b66", "level": "info", "timestamp": "2026-05-12T18:48:32.047421Z"}
{"completed": 300, "total": 361, "succeeded": 300, "failed": 0, "elapsed_s": 2.0, "event": "eea_batch_progress", "run_id": "20260512T184829_549c4b66", "level": "info", "timestamp": "2026-05-12T18:48:32.047455Z"}
{"site_id": "db87ce6a-3802-44c5-945f-8a95d3cf111b", "site_name": "Saray Tekirda\u011f power station", "index": 301, "total": 361, "quality": "low", "facility_count": 0, "elapsed_ms": 3, "event": "eea_site_complete", "run_id": "20260512T184829_549c4b66", "level": "info", "timestamp": "2026-05-12T18:48:32.051800Z"}
{"site_id": "d1863136-5ff4-4b4d-a9c0-6219e92d637d", "site_name": "Sarp Golvasi power station", "index": 302, "total": 361, "quality": "low", "facility_count": 0, "elapsed_ms": 3, "event": "eea_site_complete", "run_id": "20260512T184829_549c4b66", "level": "info", "timestamp": "2026-05-12T18:48:32.056168Z"}
{"site_id": "b5ff798e-e059-4d8b-a903-00a1fefc62ab", "site_name": "Sedef II TES power station", "index": 303, "total": 361, "quality": "low", "facility_count": 0, "elapsed_ms": 3, "event": "eea_site_complete", "run_id": "20260512T184829_549c4b66", "level": "info", "timestamp": "2026-05-12T18:48:32.060397Z"}
{"site_id": "3a06636d-c742-4b72-b9cd-21a4537c331b", "site_name": "Selena power station", "index": 304, "total": 361, "quality": "low", "facility_count": 0, "elapsed_ms": 3, "event": "eea_site_complete", "run_id": "20260512T184829_549c4b66", "level": "info", "timestamp": "2026-05-12T18:48:32.064675Z"}
{"site_id": "0ca4ff78-4113-4ad9-ac04-0fd541d42338", "site_name": "\u015eevketiye Lapseki power station", "index": 305, "total": 361, "quality": "low", "facility_count": 0, "elapsed_ms": 3, "event": "eea_site_complete", "run_id": "20260512T184829_549c4b66", "level": "info", "timestamp": "2026-05-12T18:48:32.069271Z"}
{"site_id": "94a5c55f-c499-41b1-81da-deaa36686399", "site_name": "Seyit\u00f6mer power station", "index": 306, "total": 361, "quality": "low", "facility_count": 0, "elapsed_ms": 3, "event": "eea_site_complete", "run_id": "20260512T184829_549c4b66", "level": "info", "timestamp": "2026-05-12T18:48:32.073633Z"}
{"site_id": "e05ff795-8984-4170-9874-5355b70985b1", "site_name": "Silopi (\u015e\u0131rnak) power station", "index": 307, "total": 361, "quality": "low", "facility_count": 0, "elapsed_ms": 3, "event": "eea_site_complete", "run_id": "20260512T184829_549c4b66", "level": "info", "timestamp": "2026-05-12T18:48:32.077880Z"}
{"site_id": "e03c394f-1c08-4101-b1fe-f6662fe4b424", "site_name": "Sinop Akfen power station", "index": 308, "total": 361, "quality": "low", "facility_count": 0, "elapsed_ms": 3, "event": "eea_site_complete", "run_id": "20260512T184829_549c4b66", "level": "info", "timestamp": "2026-05-12T18:48:32.082219Z"}
{"site_id": "cf9150af-0325-44d8-bbaf-493e742f2e2b", "site_name": "\u015e\u0131rnak Galata power station", "index": 309, "total": 361, "quality": "low", "facility_count": 0, "elapsed_ms": 3, "event": "eea_site_complete", "run_id": "20260512T184829_549c4b66", "level": "info", "timestamp": "2026-05-12T18:48:32.086898Z"}
{"site_id": "98019711-a8c3-424a-870e-00d4fea75ed1", "site_name": "\u015e\u0131rnak Silopi (C\u0130NER) power station", "index": 310, "total": 361, "quality": "low", "facility_count": 0, "elapsed_ms": 3, "event": "eea_site_complete", "run_id": "20260512T184829_549c4b66", "level": "info", "timestamp": "2026-05-12T18:48:32.091203Z"}
{"site_id": "9a6447f2-2887-4cce-a115-dc773d7f6eb1", "site_name": "Soma Kolin power station", "index": 311, "total": 361, "quality": "low", "facility_count": 0, "elapsed_ms": 3, "event": "eea_site_complete", "run_id": "20260512T184829_549c4b66", "level": "info", "timestamp": "2026-05-12T18:48:32.095258Z"}
{"site_id": "4ca3c560-6d90-4bcf-b131-4e39b6b4f0de", "site_name": "Soma power station", "index": 312, "total": 361, "quality": "low", "facility_count": 0, "elapsed_ms": 2, "event": "eea_site_complete", "run_id": "20260512T184829_549c4b66", "level": "info", "timestamp": "2026-05-12T18:48:32.099177Z"}
{"site_id": "021d1717-149a-4a32-af7b-5955ff593e45", "site_name": "Star Refinery Socar power station", "index": 313, "total": 361, "quality": "low", "facility_count": 0, "elapsed_ms": 4, "event": "eea_site_complete", "run_id": "20260512T184829_549c4b66", "level": "info", "timestamp": "2026-05-12T18:48:32.104470Z"}
{"site_id": "96129c93-83a6-4b1c-929b-bfccba86a796", "site_name": "Suluova power station", "index": 314, "total": 361, "quality": "low", "facility_count": 0, "elapsed_ms": 3, "event": "eea_site_complete", "run_id": "20260512T184829_549c4b66", "level": "info", "timestamp": "2026-05-12T18:48:32.108327Z"}
{"site_id": "0ada7b2a-f928-4c21-b082-4c7345094245", "site_name": "Tekirda\u011f Malkara power station", "index": 315, "total": 361, "quality": "low", "facility_count": 0, "elapsed_ms": 3, "event": "eea_site_complete", "run_id": "20260512T184829_549c4b66", "level": "info", "timestamp": "2026-05-12T18:48:32.112292Z"}
{"site_id": "43f99d45-6635-4392-a522-4a06445fdaf2", "site_name": "Teyo Tufanbeyli power station", "index": 316, "total": 361, "quality": "low", "facility_count": 0, "elapsed_ms": 2, "event": "eea_site_complete", "run_id": "20260512T184829_549c4b66", "level": "info", "timestamp": "2026-05-12T18:48:32.115947Z"}
{"site_id": "44362378-9c74-44af-8a08-be4877f50e97", "site_name": "Tosyal\u0131 \u0130skenderun power station", "index": 317, "total": 361, "quality": "low", "facility_count": 0, "elapsed_ms": 3, "event": "eea_site_complete", "run_id": "20260512T184829_549c4b66", "level": "info", "timestamp": "2026-05-12T18:48:32.119689Z"}
{"site_id": "9eb693f6-6994-4937-bc4d-e8213baa5d47", "site_name": "Trakya Emba power station", "index": 318, "total": 361, "quality": "low", "facility_count": 0, "elapsed_ms": 2, "event": "eea_site_complete", "run_id": "20260512T184829_549c4b66", "level": "info", "timestamp": "2026-05-12T18:48:32.123126Z"}
{"site_id": "6c9571c4-5d3b-4f88-a7be-fa8c21425eeb", "site_name": "Tufanbeyli power station", "index": 319, "total": 361, "quality": "low", "facility_count": 0, "elapsed_ms": 2, "event": "eea_site_complete", "run_id": "20260512T184829_549c4b66", "level": "info", "timestamp": "2026-05-12T18:48:32.126414Z"}
{"site_id": "2ec95392-978d-4a43-85b9-af3282c212ba", "site_name": "Tun\u00e7bilek power station", "index": 320, "total": 361, "quality": "low", "facility_count": 0, "elapsed_ms": 2, "event": "eea_site_complete", "run_id": "20260512T184829_549c4b66", "level": "info", "timestamp": "2026-05-12T18:48:32.130318Z"}
{"site_id": "ddc8bb9c-bf77-4075-b38c-600fb072acf8", "site_name": "Uluk\u00f6y power station", "index": 321, "total": 361, "quality": "low", "facility_count": 0, "elapsed_ms": 3, "event": "eea_site_complete", "run_id": "20260512T184829_549c4b66", "level": "info", "timestamp": "2026-05-12T18:48:32.134672Z"}
{"site_id": "d3f986d9-a023-4d43-a0fb-03361f310873", "site_name": "Umut power station", "index": 322, "total": 361, "quality": "low", "facility_count": 0, "elapsed_ms": 3, "event": "eea_site_complete", "run_id": "20260512T184829_549c4b66", "level": "info", "timestamp": "2026-05-12T18:48:32.138747Z"}
{"site_id": "381221dd-76da-4adf-9b19-5da9f0779c22", "site_name": "Vize power station", "index": 323, "total": 361, "quality": "low", "facility_count": 0, "elapsed_ms": 3, "event": "eea_site_complete", "run_id": "20260512T184829_549c4b66", "level": "info", "timestamp": "2026-05-12T18:48:32.143032Z"}
{"site_id": "fd4f7f8c-0d23-450d-9ea0-1b8e52e9a8af", "site_name": "Yata\u011fan power station", "index": 324, "total": 361, "quality": "low", "facility_count": 0, "elapsed_ms": 2, "event": "eea_site_complete", "run_id": "20260512T184829_549c4b66", "level": "info", "timestamp": "2026-05-12T18:48:32.146601Z"}
{"site_id": "52028d4f-7796-4463-832e-cff2e439c96a", "site_name": "Yenidere power station", "index": 325, "total": 361, "quality": "low", "facility_count": 0, "elapsed_ms": 3, "event": "eea_site_complete", "run_id": "20260512T184829_549c4b66", "level": "info", "timestamp": "2026-05-12T18:48:32.150521Z"}
{"completed": 325, "total": 361, "succeeded": 325, "failed": 0, "elapsed_s": 2.1, "event": "eea_batch_progress", "run_id": "20260512T184829_549c4b66", "level": "info", "timestamp": "2026-05-12T18:48:32.150557Z"}
{"site_id": "737b6d06-1d0c-4ae6-9683-ab3fea192b32", "site_name": "Yenik\u00f6y power station", "index": 326, "total": 361, "quality": "low", "facility_count": 0, "elapsed_ms": 3, "event": "eea_site_complete", "run_id": "20260512T184829_549c4b66", "level": "info", "timestamp": "2026-05-12T18:48:32.154668Z"}
{"site_id": "e8b6e342-2011-4343-b415-a8bf08501499", "site_name": "Yeniyurt power station", "index": 327, "total": 361, "quality": "low", "facility_count": 0, "elapsed_ms": 3, "event": "eea_site_complete", "run_id": "20260512T184829_549c4b66", "level": "info", "timestamp": "2026-05-12T18:48:32.158528Z"}
{"site_id": "d6cb5642-d5ec-4a15-bc6b-8be4cb0a382e", "site_name": "Ye\u015filovac\u0131k power station", "index": 328, "total": 361, "quality": "low", "facility_count": 0, "elapsed_ms": 3, "event": "eea_site_complete", "run_id": "20260512T184829_549c4b66", "level": "info", "timestamp": "2026-05-12T18:48:32.162885Z"}
{"site_id": "225656d9-8709-4c2f-9992-1e4f20a6fce8", "site_name": "Y\u0131ld\u0131r\u0131m Elaz\u0131\u011f power station", "index": 329, "total": 361, "quality": "low", "facility_count": 0, "elapsed_ms": 3, "event": "eea_site_complete", "run_id": "20260512T184829_549c4b66", "level": "info", "timestamp": "2026-05-12T18:48:32.167929Z"}
{"site_id": "57c0c830-725f-46ee-9322-0a4a3ad9efda", "site_name": "Y\u00fcksek G\u00f6lovas\u0131 power station", "index": 330, "total": 361, "quality": "low", "facility_count": 0, "elapsed_ms": 3, "event": "eea_site_complete", "run_id": "20260512T184829_549c4b66", "level": "info", "timestamp": "2026-05-12T18:48:32.172826Z"}
{"site_id": "91f28dbb-16bd-449b-a20a-dc2b70cf2e66", "site_name": "Yumurtal\u0131k IC \u0130\u00e7ta\u015f power station", "index": 331, "total": 361, "quality": "low", "facility_count": 0, "elapsed_ms": 3, "event": "eea_site_complete", "run_id": "20260512T184829_549c4b66", "level": "info", "timestamp": "2026-05-12T18:48:32.176875Z"}
{"site_id": "48149515-0774-404d-b273-790b660a8d90", "site_name": "Yunus Emre power station", "index": 332, "total": 361, "quality": "low", "facility_count": 0, "elapsed_ms": 3, "event": "eea_site_complete", "run_id": "20260512T184829_549c4b66", "level": "info", "timestamp": "2026-05-12T18:48:32.181015Z"}
{"site_id": "772e2484-419b-47de-9739-924ac371ad10", "site_name": "Zafer power station", "index": 333, "total": 361, "quality": "low", "facility_count": 0, "elapsed_ms": 3, "event": "eea_site_complete", "run_id": "20260512T184829_549c4b66", "level": "info", "timestamp": "2026-05-12T18:48:32.185193Z"}
{"site_id": "1f305180-6bbf-4758-9a98-78bc9e96e195", "site_name": "ZETES power stations", "index": 334, "total": 361, "quality": "low", "facility_count": 0, "elapsed_ms": 3, "event": "eea_site_complete", "run_id": "20260512T184829_549c4b66", "level": "info", "timestamp": "2026-05-12T18:48:32.189348Z"}
{"site_id": "fa6b7ac3-c1bf-478f-8d0a-1f357ea480cf", "site_name": "Zonguldak Modern power station", "index": 335, "total": 361, "quality": "low", "facility_count": 0, "elapsed_ms": 2, "event": "eea_site_complete", "run_id": "20260512T184829_549c4b66", "level": "info", "timestamp": "2026-05-12T18:48:32.193287Z"}
{"site_id": "7cc9cffa-e4e4-4546-902d-c8f4800dbdb2", "site_name": "Zorlu Ak\u00e7akoca power station", "index": 336, "total": 361, "quality": "low", "facility_count": 0, "elapsed_ms": 3, "event": "eea_site_complete", "run_id": "20260512T184829_549c4b66", "level": "info", "timestamp": "2026-05-12T18:48:32.198112Z"}
{"site_id": "61b7e396-5c25-4591-9da1-eb54475f1805", "site_name": "Zorlu Soma power station", "index": 337, "total": 361, "quality": "low", "facility_count": 0, "elapsed_ms": 3, "event": "eea_site_complete", "run_id": "20260512T184829_549c4b66", "level": "info", "timestamp": "2026-05-12T18:48:32.202713Z"}
{"site_id": "c47eb6a3-49c1-4879-95b6-9bcd53b7af04", "site_name": "Burshtyn power station", "index": 338, "total": 361, "quality": "insufficient", "facility_count": 0, "elapsed_ms": 3, "event": "eea_site_complete", "run_id": "20260512T184829_549c4b66", "level": "info", "timestamp": "2026-05-12T18:48:32.207566Z"}
{"site_id": "95872473-c476-4ceb-bcf5-54cfdf415e42", "site_name": "Cherkasy power station", "index": 339, "total": 361, "quality": "insufficient", "facility_count": 0, "elapsed_ms": 6, "event": "eea_site_complete", "run_id": "20260512T184829_549c4b66", "level": "info", "timestamp": "2026-05-12T18:48:32.214815Z"}
{"site_id": "e4c6a713-99e6-4fdf-afaa-d456779c504c", "site_name": "Chernihiv power station", "index": 340, "total": 361, "quality": "insufficient", "facility_count": 0, "elapsed_ms": 4, "event": "eea_site_complete", "run_id": "20260512T184829_549c4b66", "level": "info", "timestamp": "2026-05-12T18:48:32.220544Z"}
{"site_id": "038d42e9-769b-4b22-9513-dccff48b42cd", "site_name": "Darnytska power station", "index": 341, "total": 361, "quality": "insufficient", "facility_count": 0, "elapsed_ms": 4, "event": "eea_site_complete", "run_id": "20260512T184829_549c4b66", "level": "info", "timestamp": "2026-05-12T18:48:32.225998Z"}
{"site_id": "5ed0a674-a292-44bc-997f-5c1990da1235", "site_name": "Dobrotvir power station", "index": 342, "total": 361, "quality": "insufficient", "facility_count": 0, "elapsed_ms": 6, "event": "eea_site_complete", "run_id": "20260512T184829_549c4b66", "level": "info", "timestamp": "2026-05-12T18:48:32.233468Z"}
{"site_id": "fb7d4d9a-3f27-4b50-9941-6a8fccd25e9a", "site_name": "Kalush power station", "index": 343, "total": 361, "quality": "insufficient", "facility_count": 0, "elapsed_ms": 5, "event": "eea_site_complete", "run_id": "20260512T184829_549c4b66", "level": "info", "timestamp": "2026-05-12T18:48:32.240495Z"}
{"site_id": "d3b9e403-7744-44c5-b5c3-999c4c1911d8", "site_name": "Kramatorskaya power station", "index": 344, "total": 361, "quality": "insufficient", "facility_count": 0, "elapsed_ms": 5, "event": "eea_site_complete", "run_id": "20260512T184829_549c4b66", "level": "info", "timestamp": "2026-05-12T18:48:32.247756Z"}
{"site_id": "83fede8b-5f92-429d-920d-9a8928a74780", "site_name": "Kryvorizka power station", "index": 345, "total": 361, "quality": "insufficient", "facility_count": 0, "elapsed_ms": 7, "event": "eea_site_complete", "run_id": "20260512T184829_549c4b66", "level": "info", "timestamp": "2026-05-12T18:48:32.256837Z"}
{"site_id": "46b96bc3-b190-4045-9c86-eb674e2ea35e", "site_name": "Kurakhov power station", "index": 346, "total": 361, "quality": "insufficient", "facility_count": 0, "elapsed_ms": 6, "event": "eea_site_complete", "run_id": "20260512T184829_549c4b66", "level": "info", "timestamp": "2026-05-12T18:48:32.264609Z"}
{"site_id": "cec871bd-c7f6-4444-b0da-9b3a9ecc6963", "site_name": "Ladyzhyn power station", "index": 347, "total": 361, "quality": "insufficient", "facility_count": 0, "elapsed_ms": 9, "event": "eea_site_complete", "run_id": "20260512T184829_549c4b66", "level": "info", "timestamp": "2026-05-12T18:48:32.275394Z"}
{"site_id": "4e45df00-0d28-44d0-9697-3fa33d76fc88", "site_name": "Luganskaya power station", "index": 348, "total": 361, "quality": "insufficient", "facility_count": 0, "elapsed_ms": 7, "event": "eea_site_complete", "run_id": "20260512T184829_549c4b66", "level": "info", "timestamp": "2026-05-12T18:48:32.285618Z"}
{"site_id": "3bd2a957-ff3b-4bfd-9dba-808279edccb9", "site_name": "Myronivskyi power station", "index": 349, "total": 361, "quality": "insufficient", "facility_count": 0, "elapsed_ms": 8, "event": "eea_site_complete", "run_id": "20260512T184829_549c4b66", "level": "info", "timestamp": "2026-05-12T18:48:32.296165Z"}
{"site_id": "02253fcc-4fc6-42d4-a6a8-42365487302f", "site_name": "Prydniprovska power station", "index": 350, "total": 361, "quality": "insufficient", "facility_count": 0, "elapsed_ms": 7, "event": "eea_site_complete", "run_id": "20260512T184829_549c4b66", "level": "info", "timestamp": "2026-05-12T18:48:32.305669Z"}
{"completed": 350, "total": 361, "succeeded": 350, "failed": 0, "elapsed_s": 2.2, "event": "eea_batch_progress", "run_id": "20260512T184829_549c4b66", "level": "info", "timestamp": "2026-05-12T18:48:32.305757Z"}
{"site_id": "70781f2c-24c2-486c-8b32-310c36ba1238", "site_name": "Slavyansk power station", "index": 351, "total": 361, "quality": "insufficient", "facility_count": 0, "elapsed_ms": 7, "event": "eea_site_complete", "run_id": "20260512T184829_549c4b66", "level": "info", "timestamp": "2026-05-12T18:48:32.314786Z"}
{"site_id": "447a9ea1-47fa-48a3-93f2-a77cbd629ac7", "site_name": "Starobesheve power station", "index": 352, "total": 361, "quality": "insufficient", "facility_count": 0, "elapsed_ms": 8, "event": "eea_site_complete", "run_id": "20260512T184829_549c4b66", "level": "info", "timestamp": "2026-05-12T18:48:32.325053Z"}
{"site_id": "cdb6adfb-52ff-4631-939a-001080b20450", "site_name": "Trypilska power station", "index": 353, "total": 361, "quality": "insufficient", "facility_count": 0, "elapsed_ms": 7, "event": "eea_site_complete", "run_id": "20260512T184829_549c4b66", "level": "info", "timestamp": "2026-05-12T18:48:32.337764Z"}
{"site_id": "3657989a-61ae-4fe3-9e8b-6ba7e68f8c59", "site_name": "Vuglegirska power station", "index": 354, "total": 361, "quality": "insufficient", "facility_count": 0, "elapsed_ms": 6, "event": "eea_site_complete", "run_id": "20260512T184829_549c4b66", "level": "info", "timestamp": "2026-05-12T18:48:32.346263Z"}
{"site_id": "725406d6-860f-4ca0-9c6a-425675bac381", "site_name": "Zaporizhia power station", "index": 355, "total": 361, "quality": "insufficient", "facility_count": 0, "elapsed_ms": 11, "event": "eea_site_complete", "run_id": "20260512T184829_549c4b66", "level": "info", "timestamp": "2026-05-12T18:48:32.360204Z"}
{"site_id": "29b3a802-7ef1-4722-ad59-b1511b1b0075", "site_name": "Zmiivska power station", "index": 356, "total": 361, "quality": "insufficient", "facility_count": 0, "elapsed_ms": 11, "event": "eea_site_complete", "run_id": "20260512T184829_549c4b66", "level": "info", "timestamp": "2026-05-12T18:48:32.373885Z"}
{"site_id": "f2c061de-66ad-4fce-b911-7f1899f25b75", "site_name": "Zuevskaya power station", "index": 357, "total": 361, "quality": "insufficient", "facility_count": 0, "elapsed_ms": 7, "event": "eea_site_complete", "run_id": "20260512T184829_549c4b66", "level": "info", "timestamp": "2026-05-12T18:48:32.383520Z"}
{"site_id": "d9f32912-81f1-4b1c-a2b1-f04298217cec", "site_name": "Istok power station", "index": 358, "total": 361, "quality": "insufficient", "facility_count": 0, "elapsed_ms": 7, "event": "eea_site_complete", "run_id": "20260512T184829_549c4b66", "level": "info", "timestamp": "2026-05-12T18:48:32.392828Z"}
{"site_id": "28be296b-6ef5-4c7e-a604-3af01af45d17", "site_name": "Kosovo A power station", "index": 359, "total": 361, "quality": "insufficient", "facility_count": 0, "elapsed_ms": 7, "event": "eea_site_complete", "run_id": "20260512T184829_549c4b66", "level": "info", "timestamp": "2026-05-12T18:48:32.401488Z"}
{"site_id": "76eba99c-dade-46dc-9130-478e43aa6202", "site_name": "Kosovo B power station", "index": 360, "total": 361, "quality": "insufficient", "facility_count": 0, "elapsed_ms": 5, "event": "eea_site_complete", "run_id": "20260512T184829_549c4b66", "level": "info", "timestamp": "2026-05-12T18:48:32.407816Z"}
{"site_id": "d28fa85d-4f6c-4b26-a585-cb0bed226ecb", "site_name": "Kosovo C power station", "index": 361, "total": 361, "quality": "insufficient", "facility_count": 0, "elapsed_ms": 5, "event": "eea_site_complete", "run_id": "20260512T184829_549c4b66", "level": "info", "timestamp": "2026-05-12T18:48:32.414814Z"}
{"run_id": "20260512T184829_549c4b66", "total": 361, "succeeded": 361, "failed": 0, "cached": 0, "elapsed_s": 2.4, "event": "eea_batch_done", "level": "info", "timestamp": "2026-05-12T18:48:32.414887Z"}
361 sites: 361 ok, 0 failed, 0 cached (2.4 s)
{
  "run_id": "20260512T184829_549c4b66",
  "total_sites": 361,
  "succeeded": 361,
  "failed": 0,
  "skipped_cached": 0,
  "elapsed_s": 2.4
}
