{"positional_args": ["api", "atoms_vs_ashes"], "event": "Using database profile '%s' \u2192 %s", "run_id": "20260512T184829_1d1e6d41", "level": "info", "timestamp": "2026-05-12T18:48:29.939374Z"}
{"run_id": "20260512T184829_1d1e6d41", "total_sites": 361, "event": "era5_batch_start", "level": "info", "timestamp": "2026-05-12T18:48:30.071193Z"}
{"name": "monthly_means", "path": "sources/era5/era5_monthly_means_1991_2020.nc", "variables": ["u10", "v10", "t2m", "blh", "cape", "tp", "sf", "cp", "i10fg", "cin"], "event": "era5_dataset_opened", "run_id": "20260512T184829_1d1e6d41", "level": "info", "timestamp": "2026-05-12T18:49:02.855628Z"}
{"name": "era5_land", "variables": ["swvl1", "e", "pev"], "event": "era5_dataset_opened", "run_id": "20260512T184829_1d1e6d41", "level": "info", "timestamp": "2026-05-12T18:49:02.890329Z"}
{"name": "cmip6_hist", "path": "sources/era5/cmip6_tas_historical.nc", "event": "era5_cmip6_extracting_zip", "run_id": "20260512T184829_1d1e6d41", "level": "info", "timestamp": "2026-05-12T18:49:02.891074Z"}
{"name": "cmip6_hist", "variables": ["time_bnds", "lat_bnds", "lon_bnds", "tas"], "coords": ["time", "lat", "lon", "height"], "event": "era5_dataset_opened", "run_id": "20260512T184829_1d1e6d41", "level": "info", "timestamp": "2026-05-12T18:49:02.906670Z"}
{"name": "cmip6_ssp245", "path": "sources/era5/cmip6_tas_ssp2_4_5.nc", "event": "era5_cmip6_extracting_zip", "run_id": "20260512T184829_1d1e6d41", "level": "info", "timestamp": "2026-05-12T18:49:02.907295Z"}
{"name": "cmip6_ssp245", "variables": ["time_bnds", "lat_bnds", "lon_bnds", "tas"], "coords": ["time", "lat", "lon", "height"], "event": "era5_dataset_opened", "run_id": "20260512T184829_1d1e6d41", "level": "info", "timestamp": "2026-05-12T18:49:02.925938Z"}
{"name": "cmip6_ssp585", "path": "sources/era5/cmip6_tas_ssp5_8_5.nc", "event": "era5_cmip6_extracting_zip", "run_id": "20260512T184829_1d1e6d41", "level": "info", "timestamp": "2026-05-12T18:49:02.926639Z"}
{"name": "cmip6_ssp585", "variables": ["time_bnds", "lat_bnds", "lon_bnds", "tas"], "coords": ["time", "lat", "lon", "height"], "event": "era5_dataset_opened", "run_id": "20260512T184829_1d1e6d41", "level": "info", "timestamp": "2026-05-12T18:49:02.952488Z"}
{"lat": 41.371141, "lon": 19.425201, "grid_lat": 41.25, "grid_lon": 19.5, "grid_distance_km": 14.85, "quality": "medium", "max_temp_c": 25.9, "max_wind_ms": 8.4, "event": "era5_site_complete", "run_id": "20260512T184829_1d1e6d41", "level": "info", "timestamp": "2026-05-12T18:49:06.391840Z"}
{"site_id": "e6ecead0-54d1-41fe-8268-1253d0d7ef3e", "site_name": "Porto Romano Power Station", "index": 1, "total": 361, "quality": "medium", "elapsed_ms": 3487, "event": "era5_batch_site_done", "run_id": "20260512T184829_1d1e6d41", "level": "info", "timestamp": "2026-05-12T18:49:06.443663Z"}
{"lat": 48.32611, "lon": 15.923333, "grid_lat": 48.25, "grid_lon": 16.0, "grid_distance_km": 10.19, "quality": "medium", "max_temp_c": 23.4, "max_wind_ms": 11.0, "event": "era5_site_complete", "run_id": "20260512T184829_1d1e6d41", "level": "info", "timestamp": "2026-05-12T18:49:06.554813Z"}
{"site_id": "6e7fc4d8-636d-411a-baef-e138a5a07acc", "site_name": "Duernrohr power station", "index": 2, "total": 361, "quality": "medium", "elapsed_ms": 130, "event": "era5_batch_site_done", "run_id": "20260512T184829_1d1e6d41", "level": "info", "timestamp": "2026-05-12T18:49:06.576070Z"}
{"lat": 48.21309, "lon": 14.475222, "grid_lat": 48.25, "grid_lon": 14.5, "grid_distance_km": 4.5, "quality": "medium", "max_temp_c": 23.1, "max_wind_ms": 10.4, "event": "era5_site_complete", "run_id": "20260512T184829_1d1e6d41", "level": "info", "timestamp": "2026-05-12T18:49:06.663717Z"}
{"site_id": "532bfb42-0d4c-42cf-a81a-287f2b3a75bf", "site_name": "Enns Power Station", "index": 3, "total": 361, "quality": "medium", "elapsed_ms": 101, "event": "era5_batch_site_done", "run_id": "20260512T184829_1d1e6d41", "level": "info", "timestamp": "2026-05-12T18:49:06.678916Z"}
{"lat": 46.90819, "lon": 15.49231, "grid_lat": 47.0, "grid_lon": 15.5, "grid_distance_km": 10.23, "quality": "medium", "max_temp_c": 22.7, "max_wind_ms": 6.5, "event": "era5_site_complete", "run_id": "20260512T184829_1d1e6d41", "level": "info", "timestamp": "2026-05-12T18:49:06.755373Z"}
{"site_id": "90820fe3-9889-4faf-9906-7c528f8d7bc5", "site_name": "Mellach power station", "index": 4, "total": 361, "quality": "medium", "elapsed_ms": 89, "event": "era5_batch_site_done", "run_id": "20260512T184829_1d1e6d41", "level": "info", "timestamp": "2026-05-12T18:49:06.770492Z"}
{"lat": 48.031769, "lon": 12.843122, "grid_lat": 48.0, "grid_lon": 12.75, "grid_distance_km": 7.78, "quality": "medium", "max_temp_c": 21.8, "max_wind_ms": 8.7, "event": "era5_site_complete", "run_id": "20260512T184829_1d1e6d41", "level": "info", "timestamp": "2026-05-12T18:49:06.872313Z"}
{"site_id": "660d9d71-6733-4294-951b-1c58614d58cf", "site_name": "Riedersbach power station", "index": 5, "total": 361, "quality": "medium", "elapsed_ms": 116, "event": "era5_batch_site_done", "run_id": "20260512T184829_1d1e6d41", "level": "info", "timestamp": "2026-05-12T18:49:06.888001Z"}
{"lat": 46.75, "lon": 14.816667, "grid_lat": 46.75, "grid_lon": 14.75, "grid_distance_km": 5.08, "quality": "medium", "max_temp_c": 20.5, "max_wind_ms": 7.8, "event": "era5_site_complete", "run_id": "20260512T184829_1d1e6d41", "level": "info", "timestamp": "2026-05-12T18:49:06.974616Z"}
{"site_id": "021c723b-98af-4b72-8f6c-ade538885f10", "site_name": "St Andrae power station", "index": 6, "total": 361, "quality": "medium", "elapsed_ms": 102, "event": "era5_batch_site_done", "run_id": "20260512T184829_1d1e6d41", "level": "info", "timestamp": "2026-05-12T18:49:06.992093Z"}
{"lat": 48.0122, "lon": 13.5895, "grid_lat": 48.0, "grid_lon": 13.5, "grid_distance_km": 6.8, "quality": "medium", "max_temp_c": 21.4, "max_wind_ms": 10.1, "event": "era5_site_complete", "run_id": "20260512T184829_1d1e6d41", "level": "info", "timestamp": "2026-05-12T18:49:07.082182Z"}
{"site_id": "2dcd2c6d-f375-4408-9492-7910662fac03", "site_name": "Timelkam power station", "index": 7, "total": 361, "quality": "medium", "elapsed_ms": 103, "event": "era5_batch_site_done", "run_id": "20260512T184829_1d1e6d41", "level": "info", "timestamp": "2026-05-12T18:49:07.096662Z"}
{"lat": 47.0475, "lon": 15.160278, "grid_lat": 47.0, "grid_lon": 15.25, "grid_distance_km": 8.61, "quality": "medium", "max_temp_c": 21.2, "max_wind_ms": 6.9, "event": "era5_site_complete", "run_id": "20260512T184829_1d1e6d41", "level": "info", "timestamp": "2026-05-12T18:49:07.176802Z"}
{"site_id": "99d712ac-7993-4186-8a0e-2e88bae7e90f", "site_name": "Voitsberg power station", "index": 8, "total": 361, "quality": "medium", "elapsed_ms": 92, "event": "era5_batch_site_done", "run_id": "20260512T184829_1d1e6d41", "level": "info", "timestamp": "2026-05-12T18:49:07.190073Z"}
{"lat": 47.25, "lon": 15.166667, "grid_lat": 47.25, "grid_lon": 15.25, "grid_distance_km": 6.29, "quality": "medium", "max_temp_c": 19.7, "max_wind_ms": 8.9, "event": "era5_site_complete", "run_id": "20260512T184829_1d1e6d41", "level": "info", "timestamp": "2026-05-12T18:49:07.284270Z"}
{"site_id": "33d83e11-cfcd-47cb-be5e-82ca0fc352cc", "site_name": "Zeltweg power station", "index": 9, "total": 361, "quality": "medium", "elapsed_ms": 106, "event": "era5_batch_site_done", "run_id": "20260512T184829_1d1e6d41", "level": "info", "timestamp": "2026-05-12T18:49:07.298028Z"}
{"lat": 44.4, "lon": 18.5333, "grid_lat": 44.5, "grid_lon": 18.5, "grid_distance_km": 11.43, "quality": "medium", "max_temp_c": 23.3, "max_wind_ms": 6.9, "event": "era5_site_complete", "run_id": "20260512T184829_1d1e6d41", "level": "info", "timestamp": "2026-05-12T18:49:07.395758Z"}
{"site_id": "82011c29-a3d3-4a81-a27b-019d2649a251", "site_name": "Banovici power station", "index": 10, "total": 361, "quality": "medium", "elapsed_ms": 111, "event": "era5_batch_site_done", "run_id": "20260512T184829_1d1e6d41", "level": "info", "timestamp": "2026-05-12T18:49:07.410770Z"}
{"lat": 44.05, "lon": 17.45, "grid_lat": 44.0, "grid_lon": 17.5, "grid_distance_km": 6.85, "quality": "medium", "max_temp_c": 20.2, "max_wind_ms": 10.7, "event": "era5_site_complete", "run_id": "20260512T184829_1d1e6d41", "level": "info", "timestamp": "2026-05-12T18:49:07.491526Z"}
{"site_id": "67e5a20f-e3ab-4c18-9864-cf4591d6e15f", "site_name": "Bugojno Thermal Power Project", "index": 11, "total": 361, "quality": "medium", "elapsed_ms": 95, "event": "era5_batch_site_done", "run_id": "20260512T184829_1d1e6d41", "level": "info", "timestamp": "2026-05-12T18:49:07.507337Z"}
{"lat": 43.172137, "lon": 18.511555, "grid_lat": 43.25, "grid_lon": 18.5, "grid_distance_km": 8.71, "quality": "medium", "max_temp_c": 21.9, "max_wind_ms": 10.0, "event": "era5_site_complete", "run_id": "20260512T184829_1d1e6d41", "level": "info", "timestamp": "2026-05-12T18:49:07.594461Z"}
{"site_id": "85257083-08d1-4560-b198-a9df414da4a9", "site_name": "Gacko Thermal Power Plant", "index": 12, "total": 361, "quality": "medium", "elapsed_ms": 104, "event": "era5_batch_site_done", "run_id": "20260512T184829_1d1e6d41", "level": "info", "timestamp": "2026-05-12T18:49:07.613093Z"}
{"lat": 43.333, "lon": 17.8, "grid_lat": 43.25, "grid_lon": 17.75, "grid_distance_km": 10.08, "quality": "medium", "max_temp_c": 26.5, "max_wind_ms": 8.4, "event": "era5_site_complete", "run_id": "20260512T184829_1d1e6d41", "level": "info", "timestamp": "2026-05-12T18:49:07.718389Z"}
{"site_id": "e2d645e3-c829-4aac-8f6f-d6a5507fd5fa", "site_name": "Glinica power station", "index": 13, "total": 361, "quality": "medium", "elapsed_ms": 246, "event": "era5_batch_site_done", "run_id": "20260512T184829_1d1e6d41", "level": "info", "timestamp": "2026-05-12T18:49:07.860929Z"}
{"lat": 44.089633, "lon": 18.113865, "grid_lat": 44.0, "grid_lon": 18.0, "grid_distance_km": 13.5, "quality": "medium", "max_temp_c": 22.7, "max_wind_ms": 8.0, "event": "era5_site_complete", "run_id": "20260512T184829_1d1e6d41", "level": "info", "timestamp": "2026-05-12T18:49:07.958293Z"}
{"site_id": "e671be33-8b91-40bd-b563-b833293654aa", "site_name": "Kakanj Thermal Power Plant", "index": 14, "total": 361, "quality": "medium", "elapsed_ms": 129, "event": "era5_batch_site_done", "run_id": "20260512T184829_1d1e6d41", "level": "info", "timestamp": "2026-05-12T18:49:07.992264Z"}
{"lat": 44.766667, "lon": 16.666667, "grid_lat": 44.75, "grid_lon": 16.75, "grid_distance_km": 6.84, "quality": "medium", "max_temp_c": 23.6, "max_wind_ms": 7.2, "event": "era5_site_complete", "run_id": "20260512T184829_1d1e6d41", "level": "info", "timestamp": "2026-05-12T18:49:08.124874Z"}
{"site_id": "344e0e9a-558e-4749-bb66-cd746be50cbd", "site_name": "Kamengrad Thermal Power Plant", "index": 15, "total": 361, "quality": "medium", "elapsed_ms": 151, "event": "era5_batch_site_done", "run_id": "20260512T184829_1d1e6d41", "level": "info", "timestamp": "2026-05-12T18:49:08.144559Z"}
{"lat": 43.64611, "lon": 17.33139, "grid_lat": 43.75, "grid_lon": 17.25, "grid_distance_km": 13.28, "quality": "medium", "max_temp_c": 21.0, "max_wind_ms": 10.4, "event": "era5_site_complete", "run_id": "20260512T184829_1d1e6d41", "level": "info", "timestamp": "2026-05-12T18:49:08.220833Z"}
{"site_id": "0155b913-765f-4d44-89f5-c176b6867cef", "site_name": "Kongora Thermal Power Plant", "index": 16, "total": 361, "quality": "medium", "elapsed_ms": 90, "event": "era5_batch_site_done", "run_id": "20260512T184829_1d1e6d41", "level": "info", "timestamp": "2026-05-12T18:49:08.236390Z"}
{"lat": 43.518304, "lon": 18.652091, "grid_lat": 43.5, "grid_lon": 18.75, "grid_distance_km": 8.15, "quality": "medium", "max_temp_c": 21.3, "max_wind_ms": 10.1, "event": "era5_site_complete", "run_id": "20260512T184829_1d1e6d41", "level": "info", "timestamp": "2026-05-12T18:49:08.362345Z"}
{"site_id": "aa0bdb5e-45aa-4d15-8aee-cb5b0e14f5d9", "site_name": "Miljevina power station", "index": 17, "total": 361, "quality": "medium", "elapsed_ms": 151, "event": "era5_batch_site_done", "run_id": "20260512T184829_1d1e6d41", "level": "info", "timestamp": "2026-05-12T18:49:08.390963Z"}
{"lat": 44.753861, "lon": 17.792444, "grid_lat": 44.75, "grid_lon": 17.75, "grid_distance_km": 3.38, "quality": "medium", "max_temp_c": 24.7, "max_wind_ms": 6.1, "event": "era5_site_complete", "run_id": "20260512T184829_1d1e6d41", "level": "info", "timestamp": "2026-05-12T18:49:08.504629Z"}
{"site_id": "e75c63e5-ef2f-4e08-8f8c-3da41215af9d", "site_name": "Stanari Thermal Power Plant", "index": 18, "total": 361, "quality": "medium", "elapsed_ms": 127, "event": "era5_batch_site_done", "run_id": "20260512T184829_1d1e6d41", "level": "info", "timestamp": "2026-05-12T18:49:08.520708Z"}
{"lat": 44.52104, "lon": 18.606443, "grid_lat": 44.5, "grid_lon": 18.5, "grid_distance_km": 8.76, "quality": "medium", "max_temp_c": 23.3, "max_wind_ms": 6.9, "event": "era5_site_complete", "run_id": "20260512T184829_1d1e6d41", "level": "info", "timestamp": "2026-05-12T18:49:08.610544Z"}
{"site_id": "0fb50bcc-5616-40d8-9109-8136a958f18d", "site_name": "Tuzla Thermal Power Plant", "index": 19, "total": 361, "quality": "medium", "elapsed_ms": 103, "event": "era5_batch_site_done", "run_id": "20260512T184829_1d1e6d41", "level": "info", "timestamp": "2026-05-12T18:49:08.625114Z"}
{"lat": 44.683446, "lon": 18.968516, "grid_lat": 44.75, "grid_lon": 19.0, "grid_distance_km": 7.81, "quality": "medium", "max_temp_c": 25.4, "max_wind_ms": 6.4, "event": "era5_site_complete", "run_id": "20260512T184829_1d1e6d41", "level": "info", "timestamp": "2026-05-12T18:49:08.723111Z"}
{"site_id": "a23d073a-cbbd-469a-b134-380945fd3f4c", "site_name": "Ugljevik power station", "index": 20, "total": 361, "quality": "medium", "elapsed_ms": 110, "event": "era5_batch_site_done", "run_id": "20260512T184829_1d1e6d41", "level": "info", "timestamp": "2026-05-12T18:49:08.737286Z"}
{"lat": 42.285818, "lon": 23.03283, "grid_lat": 42.25, "grid_lon": 23.0, "grid_distance_km": 4.81, "quality": "medium", "max_temp_c": 24.4, "max_wind_ms": 7.0, "event": "era5_site_complete", "run_id": "20260512T184829_1d1e6d41", "level": "info", "timestamp": "2026-05-12T18:49:08.872767Z"}
{"site_id": "b01fe781-dbc7-40f8-a544-946288020042", "site_name": "Bobov Dol power station", "index": 21, "total": 361, "quality": "medium", "elapsed_ms": 151, "event": "era5_batch_site_done", "run_id": "20260512T184829_1d1e6d41", "level": "info", "timestamp": "2026-05-12T18:49:08.890182Z"}
{"lat": 42.154555, "lon": 25.906814, "grid_lat": 42.25, "grid_lon": 26.0, "grid_distance_km": 13.1, "quality": "medium", "max_temp_c": 28.0, "max_wind_ms": 6.1, "event": "era5_site_complete", "run_id": "20260512T184829_1d1e6d41", "level": "info", "timestamp": "2026-05-12T18:49:08.977266Z"}
{"site_id": "fee1d5b3-827f-4172-8492-a3e114a3c39e", "site_name": "Brikel power station", "index": 22, "total": 361, "quality": "medium", "elapsed_ms": 99, "event": "era5_batch_site_done", "run_id": "20260512T184829_1d1e6d41", "level": "info", "timestamp": "2026-05-12T18:49:08.991583Z"}
{"lat": 43.196354, "lon": 27.632675, "grid_lat": 43.25, "grid_lon": 27.75, "grid_distance_km": 11.22, "quality": "medium", "max_temp_c": 25.6, "max_wind_ms": 8.6, "event": "era5_site_complete", "run_id": "20260512T184829_1d1e6d41", "level": "info", "timestamp": "2026-05-12T18:49:09.097052Z"}
{"site_id": "398cc0f2-25d5-428a-93c9-5e4859680e86", "site_name": "Deven power station", "index": 23, "total": 361, "quality": "medium", "elapsed_ms": 119, "event": "era5_batch_site_done", "run_id": "20260512T184829_1d1e6d41", "level": "info", "timestamp": "2026-05-12T18:49:09.112262Z"}
{"lat": 43.7825, "lon": 23.2175, "grid_lat": 43.75, "grid_lon": 23.25, "grid_distance_km": 4.46, "quality": "medium", "max_temp_c": 29.0, "max_wind_ms": 7.6, "event": "era5_site_complete", "run_id": "20260512T184829_1d1e6d41", "level": "info", "timestamp": "2026-05-12T18:49:09.227445Z"}
{"site_id": "30c9e377-b575-46fa-880f-922c46e6500a", "site_name": "Lom Power Station", "index": 24, "total": 361, "quality": "medium", "elapsed_ms": 131, "event": "era5_batch_site_done", "run_id": "20260512T184829_1d1e6d41", "level": "info", "timestamp": "2026-05-12T18:49:09.245543Z"}
{"lat": 42.051942, "lon": 25.623344, "grid_lat": 42.0, "grid_lon": 25.5, "grid_distance_km": 11.71, "quality": "medium", "max_temp_c": 27.7, "max_wind_ms": 6.3, "event": "era5_site_complete", "run_id": "20260512T184829_1d1e6d41", "level": "info", "timestamp": "2026-05-12T18:49:09.350109Z"}
{"site_id": "3bb6666f-de2f-4c6f-a28e-c3bddb71b54a", "site_name": "Maritsa 3 power station", "index": 25, "total": 361, "quality": "medium", "elapsed_ms": 118, "event": "era5_batch_site_done", "run_id": "20260512T184829_1d1e6d41", "level": "info", "timestamp": "2026-05-12T18:49:09.365351Z"}
{"completed": 25, "total": 361, "succeeded": 25, "failed": 0, "elapsed_s": 39.4, "event": "era5_batch_progress", "run_id": "20260512T184829_1d1e6d41", "level": "info", "timestamp": "2026-05-12T18:49:09.365419Z"}
{"lat": 42.1573, "lon": 25.9084, "grid_lat": 42.25, "grid_lon": 26.0, "grid_distance_km": 12.77, "quality": "medium", "max_temp_c": 28.0, "max_wind_ms": 6.1, "event": "era5_site_complete", "run_id": "20260512T184829_1d1e6d41", "level": "info", "timestamp": "2026-05-12T18:49:09.441861Z"}
{"site_id": "d12d7173-8595-4b53-92af-75b44b5a2fb7", "site_name": "Maritsa Iztok-1 power station", "index": 26, "total": 361, "quality": "medium", "elapsed_ms": 88, "event": "era5_batch_site_done", "run_id": "20260512T184829_1d1e6d41", "level": "info", "timestamp": "2026-05-12T18:49:09.455297Z"}
{"lat": 42.254053, "lon": 26.134007, "grid_lat": 42.25, "grid_lon": 26.25, "grid_distance_km": 9.56, "quality": "medium", "max_temp_c": 27.4, "max_wind_ms": 6.8, "event": "era5_site_complete", "run_id": "20260512T184829_1d1e6d41", "level": "info", "timestamp": "2026-05-12T18:49:09.532520Z"}
{"site_id": "ec5f337a-ca52-4b86-a0f4-4933eac349e3", "site_name": "Maritsa Iztok-2 power station", "index": 27, "total": 361, "quality": "medium", "elapsed_ms": 88, "event": "era5_batch_site_done", "run_id": "20260512T184829_1d1e6d41", "level": "info", "timestamp": "2026-05-12T18:49:09.545281Z"}
{"lat": 42.14502, "lon": 26.003009, "grid_lat": 42.25, "grid_lon": 26.0, "grid_distance_km": 11.68, "quality": "medium", "max_temp_c": 28.0, "max_wind_ms": 6.1, "event": "era5_site_complete", "run_id": "20260512T184829_1d1e6d41", "level": "info", "timestamp": "2026-05-12T18:49:09.614192Z"}
{"site_id": "0e860f58-416b-4116-836d-04edf8ded225", "site_name": "Maritsa Iztok-3 power station", "index": 28, "total": 361, "quality": "medium", "elapsed_ms": 79, "event": "era5_batch_site_done", "run_id": "20260512T184829_1d1e6d41", "level": "info", "timestamp": "2026-05-12T18:49:09.626496Z"}
{"lat": 42.1444, "lon": 26.0033, "grid_lat": 42.25, "grid_lon": 26.0, "grid_distance_km": 11.75, "quality": "medium", "max_temp_c": 28.0, "max_wind_ms": 6.1, "event": "era5_site_complete", "run_id": "20260512T184829_1d1e6d41", "level": "info", "timestamp": "2026-05-12T18:49:09.703701Z"}
{"site_id": "b1bcb7d3-cd40-40c9-9c59-a01fa71053b3", "site_name": "Maritsa Iztok-4 power station", "index": 29, "total": 361, "quality": "medium", "elapsed_ms": 88, "event": "era5_batch_site_done", "run_id": "20260512T184829_1d1e6d41", "level": "info", "timestamp": "2026-05-12T18:49:09.716203Z"}
{"lat": 42.607124, "lon": 23.078699, "grid_lat": 42.5, "grid_lon": 23.0, "grid_distance_km": 13.54, "quality": "medium", "max_temp_c": 24.1, "max_wind_ms": 6.9, "event": "era5_site_complete", "run_id": "20260512T184829_1d1e6d41", "level": "info", "timestamp": "2026-05-12T18:49:09.809648Z"}
{"site_id": "33a015dd-51e0-497e-b0d3-4b1b3f070438", "site_name": "Republika power station", "index": 30, "total": 361, "quality": "medium", "elapsed_ms": 106, "event": "era5_batch_site_done", "run_id": "20260512T184829_1d1e6d41", "level": "info", "timestamp": "2026-05-12T18:49:09.824107Z"}
{"lat": 43.866654, "lon": 26.010002, "grid_lat": 43.75, "grid_lon": 26.0, "grid_distance_km": 13.0, "quality": "medium", "max_temp_c": 27.4, "max_wind_ms": 7.5, "event": "era5_site_complete", "run_id": "20260512T184829_1d1e6d41", "level": "info", "timestamp": "2026-05-12T18:49:09.906671Z"}
{"site_id": "704ef487-f600-4f23-b06e-a0f81b627597", "site_name": "Ruse Iztok power station", "index": 31, "total": 361, "quality": "medium", "elapsed_ms": 93, "event": "era5_batch_site_done", "run_id": "20260512T184829_1d1e6d41", "level": "info", "timestamp": "2026-05-12T18:49:09.919285Z"}
{"lat": 42.654762, "lon": 26.325853, "grid_lat": 42.75, "grid_lon": 26.25, "grid_distance_km": 12.27, "quality": "medium", "max_temp_c": 25.0, "max_wind_ms": 7.9, "event": "era5_site_complete", "run_id": "20260512T184829_1d1e6d41", "level": "info", "timestamp": "2026-05-12T18:49:10.001817Z"}
{"site_id": "93685558-3355-4da2-9a4a-4cccd89f9269", "site_name": "Sliven power station", "index": 32, "total": 361, "quality": "medium", "elapsed_ms": 95, "event": "era5_batch_site_done", "run_id": "20260512T184829_1d1e6d41", "level": "info", "timestamp": "2026-05-12T18:49:10.016298Z"}
{"lat": 43.642272, "lon": 25.305007, "grid_lat": 43.75, "grid_lon": 25.25, "grid_distance_km": 12.77, "quality": "medium", "max_temp_c": 28.9, "max_wind_ms": 7.1, "event": "era5_site_complete", "run_id": "20260512T184829_1d1e6d41", "level": "info", "timestamp": "2026-05-12T18:49:10.106092Z"}
{"site_id": "2fb27566-cc7b-4530-8ff9-e55e3a1985bd", "site_name": "Svilosa power station", "index": 33, "total": 361, "quality": "medium", "elapsed_ms": 101, "event": "era5_batch_site_done", "run_id": "20260512T184829_1d1e6d41", "level": "info", "timestamp": "2026-05-12T18:49:10.119056Z"}
{"lat": 43.19477, "lon": 27.765472, "grid_lat": 43.25, "grid_lon": 27.75, "grid_distance_km": 6.27, "quality": "medium", "max_temp_c": 25.6, "max_wind_ms": 8.6, "event": "era5_site_complete", "run_id": "20260512T184829_1d1e6d41", "level": "info", "timestamp": "2026-05-12T18:49:10.200273Z"}
{"site_id": "85c56b15-450b-4bb1-b75e-5ea00ee51cb2", "site_name": "Varna power station", "index": 34, "total": 361, "quality": "medium", "elapsed_ms": 92, "event": "era5_batch_site_done", "run_id": "20260512T184829_1d1e6d41", "level": "info", "timestamp": "2026-05-12T18:49:10.213452Z"}
{"lat": 43.948363, "lon": 22.850904, "grid_lat": 44.0, "grid_lon": 22.75, "grid_distance_km": 9.91, "quality": "medium", "max_temp_c": 27.7, "max_wind_ms": 7.6, "event": "era5_site_complete", "run_id": "20260512T184829_1d1e6d41", "level": "info", "timestamp": "2026-05-12T18:49:10.300204Z"}
{"site_id": "a064c7ae-e699-4a94-a18c-79bdfe42bce3", "site_name": "Vidin Works power station", "index": 35, "total": 361, "quality": "medium", "elapsed_ms": 99, "event": "era5_batch_site_done", "run_id": "20260512T184829_1d1e6d41", "level": "info", "timestamp": "2026-05-12T18:49:10.313851Z"}
{"lat": 51.789444, "lon": 28.321389, "grid_lat": 51.75, "grid_lon": 28.25, "grid_distance_km": 6.59, "quality": "medium", "max_temp_c": 23.7, "max_wind_ms": 10.0, "event": "era5_site_complete", "run_id": "20260512T184829_1d1e6d41", "level": "info", "timestamp": "2026-05-12T18:49:10.399190Z"}
{"site_id": "68aabff9-e662-4b9f-b37d-4c2ebc5f7539", "site_name": "Lelchitsy power station", "index": 36, "total": 361, "quality": "medium", "elapsed_ms": 98, "event": "era5_batch_site_done", "run_id": "20260512T184829_1d1e6d41", "level": "info", "timestamp": "2026-05-12T18:49:10.414077Z"}
{"lat": 53.15, "lon": 24.8167, "grid_lat": 53.25, "grid_lon": 24.75, "grid_distance_km": 11.97, "quality": "medium", "max_temp_c": 21.7, "max_wind_ms": 10.7, "event": "era5_site_complete", "run_id": "20260512T184829_1d1e6d41", "level": "info", "timestamp": "2026-05-12T18:49:10.502022Z"}
{"site_id": "fac3d0b5-36a5-48ae-8494-f2f08e4342f4", "site_name": "Zelwa power station", "index": 37, "total": 361, "quality": "medium", "elapsed_ms": 101, "event": "era5_batch_site_done", "run_id": "20260512T184829_1d1e6d41", "level": "info", "timestamp": "2026-05-12T18:49:10.517495Z"}
{"lat": 50.028062, "lon": 15.450504, "grid_lat": 50.0, "grid_lon": 15.5, "grid_distance_km": 4.72, "quality": "medium", "max_temp_c": 22.9, "max_wind_ms": 9.8, "event": "era5_site_complete", "run_id": "20260512T184829_1d1e6d41", "level": "info", "timestamp": "2026-05-12T18:49:10.606286Z"}
{"site_id": "d762ceeb-514f-43a6-9f91-a2d422ed6c60", "site_name": "Chvaletice power station", "index": 38, "total": 361, "quality": "medium", "elapsed_ms": 100, "event": "era5_batch_site_done", "run_id": "20260512T184829_1d1e6d41", "level": "info", "timestamp": "2026-05-12T18:49:10.619595Z"}
{"lat": 49.907184, "lon": 18.464559, "grid_lat": 50.0, "grid_lon": 18.5, "grid_distance_km": 10.63, "quality": "medium", "max_temp_c": 23.1, "max_wind_ms": 9.9, "event": "era5_site_complete", "run_id": "20260512T184829_1d1e6d41", "level": "info", "timestamp": "2026-05-12T18:49:10.697682Z"}
{"site_id": "a733fc13-11a4-4722-b62d-85c85a4f8ef3", "site_name": "Detmarovice power station", "index": 39, "total": 361, "quality": "medium", "elapsed_ms": 90, "event": "era5_batch_site_done", "run_id": "20260512T184829_1d1e6d41", "level": "info", "timestamp": "2026-05-12T18:49:10.711869Z"}
{"lat": 48.847759, "lon": 17.120129, "grid_lat": 48.75, "grid_lon": 17.0, "grid_distance_km": 13.99, "quality": "medium", "max_temp_c": 24.5, "max_wind_ms": 8.9, "event": "era5_site_complete", "run_id": "20260512T184829_1d1e6d41", "level": "info", "timestamp": "2026-05-12T18:49:10.805484Z"}
{"site_id": "180880c2-7284-4723-b02a-a62348b9b40b", "site_name": "Hodonin power station", "index": 40, "total": 361, "quality": "medium", "elapsed_ms": 107, "event": "era5_batch_site_done", "run_id": "20260512T184829_1d1e6d41", "level": "info", "timestamp": "2026-05-12T18:49:10.820924Z"}
{"lat": 49.823463, "lon": 18.480287, "grid_lat": 49.75, "grid_lon": 18.5, "grid_distance_km": 8.29, "quality": "medium", "max_temp_c": 22.1, "max_wind_ms": 10.4, "event": "era5_site_complete", "run_id": "20260512T184829_1d1e6d41", "level": "info", "timestamp": "2026-05-12T18:49:10.909131Z"}
{"site_id": "43e5b2b4-2ccf-46ab-b01e-e3d480146455", "site_name": "Karvina power station", "index": 41, "total": 361, "quality": "medium", "elapsed_ms": 100, "event": "era5_batch_site_done", "run_id": "20260512T184829_1d1e6d41", "level": "info", "timestamp": "2026-05-12T18:49:10.922862Z"}
{"lat": 50.1535, "lon": 14.12858, "grid_lat": 50.25, "grid_lon": 14.25, "grid_distance_km": 13.78, "quality": "medium", "max_temp_c": 23.7, "max_wind_ms": 10.1, "event": "era5_site_complete", "run_id": "20260512T184829_1d1e6d41", "level": "info", "timestamp": "2026-05-12T18:49:11.004717Z"}
{"site_id": "f1d2bca1-a7a9-4404-84c1-34fc8a59dab7", "site_name": "Kladno power station", "index": 42, "total": 361, "quality": "medium", "elapsed_ms": 93, "event": "era5_batch_site_done", "run_id": "20260512T184829_1d1e6d41", "level": "info", "timestamp": "2026-05-12T18:49:11.018186Z"}
{"lat": 50.522288, "lon": 13.572102, "grid_lat": 50.5, "grid_lon": 13.5, "grid_distance_km": 5.67, "quality": "medium", "max_temp_c": 22.0, "max_wind_ms": 11.7, "event": "era5_site_complete", "run_id": "20260512T184829_1d1e6d41", "level": "info", "timestamp": "2026-05-12T18:49:11.105432Z"}
{"site_id": "274ec928-e527-44cf-86c5-b6eddc09d0f7", "site_name": "Komorany power station", "index": 43, "total": 361, "quality": "medium", "elapsed_ms": 99, "event": "era5_batch_site_done", "run_id": "20260512T184829_1d1e6d41", "level": "info", "timestamp": "2026-05-12T18:49:11.119078Z"}
{"lat": 50.57658, "lon": 13.779761, "grid_lat": 50.5, "grid_lon": 13.75, "grid_distance_km": 8.77, "quality": "medium", "max_temp_c": 23.0, "max_wind_ms": 10.7, "event": "era5_site_complete", "run_id": "20260512T184829_1d1e6d41", "level": "info", "timestamp": "2026-05-12T18:49:11.213379Z"}
{"site_id": "2fe0a0b3-4108-427e-8e54-f77e1ea7227c", "site_name": "Ledvice power station", "index": 44, "total": 361, "quality": "medium", "elapsed_ms": 107, "event": "era5_batch_site_done", "run_id": "20260512T184829_1d1e6d41", "level": "info", "timestamp": "2026-05-12T18:49:11.228065Z"}
{"lat": 50.084967, "lon": 14.525273, "grid_lat": 50.0, "grid_lon": 14.5, "grid_distance_km": 9.62, "quality": "medium", "max_temp_c": 22.8, "max_wind_ms": 10.6, "event": "era5_site_complete", "run_id": "20260512T184829_1d1e6d41", "level": "info", "timestamp": "2026-05-12T18:49:11.313861Z"}
{"site_id": "1c059a42-608c-4753-8fcf-ba797d94f900", "site_name": "Malesice power station", "index": 45, "total": 361, "quality": "medium", "elapsed_ms": 98, "event": "era5_batch_site_done", "run_id": "20260512T184829_1d1e6d41", "level": "info", "timestamp": "2026-05-12T18:49:11.328270Z"}
{"lat": 49.86, "lon": 18.27, "grid_lat": 49.75, "grid_lon": 18.25, "grid_distance_km": 12.32, "quality": "medium", "max_temp_c": 22.2, "max_wind_ms": 10.6, "event": "era5_site_complete", "run_id": "20260512T184829_1d1e6d41", "level": "info", "timestamp": "2026-05-12T18:49:11.422088Z"}
{"site_id": "cbd67443-4a4e-44fd-a9ed-20ba9574c99e", "site_name": "Marianske Hory power station", "index": 46, "total": 361, "quality": "medium", "elapsed_ms": 106, "event": "era5_batch_site_done", "run_id": "20260512T184829_1d1e6d41", "level": "info", "timestamp": "2026-05-12T18:49:11.436642Z"}
{"lat": 50.413132, "lon": 14.41582, "grid_lat": 50.5, "grid_lon": 14.5, "grid_distance_km": 11.35, "quality": "medium", "max_temp_c": 23.8, "max_wind_ms": 9.4, "event": "era5_site_complete", "run_id": "20260512T184829_1d1e6d41", "level": "info", "timestamp": "2026-05-12T18:49:11.525375Z"}
{"site_id": "f3523341-daaa-4573-a856-becb2e1bb9e3", "site_name": "Melnik power station", "index": 47, "total": 361, "quality": "medium", "elapsed_ms": 105, "event": "era5_batch_site_done", "run_id": "20260512T184829_1d1e6d41", "level": "info", "timestamp": "2026-05-12T18:49:11.543676Z"}
{"lat": 50.460918, "lon": 14.375854, "grid_lat": 50.5, "grid_lon": 14.5, "grid_distance_km": 9.8, "quality": "medium", "max_temp_c": 23.8, "max_wind_ms": 9.4, "event": "era5_site_complete", "run_id": "20260512T184829_1d1e6d41", "level": "info", "timestamp": "2026-05-12T18:49:11.619914Z"}
{"site_id": "e299922a-1670-4aff-acda-fd80600af9af", "site_name": "Mondi Steti power station", "index": 48, "total": 361, "quality": "medium", "elapsed_ms": 88, "event": "era5_batch_site_done", "run_id": "20260512T184829_1d1e6d41", "level": "info", "timestamp": "2026-05-12T18:49:11.633630Z"}
{"lat": 50.503, "lon": 13.63617, "grid_lat": 50.5, "grid_lon": 13.75, "grid_distance_km": 8.06, "quality": "medium", "max_temp_c": 23.0, "max_wind_ms": 10.7, "event": "era5_site_complete", "run_id": "20260512T184829_1d1e6d41", "level": "info", "timestamp": "2026-05-12T18:49:11.716219Z"}
{"site_id": "4eb7914c-e000-403c-b5a5-c350de67bb83", "site_name": "Mostecka Power Station", "index": 49, "total": 361, "quality": "medium", "elapsed_ms": 96, "event": "era5_batch_site_done", "run_id": "20260512T184829_1d1e6d41", "level": "info", "timestamp": "2026-05-12T18:49:11.731087Z"}
{"lat": 49.570879, "lon": 17.304121, "grid_lat": 49.5, "grid_lon": 17.25, "grid_distance_km": 8.8, "quality": "medium", "max_temp_c": 22.7, "max_wind_ms": 8.7, "event": "era5_site_complete", "run_id": "20260512T184829_1d1e6d41", "level": "info", "timestamp": "2026-05-12T18:49:11.813628Z"}
{"site_id": "44d40276-5847-41d1-ab9b-887bbdc1bcfe", "site_name": "Olomouc power station", "index": 50, "total": 361, "quality": "medium", "elapsed_ms": 95, "event": "era5_batch_site_done", "run_id": "20260512T184829_1d1e6d41", "level": "info", "timestamp": "2026-05-12T18:49:11.827627Z"}
{"completed": 50, "total": 361, "succeeded": 50, "failed": 0, "elapsed_s": 41.8, "event": "era5_batch_progress", "run_id": "20260512T184829_1d1e6d41", "level": "info", "timestamp": "2026-05-12T18:49:11.827696Z"}
{"lat": 50.12283, "lon": 15.790765, "grid_lat": 50.0, "grid_lon": 15.75, "grid_distance_km": 13.96, "quality": "medium", "max_temp_c": 22.6, "max_wind_ms": 9.7, "event": "era5_site_complete", "run_id": "20260512T184829_1d1e6d41", "level": "info", "timestamp": "2026-05-12T18:49:11.917776Z"}
{"site_id": "05daa6b2-bb29-4c26-a459-855626673955", "site_name": "Opatovice power station", "index": 51, "total": 361, "quality": "medium", "elapsed_ms": 103, "event": "era5_batch_site_done", "run_id": "20260512T184829_1d1e6d41", "level": "info", "timestamp": "2026-05-12T18:49:11.932269Z"}
{"lat": 49.368459, "lon": 14.702139, "grid_lat": 49.25, "grid_lon": 14.75, "grid_distance_km": 13.62, "quality": "medium", "max_temp_c": 21.4, "max_wind_ms": 9.9, "event": "era5_site_complete", "run_id": "20260512T184829_1d1e6d41", "level": "info", "timestamp": "2026-05-12T18:49:12.016810Z"}
{"site_id": "9c4291f1-173b-467e-ae26-8cb01312c605", "site_name": "Plana Nad Luznici power station", "index": 52, "total": 361, "quality": "medium", "elapsed_ms": 98, "event": "era5_batch_site_done", "run_id": "20260512T184829_1d1e6d41", "level": "info", "timestamp": "2026-05-12T18:49:12.032642Z"}
{"lat": 49.754333, "lon": 13.398754, "grid_lat": 49.75, "grid_lon": 13.5, "grid_distance_km": 7.29, "quality": "medium", "max_temp_c": 21.8, "max_wind_ms": 11.3, "event": "era5_site_complete", "run_id": "20260512T184829_1d1e6d41", "level": "info", "timestamp": "2026-05-12T18:49:12.104864Z"}
{"site_id": "97ed917e-acfa-4002-be89-4ec44972ab45", "site_name": "Plzen CHP power station", "index": 53, "total": 361, "quality": "medium", "elapsed_ms": 83, "event": "era5_batch_site_done", "run_id": "20260512T184829_1d1e6d41", "level": "info", "timestamp": "2026-05-12T18:49:12.117300Z"}
{"lat": 49.739529, "lon": 13.345461, "grid_lat": 49.75, "grid_lon": 13.25, "grid_distance_km": 6.96, "quality": "medium", "max_temp_c": 21.6, "max_wind_ms": 11.1, "event": "era5_site_complete", "run_id": "20260512T184829_1d1e6d41", "level": "info", "timestamp": "2026-05-12T18:49:12.191612Z"}
{"site_id": "a6bf9980-016e-47ea-b40a-82e384a9eb43", "site_name": "Plzenska energetika ELU III power station", "index": 54, "total": 361, "quality": "medium", "elapsed_ms": 86, "event": "era5_batch_site_done", "run_id": "20260512T184829_1d1e6d41", "level": "info", "timestamp": "2026-05-12T18:49:12.204557Z"}
{"lat": 50.4267, "lon": 13.6747, "grid_lat": 50.5, "grid_lon": 13.75, "grid_distance_km": 9.74, "quality": "medium", "max_temp_c": 23.0, "max_wind_ms": 10.7, "event": "era5_site_complete", "run_id": "20260512T184829_1d1e6d41", "level": "info", "timestamp": "2026-05-12T18:49:12.278691Z"}
{"site_id": "32484f7b-18a4-4b21-8e6a-6d68ae099d02", "site_name": "Pocerady power station", "index": 55, "total": 361, "quality": "medium", "elapsed_ms": 85, "event": "era5_batch_site_done", "run_id": "20260512T184829_1d1e6d41", "level": "info", "timestamp": "2026-05-12T18:49:12.291851Z"}
{"lat": 50.572812, "lon": 15.963992, "grid_lat": 50.5, "grid_lon": 16.0, "grid_distance_km": 8.49, "quality": "medium", "max_temp_c": 20.7, "max_wind_ms": 10.8, "event": "era5_site_complete", "run_id": "20260512T184829_1d1e6d41", "level": "info", "timestamp": "2026-05-12T18:49:12.367871Z"}
{"site_id": "20bce4f5-ca0b-4145-87e5-0a0694343f31", "site_name": "Porici power station", "index": 56, "total": 361, "quality": "medium", "elapsed_ms": 87, "event": "era5_batch_site_done", "run_id": "20260512T184829_1d1e6d41", "level": "info", "timestamp": "2026-05-12T18:49:12.380529Z"}
{"lat": 49.445061, "lon": 17.428525, "grid_lat": 49.5, "grid_lon": 17.5, "grid_distance_km": 8.0, "quality": "medium", "max_temp_c": 22.8, "max_wind_ms": 8.9, "event": "era5_site_complete", "run_id": "20260512T184829_1d1e6d41", "level": "info", "timestamp": "2026-05-12T18:49:12.455488Z"}
{"site_id": "60baaa73-dd8c-4865-bb18-6c73d63a4052", "site_name": "Prerov power station", "index": 57, "total": 361, "quality": "medium", "elapsed_ms": 86, "event": "era5_batch_site_done", "run_id": "20260512T184829_1d1e6d41", "level": "info", "timestamp": "2026-05-12T18:49:12.468136Z"}
{"lat": 49.696, "lon": 14.003, "grid_lat": 49.75, "grid_lon": 14.0, "grid_distance_km": 6.01, "quality": "medium", "max_temp_c": 21.5, "max_wind_ms": 11.2, "event": "era5_site_complete", "run_id": "20260512T184829_1d1e6d41", "level": "info", "timestamp": "2026-05-12T18:49:12.541849Z"}
{"site_id": "0ae8917b-a70b-41e5-82de-e4963a7686e3", "site_name": "Pribram power station", "index": 58, "total": 361, "quality": "medium", "elapsed_ms": 85, "event": "era5_batch_site_done", "run_id": "20260512T184829_1d1e6d41", "level": "info", "timestamp": "2026-05-12T18:49:12.555026Z"}
{"lat": 50.415122, "lon": 13.255958, "grid_lat": 50.5, "grid_lon": 13.25, "grid_distance_km": 9.45, "quality": "medium", "max_temp_c": 20.8, "max_wind_ms": 12.8, "event": "era5_site_complete", "run_id": "20260512T184829_1d1e6d41", "level": "info", "timestamp": "2026-05-12T18:49:12.629024Z"}
{"site_id": "b0ba194f-3c80-4725-b1e7-fa5277b38833", "site_name": "Prunerov power station", "index": 59, "total": 361, "quality": "medium", "elapsed_ms": 86, "event": "era5_batch_site_done", "run_id": "20260512T184829_1d1e6d41", "level": "info", "timestamp": "2026-05-12T18:49:12.642712Z"}
{"lat": 50.41721, "lon": 14.93293, "grid_lat": 50.5, "grid_lon": 15.0, "grid_distance_km": 10.36, "quality": "medium", "max_temp_c": 23.1, "max_wind_ms": 9.1, "event": "era5_site_complete", "run_id": "20260512T184829_1d1e6d41", "level": "info", "timestamp": "2026-05-12T18:49:12.720750Z"}
{"site_id": "20c9d02d-e9e8-40b3-a11e-7a2e01018d8c", "site_name": "Sko-Energo power station", "index": 60, "total": 361, "quality": "medium", "elapsed_ms": 89, "event": "era5_batch_site_done", "run_id": "20260512T184829_1d1e6d41", "level": "info", "timestamp": "2026-05-12T18:49:12.733303Z"}
{"lat": 50.149402, "lon": 12.610338, "grid_lat": 50.25, "grid_lon": 12.5, "grid_distance_km": 13.67, "quality": "medium", "max_temp_c": 20.2, "max_wind_ms": 12.2, "event": "era5_site_complete", "run_id": "20260512T184829_1d1e6d41", "level": "info", "timestamp": "2026-05-12T18:49:12.813456Z"}
{"site_id": "14e88076-ce0e-4693-bca4-e80f3f013c7f", "site_name": "Tisova power station", "index": 61, "total": 361, "quality": "medium", "elapsed_ms": 92, "event": "era5_batch_site_done", "run_id": "20260512T184829_1d1e6d41", "level": "info", "timestamp": "2026-05-12T18:49:12.827690Z"}
{"lat": 49.831905, "lon": 18.211305, "grid_lat": 49.75, "grid_lon": 18.25, "grid_distance_km": 9.52, "quality": "medium", "max_temp_c": 22.2, "max_wind_ms": 10.6, "event": "era5_site_complete", "run_id": "20260512T184829_1d1e6d41", "level": "info", "timestamp": "2026-05-12T18:49:12.914692Z"}
{"site_id": "66c3f077-1ee6-41d7-8e6c-da374bb45139", "site_name": "Trebovice power station", "index": 62, "total": 361, "quality": "medium", "elapsed_ms": 103, "event": "era5_batch_site_done", "run_id": "20260512T184829_1d1e6d41", "level": "info", "timestamp": "2026-05-12T18:49:12.932057Z"}
{"lat": 49.677778, "lon": 18.672778, "grid_lat": 49.75, "grid_lon": 18.75, "grid_distance_km": 9.76, "quality": "medium", "max_temp_c": 21.7, "max_wind_ms": 10.3, "event": "era5_site_complete", "run_id": "20260512T184829_1d1e6d41", "level": "info", "timestamp": "2026-05-12T18:49:13.028666Z"}
{"site_id": "63601ccc-3f20-4cbd-95cb-0fbeaf821c6a", "site_name": "Trinec-E3 power station", "index": 63, "total": 361, "quality": "medium", "elapsed_ms": 110, "event": "era5_batch_site_done", "run_id": "20260512T184829_1d1e6d41", "level": "info", "timestamp": "2026-05-12T18:49:13.044334Z"}
{"lat": 50.381868, "lon": 13.339973, "grid_lat": 50.5, "grid_lon": 13.25, "grid_distance_km": 14.6, "quality": "medium", "max_temp_c": 20.8, "max_wind_ms": 12.8, "event": "era5_site_complete", "run_id": "20260512T184829_1d1e6d41", "level": "info", "timestamp": "2026-05-12T18:49:13.122668Z"}
{"site_id": "287cbb48-bb08-40dd-82c5-cfe1530dfbb9", "site_name": "Tusimice power station", "index": 64, "total": 361, "quality": "medium", "elapsed_ms": 110, "event": "era5_batch_site_done", "run_id": "20260512T184829_1d1e6d41", "level": "info", "timestamp": "2026-05-12T18:49:13.157457Z"}
{"lat": 50.255816, "lon": 12.695936, "grid_lat": 50.25, "grid_lon": 12.75, "grid_distance_km": 3.9, "quality": "medium", "max_temp_c": 20.1, "max_wind_ms": 12.7, "event": "era5_site_complete", "run_id": "20260512T184829_1d1e6d41", "level": "info", "timestamp": "2026-05-12T18:49:13.248966Z"}
{"site_id": "5f4ed23c-cea2-41ef-a3e8-ac863e1bdcd6", "site_name": "Vresova TPS power station", "index": 65, "total": 361, "quality": "medium", "elapsed_ms": 104, "event": "era5_batch_site_done", "run_id": "20260512T184829_1d1e6d41", "level": "info", "timestamp": "2026-05-12T18:49:13.263809Z"}
{"lat": 49.225, "lon": 17.654, "grid_lat": 49.25, "grid_lon": 17.75, "grid_distance_km": 7.5, "quality": "medium", "max_temp_c": 22.4, "max_wind_ms": 9.3, "event": "era5_site_complete", "run_id": "20260512T184829_1d1e6d41", "level": "info", "timestamp": "2026-05-12T18:49:13.348251Z"}
{"site_id": "aa38441d-aec7-4ae9-b4c3-68c5bf567db3", "site_name": "Zlin power station", "index": 66, "total": 361, "quality": "medium", "elapsed_ms": 95, "event": "era5_batch_site_done", "run_id": "20260512T184829_1d1e6d41", "level": "info", "timestamp": "2026-05-12T18:49:13.360316Z"}
{"lat": 43.05, "lon": 17.433333, "grid_lat": 43.0, "grid_lon": 17.5, "grid_distance_km": 7.76, "quality": "medium", "max_temp_c": 28.3, "max_wind_ms": 7.9, "event": "era5_site_complete", "run_id": "20260512T184829_1d1e6d41", "level": "info", "timestamp": "2026-05-12T18:49:13.442243Z"}
{"site_id": "7af0e000-3d19-4e5e-b504-f74897f1510c", "site_name": "Plo\u010de power station", "index": 67, "total": 361, "quality": "medium", "elapsed_ms": 93, "event": "era5_batch_site_done", "run_id": "20260512T184829_1d1e6d41", "level": "info", "timestamp": "2026-05-12T18:49:13.454825Z"}
{"lat": 45.136764, "lon": 14.162702, "grid_lat": 45.25, "grid_lon": 14.25, "grid_distance_km": 14.33, "quality": "medium", "max_temp_c": 24.7, "max_wind_ms": 11.1, "event": "era5_site_complete", "run_id": "20260512T184829_1d1e6d41", "level": "info", "timestamp": "2026-05-12T18:49:13.529723Z"}
{"site_id": "ab151830-e5bd-46de-8400-01aa4c165366", "site_name": "Plomin power station", "index": 68, "total": 361, "quality": "medium", "elapsed_ms": 86, "event": "era5_batch_site_done", "run_id": "20260512T184829_1d1e6d41", "level": "info", "timestamp": "2026-05-12T18:49:13.542684Z"}
{"lat": 47.0956, "lon": 17.558444, "grid_lat": 47.0, "grid_lon": 17.5, "grid_distance_km": 11.52, "quality": "medium", "max_temp_c": 24.6, "max_wind_ms": 8.7, "event": "era5_site_complete", "run_id": "20260512T184829_1d1e6d41", "level": "info", "timestamp": "2026-05-12T18:49:13.618404Z"}
{"site_id": "ef325d90-6d2d-4f8f-89f2-3bc98beb149b", "site_name": "Bakony power station", "index": 69, "total": 361, "quality": "medium", "elapsed_ms": 85, "event": "era5_batch_site_done", "run_id": "20260512T184829_1d1e6d41", "level": "info", "timestamp": "2026-05-12T18:49:13.629107Z"}
{"lat": 47.571057, "lon": 18.365557, "grid_lat": 47.5, "grid_lon": 18.25, "grid_distance_km": 11.73, "quality": "medium", "max_temp_c": 24.8, "max_wind_ms": 8.8, "event": "era5_site_complete", "run_id": "20260512T184829_1d1e6d41", "level": "info", "timestamp": "2026-05-12T18:49:13.701589Z"}
{"site_id": "f2b3a729-602a-4b6b-acc9-004244f2e556", "site_name": "Banhida-II power station", "index": 70, "total": 361, "quality": "medium", "elapsed_ms": 83, "event": "era5_batch_site_done", "run_id": "20260512T184829_1d1e6d41", "level": "info", "timestamp": "2026-05-12T18:49:13.714285Z"}
{"lat": 47.904814, "lon": 21.055306, "grid_lat": 48.0, "grid_lon": 21.0, "grid_distance_km": 11.36, "quality": "medium", "max_temp_c": 26.0, "max_wind_ms": 7.7, "event": "era5_site_complete", "run_id": "20260512T184829_1d1e6d41", "level": "info", "timestamp": "2026-05-12T18:49:13.793907Z"}
{"site_id": "f7dcdb63-26e6-44cd-b440-ec14fe507d90", "site_name": "Borsod power station", "index": 71, "total": 361, "quality": "medium", "elapsed_ms": 90, "event": "era5_batch_site_done", "run_id": "20260512T184829_1d1e6d41", "level": "info", "timestamp": "2026-05-12T18:49:13.805877Z"}
{"lat": 47.79027, "lon": 20.06358, "grid_lat": 47.75, "grid_lon": 20.0, "grid_distance_km": 6.53, "quality": "medium", "max_temp_c": 25.0, "max_wind_ms": 7.9, "event": "era5_site_complete", "run_id": "20260512T184829_1d1e6d41", "level": "info", "timestamp": "2026-05-12T18:49:13.885654Z"}
{"site_id": "28b36531-865d-42ae-afb3-b8bad86f7014", "site_name": "Matra power station", "index": 72, "total": 361, "quality": "medium", "elapsed_ms": 90, "event": "era5_batch_site_done", "run_id": "20260512T184829_1d1e6d41", "level": "info", "timestamp": "2026-05-12T18:49:13.897569Z"}
{"lat": 48.016667, "lon": 19.95, "grid_lat": 48.0, "grid_lon": 20.0, "grid_distance_km": 4.16, "quality": "medium", "max_temp_c": 23.1, "max_wind_ms": 8.3, "event": "era5_site_complete", "run_id": "20260512T184829_1d1e6d41", "level": "info", "timestamp": "2026-05-12T18:49:13.974636Z"}
{"site_id": "903d6b94-cd9d-4c32-b7e2-4bbfbee929df", "site_name": "Matraterenye power station", "index": 73, "total": 361, "quality": "medium", "elapsed_ms": 88, "event": "era5_batch_site_done", "run_id": "20260512T184829_1d1e6d41", "level": "info", "timestamp": "2026-05-12T18:49:13.987913Z"}
{"lat": 46.1, "lon": 18.083333, "grid_lat": 46.0, "grid_lon": 18.0, "grid_distance_km": 12.85, "quality": "medium", "max_temp_c": 25.4, "max_wind_ms": 7.3, "event": "era5_site_complete", "run_id": "20260512T184829_1d1e6d41", "level": "info", "timestamp": "2026-05-12T18:49:14.067611Z"}
{"site_id": "34d88ce8-d49c-4b19-af2d-6efcb1b72149", "site_name": "Mecsek Hills power station", "index": 74, "total": 361, "quality": "medium", "elapsed_ms": 94, "event": "era5_batch_site_done", "run_id": "20260512T184829_1d1e6d41", "level": "info", "timestamp": "2026-05-12T18:49:14.084654Z"}
{"lat": 45.99593, "lon": 18.67985, "grid_lat": 46.0, "grid_lon": 18.75, "grid_distance_km": 5.44, "quality": "medium", "max_temp_c": 25.5, "max_wind_ms": 7.4, "event": "era5_site_complete", "run_id": "20260512T184829_1d1e6d41", "level": "info", "timestamp": "2026-05-12T18:49:14.170102Z"}
{"site_id": "997474f6-9bfd-4abd-a2ac-d8618db8f0b4", "site_name": "Mohacs power station", "index": 75, "total": 361, "quality": "medium", "elapsed_ms": 160, "event": "era5_batch_site_done", "run_id": "20260512T184829_1d1e6d41", "level": "info", "timestamp": "2026-05-12T18:49:14.247038Z"}
{"completed": 75, "total": 361, "succeeded": 75, "failed": 0, "elapsed_s": 44.3, "event": "era5_batch_progress", "run_id": "20260512T184829_1d1e6d41", "level": "info", "timestamp": "2026-05-12T18:49:14.247244Z"}
{"lat": 47.501741, "lon": 18.271075, "grid_lat": 47.5, "grid_lon": 18.25, "grid_distance_km": 1.59, "quality": "medium", "max_temp_c": 24.8, "max_wind_ms": 8.8, "event": "era5_site_complete", "run_id": "20260512T184829_1d1e6d41", "level": "info", "timestamp": "2026-05-12T18:49:14.377025Z"}
{"site_id": "651839d3-4e8f-4214-89aa-1f96ea221121", "site_name": "Oroszl\u00e1ny power station", "index": 76, "total": 361, "quality": "medium", "elapsed_ms": 162, "event": "era5_batch_site_done", "run_id": "20260512T184829_1d1e6d41", "level": "info", "timestamp": "2026-05-12T18:49:14.411312Z"}
{"lat": 46.064103, "lon": 18.263048, "grid_lat": 46.0, "grid_lon": 18.25, "grid_distance_km": 7.2, "quality": "medium", "max_temp_c": 25.2, "max_wind_ms": 7.5, "event": "era5_site_complete", "run_id": "20260512T184829_1d1e6d41", "level": "info", "timestamp": "2026-05-12T18:49:14.482652Z"}
{"site_id": "e1649639-2e45-4226-9c7a-783d2dcb6724", "site_name": "Pecs power station", "index": 77, "total": 361, "quality": "medium", "elapsed_ms": 93, "event": "era5_batch_site_done", "run_id": "20260512T184829_1d1e6d41", "level": "info", "timestamp": "2026-05-12T18:49:14.505884Z"}
{"lat": 47.916826, "lon": 21.075933, "grid_lat": 48.0, "grid_lon": 21.0, "grid_distance_km": 10.84, "quality": "medium", "max_temp_c": 26.0, "max_wind_ms": 7.7, "event": "era5_site_complete", "run_id": "20260512T184829_1d1e6d41", "level": "info", "timestamp": "2026-05-12T18:49:14.595285Z"}
{"site_id": "5de5f907-98e7-42d3-a7dd-cb65f839697b", "site_name": "Tiszapalkonya power station", "index": 78, "total": 361, "quality": "medium", "elapsed_ms": 100, "event": "era5_batch_site_done", "run_id": "20260512T184829_1d1e6d41", "level": "info", "timestamp": "2026-05-12T18:49:14.607436Z"}
{"lat": 47.23626, "lon": 16.53706, "grid_lat": 47.25, "grid_lon": 16.5, "grid_distance_km": 3.19, "quality": "medium", "max_temp_c": 24.0, "max_wind_ms": 8.5, "event": "era5_site_complete", "run_id": "20260512T184829_1d1e6d41", "level": "info", "timestamp": "2026-05-12T18:49:14.682759Z"}
{"site_id": "059b3ad4-7196-4e6b-b169-8605ceeed841", "site_name": "Torony power station", "index": 79, "total": 361, "quality": "medium", "elapsed_ms": 92, "event": "era5_batch_site_done", "run_id": "20260512T184829_1d1e6d41", "level": "info", "timestamp": "2026-05-12T18:49:14.700731Z"}
{"lat": 57.409408, "lon": 21.594695, "grid_lat": 57.5, "grid_lon": 21.5, "grid_distance_km": 11.56, "quality": "medium", "max_temp_c": 21.0, "max_wind_ms": 14.4, "event": "era5_site_complete", "run_id": "20260512T184829_1d1e6d41", "level": "info", "timestamp": "2026-05-12T18:49:15.509623Z"}
{"site_id": "1a5b8f8f-f4be-4514-8738-755d25e19b41", "site_name": "Kurzeme power station", "index": 80, "total": 361, "quality": "medium", "elapsed_ms": 822, "event": "era5_batch_site_done", "run_id": "20260512T184829_1d1e6d41", "level": "info", "timestamp": "2026-05-12T18:49:15.524498Z"}
{"lat": 46.629027, "lon": 29.939714, "grid_lat": 46.75, "grid_lon": 30.0, "grid_distance_km": 14.22, "quality": "medium", "max_temp_c": 26.4, "max_wind_ms": 7.9, "event": "era5_site_complete", "run_id": "20260512T184829_1d1e6d41", "level": "info", "timestamp": "2026-05-12T18:49:15.625892Z"}
{"site_id": "b3eb5dd2-98cf-40c4-b9ee-2a86fd066093", "site_name": "Kuchurgan power station", "index": 81, "total": 361, "quality": "medium", "elapsed_ms": 113, "event": "era5_batch_site_done", "run_id": "20260512T184829_1d1e6d41", "level": "info", "timestamp": "2026-05-12T18:49:15.639630Z"}
{"lat": 42.1, "lon": 19.1, "grid_lat": 42.0, "grid_lon": 19.0, "grid_distance_km": 13.85, "quality": "medium", "max_temp_c": 27.0, "max_wind_ms": 8.8, "event": "era5_site_complete", "run_id": "20260512T184829_1d1e6d41", "level": "info", "timestamp": "2026-05-12T18:49:15.738199Z"}
{"site_id": "3795824b-cb76-48dd-a65c-764c757ddc76", "site_name": "Bar power station", "index": 82, "total": 361, "quality": "medium", "elapsed_ms": 110, "event": "era5_batch_site_done", "run_id": "20260512T184829_1d1e6d41", "level": "info", "timestamp": "2026-05-12T18:49:15.751252Z"}
{"lat": 42.84, "lon": 19.86, "grid_lat": 42.75, "grid_lon": 19.75, "grid_distance_km": 13.44, "quality": "medium", "max_temp_c": 19.6, "max_wind_ms": 11.0, "event": "era5_site_complete", "run_id": "20260512T184829_1d1e6d41", "level": "info", "timestamp": "2026-05-12T18:49:15.846229Z"}
{"site_id": "e77a7e7f-11ba-4e61-98da-f44471bc52ab", "site_name": "Berane power station", "index": 83, "total": 361, "quality": "medium", "elapsed_ms": 107, "event": "era5_batch_site_done", "run_id": "20260512T184829_1d1e6d41", "level": "info", "timestamp": "2026-05-12T18:49:15.860043Z"}
{"lat": 43.36, "lon": 19.36, "grid_lat": 43.25, "grid_lon": 19.25, "grid_distance_km": 15.13, "quality": "medium", "max_temp_c": 19.5, "max_wind_ms": 10.8, "event": "era5_site_complete", "run_id": "20260512T184829_1d1e6d41", "level": "info", "timestamp": "2026-05-12T18:49:15.965882Z"}
{"site_id": "a851b5f3-8392-4766-82b9-379c6c04fe5d", "site_name": "Maoce Power Station", "index": 84, "total": 361, "quality": "medium", "elapsed_ms": 117, "event": "era5_batch_site_done", "run_id": "20260512T184829_1d1e6d41", "level": "info", "timestamp": "2026-05-12T18:49:15.979264Z"}
{"lat": 43.334574, "lon": 19.32714, "grid_lat": 43.25, "grid_lon": 19.25, "grid_distance_km": 11.29, "quality": "medium", "max_temp_c": 19.5, "max_wind_ms": 10.8, "event": "era5_site_complete", "run_id": "20260512T184829_1d1e6d41", "level": "info", "timestamp": "2026-05-12T18:49:16.078800Z"}
{"site_id": "a9385c82-79b7-4f8d-b609-0a12ed946fe6", "site_name": "Pljevlja power station", "index": 85, "total": 361, "quality": "medium", "elapsed_ms": 112, "event": "era5_batch_site_done", "run_id": "20260512T184829_1d1e6d41", "level": "info", "timestamp": "2026-05-12T18:49:16.093605Z"}
{"lat": 41.05832, "lon": 21.484266, "grid_lat": 41.0, "grid_lon": 21.5, "grid_distance_km": 6.62, "quality": "medium", "max_temp_c": 25.1, "max_wind_ms": 7.4, "event": "era5_site_complete", "run_id": "20260512T184829_1d1e6d41", "level": "info", "timestamp": "2026-05-12T18:49:16.182142Z"}
{"site_id": "1739b1b7-a6f3-466c-9dfa-3d1de9d5b6db", "site_name": "Bitola power station", "index": 86, "total": 361, "quality": "medium", "elapsed_ms": 100, "event": "era5_batch_site_done", "run_id": "20260512T184829_1d1e6d41", "level": "info", "timestamp": "2026-05-12T18:49:16.195545Z"}
{"lat": 41.122815, "lon": 21.805115, "grid_lat": 41.0, "grid_lon": 21.75, "grid_distance_km": 14.42, "quality": "medium", "max_temp_c": 26.1, "max_wind_ms": 7.5, "event": "era5_site_complete", "run_id": "20260512T184829_1d1e6d41", "level": "info", "timestamp": "2026-05-12T18:49:16.328739Z"}
{"site_id": "7bff5ef2-646d-4b83-83b0-7f3da32f0254", "site_name": "Mariovo power station", "index": 87, "total": 361, "quality": "medium", "elapsed_ms": 146, "event": "era5_batch_site_done", "run_id": "20260512T184829_1d1e6d41", "level": "info", "timestamp": "2026-05-12T18:49:16.343439Z"}
{"lat": 41.483333, "lon": 22.1, "grid_lat": 41.5, "grid_lon": 22.0, "grid_distance_km": 8.53, "quality": "medium", "max_temp_c": 28.4, "max_wind_ms": 7.4, "event": "era5_site_complete", "run_id": "20260512T184829_1d1e6d41", "level": "info", "timestamp": "2026-05-12T18:49:16.435546Z"}
{"site_id": "83d3abe4-2049-47ad-a66b-46034edb7569", "site_name": "Negotino power station", "index": 88, "total": 361, "quality": "medium", "elapsed_ms": 104, "event": "era5_batch_site_done", "run_id": "20260512T184829_1d1e6d41", "level": "info", "timestamp": "2026-05-12T18:49:16.449763Z"}
{"lat": 41.582133, "lon": 21.000288, "grid_lat": 41.5, "grid_lon": 21.0, "grid_distance_km": 9.13, "quality": "medium", "max_temp_c": 22.2, "max_wind_ms": 7.9, "event": "era5_site_complete", "run_id": "20260512T184829_1d1e6d41", "level": "info", "timestamp": "2026-05-12T18:49:16.543967Z"}
{"site_id": "756218bb-3f16-443e-b6c6-400cd0ce2f87", "site_name": "Oslomej power station", "index": 89, "total": 361, "quality": "medium", "elapsed_ms": 107, "event": "era5_batch_site_done", "run_id": "20260512T184829_1d1e6d41", "level": "info", "timestamp": "2026-05-12T18:49:16.558318Z"}
{"lat": 52.012307, "lon": 18.546212, "grid_lat": 52.0, "grid_lon": 18.5, "grid_distance_km": 3.45, "quality": "medium", "max_temp_c": 23.7, "max_wind_ms": 11.0, "event": "era5_site_complete", "run_id": "20260512T184829_1d1e6d41", "level": "info", "timestamp": "2026-05-12T18:49:16.648803Z"}
{"site_id": "e4e3b5f0-7038-47a5-84e3-04eb07b3c4d7", "site_name": "Adamow power station", "index": 90, "total": 361, "quality": "medium", "elapsed_ms": 103, "event": "era5_batch_site_done", "run_id": "20260512T184829_1d1e6d41", "level": "info", "timestamp": "2026-05-12T18:49:16.664063Z"}
{"lat": 50.303889, "lon": 19.137778, "grid_lat": 50.25, "grid_lon": 19.25, "grid_distance_km": 9.98, "quality": "medium", "max_temp_c": 23.0, "max_wind_ms": 10.4, "event": "era5_site_complete", "run_id": "20260512T184829_1d1e6d41", "level": "info", "timestamp": "2026-05-12T18:49:16.741542Z"}
{"site_id": "d3b5a049-6bff-400b-9312-96985f03acea", "site_name": "Bedzin power station", "index": 91, "total": 361, "quality": "medium", "elapsed_ms": 88, "event": "era5_batch_site_done", "run_id": "20260512T184829_1d1e6d41", "level": "info", "timestamp": "2026-05-12T18:49:16.753857Z"}
{"lat": 51.266389, "lon": 19.330556, "grid_lat": 51.25, "grid_lon": 19.25, "grid_distance_km": 5.89, "quality": "medium", "max_temp_c": 23.7, "max_wind_ms": 11.0, "event": "era5_site_complete", "run_id": "20260512T184829_1d1e6d41", "level": "info", "timestamp": "2026-05-12T18:49:16.847231Z"}
{"site_id": "8e485f8a-5c68-4541-ab1d-77783f6fcb2d", "site_name": "Belchatow power station", "index": 92, "total": 361, "quality": "medium", "elapsed_ms": 107, "event": "era5_batch_site_done", "run_id": "20260512T184829_1d1e6d41", "level": "info", "timestamp": "2026-05-12T18:49:16.862847Z"}
{"lat": 53.147965, "lon": 23.169649, "grid_lat": 53.25, "grid_lon": 23.25, "grid_distance_km": 12.54, "quality": "medium", "max_temp_c": 21.6, "max_wind_ms": 10.5, "event": "era5_site_complete", "run_id": "20260512T184829_1d1e6d41", "level": "info", "timestamp": "2026-05-12T18:49:16.960366Z"}
{"site_id": "06641fea-8997-4b69-a618-6afa34b82591", "site_name": "Bialystok power station", "index": 93, "total": 361, "quality": "medium", "elapsed_ms": 111, "event": "era5_batch_site_done", "run_id": "20260512T184829_1d1e6d41", "level": "info", "timestamp": "2026-05-12T18:49:16.975975Z"}
{"lat": 49.811696, "lon": 19.052943, "grid_lat": 49.75, "grid_lon": 19.0, "grid_distance_km": 7.84, "quality": "medium", "max_temp_c": 21.1, "max_wind_ms": 10.8, "event": "era5_site_complete", "run_id": "20260512T184829_1d1e6d41", "level": "info", "timestamp": "2026-05-12T18:49:17.055567Z"}
{"site_id": "73fe8f06-c53b-4877-9c1d-5caf3d8f2749", "site_name": "Bielsko-Biala power station", "index": 94, "total": 361, "quality": "medium", "elapsed_ms": 90, "event": "era5_batch_site_done", "run_id": "20260512T184829_1d1e6d41", "level": "info", "timestamp": "2026-05-12T18:49:17.068119Z"}
{"lat": 50.783333, "lon": 18.966667, "grid_lat": 50.75, "grid_lon": 19.0, "grid_distance_km": 4.39, "quality": "medium", "max_temp_c": 23.2, "max_wind_ms": 11.1, "event": "era5_site_complete", "run_id": "20260512T184829_1d1e6d41", "level": "info", "timestamp": "2026-05-12T18:49:17.150142Z"}
{"site_id": "ccc15bde-1c5a-40bf-8f09-2fcb1e896ce5", "site_name": "Blachownia power station", "index": 95, "total": 361, "quality": "medium", "elapsed_ms": 94, "event": "era5_batch_site_done", "run_id": "20260512T184829_1d1e6d41", "level": "info", "timestamp": "2026-05-12T18:49:17.164298Z"}
{"lat": 53.09918, "lon": 18.0889, "grid_lat": 53.0, "grid_lon": 18.0, "grid_distance_km": 12.53, "quality": "medium", "max_temp_c": 22.1, "max_wind_ms": 11.5, "event": "era5_site_complete", "run_id": "20260512T184829_1d1e6d41", "level": "info", "timestamp": "2026-05-12T18:49:17.240263Z"}
{"site_id": "9f4a0d6c-e2fa-4e9b-b412-d779d4abf82c", "site_name": "Bydgoszcz power station", "index": 96, "total": 361, "quality": "medium", "elapsed_ms": 88, "event": "era5_batch_site_done", "run_id": "20260512T184829_1d1e6d41", "level": "info", "timestamp": "2026-05-12T18:49:17.253831Z"}
{"lat": 50.307464, "lon": 18.969459, "grid_lat": 50.25, "grid_lon": 19.0, "grid_distance_km": 6.75, "quality": "medium", "max_temp_c": 23.2, "max_wind_ms": 10.1, "event": "era5_site_complete", "run_id": "20260512T184829_1d1e6d41", "level": "info", "timestamp": "2026-05-12T18:49:17.331493Z"}
{"site_id": "a91dfe3d-93e0-43a1-99d2-41abdd1fc2ce", "site_name": "Chorzow Elcho power station", "index": 97, "total": 361, "quality": "medium", "elapsed_ms": 89, "event": "era5_batch_site_done", "run_id": "20260512T184829_1d1e6d41", "level": "info", "timestamp": "2026-05-12T18:49:17.345182Z"}
{"lat": 49.966667, "lon": 18.95, "grid_lat": 50.0, "grid_lon": 19.0, "grid_distance_km": 5.15, "quality": "medium", "max_temp_c": 22.8, "max_wind_ms": 10.3, "event": "era5_site_complete", "run_id": "20260512T184829_1d1e6d41", "level": "info", "timestamp": "2026-05-12T18:49:17.429030Z"}
{"site_id": "a6b51b4f-ba1d-49cd-bc99-8898acdbeb78", "site_name": "Czeczott power station", "index": 98, "total": 361, "quality": "medium", "elapsed_ms": 97, "event": "era5_batch_site_done", "run_id": "20260512T184829_1d1e6d41", "level": "info", "timestamp": "2026-05-12T18:49:17.444247Z"}
{"lat": 50.794406, "lon": 19.14242, "grid_lat": 50.75, "grid_lon": 19.25, "grid_distance_km": 9.03, "quality": "medium", "max_temp_c": 23.1, "max_wind_ms": 11.2, "event": "era5_site_complete", "run_id": "20260512T184829_1d1e6d41", "level": "info", "timestamp": "2026-05-12T18:49:17.524095Z"}
{"site_id": "b789a244-7d29-4be3-afe4-2f45d7f11eab", "site_name": "Czestochowa CHP power station", "index": 99, "total": 361, "quality": "medium", "elapsed_ms": 91, "event": "era5_batch_site_done", "run_id": "20260512T184829_1d1e6d41", "level": "info", "timestamp": "2026-05-12T18:49:17.536707Z"}
{"lat": 53.20778, "lon": 14.46722, "grid_lat": 53.25, "grid_lon": 14.5, "grid_distance_km": 5.18, "quality": "medium", "max_temp_c": 23.0, "max_wind_ms": 11.8, "event": "era5_site_complete", "run_id": "20260512T184829_1d1e6d41", "level": "info", "timestamp": "2026-05-12T18:49:17.612655Z"}
{"site_id": "558e7bff-5b5d-4666-9ca3-ec02f2269aab", "site_name": "Dolna Odra power station", "index": 100, "total": 361, "quality": "medium", "elapsed_ms": 88, "event": "era5_batch_site_done", "run_id": "20260512T184829_1d1e6d41", "level": "info", "timestamp": "2026-05-12T18:49:17.626622Z"}
{"completed": 100, "total": 361, "succeeded": 100, "failed": 0, "elapsed_s": 47.6, "event": "era5_batch_progress", "run_id": "20260512T184829_1d1e6d41", "level": "info", "timestamp": "2026-05-12T18:49:17.626685Z"}
{"lat": 54.378201, "lon": 18.641284, "grid_lat": 54.5, "grid_lon": 18.75, "grid_distance_km": 15.26, "quality": "medium", "max_temp_c": 21.8, "max_wind_ms": 12.1, "event": "era5_site_complete", "run_id": "20260512T184829_1d1e6d41", "level": "info", "timestamp": "2026-05-12T18:49:17.718984Z"}
{"site_id": "e9a1ae49-ff79-462c-af4e-7c6843221d36", "site_name": "Gdansk-2 power station", "index": 101, "total": 361, "quality": "medium", "elapsed_ms": 105, "event": "era5_batch_site_done", "run_id": "20260512T184829_1d1e6d41", "level": "info", "timestamp": "2026-05-12T18:49:17.733668Z"}
{"lat": 54.553355, "lon": 18.480791, "grid_lat": 54.5, "grid_lon": 18.5, "grid_distance_km": 6.06, "quality": "medium", "max_temp_c": 20.7, "max_wind_ms": 12.3, "event": "era5_site_complete", "run_id": "20260512T184829_1d1e6d41", "level": "info", "timestamp": "2026-05-12T18:49:17.818175Z"}
{"site_id": "ad7a9c00-0c75-411f-8f89-859e603df1e6", "site_name": "Gdynia-3 power station", "index": 102, "total": 361, "quality": "medium", "elapsed_ms": 96, "event": "era5_batch_site_done", "run_id": "20260512T184829_1d1e6d41", "level": "info", "timestamp": "2026-05-12T18:49:17.831862Z"}
{"lat": 50.317682, "lon": 18.626547, "grid_lat": 50.25, "grid_lon": 18.75, "grid_distance_km": 11.56, "quality": "medium", "max_temp_c": 23.3, "max_wind_ms": 10.2, "event": "era5_site_complete", "run_id": "20260512T184829_1d1e6d41", "level": "info", "timestamp": "2026-05-12T18:49:17.906711Z"}
{"site_id": "416aab55-6fd9-4a0a-b8f8-796fb62d86a5", "site_name": "Gliwice Works power station", "index": 103, "total": 361, "quality": "medium", "elapsed_ms": 85, "event": "era5_batch_site_done", "run_id": "20260512T184829_1d1e6d41", "level": "info", "timestamp": "2026-05-12T18:49:17.918971Z"}
{"lat": 52.7504, "lon": 15.2712, "grid_lat": 52.75, "grid_lon": 15.25, "grid_distance_km": 1.43, "quality": "medium", "max_temp_c": 23.6, "max_wind_ms": 11.5, "event": "era5_site_complete", "run_id": "20260512T184829_1d1e6d41", "level": "info", "timestamp": "2026-05-12T18:49:17.994028Z"}
{"site_id": "40650551-0c9c-45ea-bac6-befdb0cb5909", "site_name": "Gorzow power station", "index": 104, "total": 361, "quality": "medium", "elapsed_ms": 86, "event": "era5_batch_site_done", "run_id": "20260512T184829_1d1e6d41", "level": "info", "timestamp": "2026-05-12T18:49:18.007174Z"}
{"lat": 51.948982, "lon": 14.728458, "grid_lat": 52.0, "grid_lon": 14.75, "grid_distance_km": 5.86, "quality": "medium", "max_temp_c": 24.4, "max_wind_ms": 11.4, "event": "era5_site_complete", "run_id": "20260512T184829_1d1e6d41", "level": "info", "timestamp": "2026-05-12T18:49:18.084691Z"}
{"site_id": "917008f5-fba1-4ef7-b82d-9aded2b69267", "site_name": "Gubin Power Project", "index": 105, "total": 361, "quality": "medium", "elapsed_ms": 89, "event": "era5_batch_site_done", "run_id": "20260512T184829_1d1e6d41", "level": "info", "timestamp": "2026-05-12T18:49:18.098268Z"}
{"lat": 50.2325, "lon": 18.851944, "grid_lat": 50.25, "grid_lon": 18.75, "grid_distance_km": 7.51, "quality": "medium", "max_temp_c": 23.3, "max_wind_ms": 10.2, "event": "era5_site_complete", "run_id": "20260512T184829_1d1e6d41", "level": "info", "timestamp": "2026-05-12T18:49:18.173344Z"}
{"site_id": "29479c3f-8db8-4f62-90e8-59ad6739f90b", "site_name": "Halemba power station", "index": 106, "total": 361, "quality": "medium", "elapsed_ms": 85, "event": "era5_batch_site_done", "run_id": "20260512T184829_1d1e6d41", "level": "info", "timestamp": "2026-05-12T18:49:18.185486Z"}
{"lat": 50.213351, "lon": 19.22806, "grid_lat": 50.25, "grid_lon": 19.25, "grid_distance_km": 4.36, "quality": "medium", "max_temp_c": 23.0, "max_wind_ms": 10.4, "event": "era5_site_complete", "run_id": "20260512T184829_1d1e6d41", "level": "info", "timestamp": "2026-05-12T18:49:18.274724Z"}
{"site_id": "c4d7f628-c108-4496-ac02-6076ea3ae448", "site_name": "Jaworzno power station", "index": 107, "total": 361, "quality": "medium", "elapsed_ms": 102, "event": "era5_batch_site_done", "run_id": "20260512T184829_1d1e6d41", "level": "info", "timestamp": "2026-05-12T18:49:18.288980Z"}
{"lat": 50.28568, "lon": 19.05438, "grid_lat": 50.25, "grid_lon": 19.0, "grid_distance_km": 5.54, "quality": "medium", "max_temp_c": 23.2, "max_wind_ms": 10.1, "event": "era5_site_complete", "run_id": "20260512T184829_1d1e6d41", "level": "info", "timestamp": "2026-05-12T18:49:18.376020Z"}
{"site_id": "399668d6-bfed-4e5b-bf38-9ee5902101c3", "site_name": "Katowice PKE power station", "index": 108, "total": 361, "quality": "medium", "elapsed_ms": 98, "event": "era5_batch_site_done", "run_id": "20260512T184829_1d1e6d41", "level": "info", "timestamp": "2026-05-12T18:49:18.389022Z"}
{"lat": 50.34988, "lon": 18.226184, "grid_lat": 50.25, "grid_lon": 18.25, "grid_distance_km": 11.23, "quality": "medium", "max_temp_c": 23.3, "max_wind_ms": 9.6, "event": "era5_site_complete", "run_id": "20260512T184829_1d1e6d41", "level": "info", "timestamp": "2026-05-12T18:49:18.469862Z"}
{"site_id": "239ea0eb-a9c4-43cc-ac5f-35271bdc6613", "site_name": "Kedzierzyn CCS Project", "index": 109, "total": 361, "quality": "medium", "elapsed_ms": 92, "event": "era5_batch_site_done", "run_id": "20260512T184829_1d1e6d41", "level": "info", "timestamp": "2026-05-12T18:49:18.482643Z"}
{"lat": 52.283657, "lon": 18.269475, "grid_lat": 52.25, "grid_lon": 18.25, "grid_distance_km": 3.97, "quality": "medium", "max_temp_c": 23.6, "max_wind_ms": 11.0, "event": "era5_site_complete", "run_id": "20260512T184829_1d1e6d41", "level": "info", "timestamp": "2026-05-12T18:49:18.559980Z"}
{"site_id": "c39819ef-6798-4c01-9a82-9eead65b5f56", "site_name": "Konin power station", "index": 110, "total": 361, "quality": "medium", "elapsed_ms": 89, "event": "era5_batch_site_done", "run_id": "20260512T184829_1d1e6d41", "level": "info", "timestamp": "2026-05-12T18:49:18.573143Z"}
{"lat": 51.58293, "lon": 21.54779, "grid_lat": 51.5, "grid_lon": 21.5, "grid_distance_km": 9.8, "quality": "medium", "max_temp_c": 22.8, "max_wind_ms": 10.2, "event": "era5_site_complete", "run_id": "20260512T184829_1d1e6d41", "level": "info", "timestamp": "2026-05-12T18:49:18.651921Z"}
{"site_id": "4411a22e-4e8a-4715-b000-1aae34494b68", "site_name": "Kozienice power station", "index": 111, "total": 361, "quality": "medium", "elapsed_ms": 89, "event": "era5_batch_site_done", "run_id": "20260512T184829_1d1e6d41", "level": "info", "timestamp": "2026-05-12T18:49:18.664274Z"}
{"lat": 50.054021, "lon": 20.006018, "grid_lat": 50.0, "grid_lon": 20.0, "grid_distance_km": 6.02, "quality": "medium", "max_temp_c": 21.7, "max_wind_ms": 10.4, "event": "era5_site_complete", "run_id": "20260512T184829_1d1e6d41", "level": "info", "timestamp": "2026-05-12T18:49:18.761981Z"}
{"site_id": "409dde58-5df1-44d9-b5ec-f8e2edd86786", "site_name": "Krakow-Leg power station", "index": 112, "total": 361, "quality": "medium", "elapsed_ms": 110, "event": "era5_batch_site_done", "run_id": "20260512T184829_1d1e6d41", "level": "info", "timestamp": "2026-05-12T18:49:18.776103Z"}
{"lat": 50.35016, "lon": 19.14351, "grid_lat": 50.25, "grid_lon": 19.25, "grid_distance_km": 13.46, "quality": "medium", "max_temp_c": 23.0, "max_wind_ms": 10.4, "event": "era5_site_complete", "run_id": "20260512T184829_1d1e6d41", "level": "info", "timestamp": "2026-05-12T18:49:18.852208Z"}
{"site_id": "27fc89b3-ee57-44ac-8073-a700bc8d12e8", "site_name": "Lagisza power station", "index": 113, "total": 361, "quality": "medium", "elapsed_ms": 86, "event": "era5_batch_site_done", "run_id": "20260512T184829_1d1e6d41", "level": "info", "timestamp": "2026-05-12T18:49:18.864319Z"}
{"lat": 50.134526, "lon": 18.844352, "grid_lat": 50.25, "grid_lon": 18.75, "grid_distance_km": 14.49, "quality": "medium", "max_temp_c": 23.3, "max_wind_ms": 10.2, "event": "era5_site_complete", "run_id": "20260512T184829_1d1e6d41", "level": "info", "timestamp": "2026-05-12T18:49:18.938750Z"}
{"site_id": "de6735bd-7a79-43c8-baad-1fe23d50d6f0", "site_name": "Laziska power station", "index": 114, "total": 361, "quality": "medium", "elapsed_ms": 86, "event": "era5_batch_site_done", "run_id": "20260512T184829_1d1e6d41", "level": "info", "timestamp": "2026-05-12T18:49:18.952140Z"}
{"lat": 51.3009, "lon": 22.88211, "grid_lat": 51.25, "grid_lon": 23.0, "grid_distance_km": 9.96, "quality": "medium", "max_temp_c": 22.7, "max_wind_ms": 10.4, "event": "era5_site_complete", "run_id": "20260512T184829_1d1e6d41", "level": "info", "timestamp": "2026-05-12T18:49:19.027574Z"}
{"site_id": "0b187a1d-55de-47cf-96a3-06abc8ff2476", "site_name": "Leczna Power Station (Bogdanka SA)", "index": 115, "total": 361, "quality": "medium", "elapsed_ms": 87, "event": "era5_batch_site_done", "run_id": "20260512T184829_1d1e6d41", "level": "info", "timestamp": "2026-05-12T18:49:19.041052Z"}
{"lat": 51.3, "lon": 22.883333, "grid_lat": 51.25, "grid_lon": 23.0, "grid_distance_km": 9.84, "quality": "medium", "max_temp_c": 22.7, "max_wind_ms": 10.4, "event": "era5_site_complete", "run_id": "20260512T184829_1d1e6d41", "level": "info", "timestamp": "2026-05-12T18:49:19.120317Z"}
{"site_id": "ebc0f461-acfa-47da-8094-5b15ea3e25a0", "site_name": "Leczna Power Station (Enea)", "index": 116, "total": 361, "quality": "medium", "elapsed_ms": 90, "event": "era5_batch_site_done", "run_id": "20260512T184829_1d1e6d41", "level": "info", "timestamp": "2026-05-12T18:49:19.132652Z"}
{"lat": 51.207007, "lon": 16.155323, "grid_lat": 51.25, "grid_lon": 16.25, "grid_distance_km": 8.14, "quality": "medium", "max_temp_c": 24.0, "max_wind_ms": 10.8, "event": "era5_site_complete", "run_id": "20260512T184829_1d1e6d41", "level": "info", "timestamp": "2026-05-12T18:49:19.211447Z"}
{"site_id": "187b4fd7-6a61-4e94-8ed4-495ac6dfc317", "site_name": "Legnica Power Station", "index": 117, "total": 361, "quality": "medium", "elapsed_ms": 90, "event": "era5_batch_site_done", "run_id": "20260512T184829_1d1e6d41", "level": "info", "timestamp": "2026-05-12T18:49:19.224375Z"}
{"lat": 51.742023, "lon": 19.448746, "grid_lat": 51.75, "grid_lon": 19.5, "grid_distance_km": 3.64, "quality": "medium", "max_temp_c": 22.6, "max_wind_ms": 11.2, "event": "era5_site_complete", "run_id": "20260512T184829_1d1e6d41", "level": "info", "timestamp": "2026-05-12T18:49:19.310463Z"}
{"site_id": "29a58981-aaf7-4450-ad41-49dd6d786168", "site_name": "Lodz-2 power station", "index": 118, "total": 361, "quality": "medium", "elapsed_ms": 97, "event": "era5_batch_site_done", "run_id": "20260512T184829_1d1e6d41", "level": "info", "timestamp": "2026-05-12T18:49:19.322731Z"}
{"lat": 51.798357, "lon": 19.420734, "grid_lat": 51.75, "grid_lon": 19.5, "grid_distance_km": 7.66, "quality": "medium", "max_temp_c": 22.6, "max_wind_ms": 11.2, "event": "era5_site_complete", "run_id": "20260512T184829_1d1e6d41", "level": "info", "timestamp": "2026-05-12T18:49:19.403435Z"}
{"site_id": "8dd8db4c-b62d-4f6b-a2ee-70a9ed785e7a", "site_name": "Lodz-3 power station", "index": 119, "total": 361, "quality": "medium", "elapsed_ms": 90, "event": "era5_batch_site_done", "run_id": "20260512T184829_1d1e6d41", "level": "info", "timestamp": "2026-05-12T18:49:19.415190Z"}
{"lat": 51.74564, "lon": 19.53963, "grid_lat": 51.75, "grid_lon": 19.5, "grid_distance_km": 2.77, "quality": "medium", "max_temp_c": 22.6, "max_wind_ms": 11.2, "event": "era5_site_complete", "run_id": "20260512T184829_1d1e6d41", "level": "info", "timestamp": "2026-05-12T18:49:19.495602Z"}
{"site_id": "ef2ee2ae-e73e-490c-aa07-746543fe20e6", "site_name": "Lodz-4 power station", "index": 120, "total": 361, "quality": "medium", "elapsed_ms": 91, "event": "era5_batch_site_done", "run_id": "20260512T184829_1d1e6d41", "level": "info", "timestamp": "2026-05-12T18:49:19.507538Z"}
{"lat": 51.209986, "lon": 22.554122, "grid_lat": 51.25, "grid_lon": 22.5, "grid_distance_km": 5.83, "quality": "medium", "max_temp_c": 22.0, "max_wind_ms": 10.4, "event": "era5_site_complete", "run_id": "20260512T184829_1d1e6d41", "level": "info", "timestamp": "2026-05-12T18:49:19.591744Z"}
{"site_id": "d60b377c-9bb4-4fd5-adb7-a9a9ba98ae76", "site_name": "Lublin Power Station", "index": 121, "total": 361, "quality": "medium", "elapsed_ms": 96, "event": "era5_batch_site_done", "run_id": "20260512T184829_1d1e6d41", "level": "info", "timestamp": "2026-05-12T18:49:19.605511Z"}
{"lat": 50.349073, "lon": 18.841853, "grid_lat": 50.25, "grid_lon": 18.75, "grid_distance_km": 12.8, "quality": "medium", "max_temp_c": 23.3, "max_wind_ms": 10.2, "event": "era5_site_complete", "run_id": "20260512T184829_1d1e6d41", "level": "info", "timestamp": "2026-05-12T18:49:19.689868Z"}
{"site_id": "c42c5942-264d-43a1-a9eb-95b00480eb1a", "site_name": "Miechowice power station", "index": 122, "total": 361, "quality": "medium", "elapsed_ms": 97, "event": "era5_batch_site_done", "run_id": "20260512T184829_1d1e6d41", "level": "info", "timestamp": "2026-05-12T18:49:19.704453Z"}
{"lat": 50.180556, "lon": 19.007222, "grid_lat": 50.25, "grid_lon": 19.0, "grid_distance_km": 7.74, "quality": "medium", "max_temp_c": 23.2, "max_wind_ms": 10.1, "event": "era5_site_complete", "run_id": "20260512T184829_1d1e6d41", "level": "info", "timestamp": "2026-05-12T18:49:19.780785Z"}
{"site_id": "5a57ae0a-6f91-46f4-a1f5-56a6b37596e9", "site_name": "Murcki-Staszic power station", "index": 123, "total": 361, "quality": "medium", "elapsed_ms": 89, "event": "era5_batch_site_done", "run_id": "20260512T184829_1d1e6d41", "level": "info", "timestamp": "2026-05-12T18:49:19.794973Z"}
{"lat": 53.742222, "lon": 18.823056, "grid_lat": 53.75, "grid_lon": 18.75, "grid_distance_km": 4.88, "quality": "medium", "max_temp_c": 21.5, "max_wind_ms": 11.3, "event": "era5_site_complete", "run_id": "20260512T184829_1d1e6d41", "level": "info", "timestamp": "2026-05-12T18:49:19.878895Z"}
{"site_id": "52db4dae-b014-45a4-96c4-49f80c1fdd11", "site_name": "Opalenie power station", "index": 124, "total": 361, "quality": "medium", "elapsed_ms": 96, "event": "era5_batch_site_done", "run_id": "20260512T184829_1d1e6d41", "level": "info", "timestamp": "2026-05-12T18:49:19.893488Z"}
{"lat": 50.75182, "lon": 17.88196, "grid_lat": 50.75, "grid_lon": 18.0, "grid_distance_km": 8.31, "quality": "medium", "max_temp_c": 23.8, "max_wind_ms": 9.7, "event": "era5_site_complete", "run_id": "20260512T184829_1d1e6d41", "level": "info", "timestamp": "2026-05-12T18:49:19.973562Z"}
{"site_id": "1d19dce6-c458-4656-901d-6a8d3c548761", "site_name": "Opole power station", "index": 125, "total": 361, "quality": "medium", "elapsed_ms": 90, "event": "era5_batch_site_done", "run_id": "20260512T184829_1d1e6d41", "level": "info", "timestamp": "2026-05-12T18:49:19.985749Z"}
{"completed": 125, "total": 361, "succeeded": 125, "failed": 0, "elapsed_s": 50.0, "event": "era5_batch_progress", "run_id": "20260512T184829_1d1e6d41", "level": "info", "timestamp": "2026-05-12T18:49:19.985803Z"}
{"lat": 53.103611, "lon": 21.6125, "grid_lat": 53.0, "grid_lon": 21.5, "grid_distance_km": 13.76, "quality": "medium", "max_temp_c": 22.4, "max_wind_ms": 10.5, "event": "era5_site_complete", "run_id": "20260512T184829_1d1e6d41", "level": "info", "timestamp": "2026-05-12T18:49:20.063306Z"}
{"site_id": "b8bc6544-1571-4906-95e0-314d62c78a24", "site_name": "Ostro\u0142\u0119ka power station", "index": 126, "total": 361, "quality": "medium", "elapsed_ms": 89, "event": "era5_batch_site_done", "run_id": "20260512T184829_1d1e6d41", "level": "info", "timestamp": "2026-05-12T18:49:20.076772Z"}
{"lat": 52.302, "lon": 18.237, "grid_lat": 52.25, "grid_lon": 18.25, "grid_distance_km": 5.85, "quality": "medium", "max_temp_c": 23.6, "max_wind_ms": 11.0, "event": "era5_site_complete", "run_id": "20260512T184829_1d1e6d41", "level": "info", "timestamp": "2026-05-12T18:49:20.211297Z"}
{"site_id": "ab57f5c3-8699-46f9-970f-3007dfc58af4", "site_name": "Patnow power station", "index": 127, "total": 361, "quality": "medium", "elapsed_ms": 149, "event": "era5_batch_site_done", "run_id": "20260512T184829_1d1e6d41", "level": "info", "timestamp": "2026-05-12T18:49:20.227770Z"}
{"lat": 50.016287, "lon": 19.096709, "grid_lat": 50.0, "grid_lon": 19.0, "grid_distance_km": 7.14, "quality": "medium", "max_temp_c": 22.8, "max_wind_ms": 10.3, "event": "era5_site_complete", "run_id": "20260512T184829_1d1e6d41", "level": "info", "timestamp": "2026-05-12T18:49:20.335478Z"}
{"site_id": "8a9d5c87-7edc-49c3-85a2-d97727b9c9b2", "site_name": "Piast Ruch Power Station", "index": 128, "total": 361, "quality": "medium", "elapsed_ms": 120, "event": "era5_batch_site_done", "run_id": "20260512T184829_1d1e6d41", "level": "info", "timestamp": "2026-05-12T18:49:20.350297Z"}
{"lat": 50.437685, "lon": 21.33769, "grid_lat": 50.5, "grid_lon": 21.25, "grid_distance_km": 9.3, "quality": "medium", "max_temp_c": 23.2, "max_wind_ms": 9.8, "event": "era5_site_complete", "run_id": "20260512T184829_1d1e6d41", "level": "info", "timestamp": "2026-05-12T18:49:20.428288Z"}
{"site_id": "2981a12d-3444-4301-96ba-a63ef50bec3e", "site_name": "Polaniec power station", "index": 129, "total": 361, "quality": "medium", "elapsed_ms": 90, "event": "era5_batch_site_done", "run_id": "20260512T184829_1d1e6d41", "level": "info", "timestamp": "2026-05-12T18:49:20.442005Z"}
{"lat": 53.962892, "lon": 18.711758, "grid_lat": 54.0, "grid_lon": 18.75, "grid_distance_km": 4.82, "quality": "medium", "max_temp_c": 21.4, "max_wind_ms": 11.4, "event": "era5_site_complete", "run_id": "20260512T184829_1d1e6d41", "level": "info", "timestamp": "2026-05-12T18:49:20.520999Z"}
{"site_id": "b24f9ac5-5ddf-4b19-ba95-76dafeca3d2c", "site_name": "P\u00f3lnoc power station", "index": 130, "total": 361, "quality": "medium", "elapsed_ms": 89, "event": "era5_batch_site_done", "run_id": "20260512T184829_1d1e6d41", "level": "info", "timestamp": "2026-05-12T18:49:20.533173Z"}
{"lat": 53.390996, "lon": 14.524786, "grid_lat": 53.5, "grid_lon": 14.5, "grid_distance_km": 12.23, "quality": "medium", "max_temp_c": 22.7, "max_wind_ms": 12.2, "event": "era5_site_complete", "run_id": "20260512T184829_1d1e6d41", "level": "info", "timestamp": "2026-05-12T18:49:20.612376Z"}
{"site_id": "e2c23866-db1e-4316-82b5-7e3fe50c3c09", "site_name": "Pomorzany power station", "index": 131, "total": 361, "quality": "medium", "elapsed_ms": 91, "event": "era5_batch_site_done", "run_id": "20260512T184829_1d1e6d41", "level": "info", "timestamp": "2026-05-12T18:49:20.625421Z"}
{"lat": 52.436416, "lon": 16.988658, "grid_lat": 52.5, "grid_lon": 17.0, "grid_distance_km": 7.11, "quality": "medium", "max_temp_c": 23.6, "max_wind_ms": 11.1, "event": "era5_site_complete", "run_id": "20260512T184829_1d1e6d41", "level": "info", "timestamp": "2026-05-12T18:49:20.702781Z"}
{"site_id": "40b4334a-7ba4-4ed8-aa8e-3c405599fbd7", "site_name": "Poznan Karolin power station", "index": 132, "total": 361, "quality": "medium", "elapsed_ms": 88, "event": "era5_batch_site_done", "run_id": "20260512T184829_1d1e6d41", "level": "info", "timestamp": "2026-05-12T18:49:20.715008Z"}
{"lat": 51.3, "lon": 22.966667, "grid_lat": 51.25, "grid_lon": 23.0, "grid_distance_km": 6.02, "quality": "medium", "max_temp_c": 22.7, "max_wind_ms": 10.4, "event": "era5_site_complete", "run_id": "20260512T184829_1d1e6d41", "level": "info", "timestamp": "2026-05-12T18:49:20.793745Z"}
{"site_id": "dadadad9-b67e-44b8-a9ab-4cbf116da20b", "site_name": "Puchaczow power station", "index": 133, "total": 361, "quality": "medium", "elapsed_ms": 97, "event": "era5_batch_site_done", "run_id": "20260512T184829_1d1e6d41", "level": "info", "timestamp": "2026-05-12T18:49:20.815125Z"}
{"lat": 51.416443, "lon": 21.969309, "grid_lat": 51.5, "grid_lon": 22.0, "grid_distance_km": 9.53, "quality": "medium", "max_temp_c": 22.5, "max_wind_ms": 10.3, "event": "era5_site_complete", "run_id": "20260512T184829_1d1e6d41", "level": "info", "timestamp": "2026-05-12T18:49:20.931617Z"}
{"site_id": "cdc888ad-fd51-4710-a5ab-3cd0fe9ddb48", "site_name": "Pulawy power station (Grupa Azoty)", "index": 134, "total": 361, "quality": "medium", "elapsed_ms": 132, "event": "era5_batch_site_done", "run_id": "20260512T184829_1d1e6d41", "level": "info", "timestamp": "2026-05-12T18:49:20.949663Z"}
{"lat": 51.416443, "lon": 21.969309, "grid_lat": 51.5, "grid_lon": 22.0, "grid_distance_km": 9.53, "quality": "medium", "max_temp_c": 22.5, "max_wind_ms": 10.3, "event": "era5_site_complete", "run_id": "20260512T184829_1d1e6d41", "level": "info", "timestamp": "2026-05-12T18:49:21.069201Z"}
{"site_id": "a19228ce-f25a-4ffd-a249-9d01403e6b81", "site_name": "Pulawy power station (Vattenfall)", "index": 135, "total": 361, "quality": "medium", "elapsed_ms": 130, "event": "era5_batch_site_done", "run_id": "20260512T184829_1d1e6d41", "level": "info", "timestamp": "2026-05-12T18:49:21.081702Z"}
{"lat": 51.457211, "lon": 21.973811, "grid_lat": 51.5, "grid_lon": 22.0, "grid_distance_km": 5.09, "quality": "medium", "max_temp_c": 22.5, "max_wind_ms": 10.3, "event": "era5_site_complete", "run_id": "20260512T184829_1d1e6d41", "level": "info", "timestamp": "2026-05-12T18:49:21.160825Z"}
{"site_id": "ee332928-87b2-4e7b-9203-20e402bc551f", "site_name": "Pulawy ZAP Works power station", "index": 136, "total": 361, "quality": "medium", "elapsed_ms": 92, "event": "era5_batch_site_done", "run_id": "20260512T184829_1d1e6d41", "level": "info", "timestamp": "2026-05-12T18:49:21.175820Z"}
{"lat": 50.13406, "lon": 18.52196, "grid_lat": 50.25, "grid_lon": 18.5, "grid_distance_km": 12.99, "quality": "medium", "max_temp_c": 23.2, "max_wind_ms": 9.9, "event": "era5_site_complete", "run_id": "20260512T184829_1d1e6d41", "level": "info", "timestamp": "2026-05-12T18:49:21.254025Z"}
{"site_id": "b8a00967-90a3-4a4e-9979-6b8651d87380", "site_name": "Rybnik power station", "index": 137, "total": 361, "quality": "medium", "elapsed_ms": 89, "event": "era5_batch_site_done", "run_id": "20260512T184829_1d1e6d41", "level": "info", "timestamp": "2026-05-12T18:49:21.266881Z"}
{"lat": 51.03794, "lon": 17.15095, "grid_lat": 51.0, "grid_lon": 17.25, "grid_distance_km": 8.11, "quality": "medium", "max_temp_c": 23.2, "max_wind_ms": 10.5, "event": "era5_site_complete", "run_id": "20260512T184829_1d1e6d41", "level": "info", "timestamp": "2026-05-12T18:49:21.341920Z"}
{"site_id": "a7eeee6e-e14a-40ba-80b6-75ed2e170b20", "site_name": "Siechnice power station", "index": 138, "total": 361, "quality": "medium", "elapsed_ms": 86, "event": "era5_batch_site_done", "run_id": "20260512T184829_1d1e6d41", "level": "info", "timestamp": "2026-05-12T18:49:21.354092Z"}
{"lat": 52.191456, "lon": 21.086218, "grid_lat": 52.25, "grid_lon": 21.0, "grid_distance_km": 8.77, "quality": "medium", "max_temp_c": 22.9, "max_wind_ms": 10.5, "event": "era5_site_complete", "run_id": "20260512T184829_1d1e6d41", "level": "info", "timestamp": "2026-05-12T18:49:21.429903Z"}
{"site_id": "a67255dd-8134-418e-9377-e28516c53722", "site_name": "Siekierki power station", "index": 139, "total": 361, "quality": "medium", "elapsed_ms": 87, "event": "era5_batch_site_done", "run_id": "20260512T184829_1d1e6d41", "level": "info", "timestamp": "2026-05-12T18:49:21.442812Z"}
{"lat": 50.208043, "lon": 19.460943, "grid_lat": 50.25, "grid_lon": 19.5, "grid_distance_km": 5.43, "quality": "medium", "max_temp_c": 22.6, "max_wind_ms": 10.9, "event": "era5_site_complete", "run_id": "20260512T184829_1d1e6d41", "level": "info", "timestamp": "2026-05-12T18:49:21.554005Z"}
{"site_id": "47be3ec4-7abe-4f4c-ac3d-b7f753b8514a", "site_name": "Siersza power station", "index": 140, "total": 361, "quality": "medium", "elapsed_ms": 145, "event": "era5_batch_site_done", "run_id": "20260512T184829_1d1e6d41", "level": "info", "timestamp": "2026-05-12T18:49:21.590028Z"}
{"lat": 49.977425, "lon": 19.805132, "grid_lat": 50.0, "grid_lon": 19.75, "grid_distance_km": 4.67, "quality": "medium", "max_temp_c": 21.6, "max_wind_ms": 10.5, "event": "era5_site_complete", "run_id": "20260512T184829_1d1e6d41", "level": "info", "timestamp": "2026-05-12T18:49:21.659618Z"}
{"site_id": "f5be4e73-938d-4fe2-b585-5090ec780670", "site_name": "Skawina power station", "index": 141, "total": 361, "quality": "medium", "elapsed_ms": 80, "event": "era5_batch_site_done", "run_id": "20260512T184829_1d1e6d41", "level": "info", "timestamp": "2026-05-12T18:49:21.672425Z"}
{"lat": 50.55386, "lon": 22.0791, "grid_lat": 50.5, "grid_lon": 22.0, "grid_distance_km": 8.19, "quality": "medium", "max_temp_c": 23.2, "max_wind_ms": 9.8, "event": "era5_site_complete", "run_id": "20260512T184829_1d1e6d41", "level": "info", "timestamp": "2026-05-12T18:49:21.739542Z"}
{"site_id": "66bdc30c-4179-480b-a55a-5d15be5ac66b", "site_name": "Stalowa Wola power station", "index": 142, "total": 361, "quality": "medium", "elapsed_ms": 128, "event": "era5_batch_site_done", "run_id": "20260512T184829_1d1e6d41", "level": "info", "timestamp": "2026-05-12T18:49:21.802487Z"}
{"lat": 53.393629, "lon": 18.374224, "grid_lat": 53.5, "grid_lon": 18.25, "grid_distance_km": 14.41, "quality": "medium", "max_temp_c": 21.6, "max_wind_ms": 11.5, "event": "era5_site_complete", "run_id": "20260512T184829_1d1e6d41", "level": "info", "timestamp": "2026-05-12T18:49:21.871374Z"}
{"site_id": "7fc17ab0-ce24-4830-a938-b8424d1e9368", "site_name": "Swiecie Pulp Mill power station", "index": 143, "total": 361, "quality": "medium", "elapsed_ms": 82, "event": "era5_batch_site_done", "run_id": "20260512T184829_1d1e6d41", "level": "info", "timestamp": "2026-05-12T18:49:21.886517Z"}
{"lat": 53.411271, "lon": 14.585981, "grid_lat": 53.5, "grid_lon": 14.5, "grid_distance_km": 11.39, "quality": "medium", "max_temp_c": 22.7, "max_wind_ms": 12.2, "event": "era5_site_complete", "run_id": "20260512T184829_1d1e6d41", "level": "info", "timestamp": "2026-05-12T18:49:21.956652Z"}
{"site_id": "f8f9f43d-6a3b-445d-818e-ca82a90ace65", "site_name": "Szczecin power station", "index": 144, "total": 361, "quality": "medium", "elapsed_ms": 95, "event": "era5_batch_site_done", "run_id": "20260512T184829_1d1e6d41", "level": "info", "timestamp": "2026-05-12T18:49:21.983512Z"}
{"lat": 50.947717, "lon": 14.91171, "grid_lat": 51.0, "grid_lon": 15.0, "grid_distance_km": 8.49, "quality": "medium", "max_temp_c": 22.1, "max_wind_ms": 11.6, "event": "era5_site_complete", "run_id": "20260512T184829_1d1e6d41", "level": "info", "timestamp": "2026-05-12T18:49:22.053635Z"}
{"site_id": "cd84938d-eea8-47a1-8ea6-2e9f943e5914", "site_name": "Tur\u00f3w power station", "index": 145, "total": 361, "quality": "medium", "elapsed_ms": 78, "event": "era5_batch_site_done", "run_id": "20260512T184829_1d1e6d41", "level": "info", "timestamp": "2026-05-12T18:49:22.063118Z"}
{"lat": 50.106, "lon": 19.014, "grid_lat": 50.0, "grid_lon": 19.0, "grid_distance_km": 11.83, "quality": "medium", "max_temp_c": 22.8, "max_wind_ms": 10.3, "event": "era5_site_complete", "run_id": "20260512T184829_1d1e6d41", "level": "info", "timestamp": "2026-05-12T18:49:22.132100Z"}
{"site_id": "3d2d4c37-eb9d-4b35-a8b1-b3f485bc3e3f", "site_name": "Tychy power station", "index": 146, "total": 361, "quality": "medium", "elapsed_ms": 79, "event": "era5_batch_site_done", "run_id": "20260512T184829_1d1e6d41", "level": "info", "timestamp": "2026-05-12T18:49:22.143262Z"}
{"lat": 51.123715, "lon": 17.02457, "grid_lat": 51.0, "grid_lon": 17.0, "grid_distance_km": 13.86, "quality": "medium", "max_temp_c": 22.9, "max_wind_ms": 10.6, "event": "era5_site_complete", "run_id": "20260512T184829_1d1e6d41", "level": "info", "timestamp": "2026-05-12T18:49:22.209789Z"}
{"site_id": "dc87cdf1-9936-4a59-a5e9-b5e360173490", "site_name": "Wroclaw power station", "index": 147, "total": 361, "quality": "medium", "elapsed_ms": 77, "event": "era5_batch_site_done", "run_id": "20260512T184829_1d1e6d41", "level": "info", "timestamp": "2026-05-12T18:49:22.222164Z"}
{"lat": 50.324928, "lon": 18.785719, "grid_lat": 50.25, "grid_lon": 18.75, "grid_distance_km": 8.71, "quality": "medium", "max_temp_c": 23.3, "max_wind_ms": 10.2, "event": "era5_site_complete", "run_id": "20260512T184829_1d1e6d41", "level": "info", "timestamp": "2026-05-12T18:49:22.287287Z"}
{"site_id": "2da9dab9-7b4e-46e7-b1c8-70eeb329c177", "site_name": "Zabrze power station", "index": 148, "total": 361, "quality": "medium", "elapsed_ms": 75, "event": "era5_batch_site_done", "run_id": "20260512T184829_1d1e6d41", "level": "info", "timestamp": "2026-05-12T18:49:22.299309Z"}
{"lat": 54.787416, "lon": 18.085672, "grid_lat": 54.75, "grid_lon": 18.0, "grid_distance_km": 6.89, "quality": "medium", "max_temp_c": 20.8, "max_wind_ms": 13.5, "event": "era5_site_complete", "run_id": "20260512T184829_1d1e6d41", "level": "info", "timestamp": "2026-05-12T18:49:22.365559Z"}
{"site_id": "a55e3643-8ed4-434b-b14f-2d549d09c0d9", "site_name": "Zarnowiec power station", "index": 149, "total": 361, "quality": "medium", "elapsed_ms": 77, "event": "era5_batch_site_done", "run_id": "20260512T184829_1d1e6d41", "level": "info", "timestamp": "2026-05-12T18:49:22.377933Z"}
{"lat": 52.2947, "lon": 20.99334, "grid_lat": 52.25, "grid_lon": 21.0, "grid_distance_km": 4.99, "quality": "medium", "max_temp_c": 22.9, "max_wind_ms": 10.5, "event": "era5_site_complete", "run_id": "20260512T184829_1d1e6d41", "level": "info", "timestamp": "2026-05-12T18:49:22.445525Z"}
{"site_id": "d40cdaf1-49e4-4c59-a6c8-2402cd2bf006", "site_name": "Zeran power station", "index": 150, "total": 361, "quality": "medium", "elapsed_ms": 77, "event": "era5_batch_site_done", "run_id": "20260512T184829_1d1e6d41", "level": "info", "timestamp": "2026-05-12T18:49:22.456827Z"}
{"completed": 150, "total": 361, "succeeded": 150, "failed": 0, "elapsed_s": 52.5, "event": "era5_batch_progress", "run_id": "20260512T184829_1d1e6d41", "level": "info", "timestamp": "2026-05-12T18:49:22.456883Z"}
{"lat": 49.964162, "lon": 18.626794, "grid_lat": 50.0, "grid_lon": 18.75, "grid_distance_km": 9.67, "quality": "medium", "max_temp_c": 23.1, "max_wind_ms": 10.2, "event": "era5_site_complete", "run_id": "20260512T184829_1d1e6d41", "level": "info", "timestamp": "2026-05-12T18:49:22.522636Z"}
{"site_id": "b24c9876-5a4d-4b83-b442-af2f4b0d1047", "site_name": "Zofiowka Mine power station", "index": 151, "total": 361, "quality": "medium", "elapsed_ms": 75, "event": "era5_batch_site_done", "run_id": "20260512T184829_1d1e6d41", "level": "info", "timestamp": "2026-05-12T18:49:22.534314Z"}
{"lat": 50.347756, "lon": 19.278159, "grid_lat": 50.25, "grid_lon": 19.25, "grid_distance_km": 11.05, "quality": "medium", "max_temp_c": 23.0, "max_wind_ms": 10.4, "event": "era5_site_complete", "run_id": "20260512T184829_1d1e6d41", "level": "info", "timestamp": "2026-05-12T18:49:22.599998Z"}
{"site_id": "202d797d-b0f9-4cd0-bbac-d7bb06805c09", "site_name": "ZW Nowa power station", "index": 152, "total": 361, "quality": "medium", "elapsed_ms": 76, "event": "era5_batch_site_done", "run_id": "20260512T184829_1d1e6d41", "level": "info", "timestamp": "2026-05-12T18:49:22.612339Z"}
{"lat": 46.222424, "lon": 21.328771, "grid_lat": 46.25, "grid_lon": 21.25, "grid_distance_km": 6.79, "quality": "medium", "max_temp_c": 26.2, "max_wind_ms": 6.9, "event": "era5_site_complete", "run_id": "20260512T184829_1d1e6d41", "level": "info", "timestamp": "2026-05-12T18:49:22.681119Z"}
{"site_id": "5a33e5f0-6d86-4eab-adea-6c6bad7f3f45", "site_name": "Arad power station", "index": 153, "total": 361, "quality": "medium", "elapsed_ms": 78, "event": "era5_batch_site_done", "run_id": "20260512T184829_1d1e6d41", "level": "info", "timestamp": "2026-05-12T18:49:22.691727Z"}
{"lat": 46.530524, "lon": 26.940874, "grid_lat": 46.5, "grid_lon": 27.0, "grid_distance_km": 5.66, "quality": "medium", "max_temp_c": 25.3, "max_wind_ms": 7.7, "event": "era5_site_complete", "run_id": "20260512T184829_1d1e6d41", "level": "info", "timestamp": "2026-05-12T18:49:22.759768Z"}
{"site_id": "dac2a974-a2de-46c5-b581-03985a9ae7d0", "site_name": "Bacau CHP power station", "index": 154, "total": 361, "quality": "medium", "elapsed_ms": 77, "event": "era5_batch_site_done", "run_id": "20260512T184829_1d1e6d41", "level": "info", "timestamp": "2026-05-12T18:49:22.770173Z"}
{"lat": 45.165033, "lon": 27.923383, "grid_lat": 45.25, "grid_lon": 28.0, "grid_distance_km": 11.19, "quality": "medium", "max_temp_c": 27.7, "max_wind_ms": 7.7, "event": "era5_site_complete", "run_id": "20260512T184829_1d1e6d41", "level": "info", "timestamp": "2026-05-12T18:49:22.834805Z"}
{"site_id": "29836b52-a882-4921-95a7-6417e636d9a2", "site_name": "Braila power station", "index": 155, "total": 361, "quality": "medium", "elapsed_ms": 73, "event": "era5_batch_site_done", "run_id": "20260512T184829_1d1e6d41", "level": "info", "timestamp": "2026-05-12T18:49:22.845271Z"}
{"lat": 45.662296, "lon": 25.646845, "grid_lat": 45.75, "grid_lon": 25.75, "grid_distance_km": 12.62, "quality": "medium", "max_temp_c": 21.7, "max_wind_ms": 7.3, "event": "era5_site_complete", "run_id": "20260512T184829_1d1e6d41", "level": "info", "timestamp": "2026-05-12T18:49:22.915492Z"}
{"site_id": "729f8d17-57c0-4d9a-adab-4b612d4abde5", "site_name": "Brasov power station", "index": 156, "total": 361, "quality": "medium", "elapsed_ms": 80, "event": "era5_batch_site_done", "run_id": "20260512T184829_1d1e6d41", "level": "info", "timestamp": "2026-05-12T18:49:22.927036Z"}
{"lat": 44.4325, "lon": 26.103889, "grid_lat": 44.5, "grid_lon": 26.0, "grid_distance_km": 11.15, "quality": "medium", "max_temp_c": 27.0, "max_wind_ms": 6.9, "event": "era5_site_complete", "run_id": "20260512T184829_1d1e6d41", "level": "info", "timestamp": "2026-05-12T18:49:22.996109Z"}
{"site_id": "3bef37a3-239e-498d-a160-77452a6a9b79", "site_name": "Bucharest North East power station", "index": 157, "total": 361, "quality": "medium", "elapsed_ms": 78, "event": "era5_batch_site_done", "run_id": "20260512T184829_1d1e6d41", "level": "info", "timestamp": "2026-05-12T18:49:23.006601Z"}
{"lat": 44.34294, "lon": 23.81076, "grid_lat": 44.25, "grid_lon": 23.75, "grid_distance_km": 11.41, "quality": "medium", "max_temp_c": 29.1, "max_wind_ms": 7.5, "event": "era5_site_complete", "run_id": "20260512T184829_1d1e6d41", "level": "info", "timestamp": "2026-05-12T18:49:23.065246Z"}
{"site_id": "a4fa3246-27d6-4740-898c-bdf9dadcb88c", "site_name": "Craiova II power station", "index": 158, "total": 361, "quality": "medium", "elapsed_ms": 68, "event": "era5_batch_site_done", "run_id": "20260512T184829_1d1e6d41", "level": "info", "timestamp": "2026-05-12T18:49:23.076005Z"}
{"lat": 45.002896, "lon": 25.397236, "grid_lat": 45.0, "grid_lon": 25.5, "grid_distance_km": 8.09, "quality": "medium", "max_temp_c": 23.7, "max_wind_ms": 6.4, "event": "era5_site_complete", "run_id": "20260512T184829_1d1e6d41", "level": "info", "timestamp": "2026-05-12T18:49:23.141851Z"}
{"site_id": "aff5ffe6-fe7a-4de7-afad-9d4645a64cd9", "site_name": "Doicesti power station", "index": 159, "total": 361, "quality": "medium", "elapsed_ms": 75, "event": "era5_batch_site_done", "run_id": "20260512T184829_1d1e6d41", "level": "info", "timestamp": "2026-05-12T18:49:23.152993Z"}
{"lat": 45.7917, "lon": 25.5889, "grid_lat": 45.75, "grid_lon": 25.5, "grid_distance_km": 8.31, "quality": "medium", "max_temp_c": 22.2, "max_wind_ms": 7.1, "event": "era5_site_complete", "run_id": "20260512T184829_1d1e6d41", "level": "info", "timestamp": "2026-05-12T18:49:23.216793Z"}
{"site_id": "18ecb024-ee4f-4045-8254-5e95d61dea8c", "site_name": "FPCU Feldioara", "index": 160, "total": 361, "quality": "medium", "elapsed_ms": 74, "event": "era5_batch_site_done", "run_id": "20260512T184829_1d1e6d41", "level": "info", "timestamp": "2026-05-12T18:49:23.228868Z"}
{"lat": 45.423333, "lon": 28.0425, "grid_lat": 45.5, "grid_lon": 28.0, "grid_distance_km": 9.15, "quality": "medium", "max_temp_c": 27.4, "max_wind_ms": 7.8, "event": "era5_site_complete", "run_id": "20260512T184829_1d1e6d41", "level": "info", "timestamp": "2026-05-12T18:49:23.304428Z"}
{"site_id": "8781d874-5923-4795-9c9f-b2a6c709025a", "site_name": "Galati Power Station", "index": 161, "total": 361, "quality": "medium", "elapsed_ms": 87, "event": "era5_batch_site_done", "run_id": "20260512T184829_1d1e6d41", "level": "info", "timestamp": "2026-05-12T18:49:23.317546Z"}
{"lat": 43.879766, "lon": 25.926778, "grid_lat": 44.0, "grid_lon": 26.0, "grid_distance_km": 14.6, "quality": "medium", "max_temp_c": 27.8, "max_wind_ms": 7.1, "event": "era5_site_complete", "run_id": "20260512T184829_1d1e6d41", "level": "info", "timestamp": "2026-05-12T18:49:23.394307Z"}
{"site_id": "6aed2eac-1c97-40c5-b842-fb15fd510f35", "site_name": "Giurgiu power station", "index": 162, "total": 361, "quality": "medium", "elapsed_ms": 88, "event": "era5_batch_site_done", "run_id": "20260512T184829_1d1e6d41", "level": "info", "timestamp": "2026-05-12T18:49:23.407595Z"}
{"lat": 45.039047, "lon": 24.287572, "grid_lat": 45.0, "grid_lon": 24.25, "grid_distance_km": 5.25, "quality": "medium", "max_temp_c": 24.5, "max_wind_ms": 5.6, "event": "era5_site_complete", "run_id": "20260512T184829_1d1e6d41", "level": "info", "timestamp": "2026-05-12T18:49:23.482420Z"}
{"site_id": "825dc024-9a53-4237-bf59-cbe0af0cf87d", "site_name": "Govora power station", "index": 163, "total": 361, "quality": "medium", "elapsed_ms": 83, "event": "era5_batch_site_done", "run_id": "20260512T184829_1d1e6d41", "level": "info", "timestamp": "2026-05-12T18:49:23.492566Z"}
{"lat": 47.147296, "lon": 27.717157, "grid_lat": 47.25, "grid_lon": 27.75, "grid_distance_km": 11.69, "quality": "medium", "max_temp_c": 26.1, "max_wind_ms": 7.7, "event": "era5_site_complete", "run_id": "20260512T184829_1d1e6d41", "level": "info", "timestamp": "2026-05-12T18:49:23.569651Z"}
{"site_id": "1d8be6d0-f3a5-4b32-9d46-3526289731f8", "site_name": "Iasi-2 power station", "index": 164, "total": 361, "quality": "medium", "elapsed_ms": 88, "event": "era5_batch_site_done", "run_id": "20260512T184829_1d1e6d41", "level": "info", "timestamp": "2026-05-12T18:49:23.582030Z"}
{"lat": 44.38763, "lon": 23.718195, "grid_lat": 44.5, "grid_lon": 23.75, "grid_distance_km": 12.75, "quality": "medium", "max_temp_c": 27.5, "max_wind_ms": 7.1, "event": "era5_site_complete", "run_id": "20260512T184829_1d1e6d41", "level": "info", "timestamp": "2026-05-12T18:49:23.655578Z"}
{"site_id": "e073b3f8-4312-4d34-b322-6289a3121af1", "site_name": "Isalnita power station", "index": 165, "total": 361, "quality": "medium", "elapsed_ms": 84, "event": "era5_batch_site_done", "run_id": "20260512T184829_1d1e6d41", "level": "info", "timestamp": "2026-05-12T18:49:23.668053Z"}
{"lat": 45.912791, "lon": 22.826129, "grid_lat": 46.0, "grid_lon": 22.75, "grid_distance_km": 11.34, "quality": "medium", "max_temp_c": 24.1, "max_wind_ms": 6.1, "event": "era5_site_complete", "run_id": "20260512T184829_1d1e6d41", "level": "info", "timestamp": "2026-05-12T18:49:23.744112Z"}
{"site_id": "52a7babe-313f-493b-86b9-bd0c4aece4c3", "site_name": "Mintia-Deva power station", "index": 166, "total": 361, "quality": "medium", "elapsed_ms": 88, "event": "era5_batch_site_done", "run_id": "20260512T184829_1d1e6d41", "level": "info", "timestamp": "2026-05-12T18:49:23.758102Z"}
{"lat": 47.084677, "lon": 21.892868, "grid_lat": 47.0, "grid_lon": 22.0, "grid_distance_km": 12.43, "quality": "medium", "max_temp_c": 26.4, "max_wind_ms": 7.4, "event": "era5_site_complete", "run_id": "20260512T184829_1d1e6d41", "level": "info", "timestamp": "2026-05-12T18:49:23.840178Z"}
{"site_id": "6c428b2a-ad09-448b-b24c-22465929d69c", "site_name": "Oradea power station", "index": 167, "total": 361, "quality": "medium", "elapsed_ms": 93, "event": "era5_batch_site_done", "run_id": "20260512T184829_1d1e6d41", "level": "info", "timestamp": "2026-05-12T18:49:23.853195Z"}
{"lat": 45.366101, "lon": 23.261351, "grid_lat": 45.25, "grid_lon": 23.25, "grid_distance_km": 12.94, "quality": "medium", "max_temp_c": 21.1, "max_wind_ms": 6.9, "event": "era5_site_complete", "run_id": "20260512T184829_1d1e6d41", "level": "info", "timestamp": "2026-05-12T18:49:24.008879Z"}
{"site_id": "9825e28e-fd6e-460d-9caf-0342563f9060", "site_name": "Paroseni power station", "index": 168, "total": 361, "quality": "medium", "elapsed_ms": 195, "event": "era5_batch_site_done", "run_id": "20260512T184829_1d1e6d41", "level": "info", "timestamp": "2026-05-12T18:49:24.052674Z"}
{"lat": 44.677808, "lon": 22.685995, "grid_lat": 44.75, "grid_lon": 22.75, "grid_distance_km": 9.49, "quality": "medium", "max_temp_c": 25.2, "max_wind_ms": 6.6, "event": "era5_site_complete", "run_id": "20260512T184829_1d1e6d41", "level": "info", "timestamp": "2026-05-12T18:49:24.424173Z"}
{"site_id": "c3790475-3d3b-4e2b-92ae-24503fe03e6b", "site_name": "Romag Termo power station", "index": 169, "total": 361, "quality": "medium", "elapsed_ms": 433, "event": "era5_batch_site_done", "run_id": "20260512T184829_1d1e6d41", "level": "info", "timestamp": "2026-05-12T18:49:24.487994Z"}
{"lat": 44.910633, "lon": 23.134754, "grid_lat": 45.0, "grid_lon": 23.25, "grid_distance_km": 13.45, "quality": "medium", "max_temp_c": 24.4, "max_wind_ms": 5.4, "event": "era5_site_complete", "run_id": "20260512T184829_1d1e6d41", "level": "info", "timestamp": "2026-05-12T18:49:24.632173Z"}
{"site_id": "958e4d82-853a-41f1-a442-94b4c4314221", "site_name": "Rovinari power station", "index": 170, "total": 361, "quality": "medium", "elapsed_ms": 198, "event": "era5_batch_site_done", "run_id": "20260512T184829_1d1e6d41", "level": "info", "timestamp": "2026-05-12T18:49:24.698286Z"}
{"lat": 44.429722, "lon": 24.364167, "grid_lat": 44.5, "grid_lon": 24.25, "grid_distance_km": 11.96, "quality": "medium", "max_temp_c": 28.0, "max_wind_ms": 7.0, "event": "era5_site_complete", "run_id": "20260512T184829_1d1e6d41", "level": "info", "timestamp": "2026-05-12T18:49:24.887763Z"}
{"site_id": "d498ded8-449c-4672-8bb9-0ed6c8fef775", "site_name": "Slatina power station", "index": 171, "total": 361, "quality": "medium", "elapsed_ms": 204, "event": "era5_batch_site_done", "run_id": "20260512T184829_1d1e6d41", "level": "info", "timestamp": "2026-05-12T18:49:24.904790Z"}
{"lat": 47.651873, "lon": 26.298268, "grid_lat": 47.75, "grid_lon": 26.25, "grid_distance_km": 11.49, "quality": "medium", "max_temp_c": 23.7, "max_wind_ms": 7.8, "event": "era5_site_complete", "run_id": "20260512T184829_1d1e6d41", "level": "info", "timestamp": "2026-05-12T18:49:25.005818Z"}
{"site_id": "693d9b73-f9fc-4502-9b94-be020c5d21fb", "site_name": "Suceava power station", "index": 172, "total": 361, "quality": "medium", "elapsed_ms": 113, "event": "era5_batch_site_done", "run_id": "20260512T184829_1d1e6d41", "level": "info", "timestamp": "2026-05-12T18:49:25.020676Z"}
{"lat": 45.034167, "lon": 23.274722, "grid_lat": 45.0, "grid_lon": 23.25, "grid_distance_km": 4.27, "quality": "medium", "max_temp_c": 24.4, "max_wind_ms": 5.4, "event": "era5_site_complete", "run_id": "20260512T184829_1d1e6d41", "level": "info", "timestamp": "2026-05-12T18:49:25.106661Z"}
{"site_id": "e43af28e-a3d3-4047-a9cf-f3b0990754b4", "site_name": "T\u00e2rgu Jiu Thermal Plant", "index": 173, "total": 361, "quality": "medium", "elapsed_ms": 97, "event": "era5_batch_site_done", "run_id": "20260512T184829_1d1e6d41", "level": "info", "timestamp": "2026-05-12T18:49:25.119567Z"}
{"lat": 44.669722, "lon": 23.407778, "grid_lat": 44.75, "grid_lon": 23.5, "grid_distance_km": 11.52, "quality": "medium", "max_temp_c": 25.7, "max_wind_ms": 6.7, "event": "era5_site_complete", "run_id": "20260512T184829_1d1e6d41", "level": "info", "timestamp": "2026-05-12T18:49:25.200351Z"}
{"site_id": "345fb795-170a-4fb5-833c-f6bcf2eb450c", "site_name": "Turceni power station", "index": 174, "total": 361, "quality": "medium", "elapsed_ms": 91, "event": "era5_batch_site_done", "run_id": "20260512T184829_1d1e6d41", "level": "info", "timestamp": "2026-05-12T18:49:25.212050Z"}
{"lat": 44.05, "lon": 21.26, "grid_lat": 44.0, "grid_lon": 21.25, "grid_distance_km": 5.62, "quality": "medium", "max_temp_c": 26.0, "max_wind_ms": 7.5, "event": "era5_site_complete", "run_id": "20260512T184829_1d1e6d41", "level": "info", "timestamp": "2026-05-12T18:49:25.282683Z"}
{"site_id": "5d53da59-04c8-43e6-b29e-220bea4d9eb7", "site_name": "Despotovac power station", "index": 175, "total": 361, "quality": "medium", "elapsed_ms": 81, "event": "era5_batch_site_done", "run_id": "20260512T184829_1d1e6d41", "level": "info", "timestamp": "2026-05-12T18:49:25.294570Z"}
{"completed": 175, "total": 361, "succeeded": 175, "failed": 0, "elapsed_s": 55.3, "event": "era5_batch_progress", "run_id": "20260512T184829_1d1e6d41", "level": "info", "timestamp": "2026-05-12T18:49:25.294618Z"}
{"lat": 44.480312, "lon": 20.293538, "grid_lat": 44.5, "grid_lon": 20.25, "grid_distance_km": 4.09, "quality": "medium", "max_temp_c": 26.5, "max_wind_ms": 7.5, "event": "era5_site_complete", "run_id": "20260512T184829_1d1e6d41", "level": "info", "timestamp": "2026-05-12T18:49:25.373149Z"}
{"site_id": "0182ec25-0df9-4e4b-9861-d76a332bc282", "site_name": "Kolubara A power station", "index": 176, "total": 361, "quality": "medium", "elapsed_ms": 88, "event": "era5_batch_site_done", "run_id": "20260512T184829_1d1e6d41", "level": "info", "timestamp": "2026-05-12T18:49:25.385022Z"}
{"lat": 44.4675, "lon": 20.28444, "grid_lat": 44.5, "grid_lon": 20.25, "grid_distance_km": 4.53, "quality": "medium", "max_temp_c": 26.5, "max_wind_ms": 7.5, "event": "era5_site_complete", "run_id": "20260512T184829_1d1e6d41", "level": "info", "timestamp": "2026-05-12T18:49:25.462993Z"}
{"site_id": "d30af109-79cb-4ab5-a878-6f574b58116a", "site_name": "Kolubara B power station", "index": 177, "total": 361, "quality": "medium", "elapsed_ms": 89, "event": "era5_batch_site_done", "run_id": "20260512T184829_1d1e6d41", "level": "info", "timestamp": "2026-05-12T18:49:25.475324Z"}
{"lat": 44.723674, "lon": 21.171605, "grid_lat": 44.75, "grid_lon": 21.25, "grid_distance_km": 6.85, "quality": "medium", "max_temp_c": 26.9, "max_wind_ms": 10.1, "event": "era5_site_complete", "run_id": "20260512T184829_1d1e6d41", "level": "info", "timestamp": "2026-05-12T18:49:25.550419Z"}
{"site_id": "993ccce2-d5e1-498d-827d-8dbfeb42582b", "site_name": "Kostolac power station", "index": 178, "total": 361, "quality": "medium", "elapsed_ms": 84, "event": "era5_batch_site_done", "run_id": "20260512T184829_1d1e6d41", "level": "info", "timestamp": "2026-05-12T18:49:25.561457Z"}
{"lat": 44.75, "lon": 20.966667, "grid_lat": 44.75, "grid_lon": 21.0, "grid_distance_km": 2.63, "quality": "medium", "max_temp_c": 26.7, "max_wind_ms": 9.2, "event": "era5_site_complete", "run_id": "20260512T184829_1d1e6d41", "level": "info", "timestamp": "2026-05-12T18:49:25.638736Z"}
{"site_id": "5d4aee8d-9e73-4987-907a-d092e0ba92ed", "site_name": "Kovin power station", "index": 179, "total": 361, "quality": "medium", "elapsed_ms": 87, "event": "era5_batch_site_done", "run_id": "20260512T184829_1d1e6d41", "level": "info", "timestamp": "2026-05-12T18:49:25.649795Z"}
{"lat": 44.223826, "lon": 21.163148, "grid_lat": 44.25, "grid_lon": 21.25, "grid_distance_km": 7.51, "quality": "medium", "max_temp_c": 26.1, "max_wind_ms": 8.5, "event": "era5_site_complete", "run_id": "20260512T184829_1d1e6d41", "level": "info", "timestamp": "2026-05-12T18:49:25.727998Z"}
{"site_id": "2b03f2e2-64ac-4262-bbff-7a536bda5722", "site_name": "Morava power station", "index": 180, "total": 361, "quality": "medium", "elapsed_ms": 87, "event": "era5_batch_site_done", "run_id": "20260512T184829_1d1e6d41", "level": "info", "timestamp": "2026-05-12T18:49:25.739001Z"}
{"lat": 44.671341, "lon": 20.158418, "grid_lat": 44.75, "grid_lon": 20.25, "grid_distance_km": 11.35, "quality": "medium", "max_temp_c": 26.8, "max_wind_ms": 7.7, "event": "era5_site_complete", "run_id": "20260512T184829_1d1e6d41", "level": "info", "timestamp": "2026-05-12T18:49:25.818635Z"}
{"site_id": "c8f15aca-174b-4be6-a6d9-abfa4685d10d", "site_name": "Nikola Tesla power station", "index": 181, "total": 361, "quality": "medium", "elapsed_ms": 90, "event": "era5_batch_site_done", "run_id": "20260512T184829_1d1e6d41", "level": "info", "timestamp": "2026-05-12T18:49:25.830446Z"}
{"lat": 43.27305, "lon": 19.99944, "grid_lat": 43.25, "grid_lon": 20.0, "grid_distance_km": 2.56, "quality": "medium", "max_temp_c": 21.3, "max_wind_ms": 8.5, "event": "era5_site_complete", "run_id": "20260512T184829_1d1e6d41", "level": "info", "timestamp": "2026-05-12T18:49:25.910382Z"}
{"site_id": "296282b1-d079-4c1e-b2df-12c25128b963", "site_name": "\u0160tavalj Power Station", "index": 182, "total": 361, "quality": "medium", "elapsed_ms": 91, "event": "era5_batch_site_done", "run_id": "20260512T184829_1d1e6d41", "level": "info", "timestamp": "2026-05-12T18:49:25.923147Z"}
{"lat": 46.3723, "lon": 15.0534, "grid_lat": 46.25, "grid_lon": 15.0, "grid_distance_km": 14.2, "quality": "medium", "max_temp_c": 22.7, "max_wind_ms": 7.9, "event": "era5_site_complete", "run_id": "20260512T184829_1d1e6d41", "level": "info", "timestamp": "2026-05-12T18:49:26.006699Z"}
{"site_id": "0750b80c-a54b-4ea5-b3e5-9dfb7309eca2", "site_name": "Sostanj power station", "index": 183, "total": 361, "quality": "medium", "elapsed_ms": 95, "event": "era5_batch_site_done", "run_id": "20260512T184829_1d1e6d41", "level": "info", "timestamp": "2026-05-12T18:49:26.020188Z"}
{"lat": 46.05796, "lon": 14.54513, "grid_lat": 46.0, "grid_lon": 14.5, "grid_distance_km": 7.33, "quality": "medium", "max_temp_c": 23.0, "max_wind_ms": 8.0, "event": "era5_site_complete", "run_id": "20260512T184829_1d1e6d41", "level": "info", "timestamp": "2026-05-12T18:49:26.102414Z"}
{"site_id": "4cf7f820-7ad9-411e-bf39-2bbef290aaf6", "site_name": "Te-Tol power station", "index": 184, "total": 361, "quality": "medium", "elapsed_ms": 94, "event": "era5_batch_site_done", "run_id": "20260512T184829_1d1e6d41", "level": "info", "timestamp": "2026-05-12T18:49:26.115581Z"}
{"lat": 46.126132, "lon": 15.061808, "grid_lat": 46.25, "grid_lon": 15.0, "grid_distance_km": 14.57, "quality": "medium", "max_temp_c": 22.7, "max_wind_ms": 7.9, "event": "era5_site_complete", "run_id": "20260512T184829_1d1e6d41", "level": "info", "timestamp": "2026-05-12T18:49:26.201855Z"}
{"site_id": "008a3366-6f56-4c1a-ac5d-6b0c75b7c7fd", "site_name": "Trbovlje power station", "index": 185, "total": 361, "quality": "medium", "elapsed_ms": 97, "event": "era5_batch_site_done", "run_id": "20260512T184829_1d1e6d41", "level": "info", "timestamp": "2026-05-12T18:49:26.214773Z"}
{"lat": 48.698047, "lon": 21.271726, "grid_lat": 48.75, "grid_lon": 21.25, "grid_distance_km": 5.99, "quality": "medium", "max_temp_c": 22.0, "max_wind_ms": 8.9, "event": "era5_site_complete", "run_id": "20260512T184829_1d1e6d41", "level": "info", "timestamp": "2026-05-12T18:49:26.293479Z"}
{"site_id": "66edd8f5-e60a-412d-9b80-56496d1407b1", "site_name": "Kosice power station", "index": 186, "total": 361, "quality": "medium", "elapsed_ms": 89, "event": "era5_batch_site_done", "run_id": "20260512T184829_1d1e6d41", "level": "info", "timestamp": "2026-05-12T18:49:26.305933Z"}
{"lat": 49.059218, "lon": 18.907019, "grid_lat": 49.0, "grid_lon": 19.0, "grid_distance_km": 9.45, "quality": "medium", "max_temp_c": 20.0, "max_wind_ms": 9.5, "event": "era5_site_complete", "run_id": "20260512T184829_1d1e6d41", "level": "info", "timestamp": "2026-05-12T18:49:26.382631Z"}
{"site_id": "06defca3-9105-437f-afd4-52f5603d9b8e", "site_name": "Martinska power station", "index": 187, "total": 361, "quality": "medium", "elapsed_ms": 89, "event": "era5_batch_site_done", "run_id": "20260512T184829_1d1e6d41", "level": "info", "timestamp": "2026-05-12T18:49:26.396053Z"}
{"lat": 48.698823, "lon": 18.533458, "grid_lat": 48.75, "grid_lon": 18.5, "grid_distance_km": 6.2, "quality": "medium", "max_temp_c": 21.5, "max_wind_ms": 8.6, "event": "era5_site_complete", "run_id": "20260512T184829_1d1e6d41", "level": "info", "timestamp": "2026-05-12T18:49:26.472911Z"}
{"site_id": "c97125b3-20ed-4e21-a853-b928644ec7dd", "site_name": "Novaky power station", "index": 188, "total": 361, "quality": "medium", "elapsed_ms": 89, "event": "era5_batch_site_done", "run_id": "20260512T184829_1d1e6d41", "level": "info", "timestamp": "2026-05-12T18:49:26.486572Z"}
{"lat": 48.627778, "lon": 21.717222, "grid_lat": 48.75, "grid_lon": 21.75, "grid_distance_km": 13.8, "quality": "medium", "max_temp_c": 23.6, "max_wind_ms": 8.3, "event": "era5_site_complete", "run_id": "20260512T184829_1d1e6d41", "level": "info", "timestamp": "2026-05-12T18:49:26.565954Z"}
{"site_id": "1719d38b-61e8-4b01-844b-3a2f85c8a186", "site_name": "Trebisov power station", "index": 189, "total": 361, "quality": "medium", "elapsed_ms": 91, "event": "era5_batch_site_done", "run_id": "20260512T184829_1d1e6d41", "level": "info", "timestamp": "2026-05-12T18:49:26.578800Z"}
{"lat": 48.615945, "lon": 21.194562, "grid_lat": 48.5, "grid_lon": 21.25, "grid_distance_km": 13.52, "quality": "medium", "max_temp_c": 24.0, "max_wind_ms": 8.5, "event": "era5_site_complete", "run_id": "20260512T184829_1d1e6d41", "level": "info", "timestamp": "2026-05-12T18:49:26.656604Z"}
{"site_id": "a2d8261c-3d08-4015-946c-47dbddbd0b98", "site_name": "U.S. Steel Kosice Works power station", "index": 190, "total": 361, "quality": "medium", "elapsed_ms": 88, "event": "era5_batch_site_done", "run_id": "20260512T184829_1d1e6d41", "level": "info", "timestamp": "2026-05-12T18:49:26.668017Z"}
{"lat": 48.5525, "lon": 21.972625, "grid_lat": 48.5, "grid_lon": 22.0, "grid_distance_km": 6.18, "quality": "medium", "max_temp_c": 25.3, "max_wind_ms": 7.6, "event": "era5_site_complete", "run_id": "20260512T184829_1d1e6d41", "level": "info", "timestamp": "2026-05-12T18:49:26.748610Z"}
{"site_id": "770f1d3c-e5fd-493c-a376-e708d2abec6c", "site_name": "Vojany I power station", "index": 191, "total": 361, "quality": "medium", "elapsed_ms": 91, "event": "era5_batch_site_done", "run_id": "20260512T184829_1d1e6d41", "level": "info", "timestamp": "2026-05-12T18:49:26.760660Z"}
{"lat": 36.3761, "lon": 33.9322, "grid_lat": 36.5, "grid_lon": 34.0, "grid_distance_km": 15.05, "quality": "medium", "max_temp_c": 27.9, "max_wind_ms": 6.8, "event": "era5_site_complete", "run_id": "20260512T184829_1d1e6d41", "level": "info", "timestamp": "2026-05-12T18:49:26.832202Z"}
{"site_id": "d48d2f39-d58f-4299-9b2f-56d194d2d13b", "site_name": "Ada Yesildag Enerji power station", "index": 192, "total": 361, "quality": "medium", "elapsed_ms": 82, "event": "era5_batch_site_done", "run_id": "20260512T184829_1d1e6d41", "level": "info", "timestamp": "2026-05-12T18:49:26.844421Z"}
{"lat": 36.843, "lon": 35.86, "grid_lat": 36.75, "grid_lon": 35.75, "grid_distance_km": 14.24, "quality": "medium", "max_temp_c": 29.3, "max_wind_ms": 7.3, "event": "era5_site_complete", "run_id": "20260512T184829_1d1e6d41", "level": "info", "timestamp": "2026-05-12T18:49:26.923206Z"}
{"site_id": "4b11cac9-4fe0-4a2a-9c09-4fe9a0ac6015", "site_name": "Ada Yumurtal\u0131k power station", "index": 193, "total": 361, "quality": "medium", "elapsed_ms": 87, "event": "era5_batch_site_done", "run_id": "20260512T184829_1d1e6d41", "level": "info", "timestamp": "2026-05-12T18:49:26.933560Z"}
{"lat": 36.8178, "lon": 35.86216, "grid_lat": 36.75, "grid_lon": 35.75, "grid_distance_km": 12.51, "quality": "medium", "max_temp_c": 29.3, "max_wind_ms": 7.3, "event": "era5_site_complete", "run_id": "20260512T184829_1d1e6d41", "level": "info", "timestamp": "2026-05-12T18:49:27.009178Z"}
{"site_id": "44698c12-3c50-4602-8104-dafa5fd215b6", "site_name": "Adana Akdeniz power station", "index": 194, "total": 361, "quality": "medium", "elapsed_ms": 86, "event": "era5_batch_site_done", "run_id": "20260512T184829_1d1e6d41", "level": "info", "timestamp": "2026-05-12T18:49:27.021207Z"}
{"lat": 37.0333, "lon": 35.8167, "grid_lat": 37.0, "grid_lon": 35.75, "grid_distance_km": 6.98, "quality": "medium", "max_temp_c": 30.6, "max_wind_ms": 6.6, "event": "era5_site_complete", "run_id": "20260512T184829_1d1e6d41", "level": "info", "timestamp": "2026-05-12T18:49:27.099335Z"}
{"site_id": "8a5dc384-e272-41ed-9868-a0686ac3fc7e", "site_name": "Adana Ceyhan power station", "index": 195, "total": 361, "quality": "medium", "elapsed_ms": 87, "event": "era5_batch_site_done", "run_id": "20260512T184829_1d1e6d41", "level": "info", "timestamp": "2026-05-12T18:49:27.110488Z"}
{"lat": 38.347211, "lon": 37.026002, "grid_lat": 38.25, "grid_lon": 37.0, "grid_distance_km": 11.04, "quality": "medium", "max_temp_c": 26.1, "max_wind_ms": 8.6, "event": "era5_site_complete", "run_id": "20260512T184829_1d1e6d41", "level": "info", "timestamp": "2026-05-12T18:49:27.185551Z"}
{"site_id": "e9bc02be-cf10-4b27-9b8a-0d4a954720e4", "site_name": "Af\u015fin-Elbistan power stations", "index": 196, "total": 361, "quality": "medium", "elapsed_ms": 85, "event": "era5_batch_site_done", "run_id": "20260512T184829_1d1e6d41", "level": "info", "timestamp": "2026-05-12T18:49:27.197624Z"}
{"lat": 40.449823, "lon": 27.304356, "grid_lat": 40.5, "grid_lon": 27.25, "grid_distance_km": 7.23, "quality": "medium", "max_temp_c": 27.0, "max_wind_ms": 10.1, "event": "era5_site_complete", "run_id": "20260512T184829_1d1e6d41", "level": "info", "timestamp": "2026-05-12T18:49:27.276706Z"}
{"site_id": "ce39538c-997e-4a7d-bc32-f164f50f9aa0", "site_name": "A\u011fan power station", "index": 197, "total": 361, "quality": "medium", "elapsed_ms": 89, "event": "era5_batch_site_done", "run_id": "20260512T184829_1d1e6d41", "level": "info", "timestamp": "2026-05-12T18:49:27.288275Z"}
{"lat": 36.201759, "lon": 33.671397, "grid_lat": 36.25, "grid_lon": 33.75, "grid_distance_km": 8.86, "quality": "medium", "max_temp_c": 29.2, "max_wind_ms": 9.9, "event": "era5_site_complete", "run_id": "20260512T184829_1d1e6d41", "level": "info", "timestamp": "2026-05-12T18:49:27.414996Z"}
{"site_id": "5fa0dfa9-c272-444e-8e70-80ab55b5d36c", "site_name": "Akdeniz Enerji power station", "index": 198, "total": 361, "quality": "medium", "elapsed_ms": 169, "event": "era5_batch_site_done", "run_id": "20260512T184829_1d1e6d41", "level": "info", "timestamp": "2026-05-12T18:49:27.459228Z"}
{"lat": 40.691129, "lon": 29.405596, "grid_lat": 40.75, "grid_lon": 29.5, "grid_distance_km": 10.3, "quality": "medium", "max_temp_c": 26.9, "max_wind_ms": 8.8, "event": "era5_site_complete", "run_id": "20260512T184829_1d1e6d41", "level": "info", "timestamp": "2026-05-12T18:49:27.557916Z"}
{"site_id": "992a4bf0-3ff0-4f12-bb89-50dc9e8d7d35", "site_name": "Aksa Akrilik power station", "index": 199, "total": 361, "quality": "medium", "elapsed_ms": 111, "event": "era5_batch_site_done", "run_id": "20260512T184829_1d1e6d41", "level": "info", "timestamp": "2026-05-12T18:49:27.572931Z"}
{"lat": 39.559474, "lon": 27.969536, "grid_lat": 39.5, "grid_lon": 28.0, "grid_distance_km": 7.11, "quality": "medium", "max_temp_c": 27.1, "max_wind_ms": 10.3, "event": "era5_site_complete", "run_id": "20260512T184829_1d1e6d41", "level": "info", "timestamp": "2026-05-12T18:49:27.657817Z"}
{"site_id": "cb825b0f-e315-4221-b194-43d5b472382d", "site_name": "Albayrak Varaka Paper power station", "index": 200, "total": 361, "quality": "medium", "elapsed_ms": 106, "event": "era5_batch_site_done", "run_id": "20260512T184829_1d1e6d41", "level": "info", "timestamp": "2026-05-12T18:49:27.681505Z"}
{"completed": 200, "total": 361, "succeeded": 200, "failed": 0, "elapsed_s": 57.7, "event": "era5_batch_progress", "run_id": "20260512T184829_1d1e6d41", "level": "info", "timestamp": "2026-05-12T18:49:27.681609Z"}
{"lat": 38.746, "lon": 26.912, "grid_lat": 38.75, "grid_lon": 27.0, "grid_distance_km": 7.64, "quality": "medium", "max_temp_c": 29.0, "max_wind_ms": 10.8, "event": "era5_site_complete", "run_id": "20260512T184829_1d1e6d41", "level": "info", "timestamp": "2026-05-12T18:49:27.970787Z"}
{"site_id": "bcb86777-4a54-4891-bb26-35b201bbd57d", "site_name": "Alia\u011fa Enka power station", "index": 201, "total": 361, "quality": "medium", "elapsed_ms": 298, "event": "era5_batch_site_done", "run_id": "20260512T184829_1d1e6d41", "level": "info", "timestamp": "2026-05-12T18:49:27.981600Z"}
{"lat": 39.897, "lon": 30.862, "grid_lat": 40.0, "grid_lon": 30.75, "grid_distance_km": 14.91, "quality": "medium", "max_temp_c": 26.5, "max_wind_ms": 7.9, "event": "era5_site_complete", "run_id": "20260512T184829_1d1e6d41", "level": "info", "timestamp": "2026-05-12T18:49:28.060443Z"}
{"site_id": "9699244b-14c0-4e27-afd1-105494fccd60", "site_name": "Alpu power station", "index": 202, "total": 361, "quality": "medium", "elapsed_ms": 89, "event": "era5_batch_site_done", "run_id": "20260512T184829_1d1e6d41", "level": "info", "timestamp": "2026-05-12T18:49:28.072661Z"}
{"lat": 41.72704, "lon": 32.34971, "grid_lat": 41.75, "grid_lon": 32.25, "grid_distance_km": 8.66, "quality": "medium", "max_temp_c": 26.5, "max_wind_ms": 8.4, "event": "era5_site_complete", "run_id": "20260512T184829_1d1e6d41", "level": "info", "timestamp": "2026-05-12T18:49:28.154129Z"}
{"site_id": "9163ca37-1b31-409d-974f-9e7ed5e5f33d", "site_name": "Amasra Bart\u0131n power station", "index": 203, "total": 361, "quality": "medium", "elapsed_ms": 94, "event": "era5_batch_site_done", "run_id": "20260512T184829_1d1e6d41", "level": "info", "timestamp": "2026-05-12T18:49:28.170112Z"}
{"lat": 37.366667, "lon": 28.033333, "grid_lat": 37.25, "grid_lon": 28.0, "grid_distance_km": 13.3, "quality": "medium", "max_temp_c": 30.0, "max_wind_ms": 10.6, "event": "era5_site_complete", "run_id": "20260512T184829_1d1e6d41", "level": "info", "timestamp": "2026-05-12T18:49:28.266626Z"}
{"site_id": "8782d6f2-5f9f-4c67-b9f2-6756857bd200", "site_name": "Ant Enerji power station", "index": 204, "total": 361, "quality": "medium", "elapsed_ms": 109, "event": "era5_batch_site_done", "run_id": "20260512T184829_1d1e6d41", "level": "info", "timestamp": "2026-05-12T18:49:28.281287Z"}
{"lat": 36.90659, "lon": 35.96236, "grid_lat": 37.0, "grid_lon": 36.0, "grid_distance_km": 10.91, "quality": "medium", "max_temp_c": 29.9, "max_wind_ms": 6.1, "event": "era5_site_complete", "run_id": "20260512T184829_1d1e6d41", "level": "info", "timestamp": "2026-05-12T18:49:28.366800Z"}
{"site_id": "b5a75ec8-a2fe-42ad-b33e-ea32e20ebdfb", "site_name": "Astoria Ceyhan power station", "index": 205, "total": 361, "quality": "medium", "elapsed_ms": 96, "event": "era5_batch_site_done", "run_id": "20260512T184829_1d1e6d41", "level": "info", "timestamp": "2026-05-12T18:49:28.379088Z"}
{"lat": 36.6971, "lon": 36.2042, "grid_lat": 36.75, "grid_lon": 36.25, "grid_distance_km": 7.16, "quality": "medium", "max_temp_c": 27.8, "max_wind_ms": 8.1, "event": "era5_site_complete", "run_id": "20260512T184829_1d1e6d41", "level": "info", "timestamp": "2026-05-12T18:49:28.463341Z"}
{"site_id": "c6b846cb-3a01-4e17-9d51-da4b58fd1827", "site_name": "Ataka\u015f power station", "index": 206, "total": 361, "quality": "medium", "elapsed_ms": 95, "event": "era5_batch_site_done", "run_id": "20260512T184829_1d1e6d41", "level": "info", "timestamp": "2026-05-12T18:49:28.475711Z"}
{"lat": 36.69028, "lon": 36.20909, "grid_lat": 36.75, "grid_lon": 36.25, "grid_distance_km": 7.58, "quality": "medium", "max_temp_c": 27.8, "max_wind_ms": 8.1, "event": "era5_site_complete", "run_id": "20260512T184829_1d1e6d41", "level": "info", "timestamp": "2026-05-12T18:49:28.557837Z"}
{"site_id": "1ce7624e-1d72-4293-8ff4-09096b56ddd2", "site_name": "Atlas Enerji \u0130skenderun power station", "index": 207, "total": 361, "quality": "medium", "elapsed_ms": 91, "event": "era5_batch_site_done", "run_id": "20260512T184829_1d1e6d41", "level": "info", "timestamp": "2026-05-12T18:49:28.568600Z"}
{"lat": 37.750237, "lon": 29.094284, "grid_lat": 37.75, "grid_lon": 29.0, "grid_distance_km": 8.29, "quality": "medium", "max_temp_c": 29.8, "max_wind_ms": 7.2, "event": "era5_site_complete", "run_id": "20260512T184829_1d1e6d41", "level": "info", "timestamp": "2026-05-12T18:49:28.649649Z"}
{"site_id": "c7afd455-7beb-4d23-8d3b-e9a102782d2b", "site_name": "Avdan power station", "index": 208, "total": 361, "quality": "medium", "elapsed_ms": 91, "event": "era5_batch_site_done", "run_id": "20260512T184829_1d1e6d41", "level": "info", "timestamp": "2026-05-12T18:49:28.661324Z"}
{"lat": 36.82211, "lon": 35.86753, "grid_lat": 36.75, "grid_lon": 35.75, "grid_distance_km": 13.18, "quality": "medium", "max_temp_c": 29.3, "max_wind_ms": 7.3, "event": "era5_site_complete", "run_id": "20260512T184829_1d1e6d41", "level": "info", "timestamp": "2026-05-12T18:49:28.740785Z"}
{"site_id": "7a805295-0cd2-48be-972e-5282c996549c", "site_name": "Ayas power station", "index": 209, "total": 361, "quality": "medium", "elapsed_ms": 89, "event": "era5_batch_site_done", "run_id": "20260512T184829_1d1e6d41", "level": "info", "timestamp": "2026-05-12T18:49:28.752219Z"}
{"lat": 39.609, "lon": 26.189, "grid_lat": 39.5, "grid_lon": 26.25, "grid_distance_km": 13.2, "quality": "medium", "max_temp_c": 26.2, "max_wind_ms": 12.4, "event": "era5_site_complete", "run_id": "20260512T184829_1d1e6d41", "level": "info", "timestamp": "2026-05-12T18:49:28.829320Z"}
{"site_id": "b8875ff2-9e9d-4520-8879-c71468e9cc50", "site_name": "Babadere power station", "index": 210, "total": 361, "quality": "medium", "elapsed_ms": 92, "event": "era5_batch_site_done", "run_id": "20260512T184829_1d1e6d41", "level": "info", "timestamp": "2026-05-12T18:49:28.846483Z"}
{"lat": 40.30593, "lon": 27.7272, "grid_lat": 40.25, "grid_lon": 27.75, "grid_distance_km": 6.51, "quality": "medium", "max_temp_c": 28.1, "max_wind_ms": 11.3, "event": "era5_site_complete", "run_id": "20260512T184829_1d1e6d41", "level": "info", "timestamp": "2026-05-12T18:49:28.922731Z"}
{"site_id": "ba1f1f36-18b4-49ae-9882-f90418dc88ce", "site_name": "Band\u0131rma Elektrik power station", "index": 211, "total": 361, "quality": "medium", "elapsed_ms": 88, "event": "era5_batch_site_done", "run_id": "20260512T184829_1d1e6d41", "level": "info", "timestamp": "2026-05-12T18:49:28.937311Z"}
{"lat": 39.385, "lon": 27.533, "grid_lat": 39.5, "grid_lon": 27.5, "grid_distance_km": 13.1, "quality": "medium", "max_temp_c": 27.0, "max_wind_ms": 12.5, "event": "era5_site_complete", "run_id": "20260512T184829_1d1e6d41", "level": "info", "timestamp": "2026-05-12T18:49:29.031350Z"}
{"site_id": "fecb62d9-6fb8-4f8d-83e3-78a7c75adb6e", "site_name": "Band\u0131rma III power station", "index": 212, "total": 361, "quality": "medium", "elapsed_ms": 106, "event": "era5_batch_site_done", "run_id": "20260512T184829_1d1e6d41", "level": "info", "timestamp": "2026-05-12T18:49:29.045570Z"}
{"lat": 40.357, "lon": 27.975, "grid_lat": 40.25, "grid_lon": 28.0, "grid_distance_km": 12.09, "quality": "medium", "max_temp_c": 27.8, "max_wind_ms": 11.1, "event": "era5_site_complete", "run_id": "20260512T184829_1d1e6d41", "level": "info", "timestamp": "2026-05-12T18:49:29.159035Z"}
{"site_id": "bb2453b0-c76d-40ea-bcc4-870391f05b2f", "site_name": "Band\u0131rma Karat power station", "index": 213, "total": 361, "quality": "medium", "elapsed_ms": 132, "event": "era5_batch_site_done", "run_id": "20260512T184829_1d1e6d41", "level": "info", "timestamp": "2026-05-12T18:49:29.180182Z"}
{"lat": 41.803, "lon": 35.194, "grid_lat": 41.75, "grid_lon": 35.25, "grid_distance_km": 7.5, "quality": "medium", "max_temp_c": 25.5, "max_wind_ms": 7.6, "event": "era5_site_complete", "run_id": "20260512T184829_1d1e6d41", "level": "info", "timestamp": "2026-05-12T18:49:29.283585Z"}
{"site_id": "1289753b-43db-4058-8fe1-6e38b5fb01b5", "site_name": "Barbaros-1 power station", "index": 214, "total": 361, "quality": "medium", "elapsed_ms": 113, "event": "era5_batch_site_done", "run_id": "20260512T184829_1d1e6d41", "level": "info", "timestamp": "2026-05-12T18:49:29.295513Z"}
{"lat": 40.47233, "lon": 27.28625, "grid_lat": 40.5, "grid_lon": 27.25, "grid_distance_km": 4.34, "quality": "medium", "max_temp_c": 27.0, "max_wind_ms": 10.1, "event": "era5_site_complete", "run_id": "20260512T184829_1d1e6d41", "level": "info", "timestamp": "2026-05-12T18:49:29.374913Z"}
{"site_id": "2350bab4-9869-43f1-b62f-a4d5aea77ef5", "site_name": "Biga power station", "index": 215, "total": 361, "quality": "medium", "elapsed_ms": 89, "event": "era5_batch_site_done", "run_id": "20260512T184829_1d1e6d41", "level": "info", "timestamp": "2026-05-12T18:49:29.386084Z"}
{"lat": 39.31575, "lon": 40.889156, "grid_lat": 39.25, "grid_lon": 41.0, "grid_distance_km": 12.02, "quality": "medium", "max_temp_c": 23.4, "max_wind_ms": 7.7, "event": "era5_site_complete", "run_id": "20260512T184829_1d1e6d41", "level": "info", "timestamp": "2026-05-12T18:49:29.471182Z"}
{"site_id": "75f807aa-8278-43a3-8654-730713b96001", "site_name": "Bing\u00f6l power station", "index": 216, "total": 361, "quality": "medium", "elapsed_ms": 95, "event": "era5_batch_site_done", "run_id": "20260512T184829_1d1e6d41", "level": "info", "timestamp": "2026-05-12T18:49:29.483299Z"}
{"lat": 40.2514, "lon": 30.8129, "grid_lat": 40.25, "grid_lon": 30.75, "grid_distance_km": 5.34, "quality": "medium", "max_temp_c": 25.3, "max_wind_ms": 7.4, "event": "era5_site_complete", "run_id": "20260512T184829_1d1e6d41", "level": "info", "timestamp": "2026-05-12T18:49:29.563904Z"}
{"site_id": "2b6a65d3-efb0-44d8-b88b-9aad311f4ac4", "site_name": "Bolu G\u00f6yn\u00fck power station", "index": 217, "total": 361, "quality": "medium", "elapsed_ms": 90, "event": "era5_batch_site_done", "run_id": "20260512T184829_1d1e6d41", "level": "info", "timestamp": "2026-05-12T18:49:29.574850Z"}
{"lat": 36.491859, "lon": 36.192092, "grid_lat": 36.5, "grid_lon": 36.25, "grid_distance_km": 5.25, "quality": "medium", "max_temp_c": 29.4, "max_wind_ms": 7.7, "event": "era5_site_complete", "run_id": "20260512T184829_1d1e6d41", "level": "info", "timestamp": "2026-05-12T18:49:29.659148Z"}
{"site_id": "7b4d3f8f-a644-48a3-93f9-cd3c154dc5c2", "site_name": "Burnaz power station", "index": 218, "total": 361, "quality": "medium", "elapsed_ms": 96, "event": "era5_batch_site_done", "run_id": "20260512T184829_1d1e6d41", "level": "info", "timestamp": "2026-05-12T18:49:29.672668Z"}
{"lat": 39.90331, "lon": 29.17746, "grid_lat": 40.0, "grid_lon": 29.25, "grid_distance_km": 12.4, "quality": "medium", "max_temp_c": 23.9, "max_wind_ms": 9.4, "event": "era5_site_complete", "run_id": "20260512T184829_1d1e6d41", "level": "info", "timestamp": "2026-05-12T18:49:29.772806Z"}
{"site_id": "3bc834ed-5c2b-47d6-b555-2e20b9044053", "site_name": "Bursa power station", "index": 219, "total": 361, "quality": "medium", "elapsed_ms": 112, "event": "era5_batch_site_done", "run_id": "20260512T184829_1d1e6d41", "level": "info", "timestamp": "2026-05-12T18:49:29.786862Z"}
{"lat": 36.93815, "lon": 35.99446, "grid_lat": 37.0, "grid_lon": 36.0, "grid_distance_km": 6.89, "quality": "medium", "max_temp_c": 29.9, "max_wind_ms": 6.1, "event": "era5_site_complete", "run_id": "20260512T184829_1d1e6d41", "level": "info", "timestamp": "2026-05-12T18:49:29.881055Z"}
{"site_id": "e71ec827-7143-48dd-8c8a-8e81705fa971", "site_name": "\u00c7al\u0131\u015fkan Ceyhan power station", "index": 220, "total": 361, "quality": "medium", "elapsed_ms": 107, "event": "era5_batch_site_done", "run_id": "20260512T184829_1d1e6d41", "level": "info", "timestamp": "2026-05-12T18:49:29.896167Z"}
{"lat": 40.02324, "lon": 26.976837, "grid_lat": 40.0, "grid_lon": 27.0, "grid_distance_km": 3.25, "quality": "medium", "max_temp_c": 25.8, "max_wind_ms": 11.5, "event": "era5_site_complete", "run_id": "20260512T184829_1d1e6d41", "level": "info", "timestamp": "2026-05-12T18:49:30.004637Z"}
{"site_id": "ad1e8841-e4e4-413b-820a-8c14e09da5a0", "site_name": "\u00c7an (18 Mart) power station", "index": 221, "total": 361, "quality": "medium", "elapsed_ms": 120, "event": "era5_batch_site_done", "run_id": "20260512T184829_1d1e6d41", "level": "info", "timestamp": "2026-05-12T18:49:30.018830Z"}
{"lat": 40.034352, "lon": 26.950574, "grid_lat": 40.0, "grid_lon": 27.0, "grid_distance_km": 5.68, "quality": "medium", "max_temp_c": 25.8, "max_wind_ms": 11.5, "event": "era5_site_complete", "run_id": "20260512T184829_1d1e6d41", "level": "info", "timestamp": "2026-05-12T18:49:30.123966Z"}
{"site_id": "28980273-0ba6-4c8c-b080-7ff9b33cc4c9", "site_name": "\u00c7an-2 power station", "index": 222, "total": 361, "quality": "medium", "elapsed_ms": 117, "event": "era5_batch_site_done", "run_id": "20260512T184829_1d1e6d41", "level": "info", "timestamp": "2026-05-12T18:49:30.138328Z"}
{"lat": 40.623886, "lon": 33.112751, "grid_lat": 40.5, "grid_lon": 33.0, "grid_distance_km": 16.75, "quality": "medium", "max_temp_c": 23.9, "max_wind_ms": 7.9, "event": "era5_site_complete", "run_id": "20260512T184829_1d1e6d41", "level": "info", "timestamp": "2026-05-12T18:49:30.221458Z"}
{"site_id": "dd413ee8-a6f2-4e7c-8e6c-6d0ed8637d83", "site_name": "\u00c7ank\u0131r\u0131 Orta power station", "index": 223, "total": 361, "quality": "medium", "elapsed_ms": 93, "event": "era5_batch_site_done", "run_id": "20260512T184829_1d1e6d41", "level": "info", "timestamp": "2026-05-12T18:49:30.232993Z"}
{"lat": 40.6078, "lon": 33.3202, "grid_lat": 40.5, "grid_lon": 33.25, "grid_distance_km": 13.37, "quality": "medium", "max_temp_c": 24.8, "max_wind_ms": 7.7, "event": "era5_site_complete", "run_id": "20260512T184829_1d1e6d41", "level": "info", "timestamp": "2026-05-12T18:49:30.317500Z"}
{"site_id": "fc307877-758b-4dbf-afbe-abfc4a778155", "site_name": "\u00c7ank\u0131r\u0131 Y\u0131ld\u0131zlar power station", "index": 224, "total": 361, "quality": "medium", "elapsed_ms": 95, "event": "era5_batch_site_done", "run_id": "20260512T184829_1d1e6d41", "level": "info", "timestamp": "2026-05-12T18:49:30.329600Z"}
{"lat": 41.517402, "lon": 31.900198, "grid_lat": 41.5, "grid_lon": 32.0, "grid_distance_km": 8.53, "quality": "medium", "max_temp_c": 26.5, "max_wind_ms": 7.0, "event": "era5_site_complete", "run_id": "20260512T184829_1d1e6d41", "level": "info", "timestamp": "2026-05-12T18:49:30.422465Z"}
{"site_id": "8b16dc60-1a2b-4b2c-bcad-1c334d246ae3", "site_name": "\u00c7atala\u011fz\u0131 power station", "index": 225, "total": 361, "quality": "medium", "elapsed_ms": 105, "event": "era5_batch_site_done", "run_id": "20260512T184829_1d1e6d41", "level": "info", "timestamp": "2026-05-12T18:49:30.436603Z"}
{"completed": 225, "total": 361, "succeeded": 225, "failed": 0, "elapsed_s": 60.5, "event": "era5_batch_progress", "run_id": "20260512T184829_1d1e6d41", "level": "info", "timestamp": "2026-05-12T18:49:30.436683Z"}
{"lat": 40.097, "lon": 31.695, "grid_lat": 40.0, "grid_lon": 31.75, "grid_distance_km": 11.76, "quality": "medium", "max_temp_c": 28.6, "max_wind_ms": 5.9, "event": "era5_site_complete", "run_id": "20260512T184829_1d1e6d41", "level": "info", "timestamp": "2026-05-12T18:49:30.531861Z"}
{"site_id": "674deb4f-110c-4120-bea0-5f0711da3ea1", "site_name": "\u00c7ay\u0131rhan power station", "index": 226, "total": 361, "quality": "medium", "elapsed_ms": 108, "event": "era5_batch_site_done", "run_id": "20260512T184829_1d1e6d41", "level": "info", "timestamp": "2026-05-12T18:49:30.546156Z"}
{"lat": 41.013446, "lon": 27.961648, "grid_lat": 41.0, "grid_lon": 28.0, "grid_distance_km": 3.55, "quality": "medium", "max_temp_c": 26.8, "max_wind_ms": 11.8, "event": "era5_site_complete", "run_id": "20260512T184829_1d1e6d41", "level": "info", "timestamp": "2026-05-12T18:49:30.640039Z"}
{"site_id": "d12e7ffc-4cd3-4ff4-81da-ae360d59409b", "site_name": "\u00c7ebi Enerji power station", "index": 227, "total": 361, "quality": "medium", "elapsed_ms": 103, "event": "era5_batch_site_done", "run_id": "20260512T184829_1d1e6d41", "level": "info", "timestamp": "2026-05-12T18:49:30.651436Z"}
{"lat": 36.86788, "lon": 35.90949, "grid_lat": 36.75, "grid_lon": 36.0, "grid_distance_km": 15.39, "quality": "medium", "max_temp_c": 28.2, "max_wind_ms": 6.6, "event": "era5_site_complete", "run_id": "20260512T184829_1d1e6d41", "level": "info", "timestamp": "2026-05-12T18:49:30.740690Z"}
{"site_id": "a4af3789-2c40-41fc-a3ec-3b8d2fc6c645", "site_name": "\u00c7elikler Yumurtal\u0131k power station", "index": 228, "total": 361, "quality": "medium", "elapsed_ms": 101, "event": "era5_batch_site_done", "run_id": "20260512T184829_1d1e6d41", "level": "info", "timestamp": "2026-05-12T18:49:30.754627Z"}
{"lat": 40.4167, "lon": 27.31829, "grid_lat": 40.5, "grid_lon": 27.25, "grid_distance_km": 10.92, "quality": "medium", "max_temp_c": 27.0, "max_wind_ms": 10.1, "event": "era5_site_complete", "run_id": "20260512T184829_1d1e6d41", "level": "info", "timestamp": "2026-05-12T18:49:30.836321Z"}
{"site_id": "a96dc545-41a9-4b0d-a7a3-f40ef711e5e3", "site_name": "Cenal power station", "index": 229, "total": 361, "quality": "medium", "elapsed_ms": 92, "event": "era5_batch_site_done", "run_id": "20260512T184829_1d1e6d41", "level": "info", "timestamp": "2026-05-12T18:49:30.848322Z"}
{"lat": 41.283333, "lon": 28.0, "grid_lat": 41.25, "grid_lon": 28.0, "grid_distance_km": 3.71, "quality": "medium", "max_temp_c": 27.3, "max_wind_ms": 10.9, "event": "era5_site_complete", "run_id": "20260512T184829_1d1e6d41", "level": "info", "timestamp": "2026-05-12T18:49:30.924401Z"}
{"site_id": "e894ba3e-e397-47c9-b0b9-a72cfb6bd680", "site_name": "\u00c7erkezk\u00f6y power station", "index": 230, "total": 361, "quality": "medium", "elapsed_ms": 88, "event": "era5_batch_site_done", "run_id": "20260512T184829_1d1e6d41", "level": "info", "timestamp": "2026-05-12T18:49:30.938232Z"}
{"lat": 39.816777, "lon": 27.339752, "grid_lat": 39.75, "grid_lon": 27.25, "grid_distance_km": 10.67, "quality": "medium", "max_temp_c": 25.7, "max_wind_ms": 13.4, "event": "era5_site_complete", "run_id": "20260512T184829_1d1e6d41", "level": "info", "timestamp": "2026-05-12T18:49:31.022752Z"}
{"site_id": "bddb4fb7-c01d-4b71-bc30-1896b88298bf", "site_name": "\u00c7\u0131rp\u0131lar power station", "index": 231, "total": 361, "quality": "medium", "elapsed_ms": 97, "event": "era5_batch_site_done", "run_id": "20260512T184829_1d1e6d41", "level": "info", "timestamp": "2026-05-12T18:49:31.037049Z"}
{"lat": 37.557261, "lon": 32.847995, "grid_lat": 37.5, "grid_lon": 32.75, "grid_distance_km": 10.73, "quality": "medium", "max_temp_c": 27.5, "max_wind_ms": 6.7, "event": "era5_site_complete", "run_id": "20260512T184829_1d1e6d41", "level": "info", "timestamp": "2026-05-12T18:49:31.120435Z"}
{"site_id": "778e0750-19f9-426e-a6c7-e0e30645fb97", "site_name": "\u00c7oban Y\u0131ld\u0131z power station", "index": 232, "total": 361, "quality": "medium", "elapsed_ms": 93, "event": "era5_batch_site_done", "run_id": "20260512T184829_1d1e6d41", "level": "info", "timestamp": "2026-05-12T18:49:31.132332Z"}
{"lat": 36.780693, "lon": 35.735779, "grid_lat": 36.75, "grid_lon": 35.75, "grid_distance_km": 3.64, "quality": "medium", "max_temp_c": 29.3, "max_wind_ms": 7.3, "event": "era5_site_complete", "run_id": "20260512T184829_1d1e6d41", "level": "info", "timestamp": "2026-05-12T18:49:31.215506Z"}
{"site_id": "28c80d72-dd9e-4fbf-a2c7-d48d49ca61dc", "site_name": "Demirta\u015f power station", "index": 233, "total": 361, "quality": "medium", "elapsed_ms": 96, "event": "era5_batch_site_done", "run_id": "20260512T184829_1d1e6d41", "level": "info", "timestamp": "2026-05-12T18:49:31.229832Z"}
{"lat": 38.746, "lon": 26.912, "grid_lat": 38.75, "grid_lon": 27.0, "grid_distance_km": 7.64, "quality": "medium", "max_temp_c": 29.0, "max_wind_ms": 10.8, "event": "era5_site_complete", "run_id": "20260512T184829_1d1e6d41", "level": "info", "timestamp": "2026-05-12T18:49:31.359912Z"}
{"site_id": "a70bbc9a-1469-4d56-be56-f282ed4130a8", "site_name": "Deniz power station", "index": 234, "total": 361, "quality": "medium", "elapsed_ms": 142, "event": "era5_batch_site_done", "run_id": "20260512T184829_1d1e6d41", "level": "info", "timestamp": "2026-05-12T18:49:31.373211Z"}
{"lat": 41.498, "lon": 31.868, "grid_lat": 41.5, "grid_lon": 31.75, "grid_distance_km": 9.83, "quality": "medium", "max_temp_c": 25.9, "max_wind_ms": 8.1, "event": "era5_site_complete", "run_id": "20260512T184829_1d1e6d41", "level": "info", "timestamp": "2026-05-12T18:49:31.450603Z"}
{"site_id": "5067ece3-b204-495e-81c1-90a523252547", "site_name": "DETES 1 power station", "index": 235, "total": 361, "quality": "medium", "elapsed_ms": 86, "event": "era5_batch_site_done", "run_id": "20260512T184829_1d1e6d41", "level": "info", "timestamp": "2026-05-12T18:49:31.461279Z"}
{"lat": 38.17, "lon": 37.37, "grid_lat": 38.25, "grid_lon": 37.25, "grid_distance_km": 13.75, "quality": "medium", "max_temp_c": 26.0, "max_wind_ms": 8.5, "event": "era5_site_complete", "run_id": "20260512T184829_1d1e6d41", "level": "info", "timestamp": "2026-05-12T18:49:31.540287Z"}
{"site_id": "c657c5c3-38a2-472d-8962-9e7cefcd2c1e", "site_name": "Diler (Akbayir) Elbistan power station", "index": 236, "total": 361, "quality": "medium", "elapsed_ms": 89, "event": "era5_batch_site_done", "run_id": "20260512T184829_1d1e6d41", "level": "info", "timestamp": "2026-05-12T18:49:31.552186Z"}
{"lat": 38.064, "lon": 30.167, "grid_lat": 38.0, "grid_lon": 30.25, "grid_distance_km": 10.17, "quality": "medium", "max_temp_c": 26.1, "max_wind_ms": 9.1, "event": "era5_site_complete", "run_id": "20260512T184829_1d1e6d41", "level": "info", "timestamp": "2026-05-12T18:49:31.638937Z"}
{"site_id": "59f96677-d42b-4ae1-a3e9-32f3dc396a83", "site_name": "Dinar power station", "index": 237, "total": 361, "quality": "medium", "elapsed_ms": 97, "event": "era5_batch_site_done", "run_id": "20260512T184829_1d1e6d41", "level": "info", "timestamp": "2026-05-12T18:49:31.650724Z"}
{"lat": 40.243172, "lon": 28.96442, "grid_lat": 40.25, "grid_lon": 29.0, "grid_distance_km": 3.11, "quality": "medium", "max_temp_c": 26.2, "max_wind_ms": 7.9, "event": "era5_site_complete", "run_id": "20260512T184829_1d1e6d41", "level": "info", "timestamp": "2026-05-12T18:49:31.731666Z"}
{"site_id": "161660e7-3ccf-4704-b452-b126599700a0", "site_name": "DOSAB cogeneration plant", "index": 238, "total": 361, "quality": "medium", "elapsed_ms": 92, "event": "era5_batch_site_done", "run_id": "20260512T184829_1d1e6d41", "level": "info", "timestamp": "2026-05-12T18:49:31.744081Z"}
{"lat": 36.780693, "lon": 35.735779, "grid_lat": 36.75, "grid_lon": 35.75, "grid_distance_km": 3.64, "quality": "medium", "max_temp_c": 29.3, "max_wind_ms": 7.3, "event": "era5_site_complete", "run_id": "20260512T184829_1d1e6d41", "level": "info", "timestamp": "2026-05-12T18:49:31.823207Z"}
{"site_id": "aa336cdc-f6fe-4b08-b46d-69e852c501bf", "site_name": "Ece power station", "index": 239, "total": 361, "quality": "medium", "elapsed_ms": 89, "event": "era5_batch_site_done", "run_id": "20260512T184829_1d1e6d41", "level": "info", "timestamp": "2026-05-12T18:49:31.835124Z"}
{"lat": 36.81609, "lon": 35.85481, "grid_lat": 36.75, "grid_lon": 35.75, "grid_distance_km": 11.88, "quality": "medium", "max_temp_c": 29.3, "max_wind_ms": 7.3, "event": "era5_site_complete", "run_id": "20260512T184829_1d1e6d41", "level": "info", "timestamp": "2026-05-12T18:49:31.916903Z"}
{"site_id": "3f1ad930-cffb-4991-badd-773db74b890c", "site_name": "EMBA Hunutlu power station", "index": 240, "total": 361, "quality": "medium", "elapsed_ms": 92, "event": "era5_batch_site_done", "run_id": "20260512T184829_1d1e6d41", "level": "info", "timestamp": "2026-05-12T18:49:31.929006Z"}
{"lat": 40.97, "lon": 35.67, "grid_lat": 41.0, "grid_lon": 35.75, "grid_distance_km": 7.5, "quality": "medium", "max_temp_c": 23.4, "max_wind_ms": 6.8, "event": "era5_site_complete", "run_id": "20260512T184829_1d1e6d41", "level": "info", "timestamp": "2026-05-12T18:49:32.016876Z"}
{"site_id": "28baef4d-44e3-4b2e-bbe3-75f736371553", "site_name": "Enyat Samsun power station", "index": 241, "total": 361, "quality": "medium", "elapsed_ms": 98, "event": "era5_batch_site_done", "run_id": "20260512T184829_1d1e6d41", "level": "info", "timestamp": "2026-05-12T18:49:32.028792Z"}
{"lat": 41.632, "lon": 27.03, "grid_lat": 41.75, "grid_lon": 27.0, "grid_distance_km": 13.36, "quality": "medium", "max_temp_c": 27.6, "max_wind_ms": 9.2, "event": "era5_site_complete", "run_id": "20260512T184829_1d1e6d41", "level": "info", "timestamp": "2026-05-12T18:49:32.115560Z"}
{"site_id": "142cad75-648a-495d-8c10-792351e72126", "site_name": "Eren-1 power station", "index": 242, "total": 361, "quality": "medium", "elapsed_ms": 100, "event": "era5_batch_site_done", "run_id": "20260512T184829_1d1e6d41", "level": "info", "timestamp": "2026-05-12T18:49:32.130151Z"}
{"lat": 41.2408, "lon": 27.6967, "grid_lat": 41.25, "grid_lon": 27.75, "grid_distance_km": 4.57, "quality": "medium", "max_temp_c": 27.9, "max_wind_ms": 10.0, "event": "era5_site_complete", "run_id": "20260512T184829_1d1e6d41", "level": "info", "timestamp": "2026-05-12T18:49:32.343484Z"}
{"site_id": "f92bc907-9b9b-4d21-92fd-1705bd71128c", "site_name": "Ergene power station", "index": 243, "total": 361, "quality": "medium", "elapsed_ms": 225, "event": "era5_batch_site_done", "run_id": "20260512T184829_1d1e6d41", "level": "info", "timestamp": "2026-05-12T18:49:32.357205Z"}
{"lat": 40.328921, "lon": 27.990415, "grid_lat": 40.25, "grid_lon": 28.0, "grid_distance_km": 8.81, "quality": "medium", "max_temp_c": 27.8, "max_wind_ms": 11.1, "event": "era5_site_complete", "run_id": "20260512T184829_1d1e6d41", "level": "info", "timestamp": "2026-05-12T18:49:32.444806Z"}
{"site_id": "b90e80f9-66f3-4290-8aa2-518b8422aba0", "site_name": "Eti Maden Bandirma power station", "index": 244, "total": 361, "quality": "medium", "elapsed_ms": 99, "event": "era5_batch_site_done", "run_id": "20260512T184829_1d1e6d41", "level": "info", "timestamp": "2026-05-12T18:49:32.457476Z"}
{"lat": 40.416667, "lon": 26.666667, "grid_lat": 40.5, "grid_lon": 26.75, "grid_distance_km": 11.64, "quality": "medium", "max_temp_c": 27.3, "max_wind_ms": 10.7, "event": "era5_site_complete", "run_id": "20260512T184829_1d1e6d41", "level": "info", "timestamp": "2026-05-12T18:49:32.540312Z"}
{"site_id": "17568f0f-91fd-4efe-b4df-2c7cc5d80b7d", "site_name": "Evrese power station", "index": 245, "total": 361, "quality": "medium", "elapsed_ms": 94, "event": "era5_batch_site_done", "run_id": "20260512T184829_1d1e6d41", "level": "info", "timestamp": "2026-05-12T18:49:32.553173Z"}
{"lat": 41.57543, "lon": 32.05965, "grid_lat": 41.5, "grid_lon": 32.0, "grid_distance_km": 9.75, "quality": "medium", "max_temp_c": 26.5, "max_wind_ms": 7.0, "event": "era5_site_complete", "run_id": "20260512T184829_1d1e6d41", "level": "info", "timestamp": "2026-05-12T18:49:32.635791Z"}
{"site_id": "cb08e7b6-0af3-45d9-95c3-3832e7e2677c", "site_name": "Filyos power station", "index": 246, "total": 361, "quality": "medium", "elapsed_ms": 92, "event": "era5_batch_site_done", "run_id": "20260512T184829_1d1e6d41", "level": "info", "timestamp": "2026-05-12T18:49:32.647571Z"}
{"lat": 40.77758, "lon": 29.538564, "grid_lat": 40.75, "grid_lon": 29.5, "grid_distance_km": 4.47, "quality": "medium", "max_temp_c": 26.9, "max_wind_ms": 8.8, "event": "era5_site_complete", "run_id": "20260512T184829_1d1e6d41", "level": "info", "timestamp": "2026-05-12T18:49:32.727824Z"}
{"site_id": "829f61ff-0ad1-4288-8dd9-e41abbd0b6a7", "site_name": "Gebze \u00c7olako\u011flu power station", "index": 247, "total": 361, "quality": "medium", "elapsed_ms": 92, "event": "era5_batch_site_done", "run_id": "20260512T184829_1d1e6d41", "level": "info", "timestamp": "2026-05-12T18:49:32.741669Z"}
{"lat": 41.86621, "lon": 35.12424, "grid_lat": 41.75, "grid_lon": 35.0, "grid_distance_km": 16.52, "quality": "medium", "max_temp_c": 23.9, "max_wind_ms": 7.1, "event": "era5_site_complete", "run_id": "20260512T184829_1d1e6d41", "level": "info", "timestamp": "2026-05-12T18:49:32.866169Z"}
{"site_id": "e780e4ac-0506-4186-9b58-0f378f878345", "site_name": "Gerze power station", "index": 248, "total": 361, "quality": "medium", "elapsed_ms": 138, "event": "era5_batch_site_done", "run_id": "20260512T184829_1d1e6d41", "level": "info", "timestamp": "2026-05-12T18:49:32.881081Z"}
{"lat": 36.85356, "lon": 35.89809, "grid_lat": 36.75, "grid_lon": 36.0, "grid_distance_km": 14.66, "quality": "medium", "max_temp_c": 28.2, "max_wind_ms": 6.6, "event": "era5_site_complete", "run_id": "20260512T184829_1d1e6d41", "level": "info", "timestamp": "2026-05-12T18:49:33.010568Z"}
{"site_id": "c9c85786-eb26-4e7b-b280-83a54b7e834f", "site_name": "G\u00f6lovas\u0131 power station", "index": 249, "total": 361, "quality": "medium", "elapsed_ms": 141, "event": "era5_batch_site_done", "run_id": "20260512T184829_1d1e6d41", "level": "info", "timestamp": "2026-05-12T18:49:33.023564Z"}
{"lat": 40.1, "lon": 27.65, "grid_lat": 40.0, "grid_lon": 27.75, "grid_distance_km": 14.0, "quality": "medium", "max_temp_c": 27.4, "max_wind_ms": 11.0, "event": "era5_site_complete", "run_id": "20260512T184829_1d1e6d41", "level": "info", "timestamp": "2026-05-12T18:49:33.102968Z"}
{"site_id": "0ca0b969-c519-48f3-97ab-7173d3aa6085", "site_name": "G\u00f6nen power station", "index": 250, "total": 361, "quality": "medium", "elapsed_ms": 91, "event": "era5_batch_site_done", "run_id": "20260512T184829_1d1e6d41", "level": "info", "timestamp": "2026-05-12T18:49:33.115861Z"}
{"completed": 250, "total": 361, "succeeded": 250, "failed": 0, "elapsed_s": 63.1, "event": "era5_batch_progress", "run_id": "20260512T184829_1d1e6d41", "level": "info", "timestamp": "2026-05-12T18:49:33.115928Z"}
{"lat": 36.416667, "lon": 35.883333, "grid_lat": 36.5, "grid_lon": 36.0, "grid_distance_km": 13.95, "quality": "medium", "max_temp_c": 28.2, "max_wind_ms": 9.4, "event": "era5_site_complete", "run_id": "20260512T184829_1d1e6d41", "level": "info", "timestamp": "2026-05-12T18:49:33.209796Z"}
{"site_id": "53481b7f-5b85-4bab-be04-4866c2e72c12", "site_name": "G\u00fcney Akdeniz power station", "index": 251, "total": 361, "quality": "medium", "elapsed_ms": 105, "event": "era5_batch_site_done", "run_id": "20260512T184829_1d1e6d41", "level": "info", "timestamp": "2026-05-12T18:49:33.223536Z"}
{"lat": 37.31, "lon": 27.78, "grid_lat": 37.25, "grid_lon": 27.75, "grid_distance_km": 7.18, "quality": "medium", "max_temp_c": 30.6, "max_wind_ms": 10.3, "event": "era5_site_complete", "run_id": "20260512T184829_1d1e6d41", "level": "info", "timestamp": "2026-05-12T18:49:33.304035Z"}
{"site_id": "d110df11-ad8e-44dc-8a32-af692ca46c6f", "site_name": "G\u00fcneybat\u0131 Anadolu power station", "index": 252, "total": 361, "quality": "medium", "elapsed_ms": 91, "event": "era5_batch_site_done", "run_id": "20260512T184829_1d1e6d41", "level": "info", "timestamp": "2026-05-12T18:49:33.316532Z"}
{"lat": 40.343889, "lon": 26.683611, "grid_lat": 40.25, "grid_lon": 26.75, "grid_distance_km": 11.86, "quality": "medium", "max_temp_c": 27.4, "max_wind_ms": 11.2, "event": "era5_site_complete", "run_id": "20260512T184829_1d1e6d41", "level": "info", "timestamp": "2026-05-12T18:49:33.404335Z"}
{"site_id": "d5151598-5a1a-4697-8147-592845ffef6c", "site_name": "G\u00fcreci power station", "index": 253, "total": 361, "quality": "medium", "elapsed_ms": 100, "event": "era5_batch_site_done", "run_id": "20260512T184829_1d1e6d41", "level": "info", "timestamp": "2026-05-12T18:49:33.419056Z"}
{"lat": 40.889, "lon": 35.597, "grid_lat": 41.0, "grid_lon": 35.5, "grid_distance_km": 14.79, "quality": "medium", "max_temp_c": 24.3, "max_wind_ms": 6.6, "event": "era5_site_complete", "run_id": "20260512T184829_1d1e6d41", "level": "info", "timestamp": "2026-05-12T18:49:33.566533Z"}
{"site_id": "5a19f424-1a15-44e6-bf1b-c2c5886ac1bf", "site_name": "G\u00fcrmin Enerji Amasya power station", "index": 254, "total": 361, "quality": "medium", "elapsed_ms": 162, "event": "era5_batch_site_done", "run_id": "20260512T184829_1d1e6d41", "level": "info", "timestamp": "2026-05-12T18:49:33.583467Z"}
{"lat": 38.77273, "lon": 26.94599, "grid_lat": 38.75, "grid_lon": 27.0, "grid_distance_km": 5.32, "quality": "medium", "max_temp_c": 29.0, "max_wind_ms": 10.8, "event": "era5_site_complete", "run_id": "20260512T184829_1d1e6d41", "level": "info", "timestamp": "2026-05-12T18:49:33.781975Z"}
{"site_id": "80179871-04fa-4806-9385-caf739b8a171", "site_name": "Haba\u015f power station", "index": 255, "total": 361, "quality": "medium", "elapsed_ms": 212, "event": "era5_batch_site_done", "run_id": "20260512T184829_1d1e6d41", "level": "info", "timestamp": "2026-05-12T18:49:33.797380Z"}
{"lat": 36.84343, "lon": 35.886929, "grid_lat": 36.75, "grid_lon": 36.0, "grid_distance_km": 14.47, "quality": "medium", "max_temp_c": 28.2, "max_wind_ms": 6.6, "event": "era5_site_complete", "run_id": "20260512T184829_1d1e6d41", "level": "info", "timestamp": "2026-05-12T18:49:33.922650Z"}
{"site_id": "adeb10a5-aaae-4e2c-b426-3db1c3d9bd5b", "site_name": "Hakan Enerji power station", "index": 256, "total": 361, "quality": "medium", "elapsed_ms": 139, "event": "era5_batch_site_done", "run_id": "20260512T184829_1d1e6d41", "level": "info", "timestamp": "2026-05-12T18:49:33.938547Z"}
{"lat": 37.0333, "lon": 35.8167, "grid_lat": 37.0, "grid_lon": 35.75, "grid_distance_km": 6.98, "quality": "medium", "max_temp_c": 30.6, "max_wind_ms": 6.6, "event": "era5_site_complete", "run_id": "20260512T184829_1d1e6d41", "level": "info", "timestamp": "2026-05-12T18:49:34.038911Z"}
{"site_id": "82aac38c-3037-466c-9b37-bff9da707645", "site_name": "Hakan K\u00f6m\u00fcr power station", "index": 257, "total": 361, "quality": "medium", "elapsed_ms": 113, "event": "era5_batch_site_done", "run_id": "20260512T184829_1d1e6d41", "level": "info", "timestamp": "2026-05-12T18:49:34.053727Z"}
{"lat": 36.780693, "lon": 35.735779, "grid_lat": 36.75, "grid_lon": 35.75, "grid_distance_km": 3.64, "quality": "medium", "max_temp_c": 29.3, "max_wind_ms": 7.3, "event": "era5_site_complete", "run_id": "20260512T184829_1d1e6d41", "level": "info", "timestamp": "2026-05-12T18:49:34.149880Z"}
{"site_id": "e10aae79-05b7-4ad9-9d69-60ce190b4444", "site_name": "Hande power station", "index": 258, "total": 361, "quality": "medium", "elapsed_ms": 109, "event": "era5_batch_site_done", "run_id": "20260512T184829_1d1e6d41", "level": "info", "timestamp": "2026-05-12T18:49:34.165316Z"}
{"lat": 40.08, "lon": 27.168, "grid_lat": 40.0, "grid_lon": 27.25, "grid_distance_km": 11.31, "quality": "medium", "max_temp_c": 26.1, "max_wind_ms": 11.7, "event": "era5_site_complete", "run_id": "20260512T184829_1d1e6d41", "level": "info", "timestamp": "2026-05-12T18:49:34.250796Z"}
{"site_id": "e0e73325-5b32-4fef-b925-f0bb91114450", "site_name": "Helvac\u0131 power station", "index": 259, "total": 361, "quality": "medium", "elapsed_ms": 119, "event": "era5_batch_site_done", "run_id": "20260512T184829_1d1e6d41", "level": "info", "timestamp": "2026-05-12T18:49:34.286572Z"}
{"lat": 41.723, "lon": 32.349, "grid_lat": 41.75, "grid_lon": 32.25, "grid_distance_km": 8.75, "quality": "medium", "max_temp_c": 26.5, "max_wind_ms": 8.4, "event": "era5_site_complete", "run_id": "20260512T184829_1d1e6d41", "level": "info", "timestamp": "2026-05-12T18:49:34.369524Z"}
{"site_id": "0947a4c8-4fc1-492f-9c66-2c9a993c7fb0", "site_name": "HEMA Amasra power station", "index": 260, "total": 361, "quality": "medium", "elapsed_ms": 114, "event": "era5_batch_site_done", "run_id": "20260512T184829_1d1e6d41", "level": "info", "timestamp": "2026-05-12T18:49:34.402850Z"}
{"lat": 40.39953, "lon": 27.04973, "grid_lat": 40.5, "grid_lon": 27.0, "grid_distance_km": 11.94, "quality": "medium", "max_temp_c": 27.6, "max_wind_ms": 10.4, "event": "era5_site_complete", "run_id": "20260512T184829_1d1e6d41", "level": "info", "timestamp": "2026-05-12T18:49:34.474121Z"}
{"site_id": "cc635340-954c-4428-9fa1-14383c7faceb", "site_name": "\u0130\u00c7DA\u015e Bekirli power station", "index": 261, "total": 361, "quality": "medium", "elapsed_ms": 84, "event": "era5_batch_site_done", "run_id": "20260512T184829_1d1e6d41", "level": "info", "timestamp": "2026-05-12T18:49:34.488388Z"}
{"lat": 40.4438, "lon": 27.13067, "grid_lat": 40.5, "grid_lon": 27.25, "grid_distance_km": 11.87, "quality": "medium", "max_temp_c": 27.0, "max_wind_ms": 10.1, "event": "era5_site_complete", "run_id": "20260512T184829_1d1e6d41", "level": "info", "timestamp": "2026-05-12T18:49:34.556387Z"}
{"site_id": "746fc66e-d31f-4c5d-bf5c-ab5031b04b15", "site_name": "\u0130\u00c7DA\u015e Biga power station", "index": 262, "total": 361, "quality": "medium", "elapsed_ms": 98, "event": "era5_batch_site_done", "run_id": "20260512T184829_1d1e6d41", "level": "info", "timestamp": "2026-05-12T18:49:34.587957Z"}
{"lat": 38.26, "lon": 31.91, "grid_lat": 38.25, "grid_lon": 32.0, "grid_distance_km": 7.94, "quality": "medium", "max_temp_c": 25.6, "max_wind_ms": 8.3, "event": "era5_site_complete", "run_id": "20260512T184829_1d1e6d41", "level": "info", "timestamp": "2026-05-12T18:49:34.659047Z"}
{"site_id": "47c1271c-e2b2-42f5-99ee-f616bbef5b7e", "site_name": "Ilg\u0131n power station", "index": 263, "total": 361, "quality": "medium", "elapsed_ms": 81, "event": "era5_batch_site_done", "run_id": "20260512T184829_1d1e6d41", "level": "info", "timestamp": "2026-05-12T18:49:34.671244Z"}
{"lat": 39.79, "lon": 26.3325, "grid_lat": 39.75, "grid_lon": 26.25, "grid_distance_km": 8.34, "quality": "medium", "max_temp_c": 28.2, "max_wind_ms": 12.5, "event": "era5_site_complete", "run_id": "20260512T184829_1d1e6d41", "level": "info", "timestamp": "2026-05-12T18:49:34.738748Z"}
{"site_id": "3819acc8-761d-49ba-89e7-967d3d37ec0e", "site_name": "Irmak power station", "index": 264, "total": 361, "quality": "medium", "elapsed_ms": 97, "event": "era5_batch_site_done", "run_id": "20260512T184829_1d1e6d41", "level": "info", "timestamp": "2026-05-12T18:49:34.769602Z"}
{"lat": 36.83502, "lon": 35.879104, "grid_lat": 36.75, "grid_lon": 36.0, "grid_distance_km": 14.33, "quality": "medium", "max_temp_c": 28.2, "max_wind_ms": 6.6, "event": "era5_site_complete", "run_id": "20260512T184829_1d1e6d41", "level": "info", "timestamp": "2026-05-12T18:49:34.846253Z"}
{"site_id": "6ddc2960-3d72-4d5f-b358-56d1c54f47e0", "site_name": "\u0130sken Sug\u00f6z\u00fc power station", "index": 265, "total": 361, "quality": "medium", "elapsed_ms": 87, "event": "era5_batch_site_done", "run_id": "20260512T184829_1d1e6d41", "level": "info", "timestamp": "2026-05-12T18:49:34.858578Z"}
{"lat": 36.587, "lon": 36.173, "grid_lat": 36.5, "grid_lon": 36.25, "grid_distance_km": 11.87, "quality": "medium", "max_temp_c": 29.4, "max_wind_ms": 7.7, "event": "era5_site_complete", "run_id": "20260512T184829_1d1e6d41", "level": "info", "timestamp": "2026-05-12T18:49:34.926797Z"}
{"site_id": "1624a526-07d8-44a4-8ed7-3b035b748f03", "site_name": "\u0130skenderun power station", "index": 266, "total": 361, "quality": "medium", "elapsed_ms": 78, "event": "era5_batch_site_done", "run_id": "20260512T184829_1d1e6d41", "level": "info", "timestamp": "2026-05-12T18:49:34.938490Z"}
{"lat": 38.74173, "lon": 26.92917, "grid_lat": 38.75, "grid_lon": 27.0, "grid_distance_km": 6.21, "quality": "medium", "max_temp_c": 29.0, "max_wind_ms": 10.8, "event": "era5_site_complete", "run_id": "20260512T184829_1d1e6d41", "level": "info", "timestamp": "2026-05-12T18:49:35.050634Z"}
{"site_id": "d19ed873-b20a-43fd-b7e8-62e985c88820", "site_name": "\u0130zdemir Enerji power station", "index": 267, "total": 361, "quality": "medium", "elapsed_ms": 122, "event": "era5_batch_site_done", "run_id": "20260512T184829_1d1e6d41", "level": "info", "timestamp": "2026-05-12T18:49:35.062160Z"}
{"lat": 37.0333, "lon": 35.8167, "grid_lat": 37.0, "grid_lon": 35.75, "grid_distance_km": 6.98, "quality": "medium", "max_temp_c": 30.6, "max_wind_ms": 6.6, "event": "era5_site_complete", "run_id": "20260512T184829_1d1e6d41", "level": "info", "timestamp": "2026-05-12T18:49:35.130149Z"}
{"site_id": "56b8e2a3-1885-431f-9fd1-4cd3bebfad61", "site_name": "Iztek Ceyhan Komur power station", "index": 268, "total": 361, "quality": "medium", "elapsed_ms": 77, "event": "era5_batch_site_done", "run_id": "20260512T184829_1d1e6d41", "level": "info", "timestamp": "2026-05-12T18:49:35.140905Z"}
{"lat": 38.350818, "lon": 37.00706, "grid_lat": 38.25, "grid_lon": 37.0, "grid_distance_km": 11.23, "quality": "medium", "max_temp_c": 26.1, "max_wind_ms": 8.6, "event": "era5_site_complete", "run_id": "20260512T184829_1d1e6d41", "level": "info", "timestamp": "2026-05-12T18:49:35.209283Z"}
{"site_id": "55cfe45b-6357-40f9-8623-e9916f91f839", "site_name": "Kahramanmara\u015f Anadolu power station", "index": 269, "total": 361, "quality": "medium", "elapsed_ms": 78, "event": "era5_batch_site_done", "run_id": "20260512T184829_1d1e6d41", "level": "info", "timestamp": "2026-05-12T18:49:35.220656Z"}
{"lat": 41.33935, "lon": 31.51114, "grid_lat": 41.25, "grid_lon": 31.5, "grid_distance_km": 9.98, "quality": "medium", "max_temp_c": 25.2, "max_wind_ms": 7.9, "event": "era5_site_complete", "run_id": "20260512T184829_1d1e6d41", "level": "info", "timestamp": "2026-05-12T18:49:35.321389Z"}
{"site_id": "ca423571-d2ab-44d4-b5ce-3e649d9cc776", "site_name": "Kandilli power station", "index": 270, "total": 361, "quality": "medium", "elapsed_ms": 125, "event": "era5_batch_site_done", "run_id": "20260512T184829_1d1e6d41", "level": "info", "timestamp": "2026-05-12T18:49:35.349474Z"}
{"lat": 39.07743, "lon": 37.29562, "grid_lat": 39.0, "grid_lon": 37.25, "grid_distance_km": 9.47, "quality": "medium", "max_temp_c": 23.0, "max_wind_ms": 9.2, "event": "era5_site_complete", "run_id": "20260512T184829_1d1e6d41", "level": "info", "timestamp": "2026-05-12T18:49:35.460986Z"}
{"site_id": "bfadbe66-971d-4f64-b222-604a7ee6ac6b", "site_name": "Kangal Etyemez power station", "index": 271, "total": 361, "quality": "medium", "elapsed_ms": 127, "event": "era5_batch_site_done", "run_id": "20260512T184829_1d1e6d41", "level": "info", "timestamp": "2026-05-12T18:49:35.479149Z"}
{"lat": 39.077483, "lon": 37.294973, "grid_lat": 39.0, "grid_lon": 37.25, "grid_distance_km": 9.45, "quality": "medium", "max_temp_c": 23.0, "max_wind_ms": 9.2, "event": "era5_site_complete", "run_id": "20260512T184829_1d1e6d41", "level": "info", "timestamp": "2026-05-12T18:49:35.570546Z"}
{"site_id": "0248611c-b745-404f-ad50-c2870882c7a1", "site_name": "Kangal power station", "index": 272, "total": 361, "quality": "medium", "elapsed_ms": 103, "event": "era5_batch_site_done", "run_id": "20260512T184829_1d1e6d41", "level": "info", "timestamp": "2026-05-12T18:49:35.584219Z"}
{"lat": 40.446, "lon": 27.287, "grid_lat": 40.5, "grid_lon": 27.25, "grid_distance_km": 6.77, "quality": "medium", "max_temp_c": 27.0, "max_wind_ms": 10.1, "event": "era5_site_complete", "run_id": "20260512T184829_1d1e6d41", "level": "info", "timestamp": "2026-05-12T18:49:35.665141Z"}
{"site_id": "0fec985c-c66e-40af-a123-a9ba4db269bb", "site_name": "Karaburun power station", "index": 273, "total": 361, "quality": "medium", "elapsed_ms": 92, "event": "era5_batch_site_done", "run_id": "20260512T184829_1d1e6d41", "level": "info", "timestamp": "2026-05-12T18:49:35.677833Z"}
{"lat": 37.716, "lon": 33.554, "grid_lat": 37.75, "grid_lon": 33.5, "grid_distance_km": 6.07, "quality": "medium", "max_temp_c": 27.8, "max_wind_ms": 7.8, "event": "era5_site_complete", "run_id": "20260512T184829_1d1e6d41", "level": "info", "timestamp": "2026-05-12T18:49:35.760015Z"}
{"site_id": "a6478cb9-5b8c-4d64-bbe6-3d3ed6a3da2c", "site_name": "Karapinar Konya \u015eeker power station", "index": 274, "total": 361, "quality": "medium", "elapsed_ms": 93, "event": "era5_batch_site_done", "run_id": "20260512T184829_1d1e6d41", "level": "info", "timestamp": "2026-05-12T18:49:35.772809Z"}
{"lat": 41.514274, "lon": 31.909608, "grid_lat": 41.5, "grid_lon": 32.0, "grid_distance_km": 7.69, "quality": "medium", "max_temp_c": 26.5, "max_wind_ms": 7.0, "event": "era5_site_complete", "run_id": "20260512T184829_1d1e6d41", "level": "info", "timestamp": "2026-05-12T18:49:35.863551Z"}
{"site_id": "8dd46a05-6e0c-4009-90ad-bd5909c25622", "site_name": "Kardemir Karab\u00fck Demir \u00c7elik power station", "index": 275, "total": 361, "quality": "medium", "elapsed_ms": 102, "event": "era5_batch_site_done", "run_id": "20260512T184829_1d1e6d41", "level": "info", "timestamp": "2026-05-12T18:49:35.876589Z"}
{"completed": 275, "total": 361, "succeeded": 275, "failed": 0, "elapsed_s": 65.9, "event": "era5_batch_progress", "run_id": "20260512T184829_1d1e6d41", "level": "info", "timestamp": "2026-05-12T18:49:35.876663Z"}
{"lat": 37.035362, "lon": 27.900592, "grid_lat": 37.0, "grid_lon": 28.0, "grid_distance_km": 9.66, "quality": "medium", "max_temp_c": 27.8, "max_wind_ms": 9.8, "event": "era5_site_complete", "run_id": "20260512T184829_1d1e6d41", "level": "info", "timestamp": "2026-05-12T18:49:35.997707Z"}
{"site_id": "8e7f6abf-e420-4f40-b9da-9ea76ccedfb1", "site_name": "Kemerk\u00f6y power station", "index": 276, "total": 361, "quality": "medium", "elapsed_ms": 167, "event": "era5_batch_site_done", "run_id": "20260512T184829_1d1e6d41", "level": "info", "timestamp": "2026-05-12T18:49:36.048336Z"}
{"lat": 36.82786, "lon": 35.87151, "grid_lat": 36.75, "grid_lon": 35.75, "grid_distance_km": 13.86, "quality": "medium", "max_temp_c": 29.3, "max_wind_ms": 7.3, "event": "era5_site_complete", "run_id": "20260512T184829_1d1e6d41", "level": "info", "timestamp": "2026-05-12T18:49:36.185319Z"}
{"site_id": "d21335d4-0a3d-4464-85e0-352745a38db4", "site_name": "Kilikya power station", "index": 277, "total": 361, "quality": "medium", "elapsed_ms": 153, "event": "era5_batch_site_done", "run_id": "20260512T184829_1d1e6d41", "level": "info", "timestamp": "2026-05-12T18:49:36.204824Z"}
{"lat": 37.767197, "lon": 27.445695, "grid_lat": 37.75, "grid_lon": 27.5, "grid_distance_km": 5.14, "quality": "medium", "max_temp_c": 30.6, "max_wind_ms": 8.9, "event": "era5_site_complete", "run_id": "20260512T184829_1d1e6d41", "level": "info", "timestamp": "2026-05-12T18:49:36.298269Z"}
{"site_id": "cf918ba6-6226-479f-b04c-b3c67885c0ba", "site_name": "Kipas MMP power station", "index": 278, "total": 361, "quality": "medium", "elapsed_ms": 104, "event": "era5_batch_site_done", "run_id": "20260512T184829_1d1e6d41", "level": "info", "timestamp": "2026-05-12T18:49:36.310621Z"}
{"lat": 40.38227, "lon": 26.99455, "grid_lat": 40.5, "grid_lon": 27.0, "grid_distance_km": 13.1, "quality": "medium", "max_temp_c": 27.6, "max_wind_ms": 10.4, "event": "era5_site_complete", "run_id": "20260512T184829_1d1e6d41", "level": "info", "timestamp": "2026-05-12T18:49:36.392823Z"}
{"site_id": "d020ac37-4f23-41b1-8f1e-b425b5769424", "site_name": "Kirazl\u0131dere power complex", "index": 279, "total": 361, "quality": "medium", "elapsed_ms": 92, "event": "era5_batch_site_done", "run_id": "20260512T184829_1d1e6d41", "level": "info", "timestamp": "2026-05-12T18:49:36.405012Z"}
{"lat": 41.368944, "lon": 31.587836, "grid_lat": 41.25, "grid_lon": 31.5, "grid_distance_km": 15.12, "quality": "medium", "max_temp_c": 25.2, "max_wind_ms": 7.9, "event": "era5_site_complete", "run_id": "20260512T184829_1d1e6d41", "level": "info", "timestamp": "2026-05-12T18:49:36.487812Z"}
{"site_id": "76cd9b7f-7613-4fd4-95ab-bf534a2e2f5e", "site_name": "Kire\u00e7lik power station", "index": 280, "total": 361, "quality": "medium", "elapsed_ms": 93, "event": "era5_batch_site_done", "run_id": "20260512T184829_1d1e6d41", "level": "info", "timestamp": "2026-05-12T18:49:36.499932Z"}
{"lat": 39.084, "lon": 27.45, "grid_lat": 39.0, "grid_lon": 27.5, "grid_distance_km": 10.29, "quality": "medium", "max_temp_c": 28.5, "max_wind_ms": 11.7, "event": "era5_site_complete", "run_id": "20260512T184829_1d1e6d41", "level": "info", "timestamp": "2026-05-12T18:49:36.590140Z"}
{"site_id": "7defe42d-669b-489f-aff5-d1b83436607d", "site_name": "K\u0131n\u0131k power station", "index": 281, "total": 361, "quality": "medium", "elapsed_ms": 102, "event": "era5_batch_site_done", "run_id": "20260512T184829_1d1e6d41", "level": "info", "timestamp": "2026-05-12T18:49:36.603239Z"}
{"lat": 36.34, "lon": 33.4, "grid_lat": 36.25, "grid_lon": 33.5, "grid_distance_km": 13.43, "quality": "medium", "max_temp_c": 28.9, "max_wind_ms": 10.0, "event": "era5_site_complete", "run_id": "20260512T184829_1d1e6d41", "level": "info", "timestamp": "2026-05-12T18:49:36.686934Z"}
{"site_id": "5b6be56c-d981-470c-a979-13a8764a34b8", "site_name": "K\u0131van\u00e7 power station", "index": 282, "total": 361, "quality": "medium", "elapsed_ms": 94, "event": "era5_batch_site_done", "run_id": "20260512T184829_1d1e6d41", "level": "info", "timestamp": "2026-05-12T18:49:36.698897Z"}
{"lat": 37.614187, "lon": 33.591193, "grid_lat": 37.5, "grid_lon": 33.5, "grid_distance_km": 15.03, "quality": "medium", "max_temp_c": 28.4, "max_wind_ms": 6.4, "event": "era5_site_complete", "run_id": "20260512T184829_1d1e6d41", "level": "info", "timestamp": "2026-05-12T18:49:36.779850Z"}
{"site_id": "ad0c8590-c672-43f2-a813-1217a10f7d2d", "site_name": "Konya Karap\u0131nar power station", "index": 283, "total": 361, "quality": "medium", "elapsed_ms": 92, "event": "era5_batch_site_done", "run_id": "20260512T184829_1d1e6d41", "level": "info", "timestamp": "2026-05-12T18:49:36.793244Z"}
{"lat": 39.8, "lon": 29.61, "grid_lat": 39.75, "grid_lon": 29.5, "grid_distance_km": 10.92, "quality": "medium", "max_temp_c": 24.8, "max_wind_ms": 8.5, "event": "era5_site_complete", "run_id": "20260512T184829_1d1e6d41", "level": "info", "timestamp": "2026-05-12T18:49:36.874729Z"}
{"site_id": "2a3aad60-2bff-4206-8275-f6e2029f9278", "site_name": "K\u00fctahya Domani\u00e7 power station", "index": 284, "total": 361, "quality": "medium", "elapsed_ms": 92, "event": "era5_batch_site_done", "run_id": "20260512T184829_1d1e6d41", "level": "info", "timestamp": "2026-05-12T18:49:36.886720Z"}
{"lat": 40.892, "lon": 26.901, "grid_lat": 41.0, "grid_lon": 27.0, "grid_distance_km": 14.61, "quality": "medium", "max_temp_c": 28.7, "max_wind_ms": 9.2, "event": "era5_site_complete", "run_id": "20260512T184829_1d1e6d41", "level": "info", "timestamp": "2026-05-12T18:49:36.971985Z"}
{"site_id": "bac4a081-83dc-4aba-8076-b67bfc55f54c", "site_name": "L\u00fcminer Enerji power station", "index": 285, "total": 361, "quality": "medium", "elapsed_ms": 95, "event": "era5_batch_site_done", "run_id": "20260512T184829_1d1e6d41", "level": "info", "timestamp": "2026-05-12T18:49:36.983355Z"}
{"lat": 40.972709, "lon": 27.876831, "grid_lat": 41.0, "grid_lon": 28.0, "grid_distance_km": 10.77, "quality": "medium", "max_temp_c": 26.8, "max_wind_ms": 11.8, "event": "era5_site_complete", "run_id": "20260512T184829_1d1e6d41", "level": "info", "timestamp": "2026-05-12T18:49:37.063741Z"}
{"site_id": "c8e1cc12-080a-4e01-925d-8fd6e4334856", "site_name": "Meda power station", "index": 286, "total": 361, "quality": "medium", "elapsed_ms": 94, "event": "era5_batch_site_done", "run_id": "20260512T184829_1d1e6d41", "level": "info", "timestamp": "2026-05-12T18:49:37.080281Z"}
{"lat": 36.33, "lon": 33.4, "grid_lat": 36.25, "grid_lon": 33.5, "grid_distance_km": 12.63, "quality": "medium", "max_temp_c": 28.9, "max_wind_ms": 10.0, "event": "era5_site_complete", "run_id": "20260512T184829_1d1e6d41", "level": "info", "timestamp": "2026-05-12T18:49:37.259352Z"}
{"site_id": "1820429d-bd95-4e56-a6db-d9bb57e2ae07", "site_name": "Mersin G\u00fclnar power station", "index": 287, "total": 361, "quality": "medium", "elapsed_ms": 194, "event": "era5_batch_site_done", "run_id": "20260512T184829_1d1e6d41", "level": "info", "timestamp": "2026-05-12T18:49:37.277035Z"}
{"lat": 36.953333, "lon": 36.203333, "grid_lat": 37.0, "grid_lon": 36.25, "grid_distance_km": 6.64, "quality": "medium", "max_temp_c": 28.6, "max_wind_ms": 7.5, "event": "era5_site_complete", "run_id": "20260512T184829_1d1e6d41", "level": "info", "timestamp": "2026-05-12T18:49:37.363185Z"}
{"site_id": "42d5b3fd-7d07-409b-9154-4441695b7901", "site_name": "Mert power station", "index": 288, "total": 361, "quality": "medium", "elapsed_ms": 96, "event": "era5_batch_site_done", "run_id": "20260512T184829_1d1e6d41", "level": "info", "timestamp": "2026-05-12T18:49:37.375028Z"}
{"lat": 36.24, "lon": 33.75, "grid_lat": 36.25, "grid_lon": 33.75, "grid_distance_km": 1.11, "quality": "medium", "max_temp_c": 29.2, "max_wind_ms": 9.9, "event": "era5_site_complete", "run_id": "20260512T184829_1d1e6d41", "level": "info", "timestamp": "2026-05-12T18:49:37.450209Z"}
{"site_id": "166f5fcc-1cc4-4cf5-9e52-59e7ce1557c6", "site_name": "METES power station", "index": 289, "total": 361, "quality": "medium", "elapsed_ms": 85, "event": "era5_batch_site_done", "run_id": "20260512T184829_1d1e6d41", "level": "info", "timestamp": "2026-05-12T18:49:37.461963Z"}
{"lat": 36.843, "lon": 35.86, "grid_lat": 36.75, "grid_lon": 35.75, "grid_distance_km": 14.24, "quality": "medium", "max_temp_c": 29.3, "max_wind_ms": 7.3, "event": "era5_site_complete", "run_id": "20260512T184829_1d1e6d41", "level": "info", "timestamp": "2026-05-12T18:49:37.534924Z"}
{"site_id": "b588126a-42d6-49dc-b227-9283af5a2578", "site_name": "Misis Adana power station", "index": 290, "total": 361, "quality": "medium", "elapsed_ms": 83, "event": "era5_batch_site_done", "run_id": "20260512T184829_1d1e6d41", "level": "info", "timestamp": "2026-05-12T18:49:37.546822Z"}
{"lat": 37.15, "lon": 27.805, "grid_lat": 37.25, "grid_lon": 27.75, "grid_distance_km": 12.14, "quality": "medium", "max_temp_c": 30.6, "max_wind_ms": 10.3, "event": "era5_site_complete", "run_id": "20260512T184829_1d1e6d41", "level": "info", "timestamp": "2026-05-12T18:49:37.618326Z"}
{"site_id": "0049a899-af5f-41cd-86ae-2ba729b6365f", "site_name": "Mu\u011fla power station", "index": 291, "total": 361, "quality": "medium", "elapsed_ms": 84, "event": "era5_batch_site_done", "run_id": "20260512T184829_1d1e6d41", "level": "info", "timestamp": "2026-05-12T18:49:37.632272Z"}
{"lat": 40.343889, "lon": 26.683611, "grid_lat": 40.25, "grid_lon": 26.75, "grid_distance_km": 11.86, "quality": "medium", "max_temp_c": 27.4, "max_wind_ms": 11.2, "event": "era5_site_complete", "run_id": "20260512T184829_1d1e6d41", "level": "info", "timestamp": "2026-05-12T18:49:37.700007Z"}
{"site_id": "5ed91c1b-0a1b-4a4c-9b2b-f6bdc8ff9770", "site_name": "Namal power station", "index": 292, "total": 361, "quality": "medium", "elapsed_ms": 77, "event": "era5_batch_site_done", "run_id": "20260512T184829_1d1e6d41", "level": "info", "timestamp": "2026-05-12T18:49:37.711154Z"}
{"lat": 40.458066, "lon": 27.254994, "grid_lat": 40.5, "grid_lon": 27.25, "grid_distance_km": 4.68, "quality": "medium", "max_temp_c": 27.0, "max_wind_ms": 10.1, "event": "era5_site_complete", "run_id": "20260512T184829_1d1e6d41", "level": "info", "timestamp": "2026-05-12T18:49:37.789264Z"}
{"site_id": "21ccc44f-3244-4e7f-9654-eae424288200", "site_name": "Naren Karabiga power station", "index": 293, "total": 361, "quality": "medium", "elapsed_ms": 89, "event": "era5_batch_site_done", "run_id": "20260512T184829_1d1e6d41", "level": "info", "timestamp": "2026-05-12T18:49:37.801384Z"}
{"lat": 39.950224, "lon": 28.870214, "grid_lat": 40.0, "grid_lon": 28.75, "grid_distance_km": 11.64, "quality": "medium", "max_temp_c": 25.1, "max_wind_ms": 8.1, "event": "era5_site_complete", "run_id": "20260512T184829_1d1e6d41", "level": "info", "timestamp": "2026-05-12T18:49:37.879449Z"}
{"site_id": "80b922cb-9e78-49aa-9d28-1dc84b1affef", "site_name": "Orhaneli power station", "index": 294, "total": 361, "quality": "medium", "elapsed_ms": 89, "event": "era5_batch_site_done", "run_id": "20260512T184829_1d1e6d41", "level": "info", "timestamp": "2026-05-12T18:49:37.892235Z"}
{"lat": 40.623886, "lon": 33.112751, "grid_lat": 40.5, "grid_lon": 33.0, "grid_distance_km": 16.75, "quality": "medium", "max_temp_c": 23.9, "max_wind_ms": 7.9, "event": "era5_site_complete", "run_id": "20260512T184829_1d1e6d41", "level": "info", "timestamp": "2026-05-12T18:49:37.985438Z"}
{"site_id": "f2e65fcf-afc4-4443-ac14-f15c8ffe48f3", "site_name": "Orta Anadolu power station", "index": 295, "total": 361, "quality": "medium", "elapsed_ms": 104, "event": "era5_batch_site_done", "run_id": "20260512T184829_1d1e6d41", "level": "info", "timestamp": "2026-05-12T18:49:37.997773Z"}
{"lat": 38.795, "lon": 26.970278, "grid_lat": 38.75, "grid_lon": 27.0, "grid_distance_km": 5.63, "quality": "medium", "max_temp_c": 29.0, "max_wind_ms": 10.8, "event": "era5_site_complete", "run_id": "20260512T184829_1d1e6d41", "level": "info", "timestamp": "2026-05-12T18:49:38.126950Z"}
{"site_id": "86996d34-c6e5-4097-ac28-ad2e5467f783", "site_name": "Petkim power station", "index": 296, "total": 361, "quality": "medium", "elapsed_ms": 139, "event": "era5_batch_site_done", "run_id": "20260512T184829_1d1e6d41", "level": "info", "timestamp": "2026-05-12T18:49:38.138393Z"}
{"lat": 39.616008, "lon": 29.442904, "grid_lat": 39.5, "grid_lon": 29.5, "grid_distance_km": 13.8, "quality": "medium", "max_temp_c": 25.5, "max_wind_ms": 7.5, "event": "era5_site_complete", "run_id": "20260512T184829_1d1e6d41", "level": "info", "timestamp": "2026-05-12T18:49:38.216670Z"}
{"site_id": "231565d3-4f56-43ee-a357-1f4451c6fbc3", "site_name": "Polat power station", "index": 297, "total": 361, "quality": "medium", "elapsed_ms": 88, "event": "era5_batch_site_done", "run_id": "20260512T184829_1d1e6d41", "level": "info", "timestamp": "2026-05-12T18:49:38.228049Z"}
{"lat": 41.519, "lon": 32.094, "grid_lat": 41.5, "grid_lon": 32.0, "grid_distance_km": 8.11, "quality": "medium", "max_temp_c": 26.5, "max_wind_ms": 7.0, "event": "era5_site_complete", "run_id": "20260512T184829_1d1e6d41", "level": "info", "timestamp": "2026-05-12T18:49:38.312345Z"}
{"site_id": "2ed9363f-a9fe-46e5-8b92-c50b47a9077a", "site_name": "Saltukova power station", "index": 298, "total": 361, "quality": "medium", "elapsed_ms": 95, "event": "era5_batch_site_done", "run_id": "20260512T184829_1d1e6d41", "level": "info", "timestamp": "2026-05-12T18:49:38.324689Z"}
{"lat": 37.819719, "lon": 37.718512, "grid_lat": 37.75, "grid_lon": 37.75, "grid_distance_km": 8.23, "quality": "medium", "max_temp_c": 30.3, "max_wind_ms": 9.3, "event": "era5_site_complete", "run_id": "20260512T184829_1d1e6d41", "level": "info", "timestamp": "2026-05-12T18:49:38.402876Z"}
{"site_id": "c13aeeb7-05e5-4f00-9b4b-654e73e5150d", "site_name": "Sanko G\u00f6lba\u015f\u0131 power station", "index": 299, "total": 361, "quality": "medium", "elapsed_ms": 88, "event": "era5_batch_site_done", "run_id": "20260512T184829_1d1e6d41", "level": "info", "timestamp": "2026-05-12T18:49:38.415167Z"}
{"lat": 36.876, "lon": 35.894, "grid_lat": 37.0, "grid_lon": 36.0, "grid_distance_km": 16.7, "quality": "medium", "max_temp_c": 29.9, "max_wind_ms": 6.1, "event": "era5_site_complete", "run_id": "20260512T184829_1d1e6d41", "level": "info", "timestamp": "2026-05-12T18:49:38.495821Z"}
{"site_id": "3e5f4317-6f40-44fb-bfa2-e21dc4d9922d", "site_name": "Sanko Yumurtal\u0131k power station", "index": 300, "total": 361, "quality": "medium", "elapsed_ms": 92, "event": "era5_batch_site_done", "run_id": "20260512T184829_1d1e6d41", "level": "info", "timestamp": "2026-05-12T18:49:38.508702Z"}
{"completed": 300, "total": 361, "succeeded": 300, "failed": 0, "elapsed_s": 68.5, "event": "era5_batch_progress", "run_id": "20260512T184829_1d1e6d41", "level": "info", "timestamp": "2026-05-12T18:49:38.508766Z"}
{"lat": 41.445, "lon": 27.921, "grid_lat": 41.5, "grid_lon": 28.0, "grid_distance_km": 8.98, "quality": "medium", "max_temp_c": 26.1, "max_wind_ms": 12.2, "event": "era5_site_complete", "run_id": "20260512T184829_1d1e6d41", "level": "info", "timestamp": "2026-05-12T18:49:38.587510Z"}
{"site_id": "db87ce6a-3802-44c5-945f-8a95d3cf111b", "site_name": "Saray Tekirda\u011f power station", "index": 301, "total": 361, "quality": "medium", "elapsed_ms": 89, "event": "era5_batch_site_done", "run_id": "20260512T184829_1d1e6d41", "level": "info", "timestamp": "2026-05-12T18:49:38.599551Z"}
{"lat": 37.368333, "lon": 35.706111, "grid_lat": 37.25, "grid_lon": 35.75, "grid_distance_km": 13.72, "quality": "medium", "max_temp_c": 31.2, "max_wind_ms": 5.9, "event": "era5_site_complete", "run_id": "20260512T184829_1d1e6d41", "level": "info", "timestamp": "2026-05-12T18:49:38.676366Z"}
{"site_id": "d1863136-5ff4-4b4d-a9c0-6219e92d637d", "site_name": "Sarp Golvasi power station", "index": 302, "total": 361, "quality": "medium", "elapsed_ms": 88, "event": "era5_batch_site_done", "run_id": "20260512T184829_1d1e6d41", "level": "info", "timestamp": "2026-05-12T18:49:38.690029Z"}
{"lat": 36.843, "lon": 35.86, "grid_lat": 36.75, "grid_lon": 35.75, "grid_distance_km": 14.24, "quality": "medium", "max_temp_c": 29.3, "max_wind_ms": 7.3, "event": "era5_site_complete", "run_id": "20260512T184829_1d1e6d41", "level": "info", "timestamp": "2026-05-12T18:49:38.770841Z"}
{"site_id": "b5ff798e-e059-4d8b-a903-00a1fefc62ab", "site_name": "Sedef II TES power station", "index": 303, "total": 361, "quality": "medium", "elapsed_ms": 92, "event": "era5_batch_site_done", "run_id": "20260512T184829_1d1e6d41", "level": "info", "timestamp": "2026-05-12T18:49:38.784243Z"}
{"lat": 36.921472, "lon": 36.04753, "grid_lat": 37.0, "grid_lon": 36.0, "grid_distance_km": 9.7, "quality": "medium", "max_temp_c": 29.9, "max_wind_ms": 6.1, "event": "era5_site_complete", "run_id": "20260512T184829_1d1e6d41", "level": "info", "timestamp": "2026-05-12T18:49:38.870687Z"}
{"site_id": "3a06636d-c742-4b72-b9cd-21a4537c331b", "site_name": "Selena power station", "index": 304, "total": 361, "quality": "medium", "elapsed_ms": 99, "event": "era5_batch_site_done", "run_id": "20260512T184829_1d1e6d41", "level": "info", "timestamp": "2026-05-12T18:49:38.885292Z"}
{"lat": 40.395, "lon": 26.792, "grid_lat": 40.5, "grid_lon": 26.75, "grid_distance_km": 12.2, "quality": "medium", "max_temp_c": 27.3, "max_wind_ms": 10.7, "event": "era5_site_complete", "run_id": "20260512T184829_1d1e6d41", "level": "info", "timestamp": "2026-05-12T18:49:38.984279Z"}
{"site_id": "0ca4ff78-4113-4ad9-ac04-0fd541d42338", "site_name": "\u015eevketiye Lapseki power station", "index": 305, "total": 361, "quality": "medium", "elapsed_ms": 111, "event": "era5_batch_site_done", "run_id": "20260512T184829_1d1e6d41", "level": "info", "timestamp": "2026-05-12T18:49:38.998615Z"}
{"lat": 39.572967, "lon": 29.88164, "grid_lat": 39.5, "grid_lon": 30.0, "grid_distance_km": 12.99, "quality": "medium", "max_temp_c": 24.6, "max_wind_ms": 9.3, "event": "era5_site_complete", "run_id": "20260512T184829_1d1e6d41", "level": "info", "timestamp": "2026-05-12T18:49:39.092761Z"}
{"site_id": "94a5c55f-c499-41b1-81da-deaa36686399", "site_name": "Seyit\u00f6mer power station", "index": 306, "total": 361, "quality": "medium", "elapsed_ms": 110, "event": "era5_batch_site_done", "run_id": "20260512T184829_1d1e6d41", "level": "info", "timestamp": "2026-05-12T18:49:39.111100Z"}
{"lat": 37.352619, "lon": 42.552728, "grid_lat": 37.25, "grid_lon": 42.5, "grid_distance_km": 12.33, "quality": "medium", "max_temp_c": 33.3, "max_wind_ms": 5.6, "event": "era5_site_complete", "run_id": "20260512T184829_1d1e6d41", "level": "info", "timestamp": "2026-05-12T18:49:39.186586Z"}
{"site_id": "e05ff795-8984-4170-9874-5355b70985b1", "site_name": "Silopi (\u015e\u0131rnak) power station", "index": 307, "total": 361, "quality": "medium", "elapsed_ms": 86, "event": "era5_batch_site_done", "run_id": "20260512T184829_1d1e6d41", "level": "info", "timestamp": "2026-05-12T18:49:39.198730Z"}
{"lat": 41.953, "lon": 34.83, "grid_lat": 42.0, "grid_lon": 34.75, "grid_distance_km": 8.43, "quality": "medium", "max_temp_c": 26.5, "max_wind_ms": 8.1, "event": "era5_site_complete", "run_id": "20260512T184829_1d1e6d41", "level": "info", "timestamp": "2026-05-12T18:49:39.273705Z"}
{"site_id": "e03c394f-1c08-4101-b1fe-f6662fe4b424", "site_name": "Sinop Akfen power station", "index": 308, "total": 361, "quality": "medium", "elapsed_ms": 85, "event": "era5_batch_site_done", "run_id": "20260512T184829_1d1e6d41", "level": "info", "timestamp": "2026-05-12T18:49:39.285747Z"}
{"lat": 37.468, "lon": 42.391, "grid_lat": 37.5, "grid_lon": 42.5, "grid_distance_km": 10.25, "quality": "medium", "max_temp_c": 30.0, "max_wind_ms": 7.6, "event": "era5_site_complete", "run_id": "20260512T184829_1d1e6d41", "level": "info", "timestamp": "2026-05-12T18:49:39.369308Z"}
{"site_id": "cf9150af-0325-44d8-bbaf-493e742f2e2b", "site_name": "\u015e\u0131rnak Galata power station", "index": 309, "total": 361, "quality": "medium", "elapsed_ms": 93, "event": "era5_batch_site_done", "run_id": "20260512T184829_1d1e6d41", "level": "info", "timestamp": "2026-05-12T18:49:39.380421Z"}
{"lat": 37.310025, "lon": 42.594696, "grid_lat": 37.25, "grid_lon": 42.5, "grid_distance_km": 10.71, "quality": "medium", "max_temp_c": 33.3, "max_wind_ms": 5.6, "event": "era5_site_complete", "run_id": "20260512T184829_1d1e6d41", "level": "info", "timestamp": "2026-05-12T18:49:39.452832Z"}
{"site_id": "98019711-a8c3-424a-870e-00d4fea75ed1", "site_name": "\u015e\u0131rnak Silopi (C\u0130NER) power station", "index": 310, "total": 361, "quality": "medium", "elapsed_ms": 82, "event": "era5_batch_site_done", "run_id": "20260512T184829_1d1e6d41", "level": "info", "timestamp": "2026-05-12T18:49:39.463848Z"}
{"lat": 39.316608, "lon": 27.748899, "grid_lat": 39.25, "grid_lon": 27.75, "grid_distance_km": 7.41, "quality": "medium", "max_temp_c": 27.2, "max_wind_ms": 12.2, "event": "era5_site_complete", "run_id": "20260512T184829_1d1e6d41", "level": "info", "timestamp": "2026-05-12T18:49:39.538218Z"}
{"site_id": "9a6447f2-2887-4cce-a115-dc773d7f6eb1", "site_name": "Soma Kolin power station", "index": 311, "total": 361, "quality": "medium", "elapsed_ms": 84, "event": "era5_batch_site_done", "run_id": "20260512T184829_1d1e6d41", "level": "info", "timestamp": "2026-05-12T18:49:39.549754Z"}
{"lat": 39.194462, "lon": 27.635204, "grid_lat": 39.25, "grid_lon": 27.75, "grid_distance_km": 11.66, "quality": "medium", "max_temp_c": 27.2, "max_wind_ms": 12.2, "event": "era5_site_complete", "run_id": "20260512T184829_1d1e6d41", "level": "info", "timestamp": "2026-05-12T18:49:39.628253Z"}
{"site_id": "4ca3c560-6d90-4bcf-b131-4e39b6b4f0de", "site_name": "Soma power station", "index": 312, "total": 361, "quality": "medium", "elapsed_ms": 89, "event": "era5_batch_site_done", "run_id": "20260512T184829_1d1e6d41", "level": "info", "timestamp": "2026-05-12T18:49:39.640307Z"}
{"lat": 38.817, "lon": 26.9103, "grid_lat": 38.75, "grid_lon": 27.0, "grid_distance_km": 10.77, "quality": "medium", "max_temp_c": 29.0, "max_wind_ms": 10.8, "event": "era5_site_complete", "run_id": "20260512T184829_1d1e6d41", "level": "info", "timestamp": "2026-05-12T18:49:39.767743Z"}
{"site_id": "021d1717-149a-4a32-af7b-5955ff593e45", "site_name": "Star Refinery Socar power station", "index": 313, "total": 361, "quality": "medium", "elapsed_ms": 137, "event": "era5_batch_site_done", "run_id": "20260512T184829_1d1e6d41", "level": "info", "timestamp": "2026-05-12T18:49:39.778505Z"}
{"lat": 40.859186, "lon": 35.651886, "grid_lat": 40.75, "grid_lon": 35.75, "grid_distance_km": 14.68, "quality": "medium", "max_temp_c": 24.5, "max_wind_ms": 7.1, "event": "era5_site_complete", "run_id": "20260512T184829_1d1e6d41", "level": "info", "timestamp": "2026-05-12T18:49:39.861039Z"}
{"site_id": "96129c93-83a6-4b1c-929b-bfccba86a796", "site_name": "Suluova power station", "index": 314, "total": 361, "quality": "medium", "elapsed_ms": 92, "event": "era5_batch_site_done", "run_id": "20260512T184829_1d1e6d41", "level": "info", "timestamp": "2026-05-12T18:49:39.872217Z"}
{"lat": 40.638726, "lon": 27.004295, "grid_lat": 40.75, "grid_lon": 27.0, "grid_distance_km": 12.38, "quality": "medium", "max_temp_c": 28.0, "max_wind_ms": 10.4, "event": "era5_site_complete", "run_id": "20260512T184829_1d1e6d41", "level": "info", "timestamp": "2026-05-12T18:49:39.992848Z"}
{"site_id": "0ada7b2a-f928-4c21-b082-4c7345094245", "site_name": "Tekirda\u011f Malkara power station", "index": 315, "total": 361, "quality": "medium", "elapsed_ms": 130, "event": "era5_batch_site_done", "run_id": "20260512T184829_1d1e6d41", "level": "info", "timestamp": "2026-05-12T18:49:40.004643Z"}
{"lat": 38.2299, "lon": 36.2481, "grid_lat": 38.25, "grid_lon": 36.25, "grid_distance_km": 2.24, "quality": "medium", "max_temp_c": 22.8, "max_wind_ms": 10.0, "event": "era5_site_complete", "run_id": "20260512T184829_1d1e6d41", "level": "info", "timestamp": "2026-05-12T18:49:40.073348Z"}
{"site_id": "43f99d45-6635-4392-a522-4a06445fdaf2", "site_name": "Teyo Tufanbeyli power station", "index": 316, "total": 361, "quality": "medium", "elapsed_ms": 78, "event": "era5_batch_site_done", "run_id": "20260512T184829_1d1e6d41", "level": "info", "timestamp": "2026-05-12T18:49:40.084582Z"}
{"lat": 36.6971, "lon": 36.2042, "grid_lat": 36.75, "grid_lon": 36.25, "grid_distance_km": 7.16, "quality": "medium", "max_temp_c": 27.8, "max_wind_ms": 8.1, "event": "era5_site_complete", "run_id": "20260512T184829_1d1e6d41", "level": "info", "timestamp": "2026-05-12T18:49:40.162424Z"}
{"site_id": "44362378-9c74-44af-8a08-be4877f50e97", "site_name": "Tosyal\u0131 \u0130skenderun power station", "index": 317, "total": 361, "quality": "medium", "elapsed_ms": 98, "event": "era5_batch_site_done", "run_id": "20260512T184829_1d1e6d41", "level": "info", "timestamp": "2026-05-12T18:49:40.186577Z"}
{"lat": 41.948092, "lon": 28.04148, "grid_lat": 42.0, "grid_lon": 28.0, "grid_distance_km": 6.71, "quality": "medium", "max_temp_c": 26.0, "max_wind_ms": 11.9, "event": "era5_site_complete", "run_id": "20260512T184829_1d1e6d41", "level": "info", "timestamp": "2026-05-12T18:49:40.253669Z"}
{"site_id": "9eb693f6-6994-4937-bc4d-e8213baa5d47", "site_name": "Trakya Emba power station", "index": 318, "total": 361, "quality": "medium", "elapsed_ms": 78, "event": "era5_batch_site_done", "run_id": "20260512T184829_1d1e6d41", "level": "info", "timestamp": "2026-05-12T18:49:40.266412Z"}
{"lat": 38.18562, "lon": 36.26994, "grid_lat": 38.25, "grid_lon": 36.25, "grid_distance_km": 7.37, "quality": "medium", "max_temp_c": 22.8, "max_wind_ms": 10.0, "event": "era5_site_complete", "run_id": "20260512T184829_1d1e6d41", "level": "info", "timestamp": "2026-05-12T18:49:40.337712Z"}
{"site_id": "6c9571c4-5d3b-4f88-a7be-fa8c21425eeb", "site_name": "Tufanbeyli power station", "index": 319, "total": 361, "quality": "medium", "elapsed_ms": 82, "event": "era5_batch_site_done", "run_id": "20260512T184829_1d1e6d41", "level": "info", "timestamp": "2026-05-12T18:49:40.350033Z"}
{"lat": 39.619778, "lon": 29.465881, "grid_lat": 39.5, "grid_lon": 29.5, "grid_distance_km": 13.64, "quality": "medium", "max_temp_c": 25.5, "max_wind_ms": 7.5, "event": "era5_site_complete", "run_id": "20260512T184829_1d1e6d41", "level": "info", "timestamp": "2026-05-12T18:49:40.421361Z"}
{"site_id": "2ec95392-978d-4a43-85b9-af3282c212ba", "site_name": "Tun\u00e7bilek power station", "index": 320, "total": 361, "quality": "medium", "elapsed_ms": 90, "event": "era5_batch_site_done", "run_id": "20260512T184829_1d1e6d41", "level": "info", "timestamp": "2026-05-12T18:49:40.442349Z"}
{"lat": 38.199984, "lon": 30.27055, "grid_lat": 38.25, "grid_lon": 30.25, "grid_distance_km": 5.84, "quality": "medium", "max_temp_c": 25.7, "max_wind_ms": 9.3, "event": "era5_site_complete", "run_id": "20260512T184829_1d1e6d41", "level": "info", "timestamp": "2026-05-12T18:49:40.510946Z"}
{"site_id": "ddc8bb9c-bf77-4075-b38c-600fb072acf8", "site_name": "Uluk\u00f6y power station", "index": 321, "total": 361, "quality": "medium", "elapsed_ms": 100, "event": "era5_batch_site_done", "run_id": "20260512T184829_1d1e6d41", "level": "info", "timestamp": "2026-05-12T18:49:40.549816Z"}
{"lat": 41.133, "lon": 37.156, "grid_lat": 41.25, "grid_lon": 37.25, "grid_distance_km": 15.2, "quality": "medium", "max_temp_c": 26.4, "max_wind_ms": 7.7, "event": "era5_site_complete", "run_id": "20260512T184829_1d1e6d41", "level": "info", "timestamp": "2026-05-12T18:49:40.623176Z"}
{"site_id": "d3f986d9-a023-4d43-a0fb-03361f310873", "site_name": "Umut power station", "index": 322, "total": 361, "quality": "medium", "elapsed_ms": 83, "event": "era5_batch_site_done", "run_id": "20260512T184829_1d1e6d41", "level": "info", "timestamp": "2026-05-12T18:49:40.635302Z"}
{"lat": 41.572996, "lon": 27.811652, "grid_lat": 41.5, "grid_lon": 27.75, "grid_distance_km": 9.6, "quality": "medium", "max_temp_c": 26.6, "max_wind_ms": 9.9, "event": "era5_site_complete", "run_id": "20260512T184829_1d1e6d41", "level": "info", "timestamp": "2026-05-12T18:49:40.705269Z"}
{"site_id": "381221dd-76da-4adf-9b19-5da9f0779c22", "site_name": "Vize power station", "index": 323, "total": 361, "quality": "medium", "elapsed_ms": 81, "event": "era5_batch_site_done", "run_id": "20260512T184829_1d1e6d41", "level": "info", "timestamp": "2026-05-12T18:49:40.719390Z"}
{"lat": 37.330905, "lon": 28.102377, "grid_lat": 37.25, "grid_lon": 28.0, "grid_distance_km": 12.77, "quality": "medium", "max_temp_c": 30.0, "max_wind_ms": 10.6, "event": "era5_site_complete", "run_id": "20260512T184829_1d1e6d41", "level": "info", "timestamp": "2026-05-12T18:49:40.789414Z"}
{"site_id": "fd4f7f8c-0d23-450d-9ea0-1b8e52e9a8af", "site_name": "Yata\u011fan power station", "index": 324, "total": 361, "quality": "medium", "elapsed_ms": 101, "event": "era5_batch_site_done", "run_id": "20260512T184829_1d1e6d41", "level": "info", "timestamp": "2026-05-12T18:49:40.822436Z"}
{"lat": 37.458403, "lon": 28.674831, "grid_lat": 37.5, "grid_lon": 28.75, "grid_distance_km": 8.09, "quality": "medium", "max_temp_c": 28.3, "max_wind_ms": 8.1, "event": "era5_site_complete", "run_id": "20260512T184829_1d1e6d41", "level": "info", "timestamp": "2026-05-12T18:49:40.892550Z"}
{"site_id": "52028d4f-7796-4463-832e-cff2e439c96a", "site_name": "Yenidere power station", "index": 325, "total": 361, "quality": "medium", "elapsed_ms": 82, "event": "era5_batch_site_done", "run_id": "20260512T184829_1d1e6d41", "level": "info", "timestamp": "2026-05-12T18:49:40.906752Z"}
{"completed": 325, "total": 361, "succeeded": 325, "failed": 0, "elapsed_s": 70.9, "event": "era5_batch_progress", "run_id": "20260512T184829_1d1e6d41", "level": "info", "timestamp": "2026-05-12T18:49:40.906812Z"}
{"lat": 37.14019, "lon": 27.87154, "grid_lat": 37.25, "grid_lon": 27.75, "grid_distance_km": 16.28, "quality": "medium", "max_temp_c": 30.6, "max_wind_ms": 10.3, "event": "era5_site_complete", "run_id": "20260512T184829_1d1e6d41", "level": "info", "timestamp": "2026-05-12T18:49:40.976384Z"}
{"site_id": "737b6d06-1d0c-4ae6-9683-ab3fea192b32", "site_name": "Yenik\u00f6y power station", "index": 326, "total": 361, "quality": "medium", "elapsed_ms": 88, "event": "era5_batch_site_done", "run_id": "20260512T184829_1d1e6d41", "level": "info", "timestamp": "2026-05-12T18:49:40.996139Z"}
{"lat": 36.886, "lon": 36.151, "grid_lat": 37.0, "grid_lon": 36.25, "grid_distance_km": 15.43, "quality": "medium", "max_temp_c": 28.6, "max_wind_ms": 7.5, "event": "era5_site_complete", "run_id": "20260512T184829_1d1e6d41", "level": "info", "timestamp": "2026-05-12T18:49:41.070451Z"}
{"site_id": "e8b6e342-2011-4343-b415-a8bf08501499", "site_name": "Yeniyurt power station", "index": 327, "total": 361, "quality": "medium", "elapsed_ms": 83, "event": "era5_batch_site_done", "run_id": "20260512T184829_1d1e6d41", "level": "info", "timestamp": "2026-05-12T18:49:41.080943Z"}
{"lat": 36.200611, "lon": 33.663742, "grid_lat": 36.25, "grid_lon": 33.75, "grid_distance_km": 9.49, "quality": "medium", "max_temp_c": 29.2, "max_wind_ms": 9.9, "event": "era5_site_complete", "run_id": "20260512T184829_1d1e6d41", "level": "info", "timestamp": "2026-05-12T18:49:41.148019Z"}
{"site_id": "d6cb5642-d5ec-4a15-bc6b-8be4cb0a382e", "site_name": "Ye\u015filovac\u0131k power station", "index": 328, "total": 361, "quality": "medium", "elapsed_ms": 84, "event": "era5_batch_site_done", "run_id": "20260512T184829_1d1e6d41", "level": "info", "timestamp": "2026-05-12T18:49:41.166583Z"}
{"lat": 38.662, "lon": 39.772, "grid_lat": 38.75, "grid_lon": 39.75, "grid_distance_km": 9.97, "quality": "medium", "max_temp_c": 30.0, "max_wind_ms": 8.6, "event": "era5_site_complete", "run_id": "20260512T184829_1d1e6d41", "level": "info", "timestamp": "2026-05-12T18:49:41.239381Z"}
{"site_id": "225656d9-8709-4c2f-9992-1e4f20a6fce8", "site_name": "Y\u0131ld\u0131r\u0131m Elaz\u0131\u011f power station", "index": 329, "total": 361, "quality": "medium", "elapsed_ms": 82, "event": "era5_batch_site_done", "run_id": "20260512T184829_1d1e6d41", "level": "info", "timestamp": "2026-05-12T18:49:41.250658Z"}
{"lat": 37.368333, "lon": 35.706111, "grid_lat": 37.25, "grid_lon": 35.75, "grid_distance_km": 13.72, "quality": "medium", "max_temp_c": 31.2, "max_wind_ms": 5.9, "event": "era5_site_complete", "run_id": "20260512T184829_1d1e6d41", "level": "info", "timestamp": "2026-05-12T18:49:41.321272Z"}
{"site_id": "57c0c830-725f-46ee-9322-0a4a3ad9efda", "site_name": "Y\u00fcksek G\u00f6lovas\u0131 power station", "index": 330, "total": 361, "quality": "medium", "elapsed_ms": 80, "event": "era5_batch_site_done", "run_id": "20260512T184829_1d1e6d41", "level": "info", "timestamp": "2026-05-12T18:49:41.332472Z"}
{"lat": 36.77, "lon": 35.79, "grid_lat": 36.75, "grid_lon": 35.75, "grid_distance_km": 4.2, "quality": "medium", "max_temp_c": 29.3, "max_wind_ms": 7.3, "event": "era5_site_complete", "run_id": "20260512T184829_1d1e6d41", "level": "info", "timestamp": "2026-05-12T18:49:41.400758Z"}
{"site_id": "91f28dbb-16bd-449b-a20a-dc2b70cf2e66", "site_name": "Yumurtal\u0131k IC \u0130\u00e7ta\u015f power station", "index": 331, "total": 361, "quality": "medium", "elapsed_ms": 77, "event": "era5_batch_site_done", "run_id": "20260512T184829_1d1e6d41", "level": "info", "timestamp": "2026-05-12T18:49:41.411101Z"}
{"lat": 39.984309, "lon": 31.635639, "grid_lat": 40.0, "grid_lon": 31.75, "grid_distance_km": 9.9, "quality": "medium", "max_temp_c": 28.6, "max_wind_ms": 5.9, "event": "era5_site_complete", "run_id": "20260512T184829_1d1e6d41", "level": "info", "timestamp": "2026-05-12T18:49:41.480521Z"}
{"site_id": "48149515-0774-404d-b273-790b660a8d90", "site_name": "Yunus Emre power station", "index": 332, "total": 361, "quality": "medium", "elapsed_ms": 79, "event": "era5_batch_site_done", "run_id": "20260512T184829_1d1e6d41", "level": "info", "timestamp": "2026-05-12T18:49:41.491608Z"}
{"lat": 41.604444, "lon": 32.511111, "grid_lat": 41.5, "grid_lon": 32.5, "grid_distance_km": 11.65, "quality": "medium", "max_temp_c": 25.3, "max_wind_ms": 6.6, "event": "era5_site_complete", "run_id": "20260512T184829_1d1e6d41", "level": "info", "timestamp": "2026-05-12T18:49:41.611320Z"}
{"site_id": "772e2484-419b-47de-9739-924ac371ad10", "site_name": "Zafer power station", "index": 333, "total": 361, "quality": "medium", "elapsed_ms": 131, "event": "era5_batch_site_done", "run_id": "20260512T184829_1d1e6d41", "level": "info", "timestamp": "2026-05-12T18:49:41.624709Z"}
{"lat": 41.507471, "lon": 31.894912, "grid_lat": 41.5, "grid_lon": 32.0, "grid_distance_km": 8.79, "quality": "medium", "max_temp_c": 26.5, "max_wind_ms": 7.0, "event": "era5_site_complete", "run_id": "20260512T184829_1d1e6d41", "level": "info", "timestamp": "2026-05-12T18:49:41.725767Z"}
{"site_id": "1f305180-6bbf-4758-9a98-78bc9e96e195", "site_name": "ZETES power stations", "index": 334, "total": 361, "quality": "medium", "elapsed_ms": 113, "event": "era5_batch_site_done", "run_id": "20260512T184829_1d1e6d41", "level": "info", "timestamp": "2026-05-12T18:49:41.739606Z"}
{"lat": 41.498, "lon": 31.868, "grid_lat": 41.5, "grid_lon": 31.75, "grid_distance_km": 9.83, "quality": "medium", "max_temp_c": 25.9, "max_wind_ms": 8.1, "event": "era5_site_complete", "run_id": "20260512T184829_1d1e6d41", "level": "info", "timestamp": "2026-05-12T18:49:41.821208Z"}
{"site_id": "fa6b7ac3-c1bf-478f-8d0a-1f357ea480cf", "site_name": "Zonguldak Modern power station", "index": 335, "total": 361, "quality": "medium", "elapsed_ms": 91, "event": "era5_batch_site_done", "run_id": "20260512T184829_1d1e6d41", "level": "info", "timestamp": "2026-05-12T18:49:41.833078Z"}
{"lat": 41.087, "lon": 31.12, "grid_lat": 41.0, "grid_lon": 31.0, "grid_distance_km": 13.96, "quality": "medium", "max_temp_c": 25.3, "max_wind_ms": 7.1, "event": "era5_site_complete", "run_id": "20260512T184829_1d1e6d41", "level": "info", "timestamp": "2026-05-12T18:49:41.902031Z"}
{"site_id": "7cc9cffa-e4e4-4546-902d-c8f4800dbdb2", "site_name": "Zorlu Ak\u00e7akoca power station", "index": 336, "total": 361, "quality": "medium", "elapsed_ms": 77, "event": "era5_batch_site_done", "run_id": "20260512T184829_1d1e6d41", "level": "info", "timestamp": "2026-05-12T18:49:41.912090Z"}
{"lat": 39.186, "lon": 27.608, "grid_lat": 39.25, "grid_lon": 27.5, "grid_distance_km": 11.71, "quality": "medium", "max_temp_c": 27.3, "max_wind_ms": 12.7, "event": "era5_site_complete", "run_id": "20260512T184829_1d1e6d41", "level": "info", "timestamp": "2026-05-12T18:49:41.979682Z"}
{"site_id": "61b7e396-5c25-4591-9da1-eb54475f1805", "site_name": "Zorlu Soma power station", "index": 337, "total": 361, "quality": "medium", "elapsed_ms": 78, "event": "era5_batch_site_done", "run_id": "20260512T184829_1d1e6d41", "level": "info", "timestamp": "2026-05-12T18:49:41.991325Z"}
{"lat": 49.210383, "lon": 24.666536, "grid_lat": 49.25, "grid_lon": 24.75, "grid_distance_km": 7.49, "quality": "medium", "max_temp_c": 22.1, "max_wind_ms": 9.2, "event": "era5_site_complete", "run_id": "20260512T184829_1d1e6d41", "level": "info", "timestamp": "2026-05-12T18:49:42.058333Z"}
{"site_id": "c47eb6a3-49c1-4879-95b6-9bcd53b7af04", "site_name": "Burshtyn power station", "index": 338, "total": 361, "quality": "medium", "elapsed_ms": 79, "event": "era5_batch_site_done", "run_id": "20260512T184829_1d1e6d41", "level": "info", "timestamp": "2026-05-12T18:49:42.072435Z"}
{"lat": 49.390543, "lon": 32.067372, "grid_lat": 49.5, "grid_lon": 32.0, "grid_distance_km": 13.11, "quality": "medium", "max_temp_c": 25.5, "max_wind_ms": 8.8, "event": "era5_site_complete", "run_id": "20260512T184829_1d1e6d41", "level": "info", "timestamp": "2026-05-12T18:49:42.143661Z"}
{"site_id": "95872473-c476-4ceb-bcf5-54cfdf415e42", "site_name": "Cherkasy power station", "index": 339, "total": 361, "quality": "medium", "elapsed_ms": 81, "event": "era5_batch_site_done", "run_id": "20260512T184829_1d1e6d41", "level": "info", "timestamp": "2026-05-12T18:49:42.155752Z"}
{"lat": 51.45496, "lon": 31.260173, "grid_lat": 51.5, "grid_lon": 31.25, "grid_distance_km": 5.06, "quality": "medium", "max_temp_c": 24.3, "max_wind_ms": 9.7, "event": "era5_site_complete", "run_id": "20260512T184829_1d1e6d41", "level": "info", "timestamp": "2026-05-12T18:49:42.227075Z"}
{"site_id": "e4c6a713-99e6-4fdf-afaa-d456779c504c", "site_name": "Chernihiv power station", "index": 340, "total": 361, "quality": "medium", "elapsed_ms": 84, "event": "era5_batch_site_done", "run_id": "20260512T184829_1d1e6d41", "level": "info", "timestamp": "2026-05-12T18:49:42.240913Z"}
{"lat": 50.447771, "lon": 30.642949, "grid_lat": 50.5, "grid_lon": 30.75, "grid_distance_km": 9.55, "quality": "medium", "max_temp_c": 24.5, "max_wind_ms": 9.4, "event": "era5_site_complete", "run_id": "20260512T184829_1d1e6d41", "level": "info", "timestamp": "2026-05-12T18:49:42.326790Z"}
{"site_id": "038d42e9-769b-4b22-9513-dccff48b42cd", "site_name": "Darnytska power station", "index": 341, "total": 361, "quality": "medium", "elapsed_ms": 96, "event": "era5_batch_site_done", "run_id": "20260512T184829_1d1e6d41", "level": "info", "timestamp": "2026-05-12T18:49:42.338309Z"}
{"lat": 50.214293, "lon": 24.374654, "grid_lat": 50.25, "grid_lon": 24.25, "grid_distance_km": 9.71, "quality": "medium", "max_temp_c": 22.5, "max_wind_ms": 10.1, "event": "era5_site_complete", "run_id": "20260512T184829_1d1e6d41", "level": "info", "timestamp": "2026-05-12T18:49:42.406916Z"}
{"site_id": "5ed0a674-a292-44bc-997f-5c1990da1235", "site_name": "Dobrotvir power station", "index": 342, "total": 361, "quality": "medium", "elapsed_ms": 78, "event": "era5_batch_site_done", "run_id": "20260512T184829_1d1e6d41", "level": "info", "timestamp": "2026-05-12T18:49:42.418156Z"}
{"lat": 49.07049, "lon": 24.318522, "grid_lat": 49.0, "grid_lon": 24.25, "grid_distance_km": 9.29, "quality": "medium", "max_temp_c": 20.8, "max_wind_ms": 10.2, "event": "era5_site_complete", "run_id": "20260512T184829_1d1e6d41", "level": "info", "timestamp": "2026-05-12T18:49:42.484823Z"}
{"site_id": "fb7d4d9a-3f27-4b50-9941-6a8fccd25e9a", "site_name": "Kalush power station", "index": 343, "total": 361, "quality": "medium", "elapsed_ms": 81, "event": "era5_batch_site_done", "run_id": "20260512T184829_1d1e6d41", "level": "info", "timestamp": "2026-05-12T18:49:42.501254Z"}
{"lat": 48.747705, "lon": 37.572339, "grid_lat": 48.75, "grid_lon": 37.5, "grid_distance_km": 5.31, "quality": "medium", "max_temp_c": 25.9, "max_wind_ms": 8.9, "event": "era5_site_complete", "run_id": "20260512T184829_1d1e6d41", "level": "info", "timestamp": "2026-05-12T18:49:42.568955Z"}
{"site_id": "d3b9e403-7744-44c5-b5c3-999c4c1911d8", "site_name": "Kramatorskaya power station", "index": 344, "total": 361, "quality": "medium", "elapsed_ms": 78, "event": "era5_batch_site_done", "run_id": "20260512T184829_1d1e6d41", "level": "info", "timestamp": "2026-05-12T18:49:42.580662Z"}
{"lat": 47.543204, "lon": 33.659513, "grid_lat": 47.5, "grid_lon": 33.75, "grid_distance_km": 8.32, "quality": "medium", "max_temp_c": 26.6, "max_wind_ms": 8.3, "event": "era5_site_complete", "run_id": "20260512T184829_1d1e6d41", "level": "info", "timestamp": "2026-05-12T18:49:42.653127Z"}
{"site_id": "83fede8b-5f92-429d-920d-9a8928a74780", "site_name": "Kryvorizka power station", "index": 345, "total": 361, "quality": "medium", "elapsed_ms": 82, "event": "era5_batch_site_done", "run_id": "20260512T184829_1d1e6d41", "level": "info", "timestamp": "2026-05-12T18:49:42.663992Z"}
{"lat": 47.994514, "lon": 37.237077, "grid_lat": 48.0, "grid_lon": 37.25, "grid_distance_km": 1.14, "quality": "medium", "max_temp_c": 26.1, "max_wind_ms": 9.5, "event": "era5_site_complete", "run_id": "20260512T184829_1d1e6d41", "level": "info", "timestamp": "2026-05-12T18:49:42.732902Z"}
{"site_id": "46b96bc3-b190-4045-9c86-eb674e2ea35e", "site_name": "Kurakhov power station", "index": 346, "total": 361, "quality": "medium", "elapsed_ms": 78, "event": "era5_batch_site_done", "run_id": "20260512T184829_1d1e6d41", "level": "info", "timestamp": "2026-05-12T18:49:42.743561Z"}
{"lat": 48.705825, "lon": 29.218668, "grid_lat": 48.75, "grid_lon": 29.25, "grid_distance_km": 5.42, "quality": "medium", "max_temp_c": 23.7, "max_wind_ms": 8.4, "event": "era5_site_complete", "run_id": "20260512T184829_1d1e6d41", "level": "info", "timestamp": "2026-05-12T18:49:42.814317Z"}
{"site_id": "cec871bd-c7f6-4444-b0da-9b3a9ecc6963", "site_name": "Ladyzhyn power station", "index": 347, "total": 361, "quality": "medium", "elapsed_ms": 80, "event": "era5_batch_site_done", "run_id": "20260512T184829_1d1e6d41", "level": "info", "timestamp": "2026-05-12T18:49:42.825508Z"}
{"lat": 48.749346, "lon": 39.261917, "grid_lat": 48.75, "grid_lon": 39.25, "grid_distance_km": 0.88, "quality": "medium", "max_temp_c": 26.1, "max_wind_ms": 9.2, "event": "era5_site_complete", "run_id": "20260512T184829_1d1e6d41", "level": "info", "timestamp": "2026-05-12T18:49:42.893042Z"}
{"site_id": "4e45df00-0d28-44d0-9697-3fa33d76fc88", "site_name": "Luganskaya power station", "index": 348, "total": 361, "quality": "medium", "elapsed_ms": 79, "event": "era5_batch_site_done", "run_id": "20260512T184829_1d1e6d41", "level": "info", "timestamp": "2026-05-12T18:49:42.906401Z"}
{"lat": 48.479778, "lon": 38.284834, "grid_lat": 48.5, "grid_lon": 38.25, "grid_distance_km": 3.41, "quality": "medium", "max_temp_c": 25.5, "max_wind_ms": 9.4, "event": "era5_site_complete", "run_id": "20260512T184829_1d1e6d41", "level": "info", "timestamp": "2026-05-12T18:49:42.973901Z"}
{"site_id": "3bd2a957-ff3b-4bfd-9dba-808279edccb9", "site_name": "Myronivskyi power station", "index": 349, "total": 361, "quality": "medium", "elapsed_ms": 77, "event": "era5_batch_site_done", "run_id": "20260512T184829_1d1e6d41", "level": "info", "timestamp": "2026-05-12T18:49:42.984452Z"}
{"lat": 48.405291, "lon": 35.111749, "grid_lat": 48.5, "grid_lon": 35.0, "grid_distance_km": 13.37, "quality": "medium", "max_temp_c": 26.2, "max_wind_ms": 8.5, "event": "era5_site_complete", "run_id": "20260512T184829_1d1e6d41", "level": "info", "timestamp": "2026-05-12T18:49:43.050039Z"}
{"site_id": "02253fcc-4fc6-42d4-a6a8-42365487302f", "site_name": "Prydniprovska power station", "index": 350, "total": 361, "quality": "medium", "elapsed_ms": 75, "event": "era5_batch_site_done", "run_id": "20260512T184829_1d1e6d41", "level": "info", "timestamp": "2026-05-12T18:49:43.060734Z"}
{"completed": 350, "total": 361, "succeeded": 350, "failed": 0, "elapsed_s": 73.1, "event": "era5_batch_progress", "run_id": "20260512T184829_1d1e6d41", "level": "info", "timestamp": "2026-05-12T18:49:43.060790Z"}
{"lat": 48.870681, "lon": 37.765621, "grid_lat": 48.75, "grid_lon": 37.75, "grid_distance_km": 13.47, "quality": "medium", "max_temp_c": 25.9, "max_wind_ms": 8.8, "event": "era5_site_complete", "run_id": "20260512T184829_1d1e6d41", "level": "info", "timestamp": "2026-05-12T18:49:43.133529Z"}
{"site_id": "70781f2c-24c2-486c-8b32-310c36ba1238", "site_name": "Slavyansk power station", "index": 351, "total": 361, "quality": "medium", "elapsed_ms": 82, "event": "era5_batch_site_done", "run_id": "20260512T184829_1d1e6d41", "level": "info", "timestamp": "2026-05-12T18:49:43.144448Z"}
{"lat": 47.800786, "lon": 38.005422, "grid_lat": 47.75, "grid_lon": 38.0, "grid_distance_km": 5.66, "quality": "medium", "max_temp_c": 26.0, "max_wind_ms": 9.7, "event": "era5_site_complete", "run_id": "20260512T184829_1d1e6d41", "level": "info", "timestamp": "2026-05-12T18:49:43.214138Z"}
{"site_id": "447a9ea1-47fa-48a3-93f2-a77cbd629ac7", "site_name": "Starobesheve power station", "index": 352, "total": 361, "quality": "medium", "elapsed_ms": 79, "event": "era5_batch_site_done", "run_id": "20260512T184829_1d1e6d41", "level": "info", "timestamp": "2026-05-12T18:49:43.225070Z"}
{"lat": 50.133377, "lon": 30.74667, "grid_lat": 50.25, "grid_lon": 30.75, "grid_distance_km": 12.97, "quality": "medium", "max_temp_c": 24.2, "max_wind_ms": 9.3, "event": "era5_site_complete", "run_id": "20260512T184829_1d1e6d41", "level": "info", "timestamp": "2026-05-12T18:49:43.310599Z"}
{"site_id": "cdb6adfb-52ff-4631-939a-001080b20450", "site_name": "Trypilska power station", "index": 353, "total": 361, "quality": "medium", "elapsed_ms": 97, "event": "era5_batch_site_done", "run_id": "20260512T184829_1d1e6d41", "level": "info", "timestamp": "2026-05-12T18:49:43.324220Z"}
{"lat": 48.464745, "lon": 38.20266, "grid_lat": 48.5, "grid_lon": 38.25, "grid_distance_km": 5.25, "quality": "medium", "max_temp_c": 25.5, "max_wind_ms": 9.4, "event": "era5_site_complete", "run_id": "20260512T184829_1d1e6d41", "level": "info", "timestamp": "2026-05-12T18:49:43.415247Z"}
{"site_id": "3657989a-61ae-4fe3-9e8b-6ba7e68f8c59", "site_name": "Vuglegirska power station", "index": 354, "total": 361, "quality": "medium", "elapsed_ms": 102, "event": "era5_batch_site_done", "run_id": "20260512T184829_1d1e6d41", "level": "info", "timestamp": "2026-05-12T18:49:43.428545Z"}
{"lat": 47.507238, "lon": 34.625478, "grid_lat": 47.5, "grid_lon": 34.75, "grid_distance_km": 9.39, "quality": "medium", "max_temp_c": 26.5, "max_wind_ms": 8.7, "event": "era5_site_complete", "run_id": "20260512T184829_1d1e6d41", "level": "info", "timestamp": "2026-05-12T18:49:43.510682Z"}
{"site_id": "725406d6-860f-4ca0-9c6a-425675bac381", "site_name": "Zaporizhia power station", "index": 355, "total": 361, "quality": "medium", "elapsed_ms": 94, "event": "era5_batch_site_done", "run_id": "20260512T184829_1d1e6d41", "level": "info", "timestamp": "2026-05-12T18:49:43.523942Z"}
{"lat": 49.586013, "lon": 36.523875, "grid_lat": 49.5, "grid_lon": 36.5, "grid_distance_km": 9.72, "quality": "medium", "max_temp_c": 25.8, "max_wind_ms": 8.8, "event": "era5_site_complete", "run_id": "20260512T184829_1d1e6d41", "level": "info", "timestamp": "2026-05-12T18:49:43.594643Z"}
{"site_id": "29b3a802-7ef1-4722-ad59-b1511b1b0075", "site_name": "Zmiivska power station", "index": 356, "total": 361, "quality": "medium", "elapsed_ms": 80, "event": "era5_batch_site_done", "run_id": "20260512T184829_1d1e6d41", "level": "info", "timestamp": "2026-05-12T18:49:43.605825Z"}
{"lat": 48.034804, "lon": 38.285213, "grid_lat": 48.0, "grid_lon": 38.25, "grid_distance_km": 4.67, "quality": "medium", "max_temp_c": 25.9, "max_wind_ms": 9.7, "event": "era5_site_complete", "run_id": "20260512T184829_1d1e6d41", "level": "info", "timestamp": "2026-05-12T18:49:43.675124Z"}
{"site_id": "f2c061de-66ad-4fce-b911-7f1899f25b75", "site_name": "Zuevskaya power station", "index": 357, "total": 361, "quality": "medium", "elapsed_ms": 79, "event": "era5_batch_site_done", "run_id": "20260512T184829_1d1e6d41", "level": "info", "timestamp": "2026-05-12T18:49:43.686897Z"}
{"lat": 42.783333, "lon": 20.483333, "grid_lat": 42.75, "grid_lon": 20.5, "grid_distance_km": 3.95, "quality": "medium", "max_temp_c": 23.9, "max_wind_ms": 7.4, "event": "era5_site_complete", "run_id": "20260512T184829_1d1e6d41", "level": "info", "timestamp": "2026-05-12T18:49:43.763554Z"}
{"site_id": "d9f32912-81f1-4b1c-a2b1-f04298217cec", "site_name": "Istok power station", "index": 358, "total": 361, "quality": "medium", "elapsed_ms": 86, "event": "era5_batch_site_done", "run_id": "20260512T184829_1d1e6d41", "level": "info", "timestamp": "2026-05-12T18:49:43.774483Z"}
{"lat": 42.676454, "lon": 21.085922, "grid_lat": 42.75, "grid_lon": 21.0, "grid_distance_km": 10.78, "quality": "medium", "max_temp_c": 25.7, "max_wind_ms": 7.2, "event": "era5_site_complete", "run_id": "20260512T184829_1d1e6d41", "level": "info", "timestamp": "2026-05-12T18:49:43.872844Z"}
{"site_id": "28be296b-6ef5-4c7e-a604-3af01af45d17", "site_name": "Kosovo A power station", "index": 359, "total": 361, "quality": "medium", "elapsed_ms": 110, "event": "era5_batch_site_done", "run_id": "20260512T184829_1d1e6d41", "level": "info", "timestamp": "2026-05-12T18:49:43.886325Z"}
{"lat": 42.69312, "lon": 21.056002, "grid_lat": 42.75, "grid_lon": 21.0, "grid_distance_km": 7.81, "quality": "medium", "max_temp_c": 25.7, "max_wind_ms": 7.2, "event": "era5_site_complete", "run_id": "20260512T184829_1d1e6d41", "level": "info", "timestamp": "2026-05-12T18:49:43.983675Z"}
{"site_id": "76eba99c-dade-46dc-9130-478e43aa6202", "site_name": "Kosovo B power station", "index": 360, "total": 361, "quality": "medium", "elapsed_ms": 108, "event": "era5_batch_site_done", "run_id": "20260512T184829_1d1e6d41", "level": "info", "timestamp": "2026-05-12T18:49:43.995768Z"}
{"lat": 42.666667, "lon": 21.166667, "grid_lat": 42.75, "grid_lon": 21.25, "grid_distance_km": 11.5, "quality": "medium", "max_temp_c": 25.3, "max_wind_ms": 7.6, "event": "era5_site_complete", "run_id": "20260512T184829_1d1e6d41", "level": "info", "timestamp": "2026-05-12T18:49:44.085568Z"}
{"site_id": "d28fa85d-4f6c-4b26-a585-cb0bed226ecb", "site_name": "Kosovo C power station", "index": 361, "total": 361, "quality": "medium", "elapsed_ms": 101, "event": "era5_batch_site_done", "run_id": "20260512T184829_1d1e6d41", "level": "info", "timestamp": "2026-05-12T18:49:44.098563Z"}
{"run_id": "20260512T184829_1d1e6d41", "total": 361, "succeeded": 361, "failed": 0, "cached": 0, "elapsed_s": 74.1, "event": "era5_batch_done", "level": "info", "timestamp": "2026-05-12T18:49:44.098634Z"}
361 sites: 361 ok, 0 failed, 0 cached (1.2 min)
{
  "run_id": "20260512T184829_1d1e6d41",
  "total_sites": 361,
  "succeeded": 361,
  "failed": 0,
  "skipped_cached": 0,
  "elapsed_s": 74.1,
  "per_site": [
    {
      "site_id": "e6ecead0-54d1-41fe-8268-1253d0d7ef3e",
      "site_name": "Porto Romano Power Station",
      "status": "ok",
      "quality": "medium",
      "max_wind_ms": 8.429692747497082,
      "max_temp_c": 25.869042968750023,
      "grid_distance_km": 14.848523511043155,
      "error": null,
      "elapsed_ms": 3487
    },
    {
      "site_id": "6e7fc4d8-636d-411a-baef-e138a5a07acc",
      "site_name": "Duernrohr power station",
      "status": "ok",
      "quality": "medium",
      "max_wind_ms": 11.049538471162776,
      "max_temp_c": 23.436425781250023,
      "grid_distance_km": 10.188193126751544,
      "error": null,
      "elapsed_ms": 130
    },
    {
      "site_id": "532bfb42-0d4c-42cf-a81a-287f2b3a75bf",
      "site_name": "Enns Power Station",
      "status": "ok",
      "quality": "medium",
      "max_wind_ms": 10.408038992358618,
      "max_temp_c": 23.050683593750023,
      "grid_distance_km": 4.495863586590178,
      "error": null,
      "elapsed_ms": 101
    },
    {
      "site_id": "90820fe3-9889-4faf-9906-7c528f8d7bc5",
      "site_name": "Mellach power station",
      "status": "ok",
      "quality": "medium",
      "max_wind_ms": 6.529695211234406,
      "max_temp_c": 22.739160156250023,
      "grid_distance_km": 10.225477732236312,
      "error": null,
      "elapsed_ms": 89
    },
    {
      "site_id": "660d9d71-6733-4294-951b-1c58614d58cf",
      "site_name": "Riedersbach power station",
      "status": "ok",
      "quality": "medium",
      "max_wind_ms": 8.739027325684589,
      "max_temp_c": 21.776757812500023,
      "grid_distance_km": 7.77530943136911,
      "error": null,
      "elapsed_ms": 116
    },
    {
      "site_id": "021c723b-98af-4b72-8f6c-ade538885f10",
      "site_name": "St Andrae power station",
      "status": "ok",
      "quality": "medium",
      "max_wind_ms": 7.805166981767288,
      "max_temp_c": 20.505273437500023,
      "grid_distance_km": 5.079283400776423,
      "error": null,
      "elapsed_ms": 102
    },
    {
      "site_id": "2dcd2c6d-f375-4408-9492-7910662fac03",
      "site_name": "Timelkam power station",
      "status": "ok",
      "quality": "medium",
      "max_wind_ms": 10.053540019454282,
      "max_temp_c": 21.350976562500023,
      "grid_distance_km": 6.795153574731275,
      "error": null,
      "elapsed_ms": 103
    },
    {
      "site_id": "99d712ac-7993-4186-8a0e-2e88bae7e90f",
      "site_name": "Voitsberg power station",
      "status": "ok",
      "quality": "medium",
      "max_wind_ms": 6.911282140139696,
      "max_temp_c": 21.205957031250023,
      "grid_distance_km": 8.611088706980974,
      "error": null,
      "elapsed_ms": 92
    },
    {
      "site_id": "33d83e11-cfcd-47cb-be5e-82ca0fc352cc",
      "site_name": "Zeltweg power station",
      "status": "ok",
      "quality": "medium",
      "max_wind_ms": 8.899436809953368,
      "max_temp_c": 19.705957031250023,
      "grid_distance_km": 6.289907800136298,
      "error": null,
      "elapsed_ms": 106
    },
    {
      "site_id": "82011c29-a3d3-4a81-a27b-019d2649a251",
      "site_name": "Banovici power station",
      "status": "ok",
      "quality": "medium",
      "max_wind_ms": 6.924812992319385,
      "max_temp_c": 23.319726562500023,
      "grid_distance_km": 11.429350189296887,
      "error": null,
      "elapsed_ms": 111
    },
    {
      "site_id": "67e5a20f-e3ab-4c18-9864-cf4591d6e15f",
      "site_name": "Bugojno Thermal Power Project",
      "status": "ok",
      "quality": "medium",
      "max_wind_ms": 10.664324693808641,
      "max_temp_c": 20.166650390625023,
      "grid_distance_km": 6.847778510734038,
      "error": null,
      "elapsed_ms": 95
    },
    {
      "site_id": "85257083-08d1-4560-b198-a9df414da4a9",
      "site_name": "Gacko Thermal Power Plant",
      "status": "ok",
      "quality": "medium",
      "max_wind_ms": 10.035707928685733,
      "max_temp_c": 21.858789062500023,
      "grid_distance_km": 8.708466801653657,
      "error": null,
      "elapsed_ms": 104
    },
    {
      "site_id": "e2d645e3-c829-4aac-8f6f-d6a5507fd5fa",
      "site_name": "Glinica power station",
      "status": "ok",
      "quality": "medium",
      "max_wind_ms": 8.439347612107774,
      "max_temp_c": 26.532617187500023,
      "grid_distance_km": 10.077415479591524,
      "error": null,
      "elapsed_ms": 246
    },
    {
      "site_id": "e671be33-8b91-40bd-b563-b833293654aa",
      "site_name": "Kakanj Thermal Power Plant",
      "status": "ok",
      "quality": "medium",
      "max_wind_ms": 8.01282821096954,
      "max_temp_c": 22.727197265625023,
      "grid_distance_km": 13.496697209559743,
      "error": null,
      "elapsed_ms": 129
    },
    {
      "site_id": "344e0e9a-558e-4749-bb66-cd746be50cbd",
      "site_name": "Kamengrad Thermal Power Plant",
      "status": "ok",
      "quality": "medium",
      "max_wind_ms": 7.206117618338997,
      "max_temp_c": 23.638085937500023,
      "grid_distance_km": 6.835796319840004,
      "error": null,
      "elapsed_ms": 151
    },
    {
      "site_id": "0155b913-765f-4d44-89f5-c176b6867cef",
      "site_name": "Kongora Thermal Power Plant",
      "status": "ok",
      "quality": "medium",
      "max_wind_ms": 10.396442375826254,
      "max_temp_c": 20.975976562500023,
      "grid_distance_km": 13.276398912760804,
      "error": null,
      "elapsed_ms": 90
    },
    {
      "site_id": "aa0bdb5e-45aa-4d15-8aee-cb5b0e14f5d9",
      "site_name": "Miljevina power station",
      "status": "ok",
      "quality": "medium",
      "max_wind_ms": 10.062956273513828,
      "max_temp_c": 21.256982421875023,
      "grid_distance_km": 8.154041127824867,
      "error": null,
      "elapsed_ms": 151
    },
    {
      "site_id": "e75c63e5-ef2f-4e08-8f8c-3da41215af9d",
      "site_name": "Stanari Thermal Power Plant",
      "status": "ok",
      "quality": "medium",
      "max_wind_ms": 6.115431238431563,
      "max_temp_c": 24.676416015625023,
      "grid_distance_km": 3.379033554064983,
      "error": null,
      "elapsed_ms": 127
    },
    {
      "site_id": "0fb50bcc-5616-40d8-9109-8136a958f18d",
      "site_name": "Tuzla Thermal Power Plant",
      "status": "ok",
      "quality": "medium",
      "max_wind_ms": 6.924812992319385,
      "max_temp_c": 23.319726562500023,
      "grid_distance_km": 8.758692116537693,
      "error": null,
      "elapsed_ms": 103
    },
    {
      "site_id": "a23d073a-cbbd-469a-b134-380945fd3f4c",
      "site_name": "Ugljevik power station",
      "status": "ok",
      "quality": "medium",
      "max_wind_ms": 6.350247237712516,
      "max_temp_c": 25.424707031250023,
      "grid_distance_km": 7.807401587404793,
      "error": null,
      "elapsed_ms": 110
    },
    {
      "site_id": "b01fe781-dbc7-40f8-a544-946288020042",
      "site_name": "Bobov Dol power station",
      "status": "ok",
      "quality": "medium",
      "max_wind_ms": 6.952449605580203,
      "max_temp_c": 24.434228515625023,
      "grid_distance_km": 4.812505443729406,
      "error": null,
      "elapsed_ms": 151
    },
    {
      "site_id": "fee1d5b3-827f-4172-8492-a3e114a3c39e",
      "site_name": "Brikel power station",
      "status": "ok",
      "quality": "medium",
      "max_wind_ms": 6.117992009291314,
      "max_temp_c": 27.990869140625023,
      "grid_distance_km": 13.097847861077845,
      "error": null,
      "elapsed_ms": 99
    },
    {
      "site_id": "398cc0f2-25d5-428a-93c9-5e4859680e86",
      "site_name": "Deven power station",
      "status": "ok",
      "quality": "medium",
      "max_wind_ms": 8.573104212111009,
      "max_temp_c": 25.563623046875023,
      "grid_distance_km": 11.22301761594124,
      "error": null,
      "elapsed_ms": 119
    },
    {
      "site_id": "30c9e377-b575-46fa-880f-922c46e6500a",
      "site_name": "Lom Power Station",
      "status": "ok",
      "quality": "medium",
      "max_wind_ms": 7.609790507187858,
      "max_temp_c": 28.971826171875023,
      "grid_distance_km": 4.4576715262163376,
      "error": null,
      "elapsed_ms": 131
    },
    {
      "site_id": "3bb6666f-de2f-4c6f-a28e-c3bddb71b54a",
      "site_name": "Maritsa 3 power station",
      "status": "ok",
      "quality": "medium",
      "max_wind_ms": 6.299370567059089,
      "max_temp_c": 27.733056640625023,
      "grid_distance_km": 11.711478646891331,
      "error": null,
      "elapsed_ms": 118
    },
    {
      "site_id": "d12d7173-8595-4b53-92af-75b44b5a2fb7",
      "site_name": "Maritsa Iztok-1 power station",
      "status": "ok",
      "quality": "medium",
      "max_wind_ms": 6.117992009291314,
      "max_temp_c": 27.990869140625023,
      "grid_distance_km": 12.774076702967214,
      "error": null,
      "elapsed_ms": 88
    },
    {
      "site_id": "ec5f337a-ca52-4b86-a0f4-4933eac349e3",
      "site_name": "Maritsa Iztok-2 power station",
      "status": "ok",
      "quality": "medium",
      "max_wind_ms": 6.753817015633565,
      "max_temp_c": 27.365869140625023,
      "grid_distance_km": 9.557533774465453,
      "error": null,
      "elapsed_ms": 88
    },
    {
      "site_id": "0e860f58-416b-4116-836d-04edf8ded225",
      "site_name": "Maritsa Iztok-3 power station",
      "status": "ok",
      "quality": "medium",
      "max_wind_ms": 6.117992009291314,
      "max_temp_c": 27.990869140625023,
      "grid_distance_km": 11.675874787684211,
      "error": null,
      "elapsed_ms": 79
    },
    {
      "site_id": "b1bcb7d3-cd40-40c9-9c59-a01fa71053b3",
      "site_name": "Maritsa Iztok-4 power station",
      "status": "ok",
      "quality": "medium",
      "max_wind_ms": 6.117992009291314,
      "max_temp_c": 27.990869140625023,
      "grid_distance_km": 11.74533059730992,
      "error": null,
      "elapsed_ms": 88
    },
    {
      "site_id": "33a015dd-51e0-497e-b0d3-4b1b3f070438",
      "site_name": "Republika power station",
      "status": "ok",
      "quality": "medium",
      "max_wind_ms": 6.949712199135796,
      "max_temp_c": 24.125634765625023,
      "grid_distance_km": 13.544092820987755,
      "error": null,
      "elapsed_ms": 106
    },
    {
      "site_id": "704ef487-f600-4f23-b06e-a0f81b627597",
      "site_name": "Ruse Iztok power station",
      "status": "ok",
      "quality": "medium",
      "max_wind_ms": 7.548635358467858,
      "max_temp_c": 27.350244140625023,
      "grid_distance_km": 12.996140199224318,
      "error": null,
      "elapsed_ms": 93
    },
    {
      "site_id": "93685558-3355-4da2-9a4a-4cccd89f9269",
      "site_name": "Sliven power station",
      "status": "ok",
      "quality": "medium",
      "max_wind_ms": 7.8638474571744,
      "max_temp_c": 25.018212890625023,
      "grid_distance_km": 12.270597577946416,
      "error": null,
      "elapsed_ms": 95
    },
    {
      "site_id": "2fb27566-cc7b-4530-8ff9-e55e3a1985bd",
      "site_name": "Svilosa power station",
      "status": "ok",
      "quality": "medium",
      "max_wind_ms": 7.080607297388106,
      "max_temp_c": 28.926416015625023,
      "grid_distance_km": 12.769050429524176,
      "error": null,
      "elapsed_ms": 101
    },
    {
      "site_id": "85c56b15-450b-4bb1-b75e-5ea00ee51cb2",
      "site_name": "Varna power station",
      "status": "ok",
      "quality": "medium",
      "max_wind_ms": 8.573104212111009,
      "max_temp_c": 25.563623046875023,
      "grid_distance_km": 6.267949026152023,
      "error": null,
      "elapsed_ms": 92
    },
    {
      "site_id": "a064c7ae-e699-4a94-a18c-79bdfe42bce3",
      "site_name": "Vidin Works power station",
      "status": "ok",
      "quality": "medium",
      "max_wind_ms": 7.589799055549618,
      "max_temp_c": 27.664697265625023,
      "grid_distance_km": 9.907859930986033,
      "error": null,
      "elapsed_ms": 99
    },
    {
      "site_id": "68aabff9-e662-4b9f-b37d-4c2ebc5f7539",
      "site_name": "Lelchitsy power station",
      "status": "ok",
      "quality": "medium",
      "max_wind_ms": 10.018133607230553,
      "max_temp_c": 23.740380859375023,
      "grid_distance_km": 6.585381250944196,
      "error": null,
      "elapsed_ms": 98
    },
    {
      "site_id": "fac3d0b5-36a5-48ae-8494-f2f08e4342f4",
      "site_name": "Zelwa power station",
      "status": "ok",
      "quality": "medium",
      "max_wind_ms": 10.670665247374371,
      "max_temp_c": 21.739404296875023,
      "grid_distance_km": 11.974196073178918,
      "error": null,
      "elapsed_ms": 101
    },
    {
      "site_id": "d762ceeb-514f-43a6-9f91-a2d422ed6c60",
      "site_name": "Chvaletice power station",
      "status": "ok",
      "quality": "medium",
      "max_wind_ms": 9.771874282995679,
      "max_temp_c": 22.861230468750023,
      "grid_distance_km": 4.716428950522535,
      "error": null,
      "elapsed_ms": 100
    },
    {
      "site_id": "a733fc13-11a4-4722-b62d-85c85a4f8ef3",
      "site_name": "Detmarovice power station",
      "status": "ok",
      "quality": "medium",
      "max_wind_ms": 9.853188241820586,
      "max_temp_c": 23.140527343750023,
      "grid_distance_km": 10.627575106777115,
      "error": null,
      "elapsed_ms": 90
    },
    {
      "site_id": "180880c2-7284-4723-b02a-a62348b9b40b",
      "site_name": "Hodonin power station",
      "status": "ok",
      "quality": "medium",
      "max_wind_ms": 8.876939355137665,
      "max_temp_c": 24.522363281250023,
      "grid_distance_km": 13.98507169996114,
      "error": null,
      "elapsed_ms": 107
    },
    {
      "site_id": "43e5b2b4-2ccf-46ab-b01e-e3d480146455",
      "site_name": "Karvina power station",
      "status": "ok",
      "quality": "medium",
      "max_wind_ms": 10.433787340757132,
      "max_temp_c": 22.105371093750023,
      "grid_distance_km": 8.29039933890525,
      "error": null,
      "elapsed_ms": 100
    },
    {
      "site_id": "f1d2bca1-a7a9-4404-84c1-34fc8a59dab7",
      "site_name": "Kladno power station",
      "status": "ok",
      "quality": "medium",
      "max_wind_ms": 10.065229426356899,
      "max_temp_c": 23.719873046875023,
      "grid_distance_km": 13.777641954543615,
      "error": null,
      "elapsed_ms": 93
    },
    {
      "site_id": "274ec928-e527-44cf-86c5-b6eddc09d0f7",
      "site_name": "Komorany power station",
      "status": "ok",
      "quality": "medium",
      "max_wind_ms": 11.65773147558973,
      "max_temp_c": 22.001123046875023,
      "grid_distance_km": 5.668904606801909,
      "error": null,
      "elapsed_ms": 99
    },
    {
      "site_id": "2fe0a0b3-4108-427e-8e54-f77e1ea7227c",
      "site_name": "Ledvice power station",
      "status": "ok",
      "quality": "medium",
      "max_wind_ms": 10.67305924412291,
      "max_temp_c": 23.028466796875023,
      "grid_distance_km": 8.77120940145499,
      "error": null,
      "elapsed_ms": 107
    },
    {
      "site_id": "1c059a42-608c-4753-8fcf-ba797d94f900",
      "site_name": "Malesice power station",
      "status": "ok",
      "quality": "medium",
      "max_wind_ms": 10.581628632893137,
      "max_temp_c": 22.809716796875023,
      "grid_distance_km": 9.61873398978062,
      "error": null,
      "elapsed_ms": 98
    },
    {
      "site_id": "cbd67443-4a4e-44fd-a9ed-20ba9574c99e",
      "site_name": "Marianske Hory power station",
      "status": "ok",
      "quality": "medium",
      "max_wind_ms": 10.556893772778924,
      "max_temp_c": 22.249902343750023,
      "grid_distance_km": 12.31536475497573,
      "error": null,
      "elapsed_ms": 106
    },
    {
      "site_id": "f3523341-daaa-4573-a856-becb2e1bb9e3",
      "site_name": "Melnik power station",
      "status": "ok",
      "quality": "medium",
      "max_wind_ms": 9.436694798741609,
      "max_temp_c": 23.811669921875023,
      "grid_distance_km": 11.349725605063304,
      "error": null,
      "elapsed_ms": 105
    },
    {
      "site_id": "e299922a-1670-4aff-acda-fd80600af9af",
      "site_name": "Mondi Steti power station",
      "status": "ok",
      "quality": "medium",
      "max_wind_ms": 9.436694798741609,
      "max_temp_c": 23.811669921875023,
      "grid_distance_km": 9.800480631585206,
      "error": null,
      "elapsed_ms": 88
    },
    {
      "site_id": "4eb7914c-e000-403c-b5a5-c350de67bb83",
      "site_name": "Mostecka Power Station",
      "status": "ok",
      "quality": "medium",
      "max_wind_ms": 10.67305924412291,
      "max_temp_c": 23.028466796875023,
      "grid_distance_km": 8.057696223903474,
      "error": null,
      "elapsed_ms": 96
    },
    {
      "site_id": "44d40276-5847-41d1-ab9b-887bbdc1bcfe",
      "site_name": "Olomouc power station",
      "status": "ok",
      "quality": "medium",
      "max_wind_ms": 8.73598784591853,
      "max_temp_c": 22.729394531250023,
      "grid_distance_km": 8.795988981076878,
      "error": null,
      "elapsed_ms": 95
    },
    {
      "site_id": "05daa6b2-bb29-4c26-a459-855626673955",
      "site_name": "Opatovice power station",
      "status": "ok",
      "quality": "medium",
      "max_wind_ms": 9.712399754718732,
      "max_temp_c": 22.589746093750023,
      "grid_distance_km": 13.964623391732523,
      "error": null,
      "elapsed_ms": 103
    },
    {
      "site_id": "9c4291f1-173b-467e-ae26-8cb01312c605",
      "site_name": "Plana Nad Luznici power station",
      "status": "ok",
      "quality": "medium",
      "max_wind_ms": 9.8646221857005,
      "max_temp_c": 21.419824218750023,
      "grid_distance_km": 13.621372731015764,
      "error": null,
      "elapsed_ms": 98
    },
    {
      "site_id": "97ed917e-acfa-4002-be89-4ec44972ab45",
      "site_name": "Plzen CHP power station",
      "status": "ok",
      "quality": "medium",
      "max_wind_ms": 11.331250838222548,
      "max_temp_c": 21.822167968750023,
      "grid_distance_km": 7.289704919656036,
      "error": null,
      "elapsed_ms": 83
    },
    {
      "site_id": "a6bf9980-016e-47ea-b40a-82e384a9eb43",
      "site_name": "Plzenska energetika ELU III power station",
      "status": "ok",
      "quality": "medium",
      "max_wind_ms": 11.144146006163663,
      "max_temp_c": 21.642480468750023,
      "grid_distance_km": 6.957320660876374,
      "error": null,
      "elapsed_ms": 86
    },
    {
      "site_id": "32484f7b-18a4-4b21-8e6a-6d68ae099d02",
      "site_name": "Pocerady power station",
      "status": "ok",
      "quality": "medium",
      "max_wind_ms": 10.67305924412291,
      "max_temp_c": 23.028466796875023,
      "grid_distance_km": 9.738632834697654,
      "error": null,
      "elapsed_ms": 85
    },
    {
      "site_id": "20bce4f5-ca0b-4145-87e5-0a0694343f31",
      "site_name": "Porici power station",
      "status": "ok",
      "quality": "medium",
      "max_wind_ms": 10.78605698737602,
      "max_temp_c": 20.701074218750023,
      "grid_distance_km": 8.486851928942912,
      "error": null,
      "elapsed_ms": 87
    },
    {
      "site_id": "60baaa73-dd8c-4865-bb18-6c73d63a4052",
      "site_name": "Prerov power station",
      "status": "ok",
      "quality": "medium",
      "max_wind_ms": 8.939369089685277,
      "max_temp_c": 22.755029296875023,
      "grid_distance_km": 7.999440117359372,
      "error": null,
      "elapsed_ms": 86
    },
    {
      "site_id": "0ae8917b-a70b-41e5-82de-e4963a7686e3",
      "site_name": "Pribram power station",
      "status": "ok",
      "quality": "medium",
      "max_wind_ms": 11.167308789037481,
      "max_temp_c": 21.544824218750023,
      "grid_distance_km": 6.0083975325518635,
      "error": null,
      "elapsed_ms": 85
    },
    {
      "site_id": "b0ba194f-3c80-4725-b1e7-fa5277b38833",
      "site_name": "Prunerov power station",
      "status": "ok",
      "quality": "medium",
      "max_wind_ms": 12.81481643172051,
      "max_temp_c": 20.751123046875023,
      "grid_distance_km": 9.447422848268047,
      "error": null,
      "elapsed_ms": 86
    },
    {
      "site_id": "20c9d02d-e9e8-40b3-a11e-7a2e01018d8c",
      "site_name": "Sko-Energo power station",
      "status": "ok",
      "quality": "medium",
      "max_wind_ms": 9.141145873014187,
      "max_temp_c": 23.120263671875023,
      "grid_distance_km": 10.358091986745473,
      "error": null,
      "elapsed_ms": 89
    },
    {
      "site_id": "14e88076-ce0e-4693-bca4-e80f3f013c7f",
      "site_name": "Tisova power station",
      "status": "ok",
      "quality": "medium",
      "max_wind_ms": 12.249166517809732,
      "max_temp_c": 20.249169921875023,
      "grid_distance_km": 13.667655318927988,
      "error": null,
      "elapsed_ms": 92
    },
    {
      "site_id": "66c3f077-1ee6-41d7-8e6c-da374bb45139",
      "site_name": "Trebovice power station",
      "status": "ok",
      "quality": "medium",
      "max_wind_ms": 10.556893772778924,
      "max_temp_c": 22.249902343750023,
      "grid_distance_km": 9.521598538148499,
      "error": null,
      "elapsed_ms": 103
    },
    {
      "site_id": "63601ccc-3f20-4cbd-95cb-0fbeaf821c6a",
      "site_name": "Trinec-E3 power station",
      "status": "ok",
      "quality": "medium",
      "max_wind_ms": 10.313797045742858,
      "max_temp_c": 21.683496093750023,
      "grid_distance_km": 9.763162902665204,
      "error": null,
      "elapsed_ms": 110
    },
    {
      "site_id": "287cbb48-bb08-40dd-82c5-cfe1530dfbb9",
      "site_name": "Tusimice power station",
      "status": "ok",
      "quality": "medium",
      "max_wind_ms": 12.81481643172051,
      "max_temp_c": 20.751123046875023,
      "grid_distance_km": 14.599438171863833,
      "error": null,
      "elapsed_ms": 110
    },
    {
      "site_id": "5f4ed23c-cea2-41ef-a3e8-ac863e1bdcd6",
      "site_name": "Vresova TPS power station",
      "status": "ok",
      "quality": "medium",
      "max_wind_ms": 12.745931351186325,
      "max_temp_c": 20.085107421875023,
      "grid_distance_km": 3.8978673869485676,
      "error": null,
      "elapsed_ms": 104
    },
    {
      "site_id": "aa38441d-aec7-4ae9-b4c3-68c5bf567db3",
      "site_name": "Zlin power station",
      "status": "ok",
      "quality": "medium",
      "max_wind_ms": 9.284407763834617,
      "max_temp_c": 22.356347656250023,
      "grid_distance_km": 7.503706846538679,
      "error": null,
      "elapsed_ms": 95
    },
    {
      "site_id": "7af0e000-3d19-4e5e-b504-f74897f1510c",
      "site_name": "Plo\u010de power station",
      "status": "ok",
      "quality": "medium",
      "max_wind_ms": 7.874624201547839,
      "max_temp_c": 28.255273437500023,
      "grid_distance_km": 7.7640221058814705,
      "error": null,
      "elapsed_ms": 93
    },
    {
      "site_id": "ab151830-e5bd-46de-8400-01aa4c165366",
      "site_name": "Plomin power station",
      "status": "ok",
      "quality": "medium",
      "max_wind_ms": 11.135739252799993,
      "max_temp_c": 24.679101562500023,
      "grid_distance_km": 14.329542739313844,
      "error": null,
      "elapsed_ms": 86
    },
    {
      "site_id": "ef325d90-6d2d-4f8f-89f2-3bc98beb149b",
      "site_name": "Bakony power station",
      "status": "ok",
      "quality": "medium",
      "max_wind_ms": 8.725143029690669,
      "max_temp_c": 24.620019531250023,
      "grid_distance_km": 11.51564676994813,
      "error": null,
      "elapsed_ms": 85
    },
    {
      "site_id": "f2b3a729-602a-4b6b-acc9-004244f2e556",
      "site_name": "Banhida-II power station",
      "status": "ok",
      "quality": "medium",
      "max_wind_ms": 8.847158387751186,
      "max_temp_c": 24.799707031250023,
      "grid_distance_km": 11.733905258854941,
      "error": null,
      "elapsed_ms": 83
    },
    {
      "site_id": "f7dcdb63-26e6-44cd-b440-ec14fe507d90",
      "site_name": "Borsod power station",
      "status": "ok",
      "quality": "medium",
      "max_wind_ms": 7.70685046342639,
      "max_temp_c": 25.950097656250023,
      "grid_distance_km": 11.357359414055352,
      "error": null,
      "elapsed_ms": 90
    },
    {
      "site_id": "28b36531-865d-42ae-afb3-b8bad86f7014",
      "site_name": "Matra power station",
      "status": "ok",
      "quality": "medium",
      "max_wind_ms": 7.918982031324065,
      "max_temp_c": 24.971582031250023,
      "grid_distance_km": 6.529085847039421,
      "error": null,
      "elapsed_ms": 90
    },
    {
      "site_id": "903d6b94-cd9d-4c32-b7e2-4bbfbee929df",
      "site_name": "Matraterenye power station",
      "status": "ok",
      "quality": "medium",
      "max_wind_ms": 8.277415768128083,
      "max_temp_c": 23.067285156250023,
      "grid_distance_km": 4.155725905027814,
      "error": null,
      "elapsed_ms": 88
    },
    {
      "site_id": "34d88ce8-d49c-4b19-af2d-6efcb1b72149",
      "site_name": "Mecsek Hills power station",
      "status": "ok",
      "quality": "medium",
      "max_wind_ms": 7.294450050646196,
      "max_temp_c": 25.428613281250023,
      "grid_distance_km": 12.845279348158998,
      "error": null,
      "elapsed_ms": 94
    },
    {
      "site_id": "997474f6-9bfd-4abd-a2ac-d8618db8f0b4",
      "site_name": "Mohacs power station",
      "status": "ok",
      "quality": "medium",
      "max_wind_ms": 7.433925476533201,
      "max_temp_c": 25.528222656250023,
      "grid_distance_km": 5.43762526580887,
      "error": null,
      "elapsed_ms": 160
    },
    {
      "site_id": "651839d3-4e8f-4214-89aa-1f96ea221121",
      "site_name": "Oroszl\u00e1ny power station",
      "status": "ok",
      "quality": "medium",
      "max_wind_ms": 8.847158387751186,
      "max_temp_c": 24.799707031250023,
      "grid_distance_km": 1.5949663728663224,
      "error": null,
      "elapsed_ms": 162
    },
    {
      "site_id": "e1649639-2e45-4226-9c7a-783d2dcb6724",
      "site_name": "Pecs power station",
      "status": "ok",
      "quality": "medium",
      "max_wind_ms": 7.492565256070921,
      "max_temp_c": 25.215722656250023,
      "grid_distance_km": 7.198747631819307,
      "error": null,
      "elapsed_ms": 93
    },
    {
      "site_id": "5de5f907-98e7-42d3-a7dd-cb65f839697b",
      "site_name": "Tiszapalkonya power station",
      "status": "ok",
      "quality": "medium",
      "max_wind_ms": 7.70685046342639,
      "max_temp_c": 25.950097656250023,
      "grid_distance_km": 10.840016032311532,
      "error": null,
      "elapsed_ms": 100
    },
    {
      "site_id": "059b3ad4-7196-4e6b-b169-8605ceeed841",
      "site_name": "Torony power station",
      "status": "ok",
      "quality": "medium",
      "max_wind_ms": 8.509758051305258,
      "max_temp_c": 24.030175781250023,
      "grid_distance_km": 3.1876193172542355,
      "error": null,
      "elapsed_ms": 92
    },
    {
      "site_id": "1a5b8f8f-f4be-4514-8738-755d25e19b41",
      "site_name": "Kurzeme power station",
      "status": "ok",
      "quality": "medium",
      "max_wind_ms": 14.442809154327886,
      "max_temp_c": 21.043603515625023,
      "grid_distance_km": 11.556820503493094,
      "error": null,
      "elapsed_ms": 822
    },
    {
      "site_id": "b3eb5dd2-98cf-40c4-b9ee-2a86fd066093",
      "site_name": "Kuchurgan power station",
      "status": "ok",
      "quality": "medium",
      "max_wind_ms": 7.850429007158301,
      "max_temp_c": 26.438134765625023,
      "grid_distance_km": 14.215808096934706,
      "error": null,
      "elapsed_ms": 113
    },
    {
      "site_id": "3795824b-cb76-48dd-a65c-764c757ddc76",
      "site_name": "Bar power station",
      "status": "ok",
      "quality": "medium",
      "max_wind_ms": 8.79423844281596,
      "max_temp_c": 26.991601562500023,
      "grid_distance_km": 13.849888201501106,
      "error": null,
      "elapsed_ms": 110
    },
    {
      "site_id": "e77a7e7f-11ba-4e61-98da-f44471bc52ab",
      "site_name": "Berane power station",
      "status": "ok",
      "quality": "medium",
      "max_wind_ms": 11.040087121531256,
      "max_temp_c": 19.555322265625023,
      "grid_distance_km": 13.4427249512603,
      "error": null,
      "elapsed_ms": 107
    },
    {
      "site_id": "a851b5f3-8392-4766-82b9-379c6c04fe5d",
      "site_name": "Maoce Power Station",
      "status": "ok",
      "quality": "medium",
      "max_wind_ms": 10.8176799125239,
      "max_temp_c": 19.537744140625023,
      "grid_distance_km": 15.127309183206718,
      "error": null,
      "elapsed_ms": 117
    },
    {
      "site_id": "a9385c82-79b7-4f8d-b609-0a12ed946fe6",
      "site_name": "Pljevlja power station",
      "status": "ok",
      "quality": "medium",
      "max_wind_ms": 10.8176799125239,
      "max_temp_c": 19.537744140625023,
      "grid_distance_km": 11.287956819269612,
      "error": null,
      "elapsed_ms": 112
    },
    {
      "site_id": "1739b1b7-a6f3-466c-9dfa-3d1de9d5b6db",
      "site_name": "Bitola power station",
      "status": "ok",
      "quality": "medium",
      "max_wind_ms": 7.427703661754158,
      "max_temp_c": 25.108056640625023,
      "grid_distance_km": 6.61783004799047,
      "error": null,
      "elapsed_ms": 100
    },
    {
      "site_id": "7bff5ef2-646d-4b83-83b0-7f3da32f0254",
      "site_name": "Mariovo power station",
      "status": "ok",
      "quality": "medium",
      "max_wind_ms": 7.456991048786556,
      "max_temp_c": 26.094384765625023,
      "grid_distance_km": 14.417017081042117,
      "error": null,
      "elapsed_ms": 146
    },
    {
      "site_id": "83d3abe4-2049-47ad-a66b-46034edb7569",
      "site_name": "Negotino power station",
      "status": "ok",
      "quality": "medium",
      "max_wind_ms": 7.376970014575993,
      "max_temp_c": 28.377587890625023,
      "grid_distance_km": 8.532773260232105,
      "error": null,
      "elapsed_ms": 104
    },
    {
      "site_id": "756218bb-3f16-443e-b6c6-400cd0ce2f87",
      "site_name": "Oslomej power station",
      "status": "ok",
      "quality": "medium",
      "max_wind_ms": 7.891961744919543,
      "max_temp_c": 22.160791015625023,
      "grid_distance_km": 9.132804364566999,
      "error": null,
      "elapsed_ms": 107
    },
    {
      "site_id": "e4e3b5f0-7038-47a5-84e3-04eb07b3c4d7",
      "site_name": "Adamow power station",
      "status": "ok",
      "quality": "medium",
      "max_wind_ms": 11.03215399887214,
      "max_temp_c": 23.682763671875023,
      "grid_distance_km": 3.4464976741099376,
      "error": null,
      "elapsed_ms": 103
    },
    {
      "site_id": "d3b5a049-6bff-400b-9312-96985f03acea",
      "site_name": "Bedzin power station",
      "status": "ok",
      "quality": "medium",
      "max_wind_ms": 10.42860773407017,
      "max_temp_c": 23.046777343750023,
      "grid_distance_km": 9.975102424990405,
      "error": null,
      "elapsed_ms": 88
    },
    {
      "site_id": "8e485f8a-5c68-4541-ab1d-77783f6fcb2d",
      "site_name": "Belchatow power station",
      "status": "ok",
      "quality": "medium",
      "max_wind_ms": 11.04155517723517,
      "max_temp_c": 23.680810546875023,
      "grid_distance_km": 5.894442966640295,
      "error": null,
      "elapsed_ms": 107
    },
    {
      "site_id": "06641fea-8997-4b69-a618-6afa34b82591",
      "site_name": "Bialystok power station",
      "status": "ok",
      "quality": "medium",
      "max_wind_ms": 10.484727288460006,
      "max_temp_c": 21.637841796875023,
      "grid_distance_km": 12.54481355537397,
      "error": null,
      "elapsed_ms": 111
    },
    {
      "site_id": "73fe8f06-c53b-4877-9c1d-5caf3d8f2749",
      "site_name": "Bielsko-Biala power station",
      "status": "ok",
      "quality": "medium",
      "max_wind_ms": 10.811131022986645,
      "max_temp_c": 21.052636718750023,
      "grid_distance_km": 7.84304813735765,
      "error": null,
      "elapsed_ms": 90
    },
    {
      "site_id": "ccc15bde-1c5a-40bf-8f09-2fcb1e896ce5",
      "site_name": "Blachownia power station",
      "status": "ok",
      "quality": "medium",
      "max_wind_ms": 11.05077054355813,
      "max_temp_c": 23.183496093750023,
      "grid_distance_km": 4.385591646579335,
      "error": null,
      "elapsed_ms": 94
    },
    {
      "site_id": "9f4a0d6c-e2fa-4e9b-b412-d779d4abf82c",
      "site_name": "Bydgoszcz power station",
      "status": "ok",
      "quality": "medium",
      "max_wind_ms": 11.475475402410183,
      "max_temp_c": 22.067529296875023,
      "grid_distance_km": 12.527325701176906,
      "error": null,
      "elapsed_ms": 88
    },
    {
      "site_id": "a91dfe3d-93e0-43a1-99d2-41abdd1fc2ce",
      "site_name": "Chorzow Elcho power station",
      "status": "ok",
      "quality": "medium",
      "max_wind_ms": 10.124735312827022,
      "max_temp_c": 23.189355468750023,
      "grid_distance_km": 6.748201288968368,
      "error": null,
      "elapsed_ms": 89
    },
    {
      "site_id": "a6b51b4f-ba1d-49cd-bc99-8898acdbeb78",
      "site_name": "Czeczott power station",
      "status": "ok",
      "quality": "medium",
      "max_wind_ms": 10.293175662894807,
      "max_temp_c": 22.808496093750023,
      "grid_distance_km": 5.149591413875312,
      "error": null,
      "elapsed_ms": 97
    },
    {
      "site_id": "b789a244-7d29-4be3-afe4-2f45d7f11eab",
      "site_name": "Czestochowa CHP power station",
      "status": "ok",
      "quality": "medium",
      "max_wind_ms": 11.167318027345251,
      "max_temp_c": 23.122949218750023,
      "grid_distance_km": 9.03388561721502,
      "error": null,
      "elapsed_ms": 91
    },
    {
      "site_id": "558e7bff-5b5d-4666-9ca3-ec02f2269aab",
      "site_name": "Dolna Odra power station",
      "status": "ok",
      "quality": "medium",
      "max_wind_ms": 11.817680318735382,
      "max_temp_c": 23.001123046875023,
      "grid_distance_km": 5.176933956129652,
      "error": null,
      "elapsed_ms": 88
    },
    {
      "site_id": "e9a1ae49-ff79-462c-af4e-7c6843221d36",
      "site_name": "Gdansk-2 power station",
      "status": "ok",
      "quality": "medium",
      "max_wind_ms": 12.118236113734778,
      "max_temp_c": 21.784326171875023,
      "grid_distance_km": 15.259444552790544,
      "error": null,
      "elapsed_ms": 105
    },
    {
      "site_id": "ad7a9c00-0c75-411f-8f89-859e603df1e6",
      "site_name": "Gdynia-3 power station",
      "status": "ok",
      "quality": "medium",
      "max_wind_ms": 12.260292856559342,
      "max_temp_c": 20.743310546875023,
      "grid_distance_km": 6.060910376282217,
      "error": null,
      "elapsed_ms": 96
    },
    {
      "site_id": "416aab55-6fd9-4a0a-b8f8-796fb62d86a5",
      "site_name": "Gliwice Works power station",
      "status": "ok",
      "quality": "medium",
      "max_wind_ms": 10.231995862358662,
      "max_temp_c": 23.275292968750023,
      "grid_distance_km": 11.55765552479713,
      "error": null,
      "elapsed_ms": 85
    },
    {
      "site_id": "40650551-0c9c-45ea-bac6-befdb0cb5909",
      "site_name": "Gorzow power station",
      "status": "ok",
      "quality": "medium",
      "max_wind_ms": 11.455403900995538,
      "max_temp_c": 23.643701171875023,
      "grid_distance_km": 1.4275656590053378,
      "error": null,
      "elapsed_ms": 86
    },
    {
      "site_id": "917008f5-fba1-4ef7-b82d-9aded2b69267",
      "site_name": "Gubin Power Project",
      "status": "ok",
      "quality": "medium",
      "max_wind_ms": 11.387463197883463,
      "max_temp_c": 24.366357421875023,
      "grid_distance_km": 5.861705457595959,
      "error": null,
      "elapsed_ms": 89
    },
    {
      "site_id": "29479c3f-8db8-4f62-90e8-59ad6739f90b",
      "site_name": "Halemba power station",
      "status": "ok",
      "quality": "medium",
      "max_wind_ms": 10.231995862358662,
      "max_temp_c": 23.275292968750023,
      "grid_distance_km": 7.506399431584221,
      "error": null,
      "elapsed_ms": 85
    },
    {
      "site_id": "c4d7f628-c108-4496-ac02-6076ea3ae448",
      "site_name": "Jaworzno power station",
      "status": "ok",
      "quality": "medium",
      "max_wind_ms": 10.42860773407017,
      "max_temp_c": 23.046777343750023,
      "grid_distance_km": 4.363776252830307,
      "error": null,
      "elapsed_ms": 102
    },
    {
      "site_id": "399668d6-bfed-4e5b-bf38-9ee5902101c3",
      "site_name": "Katowice PKE power station",
      "status": "ok",
      "quality": "medium",
      "max_wind_ms": 10.124735312827022,
      "max_temp_c": 23.189355468750023,
      "grid_distance_km": 5.538910517197009,
      "error": null,
      "elapsed_ms": 98
    },
    {
      "site_id": "239ea0eb-a9c4-43cc-ac5f-35271bdc6613",
      "site_name": "Kedzierzyn CCS Project",
      "status": "ok",
      "quality": "medium",
      "max_wind_ms": 9.552369701087988,
      "max_temp_c": 23.322167968750023,
      "grid_distance_km": 11.234235812502416,
      "error": null,
      "elapsed_ms": 92
    },
    {
      "site_id": "c39819ef-6798-4c01-9a82-9eead65b5f56",
      "site_name": "Konin power station",
      "status": "ok",
      "quality": "medium",
      "max_wind_ms": 11.022864427473795,
      "max_temp_c": 23.573388671875023,
      "grid_distance_km": 3.9702071530721983,
      "error": null,
      "elapsed_ms": 89
    },
    {
      "site_id": "4411a22e-4e8a-4715-b000-1aae34494b68",
      "site_name": "Kozienice power station",
      "status": "ok",
      "quality": "medium",
      "max_wind_ms": 10.186982014445238,
      "max_temp_c": 22.848779296875023,
      "grid_distance_km": 9.795783783961989,
      "error": null,
      "elapsed_ms": 89
    },
    {
      "site_id": "409dde58-5df1-44d9-b5ec-f8e2edd86786",
      "site_name": "Krakow-Leg power station",
      "status": "ok",
      "quality": "medium",
      "max_wind_ms": 10.39618834886734,
      "max_temp_c": 21.675683593750023,
      "grid_distance_km": 6.022224566067831,
      "error": null,
      "elapsed_ms": 110
    },
    {
      "site_id": "27fc89b3-ee57-44ac-8073-a700bc8d12e8",
      "site_name": "Lagisza power station",
      "status": "ok",
      "quality": "medium",
      "max_wind_ms": 10.42860773407017,
      "max_temp_c": 23.046777343750023,
      "grid_distance_km": 13.462876224187296,
      "error": null,
      "elapsed_ms": 86
    },
    {
      "site_id": "de6735bd-7a79-43c8-baad-1fe23d50d6f0",
      "site_name": "Laziska power station",
      "status": "ok",
      "quality": "medium",
      "max_wind_ms": 10.231995862358662,
      "max_temp_c": 23.275292968750023,
      "grid_distance_km": 14.490816098512953,
      "error": null,
      "elapsed_ms": 86
    },
    {
      "site_id": "0b187a1d-55de-47cf-96a3-06abc8ff2476",
      "site_name": "Leczna Power Station (Bogdanka SA)",
      "status": "ok",
      "quality": "medium",
      "max_wind_ms": 10.35357495410759,
      "max_temp_c": 22.685937500000023,
      "grid_distance_km": 9.964059394850986,
      "error": null,
      "elapsed_ms": 87
    },
    {
      "site_id": "ebc0f461-acfa-47da-8094-5b15ea3e25a0",
      "site_name": "Leczna Power Station (Enea)",
      "status": "ok",
      "quality": "medium",
      "max_wind_ms": 10.35357495410759,
      "max_temp_c": 22.685937500000023,
      "grid_distance_km": 9.837322536930687,
      "error": null,
      "elapsed_ms": 90
    },
    {
      "site_id": "187b4fd7-6a61-4e94-8ed4-495ac6dfc317",
      "site_name": "Legnica Power Station",
      "status": "ok",
      "quality": "medium",
      "max_wind_ms": 10.84528614008493,
      "max_temp_c": 24.024560546875023,
      "grid_distance_km": 8.143458067620022,
      "error": null,
      "elapsed_ms": 90
    },
    {
      "site_id": "29a58981-aaf7-4450-ad41-49dd6d786168",
      "site_name": "Lodz-2 power station",
      "status": "ok",
      "quality": "medium",
      "max_wind_ms": 11.206322223293625,
      "max_temp_c": 22.645654296875023,
      "grid_distance_km": 3.6384184345704464,
      "error": null,
      "elapsed_ms": 97
    },
    {
      "site_id": "8dd8db4c-b62d-4f6b-a2ee-70a9ed785e7a",
      "site_name": "Lodz-3 power station",
      "status": "ok",
      "quality": "medium",
      "max_wind_ms": 11.206322223293625,
      "max_temp_c": 22.645654296875023,
      "grid_distance_km": 7.658731454911309,
      "error": null,
      "elapsed_ms": 90
    },
    {
      "site_id": "ef2ee2ae-e73e-490c-aa07-746543fe20e6",
      "site_name": "Lodz-4 power station",
      "status": "ok",
      "quality": "medium",
      "max_wind_ms": 11.206322223293625,
      "max_temp_c": 22.645654296875023,
      "grid_distance_km": 2.7710053705846702,
      "error": null,
      "elapsed_ms": 91
    },
    {
      "site_id": "d60b377c-9bb4-4fd5-adb7-a9a9ba98ae76",
      "site_name": "Lublin Power Station",
      "status": "ok",
      "quality": "medium",
      "max_wind_ms": 10.397573339800562,
      "max_temp_c": 22.010156250000023,
      "grid_distance_km": 5.830811653782232,
      "error": null,
      "elapsed_ms": 96
    },
    {
      "site_id": "c42c5942-264d-43a1-a9eb-95b00480eb1a",
      "site_name": "Miechowice power station",
      "status": "ok",
      "quality": "medium",
      "max_wind_ms": 10.231995862358662,
      "max_temp_c": 23.275292968750023,
      "grid_distance_km": 12.803366399604398,
      "error": null,
      "elapsed_ms": 97
    },
    {
      "site_id": "5a57ae0a-6f91-46f4-a1f5-56a6b37596e9",
      "site_name": "Murcki-Staszic power station",
      "status": "ok",
      "quality": "medium",
      "max_wind_ms": 10.124735312827022,
      "max_temp_c": 23.189355468750023,
      "grid_distance_km": 7.73890039847903,
      "error": null,
      "elapsed_ms": 89
    },
    {
      "site_id": "52db4dae-b014-45a4-96c4-49f80c1fdd11",
      "site_name": "Opalenie power station",
      "status": "ok",
      "quality": "medium",
      "max_wind_ms": 11.25375258178906,
      "max_temp_c": 21.452294921875023,
      "grid_distance_km": 4.881155619738506,
      "error": null,
      "elapsed_ms": 96
    },
    {
      "site_id": "1d19dce6-c458-4656-901d-6a8d3c548761",
      "site_name": "Opole power station",
      "status": "ok",
      "quality": "medium",
      "max_wind_ms": 9.68724294059938,
      "max_temp_c": 23.839013671875023,
      "grid_distance_km": 8.306844828484472,
      "error": null,
      "elapsed_ms": 90
    },
    {
      "site_id": "b8bc6544-1571-4906-95e0-314d62c78a24",
      "site_name": "Ostro\u0142\u0119ka power station",
      "status": "ok",
      "quality": "medium",
      "max_wind_ms": 10.494642332862904,
      "max_temp_c": 22.350732421875023,
      "grid_distance_km": 13.757688882885839,
      "error": null,
      "elapsed_ms": 89
    },
    {
      "site_id": "ab57f5c3-8699-46f9-970f-3007dfc58af4",
      "site_name": "Patnow power station",
      "status": "ok",
      "quality": "medium",
      "max_wind_ms": 11.022864427473795,
      "max_temp_c": 23.573388671875023,
      "grid_distance_km": 5.849390726382917,
      "error": null,
      "elapsed_ms": 149
    },
    {
      "site_id": "8a9d5c87-7edc-49c3-85a2-d97727b9c9b2",
      "site_name": "Piast Ruch Power Station",
      "status": "ok",
      "quality": "medium",
      "max_wind_ms": 10.293175662894807,
      "max_temp_c": 22.808496093750023,
      "grid_distance_km": 7.144426183995162,
      "error": null,
      "elapsed_ms": 120
    },
    {
      "site_id": "2981a12d-3444-4301-96ba-a63ef50bec3e",
      "site_name": "Polaniec power station",
      "status": "ok",
      "quality": "medium",
      "max_wind_ms": 9.75122465048474,
      "max_temp_c": 23.220605468750023,
      "grid_distance_km": 9.302181115644565,
      "error": null,
      "elapsed_ms": 90
    },
    {
      "site_id": "b24f9ac5-5ddf-4b19-ba95-76dafeca3d2c",
      "site_name": "P\u00f3lnoc power station",
      "status": "ok",
      "quality": "medium",
      "max_wind_ms": 11.358752741199769,
      "max_temp_c": 21.407373046875023,
      "grid_distance_km": 4.824781346461076,
      "error": null,
      "elapsed_ms": 89
    },
    {
      "site_id": "e2c23866-db1e-4316-82b5-7e3fe50c3c09",
      "site_name": "Pomorzany power station",
      "status": "ok",
      "quality": "medium",
      "max_wind_ms": 12.187652637900603,
      "max_temp_c": 22.721826171875023,
      "grid_distance_km": 12.23133823642417,
      "error": null,
      "elapsed_ms": 91
    },
    {
      "site_id": "40b4334a-7ba4-4ed8-aa8e-3c405599fbd7",
      "site_name": "Poznan Karolin power station",
      "status": "ok",
      "quality": "medium",
      "max_wind_ms": 11.111433583340876,
      "max_temp_c": 23.561669921875023,
      "grid_distance_km": 7.111841050887641,
      "error": null,
      "elapsed_ms": 88
    },
    {
      "site_id": "dadadad9-b67e-44b8-a9ab-4cbf116da20b",
      "site_name": "Puchaczow power station",
      "status": "ok",
      "quality": "medium",
      "max_wind_ms": 10.35357495410759,
      "max_temp_c": 22.685937500000023,
      "grid_distance_km": 6.0238810509357394,
      "error": null,
      "elapsed_ms": 97
    },
    {
      "site_id": "cdc888ad-fd51-4710-a5ab-3cd0fe9ddb48",
      "site_name": "Pulawy power station (Grupa Azoty)",
      "status": "ok",
      "quality": "medium",
      "max_wind_ms": 10.26237853140422,
      "max_temp_c": 22.535546875000023,
      "grid_distance_km": 9.531335062170559,
      "error": null,
      "elapsed_ms": 132
    },
    {
      "site_id": "a19228ce-f25a-4ffd-a249-9d01403e6b81",
      "site_name": "Pulawy power station (Vattenfall)",
      "status": "ok",
      "quality": "medium",
      "max_wind_ms": 10.26237853140422,
      "max_temp_c": 22.535546875000023,
      "grid_distance_km": 9.531335062170559,
      "error": null,
      "elapsed_ms": 130
    },
    {
      "site_id": "ee332928-87b2-4e7b-9203-20e402bc551f",
      "site_name": "Pulawy ZAP Works power station",
      "status": "ok",
      "quality": "medium",
      "max_wind_ms": 10.26237853140422,
      "max_temp_c": 22.535546875000023,
      "grid_distance_km": 5.091874167528396,
      "error": null,
      "elapsed_ms": 92
    },
    {
      "site_id": "b8a00967-90a3-4a4e-9979-6b8651d87380",
      "site_name": "Rybnik power station",
      "status": "ok",
      "quality": "medium",
      "max_wind_ms": 9.857469103457783,
      "max_temp_c": 23.171777343750023,
      "grid_distance_km": 12.986378839048168,
      "error": null,
      "elapsed_ms": 89
    },
    {
      "site_id": "a7eeee6e-e14a-40ba-80b6-75ed2e170b20",
      "site_name": "Siechnice power station",
      "status": "ok",
      "quality": "medium",
      "max_wind_ms": 10.493631568435402,
      "max_temp_c": 23.155419921875023,
      "grid_distance_km": 8.111756198517895,
      "error": null,
      "elapsed_ms": 86
    },
    {
      "site_id": "a67255dd-8134-418e-9377-e28516c53722",
      "site_name": "Siekierki power station",
      "status": "ok",
      "quality": "medium",
      "max_wind_ms": 10.471535228536247,
      "max_temp_c": 22.903466796875023,
      "grid_distance_km": 8.767663097166835,
      "error": null,
      "elapsed_ms": 87
    },
    {
      "site_id": "47be3ec4-7abe-4f4c-ac3d-b7f753b8514a",
      "site_name": "Siersza power station",
      "status": "ok",
      "quality": "medium",
      "max_wind_ms": 10.88021822929334,
      "max_temp_c": 22.560449218750023,
      "grid_distance_km": 5.429988817406785,
      "error": null,
      "elapsed_ms": 145
    },
    {
      "site_id": "f5be4e73-938d-4fe2-b585-5090ec780670",
      "site_name": "Skawina power station",
      "status": "ok",
      "quality": "medium",
      "max_wind_ms": 10.54559330311209,
      "max_temp_c": 21.597558593750023,
      "grid_distance_km": 4.672944601940732,
      "error": null,
      "elapsed_ms": 80
    },
    {
      "site_id": "66bdc30c-4179-480b-a55a-5d15be5ac66b",
      "site_name": "Stalowa Wola power station",
      "status": "ok",
      "quality": "medium",
      "max_wind_ms": 9.809033470918582,
      "max_temp_c": 23.163232421875023,
      "grid_distance_km": 8.193405562424843,
      "error": null,
      "elapsed_ms": 128
    },
    {
      "site_id": "7fc17ab0-ce24-4830-a938-b8424d1e9368",
      "site_name": "Swiecie Pulp Mill power station",
      "status": "ok",
      "quality": "medium",
      "max_wind_ms": 11.470029503453567,
      "max_temp_c": 21.575341796875023,
      "grid_distance_km": 14.407533043416013,
      "error": null,
      "elapsed_ms": 82
    },
    {
      "site_id": "f8f9f43d-6a3b-445d-818e-ca82a90ace65",
      "site_name": "Szczecin power station",
      "status": "ok",
      "quality": "medium",
      "max_wind_ms": 12.187652637900603,
      "max_temp_c": 22.721826171875023,
      "grid_distance_km": 11.390812003664056,
      "error": null,
      "elapsed_ms": 95
    },
    {
      "site_id": "cd84938d-eea8-47a1-8ea6-2e9f943e5914",
      "site_name": "Tur\u00f3w power station",
      "status": "ok",
      "quality": "medium",
      "max_wind_ms": 11.626713609638395,
      "max_temp_c": 22.057763671875023,
      "grid_distance_km": 8.486003883207733,
      "error": null,
      "elapsed_ms": 78
    },
    {
      "site_id": "3d2d4c37-eb9d-4b35-a8b1-b3f485bc3e3f",
      "site_name": "Tychy power station",
      "status": "ok",
      "quality": "medium",
      "max_wind_ms": 10.293175662894807,
      "max_temp_c": 22.808496093750023,
      "grid_distance_km": 11.8289682644324,
      "error": null,
      "elapsed_ms": 79
    },
    {
      "site_id": "dc87cdf1-9936-4a59-a5e9-b5e360173490",
      "site_name": "Wroclaw power station",
      "status": "ok",
      "quality": "medium",
      "max_wind_ms": 10.561376339721747,
      "max_temp_c": 22.893701171875023,
      "grid_distance_km": 13.863224623547675,
      "error": null,
      "elapsed_ms": 77
    },
    {
      "site_id": "2da9dab9-7b4e-46e7-b1c8-70eeb329c177",
      "site_name": "Zabrze power station",
      "status": "ok",
      "quality": "medium",
      "max_wind_ms": 10.231995862358662,
      "max_temp_c": 23.275292968750023,
      "grid_distance_km": 8.709520186432005,
      "error": null,
      "elapsed_ms": 75
    },
    {
      "site_id": "a55e3643-8ed4-434b-b14f-2d549d09c0d9",
      "site_name": "Zarnowiec power station",
      "status": "ok",
      "quality": "medium",
      "max_wind_ms": 13.511104721191868,
      "max_temp_c": 20.803857421875023,
      "grid_distance_km": 6.892761237325658,
      "error": null,
      "elapsed_ms": 77
    },
    {
      "site_id": "d40cdaf1-49e4-4c59-a6c8-2402cd2bf006",
      "site_name": "Zeran power station",
      "status": "ok",
      "quality": "medium",
      "max_wind_ms": 10.471535228536247,
      "max_temp_c": 22.903466796875023,
      "grid_distance_km": 4.991027564663969,
      "error": null,
      "elapsed_ms": 77
    },
    {
      "site_id": "b24c9876-5a4d-4b83-b442-af2f4b0d1047",
      "site_name": "Zofiowka Mine power station",
      "status": "ok",
      "quality": "medium",
      "max_wind_ms": 10.201649302548114,
      "max_temp_c": 23.072167968750023,
      "grid_distance_km": 9.668799631588714,
      "error": null,
      "elapsed_ms": 75
    },
    {
      "site_id": "202d797d-b0f9-4cd0-bbac-d7bb06805c09",
      "site_name": "ZW Nowa power station",
      "status": "ok",
      "quality": "medium",
      "max_wind_ms": 10.42860773407017,
      "max_temp_c": 23.046777343750023,
      "grid_distance_km": 11.052453981945096,
      "error": null,
      "elapsed_ms": 76
    },
    {
      "site_id": "5a33e5f0-6d86-4eab-adea-6c6bad7f3f45",
      "site_name": "Arad power station",
      "status": "ok",
      "quality": "medium",
      "max_wind_ms": 6.939221982365382,
      "max_temp_c": 26.176660156250023,
      "grid_distance_km": 6.790210817227071,
      "error": null,
      "elapsed_ms": 78
    },
    {
      "site_id": "dac2a974-a2de-46c5-b581-03985a9ae7d0",
      "site_name": "Bacau CHP power station",
      "status": "ok",
      "quality": "medium",
      "max_wind_ms": 7.729806422778047,
      "max_temp_c": 25.264306640625023,
      "grid_distance_km": 5.655927661776368,
      "error": null,
      "elapsed_ms": 77
    },
    {
      "site_id": "29836b52-a882-4921-95a7-6417e636d9a2",
      "site_name": "Braila power station",
      "status": "ok",
      "quality": "medium",
      "max_wind_ms": 7.707496602761723,
      "max_temp_c": 27.678369140625023,
      "grid_distance_km": 11.193309256914313,
      "error": null,
      "elapsed_ms": 73
    },
    {
      "site_id": "729f8d17-57c0-4d9a-adab-4b612d4abde5",
      "site_name": "Brasov power station",
      "status": "ok",
      "quality": "medium",
      "max_wind_ms": 7.289579003085052,
      "max_temp_c": 21.736962890625023,
      "grid_distance_km": 12.620174194387307,
      "error": null,
      "elapsed_ms": 80
    },
    {
      "site_id": "3bef37a3-239e-498d-a160-77452a6a9b79",
      "site_name": "Bucharest North East power station",
      "status": "ok",
      "quality": "medium",
      "max_wind_ms": 6.905575198314635,
      "max_temp_c": 26.986962890625023,
      "grid_distance_km": 11.149057187642986,
      "error": null,
      "elapsed_ms": 78
    },
    {
      "site_id": "a4fa3246-27d6-4740-898c-bdf9dadcb88c",
      "site_name": "Craiova II power station",
      "status": "ok",
      "quality": "medium",
      "max_wind_ms": 7.5466528756593885,
      "max_temp_c": 29.065087890625023,
      "grid_distance_km": 11.4098442151963,
      "error": null,
      "elapsed_ms": 68
    },
    {
      "site_id": "aff5ffe6-fe7a-4de7-afad-9d4645a64cd9",
      "site_name": "Doicesti power station",
      "status": "ok",
      "quality": "medium",
      "max_wind_ms": 6.436662375463775,
      "max_temp_c": 23.652978515625023,
      "grid_distance_km": 8.086202608692398,
      "error": null,
      "elapsed_ms": 75
    },
    {
      "site_id": "18ecb024-ee4f-4045-8254-5e95d61dea8c",
      "site_name": "FPCU Feldioara",
      "status": "ok",
      "quality": "medium",
      "max_wind_ms": 7.053010471276563,
      "max_temp_c": 22.182275390625023,
      "grid_distance_km": 8.309303038548292,
      "error": null,
      "elapsed_ms": 74
    },
    {
      "site_id": "8781d874-5923-4795-9c9f-b2a6c709025a",
      "site_name": "Galati Power Station",
      "status": "ok",
      "quality": "medium",
      "max_wind_ms": 7.842305916318857,
      "max_temp_c": 27.447900390625023,
      "grid_distance_km": 9.14668670621797,
      "error": null,
      "elapsed_ms": 87
    },
    {
      "site_id": "6aed2eac-1c97-40c5-b842-fb15fd510f35",
      "site_name": "Giurgiu power station",
      "status": "ok",
      "quality": "medium",
      "max_wind_ms": 7.148393680208701,
      "max_temp_c": 27.795556640625023,
      "grid_distance_km": 14.59838182887867,
      "error": null,
      "elapsed_ms": 88
    },
    {
      "site_id": "825dc024-9a53-4237-bf59-cbe0af0cf87d",
      "site_name": "Govora power station",
      "status": "ok",
      "quality": "medium",
      "max_wind_ms": 5.635013658628004,
      "max_temp_c": 24.502587890625023,
      "grid_distance_km": 5.250961469931969,
      "error": null,
      "elapsed_ms": 83
    },
    {
      "site_id": "1d8be6d0-f3a5-4b32-9d46-3526289731f8",
      "site_name": "Iasi-2 power station",
      "status": "ok",
      "quality": "medium",
      "max_wind_ms": 7.730072349933401,
      "max_temp_c": 26.076806640625023,
      "grid_distance_km": 11.686629499476563,
      "error": null,
      "elapsed_ms": 88
    },
    {
      "site_id": "e073b3f8-4312-4d34-b322-6289a3121af1",
      "site_name": "Isalnita power station",
      "status": "ok",
      "quality": "medium",
      "max_wind_ms": 7.103050351554992,
      "max_temp_c": 27.451806640625023,
      "grid_distance_km": 12.74752436655916,
      "error": null,
      "elapsed_ms": 84
    },
    {
      "site_id": "52a7babe-313f-493b-86b9-bd0c4aece4c3",
      "site_name": "Mintia-Deva power station",
      "status": "ok",
      "quality": "medium",
      "max_wind_ms": 6.109608500998257,
      "max_temp_c": 24.072900390625023,
      "grid_distance_km": 11.343242647070026,
      "error": null,
      "elapsed_ms": 88
    },
    {
      "site_id": "6c428b2a-ad09-448b-b24c-22465929d69c",
      "site_name": "Oradea power station",
      "status": "ok",
      "quality": "medium",
      "max_wind_ms": 7.422093136177813,
      "max_temp_c": 26.350488281250023,
      "grid_distance_km": 12.43199814555044,
      "error": null,
      "elapsed_ms": 93
    },
    {
      "site_id": "9825e28e-fd6e-460d-9caf-0342563f9060",
      "site_name": "Paroseni power station",
      "status": "ok",
      "quality": "medium",
      "max_wind_ms": 6.9330446476338565,
      "max_temp_c": 21.147119140625023,
      "grid_distance_km": 12.940324572910168,
      "error": null,
      "elapsed_ms": 195
    },
    {
      "site_id": "c3790475-3d3b-4e2b-92ae-24503fe03e6b",
      "site_name": "Romag Termo power station",
      "status": "ok",
      "quality": "medium",
      "max_wind_ms": 6.556737014742408,
      "max_temp_c": 25.199853515625023,
      "grid_distance_km": 9.487774588159501,
      "error": null,
      "elapsed_ms": 433
    },
    {
      "site_id": "958e4d82-853a-41f1-a442-94b4c4314221",
      "site_name": "Rovinari power station",
      "status": "ok",
      "quality": "medium",
      "max_wind_ms": 5.407381071873581,
      "max_temp_c": 24.356103515625023,
      "grid_distance_km": 13.453038702900102,
      "error": null,
      "elapsed_ms": 198
    },
    {
      "site_id": "d498ded8-449c-4672-8bb9-0ed6c8fef775",
      "site_name": "Slatina power station",
      "status": "ok",
      "quality": "medium",
      "max_wind_ms": 7.015190958546657,
      "max_temp_c": 28.035791015625023,
      "grid_distance_km": 11.964582141211185,
      "error": null,
      "elapsed_ms": 204
    },
    {
      "site_id": "693d9b73-f9fc-4502-9b94-be020c5d21fb",
      "site_name": "Suceava power station",
      "status": "ok",
      "quality": "medium",
      "max_wind_ms": 7.826778082327879,
      "max_temp_c": 23.731103515625023,
      "grid_distance_km": 11.493566189401207,
      "error": null,
      "elapsed_ms": 113
    },
    {
      "site_id": "e43af28e-a3d3-4047-a9cf-f3b0990754b4",
      "site_name": "T\u00e2rgu Jiu Thermal Plant",
      "status": "ok",
      "quality": "medium",
      "max_wind_ms": 5.407381071873581,
      "max_temp_c": 24.356103515625023,
      "grid_distance_km": 4.267322097288157,
      "error": null,
      "elapsed_ms": 97
    },
    {
      "site_id": "345fb795-170a-4fb5-833c-f6bcf2eb450c",
      "site_name": "Turceni power station",
      "status": "ok",
      "quality": "medium",
      "max_wind_ms": 6.654886472509621,
      "max_temp_c": 25.723291015625023,
      "grid_distance_km": 11.523609251188436,
      "error": null,
      "elapsed_ms": 91
    },
    {
      "site_id": "5d53da59-04c8-43e6-b29e-220bea4d9eb7",
      "site_name": "Despotovac power station",
      "status": "ok",
      "quality": "medium",
      "max_wind_ms": 7.540690904832649,
      "max_temp_c": 25.955712890625023,
      "grid_distance_km": 5.616941422844135,
      "error": null,
      "elapsed_ms": 81
    },
    {
      "site_id": "0182ec25-0df9-4e4b-9861-d76a332bc282",
      "site_name": "Kolubara A power station",
      "status": "ok",
      "quality": "medium",
      "max_wind_ms": 7.467411380032904,
      "max_temp_c": 26.533837890625023,
      "grid_distance_km": 4.088984829486572,
      "error": null,
      "elapsed_ms": 88
    },
    {
      "site_id": "d30af109-79cb-4ab5-a878-6f574b58116a",
      "site_name": "Kolubara B power station",
      "status": "ok",
      "quality": "medium",
      "max_wind_ms": 7.467411380032904,
      "max_temp_c": 26.533837890625023,
      "grid_distance_km": 4.5304166637442655,
      "error": null,
      "elapsed_ms": 89
    },
    {
      "site_id": "993ccce2-d5e1-498d-827d-8dbfeb42582b",
      "site_name": "Kostolac power station",
      "status": "ok",
      "quality": "medium",
      "max_wind_ms": 10.05345107216985,
      "max_temp_c": 26.897363281250023,
      "grid_distance_km": 6.849258507745654,
      "error": null,
      "elapsed_ms": 84
    },
    {
      "site_id": "5d4aee8d-9e73-4987-907a-d092e0ba92ed",
      "site_name": "Kovin power station",
      "status": "ok",
      "quality": "medium",
      "max_wind_ms": 9.166975241879983,
      "max_temp_c": 26.721582031250023,
      "grid_distance_km": 2.6322740168133656,
      "error": null,
      "elapsed_ms": 87
    },
    {
      "site_id": "2b03f2e2-64ac-4262-bbff-7a536bda5722",
      "site_name": "Morava power station",
      "status": "ok",
      "quality": "medium",
      "max_wind_ms": 8.46725451433071,
      "max_temp_c": 26.127832031250023,
      "grid_distance_km": 7.506411056713537,
      "error": null,
      "elapsed_ms": 87
    },
    {
      "site_id": "c8f15aca-174b-4be6-a6d9-abfa4685d10d",
      "site_name": "Nikola Tesla power station",
      "status": "ok",
      "quality": "medium",
      "max_wind_ms": 7.744782580453614,
      "max_temp_c": 26.840722656250023,
      "grid_distance_km": 11.35235369352807,
      "error": null,
      "elapsed_ms": 90
    },
    {
      "site_id": "296282b1-d079-4c1e-b2df-12c25128b963",
      "site_name": "\u0160tavalj Power Station",
      "status": "ok",
      "quality": "medium",
      "max_wind_ms": 8.488730665848054,
      "max_temp_c": 21.291650390625023,
      "grid_distance_km": 2.5634441723665464,
      "error": null,
      "elapsed_ms": 91
    },
    {
      "site_id": "0750b80c-a54b-4ea5-b3e5-9dfb7309eca2",
      "site_name": "Sostanj power station",
      "status": "ok",
      "quality": "medium",
      "max_wind_ms": 7.866423566124092,
      "max_temp_c": 22.651269531250023,
      "grid_distance_km": 14.204182749546659,
      "error": null,
      "elapsed_ms": 95
    },
    {
      "site_id": "4cf7f820-7ad9-411e-bf39-2bbef290aaf6",
      "site_name": "Te-Tol power station",
      "status": "ok",
      "quality": "medium",
      "max_wind_ms": 7.965422681850449,
      "max_temp_c": 22.974023437500023,
      "grid_distance_km": 7.326345011269508,
      "error": null,
      "elapsed_ms": 94
    },
    {
      "site_id": "008a3366-6f56-4c1a-ac5d-6b0c75b7c7fd",
      "site_name": "Trbovlje power station",
      "status": "ok",
      "quality": "medium",
      "max_wind_ms": 7.866423566124092,
      "max_temp_c": 22.651269531250023,
      "grid_distance_km": 14.572136691915953,
      "error": null,
      "elapsed_ms": 97
    },
    {
      "site_id": "66edd8f5-e60a-412d-9b80-56496d1407b1",
      "site_name": "Kosice power station",
      "status": "ok",
      "quality": "medium",
      "max_wind_ms": 8.931184962301652,
      "max_temp_c": 21.984277343750023,
      "grid_distance_km": 5.992705537788958,
      "error": null,
      "elapsed_ms": 89
    },
    {
      "site_id": "06defca3-9105-437f-afd4-52f5603d9b8e",
      "site_name": "Martinska power station",
      "status": "ok",
      "quality": "medium",
      "max_wind_ms": 9.48477037277206,
      "max_temp_c": 20.047753906250023,
      "grid_distance_km": 9.45056825585366,
      "error": null,
      "elapsed_ms": 89
    },
    {
      "site_id": "c97125b3-20ed-4e21-a853-b928644ec7dd",
      "site_name": "Novaky power station",
      "status": "ok",
      "quality": "medium",
      "max_wind_ms": 8.635905749257436,
      "max_temp_c": 21.454003906250023,
      "grid_distance_km": 6.197301143300417,
      "error": null,
      "elapsed_ms": 89
    },
    {
      "site_id": "1719d38b-61e8-4b01-844b-3a2f85c8a186",
      "site_name": "Trebisov power station",
      "status": "ok",
      "quality": "medium",
      "max_wind_ms": 8.338176464539316,
      "max_temp_c": 23.601464843750023,
      "grid_distance_km": 13.801809234841583,
      "error": null,
      "elapsed_ms": 91
    },
    {
      "site_id": "a2d8261c-3d08-4015-946c-47dbddbd0b98",
      "site_name": "U.S. Steel Kosice Works power station",
      "status": "ok",
      "quality": "medium",
      "max_wind_ms": 8.510740811561252,
      "max_temp_c": 24.048730468750023,
      "grid_distance_km": 13.522677241024418,
      "error": null,
      "elapsed_ms": 88
    },
    {
      "site_id": "770f1d3c-e5fd-493c-a376-e708d2abec6c",
      "site_name": "Vojany I power station",
      "status": "ok",
      "quality": "medium",
      "max_wind_ms": 7.632405409807876,
      "max_temp_c": 25.333886718750023,
      "grid_distance_km": 6.176015450233686,
      "error": null,
      "elapsed_ms": 91
    },
    {
      "site_id": "d48d2f39-d58f-4299-9b2f-56d194d2d13b",
      "site_name": "Ada Yesildag Enerji power station",
      "status": "ok",
      "quality": "medium",
      "max_wind_ms": 6.8095642249886135,
      "max_temp_c": 27.907373046875023,
      "grid_distance_km": 15.053005254936771,
      "error": null,
      "elapsed_ms": 82
    },
    {
      "site_id": "4b11cac9-4fe0-4a2a-9c09-4fe9a0ac6015",
      "site_name": "Ada Yumurtal\u0131k power station",
      "status": "ok",
      "quality": "medium",
      "max_wind_ms": 7.26957645319012,
      "max_temp_c": 29.270654296875023,
      "grid_distance_km": 14.24331465957455,
      "error": null,
      "elapsed_ms": 87
    },
    {
      "site_id": "44698c12-3c50-4602-8104-dafa5fd215b6",
      "site_name": "Adana Akdeniz power station",
      "status": "ok",
      "quality": "medium",
      "max_wind_ms": 7.26957645319012,
      "max_temp_c": 29.270654296875023,
      "grid_distance_km": 12.514280833764541,
      "error": null,
      "elapsed_ms": 86
    },
    {
      "site_id": "8a5dc384-e272-41ed-9868-a0686ac3fc7e",
      "site_name": "Adana Ceyhan power station",
      "status": "ok",
      "quality": "medium",
      "max_wind_ms": 6.643026531757628,
      "max_temp_c": 30.633935546875023,
      "grid_distance_km": 6.984273590916616,
      "error": null,
      "elapsed_ms": 87
    },
    {
      "site_id": "e9bc02be-cf10-4b27-9b8a-0d4a954720e4",
      "site_name": "Af\u015fin-Elbistan power stations",
      "status": "ok",
      "quality": "medium",
      "max_wind_ms": 8.633590122141047,
      "max_temp_c": 26.143701171875023,
      "grid_distance_km": 11.04495858281358,
      "error": null,
      "elapsed_ms": 85
    },
    {
      "site_id": "ce39538c-997e-4a7d-bc32-f164f50f9aa0",
      "site_name": "A\u011fan power station",
      "status": "ok",
      "quality": "medium",
      "max_wind_ms": 10.147327784033935,
      "max_temp_c": 26.975732421875023,
      "grid_distance_km": 7.229718218474696,
      "error": null,
      "elapsed_ms": 89
    },
    {
      "site_id": "5fa0dfa9-c272-444e-8e70-80ab55b5d36c",
      "site_name": "Akdeniz Enerji power station",
      "status": "ok",
      "quality": "medium",
      "max_wind_ms": 9.894453830022833,
      "max_temp_c": 29.159326171875023,
      "grid_distance_km": 8.859266552207076,
      "error": null,
      "elapsed_ms": 169
    },
    {
      "site_id": "992a4bf0-3ff0-4f12-bb89-50dc9e8d7d35",
      "site_name": "Aksa Akrilik power station",
      "status": "ok",
      "quality": "medium",
      "max_wind_ms": 8.82058151217538,
      "max_temp_c": 26.940576171875023,
      "grid_distance_km": 10.302811806396845,
      "error": null,
      "elapsed_ms": 111
    },
    {
      "site_id": "cb825b0f-e315-4221-b194-43d5b472382d",
      "site_name": "Albayrak Varaka Paper power station",
      "status": "ok",
      "quality": "medium",
      "max_wind_ms": 10.306013735526257,
      "max_temp_c": 27.126123046875023,
      "grid_distance_km": 7.110610788377063,
      "error": null,
      "elapsed_ms": 106
    },
    {
      "site_id": "bcb86777-4a54-4891-bb26-35b201bbd57d",
      "site_name": "Alia\u011fa Enka power station",
      "status": "ok",
      "quality": "medium",
      "max_wind_ms": 10.790331790481321,
      "max_temp_c": 29.039697265625023,
      "grid_distance_km": 7.6444532560849074,
      "error": null,
      "elapsed_ms": 298
    },
    {
      "site_id": "9699244b-14c0-4e27-afd1-105494fccd60",
      "site_name": "Alpu power station",
      "status": "ok",
      "quality": "medium",
      "max_wind_ms": 7.929927598087316,
      "max_temp_c": 26.497216796875023,
      "grid_distance_km": 14.910578898819145,
      "error": null,
      "elapsed_ms": 89
    },
    {
      "site_id": "9163ca37-1b31-409d-974f-9e7ed5e5f33d",
      "site_name": "Amasra Bart\u0131n power station",
      "status": "ok",
      "quality": "medium",
      "max_wind_ms": 8.416756056884852,
      "max_temp_c": 26.483544921875023,
      "grid_distance_km": 8.658165597518208,
      "error": null,
      "elapsed_ms": 94
    },
    {
      "site_id": "8782d6f2-5f9f-4c67-b9f2-6756857bd200",
      "site_name": "Ant Enerji power station",
      "status": "ok",
      "quality": "medium",
      "max_wind_ms": 10.637974857244863,
      "max_temp_c": 30.039697265625023,
      "grid_distance_km": 13.303535509410235,
      "error": null,
      "elapsed_ms": 109
    },
    {
      "site_id": "b5a75ec8-a2fe-42ad-b33e-ea32e20ebdfb",
      "site_name": "Astoria Ceyhan power station",
      "status": "ok",
      "quality": "medium",
      "max_wind_ms": 6.1408638355480365,
      "max_temp_c": 29.860498046875023,
      "grid_distance_km": 10.91194491381662,
      "error": null,
      "elapsed_ms": 96
    },
    {
      "site_id": "c6b846cb-3a01-4e17-9d51-da4b58fd1827",
      "site_name": "Ataka\u015f power station",
      "status": "ok",
      "quality": "medium",
      "max_wind_ms": 8.082935187354765,
      "max_temp_c": 27.842919921875023,
      "grid_distance_km": 7.1598127827983316,
      "error": null,
      "elapsed_ms": 95
    },
    {
      "site_id": "1ce7624e-1d72-4293-8ff4-09096b56ddd2",
      "site_name": "Atlas Enerji \u0130skenderun power station",
      "status": "ok",
      "quality": "medium",
      "max_wind_ms": 8.082935187354765,
      "max_temp_c": 27.842919921875023,
      "grid_distance_km": 7.575791530310328,
      "error": null,
      "elapsed_ms": 91
    },
    {
      "site_id": "c7afd455-7beb-4d23-8d3b-e9a102782d2b",
      "site_name": "Avdan power station",
      "status": "ok",
      "quality": "medium",
      "max_wind_ms": 7.207395973097767,
      "max_temp_c": 29.774560546875023,
      "grid_distance_km": 8.289540634660765,
      "error": null,
      "elapsed_ms": 91
    },
    {
      "site_id": "7a805295-0cd2-48be-972e-5282c996549c",
      "site_name": "Ayas power station",
      "status": "ok",
      "quality": "medium",
      "max_wind_ms": 7.26957645319012,
      "max_temp_c": 29.270654296875023,
      "grid_distance_km": 13.184810131288378,
      "error": null,
      "elapsed_ms": 89
    },
    {
      "site_id": "b8875ff2-9e9d-4520-8879-c71468e9cc50",
      "site_name": "Babadere power station",
      "status": "ok",
      "quality": "medium",
      "max_wind_ms": 12.378751225447193,
      "max_temp_c": 26.200341796875023,
      "grid_distance_km": 13.200398820969149,
      "error": null,
      "elapsed_ms": 92
    },
    {
      "site_id": "ba1f1f36-18b4-49ae-9882-f90418dc88ce",
      "site_name": "Band\u0131rma Elektrik power station",
      "status": "ok",
      "quality": "medium",
      "max_wind_ms": 11.282965532853744,
      "max_temp_c": 28.069482421875023,
      "grid_distance_km": 6.512961020412051,
      "error": null,
      "elapsed_ms": 88
    },
    {
      "site_id": "fecb62d9-6fb8-4f8d-83e3-78a7c75adb6e",
      "site_name": "Band\u0131rma III power station",
      "status": "ok",
      "quality": "medium",
      "max_wind_ms": 12.549323201408935,
      "max_temp_c": 26.962060546875023,
      "grid_distance_km": 13.097642537487515,
      "error": null,
      "elapsed_ms": 106
    },
    {
      "site_id": "bb2453b0-c76d-40ea-bcc4-870391f05b2f",
      "site_name": "Band\u0131rma Karat power station",
      "status": "ok",
      "quality": "medium",
      "max_wind_ms": 11.13883840149809,
      "max_temp_c": 27.805810546875023,
      "grid_distance_km": 12.085257502913464,
      "error": null,
      "elapsed_ms": 132
    },
    {
      "site_id": "1289753b-43db-4058-8fe1-6e38b5fb01b5",
      "site_name": "Barbaros-1 power station",
      "status": "ok",
      "quality": "medium",
      "max_wind_ms": 7.6213353694644566,
      "max_temp_c": 25.524560546875023,
      "grid_distance_km": 7.503030388554566,
      "error": null,
      "elapsed_ms": 113
    },
    {
      "site_id": "2350bab4-9869-43f1-b62f-a4d5aea77ef5",
      "site_name": "Biga power station",
      "status": "ok",
      "quality": "medium",
      "max_wind_ms": 10.147327784033935,
      "max_temp_c": 26.975732421875023,
      "grid_distance_km": 4.343376612892333,
      "error": null,
      "elapsed_ms": 89
    },
    {
      "site_id": "75f807aa-8278-43a3-8654-730713b96001",
      "site_name": "Bing\u00f6l power station",
      "status": "ok",
      "quality": "medium",
      "max_wind_ms": 7.675638045521952,
      "max_temp_c": 23.360498046875023,
      "grid_distance_km": 12.019396327736567,
      "error": null,
      "elapsed_ms": 95
    },
    {
      "site_id": "2b6a65d3-efb0-44d8-b88b-9aad311f4ac4",
      "site_name": "Bolu G\u00f6yn\u00fck power station",
      "status": "ok",
      "quality": "medium",
      "max_wind_ms": 7.410846281692074,
      "max_temp_c": 25.340966796875023,
      "grid_distance_km": 5.340384787745912,
      "error": null,
      "elapsed_ms": 90
    },
    {
      "site_id": "7b4d3f8f-a644-48a3-93f9-cd3c154dc5c2",
      "site_name": "Burnaz power station",
      "status": "ok",
      "quality": "medium",
      "max_wind_ms": 7.6926875345275825,
      "max_temp_c": 29.374169921875023,
      "grid_distance_km": 5.254924715451554,
      "error": null,
      "elapsed_ms": 96
    },
    {
      "site_id": "3bc834ed-5c2b-47d6-b555-2e20b9044053",
      "site_name": "Bursa power station",
      "status": "ok",
      "quality": "medium",
      "max_wind_ms": 9.446596784252094,
      "max_temp_c": 23.854638671875023,
      "grid_distance_km": 12.402708332100328,
      "error": null,
      "elapsed_ms": 112
    },
    {
      "site_id": "e71ec827-7143-48dd-8c8a-8e81705fa971",
      "site_name": "\u00c7al\u0131\u015fkan Ceyhan power station",
      "status": "ok",
      "quality": "medium",
      "max_wind_ms": 6.1408638355480365,
      "max_temp_c": 29.860498046875023,
      "grid_distance_km": 6.894994762023509,
      "error": null,
      "elapsed_ms": 107
    },
    {
      "site_id": "ad1e8841-e4e4-413b-820a-8c14e09da5a0",
      "site_name": "\u00c7an (18 Mart) power station",
      "status": "ok",
      "quality": "medium",
      "max_wind_ms": 11.507273991274884,
      "max_temp_c": 25.790185546875023,
      "grid_distance_km": 3.2510703352762493,
      "error": null,
      "elapsed_ms": 120
    },
    {
      "site_id": "28980273-0ba6-4c8c-b080-7ff9b33cc4c9",
      "site_name": "\u00c7an-2 power station",
      "status": "ok",
      "quality": "medium",
      "max_wind_ms": 11.507273991274884,
      "max_temp_c": 25.790185546875023,
      "grid_distance_km": 5.6839082772004685,
      "error": null,
      "elapsed_ms": 117
    },
    {
      "site_id": "dd413ee8-a6f2-4e7c-8e6c-6d0ed8637d83",
      "site_name": "\u00c7ank\u0131r\u0131 Orta power station",
      "status": "ok",
      "quality": "medium",
      "max_wind_ms": 7.949546338007341,
      "max_temp_c": 23.903466796875023,
      "grid_distance_km": 16.747634473363174,
      "error": null,
      "elapsed_ms": 93
    },
    {
      "site_id": "fc307877-758b-4dbf-afbe-abfc4a778155",
      "site_name": "\u00c7ank\u0131r\u0131 Y\u0131ld\u0131zlar power station",
      "status": "ok",
      "quality": "medium",
      "max_wind_ms": 7.676284599211364,
      "max_temp_c": 24.772607421875023,
      "grid_distance_km": 13.373812460558788,
      "error": null,
      "elapsed_ms": 95
    },
    {
      "site_id": "8b16dc60-1a2b-4b2c-bcad-1c334d246ae3",
      "site_name": "\u00c7atala\u011fz\u0131 power station",
      "status": "ok",
      "quality": "medium",
      "max_wind_ms": 6.984894361437928,
      "max_temp_c": 26.546044921875023,
      "grid_distance_km": 8.532704232783999,
      "error": null,
      "elapsed_ms": 105
    },
    {
      "site_id": "674deb4f-110c-4120-bea0-5f0711da3ea1",
      "site_name": "\u00c7ay\u0131rhan power station",
      "status": "ok",
      "quality": "medium",
      "max_wind_ms": 5.911462015071404,
      "max_temp_c": 28.567529296875023,
      "grid_distance_km": 11.758104767462584,
      "error": null,
      "elapsed_ms": 108
    },
    {
      "site_id": "d12e7ffc-4cd3-4ff4-81da-ae360d59409b",
      "site_name": "\u00c7ebi Enerji power station",
      "status": "ok",
      "quality": "medium",
      "max_wind_ms": 11.806123518408294,
      "max_temp_c": 26.842919921875023,
      "grid_distance_km": 3.548521080212108,
      "error": null,
      "elapsed_ms": 103
    },
    {
      "site_id": "a4af3789-2c40-41fc-a3ec-3b8d2fc6c645",
      "site_name": "\u00c7elikler Yumurtal\u0131k power station",
      "status": "ok",
      "quality": "medium",
      "max_wind_ms": 6.649445757309443,
      "max_temp_c": 28.214013671875023,
      "grid_distance_km": 15.386329289337,
      "error": null,
      "elapsed_ms": 101
    },
    {
      "site_id": "a96dc545-41a9-4b0d-a7a3-f40ef711e5e3",
      "site_name": "Cenal power station",
      "status": "ok",
      "quality": "medium",
      "max_wind_ms": 10.147327784033935,
      "max_temp_c": 26.975732421875023,
      "grid_distance_km": 10.9168086368537,
      "error": null,
      "elapsed_ms": 92
    },
    {
      "site_id": "e894ba3e-e397-47c9-b0b9-a72cfb6bd680",
      "site_name": "\u00c7erkezk\u00f6y power station",
      "status": "ok",
      "quality": "medium",
      "max_wind_ms": 10.870027161214164,
      "max_temp_c": 27.286279296875023,
      "grid_distance_km": 3.7064604898434066,
      "error": null,
      "elapsed_ms": 88
    },
    {
      "site_id": "bddb4fb7-c01d-4b71-bc30-1896b88298bf",
      "site_name": "\u00c7\u0131rp\u0131lar power station",
      "status": "ok",
      "quality": "medium",
      "max_wind_ms": 13.43418991494087,
      "max_temp_c": 25.702294921875023,
      "grid_distance_km": 10.674859077875434,
      "error": null,
      "elapsed_ms": 97
    },
    {
      "site_id": "778e0750-19f9-426e-a6c7-e0e30645fb97",
      "site_name": "\u00c7oban Y\u0131ld\u0131z power station",
      "status": "ok",
      "quality": "medium",
      "max_wind_ms": 6.709601705357925,
      "max_temp_c": 27.494042968750023,
      "grid_distance_km": 10.733862726651678,
      "error": null,
      "elapsed_ms": 93
    },
    {
      "site_id": "28c80d72-dd9e-4fbf-a2c7-d48d49ca61dc",
      "site_name": "Demirta\u015f power station",
      "status": "ok",
      "quality": "medium",
      "max_wind_ms": 7.26957645319012,
      "max_temp_c": 29.270654296875023,
      "grid_distance_km": 3.640417124397653,
      "error": null,
      "elapsed_ms": 96
    },
    {
      "site_id": "a70bbc9a-1469-4d56-be56-f282ed4130a8",
      "site_name": "Deniz power station",
      "status": "ok",
      "quality": "medium",
      "max_wind_ms": 10.790331790481321,
      "max_temp_c": 29.039697265625023,
      "grid_distance_km": 7.6444532560849074,
      "error": null,
      "elapsed_ms": 142
    },
    {
      "site_id": "5067ece3-b204-495e-81c1-90a523252547",
      "site_name": "DETES 1 power station",
      "status": "ok",
      "quality": "medium",
      "max_wind_ms": 8.136179142625124,
      "max_temp_c": 25.852685546875023,
      "grid_distance_km": 9.829716019213578,
      "error": null,
      "elapsed_ms": 86
    },
    {
      "site_id": "c657c5c3-38a2-472d-8962-9e7cefcd2c1e",
      "site_name": "Diler (Akbayir) Elbistan power station",
      "status": "ok",
      "quality": "medium",
      "max_wind_ms": 8.486973203285817,
      "max_temp_c": 25.989404296875023,
      "grid_distance_km": 13.749815807108778,
      "error": null,
      "elapsed_ms": 89
    },
    {
      "site_id": "59f96677-d42b-4ae1-a3e9-32f3dc396a83",
      "site_name": "Dinar power station",
      "status": "ok",
      "quality": "medium",
      "max_wind_ms": 9.104685842630543,
      "max_temp_c": 26.143701171875023,
      "grid_distance_km": 10.173007834335646,
      "error": null,
      "elapsed_ms": 97
    },
    {
      "site_id": "161660e7-3ccf-4704-b452-b126599700a0",
      "site_name": "DOSAB cogeneration plant",
      "status": "ok",
      "quality": "medium",
      "max_wind_ms": 7.949967333607679,
      "max_temp_c": 26.247216796875023,
      "grid_distance_km": 3.1137241147123764,
      "error": null,
      "elapsed_ms": 92
    },
    {
      "site_id": "aa336cdc-f6fe-4b08-b46d-69e852c501bf",
      "site_name": "Ece power station",
      "status": "ok",
      "quality": "medium",
      "max_wind_ms": 7.26957645319012,
      "max_temp_c": 29.270654296875023,
      "grid_distance_km": 3.640417124397653,
      "error": null,
      "elapsed_ms": 89
    },
    {
      "site_id": "3f1ad930-cffb-4991-badd-773db74b890c",
      "site_name": "EMBA Hunutlu power station",
      "status": "ok",
      "quality": "medium",
      "max_wind_ms": 7.26957645319012,
      "max_temp_c": 29.270654296875023,
      "grid_distance_km": 11.879839915497492,
      "error": null,
      "elapsed_ms": 92
    },
    {
      "site_id": "28baef4d-44e3-4b2e-bbe3-75f736371553",
      "site_name": "Enyat Samsun power station",
      "status": "ok",
      "quality": "medium",
      "max_wind_ms": 6.838421583303338,
      "max_temp_c": 23.399560546875023,
      "grid_distance_km": 7.498045109510454,
      "error": null,
      "elapsed_ms": 98
    },
    {
      "site_id": "142cad75-648a-495d-8c10-792351e72126",
      "site_name": "Eren-1 power station",
      "status": "ok",
      "quality": "medium",
      "max_wind_ms": 9.20175021928415,
      "max_temp_c": 27.610498046875023,
      "grid_distance_km": 13.355367791747755,
      "error": null,
      "elapsed_ms": 100
    },
    {
      "site_id": "f92bc907-9b9b-4d21-92fd-1705bd71128c",
      "site_name": "Ergene power station",
      "status": "ok",
      "quality": "medium",
      "max_wind_ms": 10.004190610976151,
      "max_temp_c": 27.878076171875023,
      "grid_distance_km": 4.572148715879304,
      "error": null,
      "elapsed_ms": 225
    },
    {
      "site_id": "b90e80f9-66f3-4290-8aa2-518b8422aba0",
      "site_name": "Eti Maden Bandirma power station",
      "status": "ok",
      "quality": "medium",
      "max_wind_ms": 11.13883840149809,
      "max_temp_c": 27.805810546875023,
      "grid_distance_km": 8.813192011503256,
      "error": null,
      "elapsed_ms": 99
    },
    {
      "site_id": "17568f0f-91fd-4efe-b4df-2c7cc5d80b7d",
      "site_name": "Evrese power station",
      "status": "ok",
      "quality": "medium",
      "max_wind_ms": 10.748382867372873,
      "max_temp_c": 27.329248046875023,
      "grid_distance_km": 11.643515393658333,
      "error": null,
      "elapsed_ms": 94
    },
    {
      "site_id": "cb08e7b6-0af3-45d9-95c3-3832e7e2677c",
      "site_name": "Filyos power station",
      "status": "ok",
      "quality": "medium",
      "max_wind_ms": 6.984894361437928,
      "max_temp_c": 26.546044921875023,
      "grid_distance_km": 9.746686156662847,
      "error": null,
      "elapsed_ms": 92
    },
    {
      "site_id": "829f61ff-0ad1-4288-8dd9-e41abbd0b6a7",
      "site_name": "Gebze \u00c7olako\u011flu power station",
      "status": "ok",
      "quality": "medium",
      "max_wind_ms": 8.82058151217538,
      "max_temp_c": 26.940576171875023,
      "grid_distance_km": 4.46694132476533,
      "error": null,
      "elapsed_ms": 92
    },
    {
      "site_id": "e780e4ac-0506-4186-9b58-0f378f878345",
      "site_name": "Gerze power station",
      "status": "ok",
      "quality": "medium",
      "max_wind_ms": 7.076424120464579,
      "max_temp_c": 23.917138671875023,
      "grid_distance_km": 16.523081639109076,
      "error": null,
      "elapsed_ms": 138
    },
    {
      "site_id": "c9c85786-eb26-4e7b-b280-83a54b7e834f",
      "site_name": "G\u00f6lovas\u0131 power station",
      "status": "ok",
      "quality": "medium",
      "max_wind_ms": 6.649445757309443,
      "max_temp_c": 28.214013671875023,
      "grid_distance_km": 14.66059129892615,
      "error": null,
      "elapsed_ms": 141
    },
    {
      "site_id": "0ca0b969-c519-48f3-97ab-7173d3aa6085",
      "site_name": "G\u00f6nen power station",
      "status": "ok",
      "quality": "medium",
      "max_wind_ms": 10.973987205119162,
      "max_temp_c": 27.350732421875023,
      "grid_distance_km": 14.003340159457188,
      "error": null,
      "elapsed_ms": 91
    },
    {
      "site_id": "53481b7f-5b85-4bab-be04-4866c2e72c12",
      "site_name": "G\u00fcney Akdeniz power station",
      "status": "ok",
      "quality": "medium",
      "max_wind_ms": 9.362229135722403,
      "max_temp_c": 28.161279296875023,
      "grid_distance_km": 13.954500385100893,
      "error": null,
      "elapsed_ms": 105
    },
    {
      "site_id": "d110df11-ad8e-44dc-8a32-af692ca46c6f",
      "site_name": "G\u00fcneybat\u0131 Anadolu power station",
      "status": "ok",
      "quality": "medium",
      "max_wind_ms": 10.26533042247668,
      "max_temp_c": 30.619775390625023,
      "grid_distance_km": 7.180302467282923,
      "error": null,
      "elapsed_ms": 91
    },
    {
      "site_id": "d5151598-5a1a-4697-8147-592845ffef6c",
      "site_name": "G\u00fcreci power station",
      "status": "ok",
      "quality": "medium",
      "max_wind_ms": 11.205267647993221,
      "max_temp_c": 27.438623046875023,
      "grid_distance_km": 11.861457081684803,
      "error": null,
      "elapsed_ms": 100
    },
    {
      "site_id": "5a19f424-1a15-44e6-bf1b-c2c5886ac1bf",
      "site_name": "G\u00fcrmin Enerji Amasya power station",
      "status": "ok",
      "quality": "medium",
      "max_wind_ms": 6.578353574749699,
      "max_temp_c": 24.327294921875023,
      "grid_distance_km": 14.789033094427637,
      "error": null,
      "elapsed_ms": 162
    },
    {
      "site_id": "80179871-04fa-4806-9385-caf739b8a171",
      "site_name": "Haba\u015f power station",
      "status": "ok",
      "quality": "medium",
      "max_wind_ms": 10.790331790481321,
      "max_temp_c": 29.039697265625023,
      "grid_distance_km": 5.3214803438225475,
      "error": null,
      "elapsed_ms": 212
    },
    {
      "site_id": "adeb10a5-aaae-4e2c-b426-3db1c3d9bd5b",
      "site_name": "Hakan Enerji power station",
      "status": "ok",
      "quality": "medium",
      "max_wind_ms": 6.649445757309443,
      "max_temp_c": 28.214013671875023,
      "grid_distance_km": 14.466995302650279,
      "error": null,
      "elapsed_ms": 139
    },
    {
      "site_id": "82aac38c-3037-466c-9b37-bff9da707645",
      "site_name": "Hakan K\u00f6m\u00fcr power station",
      "status": "ok",
      "quality": "medium",
      "max_wind_ms": 6.643026531757628,
      "max_temp_c": 30.633935546875023,
      "grid_distance_km": 6.984273590916616,
      "error": null,
      "elapsed_ms": 113
    },
    {
      "site_id": "e10aae79-05b7-4ad9-9d69-60ce190b4444",
      "site_name": "Hande power station",
      "status": "ok",
      "quality": "medium",
      "max_wind_ms": 7.26957645319012,
      "max_temp_c": 29.270654296875023,
      "grid_distance_km": 3.640417124397653,
      "error": null,
      "elapsed_ms": 109
    },
    {
      "site_id": "e0e73325-5b32-4fef-b925-f0bb91114450",
      "site_name": "Helvac\u0131 power station",
      "status": "ok",
      "quality": "medium",
      "max_wind_ms": 11.689634926354726,
      "max_temp_c": 26.096826171875023,
      "grid_distance_km": 11.307588853489749,
      "error": null,
      "elapsed_ms": 119
    },
    {
      "site_id": "0947a4c8-4fc1-492f-9c66-2c9a993c7fb0",
      "site_name": "HEMA Amasra power station",
      "status": "ok",
      "quality": "medium",
      "max_wind_ms": 8.416756056884852,
      "max_temp_c": 26.483544921875023,
      "grid_distance_km": 8.745992268049179,
      "error": null,
      "elapsed_ms": 114
    },
    {
      "site_id": "cc635340-954c-4428-9fa1-14383c7faceb",
      "site_name": "\u0130\u00c7DA\u015e Bekirli power station",
      "status": "ok",
      "quality": "medium",
      "max_wind_ms": 10.440244857467444,
      "max_temp_c": 27.602685546875023,
      "grid_distance_km": 11.937972655022175,
      "error": null,
      "elapsed_ms": 84
    },
    {
      "site_id": "746fc66e-d31f-4c5d-bf5c-ab5031b04b15",
      "site_name": "\u0130\u00c7DA\u015e Biga power station",
      "status": "ok",
      "quality": "medium",
      "max_wind_ms": 10.147327784033935,
      "max_temp_c": 26.975732421875023,
      "grid_distance_km": 11.87181952317967,
      "error": null,
      "elapsed_ms": 98
    },
    {
      "site_id": "47c1271c-e2b2-42f5-99ee-f616bbef5b7e",
      "site_name": "Ilg\u0131n power station",
      "status": "ok",
      "quality": "medium",
      "max_wind_ms": 8.311483621691586,
      "max_temp_c": 25.585107421875023,
      "grid_distance_km": 7.936830243867682,
      "error": null,
      "elapsed_ms": 81
    },
    {
      "site_id": "3819acc8-761d-49ba-89e7-967d3d37ec0e",
      "site_name": "Irmak power station",
      "status": "ok",
      "quality": "medium",
      "max_wind_ms": 12.46155294263622,
      "max_temp_c": 28.243310546875023,
      "grid_distance_km": 8.336622841412156,
      "error": null,
      "elapsed_ms": 97
    },
    {
      "site_id": "6ddc2960-3d72-4d5f-b358-56d1c54f47e0",
      "site_name": "\u0130sken Sug\u00f6z\u00fc power station",
      "status": "ok",
      "quality": "medium",
      "max_wind_ms": 6.649445757309443,
      "max_temp_c": 28.214013671875023,
      "grid_distance_km": 14.327101892718675,
      "error": null,
      "elapsed_ms": 87
    },
    {
      "site_id": "1624a526-07d8-44a4-8ed7-3b035b748f03",
      "site_name": "\u0130skenderun power station",
      "status": "ok",
      "quality": "medium",
      "max_wind_ms": 7.6926875345275825,
      "max_temp_c": 29.374169921875023,
      "grid_distance_km": 11.870248805930036,
      "error": null,
      "elapsed_ms": 78
    },
    {
      "site_id": "d19ed873-b20a-43fd-b7e8-62e985c88820",
      "site_name": "\u0130zdemir Enerji power station",
      "status": "ok",
      "quality": "medium",
      "max_wind_ms": 10.790331790481321,
      "max_temp_c": 29.039697265625023,
      "grid_distance_km": 6.211127450906818,
      "error": null,
      "elapsed_ms": 122
    },
    {
      "site_id": "56b8e2a3-1885-431f-9fd1-4cd3bebfad61",
      "site_name": "Iztek Ceyhan Komur power station",
      "status": "ok",
      "quality": "medium",
      "max_wind_ms": 6.643026531757628,
      "max_temp_c": 30.633935546875023,
      "grid_distance_km": 6.984273590916616,
      "error": null,
      "elapsed_ms": 77
    },
    {
      "site_id": "55cfe45b-6357-40f9-8623-e9916f91f839",
      "site_name": "Kahramanmara\u015f Anadolu power station",
      "status": "ok",
      "quality": "medium",
      "max_wind_ms": 8.633590122141047,
      "max_temp_c": 26.143701171875023,
      "grid_distance_km": 11.227365635790472,
      "error": null,
      "elapsed_ms": 78
    },
    {
      "site_id": "ca423571-d2ab-44d4-b5ce-3e649d9cc776",
      "site_name": "Kandilli power station",
      "status": "ok",
      "quality": "medium",
      "max_wind_ms": 7.865116344958192,
      "max_temp_c": 25.245263671875023,
      "grid_distance_km": 9.978761475939912,
      "error": null,
      "elapsed_ms": 125
    },
    {
      "site_id": "bfadbe66-971d-4f64-b222-604a7ee6ac6b",
      "site_name": "Kangal Etyemez power station",
      "status": "ok",
      "quality": "medium",
      "max_wind_ms": 9.15073626807027,
      "max_temp_c": 22.985498046875023,
      "grid_distance_km": 9.46854153127345,
      "error": null,
      "elapsed_ms": 127
    },
    {
      "site_id": "0248611c-b745-404f-ad50-c2870882c7a1",
      "site_name": "Kangal power station",
      "status": "ok",
      "quality": "medium",
      "max_wind_ms": 9.15073626807027,
      "max_temp_c": 22.985498046875023,
      "grid_distance_km": 9.45079705633225,
      "error": null,
      "elapsed_ms": 103
    },
    {
      "site_id": "0fec985c-c66e-40af-a123-a9ba4db269bb",
      "site_name": "Karaburun power station",
      "status": "ok",
      "quality": "medium",
      "max_wind_ms": 10.147327784033935,
      "max_temp_c": 26.975732421875023,
      "grid_distance_km": 6.771229030478505,
      "error": null,
      "elapsed_ms": 92
    },
    {
      "site_id": "a6478cb9-5b8c-4d64-bbe6-3d3ed6a3da2c",
      "site_name": "Karapinar Konya \u015eeker power station",
      "status": "ok",
      "quality": "medium",
      "max_wind_ms": 7.7570655369317905,
      "max_temp_c": 27.819970703125023,
      "grid_distance_km": 6.069951099653413,
      "error": null,
      "elapsed_ms": 93
    },
    {
      "site_id": "8dd46a05-6e0c-4009-90ad-bd5909c25622",
      "site_name": "Kardemir Karab\u00fck Demir \u00c7elik power station",
      "status": "ok",
      "quality": "medium",
      "max_wind_ms": 6.984894361437928,
      "max_temp_c": 26.546044921875023,
      "grid_distance_km": 7.692545840343215,
      "error": null,
      "elapsed_ms": 102
    },
    {
      "site_id": "8e7f6abf-e420-4f40-b9da-9ea76ccedfb1",
      "site_name": "Kemerk\u00f6y power station",
      "status": "ok",
      "quality": "medium",
      "max_wind_ms": 9.753374658740439,
      "max_temp_c": 27.751123046875023,
      "grid_distance_km": 9.662084720535136,
      "error": null,
      "elapsed_ms": 167
    },
    {
      "site_id": "d21335d4-0a3d-4464-85e0-352745a38db4",
      "site_name": "Kilikya power station",
      "status": "ok",
      "quality": "medium",
      "max_wind_ms": 7.26957645319012,
      "max_temp_c": 29.270654296875023,
      "grid_distance_km": 13.857757371132504,
      "error": null,
      "elapsed_ms": 153
    },
    {
      "site_id": "cf918ba6-6226-479f-b04c-b3c67885c0ba",
      "site_name": "Kipas MMP power station",
      "status": "ok",
      "quality": "medium",
      "max_wind_ms": 8.946538494354726,
      "max_temp_c": 30.586572265625023,
      "grid_distance_km": 5.1427072878845985,
      "error": null,
      "elapsed_ms": 104
    },
    {
      "site_id": "d020ac37-4f23-41b1-8f1e-b425b5769424",
      "site_name": "Kirazl\u0131dere power complex",
      "status": "ok",
      "quality": "medium",
      "max_wind_ms": 10.440244857467444,
      "max_temp_c": 27.602685546875023,
      "grid_distance_km": 13.099100995510327,
      "error": null,
      "elapsed_ms": 92
    },
    {
      "site_id": "76cd9b7f-7613-4fd4-95ab-bf534a2e2f5e",
      "site_name": "Kire\u00e7lik power station",
      "status": "ok",
      "quality": "medium",
      "max_wind_ms": 7.865116344958192,
      "max_temp_c": 25.245263671875023,
      "grid_distance_km": 15.124482654310867,
      "error": null,
      "elapsed_ms": 93
    },
    {
      "site_id": "7defe42d-669b-489f-aff5-d1b83436607d",
      "site_name": "K\u0131n\u0131k power station",
      "status": "ok",
      "quality": "medium",
      "max_wind_ms": 11.680626613027382,
      "max_temp_c": 28.514794921875023,
      "grid_distance_km": 10.290245467773431,
      "error": null,
      "elapsed_ms": 102
    },
    {
      "site_id": "5b6be56c-d981-470c-a979-13a8764a34b8",
      "site_name": "K\u0131van\u00e7 power station",
      "status": "ok",
      "quality": "medium",
      "max_wind_ms": 9.981359011221302,
      "max_temp_c": 28.921044921875023,
      "grid_distance_km": 13.433908469247294,
      "error": null,
      "elapsed_ms": 94
    },
    {
      "site_id": "ad0c8590-c672-43f2-a813-1217a10f7d2d",
      "site_name": "Konya Karap\u0131nar power station",
      "status": "ok",
      "quality": "medium",
      "max_wind_ms": 6.448446982881736,
      "max_temp_c": 28.419580078125023,
      "grid_distance_km": 15.027751223891244,
      "error": null,
      "elapsed_ms": 92
    },
    {
      "site_id": "2a3aad60-2bff-4206-8275-f6e2029f9278",
      "site_name": "K\u00fctahya Domani\u00e7 power station",
      "status": "ok",
      "quality": "medium",
      "max_wind_ms": 8.515997331275983,
      "max_temp_c": 24.813623046875023,
      "grid_distance_km": 10.921657735413815,
      "error": null,
      "elapsed_ms": 92
    },
    {
      "site_id": "bac4a081-83dc-4aba-8076-b67bfc55f54c",
      "site_name": "L\u00fcminer Enerji power station",
      "status": "ok",
      "quality": "medium",
      "max_wind_ms": 9.234706231856132,
      "max_temp_c": 28.671044921875023,
      "grid_distance_km": 14.606653726094269,
      "error": null,
      "elapsed_ms": 95
    },
    {
      "site_id": "c8e1cc12-080a-4e01-925d-8fd6e4334856",
      "site_name": "Meda power station",
      "status": "ok",
      "quality": "medium",
      "max_wind_ms": 11.806123518408294,
      "max_temp_c": 26.842919921875023,
      "grid_distance_km": 10.774636705144571,
      "error": null,
      "elapsed_ms": 94
    },
    {
      "site_id": "1820429d-bd95-4e56-a6db-d9bb57e2ae07",
      "site_name": "Mersin G\u00fclnar power station",
      "status": "ok",
      "quality": "medium",
      "max_wind_ms": 9.981359011221302,
      "max_temp_c": 28.921044921875023,
      "grid_distance_km": 12.627781722845882,
      "error": null,
      "elapsed_ms": 194
    },
    {
      "site_id": "42d5b3fd-7d07-409b-9154-4441695b7901",
      "site_name": "Mert power station",
      "status": "ok",
      "quality": "medium",
      "max_wind_ms": 7.466775511387297,
      "max_temp_c": 28.641748046875023,
      "grid_distance_km": 6.641705908009332,
      "error": null,
      "elapsed_ms": 96
    },
    {
      "site_id": "166f5fcc-1cc4-4cf5-9e52-59e7ce1557c6",
      "site_name": "METES power station",
      "status": "ok",
      "quality": "medium",
      "max_wind_ms": 9.894453830022833,
      "max_temp_c": 29.159326171875023,
      "grid_distance_km": 1.1119492664455182,
      "error": null,
      "elapsed_ms": 85
    },
    {
      "site_id": "b588126a-42d6-49dc-b227-9283af5a2578",
      "site_name": "Misis Adana power station",
      "status": "ok",
      "quality": "medium",
      "max_wind_ms": 7.26957645319012,
      "max_temp_c": 29.270654296875023,
      "grid_distance_km": 14.24331465957455,
      "error": null,
      "elapsed_ms": 83
    },
    {
      "site_id": "0049a899-af5f-41cd-86ae-2ba729b6365f",
      "site_name": "Mu\u011fla power station",
      "status": "ok",
      "quality": "medium",
      "max_wind_ms": 10.26533042247668,
      "max_temp_c": 30.619775390625023,
      "grid_distance_km": 12.139736274488232,
      "error": null,
      "elapsed_ms": 84
    },
    {
      "site_id": "5ed91c1b-0a1b-4a4c-9b2b-f6bdc8ff9770",
      "site_name": "Namal power station",
      "status": "ok",
      "quality": "medium",
      "max_wind_ms": 11.205267647993221,
      "max_temp_c": 27.438623046875023,
      "grid_distance_km": 11.861457081684803,
      "error": null,
      "elapsed_ms": 77
    },
    {
      "site_id": "21ccc44f-3244-4e7f-9654-eae424288200",
      "site_name": "Naren Karabiga power station",
      "status": "ok",
      "quality": "medium",
      "max_wind_ms": 10.147327784033935,
      "max_temp_c": 26.975732421875023,
      "grid_distance_km": 4.681940425896935,
      "error": null,
      "elapsed_ms": 89
    },
    {
      "site_id": "80b922cb-9e78-49aa-9d28-1dc84b1affef",
      "site_name": "Orhaneli power station",
      "status": "ok",
      "quality": "medium",
      "max_wind_ms": 8.117079604669792,
      "max_temp_c": 25.085107421875023,
      "grid_distance_km": 11.6432620222754,
      "error": null,
      "elapsed_ms": 89
    },
    {
      "site_id": "f2e65fcf-afc4-4443-ac14-f15c8ffe48f3",
      "site_name": "Orta Anadolu power station",
      "status": "ok",
      "quality": "medium",
      "max_wind_ms": 7.949546338007341,
      "max_temp_c": 23.903466796875023,
      "grid_distance_km": 16.747634473363174,
      "error": null,
      "elapsed_ms": 104
    },
    {
      "site_id": "86996d34-c6e5-4097-ac28-ad2e5467f783",
      "site_name": "Petkim power station",
      "status": "ok",
      "quality": "medium",
      "max_wind_ms": 10.790331790481321,
      "max_temp_c": 29.039697265625023,
      "grid_distance_km": 5.628222051347997,
      "error": null,
      "elapsed_ms": 139
    },
    {
      "site_id": "231565d3-4f56-43ee-a357-1f4451c6fbc3",
      "site_name": "Polat power station",
      "status": "ok",
      "quality": "medium",
      "max_wind_ms": 7.4943065859978315,
      "max_temp_c": 25.530419921875023,
      "grid_distance_km": 13.796958125479506,
      "error": null,
      "elapsed_ms": 88
    },
    {
      "site_id": "2ed9363f-a9fe-46e5-8b92-c50b47a9077a",
      "site_name": "Saltukova power station",
      "status": "ok",
      "quality": "medium",
      "max_wind_ms": 6.984894361437928,
      "max_temp_c": 26.546044921875023,
      "grid_distance_km": 8.107295188167763,
      "error": null,
      "elapsed_ms": 95
    },
    {
      "site_id": "c13aeeb7-05e5-4f00-9b4b-654e73e5150d",
      "site_name": "Sanko G\u00f6lba\u015f\u0131 power station",
      "status": "ok",
      "quality": "medium",
      "max_wind_ms": 9.31430999592176,
      "max_temp_c": 30.306298828125023,
      "grid_distance_km": 8.231449458115554,
      "error": null,
      "elapsed_ms": 88
    },
    {
      "site_id": "3e5f4317-6f40-44fb-bfa2-e21dc4d9922d",
      "site_name": "Sanko Yumurtal\u0131k power station",
      "status": "ok",
      "quality": "medium",
      "max_wind_ms": 6.1408638355480365,
      "max_temp_c": 29.860498046875023,
      "grid_distance_km": 16.69931844664436,
      "error": null,
      "elapsed_ms": 92
    },
    {
      "site_id": "db87ce6a-3802-44c5-945f-8a95d3cf111b",
      "site_name": "Saray Tekirda\u011f power station",
      "status": "ok",
      "quality": "medium",
      "max_wind_ms": 12.227082631687914,
      "max_temp_c": 26.083154296875023,
      "grid_distance_km": 8.984636155349211,
      "error": null,
      "elapsed_ms": 89
    },
    {
      "site_id": "d1863136-5ff4-4b4d-a9c0-6219e92d637d",
      "site_name": "Sarp Golvasi power station",
      "status": "ok",
      "quality": "medium",
      "max_wind_ms": 5.886814022773629,
      "max_temp_c": 31.176904296875023,
      "grid_distance_km": 13.718626792291527,
      "error": null,
      "elapsed_ms": 88
    },
    {
      "site_id": "b5ff798e-e059-4d8b-a903-00a1fefc62ab",
      "site_name": "Sedef II TES power station",
      "status": "ok",
      "quality": "medium",
      "max_wind_ms": 7.26957645319012,
      "max_temp_c": 29.270654296875023,
      "grid_distance_km": 14.24331465957455,
      "error": null,
      "elapsed_ms": 92
    },
    {
      "site_id": "3a06636d-c742-4b72-b9cd-21a4537c331b",
      "site_name": "Selena power station",
      "status": "ok",
      "quality": "medium",
      "max_wind_ms": 6.1408638355480365,
      "max_temp_c": 29.860498046875023,
      "grid_distance_km": 9.699506592308271,
      "error": null,
      "elapsed_ms": 99
    },
    {
      "site_id": "0ca4ff78-4113-4ad9-ac04-0fd541d42338",
      "site_name": "\u015eevketiye Lapseki power station",
      "status": "ok",
      "quality": "medium",
      "max_wind_ms": 10.748382867372873,
      "max_temp_c": 27.329248046875023,
      "grid_distance_km": 12.204407095398505,
      "error": null,
      "elapsed_ms": 111
    },
    {
      "site_id": "94a5c55f-c499-41b1-81da-deaa36686399",
      "site_name": "Seyit\u00f6mer power station",
      "status": "ok",
      "quality": "medium",
      "max_wind_ms": 9.26931585212855,
      "max_temp_c": 24.563623046875023,
      "grid_distance_km": 12.99435152074492,
      "error": null,
      "elapsed_ms": 110
    },
    {
      "site_id": "e05ff795-8984-4170-9874-5355b70985b1",
      "site_name": "Silopi (\u015e\u0131rnak) power station",
      "status": "ok",
      "quality": "medium",
      "max_wind_ms": 5.584710697267866,
      "max_temp_c": 33.31655273437502,
      "grid_distance_km": 12.32703601179922,
      "error": null,
      "elapsed_ms": 86
    },
    {
      "site_id": "e03c394f-1c08-4101-b1fe-f6662fe4b424",
      "site_name": "Sinop Akfen power station",
      "status": "ok",
      "quality": "medium",
      "max_wind_ms": 8.0624786612147,
      "max_temp_c": 26.520654296875023,
      "grid_distance_km": 8.428913292304554,
      "error": null,
      "elapsed_ms": 85
    },
    {
      "site_id": "cf9150af-0325-44d8-bbaf-493e742f2e2b",
      "site_name": "\u015e\u0131rnak Galata power station",
      "status": "ok",
      "quality": "medium",
      "max_wind_ms": 7.63045595617866,
      "max_temp_c": 30.025048828125023,
      "grid_distance_km": 10.254811675338829,
      "error": null,
      "elapsed_ms": 93
    },
    {
      "site_id": "98019711-a8c3-424a-870e-00d4fea75ed1",
      "site_name": "\u015e\u0131rnak Silopi (C\u0130NER) power station",
      "status": "ok",
      "quality": "medium",
      "max_wind_ms": 5.584710697267866,
      "max_temp_c": 33.31655273437502,
      "grid_distance_km": 10.711913237113402,
      "error": null,
      "elapsed_ms": 82
    },
    {
      "site_id": "9a6447f2-2887-4cce-a115-dc773d7f6eb1",
      "site_name": "Soma Kolin power station",
      "status": "ok",
      "quality": "medium",
      "max_wind_ms": 12.16844647182922,
      "max_temp_c": 27.215966796875023,
      "grid_distance_km": 7.407077844712202,
      "error": null,
      "elapsed_ms": 84
    },
    {
      "site_id": "4ca3c560-6d90-4bcf-b131-4e39b6b4f0de",
      "site_name": "Soma power station",
      "status": "ok",
      "quality": "medium",
      "max_wind_ms": 12.16844647182922,
      "max_temp_c": 27.215966796875023,
      "grid_distance_km": 11.658740525075732,
      "error": null,
      "elapsed_ms": 89
    },
    {
      "site_id": "021d1717-149a-4a32-af7b-5955ff593e45",
      "site_name": "Star Refinery Socar power station",
      "status": "ok",
      "quality": "medium",
      "max_wind_ms": 10.790331790481321,
      "max_temp_c": 29.039697265625023,
      "grid_distance_km": 10.768237356237487,
      "error": null,
      "elapsed_ms": 137
    },
    {
      "site_id": "96129c93-83a6-4b1c-929b-bfccba86a796",
      "site_name": "Suluova power station",
      "status": "ok",
      "quality": "medium",
      "max_wind_ms": 7.050246715062163,
      "max_temp_c": 24.477685546875023,
      "grid_distance_km": 14.683253391791435,
      "error": null,
      "elapsed_ms": 92
    },
    {
      "site_id": "0ada7b2a-f928-4c21-b082-4c7345094245",
      "site_name": "Tekirda\u011f Malkara power station",
      "status": "ok",
      "quality": "medium",
      "max_wind_ms": 10.394173781484099,
      "max_temp_c": 27.977685546875023,
      "grid_distance_km": 12.378401634232885,
      "error": null,
      "elapsed_ms": 130
    },
    {
      "site_id": "43f99d45-6635-4392-a522-4a06445fdaf2",
      "site_name": "Teyo Tufanbeyli power station",
      "status": "ok",
      "quality": "medium",
      "max_wind_ms": 9.991753062067968,
      "max_temp_c": 22.839013671875023,
      "grid_distance_km": 2.2411694949739025,
      "error": null,
      "elapsed_ms": 78
    },
    {
      "site_id": "44362378-9c74-44af-8a08-be4877f50e97",
      "site_name": "Tosyal\u0131 \u0130skenderun power station",
      "status": "ok",
      "quality": "medium",
      "max_wind_ms": 8.082935187354765,
      "max_temp_c": 27.842919921875023,
      "grid_distance_km": 7.1598127827983316,
      "error": null,
      "elapsed_ms": 98
    },
    {
      "site_id": "9eb693f6-6994-4937-bc4d-e8213baa5d47",
      "site_name": "Trakya Emba power station",
      "status": "ok",
      "quality": "medium",
      "max_wind_ms": 11.874573971488804,
      "max_temp_c": 26.014794921875023,
      "grid_distance_km": 6.71366555310955,
      "error": null,
      "elapsed_ms": 78
    },
    {
      "site_id": "6c9571c4-5d3b-4f88-a7be-fa8c21425eeb",
      "site_name": "Tufanbeyli power station",
      "status": "ok",
      "quality": "medium",
      "max_wind_ms": 9.991753062067968,
      "max_temp_c": 22.839013671875023,
      "grid_distance_km": 7.367629053122212,
      "error": null,
      "elapsed_ms": 82
    },
    {
      "site_id": "2ec95392-978d-4a43-85b9-af3282c212ba",
      "site_name": "Tun\u00e7bilek power station",
      "status": "ok",
      "quality": "medium",
      "max_wind_ms": 7.4943065859978315,
      "max_temp_c": 25.530419921875023,
      "grid_distance_km": 13.63609271684751,
      "error": null,
      "elapsed_ms": 90
    },
    {
      "site_id": "ddc8bb9c-bf77-4075-b38c-600fb072acf8",
      "site_name": "Uluk\u00f6y power station",
      "status": "ok",
      "quality": "medium",
      "max_wind_ms": 9.253419815637002,
      "max_temp_c": 25.698388671875023,
      "grid_distance_km": 5.844055575033089,
      "error": null,
      "elapsed_ms": 100
    },
    {
      "site_id": "d3f986d9-a023-4d43-a0fb-03361f310873",
      "site_name": "Umut power station",
      "status": "ok",
      "quality": "medium",
      "max_wind_ms": 7.681471776716114,
      "max_temp_c": 26.448388671875023,
      "grid_distance_km": 15.202669356799534,
      "error": null,
      "elapsed_ms": 83
    },
    {
      "site_id": "381221dd-76da-4adf-9b19-5da9f0779c22",
      "site_name": "Vize power station",
      "status": "ok",
      "quality": "medium",
      "max_wind_ms": 9.912621219491399,
      "max_temp_c": 26.635888671875023,
      "grid_distance_km": 9.60283076678333,
      "error": null,
      "elapsed_ms": 81
    },
    {
      "site_id": "fd4f7f8c-0d23-450d-9ea0-1b8e52e9a8af",
      "site_name": "Yata\u011fan power station",
      "status": "ok",
      "quality": "medium",
      "max_wind_ms": 10.637974857244863,
      "max_temp_c": 30.039697265625023,
      "grid_distance_km": 12.765389525038955,
      "error": null,
      "elapsed_ms": 101
    },
    {
      "site_id": "52028d4f-7796-4463-832e-cff2e439c96a",
      "site_name": "Yenidere power station",
      "status": "ok",
      "quality": "medium",
      "max_wind_ms": 8.146001258840277,
      "max_temp_c": 28.264306640625023,
      "grid_distance_km": 8.086473106043794,
      "error": null,
      "elapsed_ms": 82
    },
    {
      "site_id": "737b6d06-1d0c-4ae6-9683-ab3fea192b32",
      "site_name": "Yenik\u00f6y power station",
      "status": "ok",
      "quality": "medium",
      "max_wind_ms": 10.26533042247668,
      "max_temp_c": 30.619775390625023,
      "grid_distance_km": 16.27844688535456,
      "error": null,
      "elapsed_ms": 88
    },
    {
      "site_id": "e8b6e342-2011-4343-b415-a8bf08501499",
      "site_name": "Yeniyurt power station",
      "status": "ok",
      "quality": "medium",
      "max_wind_ms": 7.466775511387297,
      "max_temp_c": 28.641748046875023,
      "grid_distance_km": 15.430324390622294,
      "error": null,
      "elapsed_ms": 83
    },
    {
      "site_id": "d6cb5642-d5ec-4a15-bc6b-8be4cb0a382e",
      "site_name": "Ye\u015filovac\u0131k power station",
      "status": "ok",
      "quality": "medium",
      "max_wind_ms": 9.894453830022833,
      "max_temp_c": 29.159326171875023,
      "grid_distance_km": 9.488285706946073,
      "error": null,
      "elapsed_ms": 84
    },
    {
      "site_id": "225656d9-8709-4c2f-9992-1e4f20a6fce8",
      "site_name": "Y\u0131ld\u0131r\u0131m Elaz\u0131\u011f power station",
      "status": "ok",
      "quality": "medium",
      "max_wind_ms": 8.624593819071567,
      "max_temp_c": 29.993798828125023,
      "grid_distance_km": 9.969628871989656,
      "error": null,
      "elapsed_ms": 82
    },
    {
      "site_id": "57c0c830-725f-46ee-9322-0a4a3ad9efda",
      "site_name": "Y\u00fcksek G\u00f6lovas\u0131 power station",
      "status": "ok",
      "quality": "medium",
      "max_wind_ms": 5.886814022773629,
      "max_temp_c": 31.176904296875023,
      "grid_distance_km": 13.718626792291527,
      "error": null,
      "elapsed_ms": 80
    },
    {
      "site_id": "91f28dbb-16bd-449b-a20a-dc2b70cf2e66",
      "site_name": "Yumurtal\u0131k IC \u0130\u00e7ta\u015f power station",
      "status": "ok",
      "quality": "medium",
      "max_wind_ms": 7.26957645319012,
      "max_temp_c": 29.270654296875023,
      "grid_distance_km": 4.200379289317013,
      "error": null,
      "elapsed_ms": 77
    },
    {
      "site_id": "48149515-0774-404d-b273-790b660a8d90",
      "site_name": "Yunus Emre power station",
      "status": "ok",
      "quality": "medium",
      "max_wind_ms": 5.911462015071404,
      "max_temp_c": 28.567529296875023,
      "grid_distance_km": 9.89741820175518,
      "error": null,
      "elapsed_ms": 79
    },
    {
      "site_id": "772e2484-419b-47de-9739-924ac371ad10",
      "site_name": "Zafer power station",
      "status": "ok",
      "quality": "medium",
      "max_wind_ms": 6.558181762232838,
      "max_temp_c": 25.333154296875023,
      "grid_distance_km": 11.65038824360559,
      "error": null,
      "elapsed_ms": 131
    },
    {
      "site_id": "1f305180-6bbf-4758-9a98-78bc9e96e195",
      "site_name": "ZETES power stations",
      "status": "ok",
      "quality": "medium",
      "max_wind_ms": 6.984894361437928,
      "max_temp_c": 26.546044921875023,
      "grid_distance_km": 8.790572986389613,
      "error": null,
      "elapsed_ms": 113
    },
    {
      "site_id": "fa6b7ac3-c1bf-478f-8d0a-1f357ea480cf",
      "site_name": "Zonguldak Modern power station",
      "status": "ok",
      "quality": "medium",
      "max_wind_ms": 8.136179142625124,
      "max_temp_c": 25.852685546875023,
      "grid_distance_km": 9.829716019213578,
      "error": null,
      "elapsed_ms": 91
    },
    {
      "site_id": "7cc9cffa-e4e4-4546-902d-c8f4800dbdb2",
      "site_name": "Zorlu Ak\u00e7akoca power station",
      "status": "ok",
      "quality": "medium",
      "max_wind_ms": 7.0924586673440135,
      "max_temp_c": 25.278466796875023,
      "grid_distance_km": 13.959376009901499,
      "error": null,
      "elapsed_ms": 77
    },
    {
      "site_id": "61b7e396-5c25-4591-9da1-eb54475f1805",
      "site_name": "Zorlu Soma power station",
      "status": "ok",
      "quality": "medium",
      "max_wind_ms": 12.716118757981953,
      "max_temp_c": 27.286279296875023,
      "grid_distance_km": 11.713578675853602,
      "error": null,
      "elapsed_ms": 78
    },
    {
      "site_id": "c47eb6a3-49c1-4879-95b6-9bcd53b7af04",
      "site_name": "Burshtyn power station",
      "status": "ok",
      "quality": "medium",
      "max_wind_ms": 9.154466256920195,
      "max_temp_c": 22.072900390625023,
      "grid_distance_km": 7.49240099167212,
      "error": null,
      "elapsed_ms": 79
    },
    {
      "site_id": "95872473-c476-4ceb-bcf5-54cfdf415e42",
      "site_name": "Cherkasy power station",
      "status": "ok",
      "quality": "medium",
      "max_wind_ms": 8.816756086467716,
      "max_temp_c": 25.503808593750023,
      "grid_distance_km": 13.109490851717695,
      "error": null,
      "elapsed_ms": 81
    },
    {
      "site_id": "e4c6a713-99e6-4fdf-afaa-d456779c504c",
      "site_name": "Chernihiv power station",
      "status": "ok",
      "quality": "medium",
      "max_wind_ms": 9.65255643373024,
      "max_temp_c": 24.333154296875023,
      "grid_distance_km": 5.057531186711141,
      "error": null,
      "elapsed_ms": 84
    },
    {
      "site_id": "038d42e9-769b-4b22-9513-dccff48b42cd",
      "site_name": "Darnytska power station",
      "status": "ok",
      "quality": "medium",
      "max_wind_ms": 9.398736564274946,
      "max_temp_c": 24.481591796875023,
      "grid_distance_km": 9.545697074304144,
      "error": null,
      "elapsed_ms": 96
    },
    {
      "site_id": "5ed0a674-a292-44bc-997f-5c1990da1235",
      "site_name": "Dobrotvir power station",
      "status": "ok",
      "quality": "medium",
      "max_wind_ms": 10.111432015311946,
      "max_temp_c": 22.470605468750023,
      "grid_distance_km": 9.7149079462282,
      "error": null,
      "elapsed_ms": 78
    },
    {
      "site_id": "fb7d4d9a-3f27-4b50-9941-6a8fccd25e9a",
      "site_name": "Kalush power station",
      "status": "ok",
      "quality": "medium",
      "max_wind_ms": 10.179137935104162,
      "max_temp_c": 20.840478515625023,
      "grid_distance_km": 9.294514994868996,
      "error": null,
      "elapsed_ms": 81
    },
    {
      "site_id": "d3b9e403-7744-44c5-b5c3-999c4c1911d8",
      "site_name": "Kramatorskaya power station",
      "status": "ok",
      "quality": "medium",
      "max_wind_ms": 8.868930963752092,
      "max_temp_c": 25.930810546875023,
      "grid_distance_km": 5.309856331078721,
      "error": null,
      "elapsed_ms": 78
    },
    {
      "site_id": "83fede8b-5f92-429d-920d-9a8928a74780",
      "site_name": "Kryvorizka power station",
      "status": "ok",
      "quality": "medium",
      "max_wind_ms": 8.305872204988155,
      "max_temp_c": 26.622216796875023,
      "grid_distance_km": 8.321546779795225,
      "error": null,
      "elapsed_ms": 82
    },
    {
      "site_id": "46b96bc3-b190-4045-9c86-eb674e2ea35e",
      "site_name": "Kurakhov power station",
      "status": "ok",
      "quality": "medium",
      "max_wind_ms": 9.465930562408664,
      "max_temp_c": 26.085107421875023,
      "grid_distance_km": 1.1387456068333046,
      "error": null,
      "elapsed_ms": 78
    },
    {
      "site_id": "cec871bd-c7f6-4444-b0da-9b3a9ecc6963",
      "site_name": "Ladyzhyn power station",
      "status": "ok",
      "quality": "medium",
      "max_wind_ms": 8.438471825643077,
      "max_temp_c": 23.664697265625023,
      "grid_distance_km": 5.423058134962368,
      "error": null,
      "elapsed_ms": 80
    },
    {
      "site_id": "4e45df00-0d28-44d0-9697-3fa33d76fc88",
      "site_name": "Luganskaya power station",
      "status": "ok",
      "quality": "medium",
      "max_wind_ms": 9.19649040350848,
      "max_temp_c": 26.143701171875023,
      "grid_distance_km": 0.8767325634513882,
      "error": null,
      "elapsed_ms": 79
    },
    {
      "site_id": "3bd2a957-ff3b-4bfd-9dba-808279edccb9",
      "site_name": "Myronivskyi power station",
      "status": "ok",
      "quality": "medium",
      "max_wind_ms": 9.358211031379746,
      "max_temp_c": 25.454248046875023,
      "grid_distance_km": 3.4126282287573697,
      "error": null,
      "elapsed_ms": 77
    },
    {
      "site_id": "02253fcc-4fc6-42d4-a6a8-42365487302f",
      "site_name": "Prydniprovska power station",
      "status": "ok",
      "quality": "medium",
      "max_wind_ms": 8.515346768622095,
      "max_temp_c": 26.180810546875023,
      "grid_distance_km": 13.372552637271728,
      "error": null,
      "elapsed_ms": 75
    },
    {
      "site_id": "70781f2c-24c2-486c-8b32-310c36ba1238",
      "site_name": "Slavyansk power station",
      "status": "ok",
      "quality": "medium",
      "max_wind_ms": 8.817958088776923,
      "max_temp_c": 25.899560546875023,
      "grid_distance_km": 13.467781259281981,
      "error": null,
      "elapsed_ms": 82
    },
    {
      "site_id": "447a9ea1-47fa-48a3-93f2-a77cbd629ac7",
      "site_name": "Starobesheve power station",
      "status": "ok",
      "quality": "medium",
      "max_wind_ms": 9.721465661668462,
      "max_temp_c": 25.995263671875023,
      "grid_distance_km": 5.661661999519808,
      "error": null,
      "elapsed_ms": 79
    },
    {
      "site_id": "cdb6adfb-52ff-4631-939a-001080b20450",
      "site_name": "Trypilska power station",
      "status": "ok",
      "quality": "medium",
      "max_wind_ms": 9.305466471156148,
      "max_temp_c": 24.174951171875023,
      "grid_distance_km": 12.970052547249438,
      "error": null,
      "elapsed_ms": 97
    },
    {
      "site_id": "3657989a-61ae-4fe3-9e8b-6ba7e68f8c59",
      "site_name": "Vuglegirska power station",
      "status": "ok",
      "quality": "medium",
      "max_wind_ms": 9.358211031379746,
      "max_temp_c": 25.454248046875023,
      "grid_distance_km": 5.248091690276275,
      "error": null,
      "elapsed_ms": 102
    },
    {
      "site_id": "725406d6-860f-4ca0-9c6a-425675bac381",
      "site_name": "Zaporizhia power station",
      "status": "ok",
      "quality": "medium",
      "max_wind_ms": 8.676693871954019,
      "max_temp_c": 26.451074218750023,
      "grid_distance_km": 9.388282562359828,
      "error": null,
      "elapsed_ms": 94
    },
    {
      "site_id": "29b3a802-7ef1-4722-ad59-b1511b1b0075",
      "site_name": "Zmiivska power station",
      "status": "ok",
      "quality": "medium",
      "max_wind_ms": 8.76627698634362,
      "max_temp_c": 25.842919921875023,
      "grid_distance_km": 9.718103357801706,
      "error": null,
      "elapsed_ms": 80
    },
    {
      "site_id": "f2c061de-66ad-4fce-b911-7f1899f25b75",
      "site_name": "Zuevskaya power station",
      "status": "ok",
      "quality": "medium",
      "max_wind_ms": 9.707688911164153,
      "max_temp_c": 25.897607421875023,
      "grid_distance_km": 4.672987356364139,
      "error": null,
      "elapsed_ms": 79
    },
    {
      "site_id": "d9f32912-81f1-4b1c-a2b1-f04298217cec",
      "site_name": "Istok power station",
      "status": "ok",
      "quality": "medium",
      "max_wind_ms": 7.449001459895977,
      "max_temp_c": 23.877587890625023,
      "grid_distance_km": 3.9482816298797876,
      "error": null,
      "elapsed_ms": 86
    },
    {
      "site_id": "28be296b-6ef5-4c7e-a604-3af01af45d17",
      "site_name": "Kosovo A power station",
      "status": "ok",
      "quality": "medium",
      "max_wind_ms": 7.177158182267312,
      "max_temp_c": 25.705712890625023,
      "grid_distance_km": 10.777677415726393,
      "error": null,
      "elapsed_ms": 110
    },
    {
      "site_id": "76eba99c-dade-46dc-9130-478e43aa6202",
      "site_name": "Kosovo B power station",
      "status": "ok",
      "quality": "medium",
      "max_wind_ms": 7.177158182267312,
      "max_temp_c": 25.705712890625023,
      "grid_distance_km": 7.805876221909931,
      "error": null,
      "elapsed_ms": 108
    },
    {
      "site_id": "d28fa85d-4f6c-4b26-a585-cb0bed226ecb",
      "site_name": "Kosovo C power station",
      "status": "ok",
      "quality": "medium",
      "max_wind_ms": 7.626639936632051,
      "max_temp_c": 25.270166015625023,
      "grid_distance_km": 11.498888891526619,
      "error": null,
      "elapsed_ms": 101
    }
  ]
}
{"event": "era5_datasets_closed", "run_id": "20260512T184829_1d1e6d41", "level": "info", "timestamp": "2026-05-12T18:49:44.104198Z"}
