site_id,name,country_code,latitude,longitude,smr_key,criterion_id,baseline_score,baseline_quality_flag,baseline_confidence,candidate_score,candidate_quality_flag,candidate_band,baseline_justification,fields_json
e6ecead0-54d1-41fe-8268-1253d0d7ef3e,Porto Romano Power Station,AL,41.371141,19.425201,nuscale_voygr6,HI-07,,,,3.5,scored,Dense or near transmitter proxy: >25 features in radius or nearest feature < 5 km. Review RF/EMI controls.,,"{""hi07_comment"": ""Nearest transmitter: communication, 4.5 km. Total within 25 km: 66. Source: OSM Overpass [FIX-04 transmitter]"", ""hi07_quality"": ""medium"", ""human_fetched_at"": ""2026-05-12T21:48:30.528949+03:00"", ""human_run_id"": ""20260512T184829_549c4b66"", ""nearest_transmitter_km"": 4.49, ""transmitter_count"": 66, ""transmitter_type"": ""communication""}"
6e7fc4d8-636d-411a-baef-e138a5a07acc,Duernrohr power station,AT,48.32611,15.923333,nuscale_voygr6,HI-07,,,,1.5,scored,Very dense or nearby transmitter proxy: >100 transmitter-like features in radius or nearest feature < 2 km. Power class not measured.,,"{""hi07_comment"": ""Nearest transmitter: mast, 0.2 km. Total within 25 km: 313. Source: OSM Overpass [FIX-04 transmitter]"", ""hi07_quality"": ""medium"", ""human_fetched_at"": ""2026-05-12T21:48:30.586134+03:00"", ""human_run_id"": ""20260512T184829_549c4b66"", ""nearest_transmitter_km"": 0.2, ""transmitter_count"": 313, ""transmitter_type"": ""mast""}"
532bfb42-0d4c-42cf-a81a-287f2b3a75bf,Enns Power Station,AT,48.21309,14.475222,nuscale_voygr6,HI-07,,,,1.5,scored,Very dense or nearby transmitter proxy: >100 transmitter-like features in radius or nearest feature < 2 km. Power class not measured.,,"{""hi07_comment"": ""Nearest transmitter: lighting, 0.4 km. Total within 25 km: 447. Source: OSM Overpass [FIX-04 transmitter]"", ""hi07_quality"": ""medium"", ""human_fetched_at"": ""2026-05-12T21:48:30.591785+03:00"", ""human_run_id"": ""20260512T184829_549c4b66"", ""nearest_transmitter_km"": 0.37, ""transmitter_count"": 447, ""transmitter_type"": ""lighting""}"
90820fe3-9889-4faf-9906-7c528f8d7bc5,Mellach power station,AT,46.90819,15.49231,nuscale_voygr6,HI-07,,,,1.5,scored,Very dense or nearby transmitter proxy: >100 transmitter-like features in radius or nearest feature < 2 km. Power class not measured.,,"{""hi07_comment"": ""Nearest transmitter: mast, 0.2 km. Total within 25 km: 407. Source: OSM Overpass [FIX-04 transmitter]"", ""hi07_quality"": ""medium"", ""human_fetched_at"": ""2026-05-12T21:48:51.537745+03:00"", ""human_run_id"": ""hi06_spf_20260512_184802"", ""nearest_transmitter_km"": 0.23, ""transmitter_count"": 407, ""transmitter_type"": ""mast""}"
660d9d71-6733-4294-951b-1c58614d58cf,Riedersbach power station,AT,48.031769,12.843122,nuscale_voygr6,HI-07,,,,1.5,scored,Very dense or nearby transmitter proxy: >100 transmitter-like features in radius or nearest feature < 2 km. Power class not measured.,,"{""hi07_comment"": ""Nearest transmitter: mast, 0.3 km. Total within 25 km: 166. Source: OSM Overpass [FIX-04 transmitter]"", ""hi07_quality"": ""medium"", ""human_fetched_at"": ""2026-05-12T21:49:09.018261+03:00"", ""human_run_id"": ""hi06_spf_20260512_184802"", ""nearest_transmitter_km"": 0.29, ""transmitter_count"": 166, ""transmitter_type"": ""mast""}"
021c723b-98af-4b72-8f6c-ade538885f10,St Andrae power station,AT,46.75,14.816667,nuscale_voygr6,HI-07,,,,1.5,scored,Very dense or nearby transmitter proxy: >100 transmitter-like features in radius or nearest feature < 2 km. Power class not measured.,,"{""hi07_comment"": ""Nearest transmitter: communication, 0.5 km. Total within 25 km: 123. Source: OSM Overpass [FIX-04 transmitter]"", ""hi07_quality"": ""medium"", ""human_fetched_at"": ""2026-05-12T21:49:28.660696+03:00"", ""human_run_id"": ""hi06_spf_20260512_184802"", ""nearest_transmitter_km"": 0.55, ""transmitter_count"": 123, ""transmitter_type"": ""communication""}"
2dcd2c6d-f375-4408-9492-7910662fac03,Timelkam power station,AT,48.0122,13.5895,nuscale_voygr6,HI-07,,,,1.5,scored,Very dense or nearby transmitter proxy: >100 transmitter-like features in radius or nearest feature < 2 km. Power class not measured.,,"{""hi07_comment"": ""Nearest transmitter: mast, 0.2 km. Total within 25 km: 225. Source: OSM Overpass [FIX-04 transmitter]"", ""hi07_quality"": ""medium"", ""human_fetched_at"": ""2026-05-12T21:49:49.818172+03:00"", ""human_run_id"": ""hi06_spf_20260512_184802"", ""nearest_transmitter_km"": 0.19, ""transmitter_count"": 225, ""transmitter_type"": ""mast""}"
99d712ac-7993-4186-8a0e-2e88bae7e90f,Voitsberg power station,AT,47.0475,15.160278,nuscale_voygr6,HI-07,,,,1.5,scored,Very dense or nearby transmitter proxy: >100 transmitter-like features in radius or nearest feature < 2 km. Power class not measured.,,"{""hi07_comment"": ""Nearest transmitter: communication, 0.7 km. Total within 25 km: 360. Source: OSM Overpass [FIX-04 transmitter]"", ""hi07_quality"": ""medium"", ""human_fetched_at"": ""2026-05-12T21:50:14.356617+03:00"", ""human_run_id"": ""hi06_spf_20260512_184802"", ""nearest_transmitter_km"": 0.72, ""transmitter_count"": 360, ""transmitter_type"": ""communication""}"
33d83e11-cfcd-47cb-be5e-82ca0fc352cc,Zeltweg power station,AT,47.25,15.166667,nuscale_voygr6,HI-07,,,,1.5,scored,Very dense or nearby transmitter proxy: >100 transmitter-like features in radius or nearest feature < 2 km. Power class not measured.,,"{""hi07_comment"": ""Nearest transmitter: communication, 4.1 km. Total within 25 km: 232. Source: OSM Overpass [FIX-04 transmitter]"", ""hi07_quality"": ""medium"", ""human_fetched_at"": ""2026-05-12T21:50:32.369860+03:00"", ""human_run_id"": ""hi06_spf_20260512_184802"", ""nearest_transmitter_km"": 4.08, ""transmitter_count"": 232, ""transmitter_type"": ""communication""}"
82011c29-a3d3-4a81-a27b-019d2649a251,Banovici power station,BA,44.4,18.5333,nuscale_voygr6,HI-07,,,,5.5,scored,Scoreable ordinary RF environment from count/proximity evidence; power-class-specific severity deferred.,,"{""hi07_comment"": ""Nearest transmitter: mast, 9.6 km. Total within 25 km: 11. Source: OSM Overpass [FIX-04 transmitter]"", ""hi07_quality"": ""medium"", ""human_fetched_at"": ""2026-05-12T21:48:30.626931+03:00"", ""human_run_id"": ""20260512T184829_549c4b66"", ""nearest_transmitter_km"": 9.65, ""transmitter_count"": 11, ""transmitter_type"": ""mast""}"
67e5a20f-e3ab-4c18-9864-cf4591d6e15f,Bugojno Thermal Power Project,BA,44.05,17.45,nuscale_voygr6,HI-07,,,,3.5,scored,Dense or near transmitter proxy: >25 features in radius or nearest feature < 5 km. Review RF/EMI controls.,,"{""hi07_comment"": ""Nearest transmitter: bell_tower, 2.7 km. Total within 25 km: 25. Source: OSM Overpass [FIX-04 transmitter]"", ""hi07_quality"": ""medium"", ""human_fetched_at"": ""2026-05-12T21:48:30.638497+03:00"", ""human_run_id"": ""20260512T184829_549c4b66"", ""nearest_transmitter_km"": 2.74, ""transmitter_count"": 25, ""transmitter_type"": ""bell_tower""}"
85257083-08d1-4560-b198-a9df414da4a9,Gacko Thermal Power Plant,BA,43.172137,18.511555,nuscale_voygr6,HI-07,,,,7.5,scored,Low RF-density proxy: at most ten transmitter-like features and none measured within 5 km.,,"{""hi07_comment"": ""Nearest transmitter: communication, 10.0 km. Total within 25 km: 3. Source: OSM Overpass [FIX-04 transmitter]"", ""hi07_quality"": ""medium"", ""human_fetched_at"": ""2026-05-12T21:48:30.668816+03:00"", ""human_run_id"": ""20260512T184829_549c4b66"", ""nearest_transmitter_km"": 9.98, ""transmitter_count"": 3, ""transmitter_type"": ""communication""}"
e2d645e3-c829-4aac-8f6f-d6a5507fd5fa,Glinica power station,BA,43.333,17.8,nuscale_voygr6,HI-07,,,,1.5,scored,Very dense or nearby transmitter proxy: >100 transmitter-like features in radius or nearest feature < 2 km. Power class not measured.,,"{""hi07_comment"": ""Nearest transmitter: communication, 1.1 km. Total within 25 km: 60. Source: OSM Overpass [FIX-04 transmitter]"", ""hi07_quality"": ""medium"", ""human_fetched_at"": ""2026-05-12T21:48:30.676545+03:00"", ""human_run_id"": ""20260512T184829_549c4b66"", ""nearest_transmitter_km"": 1.05, ""transmitter_count"": 60, ""transmitter_type"": ""communication""}"
e671be33-8b91-40bd-b563-b833293654aa,Kakanj Thermal Power Plant,BA,44.089633,18.113865,nuscale_voygr6,HI-07,,,,3.5,scored,Dense or near transmitter proxy: >25 features in radius or nearest feature < 5 km. Review RF/EMI controls.,,"{""hi07_comment"": ""Nearest transmitter: minaret, 2.8 km. Total within 25 km: 40. Source: OSM Overpass [FIX-04 transmitter]"", ""hi07_quality"": ""medium"", ""human_fetched_at"": ""2026-05-12T21:48:30.688672+03:00"", ""human_run_id"": ""20260512T184829_549c4b66"", ""nearest_transmitter_km"": 2.8, ""transmitter_count"": 40, ""transmitter_type"": ""minaret""}"
344e0e9a-558e-4749-bb66-cd746be50cbd,Kamengrad Thermal Power Plant,BA,44.766667,16.666667,nuscale_voygr6,HI-07,,,,3.5,scored,Dense or near transmitter proxy: >25 features in radius or nearest feature < 5 km. Review RF/EMI controls.,,"{""hi07_comment"": ""Nearest transmitter: minaret, 4.8 km. Total within 25 km: 13. Source: OSM Overpass [FIX-04 transmitter]"", ""hi07_quality"": ""medium"", ""human_fetched_at"": ""2026-05-12T21:50:48.157270+03:00"", ""human_run_id"": ""hi06_spf_20260512_185043"", ""nearest_transmitter_km"": 4.84, ""transmitter_count"": 13, ""transmitter_type"": ""minaret""}"
0155b913-765f-4d44-89f5-c176b6867cef,Kongora Thermal Power Plant,BA,43.64611,17.33139,nuscale_voygr6,HI-07,,,,3.5,scored,Dense or near transmitter proxy: >25 features in radius or nearest feature < 5 km. Review RF/EMI controls.,,"{""hi07_comment"": ""Nearest transmitter: antenna, 8.5 km. Total within 25 km: 32. Source: OSM Overpass [FIX-04 transmitter]"", ""hi07_quality"": ""medium"", ""human_fetched_at"": ""2026-05-12T21:51:12.931418+03:00"", ""human_run_id"": ""hi06_spf_20260512_185043"", ""nearest_transmitter_km"": 8.5, ""transmitter_count"": 32, ""transmitter_type"": ""antenna""}"
aa0bdb5e-45aa-4d15-8aee-cb5b0e14f5d9,Miljevina power station,BA,43.518304,18.652091,nuscale_voygr6,HI-07,,,,9.5,scored,Sparse and distant transmitter proxy: at most five transmitter-like features and none measured within 10 km.,,"{""hi07_comment"": ""Nearest transmitter: tower, 16.1 km. Total within 25 km: 5. Source: OSM Overpass [FIX-04 transmitter]"", ""hi07_quality"": ""medium"", ""human_fetched_at"": ""2026-05-12T21:51:28.577070+03:00"", ""human_run_id"": ""hi06_spf_20260512_185043"", ""nearest_transmitter_km"": 16.06, ""transmitter_count"": 5, ""transmitter_type"": ""tower""}"
e75c63e5-ef2f-4e08-8f8c-3da41215af9d,Stanari Thermal Power Plant,BA,44.753861,17.792444,nuscale_voygr6,HI-07,,,,5.5,scored,Scoreable ordinary RF environment from count/proximity evidence; power-class-specific severity deferred.,,"{""hi07_comment"": ""Nearest transmitter: minaret, 16.4 km. Total within 25 km: 18. Source: OSM Overpass [FIX-04 transmitter]"", ""hi07_quality"": ""medium"", ""human_fetched_at"": ""2026-05-12T21:51:45.801521+03:00"", ""human_run_id"": ""hi06_spf_20260512_185043"", ""nearest_transmitter_km"": 16.37, ""transmitter_count"": 18, ""transmitter_type"": ""minaret""}"
0fb50bcc-5616-40d8-9109-8136a958f18d,Tuzla Thermal Power Plant,BA,44.52104,18.606443,nuscale_voygr6,HI-07,,,,3.5,scored,Dense or near transmitter proxy: >25 features in radius or nearest feature < 5 km. Review RF/EMI controls.,,"{""hi07_comment"": ""Nearest transmitter: mast, 4.4 km. Total within 25 km: 19. Source: OSM Overpass [FIX-04 transmitter]"", ""hi07_quality"": ""medium"", ""human_fetched_at"": ""2026-05-12T21:52:02.615823+03:00"", ""human_run_id"": ""hi06_spf_20260512_185043"", ""nearest_transmitter_km"": 4.43, ""transmitter_count"": 19, ""transmitter_type"": ""mast""}"
a23d073a-cbbd-469a-b134-380945fd3f4c,Ugljevik power station,BA,44.683446,18.968516,nuscale_voygr6,HI-07,,,,1.5,scored,Very dense or nearby transmitter proxy: >100 transmitter-like features in radius or nearest feature < 2 km. Power class not measured.,,"{""hi07_comment"": ""Nearest transmitter: mast, 0.4 km. Total within 25 km: 29. Source: OSM Overpass [FIX-04 transmitter]"", ""hi07_quality"": ""medium"", ""human_fetched_at"": ""2026-05-12T21:52:18.774667+03:00"", ""human_run_id"": ""hi06_spf_20260512_185043"", ""nearest_transmitter_km"": 0.4, ""transmitter_count"": 29, ""transmitter_type"": ""mast""}"
b01fe781-dbc7-40f8-a544-946288020042,Bobov Dol power station,BG,42.285818,23.03283,nuscale_voygr6,HI-07,,,,1.5,scored,Very dense or nearby transmitter proxy: >100 transmitter-like features in radius or nearest feature < 2 km. Power class not measured.,,"{""hi07_comment"": ""Nearest transmitter: mast, 0.2 km. Total within 25 km: 11. Source: OSM Overpass [FIX-04 transmitter]"", ""hi07_quality"": ""medium"", ""human_fetched_at"": ""2026-05-12T21:52:38.519013+03:00"", ""human_run_id"": ""hi06_spf_20260512_185043"", ""nearest_transmitter_km"": 0.24, ""transmitter_count"": 11, ""transmitter_type"": ""mast""}"
fee1d5b3-827f-4172-8492-a3e114a3c39e,Brikel power station,BG,42.154555,25.906814,nuscale_voygr6,HI-07,,,,1.5,scored,Very dense or nearby transmitter proxy: >100 transmitter-like features in radius or nearest feature < 2 km. Power class not measured.,,"{""hi07_comment"": ""Nearest transmitter: mast, 0.2 km. Total within 25 km: 29. Source: OSM Overpass [FIX-04 transmitter]"", ""hi07_quality"": ""medium"", ""human_fetched_at"": ""2026-05-12T21:52:56.112878+03:00"", ""human_run_id"": ""hi06_spf_20260512_185043"", ""nearest_transmitter_km"": 0.19, ""transmitter_count"": 29, ""transmitter_type"": ""mast""}"
398cc0f2-25d5-428a-93c9-5e4859680e86,Deven power station,BG,43.196354,27.632675,nuscale_voygr6,HI-07,,,,3.5,scored,Dense or near transmitter proxy: >25 features in radius or nearest feature < 5 km. Review RF/EMI controls.,,"{""hi07_comment"": ""Nearest transmitter: lighting, 3.9 km. Total within 25 km: 65. Source: OSM Overpass [FIX-04 transmitter]"", ""hi07_quality"": ""medium"", ""human_fetched_at"": ""2026-05-12T21:53:15.982998+03:00"", ""human_run_id"": ""hi06_spf_20260512_185043"", ""nearest_transmitter_km"": 3.86, ""transmitter_count"": 65, ""transmitter_type"": ""lighting""}"
30c9e377-b575-46fa-880f-922c46e6500a,Lom Power Station,BG,43.7825,23.2175,nuscale_voygr6,HI-07,,,,3.5,scored,Dense or near transmitter proxy: >25 features in radius or nearest feature < 5 km. Review RF/EMI controls.,,"{""hi07_comment"": ""Nearest transmitter: tower, 4.1 km. Total within 25 km: 18. Source: OSM Overpass [FIX-04 transmitter]"", ""hi07_quality"": ""medium"", ""human_fetched_at"": ""2026-05-12T21:53:37.418978+03:00"", ""human_run_id"": ""hi06_spf_20260512_185043"", ""nearest_transmitter_km"": 4.1, ""transmitter_count"": 18, ""transmitter_type"": ""tower""}"
3bb6666f-de2f-4c6f-a28e-c3bddb71b54a,Maritsa 3 power station,BG,42.051942,25.623344,nuscale_voygr6,HI-07,,,,1.5,scored,Very dense or nearby transmitter proxy: >100 transmitter-like features in radius or nearest feature < 2 km. Power class not measured.,,"{""hi07_comment"": ""Nearest transmitter: mast, 0.5 km. Total within 25 km: 34. Source: OSM Overpass [FIX-04 transmitter]"", ""hi07_quality"": ""medium"", ""human_fetched_at"": ""2026-05-12T21:53:54.353790+03:00"", ""human_run_id"": ""hi06_spf_20260512_185043"", ""nearest_transmitter_km"": 0.54, ""transmitter_count"": 34, ""transmitter_type"": ""mast""}"
d12d7173-8595-4b53-92af-75b44b5a2fb7,Maritsa Iztok-1 power station,BG,42.1573,25.9084,nuscale_voygr6,HI-07,,,,1.5,scored,Very dense or nearby transmitter proxy: >100 transmitter-like features in radius or nearest feature < 2 km. Power class not measured.,,"{""hi07_comment"": ""Nearest transmitter: mast, 0.2 km. Total within 25 km: 29. Source: OSM Overpass [FIX-04 transmitter]"", ""hi07_quality"": ""medium"", ""human_fetched_at"": ""2026-05-12T21:54:35.255905+03:00"", ""human_run_id"": ""hi06_spf_20260512_185043"", ""nearest_transmitter_km"": 0.21, ""transmitter_count"": 29, ""transmitter_type"": ""mast""}"
ec5f337a-ca52-4b86-a0f4-4933eac349e3,Maritsa Iztok-2 power station,BG,42.254053,26.134007,nuscale_voygr6,HI-07,,,,1.5,scored,Very dense or nearby transmitter proxy: >100 transmitter-like features in radius or nearest feature < 2 km. Power class not measured.,,"{""hi07_comment"": ""Nearest transmitter: mast, 0.3 km. Total within 25 km: 27. Source: OSM Overpass [FIX-04 transmitter]"", ""hi07_quality"": ""medium"", ""human_fetched_at"": ""2026-05-12T21:54:55.605409+03:00"", ""human_run_id"": ""hi06_spf_20260512_185043"", ""nearest_transmitter_km"": 0.35, ""transmitter_count"": 27, ""transmitter_type"": ""mast""}"
0e860f58-416b-4116-836d-04edf8ded225,Maritsa Iztok-3 power station,BG,42.14502,26.003009,nuscale_voygr6,HI-07,,,,1.5,scored,Very dense or nearby transmitter proxy: >100 transmitter-like features in radius or nearest feature < 2 km. Power class not measured.,,"{""hi07_comment"": ""Nearest transmitter: mast, 0.4 km. Total within 25 km: 28. Source: OSM Overpass [FIX-04 transmitter]"", ""hi07_quality"": ""medium"", ""human_fetched_at"": ""2026-05-12T21:55:12.231003+03:00"", ""human_run_id"": ""hi06_spf_20260512_185043"", ""nearest_transmitter_km"": 0.4, ""transmitter_count"": 28, ""transmitter_type"": ""mast""}"
b1bcb7d3-cd40-40c9-9c59-a01fa71053b3,Maritsa Iztok-4 power station,BG,42.1444,26.0033,nuscale_voygr6,HI-07,,,,1.5,scored,Very dense or nearby transmitter proxy: >100 transmitter-like features in radius or nearest feature < 2 km. Power class not measured.,,"{""hi07_comment"": ""Nearest transmitter: mast, 0.3 km. Total within 25 km: 28. Source: OSM Overpass [FIX-04 transmitter]"", ""hi07_quality"": ""medium"", ""human_fetched_at"": ""2026-05-12T21:55:27.995197+03:00"", ""human_run_id"": ""hi06_spf_20260512_185043"", ""nearest_transmitter_km"": 0.33, ""transmitter_count"": 28, ""transmitter_type"": ""mast""}"
33a015dd-51e0-497e-b0d3-4b1b3f070438,Republika power station,BG,42.607124,23.078699,nuscale_voygr6,HI-07,,,,1.5,scored,Very dense or nearby transmitter proxy: >100 transmitter-like features in radius or nearest feature < 2 km. Power class not measured.,,"{""hi07_comment"": ""Nearest transmitter: mast, 3.6 km. Total within 25 km: 125. Source: OSM Overpass [FIX-04 transmitter]"", ""hi07_quality"": ""medium"", ""human_fetched_at"": ""2026-05-12T21:56:03.830987+03:00"", ""human_run_id"": ""hi06_spf_20260512_185043"", ""nearest_transmitter_km"": 3.57, ""transmitter_count"": 125, ""transmitter_type"": ""mast""}"
704ef487-f600-4f23-b06e-a0f81b627597,Ruse Iztok power station,BG,43.866654,26.010002,nuscale_voygr6,HI-07,,,,1.5,scored,Very dense or nearby transmitter proxy: >100 transmitter-like features in radius or nearest feature < 2 km. Power class not measured.,,"{""hi07_comment"": ""Nearest transmitter: lighting, 1.5 km. Total within 25 km: 37. Source: OSM Overpass [FIX-04 transmitter]"", ""hi07_quality"": ""medium"", ""human_fetched_at"": ""2026-05-12T21:56:17.828465+03:00"", ""human_run_id"": ""hi06_spf_20260512_185043"", ""nearest_transmitter_km"": 1.51, ""transmitter_count"": 37, ""transmitter_type"": ""lighting""}"
93685558-3355-4da2-9a4a-4cccd89f9269,Sliven power station,BG,42.654762,26.325853,nuscale_voygr6,HI-07,,,,3.5,scored,Dense or near transmitter proxy: >25 features in radius or nearest feature < 5 km. Review RF/EMI controls.,,"{""hi07_comment"": ""Nearest transmitter: mast, 2.6 km. Total within 25 km: 60. Source: OSM Overpass [FIX-04 transmitter]"", ""hi07_quality"": ""medium"", ""human_fetched_at"": ""2026-05-12T21:57:51.754377+03:00"", ""human_run_id"": ""hi06_spf_20260512_185043"", ""nearest_transmitter_km"": 2.64, ""transmitter_count"": 60, ""transmitter_type"": ""mast""}"
2fb27566-cc7b-4530-8ff9-e55e3a1985bd,Svilosa power station,BG,43.642272,25.305007,nuscale_voygr6,HI-07,,,,3.5,scored,Dense or near transmitter proxy: >25 features in radius or nearest feature < 5 km. Review RF/EMI controls.,,"{""hi07_comment"": ""Nearest transmitter: communication, 4.7 km. Total within 25 km: 8. Source: OSM Overpass [FIX-04 transmitter]"", ""hi07_quality"": ""medium"", ""human_fetched_at"": ""2026-05-12T21:58:02.924731+03:00"", ""human_run_id"": ""hi06_spf_20260512_185043"", ""nearest_transmitter_km"": 4.75, ""transmitter_count"": 8, ""transmitter_type"": ""communication""}"
85c56b15-450b-4bb1-b75e-5ea00ee51cb2,Varna power station,BG,43.19477,27.765472,nuscale_voygr6,HI-07,,,,3.5,scored,Dense or near transmitter proxy: >25 features in radius or nearest feature < 5 km. Review RF/EMI controls.,,"{""hi07_comment"": ""Nearest transmitter: lighting, 5.4 km. Total within 25 km: 74. Source: OSM Overpass [FIX-04 transmitter]"", ""hi07_quality"": ""medium"", ""human_fetched_at"": ""2026-05-12T21:58:29.133942+03:00"", ""human_run_id"": ""hi06_spf_20260512_185043"", ""nearest_transmitter_km"": 5.37, ""transmitter_count"": 74, ""transmitter_type"": ""lighting""}"
a064c7ae-e699-4a94-a18c-79bdfe42bce3,Vidin Works power station,BG,43.948363,22.850904,nuscale_voygr6,HI-07,,,,1.5,scored,Very dense or nearby transmitter proxy: >100 transmitter-like features in radius or nearest feature < 2 km. Power class not measured.,,"{""hi07_comment"": ""Nearest transmitter: mast, 1.4 km. Total within 25 km: 51. Source: OSM Overpass [FIX-04 transmitter]"", ""hi07_quality"": ""medium"", ""human_fetched_at"": ""2026-05-12T21:58:44.825030+03:00"", ""human_run_id"": ""hi06_spf_20260512_185043"", ""nearest_transmitter_km"": 1.44, ""transmitter_count"": 51, ""transmitter_type"": ""mast""}"
68aabff9-e662-4b9f-b37d-4c2ebc5f7539,Lelchitsy power station,BY,51.789444,28.321389,nuscale_voygr6,HI-07,,,,1.5,scored,Very dense or nearby transmitter proxy: >100 transmitter-like features in radius or nearest feature < 2 km. Power class not measured.,,"{""hi07_comment"": ""Nearest transmitter: mast, 0.7 km. Total within 25 km: 49. Source: OSM Overpass [FIX-04 transmitter]"", ""hi07_quality"": ""medium"", ""human_fetched_at"": ""2026-05-12T21:58:56.658575+03:00"", ""human_run_id"": ""hi06_spf_20260512_185043"", ""nearest_transmitter_km"": 0.74, ""transmitter_count"": 49, ""transmitter_type"": ""mast""}"
fac3d0b5-36a5-48ae-8494-f2f08e4342f4,Zelwa power station,BY,53.15,24.8167,nuscale_voygr6,HI-07,,,,1.5,scored,Very dense or nearby transmitter proxy: >100 transmitter-like features in radius or nearest feature < 2 km. Power class not measured.,,"{""hi07_comment"": ""Nearest transmitter: lighting, 0.6 km. Total within 25 km: 214. Source: OSM Overpass [FIX-04 transmitter]"", ""hi07_quality"": ""medium"", ""human_fetched_at"": ""2026-05-12T21:59:27.577210+03:00"", ""human_run_id"": ""hi06_spf_20260512_185043"", ""nearest_transmitter_km"": 0.62, ""transmitter_count"": 214, ""transmitter_type"": ""lighting""}"
d762ceeb-514f-43a6-9f91-a2d422ed6c60,Chvaletice power station,CZ,50.028062,15.450504,nuscale_voygr6,HI-07,,,,1.5,scored,Very dense or nearby transmitter proxy: >100 transmitter-like features in radius or nearest feature < 2 km. Power class not measured.,,"{""hi07_comment"": ""Nearest transmitter: communication, 0.9 km. Total within 25 km: 384. Source: OSM Overpass [FIX-04 transmitter]"", ""hi07_quality"": ""medium"", ""human_fetched_at"": ""2026-05-12T21:59:50.069110+03:00"", ""human_run_id"": ""hi06_spf_20260512_185043"", ""nearest_transmitter_km"": 0.86, ""transmitter_count"": 384, ""transmitter_type"": ""communication""}"
a733fc13-11a4-4722-b62d-85c85a4f8ef3,Detmarovice power station,CZ,49.907184,18.464559,nuscale_voygr6,HI-07,,,,1.5,scored,Very dense or nearby transmitter proxy: >100 transmitter-like features in radius or nearest feature < 2 km. Power class not measured.,,"{""hi07_comment"": ""Nearest transmitter: mast, 1.1 km. Total within 25 km: 255. Source: OSM Overpass [FIX-04 transmitter]"", ""hi07_quality"": ""medium"", ""human_fetched_at"": ""2026-05-12T22:00:10.950292+03:00"", ""human_run_id"": ""hi06_spf_20260512_185043"", ""nearest_transmitter_km"": 1.11, ""transmitter_count"": 255, ""transmitter_type"": ""mast""}"
180880c2-7284-4723-b02a-a62348b9b40b,Hodonin power station,CZ,48.847759,17.120129,nuscale_voygr6,HI-07,,,,1.5,scored,Very dense or nearby transmitter proxy: >100 transmitter-like features in radius or nearest feature < 2 km. Power class not measured.,,"{""hi07_comment"": ""Nearest transmitter: lighting, 0.1 km. Total within 25 km: 127. Source: OSM Overpass [FIX-04 transmitter]"", ""hi07_quality"": ""medium"", ""human_fetched_at"": ""2026-05-12T22:00:41.676289+03:00"", ""human_run_id"": ""hi06_spf_20260512_185043"", ""nearest_transmitter_km"": 0.06, ""transmitter_count"": 127, ""transmitter_type"": ""lighting""}"
43e5b2b4-2ccf-46ab-b01e-e3d480146455,Karvina power station,CZ,49.823463,18.480287,nuscale_voygr6,HI-07,,,,1.5,scored,Very dense or nearby transmitter proxy: >100 transmitter-like features in radius or nearest feature < 2 km. Power class not measured.,,"{""hi07_comment"": ""Nearest transmitter: tower, 2.7 km. Total within 25 km: 227. Source: OSM Overpass [FIX-04 transmitter]"", ""hi07_quality"": ""medium"", ""human_fetched_at"": ""2026-05-12T22:01:04.818530+03:00"", ""human_run_id"": ""hi06_spf_20260512_185043"", ""nearest_transmitter_km"": 2.65, ""transmitter_count"": 227, ""transmitter_type"": ""tower""}"
f1d2bca1-a7a9-4404-84c1-34fc8a59dab7,Kladno power station,CZ,50.1535,14.12858,nuscale_voygr6,HI-07,,,,1.5,scored,Very dense or nearby transmitter proxy: >100 transmitter-like features in radius or nearest feature < 2 km. Power class not measured.,,"{""hi07_comment"": ""Nearest transmitter: communication, 1.9 km. Total within 25 km: 335. Source: OSM Overpass [FIX-04 transmitter]"", ""hi07_quality"": ""medium"", ""human_fetched_at"": ""2026-05-12T22:01:34.352293+03:00"", ""human_run_id"": ""hi06_spf_20260512_185043"", ""nearest_transmitter_km"": 1.88, ""transmitter_count"": 335, ""transmitter_type"": ""communication""}"
274ec928-e527-44cf-86c5-b6eddc09d0f7,Komorany power station,CZ,50.522288,13.572102,nuscale_voygr6,HI-07,,,,1.5,scored,Very dense or nearby transmitter proxy: >100 transmitter-like features in radius or nearest feature < 2 km. Power class not measured.,,"{""hi07_comment"": ""Nearest transmitter: communication, 3.7 km. Total within 25 km: 145. Source: OSM Overpass [FIX-04 transmitter]"", ""hi07_quality"": ""medium"", ""human_fetched_at"": ""2026-05-12T22:01:52.912191+03:00"", ""human_run_id"": ""hi06_spf_20260512_185043"", ""nearest_transmitter_km"": 3.73, ""transmitter_count"": 145, ""transmitter_type"": ""communication""}"
2fe0a0b3-4108-427e-8e54-f77e1ea7227c,Ledvice power station,CZ,50.57658,13.779761,nuscale_voygr6,HI-07,,,,1.5,scored,Very dense or nearby transmitter proxy: >100 transmitter-like features in radius or nearest feature < 2 km. Power class not measured.,,"{""hi07_comment"": ""Nearest transmitter: tower, 0.4 km. Total within 25 km: 210. Source: OSM Overpass [FIX-04 transmitter]"", ""hi07_quality"": ""medium"", ""human_fetched_at"": ""2026-05-12T22:02:13.434958+03:00"", ""human_run_id"": ""hi06_spf_20260512_185043"", ""nearest_transmitter_km"": 0.42, ""transmitter_count"": 210, ""transmitter_type"": ""tower""}"
1c059a42-608c-4753-8fcf-ba797d94f900,Malesice power station,CZ,50.084967,14.525273,nuscale_voygr6,HI-07,,,,1.5,scored,Very dense or nearby transmitter proxy: >100 transmitter-like features in radius or nearest feature < 2 km. Power class not measured.,,"{""hi07_comment"": ""Nearest transmitter: mast, 0.2 km. Total within 25 km: 631. Source: OSM Overpass [FIX-04 transmitter]"", ""hi07_quality"": ""medium"", ""human_fetched_at"": ""2026-05-12T22:02:32.196626+03:00"", ""human_run_id"": ""hi06_spf_20260512_185043"", ""nearest_transmitter_km"": 0.25, ""transmitter_count"": 631, ""transmitter_type"": ""mast""}"
cbd67443-4a4e-44fd-a9ed-20ba9574c99e,Marianske Hory power station,CZ,49.86,18.27,nuscale_voygr6,HI-07,,,,1.5,scored,Very dense or nearby transmitter proxy: >100 transmitter-like features in radius or nearest feature < 2 km. Power class not measured.,,"{""hi07_comment"": ""Nearest transmitter: communication, 1.1 km. Total within 25 km: 190. Source: OSM Overpass [FIX-04 transmitter]"", ""hi07_quality"": ""medium"", ""human_fetched_at"": ""2026-05-12T22:02:49.123681+03:00"", ""human_run_id"": ""hi06_spf_20260512_185043"", ""nearest_transmitter_km"": 1.13, ""transmitter_count"": 190, ""transmitter_type"": ""communication""}"
f3523341-daaa-4573-a856-becb2e1bb9e3,Melnik power station,CZ,50.413132,14.41582,nuscale_voygr6,HI-07,,,,1.5,scored,Very dense or nearby transmitter proxy: >100 transmitter-like features in radius or nearest feature < 2 km. Power class not measured.,,"{""hi07_comment"": ""Nearest transmitter: communication, 2.7 km. Total within 25 km: 155. Source: OSM Overpass [FIX-04 transmitter]"", ""hi07_quality"": ""medium"", ""human_fetched_at"": ""2026-05-12T22:03:09.167361+03:00"", ""human_run_id"": ""hi06_spf_20260512_185043"", ""nearest_transmitter_km"": 2.68, ""transmitter_count"": 155, ""transmitter_type"": ""communication""}"
e299922a-1670-4aff-acda-fd80600af9af,Mondi Steti power station,CZ,50.460918,14.375854,nuscale_voygr6,HI-07,,,,1.5,scored,Very dense or nearby transmitter proxy: >100 transmitter-like features in radius or nearest feature < 2 km. Power class not measured.,,"{""hi07_comment"": ""Nearest transmitter: lighting, 1.3 km. Total within 25 km: 148. Source: OSM Overpass [FIX-04 transmitter]"", ""hi07_quality"": ""medium"", ""human_fetched_at"": ""2026-05-12T22:04:07.377252+03:00"", ""human_run_id"": ""hi06_spf_20260512_185043"", ""nearest_transmitter_km"": 1.26, ""transmitter_count"": 148, ""transmitter_type"": ""lighting""}"
4eb7914c-e000-403c-b5a5-c350de67bb83,Mostecka Power Station,CZ,50.503,13.63617,nuscale_voygr6,HI-07,,,,1.5,scored,Very dense or nearby transmitter proxy: >100 transmitter-like features in radius or nearest feature < 2 km. Power class not measured.,,"{""hi07_comment"": ""Nearest transmitter: observation, 1.1 km. Total within 25 km: 156. Source: OSM Overpass [FIX-04 transmitter]"", ""hi07_quality"": ""medium"", ""human_fetched_at"": ""2026-05-12T22:04:25.449922+03:00"", ""human_run_id"": ""hi06_spf_20260512_185043"", ""nearest_transmitter_km"": 1.1, ""transmitter_count"": 156, ""transmitter_type"": ""observation""}"
44d40276-5847-41d1-ab9b-887bbdc1bcfe,Olomouc power station,CZ,49.570879,17.304121,nuscale_voygr6,HI-07,,,,1.5,scored,Very dense or nearby transmitter proxy: >100 transmitter-like features in radius or nearest feature < 2 km. Power class not measured.,,"{""hi07_comment"": ""Nearest transmitter: communication, 0.5 km. Total within 25 km: 235. Source: OSM Overpass [FIX-04 transmitter]"", ""hi07_quality"": ""medium"", ""human_fetched_at"": ""2026-05-12T22:05:26.382705+03:00"", ""human_run_id"": ""hi06_spf_20260512_185043"", ""nearest_transmitter_km"": 0.49, ""transmitter_count"": 235, ""transmitter_type"": ""communication""}"
05daa6b2-bb29-4c26-a459-855626673955,Opatovice power station,CZ,50.12283,15.790765,nuscale_voygr6,HI-07,,,,1.5,scored,Very dense or nearby transmitter proxy: >100 transmitter-like features in radius or nearest feature < 2 km. Power class not measured.,,"{""hi07_comment"": ""Nearest transmitter: communication, 0.9 km. Total within 25 km: 466. Source: OSM Overpass [FIX-04 transmitter]"", ""hi07_quality"": ""medium"", ""human_fetched_at"": ""2026-05-12T22:05:40.018979+03:00"", ""human_run_id"": ""hi06_spf_20260512_185043"", ""nearest_transmitter_km"": 0.86, ""transmitter_count"": 466, ""transmitter_type"": ""communication""}"
9c4291f1-173b-467e-ae26-8cb01312c605,Plana Nad Luznici power station,CZ,49.368459,14.702139,nuscale_voygr6,HI-07,,,,1.5,scored,Very dense or nearby transmitter proxy: >100 transmitter-like features in radius or nearest feature < 2 km. Power class not measured.,,"{""hi07_comment"": ""Nearest transmitter: communication, 0.7 km. Total within 25 km: 196. Source: OSM Overpass [FIX-04 transmitter]"", ""hi07_quality"": ""medium"", ""human_fetched_at"": ""2026-05-12T22:05:55.405202+03:00"", ""human_run_id"": ""hi06_spf_20260512_185043"", ""nearest_transmitter_km"": 0.7, ""transmitter_count"": 196, ""transmitter_type"": ""communication""}"
97ed917e-acfa-4002-be89-4ec44972ab45,Plzen CHP power station,CZ,49.754333,13.398754,nuscale_voygr6,HI-07,,,,1.5,scored,Very dense or nearby transmitter proxy: >100 transmitter-like features in radius or nearest feature < 2 km. Power class not measured.,,"{""hi07_comment"": ""Nearest transmitter: communication, 0.9 km. Total within 25 km: 187. Source: OSM Overpass [FIX-04 transmitter]"", ""hi07_quality"": ""medium"", ""human_fetched_at"": ""2026-05-12T22:06:20.725560+03:00"", ""human_run_id"": ""hi06_spf_20260512_185043"", ""nearest_transmitter_km"": 0.94, ""transmitter_count"": 187, ""transmitter_type"": ""communication""}"
a6bf9980-016e-47ea-b40a-82e384a9eb43,Plzenska energetika ELU III power station,CZ,49.739529,13.345461,nuscale_voygr6,HI-07,,,,1.5,scored,Very dense or nearby transmitter proxy: >100 transmitter-like features in radius or nearest feature < 2 km. Power class not measured.,,"{""hi07_comment"": ""Nearest transmitter: communication, 1.3 km. Total within 25 km: 190. Source: OSM Overpass [FIX-04 transmitter]"", ""hi07_quality"": ""medium"", ""human_fetched_at"": ""2026-05-12T22:06:40.250406+03:00"", ""human_run_id"": ""hi06_spf_20260512_185043"", ""nearest_transmitter_km"": 1.35, ""transmitter_count"": 190, ""transmitter_type"": ""communication""}"
32484f7b-18a4-4b21-8e6a-6d68ae099d02,Pocerady power station,CZ,50.4267,13.6747,nuscale_voygr6,HI-07,,,,1.5,scored,Very dense or nearby transmitter proxy: >100 transmitter-like features in radius or nearest feature < 2 km. Power class not measured.,,"{""hi07_comment"": ""Nearest transmitter: mast, 3.7 km. Total within 25 km: 146. Source: OSM Overpass [FIX-04 transmitter]"", ""hi07_quality"": ""medium"", ""human_fetched_at"": ""2026-05-12T22:06:58.707423+03:00"", ""human_run_id"": ""hi06_spf_20260512_185043"", ""nearest_transmitter_km"": 3.67, ""transmitter_count"": 146, ""transmitter_type"": ""mast""}"
20bce4f5-ca0b-4145-87e5-0a0694343f31,Porici power station,CZ,50.572812,15.963992,nuscale_voygr6,HI-07,,,,1.5,scored,Very dense or nearby transmitter proxy: >100 transmitter-like features in radius or nearest feature < 2 km. Power class not measured.,,"{""hi07_comment"": ""Nearest transmitter: communication, 1.2 km. Total within 25 km: 144. Source: OSM Overpass [FIX-04 transmitter]"", ""hi07_quality"": ""medium"", ""human_fetched_at"": ""2026-05-12T22:07:59.917005+03:00"", ""human_run_id"": ""hi06_spf_20260512_185043"", ""nearest_transmitter_km"": 1.21, ""transmitter_count"": 144, ""transmitter_type"": ""communication""}"
60baaa73-dd8c-4865-bb18-6c73d63a4052,Prerov power station,CZ,49.445061,17.428525,nuscale_voygr6,HI-07,,,,1.5,scored,Very dense or nearby transmitter proxy: >100 transmitter-like features in radius or nearest feature < 2 km. Power class not measured.,,"{""hi07_comment"": ""Nearest transmitter: lighting, 1.0 km. Total within 25 km: 234. Source: OSM Overpass [FIX-04 transmitter]"", ""hi07_quality"": ""medium"", ""human_fetched_at"": ""2026-05-12T22:08:21.002224+03:00"", ""human_run_id"": ""hi06_spf_20260512_185043"", ""nearest_transmitter_km"": 0.98, ""transmitter_count"": 234, ""transmitter_type"": ""lighting""}"
0ae8917b-a70b-41e5-82de-e4963a7686e3,Pribram power station,CZ,49.696,14.003,nuscale_voygr6,HI-07,,,,1.5,scored,Very dense or nearby transmitter proxy: >100 transmitter-like features in radius or nearest feature < 2 km. Power class not measured.,,"{""hi07_comment"": ""Nearest transmitter: communication, 1.0 km. Total within 25 km: 143. Source: OSM Overpass [FIX-04 transmitter]"", ""hi07_quality"": ""medium"", ""human_fetched_at"": ""2026-05-12T22:08:34.904492+03:00"", ""human_run_id"": ""hi06_spf_20260512_185043"", ""nearest_transmitter_km"": 1.04, ""transmitter_count"": 143, ""transmitter_type"": ""communication""}"
b0ba194f-3c80-4725-b1e7-fa5277b38833,Prunerov power station,CZ,50.415122,13.255958,nuscale_voygr6,HI-07,,,,1.5,scored,Very dense or nearby transmitter proxy: >100 transmitter-like features in radius or nearest feature < 2 km. Power class not measured.,,"{""hi07_comment"": ""Nearest transmitter: communication, 0.4 km. Total within 25 km: 151. Source: OSM Overpass [FIX-04 transmitter]"", ""hi07_quality"": ""medium"", ""human_fetched_at"": ""2026-05-12T22:09:14.685993+03:00"", ""human_run_id"": ""hi06_spf_20260512_185043"", ""nearest_transmitter_km"": 0.43, ""transmitter_count"": 151, ""transmitter_type"": ""communication""}"
20c9d02d-e9e8-40b3-a11e-7a2e01018d8c,Sko-Energo power station,CZ,50.41721,14.93293,nuscale_voygr6,HI-07,,,,1.5,scored,Very dense or nearby transmitter proxy: >100 transmitter-like features in radius or nearest feature < 2 km. Power class not measured.,,"{""hi07_comment"": ""Nearest transmitter: lighting, 1.1 km. Total within 25 km: 155. Source: OSM Overpass [FIX-04 transmitter]"", ""hi07_quality"": ""medium"", ""human_fetched_at"": ""2026-05-12T22:09:35.918798+03:00"", ""human_run_id"": ""hi06_spf_20260512_185043"", ""nearest_transmitter_km"": 1.08, ""transmitter_count"": 155, ""transmitter_type"": ""lighting""}"
14e88076-ce0e-4693-bca4-e80f3f013c7f,Tisova power station,CZ,50.149402,12.610338,nuscale_voygr6,HI-07,,,,1.5,scored,Very dense or nearby transmitter proxy: >100 transmitter-like features in radius or nearest feature < 2 km. Power class not measured.,,"{""hi07_comment"": ""Nearest transmitter: communication, 2.7 km. Total within 25 km: 145. Source: OSM Overpass [FIX-04 transmitter]"", ""hi07_quality"": ""medium"", ""human_fetched_at"": ""2026-05-12T22:09:52.535271+03:00"", ""human_run_id"": ""hi06_spf_20260512_185043"", ""nearest_transmitter_km"": 2.69, ""transmitter_count"": 145, ""transmitter_type"": ""communication""}"
66c3f077-1ee6-41d7-8e6c-da374bb45139,Trebovice power station,CZ,49.831905,18.211305,nuscale_voygr6,HI-07,,,,1.5,scored,Very dense or nearby transmitter proxy: >100 transmitter-like features in radius or nearest feature < 2 km. Power class not measured.,,"{""hi07_comment"": ""Nearest transmitter: communication, 1.1 km. Total within 25 km: 174. Source: OSM Overpass [FIX-04 transmitter]"", ""hi07_quality"": ""medium"", ""human_fetched_at"": ""2026-05-12T22:10:06.108652+03:00"", ""human_run_id"": ""hi06_spf_20260512_185043"", ""nearest_transmitter_km"": 1.1, ""transmitter_count"": 174, ""transmitter_type"": ""communication""}"
63601ccc-3f20-4cbd-95cb-0fbeaf821c6a,Trinec-E3 power station,CZ,49.677778,18.672778,nuscale_voygr6,HI-07,,,,1.5,scored,Very dense or nearby transmitter proxy: >100 transmitter-like features in radius or nearest feature < 2 km. Power class not measured.,,"{""hi07_comment"": ""Nearest transmitter: antenna, 1.3 km. Total within 25 km: 170. Source: OSM Overpass [FIX-04 transmitter]"", ""hi07_quality"": ""medium"", ""human_fetched_at"": ""2026-05-12T22:10:28.989721+03:00"", ""human_run_id"": ""hi06_spf_20260512_185043"", ""nearest_transmitter_km"": 1.27, ""transmitter_count"": 170, ""transmitter_type"": ""antenna""}"
287cbb48-bb08-40dd-82c5-cfe1530dfbb9,Tusimice power station,CZ,50.381868,13.339973,nuscale_voygr6,HI-07,,,,1.5,scored,Very dense or nearby transmitter proxy: >100 transmitter-like features in radius or nearest feature < 2 km. Power class not measured.,,"{""hi07_comment"": ""Nearest transmitter: communication, 1.0 km. Total within 25 km: 90. Source: OSM Overpass [FIX-04 transmitter]"", ""hi07_quality"": ""medium"", ""human_fetched_at"": ""2026-05-12T22:10:51.429430+03:00"", ""human_run_id"": ""hi06_spf_20260512_185043"", ""nearest_transmitter_km"": 0.97, ""transmitter_count"": 90, ""transmitter_type"": ""communication""}"
5f4ed23c-cea2-41ef-a3e8-ac863e1bdcd6,Vresova TPS power station,CZ,50.255816,12.695936,nuscale_voygr6,HI-07,,,,1.5,scored,Very dense or nearby transmitter proxy: >100 transmitter-like features in radius or nearest feature < 2 km. Power class not measured.,,"{""hi07_comment"": ""Nearest transmitter: tower, 2.7 km. Total within 25 km: 129. Source: OSM Overpass [FIX-04 transmitter]"", ""hi07_quality"": ""medium"", ""human_fetched_at"": ""2026-05-12T22:11:06.287134+03:00"", ""human_run_id"": ""hi06_spf_20260512_185043"", ""nearest_transmitter_km"": 2.69, ""transmitter_count"": 129, ""transmitter_type"": ""tower""}"
aa38441d-aec7-4ae9-b4c3-68c5bf567db3,Zlin power station,CZ,49.225,17.654,nuscale_voygr6,HI-07,,,,1.5,scored,Very dense or nearby transmitter proxy: >100 transmitter-like features in radius or nearest feature < 2 km. Power class not measured.,,"{""hi07_comment"": ""Nearest transmitter: observation, 0.4 km. Total within 25 km: 152. Source: OSM Overpass [FIX-04 transmitter]"", ""hi07_quality"": ""medium"", ""human_fetched_at"": ""2026-05-12T22:11:24.901109+03:00"", ""human_run_id"": ""hi06_spf_20260512_185043"", ""nearest_transmitter_km"": 0.39, ""transmitter_count"": 152, ""transmitter_type"": ""observation""}"
7af0e000-3d19-4e5e-b504-f74897f1510c,Ploče power station,HR,43.05,17.433333,nuscale_voygr6,HI-07,,,,3.5,scored,Dense or near transmitter proxy: >25 features in radius or nearest feature < 5 km. Review RF/EMI controls.,,"{""hi07_comment"": ""Nearest transmitter: communication, 7.6 km. Total within 25 km: 27. Source: OSM Overpass [FIX-04 transmitter]"", ""hi07_quality"": ""medium"", ""human_fetched_at"": ""2026-05-12T22:11:36.084706+03:00"", ""human_run_id"": ""hi06_spf_20260512_185043"", ""nearest_transmitter_km"": 7.64, ""transmitter_count"": 27, ""transmitter_type"": ""communication""}"
ab151830-e5bd-46de-8400-01aa4c165366,Plomin power station,HR,45.136764,14.162702,nuscale_voygr6,HI-07,,,,1.5,scored,Very dense or nearby transmitter proxy: >100 transmitter-like features in radius or nearest feature < 2 km. Power class not measured.,,"{""hi07_comment"": ""Nearest transmitter: communication, 1.7 km. Total within 25 km: 41. Source: OSM Overpass [FIX-04 transmitter]"", ""hi07_quality"": ""medium"", ""human_fetched_at"": ""2026-05-12T22:11:51.072754+03:00"", ""human_run_id"": ""hi06_spf_20260512_185043"", ""nearest_transmitter_km"": 1.67, ""transmitter_count"": 41, ""transmitter_type"": ""communication""}"
ef325d90-6d2d-4f8f-89f2-3bc98beb149b,Bakony power station,HU,47.0956,17.558444,nuscale_voygr6,HI-07,,,,1.5,scored,Very dense or nearby transmitter proxy: >100 transmitter-like features in radius or nearest feature < 2 km. Power class not measured.,,"{""hi07_comment"": ""Nearest transmitter: mast, 1.7 km. Total within 25 km: 150. Source: OSM Overpass [FIX-04 transmitter]"", ""hi07_quality"": ""medium"", ""human_fetched_at"": ""2026-05-12T22:12:01.559661+03:00"", ""human_run_id"": ""hi06_spf_20260512_185043"", ""nearest_transmitter_km"": 1.65, ""transmitter_count"": 150, ""transmitter_type"": ""mast""}"
f2b3a729-602a-4b6b-acc9-004244f2e556,Banhida-II power station,HU,47.571057,18.365557,nuscale_voygr6,HI-07,,,,1.5,scored,Very dense or nearby transmitter proxy: >100 transmitter-like features in radius or nearest feature < 2 km. Power class not measured.,,"{""hi07_comment"": ""Nearest transmitter: water_tower, 0.1 km. Total within 25 km: 224. Source: OSM Overpass [FIX-04 transmitter]"", ""hi07_quality"": ""medium"", ""human_fetched_at"": ""2026-05-12T22:12:13.305597+03:00"", ""human_run_id"": ""hi06_spf_20260512_185043"", ""nearest_transmitter_km"": 0.13, ""transmitter_count"": 224, ""transmitter_type"": ""water_tower""}"
f7dcdb63-26e6-44cd-b440-ec14fe507d90,Borsod power station,HU,47.904814,21.055306,nuscale_voygr6,HI-07,,,,1.5,scored,Very dense or nearby transmitter proxy: >100 transmitter-like features in radius or nearest feature < 2 km. Power class not measured.,,"{""hi07_comment"": ""Nearest transmitter: water_tower, 1.2 km. Total within 25 km: 132. Source: OSM Overpass [FIX-04 transmitter]"", ""hi07_quality"": ""medium"", ""human_fetched_at"": ""2026-05-12T22:17:28.349075+03:00"", ""human_run_id"": ""hi06_spf_20260512_185043"", ""nearest_transmitter_km"": 1.17, ""transmitter_count"": 132, ""transmitter_type"": ""water_tower""}"
28b36531-865d-42ae-afb3-b8bad86f7014,Matra power station,HU,47.79027,20.06358,nuscale_voygr6,HI-07,,,,1.5,scored,Very dense or nearby transmitter proxy: >100 transmitter-like features in radius or nearest feature < 2 km. Power class not measured.,,"{""hi07_comment"": ""Nearest transmitter: water_tower, 0.2 km. Total within 25 km: 151. Source: OSM Overpass [FIX-04 transmitter]"", ""hi07_quality"": ""medium"", ""human_fetched_at"": ""2026-05-12T22:17:47.338933+03:00"", ""human_run_id"": ""hi06_spf_20260512_185043"", ""nearest_transmitter_km"": 0.23, ""transmitter_count"": 151, ""transmitter_type"": ""water_tower""}"
903d6b94-cd9d-4c32-b7e2-4bbfbee929df,Matraterenye power station,HU,48.016667,19.95,nuscale_voygr6,HI-07,,,,1.5,scored,Very dense or nearby transmitter proxy: >100 transmitter-like features in radius or nearest feature < 2 km. Power class not measured.,,"{""hi07_comment"": ""Nearest transmitter: communication, 1.2 km. Total within 25 km: 150. Source: OSM Overpass [FIX-04 transmitter]"", ""hi07_quality"": ""medium"", ""human_fetched_at"": ""2026-05-12T22:18:01.387699+03:00"", ""human_run_id"": ""hi06_spf_20260512_185043"", ""nearest_transmitter_km"": 1.21, ""transmitter_count"": 150, ""transmitter_type"": ""communication""}"
34d88ce8-d49c-4b19-af2d-6efcb1b72149,Mecsek Hills power station,HU,46.1,18.083333,nuscale_voygr6,HI-07,,,,1.5,scored,Very dense or nearby transmitter proxy: >100 transmitter-like features in radius or nearest feature < 2 km. Power class not measured.,,"{""hi07_comment"": ""Nearest transmitter: bell_tower, 2.5 km. Total within 25 km: 235. Source: OSM Overpass [FIX-04 transmitter]"", ""hi07_quality"": ""medium"", ""human_fetched_at"": ""2026-05-12T22:18:14.364685+03:00"", ""human_run_id"": ""hi06_spf_20260512_185043"", ""nearest_transmitter_km"": 2.54, ""transmitter_count"": 235, ""transmitter_type"": ""bell_tower""}"
997474f6-9bfd-4abd-a2ac-d8618db8f0b4,Mohacs power station,HU,45.99593,18.67985,nuscale_voygr6,HI-07,,,,1.5,scored,Very dense or nearby transmitter proxy: >100 transmitter-like features in radius or nearest feature < 2 km. Power class not measured.,,"{""hi07_comment"": ""Nearest transmitter: communication, 0.1 km. Total within 25 km: 170. Source: OSM Overpass [FIX-04 transmitter]"", ""hi07_quality"": ""medium"", ""human_fetched_at"": ""2026-05-12T22:18:28.697267+03:00"", ""human_run_id"": ""hi06_spf_20260512_185043"", ""nearest_transmitter_km"": 0.06, ""transmitter_count"": 170, ""transmitter_type"": ""communication""}"
651839d3-4e8f-4214-89aa-1f96ea221121,Oroszlány power station,HU,47.501741,18.271075,nuscale_voygr6,HI-07,,,,1.5,scored,Very dense or nearby transmitter proxy: >100 transmitter-like features in radius or nearest feature < 2 km. Power class not measured.,,"{""hi07_comment"": ""Nearest transmitter: mast, 0.2 km. Total within 25 km: 229. Source: OSM Overpass [FIX-04 transmitter]"", ""hi07_quality"": ""medium"", ""human_fetched_at"": ""2026-05-12T22:18:48.314514+03:00"", ""human_run_id"": ""hi06_spf_20260512_185043"", ""nearest_transmitter_km"": 0.23, ""transmitter_count"": 229, ""transmitter_type"": ""mast""}"
e1649639-2e45-4226-9c7a-783d2dcb6724,Pecs power station,HU,46.064103,18.263048,nuscale_voygr6,HI-07,,,,1.5,scored,Very dense or nearby transmitter proxy: >100 transmitter-like features in radius or nearest feature < 2 km. Power class not measured.,,"{""hi07_comment"": ""Nearest transmitter: communication, 1.0 km. Total within 25 km: 250. Source: OSM Overpass [FIX-04 transmitter]"", ""hi07_quality"": ""medium"", ""human_fetched_at"": ""2026-05-12T22:19:04.189843+03:00"", ""human_run_id"": ""hi06_spf_20260512_185043"", ""nearest_transmitter_km"": 1.04, ""transmitter_count"": 250, ""transmitter_type"": ""communication""}"
5de5f907-98e7-42d3-a7dd-cb65f839697b,Tiszapalkonya power station,HU,47.916826,21.075933,nuscale_voygr6,HI-07,,,,1.5,scored,Very dense or nearby transmitter proxy: >100 transmitter-like features in radius or nearest feature < 2 km. Power class not measured.,,"{""hi07_comment"": ""Nearest transmitter: communication, 1.5 km. Total within 25 km: 131. Source: OSM Overpass [FIX-04 transmitter]"", ""hi07_quality"": ""medium"", ""human_fetched_at"": ""2026-05-12T22:19:15.800711+03:00"", ""human_run_id"": ""hi06_spf_20260512_185043"", ""nearest_transmitter_km"": 1.52, ""transmitter_count"": 131, ""transmitter_type"": ""communication""}"
059b3ad4-7196-4e6b-b169-8605ceeed841,Torony power station,HU,47.23626,16.53706,nuscale_voygr6,HI-07,,,,1.5,scored,Very dense or nearby transmitter proxy: >100 transmitter-like features in radius or nearest feature < 2 km. Power class not measured.,,"{""hi07_comment"": ""Nearest transmitter: observation, 2.0 km. Total within 25 km: 206. Source: OSM Overpass [FIX-04 transmitter]"", ""hi07_quality"": ""medium"", ""human_fetched_at"": ""2026-05-12T22:19:31.343878+03:00"", ""human_run_id"": ""hi06_spf_20260512_185043"", ""nearest_transmitter_km"": 1.95, ""transmitter_count"": 206, ""transmitter_type"": ""observation""}"
1a5b8f8f-f4be-4514-8738-755d25e19b41,Kurzeme power station,LV,57.409408,21.594695,nuscale_voygr6,HI-07,,,,1.5,scored,Very dense or nearby transmitter proxy: >100 transmitter-like features in radius or nearest feature < 2 km. Power class not measured.,,"{""hi07_comment"": ""Nearest transmitter: lighting, 0.3 km. Total within 25 km: 194. Source: OSM Overpass [FIX-04 transmitter]"", ""hi07_quality"": ""medium"", ""human_fetched_at"": ""2026-05-12T22:19:44.059749+03:00"", ""human_run_id"": ""hi06_spf_20260512_185043"", ""nearest_transmitter_km"": 0.33, ""transmitter_count"": 194, ""transmitter_type"": ""lighting""}"
b3eb5dd2-98cf-40c4-b9ee-2a86fd066093,Kuchurgan power station,MD,46.629027,29.939714,nuscale_voygr6,HI-07,,,,1.5,scored,Very dense or nearby transmitter proxy: >100 transmitter-like features in radius or nearest feature < 2 km. Power class not measured.,,"{""hi07_comment"": ""Nearest transmitter: mast, 0.5 km. Total within 25 km: 85. Source: OSM Overpass [FIX-04 transmitter]"", ""hi07_quality"": ""medium"", ""human_fetched_at"": ""2026-05-12T22:19:59.985184+03:00"", ""human_run_id"": ""hi06_spf_20260512_185043"", ""nearest_transmitter_km"": 0.47, ""transmitter_count"": 85, ""transmitter_type"": ""mast""}"
3795824b-cb76-48dd-a65c-764c757ddc76,Bar power station,ME,42.1,19.1,nuscale_voygr6,HI-07,,,,1.5,scored,Very dense or nearby transmitter proxy: >100 transmitter-like features in radius or nearest feature < 2 km. Power class not measured.,,"{""hi07_comment"": ""Nearest transmitter: tower, 0.5 km. Total within 25 km: 56. Source: OSM Overpass [FIX-04 transmitter]"", ""hi07_quality"": ""medium"", ""human_fetched_at"": ""2026-05-12T22:20:13.329299+03:00"", ""human_run_id"": ""hi06_spf_20260512_185043"", ""nearest_transmitter_km"": 0.46, ""transmitter_count"": 56, ""transmitter_type"": ""tower""}"
e77a7e7f-11ba-4e61-98da-f44471bc52ab,Berane power station,ME,42.84,19.86,nuscale_voygr6,HI-07,,,,1.5,scored,Very dense or nearby transmitter proxy: >100 transmitter-like features in radius or nearest feature < 2 km. Power class not measured.,,"{""hi07_comment"": ""Nearest transmitter: observation, 1.0 km. Total within 25 km: 12. Source: OSM Overpass [FIX-04 transmitter]"", ""hi07_quality"": ""medium"", ""human_fetched_at"": ""2026-05-12T22:20:32.778691+03:00"", ""human_run_id"": ""hi06_spf_20260512_185043"", ""nearest_transmitter_km"": 1.02, ""transmitter_count"": 12, ""transmitter_type"": ""observation""}"
a851b5f3-8392-4766-82b9-379c6c04fe5d,Maoce Power Station,ME,43.36,19.36,nuscale_voygr6,HI-07,,,,3.5,scored,Dense or near transmitter proxy: >25 features in radius or nearest feature < 5 km. Review RF/EMI controls.,,"{""hi07_comment"": ""Nearest transmitter: communication, 2.7 km. Total within 25 km: 16. Source: OSM Overpass [FIX-04 transmitter]"", ""hi07_quality"": ""medium"", ""human_fetched_at"": ""2026-05-12T22:20:43.658638+03:00"", ""human_run_id"": ""hi06_spf_20260512_185043"", ""nearest_transmitter_km"": 2.66, ""transmitter_count"": 16, ""transmitter_type"": ""communication""}"
a9385c82-79b7-4f8d-b609-0a12ed946fe6,Pljevlja power station,ME,43.334574,19.32714,nuscale_voygr6,HI-07,,,,1.5,scored,Very dense or nearby transmitter proxy: >100 transmitter-like features in radius or nearest feature < 2 km. Power class not measured.,,"{""hi07_comment"": ""Nearest transmitter: mast, 0.3 km. Total within 25 km: 14. Source: OSM Overpass [FIX-04 transmitter]"", ""hi07_quality"": ""medium"", ""human_fetched_at"": ""2026-05-12T22:20:59.021468+03:00"", ""human_run_id"": ""hi06_spf_20260512_185043"", ""nearest_transmitter_km"": 0.27, ""transmitter_count"": 14, ""transmitter_type"": ""mast""}"
1739b1b7-a6f3-466c-9dfa-3d1de9d5b6db,Bitola power station,MK,41.05832,21.484266,nuscale_voygr6,HI-07,,,,1.5,scored,Very dense or nearby transmitter proxy: >100 transmitter-like features in radius or nearest feature < 2 km. Power class not measured.,,"{""hi07_comment"": ""Nearest transmitter: mast, 0.2 km. Total within 25 km: 26. Source: OSM Overpass [FIX-04 transmitter]"", ""hi07_quality"": ""medium"", ""human_fetched_at"": ""2026-05-12T22:21:11.361410+03:00"", ""human_run_id"": ""hi06_spf_20260512_185043"", ""nearest_transmitter_km"": 0.22, ""transmitter_count"": 26, ""transmitter_type"": ""mast""}"
7bff5ef2-646d-4b83-83b0-7f3da32f0254,Mariovo power station,MK,41.122815,21.805115,nuscale_voygr6,HI-07,,,,1.5,scored,Very dense or nearby transmitter proxy: >100 transmitter-like features in radius or nearest feature < 2 km. Power class not measured.,,"{""hi07_comment"": ""Nearest transmitter: mast, 1.6 km. Total within 25 km: 7. Source: OSM Overpass [FIX-04 transmitter]"", ""hi07_quality"": ""medium"", ""human_fetched_at"": ""2026-05-12T22:21:25.728824+03:00"", ""human_run_id"": ""hi06_spf_20260512_185043"", ""nearest_transmitter_km"": 1.57, ""transmitter_count"": 7, ""transmitter_type"": ""mast""}"
83d3abe4-2049-47ad-a66b-46034edb7569,Negotino power station,MK,41.483333,22.1,nuscale_voygr6,HI-07,,,,3.5,scored,Dense or near transmitter proxy: >25 features in radius or nearest feature < 5 km. Review RF/EMI controls.,,"{""hi07_comment"": ""Nearest transmitter: mast, 4.5 km. Total within 25 km: 7. Source: OSM Overpass [FIX-04 transmitter]"", ""hi07_quality"": ""medium"", ""human_fetched_at"": ""2026-05-12T22:21:40.870595+03:00"", ""human_run_id"": ""hi06_spf_20260512_185043"", ""nearest_transmitter_km"": 4.5, ""transmitter_count"": 7, ""transmitter_type"": ""mast""}"
756218bb-3f16-443e-b6c6-400cd0ce2f87,Oslomej power station,MK,41.582133,21.000288,nuscale_voygr6,HI-07,,,,1.5,scored,Very dense or nearby transmitter proxy: >100 transmitter-like features in radius or nearest feature < 2 km. Power class not measured.,,"{""hi07_comment"": ""Nearest transmitter: communication, 1.4 km. Total within 25 km: 15. Source: OSM Overpass [FIX-04 transmitter]"", ""hi07_quality"": ""medium"", ""human_fetched_at"": ""2026-05-12T22:21:58.564761+03:00"", ""human_run_id"": ""hi06_spf_20260512_185043"", ""nearest_transmitter_km"": 1.44, ""transmitter_count"": 15, ""transmitter_type"": ""communication""}"
e4e3b5f0-7038-47a5-84e3-04eb07b3c4d7,Adamow power station,PL,52.012307,18.546212,nuscale_voygr6,HI-07,,,,1.5,scored,Very dense or nearby transmitter proxy: >100 transmitter-like features in radius or nearest feature < 2 km. Power class not measured.,,"{""hi07_comment"": ""Nearest transmitter: mast, 0.3 km. Total within 25 km: 97. Source: OSM Overpass [FIX-04 transmitter]"", ""hi07_quality"": ""medium"", ""human_fetched_at"": ""2026-05-12T22:22:11.010877+03:00"", ""human_run_id"": ""hi06_spf_20260512_185043"", ""nearest_transmitter_km"": 0.3, ""transmitter_count"": 97, ""transmitter_type"": ""mast""}"
d3b5a049-6bff-400b-9312-96985f03acea,Bedzin power station,PL,50.303889,19.137778,nuscale_voygr6,HI-07,,,,1.5,scored,Very dense or nearby transmitter proxy: >100 transmitter-like features in radius or nearest feature < 2 km. Power class not measured.,,"{""hi07_comment"": ""Nearest transmitter: mast, 0.2 km. Total within 25 km: 497. Source: OSM Overpass [FIX-04 transmitter]"", ""hi07_quality"": ""medium"", ""human_fetched_at"": ""2026-05-12T22:22:25.672519+03:00"", ""human_run_id"": ""hi06_spf_20260512_185043"", ""nearest_transmitter_km"": 0.25, ""transmitter_count"": 497, ""transmitter_type"": ""mast""}"
8e485f8a-5c68-4541-ab1d-77783f6fcb2d,Belchatow power station,PL,51.266389,19.330556,nuscale_voygr6,HI-07,,,,1.5,scored,Very dense or nearby transmitter proxy: >100 transmitter-like features in radius or nearest feature < 2 km. Power class not measured.,,"{""hi07_comment"": ""Nearest transmitter: mast, 0.7 km. Total within 25 km: 100. Source: OSM Overpass [FIX-04 transmitter]"", ""hi07_quality"": ""medium"", ""human_fetched_at"": ""2026-05-12T22:22:37.971777+03:00"", ""human_run_id"": ""hi06_spf_20260512_185043"", ""nearest_transmitter_km"": 0.71, ""transmitter_count"": 100, ""transmitter_type"": ""mast""}"
06641fea-8997-4b69-a618-6afa34b82591,Bialystok power station,PL,53.147965,23.169649,nuscale_voygr6,HI-07,,,,1.5,scored,Very dense or nearby transmitter proxy: >100 transmitter-like features in radius or nearest feature < 2 km. Power class not measured.,,"{""hi07_comment"": ""Nearest transmitter: mast, 0.2 km. Total within 25 km: 95. Source: OSM Overpass [FIX-04 transmitter]"", ""hi07_quality"": ""medium"", ""human_fetched_at"": ""2026-05-12T22:22:48.817775+03:00"", ""human_run_id"": ""hi06_spf_20260512_185043"", ""nearest_transmitter_km"": 0.21, ""transmitter_count"": 95, ""transmitter_type"": ""mast""}"
73fe8f06-c53b-4877-9c1d-5caf3d8f2749,Bielsko-Biala power station,PL,49.811696,19.052943,nuscale_voygr6,HI-07,,,,1.5,scored,Very dense or nearby transmitter proxy: >100 transmitter-like features in radius or nearest feature < 2 km. Power class not measured.,,"{""hi07_comment"": ""Nearest transmitter: mast, 0.2 km. Total within 25 km: 216. Source: OSM Overpass [FIX-04 transmitter]"", ""hi07_quality"": ""medium"", ""human_fetched_at"": ""2026-05-12T22:23:00.890701+03:00"", ""human_run_id"": ""hi06_spf_20260512_185043"", ""nearest_transmitter_km"": 0.2, ""transmitter_count"": 216, ""transmitter_type"": ""mast""}"
ccc15bde-1c5a-40bf-8f09-2fcb1e896ce5,Blachownia power station,PL,50.783333,18.966667,nuscale_voygr6,HI-07,,,,1.5,scored,Very dense or nearby transmitter proxy: >100 transmitter-like features in radius or nearest feature < 2 km. Power class not measured.,,"{""hi07_comment"": ""Nearest transmitter: mast, 0.2 km. Total within 25 km: 158. Source: OSM Overpass [FIX-04 transmitter]"", ""hi07_quality"": ""medium"", ""human_fetched_at"": ""2026-05-12T22:23:17.372671+03:00"", ""human_run_id"": ""hi06_spf_20260512_185043"", ""nearest_transmitter_km"": 0.17, ""transmitter_count"": 158, ""transmitter_type"": ""mast""}"
9f4a0d6c-e2fa-4e9b-b412-d779d4abf82c,Bydgoszcz power station,PL,53.09918,18.0889,nuscale_voygr6,HI-07,,,,1.5,scored,Very dense or nearby transmitter proxy: >100 transmitter-like features in radius or nearest feature < 2 km. Power class not measured.,,"{""hi07_comment"": ""Nearest transmitter: lighting, 0.2 km. Total within 25 km: 216. Source: OSM Overpass [FIX-04 transmitter]"", ""hi07_quality"": ""medium"", ""human_fetched_at"": ""2026-05-12T22:23:32.582939+03:00"", ""human_run_id"": ""hi06_spf_20260512_185043"", ""nearest_transmitter_km"": 0.17, ""transmitter_count"": 216, ""transmitter_type"": ""lighting""}"
a91dfe3d-93e0-43a1-99d2-41abdd1fc2ce,Chorzow Elcho power station,PL,50.307464,18.969459,nuscale_voygr6,HI-07,,,,1.5,scored,Very dense or nearby transmitter proxy: >100 transmitter-like features in radius or nearest feature < 2 km. Power class not measured.,,"{""hi07_comment"": ""Nearest transmitter: mast, 0.2 km. Total within 25 km: 500. Source: OSM Overpass [FIX-04 transmitter]"", ""hi07_quality"": ""medium"", ""human_fetched_at"": ""2026-05-12T22:23:50.115803+03:00"", ""human_run_id"": ""hi06_spf_20260512_185043"", ""nearest_transmitter_km"": 0.17, ""transmitter_count"": 500, ""transmitter_type"": ""mast""}"
a6b51b4f-ba1d-49cd-bc99-8898acdbeb78,Czeczott power station,PL,49.966667,18.95,nuscale_voygr6,HI-07,,,,1.5,scored,Very dense or nearby transmitter proxy: >100 transmitter-like features in radius or nearest feature < 2 km. Power class not measured.,,"{""hi07_comment"": ""Nearest transmitter: communication, 0.4 km. Total within 25 km: 253. Source: OSM Overpass [FIX-04 transmitter]"", ""hi07_quality"": ""medium"", ""human_fetched_at"": ""2026-05-12T22:24:04.416762+03:00"", ""human_run_id"": ""hi06_spf_20260512_185043"", ""nearest_transmitter_km"": 0.38, ""transmitter_count"": 253, ""transmitter_type"": ""communication""}"
b789a244-7d29-4be3-afe4-2f45d7f11eab,Czestochowa CHP power station,PL,50.794406,19.14242,nuscale_voygr6,HI-07,,,,1.5,scored,Very dense or nearby transmitter proxy: >100 transmitter-like features in radius or nearest feature < 2 km. Power class not measured.,,"{""hi07_comment"": ""Nearest transmitter: mast, 0.1 km. Total within 25 km: 168. Source: OSM Overpass [FIX-04 transmitter]"", ""hi07_quality"": ""medium"", ""human_fetched_at"": ""2026-05-12T22:24:21.403954+03:00"", ""human_run_id"": ""hi06_spf_20260512_185043"", ""nearest_transmitter_km"": 0.09, ""transmitter_count"": 168, ""transmitter_type"": ""mast""}"
558e7bff-5b5d-4666-9ca3-ec02f2269aab,Dolna Odra power station,PL,53.20778,14.46722,nuscale_voygr6,HI-07,,,,1.5,scored,Very dense or nearby transmitter proxy: >100 transmitter-like features in radius or nearest feature < 2 km. Power class not measured.,,"{""hi07_comment"": ""Nearest transmitter: communication, 0.1 km. Total within 25 km: 222. Source: OSM Overpass [FIX-04 transmitter]"", ""hi07_quality"": ""medium"", ""human_fetched_at"": ""2026-05-12T22:24:37.010324+03:00"", ""human_run_id"": ""hi06_spf_20260512_185043"", ""nearest_transmitter_km"": 0.12, ""transmitter_count"": 222, ""transmitter_type"": ""communication""}"
e9a1ae49-ff79-462c-af4e-7c6843221d36,Gdansk-2 power station,PL,54.378201,18.641284,nuscale_voygr6,HI-07,,,,1.5,scored,Very dense or nearby transmitter proxy: >100 transmitter-like features in radius or nearest feature < 2 km. Power class not measured.,,"{""hi07_comment"": ""Nearest transmitter: communication, 0.4 km. Total within 25 km: 282. Source: OSM Overpass [FIX-04 transmitter]"", ""hi07_quality"": ""medium"", ""human_fetched_at"": ""2026-05-12T22:24:48.951595+03:00"", ""human_run_id"": ""hi06_spf_20260512_185043"", ""nearest_transmitter_km"": 0.37, ""transmitter_count"": 282, ""transmitter_type"": ""communication""}"
ad7a9c00-0c75-411f-8f89-859e603df1e6,Gdynia-3 power station,PL,54.553355,18.480791,nuscale_voygr6,HI-07,,,,1.5,scored,Very dense or nearby transmitter proxy: >100 transmitter-like features in radius or nearest feature < 2 km. Power class not measured.,,"{""hi07_comment"": ""Nearest transmitter: antenna, 0.0 km. Total within 25 km: 252. Source: OSM Overpass [FIX-04 transmitter]"", ""hi07_quality"": ""medium"", ""human_fetched_at"": ""2026-05-12T22:25:05.376896+03:00"", ""human_run_id"": ""hi06_spf_20260512_185043"", ""nearest_transmitter_km"": 0.0, ""transmitter_count"": 252, ""transmitter_type"": ""antenna""}"
416aab55-6fd9-4a0a-b8f8-796fb62d86a5,Gliwice Works power station,PL,50.317682,18.626547,nuscale_voygr6,HI-07,,,,1.5,scored,Very dense or nearby transmitter proxy: >100 transmitter-like features in radius or nearest feature < 2 km. Power class not measured.,,"{""hi07_comment"": ""Nearest transmitter: mast, 1.4 km. Total within 25 km: 300. Source: OSM Overpass [FIX-04 transmitter]"", ""hi07_quality"": ""medium"", ""human_fetched_at"": ""2026-05-12T22:25:17.521783+03:00"", ""human_run_id"": ""hi06_spf_20260512_185043"", ""nearest_transmitter_km"": 1.38, ""transmitter_count"": 300, ""transmitter_type"": ""mast""}"
40650551-0c9c-45ea-bac6-befdb0cb5909,Gorzow power station,PL,52.7504,15.2712,nuscale_voygr6,HI-07,,,,1.5,scored,Very dense or nearby transmitter proxy: >100 transmitter-like features in radius or nearest feature < 2 km. Power class not measured.,,"{""hi07_comment"": ""Nearest transmitter: communication, 0.1 km. Total within 25 km: 117. Source: OSM Overpass [FIX-04 transmitter]"", ""hi07_quality"": ""medium"", ""human_fetched_at"": ""2026-05-12T22:25:27.838453+03:00"", ""human_run_id"": ""hi06_spf_20260512_185043"", ""nearest_transmitter_km"": 0.05, ""transmitter_count"": 117, ""transmitter_type"": ""communication""}"
917008f5-fba1-4ef7-b82d-9aded2b69267,Gubin Power Project,PL,51.948982,14.728458,nuscale_voygr6,HI-07,,,,1.5,scored,Very dense or nearby transmitter proxy: >100 transmitter-like features in radius or nearest feature < 2 km. Power class not measured.,,"{""hi07_comment"": ""Nearest transmitter: communication, 1.3 km. Total within 25 km: 101. Source: OSM Overpass [FIX-04 transmitter]"", ""hi07_quality"": ""medium"", ""human_fetched_at"": ""2026-05-12T22:25:41.581518+03:00"", ""human_run_id"": ""hi06_spf_20260512_185043"", ""nearest_transmitter_km"": 1.27, ""transmitter_count"": 101, ""transmitter_type"": ""communication""}"
29479c3f-8db8-4f62-90e8-59ad6739f90b,Halemba power station,PL,50.2325,18.851944,nuscale_voygr6,HI-07,,,,1.5,scored,Very dense or nearby transmitter proxy: >100 transmitter-like features in radius or nearest feature < 2 km. Power class not measured.,,"{""hi07_comment"": ""Nearest transmitter: mast, 0.2 km. Total within 25 km: 480. Source: OSM Overpass [FIX-04 transmitter]"", ""hi07_quality"": ""medium"", ""human_fetched_at"": ""2026-05-12T22:26:04.689058+03:00"", ""human_run_id"": ""hi06_spf_20260512_185043"", ""nearest_transmitter_km"": 0.18, ""transmitter_count"": 480, ""transmitter_type"": ""mast""}"
c4d7f628-c108-4496-ac02-6076ea3ae448,Jaworzno power station,PL,50.213351,19.22806,nuscale_voygr6,HI-07,,,,1.5,scored,Very dense or nearby transmitter proxy: >100 transmitter-like features in radius or nearest feature < 2 km. Power class not measured.,,"{""hi07_comment"": ""Nearest transmitter: mast, 0.4 km. Total within 25 km: 493. Source: OSM Overpass [FIX-04 transmitter]"", ""hi07_quality"": ""medium"", ""human_fetched_at"": ""2026-05-12T22:26:21.942266+03:00"", ""human_run_id"": ""hi06_spf_20260512_185043"", ""nearest_transmitter_km"": 0.37, ""transmitter_count"": 493, ""transmitter_type"": ""mast""}"
399668d6-bfed-4e5b-bf38-9ee5902101c3,Katowice PKE power station,PL,50.28568,19.05438,nuscale_voygr6,HI-07,,,,1.5,scored,Very dense or nearby transmitter proxy: >100 transmitter-like features in radius or nearest feature < 2 km. Power class not measured.,,"{""hi07_comment"": ""Nearest transmitter: mast, 0.5 km. Total within 25 km: 517. Source: OSM Overpass [FIX-04 transmitter]"", ""hi07_quality"": ""medium"", ""human_fetched_at"": ""2026-05-12T22:26:36.550048+03:00"", ""human_run_id"": ""hi06_spf_20260512_185043"", ""nearest_transmitter_km"": 0.49, ""transmitter_count"": 517, ""transmitter_type"": ""mast""}"
239ea0eb-a9c4-43cc-ac5f-35271bdc6613,Kedzierzyn CCS Project,PL,50.34988,18.226184,nuscale_voygr6,HI-07,,,,1.5,scored,Very dense or nearby transmitter proxy: >100 transmitter-like features in radius or nearest feature < 2 km. Power class not measured.,,"{""hi07_comment"": ""Nearest transmitter: mast, 0.1 km. Total within 25 km: 165. Source: OSM Overpass [FIX-04 transmitter]"", ""hi07_quality"": ""medium"", ""human_fetched_at"": ""2026-05-12T22:26:51.463811+03:00"", ""human_run_id"": ""hi06_spf_20260512_185043"", ""nearest_transmitter_km"": 0.1, ""transmitter_count"": 165, ""transmitter_type"": ""mast""}"
c39819ef-6798-4c01-9a82-9eead65b5f56,Konin power station,PL,52.283657,18.269475,nuscale_voygr6,HI-07,,,,1.5,scored,Very dense or nearby transmitter proxy: >100 transmitter-like features in radius or nearest feature < 2 km. Power class not measured.,,"{""hi07_comment"": ""Nearest transmitter: communication, 0.4 km. Total within 25 km: 123. Source: OSM Overpass [FIX-04 transmitter]"", ""hi07_quality"": ""medium"", ""human_fetched_at"": ""2026-05-12T22:27:08.355884+03:00"", ""human_run_id"": ""hi06_spf_20260512_185043"", ""nearest_transmitter_km"": 0.38, ""transmitter_count"": 123, ""transmitter_type"": ""communication""}"
4411a22e-4e8a-4715-b000-1aae34494b68,Kozienice power station,PL,51.58293,21.54779,nuscale_voygr6,HI-07,,,,1.5,scored,Very dense or nearby transmitter proxy: >100 transmitter-like features in radius or nearest feature < 2 km. Power class not measured.,,"{""hi07_comment"": ""Nearest transmitter: mast, 1.1 km. Total within 25 km: 80. Source: OSM Overpass [FIX-04 transmitter]"", ""hi07_quality"": ""medium"", ""human_fetched_at"": ""2026-05-12T22:27:24.699436+03:00"", ""human_run_id"": ""hi06_spf_20260512_185043"", ""nearest_transmitter_km"": 1.08, ""transmitter_count"": 80, ""transmitter_type"": ""mast""}"
409dde58-5df1-44d9-b5ec-f8e2edd86786,Krakow-Leg power station,PL,50.054021,20.006018,nuscale_voygr6,HI-07,,,,1.5,scored,Very dense or nearby transmitter proxy: >100 transmitter-like features in radius or nearest feature < 2 km. Power class not measured.,,"{""hi07_comment"": ""Nearest transmitter: mast, 0.3 km. Total within 25 km: 466. Source: OSM Overpass [FIX-04 transmitter]"", ""hi07_quality"": ""medium"", ""human_fetched_at"": ""2026-05-12T22:27:40.970699+03:00"", ""human_run_id"": ""hi06_spf_20260512_185043"", ""nearest_transmitter_km"": 0.26, ""transmitter_count"": 466, ""transmitter_type"": ""mast""}"
27fc89b3-ee57-44ac-8073-a700bc8d12e8,Lagisza power station,PL,50.35016,19.14351,nuscale_voygr6,HI-07,,,,1.5,scored,Very dense or nearby transmitter proxy: >100 transmitter-like features in radius or nearest feature < 2 km. Power class not measured.,,"{""hi07_comment"": ""Nearest transmitter: mast, 0.3 km. Total within 25 km: 472. Source: OSM Overpass [FIX-04 transmitter]"", ""hi07_quality"": ""medium"", ""human_fetched_at"": ""2026-05-12T22:27:55.623013+03:00"", ""human_run_id"": ""hi06_spf_20260512_185043"", ""nearest_transmitter_km"": 0.27, ""transmitter_count"": 472, ""transmitter_type"": ""mast""}"
de6735bd-7a79-43c8-baad-1fe23d50d6f0,Laziska power station,PL,50.134526,18.844352,nuscale_voygr6,HI-07,,,,1.5,scored,Very dense or nearby transmitter proxy: >100 transmitter-like features in radius or nearest feature < 2 km. Power class not measured.,,"{""hi07_comment"": ""Nearest transmitter: mast, 0.3 km. Total within 25 km: 404. Source: OSM Overpass [FIX-04 transmitter]"", ""hi07_quality"": ""medium"", ""human_fetched_at"": ""2026-05-12T22:28:36.969227+03:00"", ""human_run_id"": ""hi06_spf_20260512_185043"", ""nearest_transmitter_km"": 0.27, ""transmitter_count"": 404, ""transmitter_type"": ""mast""}"
0b187a1d-55de-47cf-96a3-06abc8ff2476,Leczna Power Station (Bogdanka SA),PL,51.3009,22.88211,nuscale_voygr6,HI-07,,,,1.5,scored,Very dense or nearby transmitter proxy: >100 transmitter-like features in radius or nearest feature < 2 km. Power class not measured.,,"{""hi07_comment"": ""Nearest transmitter: lighting, 0.4 km. Total within 25 km: 155. Source: OSM Overpass [FIX-04 transmitter]"", ""hi07_quality"": ""medium"", ""human_fetched_at"": ""2026-05-12T22:28:50.687238+03:00"", ""human_run_id"": ""hi06_spf_20260512_185043"", ""nearest_transmitter_km"": 0.37, ""transmitter_count"": 155, ""transmitter_type"": ""lighting""}"
ebc0f461-acfa-47da-8094-5b15ea3e25a0,Leczna Power Station (Enea),PL,51.3,22.883333,nuscale_voygr6,HI-07,,,,1.5,scored,Very dense or nearby transmitter proxy: >100 transmitter-like features in radius or nearest feature < 2 km. Power class not measured.,,"{""hi07_comment"": ""Nearest transmitter: lighting, 0.5 km. Total within 25 km: 155. Source: OSM Overpass [FIX-04 transmitter]"", ""hi07_quality"": ""medium"", ""human_fetched_at"": ""2026-05-12T22:29:08.576234+03:00"", ""human_run_id"": ""hi06_spf_20260512_185043"", ""nearest_transmitter_km"": 0.49, ""transmitter_count"": 155, ""transmitter_type"": ""lighting""}"
187b4fd7-6a61-4e94-8ed4-495ac6dfc317,Legnica Power Station,PL,51.207007,16.155323,nuscale_voygr6,HI-07,,,,1.5,scored,Very dense or nearby transmitter proxy: >100 transmitter-like features in radius or nearest feature < 2 km. Power class not measured.,,"{""hi07_comment"": ""Nearest transmitter: communication, 0.7 km. Total within 25 km: 169. Source: OSM Overpass [FIX-04 transmitter]"", ""hi07_quality"": ""medium"", ""human_fetched_at"": ""2026-05-12T22:29:23.374094+03:00"", ""human_run_id"": ""hi06_spf_20260512_185043"", ""nearest_transmitter_km"": 0.72, ""transmitter_count"": 169, ""transmitter_type"": ""communication""}"
29a58981-aaf7-4450-ad41-49dd6d786168,Lodz-2 power station,PL,51.742023,19.448746,nuscale_voygr6,HI-07,,,,1.5,scored,Very dense or nearby transmitter proxy: >100 transmitter-like features in radius or nearest feature < 2 km. Power class not measured.,,"{""hi07_comment"": ""Nearest transmitter: portal, 0.9 km. Total within 25 km: 251. Source: OSM Overpass [FIX-04 transmitter]"", ""hi07_quality"": ""medium"", ""human_fetched_at"": ""2026-05-12T22:29:37.992492+03:00"", ""human_run_id"": ""hi06_spf_20260512_185043"", ""nearest_transmitter_km"": 0.88, ""transmitter_count"": 251, ""transmitter_type"": ""portal""}"
8dd8db4c-b62d-4f6b-a2ee-70a9ed785e7a,Lodz-3 power station,PL,51.798357,19.420734,nuscale_voygr6,HI-07,,,,1.5,scored,Very dense or nearby transmitter proxy: >100 transmitter-like features in radius or nearest feature < 2 km. Power class not measured.,,"{""hi07_comment"": ""Nearest transmitter: communication, 1.0 km. Total within 25 km: 247. Source: OSM Overpass [FIX-04 transmitter]"", ""hi07_quality"": ""medium"", ""human_fetched_at"": ""2026-05-12T22:29:56.628953+03:00"", ""human_run_id"": ""hi06_spf_20260512_185043"", ""nearest_transmitter_km"": 1.04, ""transmitter_count"": 247, ""transmitter_type"": ""communication""}"
ef2ee2ae-e73e-490c-aa07-746543fe20e6,Lodz-4 power station,PL,51.74564,19.53963,nuscale_voygr6,HI-07,,,,1.5,scored,Very dense or nearby transmitter proxy: >100 transmitter-like features in radius or nearest feature < 2 km. Power class not measured.,,"{""hi07_comment"": ""Nearest transmitter: mast, 0.3 km. Total within 25 km: 256. Source: OSM Overpass [FIX-04 transmitter]"", ""hi07_quality"": ""medium"", ""human_fetched_at"": ""2026-05-12T22:30:19.795317+03:00"", ""human_run_id"": ""hi06_spf_20260512_185043"", ""nearest_transmitter_km"": 0.34, ""transmitter_count"": 256, ""transmitter_type"": ""mast""}"
d60b377c-9bb4-4fd5-adb7-a9a9ba98ae76,Lublin Power Station,PL,51.209986,22.554122,nuscale_voygr6,HI-07,,,,1.5,scored,Very dense or nearby transmitter proxy: >100 transmitter-like features in radius or nearest feature < 2 km. Power class not measured.,,"{""hi07_comment"": ""Nearest transmitter: tower, 0.6 km. Total within 25 km: 195. Source: OSM Overpass [FIX-04 transmitter]"", ""hi07_quality"": ""medium"", ""human_fetched_at"": ""2026-05-12T22:30:31.553305+03:00"", ""human_run_id"": ""hi06_spf_20260512_185043"", ""nearest_transmitter_km"": 0.57, ""transmitter_count"": 195, ""transmitter_type"": ""tower""}"
c42c5942-264d-43a1-a9eb-95b00480eb1a,Miechowice power station,PL,50.349073,18.841853,nuscale_voygr6,HI-07,,,,1.5,scored,Very dense or nearby transmitter proxy: >100 transmitter-like features in radius or nearest feature < 2 km. Power class not measured.,,"{""hi07_comment"": ""Nearest transmitter: mast, 0.2 km. Total within 25 km: 455. Source: OSM Overpass [FIX-04 transmitter]"", ""hi07_quality"": ""medium"", ""human_fetched_at"": ""2026-05-12T22:31:06.745647+03:00"", ""human_run_id"": ""hi06_spf_20260512_185043"", ""nearest_transmitter_km"": 0.21, ""transmitter_count"": 455, ""transmitter_type"": ""mast""}"
5a57ae0a-6f91-46f4-a1f5-56a6b37596e9,Murcki-Staszic power station,PL,50.180556,19.007222,nuscale_voygr6,HI-07,,,,1.5,scored,Very dense or nearby transmitter proxy: >100 transmitter-like features in radius or nearest feature < 2 km. Power class not measured.,,"{""hi07_comment"": ""Nearest transmitter: mast, 0.2 km. Total within 25 km: 483. Source: OSM Overpass [FIX-04 transmitter]"", ""hi07_quality"": ""medium"", ""human_fetched_at"": ""2026-05-12T22:31:19.843050+03:00"", ""human_run_id"": ""hi06_spf_20260512_185043"", ""nearest_transmitter_km"": 0.18, ""transmitter_count"": 483, ""transmitter_type"": ""mast""}"
52db4dae-b014-45a4-96c4-49f80c1fdd11,Opalenie power station,PL,53.742222,18.823056,nuscale_voygr6,HI-07,,,,3.5,scored,Dense or near transmitter proxy: >25 features in radius or nearest feature < 5 km. Review RF/EMI controls.,,"{""hi07_comment"": ""Nearest transmitter: communication, 3.9 km. Total within 25 km: 64. Source: OSM Overpass [FIX-04 transmitter]"", ""hi07_quality"": ""medium"", ""human_fetched_at"": ""2026-05-12T22:31:32.140294+03:00"", ""human_run_id"": ""hi06_spf_20260512_185043"", ""nearest_transmitter_km"": 3.91, ""transmitter_count"": 64, ""transmitter_type"": ""communication""}"
1d19dce6-c458-4656-901d-6a8d3c548761,Opole power station,PL,50.75182,17.88196,nuscale_voygr6,HI-07,,,,1.5,scored,Very dense or nearby transmitter proxy: >100 transmitter-like features in radius or nearest feature < 2 km. Power class not measured.,,"{""hi07_comment"": ""Nearest transmitter: mast, 0.7 km. Total within 25 km: 118. Source: OSM Overpass [FIX-04 transmitter]"", ""hi07_quality"": ""medium"", ""human_fetched_at"": ""2026-05-12T22:31:47.632520+03:00"", ""human_run_id"": ""hi06_spf_20260512_185043"", ""nearest_transmitter_km"": 0.71, ""transmitter_count"": 118, ""transmitter_type"": ""mast""}"
b8bc6544-1571-4906-95e0-314d62c78a24,Ostrołęka power station,PL,53.103611,21.6125,nuscale_voygr6,HI-07,,,,1.5,scored,Very dense or nearby transmitter proxy: >100 transmitter-like features in radius or nearest feature < 2 km. Power class not measured.,,"{""hi07_comment"": ""Nearest transmitter: mast, 0.7 km. Total within 25 km: 46. Source: OSM Overpass [FIX-04 transmitter]"", ""hi07_quality"": ""medium"", ""human_fetched_at"": ""2026-05-12T22:32:05.047766+03:00"", ""human_run_id"": ""hi06_spf_20260512_185043"", ""nearest_transmitter_km"": 0.7, ""transmitter_count"": 46, ""transmitter_type"": ""mast""}"
ab57f5c3-8699-46f9-970f-3007dfc58af4,Patnow power station,PL,52.302,18.237,nuscale_voygr6,HI-07,,,,1.5,scored,Very dense or nearby transmitter proxy: >100 transmitter-like features in radius or nearest feature < 2 km. Power class not measured.,,"{""hi07_comment"": ""Nearest transmitter: mast, 0.4 km. Total within 25 km: 121. Source: OSM Overpass [FIX-04 transmitter]"", ""hi07_quality"": ""medium"", ""human_fetched_at"": ""2026-05-12T22:32:25.694242+03:00"", ""human_run_id"": ""hi06_spf_20260512_185043"", ""nearest_transmitter_km"": 0.39, ""transmitter_count"": 121, ""transmitter_type"": ""mast""}"
8a9d5c87-7edc-49c3-85a2-d97727b9c9b2,Piast Ruch Power Station,PL,50.016287,19.096709,nuscale_voygr6,HI-07,,,,1.5,scored,Very dense or nearby transmitter proxy: >100 transmitter-like features in radius or nearest feature < 2 km. Power class not measured.,,"{""hi07_comment"": ""Nearest transmitter: mast, 2.0 km. Total within 25 km: 282. Source: OSM Overpass [FIX-04 transmitter]"", ""hi07_quality"": ""medium"", ""human_fetched_at"": ""2026-05-12T22:32:38.276305+03:00"", ""human_run_id"": ""hi06_spf_20260512_185043"", ""nearest_transmitter_km"": 1.97, ""transmitter_count"": 282, ""transmitter_type"": ""mast""}"
2981a12d-3444-4301-96ba-a63ef50bec3e,Polaniec power station,PL,50.437685,21.33769,nuscale_voygr6,HI-07,,,,1.5,scored,Very dense or nearby transmitter proxy: >100 transmitter-like features in radius or nearest feature < 2 km. Power class not measured.,,"{""hi07_comment"": ""Nearest transmitter: lighting, 0.4 km. Total within 25 km: 101. Source: OSM Overpass [FIX-04 transmitter]"", ""hi07_quality"": ""medium"", ""human_fetched_at"": ""2026-05-12T22:32:49.764754+03:00"", ""human_run_id"": ""hi06_spf_20260512_185043"", ""nearest_transmitter_km"": 0.45, ""transmitter_count"": 101, ""transmitter_type"": ""lighting""}"
b24f9ac5-5ddf-4b19-ba95-76dafeca3d2c,Pólnoc power station,PL,53.962892,18.711758,nuscale_voygr6,HI-07,,,,1.5,scored,Very dense or nearby transmitter proxy: >100 transmitter-like features in radius or nearest feature < 2 km. Power class not measured.,,"{""hi07_comment"": ""Nearest transmitter: communication, 0.6 km. Total within 25 km: 111. Source: OSM Overpass [FIX-04 transmitter]"", ""hi07_quality"": ""medium"", ""human_fetched_at"": ""2026-05-12T22:33:21.995192+03:00"", ""human_run_id"": ""hi06_spf_20260512_185043"", ""nearest_transmitter_km"": 0.56, ""transmitter_count"": 111, ""transmitter_type"": ""communication""}"
e2c23866-db1e-4316-82b5-7e3fe50c3c09,Pomorzany power station,PL,53.390996,14.524786,nuscale_voygr6,HI-07,,,,1.5,scored,Very dense or nearby transmitter proxy: >100 transmitter-like features in radius or nearest feature < 2 km. Power class not measured.,,"{""hi07_comment"": ""Nearest transmitter: mast, 0.2 km. Total within 25 km: 358. Source: OSM Overpass [FIX-04 transmitter]"", ""hi07_quality"": ""medium"", ""human_fetched_at"": ""2026-05-12T22:33:36.520714+03:00"", ""human_run_id"": ""hi06_spf_20260512_185043"", ""nearest_transmitter_km"": 0.21, ""transmitter_count"": 358, ""transmitter_type"": ""mast""}"
40b4334a-7ba4-4ed8-aa8e-3c405599fbd7,Poznan Karolin power station,PL,52.436416,16.988658,nuscale_voygr6,HI-07,,,,1.5,scored,Very dense or nearby transmitter proxy: >100 transmitter-like features in radius or nearest feature < 2 km. Power class not measured.,,"{""hi07_comment"": ""Nearest transmitter: mast, 0.2 km. Total within 25 km: 538. Source: OSM Overpass [FIX-04 transmitter]"", ""hi07_quality"": ""medium"", ""human_fetched_at"": ""2026-05-12T22:33:50.375875+03:00"", ""human_run_id"": ""hi06_spf_20260512_185043"", ""nearest_transmitter_km"": 0.24, ""transmitter_count"": 538, ""transmitter_type"": ""mast""}"
dadadad9-b67e-44b8-a9ab-4cbf116da20b,Puchaczow power station,PL,51.3,22.966667,nuscale_voygr6,HI-07,,,,3.5,scored,Dense or near transmitter proxy: >25 features in radius or nearest feature < 5 km. Review RF/EMI controls.,,"{""hi07_comment"": ""Nearest transmitter: lighting, 6.2 km. Total within 25 km: 74. Source: OSM Overpass [FIX-04 transmitter]"", ""hi07_quality"": ""medium"", ""human_fetched_at"": ""2026-05-12T22:34:14.713761+03:00"", ""human_run_id"": ""hi06_spf_20260512_185043"", ""nearest_transmitter_km"": 6.23, ""transmitter_count"": 74, ""transmitter_type"": ""lighting""}"
cdc888ad-fd51-4710-a5ab-3cd0fe9ddb48,Pulawy power station (Grupa Azoty),PL,51.416443,21.969309,nuscale_voygr6,HI-07,,,,1.5,scored,Very dense or nearby transmitter proxy: >100 transmitter-like features in radius or nearest feature < 2 km. Power class not measured.,,"{""hi07_comment"": ""Nearest transmitter: monitoring, 0.5 km. Total within 25 km: 89. Source: OSM Overpass [FIX-04 transmitter]"", ""hi07_quality"": ""medium"", ""human_fetched_at"": ""2026-05-12T22:34:32.169969+03:00"", ""human_run_id"": ""hi06_spf_20260512_185043"", ""nearest_transmitter_km"": 0.45, ""transmitter_count"": 89, ""transmitter_type"": ""monitoring""}"
a19228ce-f25a-4ffd-a249-9d01403e6b81,Pulawy power station (Vattenfall),PL,51.416443,21.969309,nuscale_voygr6,HI-07,,,,1.5,scored,Very dense or nearby transmitter proxy: >100 transmitter-like features in radius or nearest feature < 2 km. Power class not measured.,,"{""hi07_comment"": ""Nearest transmitter: monitoring, 0.5 km. Total within 25 km: 89. Source: OSM Overpass [FIX-04 transmitter]"", ""hi07_quality"": ""medium"", ""human_fetched_at"": ""2026-05-12T22:34:49.408764+03:00"", ""human_run_id"": ""hi06_spf_20260512_185043"", ""nearest_transmitter_km"": 0.45, ""transmitter_count"": 89, ""transmitter_type"": ""monitoring""}"
ee332928-87b2-4e7b-9203-20e402bc551f,Pulawy ZAP Works power station,PL,51.457211,21.973811,nuscale_voygr6,HI-07,,,,1.5,scored,Very dense or nearby transmitter proxy: >100 transmitter-like features in radius or nearest feature < 2 km. Power class not measured.,,"{""hi07_comment"": ""Nearest transmitter: communication, 1.3 km. Total within 25 km: 88. Source: OSM Overpass [FIX-04 transmitter]"", ""hi07_quality"": ""medium"", ""human_fetched_at"": ""2026-05-12T22:35:08.097449+03:00"", ""human_run_id"": ""hi06_spf_20260512_185043"", ""nearest_transmitter_km"": 1.29, ""transmitter_count"": 88, ""transmitter_type"": ""communication""}"
b8a00967-90a3-4a4e-9979-6b8651d87380,Rybnik power station,PL,50.13406,18.52196,nuscale_voygr6,HI-07,,,,1.5,scored,Very dense or nearby transmitter proxy: >100 transmitter-like features in radius or nearest feature < 2 km. Power class not measured.,,"{""hi07_comment"": ""Nearest transmitter: tower, 1.0 km. Total within 25 km: 267. Source: OSM Overpass [FIX-04 transmitter]"", ""hi07_quality"": ""medium"", ""human_fetched_at"": ""2026-05-12T22:35:25.023866+03:00"", ""human_run_id"": ""hi06_spf_20260512_185043"", ""nearest_transmitter_km"": 0.99, ""transmitter_count"": 267, ""transmitter_type"": ""tower""}"
a7eeee6e-e14a-40ba-80b6-75ed2e170b20,Siechnice power station,PL,51.03794,17.15095,nuscale_voygr6,HI-07,,,,1.5,scored,Very dense or nearby transmitter proxy: >100 transmitter-like features in radius or nearest feature < 2 km. Power class not measured.,,"{""hi07_comment"": ""Nearest transmitter: mast, 0.2 km. Total within 25 km: 299. Source: OSM Overpass [FIX-04 transmitter]"", ""hi07_quality"": ""medium"", ""human_fetched_at"": ""2026-05-12T22:35:45.602425+03:00"", ""human_run_id"": ""hi06_spf_20260512_185043"", ""nearest_transmitter_km"": 0.19, ""transmitter_count"": 299, ""transmitter_type"": ""mast""}"
a67255dd-8134-418e-9377-e28516c53722,Siekierki power station,PL,52.191456,21.086218,nuscale_voygr6,HI-07,,,,1.5,scored,Very dense or nearby transmitter proxy: >100 transmitter-like features in radius or nearest feature < 2 km. Power class not measured.,,"{""hi07_comment"": ""Nearest transmitter: mast, 0.4 km. Total within 25 km: 531. Source: OSM Overpass [FIX-04 transmitter]"", ""hi07_quality"": ""medium"", ""human_fetched_at"": ""2026-05-12T22:36:08.900510+03:00"", ""human_run_id"": ""hi06_spf_20260512_185043"", ""nearest_transmitter_km"": 0.41, ""transmitter_count"": 531, ""transmitter_type"": ""mast""}"
47be3ec4-7abe-4f4c-ac3d-b7f753b8514a,Siersza power station,PL,50.208043,19.460943,nuscale_voygr6,HI-07,,,,1.5,scored,Very dense or nearby transmitter proxy: >100 transmitter-like features in radius or nearest feature < 2 km. Power class not measured.,,"{""hi07_comment"": ""Nearest transmitter: communication, 2.8 km. Total within 25 km: 311. Source: OSM Overpass [FIX-04 transmitter]"", ""hi07_quality"": ""medium"", ""human_fetched_at"": ""2026-05-12T22:36:22.031157+03:00"", ""human_run_id"": ""hi06_spf_20260512_185043"", ""nearest_transmitter_km"": 2.84, ""transmitter_count"": 311, ""transmitter_type"": ""communication""}"
f5be4e73-938d-4fe2-b585-5090ec780670,Skawina power station,PL,49.977425,19.805132,nuscale_voygr6,HI-07,,,,1.5,scored,Very dense or nearby transmitter proxy: >100 transmitter-like features in radius or nearest feature < 2 km. Power class not measured.,,"{""hi07_comment"": ""Nearest transmitter: mast, 0.3 km. Total within 25 km: 466. Source: OSM Overpass [FIX-04 transmitter]"", ""hi07_quality"": ""medium"", ""human_fetched_at"": ""2026-05-12T22:36:34.085043+03:00"", ""human_run_id"": ""hi06_spf_20260512_185043"", ""nearest_transmitter_km"": 0.28, ""transmitter_count"": 466, ""transmitter_type"": ""mast""}"
66bdc30c-4179-480b-a55a-5d15be5ac66b,Stalowa Wola power station,PL,50.55386,22.0791,nuscale_voygr6,HI-07,,,,1.5,scored,Very dense or nearby transmitter proxy: >100 transmitter-like features in radius or nearest feature < 2 km. Power class not measured.,,"{""hi07_comment"": ""Nearest transmitter: mast, 0.2 km. Total within 25 km: 71. Source: OSM Overpass [FIX-04 transmitter]"", ""hi07_quality"": ""medium"", ""human_fetched_at"": ""2026-05-12T22:36:48.711830+03:00"", ""human_run_id"": ""hi06_spf_20260512_185043"", ""nearest_transmitter_km"": 0.19, ""transmitter_count"": 71, ""transmitter_type"": ""mast""}"
7fc17ab0-ce24-4830-a938-b8424d1e9368,Swiecie Pulp Mill power station,PL,53.393629,18.374224,nuscale_voygr6,HI-07,,,,1.5,scored,Very dense or nearby transmitter proxy: >100 transmitter-like features in radius or nearest feature < 2 km. Power class not measured.,,"{""hi07_comment"": ""Nearest transmitter: communication, 0.3 km. Total within 25 km: 111. Source: OSM Overpass [FIX-04 transmitter]"", ""hi07_quality"": ""medium"", ""human_fetched_at"": ""2026-05-12T22:37:08.158582+03:00"", ""human_run_id"": ""hi06_spf_20260512_185043"", ""nearest_transmitter_km"": 0.33, ""transmitter_count"": 111, ""transmitter_type"": ""communication""}"
f8f9f43d-6a3b-445d-818e-ca82a90ace65,Szczecin power station,PL,53.411271,14.585981,nuscale_voygr6,HI-07,,,,1.5,scored,Very dense or nearby transmitter proxy: >100 transmitter-like features in radius or nearest feature < 2 km. Power class not measured.,,"{""hi07_comment"": ""Nearest transmitter: communication, 0.3 km. Total within 25 km: 373. Source: OSM Overpass [FIX-04 transmitter]"", ""hi07_quality"": ""medium"", ""human_fetched_at"": ""2026-05-12T22:37:24.002995+03:00"", ""human_run_id"": ""hi06_spf_20260512_185043"", ""nearest_transmitter_km"": 0.26, ""transmitter_count"": 373, ""transmitter_type"": ""communication""}"
cd84938d-eea8-47a1-8ea6-2e9f943e5914,Turów power station,PL,50.947717,14.91171,nuscale_voygr6,HI-07,,,,1.5,scored,Very dense or nearby transmitter proxy: >100 transmitter-like features in radius or nearest feature < 2 km. Power class not measured.,,"{""hi07_comment"": ""Nearest transmitter: mast, 1.6 km. Total within 25 km: 241. Source: OSM Overpass [FIX-04 transmitter]"", ""hi07_quality"": ""medium"", ""human_fetched_at"": ""2026-05-12T22:37:44.144650+03:00"", ""human_run_id"": ""hi06_spf_20260512_185043"", ""nearest_transmitter_km"": 1.62, ""transmitter_count"": 241, ""transmitter_type"": ""mast""}"
3d2d4c37-eb9d-4b35-a8b1-b3f485bc3e3f,Tychy power station,PL,50.106,19.014,nuscale_voygr6,HI-07,,,,1.5,scored,Very dense or nearby transmitter proxy: >100 transmitter-like features in radius or nearest feature < 2 km. Power class not measured.,,"{""hi07_comment"": ""Nearest transmitter: mast, 0.1 km. Total within 25 km: 410. Source: OSM Overpass [FIX-04 transmitter]"", ""hi07_quality"": ""medium"", ""human_fetched_at"": ""2026-05-12T22:38:01.422541+03:00"", ""human_run_id"": ""hi06_spf_20260512_185043"", ""nearest_transmitter_km"": 0.06, ""transmitter_count"": 410, ""transmitter_type"": ""mast""}"
dc87cdf1-9936-4a59-a5e9-b5e360173490,Wroclaw power station,PL,51.123715,17.02457,nuscale_voygr6,HI-07,,,,1.5,scored,Very dense or nearby transmitter proxy: >100 transmitter-like features in radius or nearest feature < 2 km. Power class not measured.,,"{""hi07_comment"": ""Nearest transmitter: mast, 0.2 km. Total within 25 km: 314. Source: OSM Overpass [FIX-04 transmitter]"", ""hi07_quality"": ""medium"", ""human_fetched_at"": ""2026-05-12T22:38:16.016537+03:00"", ""human_run_id"": ""hi06_spf_20260512_185043"", ""nearest_transmitter_km"": 0.15, ""transmitter_count"": 314, ""transmitter_type"": ""mast""}"
2da9dab9-7b4e-46e7-b1c8-70eeb329c177,Zabrze power station,PL,50.324928,18.785719,nuscale_voygr6,HI-07,,,,1.5,scored,Very dense or nearby transmitter proxy: >100 transmitter-like features in radius or nearest feature < 2 km. Power class not measured.,,"{""hi07_comment"": ""Nearest transmitter: mast, 0.2 km. Total within 25 km: 435. Source: OSM Overpass [FIX-04 transmitter]"", ""hi07_quality"": ""medium"", ""human_fetched_at"": ""2026-05-12T22:38:31.781527+03:00"", ""human_run_id"": ""hi06_spf_20260512_185043"", ""nearest_transmitter_km"": 0.17, ""transmitter_count"": 435, ""transmitter_type"": ""mast""}"
a55e3643-8ed4-434b-b14f-2d549d09c0d9,Zarnowiec power station,PL,54.787416,18.085672,nuscale_voygr6,HI-07,,,,1.5,scored,Very dense or nearby transmitter proxy: >100 transmitter-like features in radius or nearest feature < 2 km. Power class not measured.,,"{""hi07_comment"": ""Nearest transmitter: communication, 0.2 km. Total within 25 km: 75. Source: OSM Overpass [FIX-04 transmitter]"", ""hi07_quality"": ""medium"", ""human_fetched_at"": ""2026-05-12T22:38:42.987438+03:00"", ""human_run_id"": ""hi06_spf_20260512_185043"", ""nearest_transmitter_km"": 0.21, ""transmitter_count"": 75, ""transmitter_type"": ""communication""}"
d40cdaf1-49e4-4c59-a6c8-2402cd2bf006,Zeran power station,PL,52.2947,20.99334,nuscale_voygr6,HI-07,,,,1.5,scored,Very dense or nearby transmitter proxy: >100 transmitter-like features in radius or nearest feature < 2 km. Power class not measured.,,"{""hi07_comment"": ""Nearest transmitter: industrial, 0.2 km. Total within 25 km: 579. Source: OSM Overpass [FIX-04 transmitter]"", ""hi07_quality"": ""medium"", ""human_fetched_at"": ""2026-05-12T22:38:58.189991+03:00"", ""human_run_id"": ""hi06_spf_20260512_185043"", ""nearest_transmitter_km"": 0.16, ""transmitter_count"": 579, ""transmitter_type"": ""industrial""}"
b24c9876-5a4d-4b83-b442-af2f4b0d1047,Zofiowka Mine power station,PL,49.964162,18.626794,nuscale_voygr6,HI-07,,,,1.5,scored,Very dense or nearby transmitter proxy: >100 transmitter-like features in radius or nearest feature < 2 km. Power class not measured.,,"{""hi07_comment"": ""Nearest transmitter: mast, 0.1 km. Total within 25 km: 249. Source: OSM Overpass [FIX-04 transmitter]"", ""hi07_quality"": ""medium"", ""human_fetched_at"": ""2026-05-12T22:39:21.117380+03:00"", ""human_run_id"": ""hi06_spf_20260512_185043"", ""nearest_transmitter_km"": 0.14, ""transmitter_count"": 249, ""transmitter_type"": ""mast""}"
202d797d-b0f9-4cd0-bbac-d7bb06805c09,ZW Nowa power station,PL,50.347756,19.278159,nuscale_voygr6,HI-07,,,,1.5,scored,Very dense or nearby transmitter proxy: >100 transmitter-like features in radius or nearest feature < 2 km. Power class not measured.,,"{""hi07_comment"": ""Nearest transmitter: observation, 0.2 km. Total within 25 km: 433. Source: OSM Overpass [FIX-04 transmitter]"", ""hi07_quality"": ""medium"", ""human_fetched_at"": ""2026-05-12T22:39:35.276480+03:00"", ""human_run_id"": ""hi06_spf_20260512_185043"", ""nearest_transmitter_km"": 0.22, ""transmitter_count"": 433, ""transmitter_type"": ""observation""}"
5a33e5f0-6d86-4eab-adea-6c6bad7f3f45,Arad power station,RO,46.222424,21.328771,nuscale_voygr6,HI-07,,,,3.5,scored,Dense or near transmitter proxy: >25 features in radius or nearest feature < 5 km. Review RF/EMI controls.,,"{""hi07_comment"": ""Nearest transmitter: mast, 2.3 km. Total within 25 km: 27. Source: OSM Overpass [FIX-04 transmitter]"", ""hi07_quality"": ""medium"", ""human_fetched_at"": ""2026-05-12T22:39:51.359998+03:00"", ""human_run_id"": ""hi06_spf_20260512_185043"", ""nearest_transmitter_km"": 2.3, ""transmitter_count"": 27, ""transmitter_type"": ""mast""}"
dac2a974-a2de-46c5-b581-03985a9ae7d0,Bacau CHP power station,RO,46.530524,26.940874,nuscale_voygr6,HI-07,,,,1.5,scored,Very dense or nearby transmitter proxy: >100 transmitter-like features in radius or nearest feature < 2 km. Power class not measured.,,"{""hi07_comment"": ""Nearest transmitter: mast, 1.4 km. Total within 25 km: 17. Source: OSM Overpass [FIX-04 transmitter]"", ""hi07_quality"": ""medium"", ""human_fetched_at"": ""2026-05-12T22:40:04.865671+03:00"", ""human_run_id"": ""hi06_spf_20260512_185043"", ""nearest_transmitter_km"": 1.38, ""transmitter_count"": 17, ""transmitter_type"": ""mast""}"
29836b52-a882-4921-95a7-6417e636d9a2,Braila power station,RO,45.165033,27.923383,nuscale_voygr6,HI-07,,,,1.5,scored,Very dense or nearby transmitter proxy: >100 transmitter-like features in radius or nearest feature < 2 km. Power class not measured.,,"{""hi07_comment"": ""Nearest transmitter: mast, 0.2 km. Total within 25 km: 78. Source: OSM Overpass [FIX-04 transmitter]"", ""hi07_quality"": ""medium"", ""human_fetched_at"": ""2026-05-12T22:40:19.295341+03:00"", ""human_run_id"": ""hi06_spf_20260512_185043"", ""nearest_transmitter_km"": 0.23, ""transmitter_count"": 78, ""transmitter_type"": ""mast""}"
729f8d17-57c0-4d9a-adab-4b612d4abde5,Brasov power station,RO,45.662296,25.646845,nuscale_voygr6,HI-07,,,,1.5,scored,Very dense or nearby transmitter proxy: >100 transmitter-like features in radius or nearest feature < 2 km. Power class not measured.,,"{""hi07_comment"": ""Nearest transmitter: water_tower, 1.4 km. Total within 25 km: 50. Source: OSM Overpass [FIX-04 transmitter]"", ""hi07_quality"": ""medium"", ""human_fetched_at"": ""2026-05-12T22:40:33.494855+03:00"", ""human_run_id"": ""hi06_spf_20260512_185043"", ""nearest_transmitter_km"": 1.42, ""transmitter_count"": 50, ""transmitter_type"": ""water_tower""}"
3bef37a3-239e-498d-a160-77452a6a9b79,Bucharest North East power station,RO,44.4325,26.103889,nuscale_voygr6,HI-07,,,,1.5,scored,Very dense or nearby transmitter proxy: >100 transmitter-like features in radius or nearest feature < 2 km. Power class not measured.,,"{""hi07_comment"": ""Nearest transmitter: communication, 0.3 km. Total within 25 km: 968. Source: OSM Overpass [FIX-04 transmitter]"", ""hi07_quality"": ""medium"", ""human_fetched_at"": ""2026-05-12T22:40:46.055257+03:00"", ""human_run_id"": ""hi06_spf_20260512_185043"", ""nearest_transmitter_km"": 0.3, ""transmitter_count"": 968, ""transmitter_type"": ""communication""}"
a4fa3246-27d6-4740-898c-bdf9dadcb88c,Craiova II power station,RO,44.34294,23.81076,nuscale_voygr6,HI-07,,,,3.5,scored,Dense or near transmitter proxy: >25 features in radius or nearest feature < 5 km. Review RF/EMI controls.,,"{""hi07_comment"": ""Nearest transmitter: antenna, 2.4 km. Total within 25 km: 51. Source: OSM Overpass [FIX-04 transmitter]"", ""hi07_quality"": ""medium"", ""human_fetched_at"": ""2026-05-12T22:40:58.263484+03:00"", ""human_run_id"": ""hi06_spf_20260512_185043"", ""nearest_transmitter_km"": 2.4, ""transmitter_count"": 51, ""transmitter_type"": ""antenna""}"
aff5ffe6-fe7a-4de7-afad-9d4645a64cd9,Doicesti power station,RO,45.002896,25.397236,nuscale_voygr6,HI-07,,,,3.5,scored,Dense or near transmitter proxy: >25 features in radius or nearest feature < 5 km. Review RF/EMI controls.,,"{""hi07_comment"": ""Nearest transmitter: communication, 2.2 km. Total within 25 km: 29. Source: OSM Overpass [FIX-04 transmitter]"", ""hi07_quality"": ""medium"", ""human_fetched_at"": ""2026-05-12T22:41:36.266496+03:00"", ""human_run_id"": ""hi06_spf_20260512_185043"", ""nearest_transmitter_km"": 2.15, ""transmitter_count"": 29, ""transmitter_type"": ""communication""}"
18ecb024-ee4f-4045-8254-5e95d61dea8c,FPCU Feldioara,RO,45.7917,25.5889,nuscale_voygr6,HI-07,,,,3.5,scored,Dense or near transmitter proxy: >25 features in radius or nearest feature < 5 km. Review RF/EMI controls.,,"{""hi07_comment"": ""Nearest transmitter: communication, 3.7 km. Total within 25 km: 64. Source: OSM Overpass [FIX-04 transmitter]"", ""hi07_quality"": ""medium"", ""human_fetched_at"": ""2026-05-12T22:41:46.420849+03:00"", ""human_run_id"": ""hi06_spf_20260512_185043"", ""nearest_transmitter_km"": 3.69, ""transmitter_count"": 64, ""transmitter_type"": ""communication""}"
8781d874-5923-4795-9c9f-b2a6c709025a,Galati Power Station,RO,45.423333,28.0425,nuscale_voygr6,HI-07,,,,1.5,scored,Very dense or nearby transmitter proxy: >100 transmitter-like features in radius or nearest feature < 2 km. Power class not measured.,,"{""hi07_comment"": ""Nearest transmitter: communication, 0.3 km. Total within 25 km: 285. Source: OSM Overpass [FIX-04 transmitter]"", ""hi07_quality"": ""medium"", ""human_fetched_at"": ""2026-05-12T22:41:58.891388+03:00"", ""human_run_id"": ""hi06_spf_20260512_185043"", ""nearest_transmitter_km"": 0.27, ""transmitter_count"": 285, ""transmitter_type"": ""communication""}"
6aed2eac-1c97-40c5-b842-fb15fd510f35,Giurgiu power station,RO,43.879766,25.926778,nuscale_voygr6,HI-07,,,,3.5,scored,Dense or near transmitter proxy: >25 features in radius or nearest feature < 5 km. Review RF/EMI controls.,,"{""hi07_comment"": ""Nearest transmitter: lighting, 4.5 km. Total within 25 km: 36. Source: OSM Overpass [FIX-04 transmitter]"", ""hi07_quality"": ""medium"", ""human_fetched_at"": ""2026-05-12T22:42:09.104201+03:00"", ""human_run_id"": ""hi06_spf_20260512_185043"", ""nearest_transmitter_km"": 4.48, ""transmitter_count"": 36, ""transmitter_type"": ""lighting""}"
825dc024-9a53-4237-bf59-cbe0af0cf87d,Govora power station,RO,45.039047,24.287572,nuscale_voygr6,HI-07,,,,3.5,scored,Dense or near transmitter proxy: >25 features in radius or nearest feature < 5 km. Review RF/EMI controls.,,"{""hi07_comment"": ""Nearest transmitter: mast, 3.2 km. Total within 25 km: 30. Source: OSM Overpass [FIX-04 transmitter]"", ""hi07_quality"": ""medium"", ""human_fetched_at"": ""2026-05-12T22:42:20.793098+03:00"", ""human_run_id"": ""hi06_spf_20260512_185043"", ""nearest_transmitter_km"": 3.17, ""transmitter_count"": 30, ""transmitter_type"": ""mast""}"
1d8be6d0-f3a5-4b32-9d46-3526289731f8,Iasi-2 power station,RO,47.147296,27.717157,nuscale_voygr6,HI-07,,,,1.5,scored,Very dense or nearby transmitter proxy: >100 transmitter-like features in radius or nearest feature < 2 km. Power class not measured.,,"{""hi07_comment"": ""Nearest transmitter: water_tower, 2.0 km. Total within 25 km: 119. Source: OSM Overpass [FIX-04 transmitter]"", ""hi07_quality"": ""medium"", ""human_fetched_at"": ""2026-05-12T22:42:33.379754+03:00"", ""human_run_id"": ""hi06_spf_20260512_185043"", ""nearest_transmitter_km"": 2.02, ""transmitter_count"": 119, ""transmitter_type"": ""water_tower""}"
af7f107f-71b5-5a33-8125-9ccb7060f895,Iernut power station,RO,46.4677,24.1833,nuscale_voygr6,HI-07,,,,5.0,unscored,no_band_matched — pass-mark default (unscored),,"{""hi07_comment"": null, ""hi07_quality"": null, ""human_fetched_at"": ""2026-05-17T13:55:31.147736+03:00"", ""human_run_id"": ""iernut-20260517T1051"", ""nearest_transmitter_km"": null, ""transmitter_count"": null, ""transmitter_type"": null}"
e073b3f8-4312-4d34-b322-6289a3121af1,Isalnita power station,RO,44.38763,23.718195,nuscale_voygr6,HI-07,,,,1.5,scored,Very dense or nearby transmitter proxy: >100 transmitter-like features in radius or nearest feature < 2 km. Power class not measured.,,"{""hi07_comment"": ""Nearest transmitter: mast, 0.3 km. Total within 25 km: 53. Source: OSM Overpass [FIX-04 transmitter]"", ""hi07_quality"": ""medium"", ""human_fetched_at"": ""2026-05-12T22:42:44.373182+03:00"", ""human_run_id"": ""hi06_spf_20260512_185043"", ""nearest_transmitter_km"": 0.28, ""transmitter_count"": 53, ""transmitter_type"": ""mast""}"
52a7babe-313f-493b-86b9-bd0c4aece4c3,Mintia-Deva power station,RO,45.912791,22.826129,nuscale_voygr6,HI-07,,,,1.5,scored,Very dense or nearby transmitter proxy: >100 transmitter-like features in radius or nearest feature < 2 km. Power class not measured.,,"{""hi07_comment"": ""Nearest transmitter: mast, 0.6 km. Total within 25 km: 34. Source: OSM Overpass [FIX-04 transmitter]"", ""hi07_quality"": ""medium"", ""human_fetched_at"": ""2026-05-12T22:42:56.599450+03:00"", ""human_run_id"": ""hi06_spf_20260512_185043"", ""nearest_transmitter_km"": 0.6, ""transmitter_count"": 34, ""transmitter_type"": ""mast""}"
6c428b2a-ad09-448b-b24c-22465929d69c,Oradea power station,RO,47.084677,21.892868,nuscale_voygr6,HI-07,,,,1.5,scored,Very dense or nearby transmitter proxy: >100 transmitter-like features in radius or nearest feature < 2 km. Power class not measured.,,"{""hi07_comment"": ""Nearest transmitter: water_tower, 0.8 km. Total within 25 km: 66. Source: OSM Overpass [FIX-04 transmitter]"", ""hi07_quality"": ""medium"", ""human_fetched_at"": ""2026-05-12T22:43:09.608190+03:00"", ""human_run_id"": ""hi06_spf_20260512_185043"", ""nearest_transmitter_km"": 0.81, ""transmitter_count"": 66, ""transmitter_type"": ""water_tower""}"
9825e28e-fd6e-460d-9caf-0342563f9060,Paroseni power station,RO,45.366101,23.261351,nuscale_voygr6,HI-07,,,,1.5,scored,Very dense or nearby transmitter proxy: >100 transmitter-like features in radius or nearest feature < 2 km. Power class not measured.,,"{""hi07_comment"": ""Nearest transmitter: mast, 0.4 km. Total within 25 km: 11. Source: OSM Overpass [FIX-04 transmitter]"", ""hi07_quality"": ""medium"", ""human_fetched_at"": ""2026-05-12T22:43:37.790621+03:00"", ""human_run_id"": ""hi06_spf_20260512_185043"", ""nearest_transmitter_km"": 0.35, ""transmitter_count"": 11, ""transmitter_type"": ""mast""}"
c3790475-3d3b-4e2b-92ae-24503fe03e6b,Romag Termo power station,RO,44.677808,22.685995,nuscale_voygr6,HI-07,,,,3.5,scored,Dense or near transmitter proxy: >25 features in radius or nearest feature < 5 km. Review RF/EMI controls.,,"{""hi07_comment"": ""Nearest transmitter: mast, 2.2 km. Total within 25 km: 50. Source: OSM Overpass [FIX-04 transmitter]"", ""hi07_quality"": ""medium"", ""human_fetched_at"": ""2026-05-12T22:43:51.930939+03:00"", ""human_run_id"": ""hi06_spf_20260512_185043"", ""nearest_transmitter_km"": 2.21, ""transmitter_count"": 50, ""transmitter_type"": ""mast""}"
958e4d82-853a-41f1-a442-94b4c4314221,Rovinari power station,RO,44.910633,23.134754,nuscale_voygr6,HI-07,,,,5.5,scored,Scoreable ordinary RF environment from count/proximity evidence; power-class-specific severity deferred.,,"{""hi07_comment"": ""Nearest transmitter: mast, 11.8 km. Total within 25 km: 17. Source: OSM Overpass [FIX-04 transmitter]"", ""hi07_quality"": ""medium"", ""human_fetched_at"": ""2026-05-12T22:44:08.007978+03:00"", ""human_run_id"": ""hi06_spf_20260512_185043"", ""nearest_transmitter_km"": 11.75, ""transmitter_count"": 17, ""transmitter_type"": ""mast""}"
d498ded8-449c-4672-8bb9-0ed6c8fef775,Slatina power station,RO,44.429722,24.364167,nuscale_voygr6,HI-07,,,,1.5,scored,Very dense or nearby transmitter proxy: >100 transmitter-like features in radius or nearest feature < 2 km. Power class not measured.,,"{""hi07_comment"": ""Nearest transmitter: communication, 1.3 km. Total within 25 km: 22. Source: OSM Overpass [FIX-04 transmitter]"", ""hi07_quality"": ""medium"", ""human_fetched_at"": ""2026-05-12T22:44:23.306011+03:00"", ""human_run_id"": ""hi06_spf_20260512_185043"", ""nearest_transmitter_km"": 1.32, ""transmitter_count"": 22, ""transmitter_type"": ""communication""}"
693d9b73-f9fc-4502-9b94-be020c5d21fb,Suceava power station,RO,47.651873,26.298268,nuscale_voygr6,HI-07,,,,3.5,scored,Dense or near transmitter proxy: >25 features in radius or nearest feature < 5 km. Review RF/EMI controls.,,"{""hi07_comment"": ""Nearest transmitter: chimney, 2.2 km. Total within 25 km: 29. Source: OSM Overpass [FIX-04 transmitter]"", ""hi07_quality"": ""medium"", ""human_fetched_at"": ""2026-05-12T22:44:38.800527+03:00"", ""human_run_id"": ""hi06_spf_20260512_185043"", ""nearest_transmitter_km"": 2.24, ""transmitter_count"": 29, ""transmitter_type"": ""chimney""}"
e43af28e-a3d3-4047-a9cf-f3b0990754b4,Târgu Jiu Thermal Plant,RO,45.034167,23.274722,nuscale_voygr6,HI-07,,,,3.5,scored,Dense or near transmitter proxy: >25 features in radius or nearest feature < 5 km. Review RF/EMI controls.,,"{""hi07_comment"": ""Nearest transmitter: tower, 2.4 km. Total within 25 km: 12. Source: OSM Overpass [FIX-04 transmitter]"", ""hi07_quality"": ""medium"", ""human_fetched_at"": ""2026-05-12T22:44:53.238131+03:00"", ""human_run_id"": ""hi06_spf_20260512_185043"", ""nearest_transmitter_km"": 2.4, ""transmitter_count"": 12, ""transmitter_type"": ""tower""}"
345fb795-170a-4fb5-833c-f6bcf2eb450c,Turceni power station,RO,44.669722,23.407778,nuscale_voygr6,HI-07,,,,3.5,scored,Dense or near transmitter proxy: >25 features in radius or nearest feature < 5 km. Review RF/EMI controls.,,"{""hi07_comment"": ""Nearest transmitter: communication, 3.0 km. Total within 25 km: 21. Source: OSM Overpass [FIX-04 transmitter]"", ""hi07_quality"": ""medium"", ""human_fetched_at"": ""2026-05-12T22:45:17.138576+03:00"", ""human_run_id"": ""hi06_spf_20260512_185043"", ""nearest_transmitter_km"": 2.97, ""transmitter_count"": 21, ""transmitter_type"": ""communication""}"
5d53da59-04c8-43e6-b29e-220bea4d9eb7,Despotovac power station,RS,44.05,21.26,nuscale_voygr6,HI-07,,,,3.5,scored,Dense or near transmitter proxy: >25 features in radius or nearest feature < 5 km. Review RF/EMI controls.,,"{""hi07_comment"": ""Nearest transmitter: communication, 3.7 km. Total within 25 km: 60. Source: OSM Overpass [FIX-04 transmitter]"", ""hi07_quality"": ""medium"", ""human_fetched_at"": ""2026-05-12T22:45:31.325540+03:00"", ""human_run_id"": ""hi06_spf_20260512_185043"", ""nearest_transmitter_km"": 3.74, ""transmitter_count"": 60, ""transmitter_type"": ""communication""}"
0182ec25-0df9-4e4b-9861-d76a332bc282,Kolubara A power station,RS,44.480312,20.293538,nuscale_voygr6,HI-07,,,,1.5,scored,Very dense or nearby transmitter proxy: >100 transmitter-like features in radius or nearest feature < 2 km. Power class not measured.,,"{""hi07_comment"": ""Nearest transmitter: mast, 0.2 km. Total within 25 km: 107. Source: OSM Overpass [FIX-04 transmitter]"", ""hi07_quality"": ""medium"", ""human_fetched_at"": ""2026-05-12T22:46:14.284654+03:00"", ""human_run_id"": ""hi06_spf_20260512_185043"", ""nearest_transmitter_km"": 0.16, ""transmitter_count"": 107, ""transmitter_type"": ""mast""}"
d30af109-79cb-4ab5-a878-6f574b58116a,Kolubara B power station,RS,44.4675,20.28444,nuscale_voygr6,HI-07,,,,1.5,scored,Very dense or nearby transmitter proxy: >100 transmitter-like features in radius or nearest feature < 2 km. Power class not measured.,,"{""hi07_comment"": ""Nearest transmitter: communication, 1.0 km. Total within 25 km: 105. Source: OSM Overpass [FIX-04 transmitter]"", ""hi07_quality"": ""medium"", ""human_fetched_at"": ""2026-05-12T22:46:25.835989+03:00"", ""human_run_id"": ""hi06_spf_20260512_185043"", ""nearest_transmitter_km"": 1.02, ""transmitter_count"": 105, ""transmitter_type"": ""communication""}"
993ccce2-d5e1-498d-827d-8dbfeb42582b,Kostolac power station,RS,44.723674,21.171605,nuscale_voygr6,HI-07,,,,1.5,scored,Very dense or nearby transmitter proxy: >100 transmitter-like features in radius or nearest feature < 2 km. Power class not measured.,,"{""hi07_comment"": ""Nearest transmitter: communication, 1.5 km. Total within 25 km: 79. Source: OSM Overpass [FIX-04 transmitter]"", ""hi07_quality"": ""medium"", ""human_fetched_at"": ""2026-05-12T22:46:38.105346+03:00"", ""human_run_id"": ""hi06_spf_20260512_185043"", ""nearest_transmitter_km"": 1.51, ""transmitter_count"": 79, ""transmitter_type"": ""communication""}"
5d4aee8d-9e73-4987-907a-d092e0ba92ed,Kovin power station,RS,44.75,20.966667,nuscale_voygr6,HI-07,,,,1.5,scored,Very dense or nearby transmitter proxy: >100 transmitter-like features in radius or nearest feature < 2 km. Power class not measured.,,"{""hi07_comment"": ""Nearest transmitter: water_tower, 0.7 km. Total within 25 km: 71. Source: OSM Overpass [FIX-04 transmitter]"", ""hi07_quality"": ""medium"", ""human_fetched_at"": ""2026-05-12T22:46:54.993974+03:00"", ""human_run_id"": ""hi06_spf_20260512_185043"", ""nearest_transmitter_km"": 0.71, ""transmitter_count"": 71, ""transmitter_type"": ""water_tower""}"
2b03f2e2-64ac-4262-bbff-7a536bda5722,Morava power station,RS,44.223826,21.163148,nuscale_voygr6,HI-07,,,,1.5,scored,Very dense or nearby transmitter proxy: >100 transmitter-like features in radius or nearest feature < 2 km. Power class not measured.,,"{""hi07_comment"": ""Nearest transmitter: mast, 0.2 km. Total within 25 km: 60. Source: OSM Overpass [FIX-04 transmitter]"", ""hi07_quality"": ""medium"", ""human_fetched_at"": ""2026-05-12T22:47:19.051224+03:00"", ""human_run_id"": ""hi06_spf_20260512_185043"", ""nearest_transmitter_km"": 0.2, ""transmitter_count"": 60, ""transmitter_type"": ""mast""}"
c8f15aca-174b-4be6-a6d9-abfa4685d10d,Nikola Tesla power station,RS,44.671341,20.158418,nuscale_voygr6,HI-07,,,,1.5,scored,Very dense or nearby transmitter proxy: >100 transmitter-like features in radius or nearest feature < 2 km. Power class not measured.,,"{""hi07_comment"": ""Nearest transmitter: mast, 1.1 km. Total within 25 km: 146. Source: OSM Overpass [FIX-04 transmitter]"", ""hi07_quality"": ""medium"", ""human_fetched_at"": ""2026-05-12T22:47:34.694517+03:00"", ""human_run_id"": ""hi06_spf_20260512_185043"", ""nearest_transmitter_km"": 1.14, ""transmitter_count"": 146, ""transmitter_type"": ""mast""}"
296282b1-d079-4c1e-b2df-12c25128b963,Štavalj Power Station,RS,43.27305,19.99944,nuscale_voygr6,HI-07,,,,1.5,scored,Very dense or nearby transmitter proxy: >100 transmitter-like features in radius or nearest feature < 2 km. Power class not measured.,,"{""hi07_comment"": ""Nearest transmitter: communication, 1.2 km. Total within 25 km: 35. Source: OSM Overpass [FIX-04 transmitter]"", ""hi07_quality"": ""medium"", ""human_fetched_at"": ""2026-05-12T22:47:49.744325+03:00"", ""human_run_id"": ""hi06_spf_20260512_185043"", ""nearest_transmitter_km"": 1.21, ""transmitter_count"": 35, ""transmitter_type"": ""communication""}"
0750b80c-a54b-4ea5-b3e5-9dfb7309eca2,Sostanj power station,SI,46.3723,15.0534,nuscale_voygr6,HI-07,,,,1.5,scored,Very dense or nearby transmitter proxy: >100 transmitter-like features in radius or nearest feature < 2 km. Power class not measured.,,"{""hi07_comment"": ""Nearest transmitter: mast, 0.1 km. Total within 25 km: 110. Source: OSM Overpass [FIX-04 transmitter]"", ""hi07_quality"": ""medium"", ""human_fetched_at"": ""2026-05-12T22:48:03.366189+03:00"", ""human_run_id"": ""hi06_spf_20260512_185043"", ""nearest_transmitter_km"": 0.1, ""transmitter_count"": 110, ""transmitter_type"": ""mast""}"
4cf7f820-7ad9-411e-bf39-2bbef290aaf6,Te-Tol power station,SI,46.05796,14.54513,nuscale_voygr6,HI-07,,,,1.5,scored,Very dense or nearby transmitter proxy: >100 transmitter-like features in radius or nearest feature < 2 km. Power class not measured.,,"{""hi07_comment"": ""Nearest transmitter: mast, 0.6 km. Total within 25 km: 320. Source: OSM Overpass [FIX-04 transmitter]"", ""hi07_quality"": ""medium"", ""human_fetched_at"": ""2026-05-12T22:48:15.122943+03:00"", ""human_run_id"": ""hi06_spf_20260512_185043"", ""nearest_transmitter_km"": 0.6, ""transmitter_count"": 320, ""transmitter_type"": ""mast""}"
008a3366-6f56-4c1a-ac5d-6b0c75b7c7fd,Trbovlje power station,SI,46.126132,15.061808,nuscale_voygr6,HI-07,,,,1.5,scored,Very dense or nearby transmitter proxy: >100 transmitter-like features in radius or nearest feature < 2 km. Power class not measured.,,"{""hi07_comment"": ""Nearest transmitter: mast, 0.5 km. Total within 25 km: 98. Source: OSM Overpass [FIX-04 transmitter]"", ""hi07_quality"": ""medium"", ""human_fetched_at"": ""2026-05-12T22:48:28.370996+03:00"", ""human_run_id"": ""hi06_spf_20260512_185043"", ""nearest_transmitter_km"": 0.5, ""transmitter_count"": 98, ""transmitter_type"": ""mast""}"
66edd8f5-e60a-412d-9b80-56496d1407b1,Kosice power station,SK,48.698047,21.271726,nuscale_voygr6,HI-07,,,,1.5,scored,Very dense or nearby transmitter proxy: >100 transmitter-like features in radius or nearest feature < 2 km. Power class not measured.,,"{""hi07_comment"": ""Nearest transmitter: communication, 0.3 km. Total within 25 km: 459. Source: OSM Overpass [FIX-04 transmitter]"", ""hi07_quality"": ""medium"", ""human_fetched_at"": ""2026-05-12T22:48:43.950231+03:00"", ""human_run_id"": ""hi06_spf_20260512_185043"", ""nearest_transmitter_km"": 0.3, ""transmitter_count"": 459, ""transmitter_type"": ""communication""}"
06defca3-9105-437f-afd4-52f5603d9b8e,Martinska power station,SK,49.059218,18.907019,nuscale_voygr6,HI-07,,,,1.5,scored,Very dense or nearby transmitter proxy: >100 transmitter-like features in radius or nearest feature < 2 km. Power class not measured.,,"{""hi07_comment"": ""Nearest transmitter: communication, 2.6 km. Total within 25 km: 149. Source: OSM Overpass [FIX-04 transmitter]"", ""hi07_quality"": ""medium"", ""human_fetched_at"": ""2026-05-12T22:49:06.601146+03:00"", ""human_run_id"": ""hi06_spf_20260512_185043"", ""nearest_transmitter_km"": 2.64, ""transmitter_count"": 149, ""transmitter_type"": ""communication""}"
c97125b3-20ed-4e21-a853-b928644ec7dd,Novaky power station,SK,48.698823,18.533458,nuscale_voygr6,HI-07,,,,1.5,scored,Very dense or nearby transmitter proxy: >100 transmitter-like features in radius or nearest feature < 2 km. Power class not measured.,,"{""hi07_comment"": ""Nearest transmitter: communication, 2.0 km. Total within 25 km: 109. Source: OSM Overpass [FIX-04 transmitter]"", ""hi07_quality"": ""medium"", ""human_fetched_at"": ""2026-05-12T22:49:17.705973+03:00"", ""human_run_id"": ""hi06_spf_20260512_185043"", ""nearest_transmitter_km"": 1.95, ""transmitter_count"": 109, ""transmitter_type"": ""communication""}"
1719d38b-61e8-4b01-844b-3a2f85c8a186,Trebisov power station,SK,48.627778,21.717222,nuscale_voygr6,HI-07,,,,1.5,scored,Very dense or nearby transmitter proxy: >100 transmitter-like features in radius or nearest feature < 2 km. Power class not measured.,,"{""hi07_comment"": ""Nearest transmitter: communication, 5.8 km. Total within 25 km: 133. Source: OSM Overpass [FIX-04 transmitter]"", ""hi07_quality"": ""medium"", ""human_fetched_at"": ""2026-05-12T22:49:35.933694+03:00"", ""human_run_id"": ""hi06_spf_20260512_185043"", ""nearest_transmitter_km"": 5.83, ""transmitter_count"": 133, ""transmitter_type"": ""communication""}"
a2d8261c-3d08-4015-946c-47dbddbd0b98,U.S. Steel Kosice Works power station,SK,48.615945,21.194562,nuscale_voygr6,HI-07,,,,1.5,scored,Very dense or nearby transmitter proxy: >100 transmitter-like features in radius or nearest feature < 2 km. Power class not measured.,,"{""hi07_comment"": ""Nearest transmitter: communication, 0.9 km. Total within 25 km: 433. Source: OSM Overpass [FIX-04 transmitter]"", ""hi07_quality"": ""medium"", ""human_fetched_at"": ""2026-05-12T22:49:46.505398+03:00"", ""human_run_id"": ""hi06_spf_20260512_185043"", ""nearest_transmitter_km"": 0.87, ""transmitter_count"": 433, ""transmitter_type"": ""communication""}"
770f1d3c-e5fd-493c-a376-e708d2abec6c,Vojany I power station,SK,48.5525,21.972625,nuscale_voygr6,HI-07,,,,1.5,scored,Very dense or nearby transmitter proxy: >100 transmitter-like features in radius or nearest feature < 2 km. Power class not measured.,,"{""hi07_comment"": ""Nearest transmitter: mast, 0.5 km. Total within 25 km: 183. Source: OSM Overpass [FIX-04 transmitter]"", ""hi07_quality"": ""medium"", ""human_fetched_at"": ""2026-05-12T22:49:58.008646+03:00"", ""human_run_id"": ""hi06_spf_20260512_185043"", ""nearest_transmitter_km"": 0.46, ""transmitter_count"": 183, ""transmitter_type"": ""mast""}"
d48d2f39-d58f-4299-9b2f-56d194d2d13b,Ada Yesildag Enerji power station,TR,36.3761,33.9322,nuscale_voygr6,HI-07,,,,1.5,scored,Very dense or nearby transmitter proxy: >100 transmitter-like features in radius or nearest feature < 2 km. Power class not measured.,,"{""hi07_comment"": ""Nearest transmitter: minaret, 1.7 km. Total within 25 km: 20. Source: OSM Overpass [FIX-04 transmitter]"", ""hi07_quality"": ""medium"", ""human_fetched_at"": ""2026-05-12T22:50:10.961839+03:00"", ""human_run_id"": ""hi06_spf_20260512_185043"", ""nearest_transmitter_km"": 1.72, ""transmitter_count"": 20, ""transmitter_type"": ""minaret""}"
4b11cac9-4fe0-4a2a-9c09-4fe9a0ac6015,Ada Yumurtalık power station,TR,36.843,35.86,nuscale_voygr6,HI-07,,,,5.5,scored,Scoreable ordinary RF environment from count/proximity evidence; power-class-specific severity deferred.,,"{""hi07_comment"": ""Nearest transmitter: tower, 5.1 km. Total within 25 km: 18. Source: OSM Overpass [FIX-04 transmitter]"", ""hi07_quality"": ""medium"", ""human_fetched_at"": ""2026-05-12T22:50:26.780466+03:00"", ""human_run_id"": ""hi06_spf_20260512_185043"", ""nearest_transmitter_km"": 5.07, ""transmitter_count"": 18, ""transmitter_type"": ""tower""}"
44698c12-3c50-4602-8104-dafa5fd215b6,Adana Akdeniz power station,TR,36.8178,35.86216,nuscale_voygr6,HI-07,,,,5.5,scored,Scoreable ordinary RF environment from count/proximity evidence; power-class-specific severity deferred.,,"{""hi07_comment"": ""Nearest transmitter: communication, 6.8 km. Total within 25 km: 16. Source: OSM Overpass [FIX-04 transmitter]"", ""hi07_quality"": ""medium"", ""human_fetched_at"": ""2026-05-12T22:50:54.285924+03:00"", ""human_run_id"": ""hi06_spf_20260512_185043"", ""nearest_transmitter_km"": 6.82, ""transmitter_count"": 16, ""transmitter_type"": ""communication""}"
8a5dc384-e272-41ed-9868-a0686ac3fc7e,Adana Ceyhan power station,TR,37.0333,35.8167,nuscale_voygr6,HI-07,,,,1.5,scored,Very dense or nearby transmitter proxy: >100 transmitter-like features in radius or nearest feature < 2 km. Power class not measured.,,"{""hi07_comment"": ""Nearest transmitter: water_tower, 0.1 km. Total within 25 km: 34. Source: OSM Overpass [FIX-04 transmitter]"", ""hi07_quality"": ""medium"", ""human_fetched_at"": ""2026-05-12T22:51:06.694299+03:00"", ""human_run_id"": ""hi06_spf_20260512_185043"", ""nearest_transmitter_km"": 0.15, ""transmitter_count"": 34, ""transmitter_type"": ""water_tower""}"
e9bc02be-cf10-4b27-9b8a-0d4a954720e4,Afşin-Elbistan power stations,TR,38.347211,37.026002,nuscale_voygr6,HI-07,,,,3.5,scored,Dense or near transmitter proxy: >25 features in radius or nearest feature < 5 km. Review RF/EMI controls.,,"{""hi07_comment"": ""Nearest transmitter: communication, 2.4 km. Total within 25 km: 31. Source: OSM Overpass [FIX-04 transmitter]"", ""hi07_quality"": ""medium"", ""human_fetched_at"": ""2026-05-12T22:51:23.936060+03:00"", ""human_run_id"": ""hi06_spf_20260512_185043"", ""nearest_transmitter_km"": 2.37, ""transmitter_count"": 31, ""transmitter_type"": ""communication""}"
ce39538c-997e-4a7d-bc32-f164f50f9aa0,Ağan power station,TR,40.449823,27.304356,nuscale_voygr6,HI-07,,,,3.5,scored,Dense or near transmitter proxy: >25 features in radius or nearest feature < 5 km. Review RF/EMI controls.,,"{""hi07_comment"": ""Nearest transmitter: communication, 2.2 km. Total within 25 km: 38. Source: OSM Overpass [FIX-04 transmitter]"", ""hi07_quality"": ""medium"", ""human_fetched_at"": ""2026-05-12T22:51:40.162183+03:00"", ""human_run_id"": ""hi06_spf_20260512_185043"", ""nearest_transmitter_km"": 2.18, ""transmitter_count"": 38, ""transmitter_type"": ""communication""}"
5fa0dfa9-c272-444e-8e70-80ab55b5d36c,Akdeniz Enerji power station,TR,36.201759,33.671397,nuscale_voygr6,HI-07,,,,3.5,scored,Dense or near transmitter proxy: >25 features in radius or nearest feature < 5 km. Review RF/EMI controls.,,"{""hi07_comment"": ""Nearest transmitter: observation, 4.7 km. Total within 25 km: 10. Source: OSM Overpass [FIX-04 transmitter]"", ""hi07_quality"": ""medium"", ""human_fetched_at"": ""2026-05-12T22:51:50.499848+03:00"", ""human_run_id"": ""hi06_spf_20260512_185043"", ""nearest_transmitter_km"": 4.72, ""transmitter_count"": 10, ""transmitter_type"": ""observation""}"
992a4bf0-3ff0-4f12-bb89-50dc9e8d7d35,Aksa Akrilik power station,TR,40.691129,29.405596,nuscale_voygr6,HI-07,,,,1.5,scored,Very dense or nearby transmitter proxy: >100 transmitter-like features in radius or nearest feature < 2 km. Power class not measured.,,"{""hi07_comment"": ""Nearest transmitter: mast, 0.5 km. Total within 25 km: 135. Source: OSM Overpass [FIX-04 transmitter]"", ""hi07_quality"": ""medium"", ""human_fetched_at"": ""2026-05-12T22:52:05.316964+03:00"", ""human_run_id"": ""hi06_spf_20260512_185043"", ""nearest_transmitter_km"": 0.51, ""transmitter_count"": 135, ""transmitter_type"": ""mast""}"
cb825b0f-e315-4221-b194-43d5b472382d,Albayrak Varaka Paper power station,TR,39.559474,27.969536,nuscale_voygr6,HI-07,,,,3.5,scored,Dense or near transmitter proxy: >25 features in radius or nearest feature < 5 km. Review RF/EMI controls.,,"{""hi07_comment"": ""Nearest transmitter: minaret, 5.2 km. Total within 25 km: 42. Source: OSM Overpass [FIX-04 transmitter]"", ""hi07_quality"": ""medium"", ""human_fetched_at"": ""2026-05-12T22:52:19.265823+03:00"", ""human_run_id"": ""hi06_spf_20260512_185043"", ""nearest_transmitter_km"": 5.2, ""transmitter_count"": 42, ""transmitter_type"": ""minaret""}"
bcb86777-4a54-4891-bb26-35b201bbd57d,Aliağa Enka power station,TR,38.746,26.912,nuscale_voygr6,HI-07,,,,5.5,scored,Scoreable ordinary RF environment from count/proximity evidence; power-class-specific severity deferred.,,"{""hi07_comment"": ""Nearest transmitter: mast, 5.5 km. Total within 25 km: 18. Source: OSM Overpass [FIX-04 transmitter]"", ""hi07_quality"": ""medium"", ""human_fetched_at"": ""2026-05-12T22:52:43.154217+03:00"", ""human_run_id"": ""hi06_spf_20260512_185043"", ""nearest_transmitter_km"": 5.49, ""transmitter_count"": 18, ""transmitter_type"": ""mast""}"
9699244b-14c0-4e27-afd1-105494fccd60,Alpu power station,TR,39.897,30.862,nuscale_voygr6,HI-07,,,,5.5,scored,Scoreable ordinary RF environment from count/proximity evidence; power-class-specific severity deferred.,,"{""hi07_comment"": ""Nearest transmitter: water_tower, 6.5 km. Total within 25 km: 24. Source: OSM Overpass [FIX-04 transmitter]"", ""hi07_quality"": ""medium"", ""human_fetched_at"": ""2026-05-12T22:52:55.168256+03:00"", ""human_run_id"": ""hi06_spf_20260512_185043"", ""nearest_transmitter_km"": 6.53, ""transmitter_count"": 24, ""transmitter_type"": ""water_tower""}"
9163ca37-1b31-409d-974f-9e7ed5e5f33d,Amasra Bartın power station,TR,41.72704,32.34971,nuscale_voygr6,HI-07,,,,3.5,scored,Dense or near transmitter proxy: >25 features in radius or nearest feature < 5 km. Review RF/EMI controls.,,"{""hi07_comment"": ""Nearest transmitter: minaret, 3.7 km. Total within 25 km: 40. Source: OSM Overpass [FIX-04 transmitter]"", ""hi07_quality"": ""medium"", ""human_fetched_at"": ""2026-05-12T22:53:07.148535+03:00"", ""human_run_id"": ""hi06_spf_20260512_185043"", ""nearest_transmitter_km"": 3.66, ""transmitter_count"": 40, ""transmitter_type"": ""minaret""}"
8782d6f2-5f9f-4c67-b9f2-6756857bd200,Ant Enerji power station,TR,37.366667,28.033333,nuscale_voygr6,HI-07,,,,3.5,scored,Dense or near transmitter proxy: >25 features in radius or nearest feature < 5 km. Review RF/EMI controls.,,"{""hi07_comment"": ""Nearest transmitter: tower, 2.9 km. Total within 25 km: 27. Source: OSM Overpass [FIX-04 transmitter]"", ""hi07_quality"": ""medium"", ""human_fetched_at"": ""2026-05-12T22:53:18.991261+03:00"", ""human_run_id"": ""hi06_spf_20260512_185043"", ""nearest_transmitter_km"": 2.91, ""transmitter_count"": 27, ""transmitter_type"": ""tower""}"
b5a75ec8-a2fe-42ad-b33e-ea32e20ebdfb,Astoria Ceyhan power station,TR,36.90659,35.96236,nuscale_voygr6,HI-07,,,,3.5,scored,Dense or near transmitter proxy: >25 features in radius or nearest feature < 5 km. Review RF/EMI controls.,,"{""hi07_comment"": ""Nearest transmitter: antenna, 3.8 km. Total within 25 km: 25. Source: OSM Overpass [FIX-04 transmitter]"", ""hi07_quality"": ""medium"", ""human_fetched_at"": ""2026-05-12T22:53:47.151157+03:00"", ""human_run_id"": ""hi06_spf_20260512_185043"", ""nearest_transmitter_km"": 3.78, ""transmitter_count"": 25, ""transmitter_type"": ""antenna""}"
c6b846cb-3a01-4e17-9d51-da4b58fd1827,Atakaş power station,TR,36.6971,36.2042,nuscale_voygr6,HI-07,,,,3.5,scored,Dense or near transmitter proxy: >25 features in radius or nearest feature < 5 km. Review RF/EMI controls.,,"{""hi07_comment"": ""Nearest transmitter: mast, 2.9 km. Total within 25 km: 37. Source: OSM Overpass [FIX-04 transmitter]"", ""hi07_quality"": ""medium"", ""human_fetched_at"": ""2026-05-12T22:53:58.570353+03:00"", ""human_run_id"": ""hi06_spf_20260512_185043"", ""nearest_transmitter_km"": 2.95, ""transmitter_count"": 37, ""transmitter_type"": ""mast""}"
1ce7624e-1d72-4293-8ff4-09096b56ddd2,Atlas Enerji İskenderun power station,TR,36.69028,36.20909,nuscale_voygr6,HI-07,,,,3.5,scored,Dense or near transmitter proxy: >25 features in radius or nearest feature < 5 km. Review RF/EMI controls.,,"{""hi07_comment"": ""Nearest transmitter: mast, 3.7 km. Total within 25 km: 42. Source: OSM Overpass [FIX-04 transmitter]"", ""hi07_quality"": ""medium"", ""human_fetched_at"": ""2026-05-12T22:54:13.878002+03:00"", ""human_run_id"": ""hi06_spf_20260512_185043"", ""nearest_transmitter_km"": 3.71, ""transmitter_count"": 42, ""transmitter_type"": ""mast""}"
c7afd455-7beb-4d23-8d3b-e9a102782d2b,Avdan power station,TR,37.750237,29.094284,nuscale_voygr6,HI-07,,,,3.5,scored,Dense or near transmitter proxy: >25 features in radius or nearest feature < 5 km. Review RF/EMI controls.,,"{""hi07_comment"": ""Nearest transmitter: mast, 3.6 km. Total within 25 km: 38. Source: OSM Overpass [FIX-04 transmitter]"", ""hi07_quality"": ""medium"", ""human_fetched_at"": ""2026-05-12T22:54:30.057158+03:00"", ""human_run_id"": ""hi06_spf_20260512_185043"", ""nearest_transmitter_km"": 3.56, ""transmitter_count"": 38, ""transmitter_type"": ""mast""}"
7a805295-0cd2-48be-972e-5282c996549c,Ayas power station,TR,36.82211,35.86753,nuscale_voygr6,HI-07,,,,5.5,scored,Scoreable ordinary RF environment from count/proximity evidence; power-class-specific severity deferred.,,"{""hi07_comment"": ""Nearest transmitter: tower, 6.7 km. Total within 25 km: 16. Source: OSM Overpass [FIX-04 transmitter]"", ""hi07_quality"": ""medium"", ""human_fetched_at"": ""2026-05-12T22:54:45.275424+03:00"", ""human_run_id"": ""hi06_spf_20260512_185043"", ""nearest_transmitter_km"": 6.71, ""transmitter_count"": 16, ""transmitter_type"": ""tower""}"
b8875ff2-9e9d-4520-8879-c71468e9cc50,Babadere power station,TR,39.609,26.189,nuscale_voygr6,HI-07,,,,3.5,scored,Dense or near transmitter proxy: >25 features in radius or nearest feature < 5 km. Review RF/EMI controls.,,"{""hi07_comment"": ""Nearest transmitter: minaret, 2.3 km. Total within 25 km: 35. Source: OSM Overpass [FIX-04 transmitter]"", ""hi07_quality"": ""medium"", ""human_fetched_at"": ""2026-05-12T22:55:00.548996+03:00"", ""human_run_id"": ""hi06_spf_20260512_185043"", ""nearest_transmitter_km"": 2.28, ""transmitter_count"": 35, ""transmitter_type"": ""minaret""}"
ba1f1f36-18b4-49ae-9882-f90418dc88ce,Bandırma Elektrik power station,TR,40.30593,27.7272,nuscale_voygr6,HI-07,,,,3.5,scored,Dense or near transmitter proxy: >25 features in radius or nearest feature < 5 km. Review RF/EMI controls.,,"{""hi07_comment"": ""Nearest transmitter: communication, 5.3 km. Total within 25 km: 44. Source: OSM Overpass [FIX-04 transmitter]"", ""hi07_quality"": ""medium"", ""human_fetched_at"": ""2026-05-12T22:55:20.164159+03:00"", ""human_run_id"": ""hi06_spf_20260512_185043"", ""nearest_transmitter_km"": 5.34, ""transmitter_count"": 44, ""transmitter_type"": ""communication""}"
fecb62d9-6fb8-4f8d-83e3-78a7c75adb6e,Bandırma III power station,TR,39.385,27.533,nuscale_voygr6,HI-07,,,,3.5,scored,Dense or near transmitter proxy: >25 features in radius or nearest feature < 5 km. Review RF/EMI controls.,,"{""hi07_comment"": ""Nearest transmitter: communication, 2.5 km. Total within 25 km: 32. Source: OSM Overpass [FIX-04 transmitter]"", ""hi07_quality"": ""medium"", ""human_fetched_at"": ""2026-05-12T22:55:33.545338+03:00"", ""human_run_id"": ""hi06_spf_20260512_185043"", ""nearest_transmitter_km"": 2.54, ""transmitter_count"": 32, ""transmitter_type"": ""communication""}"
bb2453b0-c76d-40ea-bcc4-870391f05b2f,Bandırma Karat power station,TR,40.357,27.975,nuscale_voygr6,HI-07,,,,1.5,scored,Very dense or nearby transmitter proxy: >100 transmitter-like features in radius or nearest feature < 2 km. Power class not measured.,,"{""hi07_comment"": ""Nearest transmitter: communication, 0.7 km. Total within 25 km: 44. Source: OSM Overpass [FIX-04 transmitter]"", ""hi07_quality"": ""medium"", ""human_fetched_at"": ""2026-05-12T22:55:46.167707+03:00"", ""human_run_id"": ""hi06_spf_20260512_185043"", ""nearest_transmitter_km"": 0.75, ""transmitter_count"": 44, ""transmitter_type"": ""communication""}"
1289753b-43db-4058-8fe1-6e38b5fb01b5,Barbaros-1 power station,TR,41.803,35.194,nuscale_voygr6,HI-07,,,,9.5,scored,Sparse and distant transmitter proxy: at most five transmitter-like features and none measured within 10 km.,,"{""hi07_comment"": ""Nearest transmitter: communication, 17.9 km. Total within 25 km: 4. Source: OSM Overpass [FIX-04 transmitter]"", ""hi07_quality"": ""medium"", ""human_fetched_at"": ""2026-05-12T22:56:00.854056+03:00"", ""human_run_id"": ""hi06_spf_20260512_185043"", ""nearest_transmitter_km"": 17.92, ""transmitter_count"": 4, ""transmitter_type"": ""communication""}"
2350bab4-9869-43f1-b62f-a4d5aea77ef5,Biga power station,TR,40.47233,27.28625,nuscale_voygr6,HI-07,,,,1.5,scored,Very dense or nearby transmitter proxy: >100 transmitter-like features in radius or nearest feature < 2 km. Power class not measured.,,"{""hi07_comment"": ""Nearest transmitter: communication, 1.9 km. Total within 25 km: 45. Source: OSM Overpass [FIX-04 transmitter]"", ""hi07_quality"": ""medium"", ""human_fetched_at"": ""2026-05-12T22:56:14.936234+03:00"", ""human_run_id"": ""hi06_spf_20260512_185043"", ""nearest_transmitter_km"": 1.9, ""transmitter_count"": 45, ""transmitter_type"": ""communication""}"
75f807aa-8278-43a3-8654-730713b96001,Bingöl power station,TR,39.31575,40.889156,nuscale_voygr6,HI-07,,,,5.5,scored,Scoreable ordinary RF environment from count/proximity evidence; power-class-specific severity deferred.,,"{""hi07_comment"": ""Nearest transmitter: communication, 10.1 km. Total within 25 km: 20. Source: OSM Overpass [FIX-04 transmitter]"", ""hi07_quality"": ""medium"", ""human_fetched_at"": ""2026-05-12T22:56:27.917621+03:00"", ""human_run_id"": ""hi06_spf_20260512_185043"", ""nearest_transmitter_km"": 10.06, ""transmitter_count"": 20, ""transmitter_type"": ""communication""}"
2b6a65d3-efb0-44d8-b88b-9aad311f4ac4,Bolu Göynük power station,TR,40.2514,30.8129,nuscale_voygr6,HI-07,,,,5.5,scored,Scoreable ordinary RF environment from count/proximity evidence; power-class-specific severity deferred.,,"{""hi07_comment"": ""Nearest transmitter: observation, 13.4 km. Total within 25 km: 23. Source: OSM Overpass [FIX-04 transmitter]"", ""hi07_quality"": ""medium"", ""human_fetched_at"": ""2026-05-12T22:56:42.886242+03:00"", ""human_run_id"": ""hi06_spf_20260512_185043"", ""nearest_transmitter_km"": 13.37, ""transmitter_count"": 23, ""transmitter_type"": ""observation""}"
7b4d3f8f-a644-48a3-93f9-cd3c154dc5c2,Burnaz power station,TR,36.491859,36.192092,nuscale_voygr6,HI-07,,,,3.5,scored,Dense or near transmitter proxy: >25 features in radius or nearest feature < 5 km. Review RF/EMI controls.,,"{""hi07_comment"": ""Nearest transmitter: communication, 3.8 km. Total within 25 km: 53. Source: OSM Overpass [FIX-04 transmitter]"", ""hi07_quality"": ""medium"", ""human_fetched_at"": ""2026-05-12T22:56:56.963205+03:00"", ""human_run_id"": ""hi06_spf_20260512_185043"", ""nearest_transmitter_km"": 3.79, ""transmitter_count"": 53, ""transmitter_type"": ""communication""}"
3bc834ed-5c2b-47d6-b555-2e20b9044053,Bursa power station,TR,39.90331,29.17746,nuscale_voygr6,HI-07,,,,5.5,scored,Scoreable ordinary RF environment from count/proximity evidence; power-class-specific severity deferred.,,"{""hi07_comment"": ""Nearest transmitter: communication, 8.2 km. Total within 25 km: 12. Source: OSM Overpass [FIX-04 transmitter]"", ""hi07_quality"": ""medium"", ""human_fetched_at"": ""2026-05-12T22:57:29.977503+03:00"", ""human_run_id"": ""hi06_spf_20260512_185043"", ""nearest_transmitter_km"": 8.25, ""transmitter_count"": 12, ""transmitter_type"": ""communication""}"
e71ec827-7143-48dd-8c8a-8e81705fa971,Çalışkan Ceyhan power station,TR,36.93815,35.99446,nuscale_voygr6,HI-07,,,,3.5,scored,Dense or near transmitter proxy: >25 features in radius or nearest feature < 5 km. Review RF/EMI controls.,,"{""hi07_comment"": ""Nearest transmitter: minaret, 6.0 km. Total within 25 km: 40. Source: OSM Overpass [FIX-04 transmitter]"", ""hi07_quality"": ""medium"", ""human_fetched_at"": ""2026-05-12T22:57:41.287528+03:00"", ""human_run_id"": ""hi06_spf_20260512_185043"", ""nearest_transmitter_km"": 6.01, ""transmitter_count"": 40, ""transmitter_type"": ""minaret""}"
ad1e8841-e4e4-413b-820a-8c14e09da5a0,Çan (18 Mart) power station,TR,40.02324,26.976837,nuscale_voygr6,HI-07,,,,3.5,scored,Dense or near transmitter proxy: >25 features in radius or nearest feature < 5 km. Review RF/EMI controls.,,"{""hi07_comment"": ""Nearest transmitter: minaret, 3.9 km. Total within 25 km: 24. Source: OSM Overpass [FIX-04 transmitter]"", ""hi07_quality"": ""medium"", ""human_fetched_at"": ""2026-05-12T22:57:56.005335+03:00"", ""human_run_id"": ""hi06_spf_20260512_185043"", ""nearest_transmitter_km"": 3.85, ""transmitter_count"": 24, ""transmitter_type"": ""minaret""}"
28980273-0ba6-4c8c-b080-7ff9b33cc4c9,Çan-2 power station,TR,40.034352,26.950574,nuscale_voygr6,HI-07,,,,5.5,scored,Scoreable ordinary RF environment from count/proximity evidence; power-class-specific severity deferred.,,"{""hi07_comment"": ""Nearest transmitter: minaret, 6.0 km. Total within 25 km: 23. Source: OSM Overpass [FIX-04 transmitter]"", ""hi07_quality"": ""medium"", ""human_fetched_at"": ""2026-05-12T22:58:06.973357+03:00"", ""human_run_id"": ""hi06_spf_20260512_185043"", ""nearest_transmitter_km"": 6.04, ""transmitter_count"": 23, ""transmitter_type"": ""minaret""}"
dd413ee8-a6f2-4e7c-8e6c-6d0ed8637d83,Çankırı Orta power station,TR,40.623886,33.112751,nuscale_voygr6,HI-07,,,,3.5,scored,Dense or near transmitter proxy: >25 features in radius or nearest feature < 5 km. Review RF/EMI controls.,,"{""hi07_comment"": ""Nearest transmitter: minaret, 2.3 km. Total within 25 km: 33. Source: OSM Overpass [FIX-04 transmitter]"", ""hi07_quality"": ""medium"", ""human_fetched_at"": ""2026-05-12T22:58:22.770859+03:00"", ""human_run_id"": ""hi06_spf_20260512_185043"", ""nearest_transmitter_km"": 2.3, ""transmitter_count"": 33, ""transmitter_type"": ""minaret""}"
fc307877-758b-4dbf-afbe-abfc4a778155,Çankırı Yıldızlar power station,TR,40.6078,33.3202,nuscale_voygr6,HI-07,,,,3.5,scored,Dense or near transmitter proxy: >25 features in radius or nearest feature < 5 km. Review RF/EMI controls.,,"{""hi07_comment"": ""Nearest transmitter: communication, 10.2 km. Total within 25 km: 37. Source: OSM Overpass [FIX-04 transmitter]"", ""hi07_quality"": ""medium"", ""human_fetched_at"": ""2026-05-12T22:58:51.896732+03:00"", ""human_run_id"": ""hi06_spf_20260512_185043"", ""nearest_transmitter_km"": 10.15, ""transmitter_count"": 37, ""transmitter_type"": ""communication""}"
8b16dc60-1a2b-4b2c-bcad-1c334d246ae3,Çatalağzı power station,TR,41.517402,31.900198,nuscale_voygr6,HI-07,,,,1.5,scored,Very dense or nearby transmitter proxy: >100 transmitter-like features in radius or nearest feature < 2 km. Power class not measured.,,"{""hi07_comment"": ""Nearest transmitter: communication, 1.2 km. Total within 25 km: 26. Source: OSM Overpass [FIX-04 transmitter]"", ""hi07_quality"": ""medium"", ""human_fetched_at"": ""2026-05-12T22:59:07.163505+03:00"", ""human_run_id"": ""hi06_spf_20260512_185043"", ""nearest_transmitter_km"": 1.18, ""transmitter_count"": 26, ""transmitter_type"": ""communication""}"
674deb4f-110c-4120-bea0-5f0711da3ea1,Çayırhan power station,TR,40.097,31.695,nuscale_voygr6,HI-07,,,,3.5,scored,Dense or near transmitter proxy: >25 features in radius or nearest feature < 5 km. Review RF/EMI controls.,,"{""hi07_comment"": ""Nearest transmitter: communication, 3.6 km. Total within 25 km: 24. Source: OSM Overpass [FIX-04 transmitter]"", ""hi07_quality"": ""medium"", ""human_fetched_at"": ""2026-05-12T22:59:19.396624+03:00"", ""human_run_id"": ""hi06_spf_20260512_185043"", ""nearest_transmitter_km"": 3.58, ""transmitter_count"": 24, ""transmitter_type"": ""communication""}"
d12e7ffc-4cd3-4ff4-81da-ae360d59409b,Çebi Enerji power station,TR,41.013446,27.961648,nuscale_voygr6,HI-07,,,,1.5,scored,Very dense or nearby transmitter proxy: >100 transmitter-like features in radius or nearest feature < 2 km. Power class not measured.,,"{""hi07_comment"": ""Nearest transmitter: water_tower, 0.4 km. Total within 25 km: 286. Source: OSM Overpass [FIX-04 transmitter]"", ""hi07_quality"": ""medium"", ""human_fetched_at"": ""2026-05-12T22:59:33.670389+03:00"", ""human_run_id"": ""hi06_spf_20260512_185043"", ""nearest_transmitter_km"": 0.4, ""transmitter_count"": 286, ""transmitter_type"": ""water_tower""}"
a4af3789-2c40-41fc-a3ec-3b8d2fc6c645,Çelikler Yumurtalık power station,TR,36.86788,35.90949,nuscale_voygr6,HI-07,,,,1.5,scored,Very dense or nearby transmitter proxy: >100 transmitter-like features in radius or nearest feature < 2 km. Power class not measured.,,"{""hi07_comment"": ""Nearest transmitter: tower, 1.5 km. Total within 25 km: 22. Source: OSM Overpass [FIX-04 transmitter]"", ""hi07_quality"": ""medium"", ""human_fetched_at"": ""2026-05-12T23:00:05.626737+03:00"", ""human_run_id"": ""hi06_spf_20260512_185043"", ""nearest_transmitter_km"": 1.55, ""transmitter_count"": 22, ""transmitter_type"": ""tower""}"
a96dc545-41a9-4b0d-a7a3-f40ef711e5e3,Cenal power station,TR,40.4167,27.31829,nuscale_voygr6,HI-07,,,,1.5,scored,Very dense or nearby transmitter proxy: >100 transmitter-like features in radius or nearest feature < 2 km. Power class not measured.,,"{""hi07_comment"": ""Nearest transmitter: mast, 0.3 km. Total within 25 km: 29. Source: OSM Overpass [FIX-04 transmitter]"", ""hi07_quality"": ""medium"", ""human_fetched_at"": ""2026-05-12T23:00:34.941232+03:00"", ""human_run_id"": ""hi06_spf_20260512_185043"", ""nearest_transmitter_km"": 0.29, ""transmitter_count"": 29, ""transmitter_type"": ""mast""}"
e894ba3e-e397-47c9-b0b9-a72cfb6bd680,Çerkezköy power station,TR,41.283333,28.0,nuscale_voygr6,HI-07,,,,1.5,scored,Very dense or nearby transmitter proxy: >100 transmitter-like features in radius or nearest feature < 2 km. Power class not measured.,,"{""hi07_comment"": ""Nearest transmitter: lighting, 0.2 km. Total within 25 km: 446. Source: OSM Overpass [FIX-04 transmitter]"", ""hi07_quality"": ""medium"", ""human_fetched_at"": ""2026-05-12T23:00:46.282024+03:00"", ""human_run_id"": ""hi06_spf_20260512_185043"", ""nearest_transmitter_km"": 0.23, ""transmitter_count"": 446, ""transmitter_type"": ""lighting""}"
bddb4fb7-c01d-4b71-bc30-1896b88298bf,Çırpılar power station,TR,39.816777,27.339752,nuscale_voygr6,HI-07,,,,5.5,scored,Scoreable ordinary RF environment from count/proximity evidence; power-class-specific severity deferred.,,"{""hi07_comment"": ""Nearest transmitter: communication, 7.7 km. Total within 25 km: 20. Source: OSM Overpass [FIX-04 transmitter]"", ""hi07_quality"": ""medium"", ""human_fetched_at"": ""2026-05-12T23:01:02.561283+03:00"", ""human_run_id"": ""hi06_spf_20260512_185043"", ""nearest_transmitter_km"": 7.69, ""transmitter_count"": 20, ""transmitter_type"": ""communication""}"
778e0750-19f9-426e-a6c7-e0e30645fb97,Çoban Yıldız power station,TR,37.557261,32.847995,nuscale_voygr6,HI-07,,,,3.5,scored,Dense or near transmitter proxy: >25 features in radius or nearest feature < 5 km. Review RF/EMI controls.,,"{""hi07_comment"": ""Nearest transmitter: water_tower, 2.8 km. Total within 25 km: 38. Source: OSM Overpass [FIX-04 transmitter]"", ""hi07_quality"": ""medium"", ""human_fetched_at"": ""2026-05-12T23:01:14.564420+03:00"", ""human_run_id"": ""hi06_spf_20260512_185043"", ""nearest_transmitter_km"": 2.81, ""transmitter_count"": 38, ""transmitter_type"": ""water_tower""}"
28c80d72-dd9e-4fbf-a2c7-d48d49ca61dc,Demirtaş power station,TR,36.780693,35.735779,nuscale_voygr6,HI-07,,,,5.5,scored,Scoreable ordinary RF environment from count/proximity evidence; power-class-specific severity deferred.,,"{""hi07_comment"": ""Nearest transmitter: communication, 5.7 km. Total within 25 km: 15. Source: OSM Overpass [FIX-04 transmitter]"", ""hi07_quality"": ""medium"", ""human_fetched_at"": ""2026-05-12T23:01:26.421117+03:00"", ""human_run_id"": ""hi06_spf_20260512_185043"", ""nearest_transmitter_km"": 5.72, ""transmitter_count"": 15, ""transmitter_type"": ""communication""}"
a70bbc9a-1469-4d56-be56-f282ed4130a8,Deniz power station,TR,38.746,26.912,nuscale_voygr6,HI-07,,,,5.5,scored,Scoreable ordinary RF environment from count/proximity evidence; power-class-specific severity deferred.,,"{""hi07_comment"": ""Nearest transmitter: mast, 5.5 km. Total within 25 km: 18. Source: OSM Overpass [FIX-04 transmitter]"", ""hi07_quality"": ""medium"", ""human_fetched_at"": ""2026-05-12T23:01:43.594197+03:00"", ""human_run_id"": ""hi06_spf_20260512_185043"", ""nearest_transmitter_km"": 5.49, ""transmitter_count"": 18, ""transmitter_type"": ""mast""}"
5067ece3-b204-495e-81c1-90a523252547,DETES 1 power station,TR,41.498,31.868,nuscale_voygr6,HI-07,,,,3.5,scored,Dense or near transmitter proxy: >25 features in radius or nearest feature < 5 km. Review RF/EMI controls.,,"{""hi07_comment"": ""Nearest transmitter: minaret, 3.1 km. Total within 25 km: 21. Source: OSM Overpass [FIX-04 transmitter]"", ""hi07_quality"": ""medium"", ""human_fetched_at"": ""2026-05-12T23:01:59.201217+03:00"", ""human_run_id"": ""hi06_spf_20260512_185043"", ""nearest_transmitter_km"": 3.1, ""transmitter_count"": 21, ""transmitter_type"": ""minaret""}"
c657c5c3-38a2-472d-8962-9e7cefcd2c1e,Diler (Akbayir) Elbistan power station,TR,38.17,37.37,nuscale_voygr6,HI-07,,,,3.5,scored,Dense or near transmitter proxy: >25 features in radius or nearest feature < 5 km. Review RF/EMI controls.,,"{""hi07_comment"": ""Nearest transmitter: tower, 5.9 km. Total within 25 km: 28. Source: OSM Overpass [FIX-04 transmitter]"", ""hi07_quality"": ""medium"", ""human_fetched_at"": ""2026-05-12T23:02:12.715336+03:00"", ""human_run_id"": ""hi06_spf_20260512_185043"", ""nearest_transmitter_km"": 5.91, ""transmitter_count"": 28, ""transmitter_type"": ""tower""}"
59f96677-d42b-4ae1-a3e9-32f3dc396a83,Dinar power station,TR,38.064,30.167,nuscale_voygr6,HI-07,,,,7.5,scored,Low RF-density proxy: at most ten transmitter-like features and none measured within 5 km.,,"{""hi07_comment"": ""Nearest transmitter: communication, 13.7 km. Total within 25 km: 8. Source: OSM Overpass [FIX-04 transmitter]"", ""hi07_quality"": ""medium"", ""human_fetched_at"": ""2026-05-12T23:02:27.301553+03:00"", ""human_run_id"": ""hi06_spf_20260512_185043"", ""nearest_transmitter_km"": 13.69, ""transmitter_count"": 8, ""transmitter_type"": ""communication""}"
161660e7-3ccf-4704-b452-b126599700a0,DOSAB cogeneration plant,TR,40.243172,28.96442,nuscale_voygr6,HI-07,,,,1.5,scored,Very dense or nearby transmitter proxy: >100 transmitter-like features in radius or nearest feature < 2 km. Power class not measured.,,"{""hi07_comment"": ""Nearest transmitter: minaret, 0.2 km. Total within 25 km: 120. Source: OSM Overpass [FIX-04 transmitter]"", ""hi07_quality"": ""medium"", ""human_fetched_at"": ""2026-05-12T23:02:41.763647+03:00"", ""human_run_id"": ""hi06_spf_20260512_185043"", ""nearest_transmitter_km"": 0.18, ""transmitter_count"": 120, ""transmitter_type"": ""minaret""}"
aa336cdc-f6fe-4b08-b46d-69e852c501bf,Ece power station,TR,36.780693,35.735779,nuscale_voygr6,HI-07,,,,5.5,scored,Scoreable ordinary RF environment from count/proximity evidence; power-class-specific severity deferred.,,"{""hi07_comment"": ""Nearest transmitter: communication, 5.7 km. Total within 25 km: 15. Source: OSM Overpass [FIX-04 transmitter]"", ""hi07_quality"": ""medium"", ""human_fetched_at"": ""2026-05-12T23:02:55.018646+03:00"", ""human_run_id"": ""hi06_spf_20260512_185043"", ""nearest_transmitter_km"": 5.72, ""transmitter_count"": 15, ""transmitter_type"": ""communication""}"
3f1ad930-cffb-4991-badd-773db74b890c,EMBA Hunutlu power station,TR,36.81609,35.85481,nuscale_voygr6,HI-07,,,,5.5,scored,Scoreable ordinary RF environment from count/proximity evidence; power-class-specific severity deferred.,,"{""hi07_comment"": ""Nearest transmitter: communication, 6.2 km. Total within 25 km: 16. Source: OSM Overpass [FIX-04 transmitter]"", ""hi07_quality"": ""medium"", ""human_fetched_at"": ""2026-05-12T23:03:09.692567+03:00"", ""human_run_id"": ""hi06_spf_20260512_185043"", ""nearest_transmitter_km"": 6.18, ""transmitter_count"": 16, ""transmitter_type"": ""communication""}"
28baef4d-44e3-4b2e-bbe3-75f736371553,Enyat Samsun power station,TR,40.97,35.67,nuscale_voygr6,HI-07,,,,1.5,scored,Very dense or nearby transmitter proxy: >100 transmitter-like features in radius or nearest feature < 2 km. Power class not measured.,,"{""hi07_comment"": ""Nearest transmitter: communication, 0.9 km. Total within 25 km: 39. Source: OSM Overpass [FIX-04 transmitter]"", ""hi07_quality"": ""medium"", ""human_fetched_at"": ""2026-05-12T23:03:28.003896+03:00"", ""human_run_id"": ""hi06_spf_20260512_185043"", ""nearest_transmitter_km"": 0.9, ""transmitter_count"": 39, ""transmitter_type"": ""communication""}"
142cad75-648a-495d-8c10-792351e72126,Eren-1 power station,TR,41.632,27.03,nuscale_voygr6,HI-07,,,,1.5,scored,Very dense or nearby transmitter proxy: >100 transmitter-like features in radius or nearest feature < 2 km. Power class not measured.,,"{""hi07_comment"": ""Nearest transmitter: communication, 5.3 km. Total within 25 km: 116. Source: OSM Overpass [FIX-04 transmitter]"", ""hi07_quality"": ""medium"", ""human_fetched_at"": ""2026-05-12T23:03:41.789931+03:00"", ""human_run_id"": ""hi06_spf_20260512_185043"", ""nearest_transmitter_km"": 5.33, ""transmitter_count"": 116, ""transmitter_type"": ""communication""}"
f92bc907-9b9b-4d21-92fd-1705bd71128c,Ergene power station,TR,41.2408,27.6967,nuscale_voygr6,HI-07,,,,1.5,scored,Very dense or nearby transmitter proxy: >100 transmitter-like features in radius or nearest feature < 2 km. Power class not measured.,,"{""hi07_comment"": ""Nearest transmitter: lighting, 0.4 km. Total within 25 km: 408. Source: OSM Overpass [FIX-04 transmitter]"", ""hi07_quality"": ""medium"", ""human_fetched_at"": ""2026-05-12T23:03:57.465358+03:00"", ""human_run_id"": ""hi06_spf_20260512_185043"", ""nearest_transmitter_km"": 0.37, ""transmitter_count"": 408, ""transmitter_type"": ""lighting""}"
b90e80f9-66f3-4290-8aa2-518b8422aba0,Eti Maden Bandirma power station,TR,40.328921,27.990415,nuscale_voygr6,HI-07,,,,1.5,scored,Very dense or nearby transmitter proxy: >100 transmitter-like features in radius or nearest feature < 2 km. Power class not measured.,,"{""hi07_comment"": ""Nearest transmitter: communication, 0.6 km. Total within 25 km: 44. Source: OSM Overpass [FIX-04 transmitter]"", ""hi07_quality"": ""medium"", ""human_fetched_at"": ""2026-05-12T23:04:13.287831+03:00"", ""human_run_id"": ""hi06_spf_20260512_185043"", ""nearest_transmitter_km"": 0.58, ""transmitter_count"": 44, ""transmitter_type"": ""communication""}"
17568f0f-91fd-4efe-b4df-2c7cc5d80b7d,Evrese power station,TR,40.416667,26.666667,nuscale_voygr6,HI-07,,,,1.5,scored,Very dense or nearby transmitter proxy: >100 transmitter-like features in radius or nearest feature < 2 km. Power class not measured.,,"{""hi07_comment"": ""Nearest transmitter: lighting, 0.4 km. Total within 25 km: 42. Source: OSM Overpass [FIX-04 transmitter]"", ""hi07_quality"": ""medium"", ""human_fetched_at"": ""2026-05-12T23:04:28.899434+03:00"", ""human_run_id"": ""hi06_spf_20260512_185043"", ""nearest_transmitter_km"": 0.42, ""transmitter_count"": 42, ""transmitter_type"": ""lighting""}"
cb08e7b6-0af3-45d9-95c3-3832e7e2677c,Filyos power station,TR,41.57543,32.05965,nuscale_voygr6,HI-07,,,,3.5,scored,Dense or near transmitter proxy: >25 features in radius or nearest feature < 5 km. Review RF/EMI controls.,,"{""hi07_comment"": ""Nearest transmitter: communication, 3.4 km. Total within 25 km: 44. Source: OSM Overpass [FIX-04 transmitter]"", ""hi07_quality"": ""medium"", ""human_fetched_at"": ""2026-05-12T23:04:43.953108+03:00"", ""human_run_id"": ""hi06_spf_20260512_185043"", ""nearest_transmitter_km"": 3.39, ""transmitter_count"": 44, ""transmitter_type"": ""communication""}"
829f61ff-0ad1-4288-8dd9-e41abbd0b6a7,Gebze Çolakoğlu power station,TR,40.77758,29.538564,nuscale_voygr6,HI-07,,,,1.5,scored,Very dense or nearby transmitter proxy: >100 transmitter-like features in radius or nearest feature < 2 km. Power class not measured.,,"{""hi07_comment"": ""Nearest transmitter: minaret, 1.0 km. Total within 25 km: 212. Source: OSM Overpass [FIX-04 transmitter]"", ""hi07_quality"": ""medium"", ""human_fetched_at"": ""2026-05-12T23:04:59.238756+03:00"", ""human_run_id"": ""hi06_spf_20260512_185043"", ""nearest_transmitter_km"": 1.01, ""transmitter_count"": 212, ""transmitter_type"": ""minaret""}"
e780e4ac-0506-4186-9b58-0f378f878345,Gerze power station,TR,41.86621,35.12424,nuscale_voygr6,HI-07,,,,5.5,scored,Scoreable ordinary RF environment from count/proximity evidence; power-class-specific severity deferred.,,"{""hi07_comment"": ""Nearest transmitter: communication, 15.8 km. Total within 25 km: 13. Source: OSM Overpass [FIX-04 transmitter]"", ""hi07_quality"": ""medium"", ""human_fetched_at"": ""2026-05-12T23:05:15.286081+03:00"", ""human_run_id"": ""hi06_spf_20260512_185043"", ""nearest_transmitter_km"": 15.79, ""transmitter_count"": 13, ""transmitter_type"": ""communication""}"
c9c85786-eb26-4e7b-b280-83a54b7e834f,Gölovası power station,TR,36.85356,35.89809,nuscale_voygr6,HI-07,,,,3.5,scored,Dense or near transmitter proxy: >25 features in radius or nearest feature < 5 km. Review RF/EMI controls.,,"{""hi07_comment"": ""Nearest transmitter: tower, 2.7 km. Total within 25 km: 26. Source: OSM Overpass [FIX-04 transmitter]"", ""hi07_quality"": ""medium"", ""human_fetched_at"": ""2026-05-12T23:05:35.539247+03:00"", ""human_run_id"": ""hi06_spf_20260512_185043"", ""nearest_transmitter_km"": 2.68, ""transmitter_count"": 26, ""transmitter_type"": ""tower""}"
0ca0b969-c519-48f3-97ab-7173d3aa6085,Gönen power station,TR,40.1,27.65,nuscale_voygr6,HI-07,,,,7.5,scored,Low RF-density proxy: at most ten transmitter-like features and none measured within 5 km.,,"{""hi07_comment"": ""Nearest transmitter: communication, 5.7 km. Total within 25 km: 9. Source: OSM Overpass [FIX-04 transmitter]"", ""hi07_quality"": ""medium"", ""human_fetched_at"": ""2026-05-12T23:05:48.148242+03:00"", ""human_run_id"": ""hi06_spf_20260512_185043"", ""nearest_transmitter_km"": 5.72, ""transmitter_count"": 9, ""transmitter_type"": ""communication""}"
53481b7f-5b85-4bab-be04-4866c2e72c12,Güney Akdeniz power station,TR,36.416667,35.883333,nuscale_voygr6,HI-07,,,,1.5,scored,Very dense or nearby transmitter proxy: >100 transmitter-like features in radius or nearest feature < 2 km. Power class not measured.,,"{""hi07_comment"": ""Nearest transmitter: communication, 0.7 km. Total within 25 km: 6. Source: OSM Overpass [FIX-04 transmitter]"", ""hi07_quality"": ""medium"", ""human_fetched_at"": ""2026-05-12T23:06:03.703799+03:00"", ""human_run_id"": ""hi06_spf_20260512_185043"", ""nearest_transmitter_km"": 0.73, ""transmitter_count"": 6, ""transmitter_type"": ""communication""}"
d110df11-ad8e-44dc-8a32-af692ca46c6f,Güneybatı Anadolu power station,TR,37.31,27.78,nuscale_voygr6,HI-07,,,,1.5,scored,Very dense or nearby transmitter proxy: >100 transmitter-like features in radius or nearest feature < 2 km. Power class not measured.,,"{""hi07_comment"": ""Nearest transmitter: communication, 1.5 km. Total within 25 km: 22. Source: OSM Overpass [FIX-04 transmitter]"", ""hi07_quality"": ""medium"", ""human_fetched_at"": ""2026-05-12T23:06:13.552379+03:00"", ""human_run_id"": ""hi06_spf_20260512_185043"", ""nearest_transmitter_km"": 1.47, ""transmitter_count"": 22, ""transmitter_type"": ""communication""}"
d5151598-5a1a-4697-8147-592845ffef6c,Güreci power station,TR,40.343889,26.683611,nuscale_voygr6,HI-07,,,,1.5,scored,Very dense or nearby transmitter proxy: >100 transmitter-like features in radius or nearest feature < 2 km. Power class not measured.,,"{""hi07_comment"": ""Nearest transmitter: communication, 1.4 km. Total within 25 km: 40. Source: OSM Overpass [FIX-04 transmitter]"", ""hi07_quality"": ""medium"", ""human_fetched_at"": ""2026-05-12T23:06:24.938013+03:00"", ""human_run_id"": ""hi06_spf_20260512_185043"", ""nearest_transmitter_km"": 1.44, ""transmitter_count"": 40, ""transmitter_type"": ""communication""}"
5a19f424-1a15-44e6-bf1b-c2c5886ac1bf,Gürmin Enerji Amasya power station,TR,40.889,35.597,nuscale_voygr6,HI-07,,,,3.5,scored,Dense or near transmitter proxy: >25 features in radius or nearest feature < 5 km. Review RF/EMI controls.,,"{""hi07_comment"": ""Nearest transmitter: communication, 6.2 km. Total within 25 km: 29. Source: OSM Overpass [FIX-04 transmitter]"", ""hi07_quality"": ""medium"", ""human_fetched_at"": ""2026-05-12T23:06:35.450033+03:00"", ""human_run_id"": ""hi06_spf_20260512_185043"", ""nearest_transmitter_km"": 6.21, ""transmitter_count"": 29, ""transmitter_type"": ""communication""}"
80179871-04fa-4806-9385-caf739b8a171,Habaş power station,TR,38.77273,26.94599,nuscale_voygr6,HI-07,,,,1.5,scored,Very dense or nearby transmitter proxy: >100 transmitter-like features in radius or nearest feature < 2 km. Power class not measured.,,"{""hi07_comment"": ""Nearest transmitter: mast, 1.9 km. Total within 25 km: 17. Source: OSM Overpass [FIX-04 transmitter]"", ""hi07_quality"": ""medium"", ""human_fetched_at"": ""2026-05-12T23:06:46.154797+03:00"", ""human_run_id"": ""hi06_spf_20260512_185043"", ""nearest_transmitter_km"": 1.87, ""transmitter_count"": 17, ""transmitter_type"": ""mast""}"
adeb10a5-aaae-4e2c-b426-3db1c3d9bd5b,Hakan Enerji power station,TR,36.84343,35.886929,nuscale_voygr6,HI-07,,,,3.5,scored,Dense or near transmitter proxy: >25 features in radius or nearest feature < 5 km. Review RF/EMI controls.,,"{""hi07_comment"": ""Nearest transmitter: tower, 3.9 km. Total within 25 km: 21. Source: OSM Overpass [FIX-04 transmitter]"", ""hi07_quality"": ""medium"", ""human_fetched_at"": ""2026-05-12T23:06:56.637315+03:00"", ""human_run_id"": ""hi06_spf_20260512_185043"", ""nearest_transmitter_km"": 3.91, ""transmitter_count"": 21, ""transmitter_type"": ""tower""}"
82aac38c-3037-466c-9b37-bff9da707645,Hakan Kömür power station,TR,37.0333,35.8167,nuscale_voygr6,HI-07,,,,1.5,scored,Very dense or nearby transmitter proxy: >100 transmitter-like features in radius or nearest feature < 2 km. Power class not measured.,,"{""hi07_comment"": ""Nearest transmitter: water_tower, 0.1 km. Total within 25 km: 34. Source: OSM Overpass [FIX-04 transmitter]"", ""hi07_quality"": ""medium"", ""human_fetched_at"": ""2026-05-12T23:07:12.205207+03:00"", ""human_run_id"": ""hi06_spf_20260512_185043"", ""nearest_transmitter_km"": 0.15, ""transmitter_count"": 34, ""transmitter_type"": ""water_tower""}"
e10aae79-05b7-4ad9-9d69-60ce190b4444,Hande power station,TR,36.780693,35.735779,nuscale_voygr6,HI-07,,,,5.5,scored,Scoreable ordinary RF environment from count/proximity evidence; power-class-specific severity deferred.,,"{""hi07_comment"": ""Nearest transmitter: communication, 5.7 km. Total within 25 km: 15. Source: OSM Overpass [FIX-04 transmitter]"", ""hi07_quality"": ""medium"", ""human_fetched_at"": ""2026-05-12T23:07:22.974884+03:00"", ""human_run_id"": ""hi06_spf_20260512_185043"", ""nearest_transmitter_km"": 5.72, ""transmitter_count"": 15, ""transmitter_type"": ""communication""}"
e0e73325-5b32-4fef-b925-f0bb91114450,Helvacı power station,TR,40.08,27.168,nuscale_voygr6,HI-07,,,,3.5,scored,Dense or near transmitter proxy: >25 features in radius or nearest feature < 5 km. Review RF/EMI controls.,,"{""hi07_comment"": ""Nearest transmitter: minaret, 2.4 km. Total within 25 km: 39. Source: OSM Overpass [FIX-04 transmitter]"", ""hi07_quality"": ""medium"", ""human_fetched_at"": ""2026-05-12T23:07:35.048490+03:00"", ""human_run_id"": ""hi06_spf_20260512_185043"", ""nearest_transmitter_km"": 2.39, ""transmitter_count"": 39, ""transmitter_type"": ""minaret""}"
0947a4c8-4fc1-492f-9c66-2c9a993c7fb0,HEMA Amasra power station,TR,41.723,32.349,nuscale_voygr6,HI-07,,,,3.5,scored,Dense or near transmitter proxy: >25 features in radius or nearest feature < 5 km. Review RF/EMI controls.,,"{""hi07_comment"": ""Nearest transmitter: minaret, 4.0 km. Total within 25 km: 40. Source: OSM Overpass [FIX-04 transmitter]"", ""hi07_quality"": ""medium"", ""human_fetched_at"": ""2026-05-12T23:07:49.758747+03:00"", ""human_run_id"": ""hi06_spf_20260512_185043"", ""nearest_transmitter_km"": 3.98, ""transmitter_count"": 40, ""transmitter_type"": ""minaret""}"
cc635340-954c-4428-9fa1-14383c7faceb,İÇDAŞ Bekirli power station,TR,40.39953,27.04973,nuscale_voygr6,HI-07,,,,1.5,scored,Very dense or nearby transmitter proxy: >100 transmitter-like features in radius or nearest feature < 2 km. Power class not measured.,,"{""hi07_comment"": ""Nearest transmitter: observation, 1.5 km. Total within 25 km: 40. Source: OSM Overpass [FIX-04 transmitter]"", ""hi07_quality"": ""medium"", ""human_fetched_at"": ""2026-05-12T23:08:03.940612+03:00"", ""human_run_id"": ""hi06_spf_20260512_185043"", ""nearest_transmitter_km"": 1.51, ""transmitter_count"": 40, ""transmitter_type"": ""observation""}"
746fc66e-d31f-4c5d-bf5c-ab5031b04b15,İÇDAŞ Biga power station,TR,40.4438,27.13067,nuscale_voygr6,HI-07,,,,1.5,scored,Very dense or nearby transmitter proxy: >100 transmitter-like features in radius or nearest feature < 2 km. Power class not measured.,,"{""hi07_comment"": ""Nearest transmitter: communication, 1.1 km. Total within 25 km: 45. Source: OSM Overpass [FIX-04 transmitter]"", ""hi07_quality"": ""medium"", ""human_fetched_at"": ""2026-05-12T23:08:17.886707+03:00"", ""human_run_id"": ""hi06_spf_20260512_185043"", ""nearest_transmitter_km"": 1.07, ""transmitter_count"": 45, ""transmitter_type"": ""communication""}"
47c1271c-e2b2-42f5-99ee-f616bbef5b7e,Ilgın power station,TR,38.26,31.91,nuscale_voygr6,HI-07,,,,1.5,scored,Very dense or nearby transmitter proxy: >100 transmitter-like features in radius or nearest feature < 2 km. Power class not measured.,,"{""hi07_comment"": ""Nearest transmitter: mast, 1.9 km. Total within 25 km: 18. Source: OSM Overpass [FIX-04 transmitter]"", ""hi07_quality"": ""medium"", ""human_fetched_at"": ""2026-05-12T23:08:31.997583+03:00"", ""human_run_id"": ""hi06_spf_20260512_185043"", ""nearest_transmitter_km"": 1.9, ""transmitter_count"": 18, ""transmitter_type"": ""mast""}"
3819acc8-761d-49ba-89e7-967d3d37ec0e,Irmak power station,TR,39.79,26.3325,nuscale_voygr6,HI-07,,,,1.5,scored,Very dense or nearby transmitter proxy: >100 transmitter-like features in radius or nearest feature < 2 km. Power class not measured.,,"{""hi07_comment"": ""Nearest transmitter: antenna, 0.9 km. Total within 25 km: 41. Source: OSM Overpass [FIX-04 transmitter]"", ""hi07_quality"": ""medium"", ""human_fetched_at"": ""2026-05-12T23:08:47.563162+03:00"", ""human_run_id"": ""hi06_spf_20260512_185043"", ""nearest_transmitter_km"": 0.9, ""transmitter_count"": 41, ""transmitter_type"": ""antenna""}"
6ddc2960-3d72-4d5f-b358-56d1c54f47e0,İsken Sugözü power station,TR,36.83502,35.879104,nuscale_voygr6,HI-07,,,,5.5,scored,Scoreable ordinary RF environment from count/proximity evidence; power-class-specific severity deferred.,,"{""hi07_comment"": ""Nearest transmitter: tower, 5.0 km. Total within 25 km: 19. Source: OSM Overpass [FIX-04 transmitter]"", ""hi07_quality"": ""medium"", ""human_fetched_at"": ""2026-05-12T23:08:58.667955+03:00"", ""human_run_id"": ""hi06_spf_20260512_185043"", ""nearest_transmitter_km"": 5.0, ""transmitter_count"": 19, ""transmitter_type"": ""tower""}"
1624a526-07d8-44a4-8ed7-3b035b748f03,İskenderun power station,TR,36.587,36.173,nuscale_voygr6,HI-07,,,,1.5,scored,Very dense or nearby transmitter proxy: >100 transmitter-like features in radius or nearest feature < 2 km. Power class not measured.,,"{""hi07_comment"": ""Nearest transmitter: water_tower, 0.9 km. Total within 25 km: 46. Source: OSM Overpass [FIX-04 transmitter]"", ""hi07_quality"": ""medium"", ""human_fetched_at"": ""2026-05-12T23:09:25.961614+03:00"", ""human_run_id"": ""hi06_spf_20260512_185043"", ""nearest_transmitter_km"": 0.87, ""transmitter_count"": 46, ""transmitter_type"": ""water_tower""}"
d19ed873-b20a-43fd-b7e8-62e985c88820,İzdemir Enerji power station,TR,38.74173,26.92917,nuscale_voygr6,HI-07,,,,3.5,scored,Dense or near transmitter proxy: >25 features in radius or nearest feature < 5 km. Review RF/EMI controls.,,"{""hi07_comment"": ""Nearest transmitter: mast, 4.6 km. Total within 25 km: 19. Source: OSM Overpass [FIX-04 transmitter]"", ""hi07_quality"": ""medium"", ""human_fetched_at"": ""2026-05-12T23:09:48.076816+03:00"", ""human_run_id"": ""hi06_spf_20260512_185043"", ""nearest_transmitter_km"": 4.56, ""transmitter_count"": 19, ""transmitter_type"": ""mast""}"
56b8e2a3-1885-431f-9fd1-4cd3bebfad61,Iztek Ceyhan Komur power station,TR,37.0333,35.8167,nuscale_voygr6,HI-07,,,,1.5,scored,Very dense or nearby transmitter proxy: >100 transmitter-like features in radius or nearest feature < 2 km. Power class not measured.,,"{""hi07_comment"": ""Nearest transmitter: water_tower, 0.1 km. Total within 25 km: 34. Source: OSM Overpass [FIX-04 transmitter]"", ""hi07_quality"": ""medium"", ""human_fetched_at"": ""2026-05-12T23:10:01.070392+03:00"", ""human_run_id"": ""hi06_spf_20260512_185043"", ""nearest_transmitter_km"": 0.15, ""transmitter_count"": 34, ""transmitter_type"": ""water_tower""}"
55cfe45b-6357-40f9-8623-e9916f91f839,Kahramanmaraş Anadolu power station,TR,38.350818,37.00706,nuscale_voygr6,HI-07,,,,1.5,scored,Very dense or nearby transmitter proxy: >100 transmitter-like features in radius or nearest feature < 2 km. Power class not measured.,,"{""hi07_comment"": ""Nearest transmitter: communication, 0.7 km. Total within 25 km: 29. Source: OSM Overpass [FIX-04 transmitter]"", ""hi07_quality"": ""medium"", ""human_fetched_at"": ""2026-05-12T23:10:17.470770+03:00"", ""human_run_id"": ""hi06_spf_20260512_185043"", ""nearest_transmitter_km"": 0.74, ""transmitter_count"": 29, ""transmitter_type"": ""communication""}"
ca423571-d2ab-44d4-b5ce-3e649d9cc776,Kandilli power station,TR,41.33935,31.51114,nuscale_voygr6,HI-07,,,,5.5,scored,Scoreable ordinary RF environment from count/proximity evidence; power-class-specific severity deferred.,,"{""hi07_comment"": ""Nearest transmitter: observation, 9.0 km. Total within 25 km: 15. Source: OSM Overpass [FIX-04 transmitter]"", ""hi07_quality"": ""medium"", ""human_fetched_at"": ""2026-05-12T23:10:30.024666+03:00"", ""human_run_id"": ""hi06_spf_20260512_185043"", ""nearest_transmitter_km"": 8.98, ""transmitter_count"": 15, ""transmitter_type"": ""observation""}"
bfadbe66-971d-4f64-b222-604a7ee6ac6b,Kangal Etyemez power station,TR,39.07743,37.29562,nuscale_voygr6,HI-07,,,,3.5,scored,Dense or near transmitter proxy: >25 features in radius or nearest feature < 5 km. Review RF/EMI controls.,,"{""hi07_comment"": ""Nearest transmitter: communication, 4.2 km. Total within 25 km: 9. Source: OSM Overpass [FIX-04 transmitter]"", ""hi07_quality"": ""medium"", ""human_fetched_at"": ""2026-05-12T23:10:45.623576+03:00"", ""human_run_id"": ""hi06_spf_20260512_185043"", ""nearest_transmitter_km"": 4.23, ""transmitter_count"": 9, ""transmitter_type"": ""communication""}"
0248611c-b745-404f-ad50-c2870882c7a1,Kangal power station,TR,39.077483,37.294973,nuscale_voygr6,HI-07,,,,3.5,scored,Dense or near transmitter proxy: >25 features in radius or nearest feature < 5 km. Review RF/EMI controls.,,"{""hi07_comment"": ""Nearest transmitter: communication, 4.2 km. Total within 25 km: 9. Source: OSM Overpass [FIX-04 transmitter]"", ""hi07_quality"": ""medium"", ""human_fetched_at"": ""2026-05-12T23:11:10.642699+03:00"", ""human_run_id"": ""hi06_spf_20260512_185043"", ""nearest_transmitter_km"": 4.2, ""transmitter_count"": 9, ""transmitter_type"": ""communication""}"
0fec985c-c66e-40af-a123-a9ba4db269bb,Karaburun power station,TR,40.446,27.287,nuscale_voygr6,HI-07,,,,1.5,scored,Very dense or nearby transmitter proxy: >100 transmitter-like features in radius or nearest feature < 2 km. Power class not measured.,,"{""hi07_comment"": ""Nearest transmitter: communication, 1.3 km. Total within 25 km: 42. Source: OSM Overpass [FIX-04 transmitter]"", ""hi07_quality"": ""medium"", ""human_fetched_at"": ""2026-05-12T23:11:25.772094+03:00"", ""human_run_id"": ""hi06_spf_20260512_185043"", ""nearest_transmitter_km"": 1.26, ""transmitter_count"": 42, ""transmitter_type"": ""communication""}"
a6478cb9-5b8c-4d64-bbe6-3d3ed6a3da2c,Karapinar Konya Şeker power station,TR,37.716,33.554,nuscale_voygr6,HI-07,,,,1.5,scored,Very dense or nearby transmitter proxy: >100 transmitter-like features in radius or nearest feature < 2 km. Power class not measured.,,"{""hi07_comment"": ""Nearest transmitter: minaret, 0.4 km. Total within 25 km: 15. Source: OSM Overpass [FIX-04 transmitter]"", ""hi07_quality"": ""medium"", ""human_fetched_at"": ""2026-05-12T23:11:39.215047+03:00"", ""human_run_id"": ""hi06_spf_20260512_185043"", ""nearest_transmitter_km"": 0.38, ""transmitter_count"": 15, ""transmitter_type"": ""minaret""}"
8dd46a05-6e0c-4009-90ad-bd5909c25622,Kardemir Karabük Demir Çelik power station,TR,41.514274,31.909608,nuscale_voygr6,HI-07,,,,1.5,scored,Very dense or nearby transmitter proxy: >100 transmitter-like features in radius or nearest feature < 2 km. Power class not measured.,,"{""hi07_comment"": ""Nearest transmitter: communication, 0.4 km. Total within 25 km: 29. Source: OSM Overpass [FIX-04 transmitter]"", ""hi07_quality"": ""medium"", ""human_fetched_at"": ""2026-05-12T23:11:49.881559+03:00"", ""human_run_id"": ""hi06_spf_20260512_185043"", ""nearest_transmitter_km"": 0.38, ""transmitter_count"": 29, ""transmitter_type"": ""communication""}"
8e7f6abf-e420-4f40-b9da-9ea76ccedfb1,Kemerköy power station,TR,37.035362,27.900592,nuscale_voygr6,HI-07,,,,7.5,scored,Low RF-density proxy: at most ten transmitter-like features and none measured within 5 km.,,"{""hi07_comment"": ""Nearest transmitter: observation, 8.2 km. Total within 25 km: 4. Source: OSM Overpass [FIX-04 transmitter]"", ""hi07_quality"": ""medium"", ""human_fetched_at"": ""2026-05-12T23:12:00.485826+03:00"", ""human_run_id"": ""hi06_spf_20260512_185043"", ""nearest_transmitter_km"": 8.22, ""transmitter_count"": 4, ""transmitter_type"": ""observation""}"
d21335d4-0a3d-4464-85e0-352745a38db4,Kilikya power station,TR,36.82786,35.87151,nuscale_voygr6,HI-07,,,,5.5,scored,Scoreable ordinary RF environment from count/proximity evidence; power-class-specific severity deferred.,,"{""hi07_comment"": ""Nearest transmitter: tower, 6.0 km. Total within 25 km: 17. Source: OSM Overpass [FIX-04 transmitter]"", ""hi07_quality"": ""medium"", ""human_fetched_at"": ""2026-05-12T23:12:15.231480+03:00"", ""human_run_id"": ""hi06_spf_20260512_185043"", ""nearest_transmitter_km"": 5.99, ""transmitter_count"": 17, ""transmitter_type"": ""tower""}"
cf918ba6-6226-479f-b04c-b3c67885c0ba,Kipas MMP power station,TR,37.767197,27.445695,nuscale_voygr6,HI-07,,,,3.5,scored,Dense or near transmitter proxy: >25 features in radius or nearest feature < 5 km. Review RF/EMI controls.,,"{""hi07_comment"": ""Nearest transmitter: antenna, 2.5 km. Total within 25 km: 28. Source: OSM Overpass [FIX-04 transmitter]"", ""hi07_quality"": ""medium"", ""human_fetched_at"": ""2026-05-12T23:12:31.382263+03:00"", ""human_run_id"": ""hi06_spf_20260512_185043"", ""nearest_transmitter_km"": 2.47, ""transmitter_count"": 28, ""transmitter_type"": ""antenna""}"
d020ac37-4f23-41b1-8f1e-b425b5769424,Kirazlıdere power complex,TR,40.38227,26.99455,nuscale_voygr6,HI-07,,,,3.5,scored,Dense or near transmitter proxy: >25 features in radius or nearest feature < 5 km. Review RF/EMI controls.,,"{""hi07_comment"": ""Nearest transmitter: communication, 5.3 km. Total within 25 km: 28. Source: OSM Overpass [FIX-04 transmitter]"", ""hi07_quality"": ""medium"", ""human_fetched_at"": ""2026-05-12T23:12:44.736592+03:00"", ""human_run_id"": ""hi06_spf_20260512_185043"", ""nearest_transmitter_km"": 5.32, ""transmitter_count"": 28, ""transmitter_type"": ""communication""}"
76cd9b7f-7613-4fd4-95ab-bf534a2e2f5e,Kireçlik power station,TR,41.368944,31.587836,nuscale_voygr6,HI-07,,,,5.5,scored,Scoreable ordinary RF environment from count/proximity evidence; power-class-specific severity deferred.,,"{""hi07_comment"": ""Nearest transmitter: mast, 8.8 km. Total within 25 km: 18. Source: OSM Overpass [FIX-04 transmitter]"", ""hi07_quality"": ""medium"", ""human_fetched_at"": ""2026-05-12T23:12:58.564947+03:00"", ""human_run_id"": ""hi06_spf_20260512_185043"", ""nearest_transmitter_km"": 8.79, ""transmitter_count"": 18, ""transmitter_type"": ""mast""}"
7defe42d-669b-489f-aff5-d1b83436607d,Kınık power station,TR,39.084,27.45,nuscale_voygr6,HI-07,,,,5.5,scored,Scoreable ordinary RF environment from count/proximity evidence; power-class-specific severity deferred.,,"{""hi07_comment"": ""Nearest transmitter: communication, 8.4 km. Total within 25 km: 22. Source: OSM Overpass [FIX-04 transmitter]"", ""hi07_quality"": ""medium"", ""human_fetched_at"": ""2026-05-12T23:13:11.154035+03:00"", ""human_run_id"": ""hi06_spf_20260512_185043"", ""nearest_transmitter_km"": 8.45, ""transmitter_count"": 22, ""transmitter_type"": ""communication""}"
5b6be56c-d981-470c-a979-13a8764a34b8,Kıvanç power station,TR,36.34,33.4,nuscale_voygr6,HI-07,,,,1.5,scored,Very dense or nearby transmitter proxy: >100 transmitter-like features in radius or nearest feature < 2 km. Power class not measured.,,"{""hi07_comment"": ""Nearest transmitter: minaret, 0.5 km. Total within 25 km: 18. Source: OSM Overpass [FIX-04 transmitter]"", ""hi07_quality"": ""medium"", ""human_fetched_at"": ""2026-05-12T23:13:24.068048+03:00"", ""human_run_id"": ""hi06_spf_20260512_185043"", ""nearest_transmitter_km"": 0.51, ""transmitter_count"": 18, ""transmitter_type"": ""minaret""}"
ad0c8590-c672-43f2-a813-1217a10f7d2d,Konya Karapınar power station,TR,37.614187,33.591193,nuscale_voygr6,HI-07,,,,5.5,scored,Scoreable ordinary RF environment from count/proximity evidence; power-class-specific severity deferred.,,"{""hi07_comment"": ""Nearest transmitter: minaret, 10.8 km. Total within 25 km: 16. Source: OSM Overpass [FIX-04 transmitter]"", ""hi07_quality"": ""medium"", ""human_fetched_at"": ""2026-05-12T23:13:34.861950+03:00"", ""human_run_id"": ""hi06_spf_20260512_185043"", ""nearest_transmitter_km"": 10.76, ""transmitter_count"": 16, ""transmitter_type"": ""minaret""}"
2a3aad60-2bff-4206-8275-f6e2029f9278,Kütahya Domaniç power station,TR,39.8,29.61,nuscale_voygr6,HI-07,,,,5.5,scored,Scoreable ordinary RF environment from count/proximity evidence; power-class-specific severity deferred.,,"{""hi07_comment"": ""Nearest transmitter: observation, 7.8 km. Total within 25 km: 17. Source: OSM Overpass [FIX-04 transmitter]"", ""hi07_quality"": ""medium"", ""human_fetched_at"": ""2026-05-12T23:13:47.387867+03:00"", ""human_run_id"": ""hi06_spf_20260512_185043"", ""nearest_transmitter_km"": 7.76, ""transmitter_count"": 17, ""transmitter_type"": ""observation""}"
bac4a081-83dc-4aba-8076-b67bfc55f54c,Lüminer Enerji power station,TR,40.892,26.901,nuscale_voygr6,HI-07,,,,1.5,scored,Very dense or nearby transmitter proxy: >100 transmitter-like features in radius or nearest feature < 2 km. Power class not measured.,,"{""hi07_comment"": ""Nearest transmitter: communication, 0.5 km. Total within 25 km: 95. Source: OSM Overpass [FIX-04 transmitter]"", ""hi07_quality"": ""medium"", ""human_fetched_at"": ""2026-05-12T23:14:02.261970+03:00"", ""human_run_id"": ""hi06_spf_20260512_185043"", ""nearest_transmitter_km"": 0.46, ""transmitter_count"": 95, ""transmitter_type"": ""communication""}"
c8e1cc12-080a-4e01-925d-8fd6e4334856,Meda power station,TR,40.972709,27.876831,nuscale_voygr6,HI-07,,,,1.5,scored,Very dense or nearby transmitter proxy: >100 transmitter-like features in radius or nearest feature < 2 km. Power class not measured.,,"{""hi07_comment"": ""Nearest transmitter: communication, 0.4 km. Total within 25 km: 223. Source: OSM Overpass [FIX-04 transmitter]"", ""hi07_quality"": ""medium"", ""human_fetched_at"": ""2026-05-12T23:14:17.393263+03:00"", ""human_run_id"": ""hi06_spf_20260512_185043"", ""nearest_transmitter_km"": 0.39, ""transmitter_count"": 223, ""transmitter_type"": ""communication""}"
1820429d-bd95-4e56-a6db-d9bb57e2ae07,Mersin Gülnar power station,TR,36.33,33.4,nuscale_voygr6,HI-07,,,,1.5,scored,Very dense or nearby transmitter proxy: >100 transmitter-like features in radius or nearest feature < 2 km. Power class not measured.,,"{""hi07_comment"": ""Nearest transmitter: minaret, 0.6 km. Total within 25 km: 18. Source: OSM Overpass [FIX-04 transmitter]"", ""hi07_quality"": ""medium"", ""human_fetched_at"": ""2026-05-12T23:14:30.034692+03:00"", ""human_run_id"": ""hi06_spf_20260512_185043"", ""nearest_transmitter_km"": 0.58, ""transmitter_count"": 18, ""transmitter_type"": ""minaret""}"
42d5b3fd-7d07-409b-9154-4441695b7901,Mert power station,TR,36.953333,36.203333,nuscale_voygr6,HI-07,,,,3.5,scored,Dense or near transmitter proxy: >25 features in radius or nearest feature < 5 km. Review RF/EMI controls.,,"{""hi07_comment"": ""Nearest transmitter: minaret, 6.5 km. Total within 25 km: 58. Source: OSM Overpass [FIX-04 transmitter]"", ""hi07_quality"": ""medium"", ""human_fetched_at"": ""2026-05-12T23:14:53.845185+03:00"", ""human_run_id"": ""hi06_spf_20260512_185043"", ""nearest_transmitter_km"": 6.5, ""transmitter_count"": 58, ""transmitter_type"": ""minaret""}"
166f5fcc-1cc4-4cf5-9e52-59e7ce1557c6,METES power station,TR,36.24,33.75,nuscale_voygr6,HI-07,,,,3.5,scored,Dense or near transmitter proxy: >25 features in radius or nearest feature < 5 km. Review RF/EMI controls.,,"{""hi07_comment"": ""Nearest transmitter: observation, 3.9 km. Total within 25 km: 16. Source: OSM Overpass [FIX-04 transmitter]"", ""hi07_quality"": ""medium"", ""human_fetched_at"": ""2026-05-12T23:15:04.701904+03:00"", ""human_run_id"": ""hi06_spf_20260512_185043"", ""nearest_transmitter_km"": 3.85, ""transmitter_count"": 16, ""transmitter_type"": ""observation""}"
b588126a-42d6-49dc-b227-9283af5a2578,Misis Adana power station,TR,36.843,35.86,nuscale_voygr6,HI-07,,,,5.5,scored,Scoreable ordinary RF environment from count/proximity evidence; power-class-specific severity deferred.,,"{""hi07_comment"": ""Nearest transmitter: tower, 5.1 km. Total within 25 km: 18. Source: OSM Overpass [FIX-04 transmitter]"", ""hi07_quality"": ""medium"", ""human_fetched_at"": ""2026-05-12T23:15:22.219773+03:00"", ""human_run_id"": ""hi06_spf_20260512_185043"", ""nearest_transmitter_km"": 5.07, ""transmitter_count"": 18, ""transmitter_type"": ""tower""}"
0049a899-af5f-41cd-86ae-2ba729b6365f,Muğla power station,TR,37.15,27.805,nuscale_voygr6,HI-07,,,,5.5,scored,Scoreable ordinary RF environment from count/proximity evidence; power-class-specific severity deferred.,,"{""hi07_comment"": ""Nearest transmitter: tower, 7.6 km. Total within 25 km: 23. Source: OSM Overpass [FIX-04 transmitter]"", ""hi07_quality"": ""medium"", ""human_fetched_at"": ""2026-05-12T23:15:36.222510+03:00"", ""human_run_id"": ""hi06_spf_20260512_185043"", ""nearest_transmitter_km"": 7.56, ""transmitter_count"": 23, ""transmitter_type"": ""tower""}"
5ed91c1b-0a1b-4a4c-9b2b-f6bdc8ff9770,Namal power station,TR,40.343889,26.683611,nuscale_voygr6,HI-07,,,,1.5,scored,Very dense or nearby transmitter proxy: >100 transmitter-like features in radius or nearest feature < 2 km. Power class not measured.,,"{""hi07_comment"": ""Nearest transmitter: communication, 1.4 km. Total within 25 km: 40. Source: OSM Overpass [FIX-04 transmitter]"", ""hi07_quality"": ""medium"", ""human_fetched_at"": ""2026-05-12T23:15:51.397469+03:00"", ""human_run_id"": ""hi06_spf_20260512_185043"", ""nearest_transmitter_km"": 1.44, ""transmitter_count"": 40, ""transmitter_type"": ""communication""}"
21ccc44f-3244-4e7f-9654-eae424288200,Naren Karabiga power station,TR,40.458066,27.254994,nuscale_voygr6,HI-07,,,,3.5,scored,Dense or near transmitter proxy: >25 features in radius or nearest feature < 5 km. Review RF/EMI controls.,,"{""hi07_comment"": ""Nearest transmitter: communication, 2.1 km. Total within 25 km: 46. Source: OSM Overpass [FIX-04 transmitter]"", ""hi07_quality"": ""medium"", ""human_fetched_at"": ""2026-05-12T23:16:06.229387+03:00"", ""human_run_id"": ""hi06_spf_20260512_185043"", ""nearest_transmitter_km"": 2.12, ""transmitter_count"": 46, ""transmitter_type"": ""communication""}"
80b922cb-9e78-49aa-9d28-1dc84b1affef,Orhaneli power station,TR,39.950224,28.870214,nuscale_voygr6,HI-07,,,,3.5,scored,Dense or near transmitter proxy: >25 features in radius or nearest feature < 5 km. Review RF/EMI controls.,,"{""hi07_comment"": ""Nearest transmitter: minaret, 2.5 km. Total within 25 km: 19. Source: OSM Overpass [FIX-04 transmitter]"", ""hi07_quality"": ""medium"", ""human_fetched_at"": ""2026-05-12T23:16:19.513988+03:00"", ""human_run_id"": ""hi06_spf_20260512_185043"", ""nearest_transmitter_km"": 2.46, ""transmitter_count"": 19, ""transmitter_type"": ""minaret""}"
f2e65fcf-afc4-4443-ac14-f15c8ffe48f3,Orta Anadolu power station,TR,40.623886,33.112751,nuscale_voygr6,HI-07,,,,3.5,scored,Dense or near transmitter proxy: >25 features in radius or nearest feature < 5 km. Review RF/EMI controls.,,"{""hi07_comment"": ""Nearest transmitter: minaret, 2.3 km. Total within 25 km: 33. Source: OSM Overpass [FIX-04 transmitter]"", ""hi07_quality"": ""medium"", ""human_fetched_at"": ""2026-05-12T23:16:34.915610+03:00"", ""human_run_id"": ""hi06_spf_20260512_185043"", ""nearest_transmitter_km"": 2.3, ""transmitter_count"": 33, ""transmitter_type"": ""minaret""}"
86996d34-c6e5-4097-ac28-ad2e5467f783,Petkim power station,TR,38.795,26.970278,nuscale_voygr6,HI-07,,,,1.5,scored,Very dense or nearby transmitter proxy: >100 transmitter-like features in radius or nearest feature < 2 km. Power class not measured.,,"{""hi07_comment"": ""Nearest transmitter: minaret, 0.7 km. Total within 25 km: 17. Source: OSM Overpass [FIX-04 transmitter]"", ""hi07_quality"": ""medium"", ""human_fetched_at"": ""2026-05-12T23:16:48.165147+03:00"", ""human_run_id"": ""hi06_spf_20260512_185043"", ""nearest_transmitter_km"": 0.69, ""transmitter_count"": 17, ""transmitter_type"": ""minaret""}"
231565d3-4f56-43ee-a357-1f4451c6fbc3,Polat power station,TR,39.616008,29.442904,nuscale_voygr6,HI-07,,,,1.5,scored,Very dense or nearby transmitter proxy: >100 transmitter-like features in radius or nearest feature < 2 km. Power class not measured.,,"{""hi07_comment"": ""Nearest transmitter: mast, 0.4 km. Total within 25 km: 22. Source: OSM Overpass [FIX-04 transmitter]"", ""hi07_quality"": ""medium"", ""human_fetched_at"": ""2026-05-12T23:17:02.665656+03:00"", ""human_run_id"": ""hi06_spf_20260512_185043"", ""nearest_transmitter_km"": 0.4, ""transmitter_count"": 22, ""transmitter_type"": ""mast""}"
2ed9363f-a9fe-46e5-8b92-c50b47a9077a,Saltukova power station,TR,41.519,32.094,nuscale_voygr6,HI-07,,,,3.5,scored,Dense or near transmitter proxy: >25 features in radius or nearest feature < 5 km. Review RF/EMI controls.,,"{""hi07_comment"": ""Nearest transmitter: communication, 3.5 km. Total within 25 km: 52. Source: OSM Overpass [FIX-04 transmitter]"", ""hi07_quality"": ""medium"", ""human_fetched_at"": ""2026-05-12T23:17:12.701329+03:00"", ""human_run_id"": ""hi06_spf_20260512_185043"", ""nearest_transmitter_km"": 3.51, ""transmitter_count"": 52, ""transmitter_type"": ""communication""}"
c13aeeb7-05e5-4f00-9b4b-654e73e5150d,Sanko Gölbaşı power station,TR,37.819719,37.718512,nuscale_voygr6,HI-07,,,,3.5,scored,Dense or near transmitter proxy: >25 features in radius or nearest feature < 5 km. Review RF/EMI controls.,,"{""hi07_comment"": ""Nearest transmitter: communication, 3.8 km. Total within 25 km: 25. Source: OSM Overpass [FIX-04 transmitter]"", ""hi07_quality"": ""medium"", ""human_fetched_at"": ""2026-05-12T23:17:23.660984+03:00"", ""human_run_id"": ""hi06_spf_20260512_185043"", ""nearest_transmitter_km"": 3.85, ""transmitter_count"": 25, ""transmitter_type"": ""communication""}"
3e5f4317-6f40-44fb-bfa2-e21dc4d9922d,Sanko Yumurtalık power station,TR,36.876,35.894,nuscale_voygr6,HI-07,,,,1.5,scored,Very dense or nearby transmitter proxy: >100 transmitter-like features in radius or nearest feature < 2 km. Power class not measured.,,"{""hi07_comment"": ""Nearest transmitter: tower, 0.3 km. Total within 25 km: 27. Source: OSM Overpass [FIX-04 transmitter]"", ""hi07_quality"": ""medium"", ""human_fetched_at"": ""2026-05-12T23:17:36.032965+03:00"", ""human_run_id"": ""hi06_spf_20260512_185043"", ""nearest_transmitter_km"": 0.33, ""transmitter_count"": 27, ""transmitter_type"": ""tower""}"
db87ce6a-3802-44c5-945f-8a95d3cf111b,Saray Tekirdağ power station,TR,41.445,27.921,nuscale_voygr6,HI-07,,,,1.5,scored,Very dense or nearby transmitter proxy: >100 transmitter-like features in radius or nearest feature < 2 km. Power class not measured.,,"{""hi07_comment"": ""Nearest transmitter: mast, 0.3 km. Total within 25 km: 306. Source: OSM Overpass [FIX-04 transmitter]"", ""hi07_quality"": ""medium"", ""human_fetched_at"": ""2026-05-12T23:18:00.010461+03:00"", ""human_run_id"": ""hi06_spf_20260512_185043"", ""nearest_transmitter_km"": 0.35, ""transmitter_count"": 306, ""transmitter_type"": ""mast""}"
d1863136-5ff4-4b4d-a9c0-6219e92d637d,Sarp Golvasi power station,TR,37.368333,35.706111,nuscale_voygr6,HI-07,,,,1.5,scored,Very dense or nearby transmitter proxy: >100 transmitter-like features in radius or nearest feature < 2 km. Power class not measured.,,"{""hi07_comment"": ""Nearest transmitter: water_tower, 0.6 km. Total within 25 km: 28. Source: OSM Overpass [FIX-04 transmitter]"", ""hi07_quality"": ""medium"", ""human_fetched_at"": ""2026-05-12T23:18:13.366209+03:00"", ""human_run_id"": ""hi06_spf_20260512_185043"", ""nearest_transmitter_km"": 0.64, ""transmitter_count"": 28, ""transmitter_type"": ""water_tower""}"
b5ff798e-e059-4d8b-a903-00a1fefc62ab,Sedef II TES power station,TR,36.843,35.86,nuscale_voygr6,HI-07,,,,5.5,scored,Scoreable ordinary RF environment from count/proximity evidence; power-class-specific severity deferred.,,"{""hi07_comment"": ""Nearest transmitter: tower, 5.1 km. Total within 25 km: 18. Source: OSM Overpass [FIX-04 transmitter]"", ""hi07_quality"": ""medium"", ""human_fetched_at"": ""2026-05-12T23:18:25.979841+03:00"", ""human_run_id"": ""hi06_spf_20260512_185043"", ""nearest_transmitter_km"": 5.07, ""transmitter_count"": 18, ""transmitter_type"": ""tower""}"
3a06636d-c742-4b72-b9cd-21a4537c331b,Selena power station,TR,36.921472,36.04753,nuscale_voygr6,HI-07,,,,3.5,scored,Dense or near transmitter proxy: >25 features in radius or nearest feature < 5 km. Review RF/EMI controls.,,"{""hi07_comment"": ""Nearest transmitter: minaret, 3.0 km. Total within 25 km: 46. Source: OSM Overpass [FIX-04 transmitter]"", ""hi07_quality"": ""medium"", ""human_fetched_at"": ""2026-05-12T23:18:40.983270+03:00"", ""human_run_id"": ""hi06_spf_20260512_185043"", ""nearest_transmitter_km"": 3.04, ""transmitter_count"": 46, ""transmitter_type"": ""minaret""}"
0ca4ff78-4113-4ad9-ac04-0fd541d42338,Şevketiye Lapseki power station,TR,40.395,26.792,nuscale_voygr6,HI-07,,,,1.5,scored,Very dense or nearby transmitter proxy: >100 transmitter-like features in radius or nearest feature < 2 km. Power class not measured.,,"{""hi07_comment"": ""Nearest transmitter: tower, 2.0 km. Total within 25 km: 56. Source: OSM Overpass [FIX-04 transmitter]"", ""hi07_quality"": ""medium"", ""human_fetched_at"": ""2026-05-12T23:18:56.364102+03:00"", ""human_run_id"": ""hi06_spf_20260512_185043"", ""nearest_transmitter_km"": 1.99, ""transmitter_count"": 56, ""transmitter_type"": ""tower""}"
94a5c55f-c499-41b1-81da-deaa36686399,Seyitömer power station,TR,39.572967,29.88164,nuscale_voygr6,HI-07,,,,3.5,scored,Dense or near transmitter proxy: >25 features in radius or nearest feature < 5 km. Review RF/EMI controls.,,"{""hi07_comment"": ""Nearest transmitter: tower, 5.4 km. Total within 25 km: 40. Source: OSM Overpass [FIX-04 transmitter]"", ""hi07_quality"": ""medium"", ""human_fetched_at"": ""2026-05-12T23:19:07.820173+03:00"", ""human_run_id"": ""hi06_spf_20260512_185043"", ""nearest_transmitter_km"": 5.37, ""transmitter_count"": 40, ""transmitter_type"": ""tower""}"
e05ff795-8984-4170-9874-5355b70985b1,Silopi (Şırnak) power station,TR,37.352619,42.552728,nuscale_voygr6,HI-07,,,,3.5,scored,Dense or near transmitter proxy: >25 features in radius or nearest feature < 5 km. Review RF/EMI controls.,,"{""hi07_comment"": ""Nearest transmitter: mast, 5.8 km. Total within 25 km: 90. Source: OSM Overpass [FIX-04 transmitter]"", ""hi07_quality"": ""medium"", ""human_fetched_at"": ""2026-05-12T23:19:20.909014+03:00"", ""human_run_id"": ""hi06_spf_20260512_185043"", ""nearest_transmitter_km"": 5.78, ""transmitter_count"": 90, ""transmitter_type"": ""mast""}"
e03c394f-1c08-4101-b1fe-f6662fe4b424,Sinop Akfen power station,TR,41.953,34.83,nuscale_voygr6,HI-07,,,,7.5,scored,Low RF-density proxy: at most ten transmitter-like features and none measured within 5 km.,,"{""hi07_comment"": ""Nearest transmitter: communication, 10.5 km. Total within 25 km: 10. Source: OSM Overpass [FIX-04 transmitter]"", ""hi07_quality"": ""medium"", ""human_fetched_at"": ""2026-05-12T23:19:35.532142+03:00"", ""human_run_id"": ""hi06_spf_20260512_185043"", ""nearest_transmitter_km"": 10.46, ""transmitter_count"": 10, ""transmitter_type"": ""communication""}"
cf9150af-0325-44d8-bbaf-493e742f2e2b,Şırnak Galata power station,TR,37.468,42.391,nuscale_voygr6,HI-07,,,,3.5,scored,Dense or near transmitter proxy: >25 features in radius or nearest feature < 5 km. Review RF/EMI controls.,,"{""hi07_comment"": ""Nearest transmitter: water_tower, 2.1 km. Total within 25 km: 77. Source: OSM Overpass [FIX-04 transmitter]"", ""hi07_quality"": ""medium"", ""human_fetched_at"": ""2026-05-12T23:19:49.424179+03:00"", ""human_run_id"": ""hi06_spf_20260512_185043"", ""nearest_transmitter_km"": 2.05, ""transmitter_count"": 77, ""transmitter_type"": ""water_tower""}"
98019711-a8c3-424a-870e-00d4fea75ed1,Şırnak Silopi (CİNER) power station,TR,37.310025,42.594696,nuscale_voygr6,HI-07,,,,1.5,scored,Very dense or nearby transmitter proxy: >100 transmitter-like features in radius or nearest feature < 2 km. Power class not measured.,,"{""hi07_comment"": ""Nearest transmitter: mast, 0.2 km. Total within 25 km: 88. Source: OSM Overpass [FIX-04 transmitter]"", ""hi07_quality"": ""medium"", ""human_fetched_at"": ""2026-05-12T23:20:05.043784+03:00"", ""human_run_id"": ""hi06_spf_20260512_185043"", ""nearest_transmitter_km"": 0.24, ""transmitter_count"": 88, ""transmitter_type"": ""mast""}"
9a6447f2-2887-4cce-a115-dc773d7f6eb1,Soma Kolin power station,TR,39.316608,27.748899,nuscale_voygr6,HI-07,,,,3.5,scored,Dense or near transmitter proxy: >25 features in radius or nearest feature < 5 km. Review RF/EMI controls.,,"{""hi07_comment"": ""Nearest transmitter: communication, 6.5 km. Total within 25 km: 30. Source: OSM Overpass [FIX-04 transmitter]"", ""hi07_quality"": ""medium"", ""human_fetched_at"": ""2026-05-12T23:20:18.113167+03:00"", ""human_run_id"": ""hi06_spf_20260512_185043"", ""nearest_transmitter_km"": 6.51, ""transmitter_count"": 30, ""transmitter_type"": ""communication""}"
4ca3c560-6d90-4bcf-b131-4e39b6b4f0de,Soma power station,TR,39.194462,27.635204,nuscale_voygr6,HI-07,,,,3.5,scored,Dense or near transmitter proxy: >25 features in radius or nearest feature < 5 km. Review RF/EMI controls.,,"{""hi07_comment"": ""Nearest transmitter: communication, 2.3 km. Total within 25 km: 26. Source: OSM Overpass [FIX-04 transmitter]"", ""hi07_quality"": ""medium"", ""human_fetched_at"": ""2026-05-12T23:20:29.425087+03:00"", ""human_run_id"": ""hi06_spf_20260512_185043"", ""nearest_transmitter_km"": 2.29, ""transmitter_count"": 26, ""transmitter_type"": ""communication""}"
021d1717-149a-4a32-af7b-5955ff593e45,Star Refinery Socar power station,TR,38.817,26.9103,nuscale_voygr6,HI-07,,,,3.5,scored,Dense or near transmitter proxy: >25 features in radius or nearest feature < 5 km. Review RF/EMI controls.,,"{""hi07_comment"": ""Nearest transmitter: communication, 4.6 km. Total within 25 km: 14. Source: OSM Overpass [FIX-04 transmitter]"", ""hi07_quality"": ""medium"", ""human_fetched_at"": ""2026-05-12T23:20:40.573012+03:00"", ""human_run_id"": ""hi06_spf_20260512_185043"", ""nearest_transmitter_km"": 4.58, ""transmitter_count"": 14, ""transmitter_type"": ""communication""}"
96129c93-83a6-4b1c-929b-bfccba86a796,Suluova power station,TR,40.859186,35.651886,nuscale_voygr6,HI-07,,,,1.5,scored,Very dense or nearby transmitter proxy: >100 transmitter-like features in radius or nearest feature < 2 km. Power class not measured.,,"{""hi07_comment"": ""Nearest transmitter: communication, 1.2 km. Total within 25 km: 30. Source: OSM Overpass [FIX-04 transmitter]"", ""hi07_quality"": ""medium"", ""human_fetched_at"": ""2026-05-12T23:20:55.217073+03:00"", ""human_run_id"": ""hi06_spf_20260512_185043"", ""nearest_transmitter_km"": 1.24, ""transmitter_count"": 30, ""transmitter_type"": ""communication""}"
0ada7b2a-f928-4c21-b082-4c7345094245,Tekirdağ Malkara power station,TR,40.638726,27.004295,nuscale_voygr6,HI-07,,,,1.5,scored,Very dense or nearby transmitter proxy: >100 transmitter-like features in radius or nearest feature < 2 km. Power class not measured.,,"{""hi07_comment"": ""Nearest transmitter: observation, 1.4 km. Total within 25 km: 81. Source: OSM Overpass [FIX-04 transmitter]"", ""hi07_quality"": ""medium"", ""human_fetched_at"": ""2026-05-12T23:21:10.878702+03:00"", ""human_run_id"": ""hi06_spf_20260512_185043"", ""nearest_transmitter_km"": 1.36, ""transmitter_count"": 81, ""transmitter_type"": ""observation""}"
43f99d45-6635-4392-a522-4a06445fdaf2,Teyo Tufanbeyli power station,TR,38.2299,36.2481,nuscale_voygr6,HI-07,,,,3.5,scored,Dense or near transmitter proxy: >25 features in radius or nearest feature < 5 km. Review RF/EMI controls.,,"{""hi07_comment"": ""Nearest transmitter: communication, 2.2 km. Total within 25 km: 22. Source: OSM Overpass [FIX-04 transmitter]"", ""hi07_quality"": ""medium"", ""human_fetched_at"": ""2026-05-12T23:21:23.583565+03:00"", ""human_run_id"": ""hi06_spf_20260512_185043"", ""nearest_transmitter_km"": 2.16, ""transmitter_count"": 22, ""transmitter_type"": ""communication""}"
44362378-9c74-44af-8a08-be4877f50e97,Tosyalı İskenderun power station,TR,36.6971,36.2042,nuscale_voygr6,HI-07,,,,3.5,scored,Dense or near transmitter proxy: >25 features in radius or nearest feature < 5 km. Review RF/EMI controls.,,"{""hi07_comment"": ""Nearest transmitter: mast, 2.9 km. Total within 25 km: 37. Source: OSM Overpass [FIX-04 transmitter]"", ""hi07_quality"": ""medium"", ""human_fetched_at"": ""2026-05-12T23:21:36.677942+03:00"", ""human_run_id"": ""hi06_spf_20260512_185043"", ""nearest_transmitter_km"": 2.95, ""transmitter_count"": 37, ""transmitter_type"": ""mast""}"
9eb693f6-6994-4937-bc4d-e8213baa5d47,Trakya Emba power station,TR,41.948092,28.04148,nuscale_voygr6,HI-07,,,,1.5,scored,Very dense or nearby transmitter proxy: >100 transmitter-like features in radius or nearest feature < 2 km. Power class not measured.,,"{""hi07_comment"": ""Nearest transmitter: tower, 1.8 km. Total within 25 km: 28. Source: OSM Overpass [FIX-04 transmitter]"", ""hi07_quality"": ""medium"", ""human_fetched_at"": ""2026-05-12T23:21:50.283440+03:00"", ""human_run_id"": ""hi06_spf_20260512_185043"", ""nearest_transmitter_km"": 1.78, ""transmitter_count"": 28, ""transmitter_type"": ""tower""}"
6c9571c4-5d3b-4f88-a7be-fa8c21425eeb,Tufanbeyli power station,TR,38.18562,36.26994,nuscale_voygr6,HI-07,,,,5.5,scored,Scoreable ordinary RF environment from count/proximity evidence; power-class-specific severity deferred.,,"{""hi07_comment"": ""Nearest transmitter: communication, 5.6 km. Total within 25 km: 18. Source: OSM Overpass [FIX-04 transmitter]"", ""hi07_quality"": ""medium"", ""human_fetched_at"": ""2026-05-12T23:22:01.982706+03:00"", ""human_run_id"": ""hi06_spf_20260512_185043"", ""nearest_transmitter_km"": 5.62, ""transmitter_count"": 18, ""transmitter_type"": ""communication""}"
2ec95392-978d-4a43-85b9-af3282c212ba,Tunçbilek power station,TR,39.619778,29.465881,nuscale_voygr6,HI-07,,,,1.5,scored,Very dense or nearby transmitter proxy: >100 transmitter-like features in radius or nearest feature < 2 km. Power class not measured.,,"{""hi07_comment"": ""Nearest transmitter: communication, 1.3 km. Total within 25 km: 21. Source: OSM Overpass [FIX-04 transmitter]"", ""hi07_quality"": ""medium"", ""human_fetched_at"": ""2026-05-12T23:22:17.752304+03:00"", ""human_run_id"": ""hi06_spf_20260512_185043"", ""nearest_transmitter_km"": 1.34, ""transmitter_count"": 21, ""transmitter_type"": ""communication""}"
ddc8bb9c-bf77-4075-b38c-600fb072acf8,Uluköy power station,TR,38.199984,30.27055,nuscale_voygr6,HI-07,,,,7.5,scored,Low RF-density proxy: at most ten transmitter-like features and none measured within 5 km.,,"{""hi07_comment"": ""Nearest transmitter: communication, 9.7 km. Total within 25 km: 5. Source: OSM Overpass [FIX-04 transmitter]"", ""hi07_quality"": ""medium"", ""human_fetched_at"": ""2026-05-12T23:22:31.781464+03:00"", ""human_run_id"": ""hi06_spf_20260512_185043"", ""nearest_transmitter_km"": 9.74, ""transmitter_count"": 5, ""transmitter_type"": ""communication""}"
d3f986d9-a023-4d43-a0fb-03361f310873,Umut power station,TR,41.133,37.156,nuscale_voygr6,HI-07,,,,1.5,scored,Very dense or nearby transmitter proxy: >100 transmitter-like features in radius or nearest feature < 2 km. Power class not measured.,,"{""hi07_comment"": ""Nearest transmitter: mast, 1.1 km. Total within 25 km: 31. Source: OSM Overpass [FIX-04 transmitter]"", ""hi07_quality"": ""medium"", ""human_fetched_at"": ""2026-05-12T23:22:46.936818+03:00"", ""human_run_id"": ""hi06_spf_20260512_185043"", ""nearest_transmitter_km"": 1.14, ""transmitter_count"": 31, ""transmitter_type"": ""mast""}"
381221dd-76da-4adf-9b19-5da9f0779c22,Vize power station,TR,41.572996,27.811652,nuscale_voygr6,HI-07,,,,1.5,scored,Very dense or nearby transmitter proxy: >100 transmitter-like features in radius or nearest feature < 2 km. Power class not measured.,,"{""hi07_comment"": ""Nearest transmitter: observation, 1.6 km. Total within 25 km: 102. Source: OSM Overpass [FIX-04 transmitter]"", ""hi07_quality"": ""medium"", ""human_fetched_at"": ""2026-05-12T23:22:57.836293+03:00"", ""human_run_id"": ""hi06_spf_20260512_185043"", ""nearest_transmitter_km"": 1.64, ""transmitter_count"": 102, ""transmitter_type"": ""observation""}"
fd4f7f8c-0d23-450d-9ea0-1b8e52e9a8af,Yatağan power station,TR,37.330905,28.102377,nuscale_voygr6,HI-07,,,,3.5,scored,Dense or near transmitter proxy: >25 features in radius or nearest feature < 5 km. Review RF/EMI controls.,,"{""hi07_comment"": ""Nearest transmitter: communication, 4.5 km. Total within 25 km: 28. Source: OSM Overpass [FIX-04 transmitter]"", ""hi07_quality"": ""medium"", ""human_fetched_at"": ""2026-05-12T23:23:13.161067+03:00"", ""human_run_id"": ""hi06_spf_20260512_185043"", ""nearest_transmitter_km"": 4.51, ""transmitter_count"": 28, ""transmitter_type"": ""communication""}"
52028d4f-7796-4463-832e-cff2e439c96a,Yenidere power station,TR,37.458403,28.674831,nuscale_voygr6,HI-07,,,,5.5,scored,Scoreable ordinary RF environment from count/proximity evidence; power-class-specific severity deferred.,,"{""hi07_comment"": ""Nearest transmitter: water_tower, 5.3 km. Total within 25 km: 12. Source: OSM Overpass [FIX-04 transmitter]"", ""hi07_quality"": ""medium"", ""human_fetched_at"": ""2026-05-12T23:23:28.306519+03:00"", ""human_run_id"": ""hi06_spf_20260512_185043"", ""nearest_transmitter_km"": 5.27, ""transmitter_count"": 12, ""transmitter_type"": ""water_tower""}"
737b6d06-1d0c-4ae6-9683-ab3fea192b32,Yeniköy power station,TR,37.14019,27.87154,nuscale_voygr6,HI-07,,,,1.5,scored,Very dense or nearby transmitter proxy: >100 transmitter-like features in radius or nearest feature < 2 km. Power class not measured.,,"{""hi07_comment"": ""Nearest transmitter: tower, 1.7 km. Total within 25 km: 20. Source: OSM Overpass [FIX-04 transmitter]"", ""hi07_quality"": ""medium"", ""human_fetched_at"": ""2026-05-12T23:23:41.004054+03:00"", ""human_run_id"": ""hi06_spf_20260512_185043"", ""nearest_transmitter_km"": 1.68, ""transmitter_count"": 20, ""transmitter_type"": ""tower""}"
e8b6e342-2011-4343-b415-a8bf08501499,Yeniyurt power station,TR,36.886,36.151,nuscale_voygr6,HI-07,,,,1.5,scored,Very dense or nearby transmitter proxy: >100 transmitter-like features in radius or nearest feature < 2 km. Power class not measured.,,"{""hi07_comment"": ""Nearest transmitter: mast, 1.8 km. Total within 25 km: 45. Source: OSM Overpass [FIX-04 transmitter]"", ""hi07_quality"": ""medium"", ""human_fetched_at"": ""2026-05-12T23:23:54.155501+03:00"", ""human_run_id"": ""hi06_spf_20260512_185043"", ""nearest_transmitter_km"": 1.83, ""transmitter_count"": 45, ""transmitter_type"": ""mast""}"
d6cb5642-d5ec-4a15-bc6b-8be4cb0a382e,Yeşilovacık power station,TR,36.200611,33.663742,nuscale_voygr6,HI-07,,,,7.5,scored,Low RF-density proxy: at most ten transmitter-like features and none measured within 5 km.,,"{""hi07_comment"": ""Nearest transmitter: observation, 5.4 km. Total within 25 km: 10. Source: OSM Overpass [FIX-04 transmitter]"", ""hi07_quality"": ""medium"", ""human_fetched_at"": ""2026-05-12T23:24:05.070325+03:00"", ""human_run_id"": ""hi06_spf_20260512_185043"", ""nearest_transmitter_km"": 5.41, ""transmitter_count"": 10, ""transmitter_type"": ""observation""}"
225656d9-8709-4c2f-9992-1e4f20a6fce8,Yıldırım Elazığ power station,TR,38.662,39.772,nuscale_voygr6,HI-07,,,,1.5,scored,Very dense or nearby transmitter proxy: >100 transmitter-like features in radius or nearest feature < 2 km. Power class not measured.,,"{""hi07_comment"": ""Nearest transmitter: communication, 1.0 km. Total within 25 km: 33. Source: OSM Overpass [FIX-04 transmitter]"", ""hi07_quality"": ""medium"", ""human_fetched_at"": ""2026-05-12T23:24:21.685867+03:00"", ""human_run_id"": ""hi06_spf_20260512_185043"", ""nearest_transmitter_km"": 0.96, ""transmitter_count"": 33, ""transmitter_type"": ""communication""}"
57c0c830-725f-46ee-9322-0a4a3ad9efda,Yüksek Gölovası power station,TR,37.368333,35.706111,nuscale_voygr6,HI-07,,,,1.5,scored,Very dense or nearby transmitter proxy: >100 transmitter-like features in radius or nearest feature < 2 km. Power class not measured.,,"{""hi07_comment"": ""Nearest transmitter: water_tower, 0.6 km. Total within 25 km: 28. Source: OSM Overpass [FIX-04 transmitter]"", ""hi07_quality"": ""medium"", ""human_fetched_at"": ""2026-05-12T23:24:32.576432+03:00"", ""human_run_id"": ""hi06_spf_20260512_185043"", ""nearest_transmitter_km"": 0.64, ""transmitter_count"": 28, ""transmitter_type"": ""water_tower""}"
91f28dbb-16bd-449b-a20a-dc2b70cf2e66,Yumurtalık IC İçtaş power station,TR,36.77,35.79,nuscale_voygr6,HI-07,,,,1.5,scored,Very dense or nearby transmitter proxy: >100 transmitter-like features in radius or nearest feature < 2 km. Power class not measured.,,"{""hi07_comment"": ""Nearest transmitter: communication, 1.5 km. Total within 25 km: 12. Source: OSM Overpass [FIX-04 transmitter]"", ""hi07_quality"": ""medium"", ""human_fetched_at"": ""2026-05-12T23:24:44.798318+03:00"", ""human_run_id"": ""hi06_spf_20260512_185043"", ""nearest_transmitter_km"": 1.46, ""transmitter_count"": 12, ""transmitter_type"": ""communication""}"
48149515-0774-404d-b273-790b660a8d90,Yunus Emre power station,TR,39.984309,31.635639,nuscale_voygr6,HI-07,,,,1.5,scored,Very dense or nearby transmitter proxy: >100 transmitter-like features in radius or nearest feature < 2 km. Power class not measured.,,"{""hi07_comment"": ""Nearest transmitter: communication, 1.9 km. Total within 25 km: 8. Source: OSM Overpass [FIX-04 transmitter]"", ""hi07_quality"": ""medium"", ""human_fetched_at"": ""2026-05-12T23:24:57.825565+03:00"", ""human_run_id"": ""hi06_spf_20260512_185043"", ""nearest_transmitter_km"": 1.91, ""transmitter_count"": 8, ""transmitter_type"": ""communication""}"
772e2484-419b-47de-9739-924ac371ad10,Zafer power station,TR,41.604444,32.511111,nuscale_voygr6,HI-07,,,,3.5,scored,Dense or near transmitter proxy: >25 features in radius or nearest feature < 5 km. Review RF/EMI controls.,,"{""hi07_comment"": ""Nearest transmitter: communication, 2.8 km. Total within 25 km: 46. Source: OSM Overpass [FIX-04 transmitter]"", ""hi07_quality"": ""medium"", ""human_fetched_at"": ""2026-05-12T23:25:08.774151+03:00"", ""human_run_id"": ""hi06_spf_20260512_185043"", ""nearest_transmitter_km"": 2.78, ""transmitter_count"": 46, ""transmitter_type"": ""communication""}"
1f305180-6bbf-4758-9a98-78bc9e96e195,ZETES power stations,TR,41.507471,31.894912,nuscale_voygr6,HI-07,,,,1.5,scored,Very dense or nearby transmitter proxy: >100 transmitter-like features in radius or nearest feature < 2 km. Power class not measured.,,"{""hi07_comment"": ""Nearest transmitter: minaret, 1.4 km. Total within 25 km: 31. Source: OSM Overpass [FIX-04 transmitter]"", ""hi07_quality"": ""medium"", ""human_fetched_at"": ""2026-05-12T23:25:22.790444+03:00"", ""human_run_id"": ""hi06_spf_20260512_185043"", ""nearest_transmitter_km"": 1.45, ""transmitter_count"": 31, ""transmitter_type"": ""minaret""}"
fa6b7ac3-c1bf-478f-8d0a-1f357ea480cf,Zonguldak Modern power station,TR,41.498,31.868,nuscale_voygr6,HI-07,,,,3.5,scored,Dense or near transmitter proxy: >25 features in radius or nearest feature < 5 km. Review RF/EMI controls.,,"{""hi07_comment"": ""Nearest transmitter: minaret, 3.1 km. Total within 25 km: 21. Source: OSM Overpass [FIX-04 transmitter]"", ""hi07_quality"": ""medium"", ""human_fetched_at"": ""2026-05-12T23:25:33.542290+03:00"", ""human_run_id"": ""hi06_spf_20260512_185043"", ""nearest_transmitter_km"": 3.1, ""transmitter_count"": 21, ""transmitter_type"": ""minaret""}"
7cc9cffa-e4e4-4546-902d-c8f4800dbdb2,Zorlu Akçakoca power station,TR,41.087,31.12,nuscale_voygr6,HI-07,,,,1.5,scored,Very dense or nearby transmitter proxy: >100 transmitter-like features in radius or nearest feature < 2 km. Power class not measured.,,"{""hi07_comment"": ""Nearest transmitter: minaret, 1.7 km. Total within 25 km: 23. Source: OSM Overpass [FIX-04 transmitter]"", ""hi07_quality"": ""medium"", ""human_fetched_at"": ""2026-05-12T23:25:54.022592+03:00"", ""human_run_id"": ""hi06_spf_20260512_185043"", ""nearest_transmitter_km"": 1.69, ""transmitter_count"": 23, ""transmitter_type"": ""minaret""}"
61b7e396-5c25-4591-9da1-eb54475f1805,Zorlu Soma power station,TR,39.186,27.608,nuscale_voygr6,HI-07,,,,3.5,scored,Dense or near transmitter proxy: >25 features in radius or nearest feature < 5 km. Review RF/EMI controls.,,"{""hi07_comment"": ""Nearest transmitter: communication, 3.7 km. Total within 25 km: 20. Source: OSM Overpass [FIX-04 transmitter]"", ""hi07_quality"": ""medium"", ""human_fetched_at"": ""2026-05-12T23:26:06.926279+03:00"", ""human_run_id"": ""hi06_spf_20260512_185043"", ""nearest_transmitter_km"": 3.69, ""transmitter_count"": 20, ""transmitter_type"": ""communication""}"
c47eb6a3-49c1-4879-95b6-9bcd53b7af04,Burshtyn power station,UA,49.210383,24.666536,nuscale_voygr6,HI-07,,,,3.5,scored,Dense or near transmitter proxy: >25 features in radius or nearest feature < 5 km. Review RF/EMI controls.,,"{""hi07_comment"": ""Nearest transmitter: communication, 3.0 km. Total within 25 km: 60. Source: OSM Overpass [FIX-04 transmitter]"", ""hi07_quality"": ""medium"", ""human_fetched_at"": ""2026-05-12T23:26:17.995053+03:00"", ""human_run_id"": ""hi06_spf_20260512_185043"", ""nearest_transmitter_km"": 3.02, ""transmitter_count"": 60, ""transmitter_type"": ""communication""}"
95872473-c476-4ceb-bcf5-54cfdf415e42,Cherkasy power station,UA,49.390543,32.067372,nuscale_voygr6,HI-07,,,,1.5,scored,Very dense or nearby transmitter proxy: >100 transmitter-like features in radius or nearest feature < 2 km. Power class not measured.,,"{""hi07_comment"": ""Nearest transmitter: communication, 0.6 km. Total within 25 km: 199. Source: OSM Overpass [FIX-04 transmitter]"", ""hi07_quality"": ""medium"", ""human_fetched_at"": ""2026-05-12T23:26:34.097454+03:00"", ""human_run_id"": ""hi06_spf_20260512_185043"", ""nearest_transmitter_km"": 0.63, ""transmitter_count"": 199, ""transmitter_type"": ""communication""}"
e4c6a713-99e6-4fdf-afaa-d456779c504c,Chernihiv power station,UA,51.45496,31.260173,nuscale_voygr6,HI-07,,,,3.5,scored,Dense or near transmitter proxy: >25 features in radius or nearest feature < 5 km. Review RF/EMI controls.,,"{""hi07_comment"": ""Nearest transmitter: water_tower, 2.1 km. Total within 25 km: 31. Source: OSM Overpass [FIX-04 transmitter]"", ""hi07_quality"": ""medium"", ""human_fetched_at"": ""2026-05-12T23:26:49.114135+03:00"", ""human_run_id"": ""hi06_spf_20260512_185043"", ""nearest_transmitter_km"": 2.13, ""transmitter_count"": 31, ""transmitter_type"": ""water_tower""}"
038d42e9-769b-4b22-9513-dccff48b42cd,Darnytska power station,UA,50.447771,30.642949,nuscale_voygr6,HI-07,,,,1.5,scored,Very dense or nearby transmitter proxy: >100 transmitter-like features in radius or nearest feature < 2 km. Power class not measured.,,"{""hi07_comment"": ""Nearest transmitter: mast, 0.2 km. Total within 25 km: 330. Source: OSM Overpass [FIX-04 transmitter]"", ""hi07_quality"": ""medium"", ""human_fetched_at"": ""2026-05-12T23:27:03.253839+03:00"", ""human_run_id"": ""hi06_spf_20260512_185043"", ""nearest_transmitter_km"": 0.19, ""transmitter_count"": 330, ""transmitter_type"": ""mast""}"
5ed0a674-a292-44bc-997f-5c1990da1235,Dobrotvir power station,UA,50.214293,24.374654,nuscale_voygr6,HI-07,,,,1.5,scored,Very dense or nearby transmitter proxy: >100 transmitter-like features in radius or nearest feature < 2 km. Power class not measured.,,"{""hi07_comment"": ""Nearest transmitter: communication, 0.2 km. Total within 25 km: 89. Source: OSM Overpass [FIX-04 transmitter]"", ""hi07_quality"": ""medium"", ""human_fetched_at"": ""2026-05-12T23:27:14.100218+03:00"", ""human_run_id"": ""hi06_spf_20260512_185043"", ""nearest_transmitter_km"": 0.24, ""transmitter_count"": 89, ""transmitter_type"": ""communication""}"
fb7d4d9a-3f27-4b50-9941-6a8fccd25e9a,Kalush power station,UA,49.07049,24.318522,nuscale_voygr6,HI-07,,,,1.5,scored,Very dense or nearby transmitter proxy: >100 transmitter-like features in radius or nearest feature < 2 km. Power class not measured.,,"{""hi07_comment"": ""Nearest transmitter: communication, 1.4 km. Total within 25 km: 79. Source: OSM Overpass [FIX-04 transmitter]"", ""hi07_quality"": ""medium"", ""human_fetched_at"": ""2026-05-12T23:27:33.863541+03:00"", ""human_run_id"": ""hi06_spf_20260512_185043"", ""nearest_transmitter_km"": 1.38, ""transmitter_count"": 79, ""transmitter_type"": ""communication""}"
d3b9e403-7744-44c5-b5c3-999c4c1911d8,Kramatorskaya power station,UA,48.747705,37.572339,nuscale_voygr6,HI-07,,,,1.5,scored,Very dense or nearby transmitter proxy: >100 transmitter-like features in radius or nearest feature < 2 km. Power class not measured.,,"{""hi07_comment"": ""Nearest transmitter: communication, 2.0 km. Total within 25 km: 29. Source: OSM Overpass [FIX-04 transmitter]"", ""hi07_quality"": ""medium"", ""human_fetched_at"": ""2026-05-12T23:27:45.086577+03:00"", ""human_run_id"": ""hi06_spf_20260512_185043"", ""nearest_transmitter_km"": 1.95, ""transmitter_count"": 29, ""transmitter_type"": ""communication""}"
83fede8b-5f92-429d-920d-9a8928a74780,Kryvorizka power station,UA,47.543204,33.659513,nuscale_voygr6,HI-07,,,,1.5,scored,Very dense or nearby transmitter proxy: >100 transmitter-like features in radius or nearest feature < 2 km. Power class not measured.,,"{""hi07_comment"": ""Nearest transmitter: tower, 0.6 km. Total within 25 km: 35. Source: OSM Overpass [FIX-04 transmitter]"", ""hi07_quality"": ""medium"", ""human_fetched_at"": ""2026-05-12T23:28:05.328334+03:00"", ""human_run_id"": ""hi06_spf_20260512_185043"", ""nearest_transmitter_km"": 0.55, ""transmitter_count"": 35, ""transmitter_type"": ""tower""}"
46b96bc3-b190-4045-9c86-eb674e2ea35e,Kurakhov power station,UA,47.994514,37.237077,nuscale_voygr6,HI-07,,,,1.5,scored,Very dense or nearby transmitter proxy: >100 transmitter-like features in radius or nearest feature < 2 km. Power class not measured.,,"{""hi07_comment"": ""Nearest transmitter: mast, 0.3 km. Total within 25 km: 36. Source: OSM Overpass [FIX-04 transmitter]"", ""hi07_quality"": ""medium"", ""human_fetched_at"": ""2026-05-12T23:28:20.865372+03:00"", ""human_run_id"": ""hi06_spf_20260512_185043"", ""nearest_transmitter_km"": 0.35, ""transmitter_count"": 36, ""transmitter_type"": ""mast""}"
cec871bd-c7f6-4444-b0da-9b3a9ecc6963,Ladyzhyn power station,UA,48.705825,29.218668,nuscale_voygr6,HI-07,,,,1.5,scored,Very dense or nearby transmitter proxy: >100 transmitter-like features in radius or nearest feature < 2 km. Power class not measured.,,"{""hi07_comment"": ""Nearest transmitter: mast, 0.7 km. Total within 25 km: 140. Source: OSM Overpass [FIX-04 transmitter]"", ""hi07_quality"": ""medium"", ""human_fetched_at"": ""2026-05-12T23:28:37.335645+03:00"", ""human_run_id"": ""hi06_spf_20260512_185043"", ""nearest_transmitter_km"": 0.67, ""transmitter_count"": 140, ""transmitter_type"": ""mast""}"
4e45df00-0d28-44d0-9697-3fa33d76fc88,Luganskaya power station,UA,48.749346,39.261917,nuscale_voygr6,HI-07,,,,1.5,scored,Very dense or nearby transmitter proxy: >100 transmitter-like features in radius or nearest feature < 2 km. Power class not measured.,,"{""hi07_comment"": ""Nearest transmitter: mast, 0.3 km. Total within 25 km: 34. Source: OSM Overpass [FIX-04 transmitter]"", ""hi07_quality"": ""medium"", ""human_fetched_at"": ""2026-05-12T23:28:48.170914+03:00"", ""human_run_id"": ""hi06_spf_20260512_185043"", ""nearest_transmitter_km"": 0.29, ""transmitter_count"": 34, ""transmitter_type"": ""mast""}"
3bd2a957-ff3b-4bfd-9dba-808279edccb9,Myronivskyi power station,UA,48.479778,38.284834,nuscale_voygr6,HI-07,,,,1.5,scored,Very dense or nearby transmitter proxy: >100 transmitter-like features in radius or nearest feature < 2 km. Power class not measured.,,"{""hi07_comment"": ""Nearest transmitter: mast, 0.3 km. Total within 25 km: 33. Source: OSM Overpass [FIX-04 transmitter]"", ""hi07_quality"": ""medium"", ""human_fetched_at"": ""2026-05-12T23:29:01.097553+03:00"", ""human_run_id"": ""hi06_spf_20260512_185043"", ""nearest_transmitter_km"": 0.27, ""transmitter_count"": 33, ""transmitter_type"": ""mast""}"
02253fcc-4fc6-42d4-a6a8-42365487302f,Prydniprovska power station,UA,48.405291,35.111749,nuscale_voygr6,HI-07,,,,1.5,scored,Very dense or nearby transmitter proxy: >100 transmitter-like features in radius or nearest feature < 2 km. Power class not measured.,,"{""hi07_comment"": ""Nearest transmitter: mast, 0.3 km. Total within 25 km: 212. Source: OSM Overpass [FIX-04 transmitter]"", ""hi07_quality"": ""medium"", ""human_fetched_at"": ""2026-05-12T23:29:16.697773+03:00"", ""human_run_id"": ""hi06_spf_20260512_185043"", ""nearest_transmitter_km"": 0.26, ""transmitter_count"": 212, ""transmitter_type"": ""mast""}"
70781f2c-24c2-486c-8b32-310c36ba1238,Slavyansk power station,UA,48.870681,37.765621,nuscale_voygr6,HI-07,,,,3.5,scored,Dense or near transmitter proxy: >25 features in radius or nearest feature < 5 km. Review RF/EMI controls.,,"{""hi07_comment"": ""Nearest transmitter: communication, 5.0 km. Total within 25 km: 32. Source: OSM Overpass [FIX-04 transmitter]"", ""hi07_quality"": ""medium"", ""human_fetched_at"": ""2026-05-12T23:29:29.904035+03:00"", ""human_run_id"": ""hi06_spf_20260512_185043"", ""nearest_transmitter_km"": 4.96, ""transmitter_count"": 32, ""transmitter_type"": ""communication""}"
447a9ea1-47fa-48a3-93f2-a77cbd629ac7,Starobesheve power station,UA,47.800786,38.005422,nuscale_voygr6,HI-07,,,,1.5,scored,Very dense or nearby transmitter proxy: >100 transmitter-like features in radius or nearest feature < 2 km. Power class not measured.,,"{""hi07_comment"": ""Nearest transmitter: mast, 0.3 km. Total within 25 km: 25. Source: OSM Overpass [FIX-04 transmitter]"", ""hi07_quality"": ""medium"", ""human_fetched_at"": ""2026-05-12T23:29:43.852372+03:00"", ""human_run_id"": ""hi06_spf_20260512_185043"", ""nearest_transmitter_km"": 0.28, ""transmitter_count"": 25, ""transmitter_type"": ""mast""}"
cdb6adfb-52ff-4631-939a-001080b20450,Trypilska power station,UA,50.133377,30.74667,nuscale_voygr6,HI-07,,,,1.5,scored,Very dense or nearby transmitter proxy: >100 transmitter-like features in radius or nearest feature < 2 km. Power class not measured.,,"{""hi07_comment"": ""Nearest transmitter: mast, 0.2 km. Total within 25 km: 97. Source: OSM Overpass [FIX-04 transmitter]"", ""hi07_quality"": ""medium"", ""human_fetched_at"": ""2026-05-12T23:30:01.348664+03:00"", ""human_run_id"": ""hi06_spf_20260512_185043"", ""nearest_transmitter_km"": 0.23, ""transmitter_count"": 97, ""transmitter_type"": ""mast""}"
3657989a-61ae-4fe3-9e8b-6ba7e68f8c59,Vuglegirska power station,UA,48.464745,38.20266,nuscale_voygr6,HI-07,,,,1.5,scored,Very dense or nearby transmitter proxy: >100 transmitter-like features in radius or nearest feature < 2 km. Power class not measured.,,"{""hi07_comment"": ""Nearest transmitter: mast, 1.0 km. Total within 25 km: 36. Source: OSM Overpass [FIX-04 transmitter]"", ""hi07_quality"": ""medium"", ""human_fetched_at"": ""2026-05-12T23:30:13.665592+03:00"", ""human_run_id"": ""hi06_spf_20260512_185043"", ""nearest_transmitter_km"": 1.04, ""transmitter_count"": 36, ""transmitter_type"": ""mast""}"
725406d6-860f-4ca0-9c6a-425675bac381,Zaporizhia power station,UA,47.507238,34.625478,nuscale_voygr6,HI-07,,,,1.5,scored,Very dense or nearby transmitter proxy: >100 transmitter-like features in radius or nearest feature < 2 km. Power class not measured.,,"{""hi07_comment"": ""Nearest transmitter: communication, 0.7 km. Total within 25 km: 39. Source: OSM Overpass [FIX-04 transmitter]"", ""hi07_quality"": ""medium"", ""human_fetched_at"": ""2026-05-12T23:30:28.787736+03:00"", ""human_run_id"": ""hi06_spf_20260512_185043"", ""nearest_transmitter_km"": 0.68, ""transmitter_count"": 39, ""transmitter_type"": ""communication""}"
29b3a802-7ef1-4722-ad59-b1511b1b0075,Zmiivska power station,UA,49.586013,36.523875,nuscale_voygr6,HI-07,,,,1.5,scored,Very dense or nearby transmitter proxy: >100 transmitter-like features in radius or nearest feature < 2 km. Power class not measured.,,"{""hi07_comment"": ""Nearest transmitter: communication, 1.0 km. Total within 25 km: 37. Source: OSM Overpass [FIX-04 transmitter]"", ""hi07_quality"": ""medium"", ""human_fetched_at"": ""2026-05-12T23:30:39.819843+03:00"", ""human_run_id"": ""hi06_spf_20260512_185043"", ""nearest_transmitter_km"": 0.99, ""transmitter_count"": 37, ""transmitter_type"": ""communication""}"
f2c061de-66ad-4fce-b911-7f1899f25b75,Zuevskaya power station,UA,48.034804,38.285213,nuscale_voygr6,HI-07,,,,1.5,scored,Very dense or nearby transmitter proxy: >100 transmitter-like features in radius or nearest feature < 2 km. Power class not measured.,,"{""hi07_comment"": ""Nearest transmitter: mast, 0.3 km. Total within 25 km: 26. Source: OSM Overpass [FIX-04 transmitter]"", ""hi07_quality"": ""medium"", ""human_fetched_at"": ""2026-05-12T23:30:54.394768+03:00"", ""human_run_id"": ""hi06_spf_20260512_185043"", ""nearest_transmitter_km"": 0.29, ""transmitter_count"": 26, ""transmitter_type"": ""mast""}"
d9f32912-81f1-4b1c-a2b1-f04298217cec,Istok power station,XK,42.783333,20.483333,nuscale_voygr6,HI-07,,,,3.5,scored,Dense or near transmitter proxy: >25 features in radius or nearest feature < 5 km. Review RF/EMI controls.,,"{""hi07_comment"": ""Nearest transmitter: antenna, 3.7 km. Total within 25 km: 29. Source: OSM Overpass [FIX-04 transmitter]"", ""hi07_quality"": ""medium"", ""human_fetched_at"": ""2026-05-12T23:31:06.493932+03:00"", ""human_run_id"": ""hi06_spf_20260512_185043"", ""nearest_transmitter_km"": 3.7, ""transmitter_count"": 29, ""transmitter_type"": ""antenna""}"
28be296b-6ef5-4c7e-a604-3af01af45d17,Kosovo A power station,XK,42.676454,21.085922,nuscale_voygr6,HI-07,,,,3.5,scored,Dense or near transmitter proxy: >25 features in radius or nearest feature < 5 km. Review RF/EMI controls.,,"{""hi07_comment"": ""Nearest transmitter: mast, 3.1 km. Total within 25 km: 86. Source: OSM Overpass [FIX-04 transmitter]"", ""hi07_quality"": ""medium"", ""human_fetched_at"": ""2026-05-12T23:31:21.781030+03:00"", ""human_run_id"": ""hi06_spf_20260512_185043"", ""nearest_transmitter_km"": 3.14, ""transmitter_count"": 86, ""transmitter_type"": ""mast""}"
76eba99c-dade-46dc-9130-478e43aa6202,Kosovo B power station,XK,42.69312,21.056002,nuscale_voygr6,HI-07,,,,1.5,scored,Very dense or nearby transmitter proxy: >100 transmitter-like features in radius or nearest feature < 2 km. Power class not measured.,,"{""hi07_comment"": ""Nearest transmitter: mast, 1.2 km. Total within 25 km: 88. Source: OSM Overpass [FIX-04 transmitter]"", ""hi07_quality"": ""medium"", ""human_fetched_at"": ""2026-05-12T23:31:33.175958+03:00"", ""human_run_id"": ""hi06_spf_20260512_185043"", ""nearest_transmitter_km"": 1.24, ""transmitter_count"": 88, ""transmitter_type"": ""mast""}"
d28fa85d-4f6c-4b26-a585-cb0bed226ecb,Kosovo C power station,XK,42.666667,21.166667,nuscale_voygr6,HI-07,,,,1.5,scored,Very dense or nearby transmitter proxy: >100 transmitter-like features in radius or nearest feature < 2 km. Power class not measured.,,"{""hi07_comment"": ""Nearest transmitter: communication, 0.0 km. Total within 25 km: 86. Source: OSM Overpass [FIX-04 transmitter]"", ""hi07_quality"": ""medium"", ""human_fetched_at"": ""2026-05-12T23:31:46.080760+03:00"", ""human_run_id"": ""hi06_spf_20260512_185043"", ""nearest_transmitter_km"": 0.03, ""transmitter_count"": 86, ""transmitter_type"": ""communication""}"
e6ecead0-54d1-41fe-8268-1253d0d7ef3e,Porto Romano Power Station,AL,41.371141,19.425201,nuscale_voygr6,NH-10,,,,7.5,scored,Lower-middle relative wind exposure in the current smoothed ERA5 cohort (7.5-9.0 m/s).,,"{""max_wind_speed_ms"": 8.43, ""natural_fetched_at"": ""2026-05-12T21:49:06.391969+03:00"", ""natural_run_id"": ""20260512T184829_1d1e6d41"", ""nh10_comment"": ""ERA5 wind assessment (ref 1991-2020) | 50yr_gust=8.4m/s | max_gust=8.4m/s | 99p=8.0m/s | prevailing=315deg | tropical_idx=0.0 | gev=ok | grid_dist=14.8km | source=copernicus_era5"", ""nh10_quality"": ""medium""}"
6e7fc4d8-636d-411a-baef-e138a5a07acc,Duernrohr power station,AT,48.32611,15.923333,nuscale_voygr6,NH-10,,,,3.5,scored,Higher relative wind exposure in the current smoothed ERA5 cohort (10.5-12.5 m/s).,,"{""max_wind_speed_ms"": 11.05, ""natural_fetched_at"": ""2026-05-12T21:49:06.554958+03:00"", ""natural_run_id"": ""20260512T184829_1d1e6d41"", ""nh10_comment"": ""ERA5 wind assessment (ref 1991-2020) | 50yr_gust=11.0m/s | max_gust=11.0m/s | 99p=9.6m/s | prevailing=270deg | tropical_idx=0.0 | gev=ok | grid_dist=10.2km | source=copernicus_era5"", ""nh10_quality"": ""medium""}"
532bfb42-0d4c-42cf-a81a-287f2b3a75bf,Enns Power Station,AT,48.21309,14.475222,nuscale_voygr6,NH-10,,,,5.5,scored,Middle relative wind exposure around the observed cohort mean (9.0-10.5 m/s).,,"{""max_wind_speed_ms"": 10.41, ""natural_fetched_at"": ""2026-05-12T21:49:06.663822+03:00"", ""natural_run_id"": ""20260512T184829_1d1e6d41"", ""nh10_comment"": ""ERA5 wind assessment (ref 1991-2020) | 50yr_gust=10.4m/s | max_gust=9.4m/s | 99p=8.7m/s | prevailing=270deg | tropical_idx=0.0 | gev=ok | grid_dist=4.5km | source=copernicus_era5"", ""nh10_quality"": ""medium""}"
90820fe3-9889-4faf-9906-7c528f8d7bc5,Mellach power station,AT,46.90819,15.49231,nuscale_voygr6,NH-10,,,,9.5,scored,Lowest relative wind exposure in the current ERA5 monthly-means gust cohort (< 7.5 m/s).,,"{""max_wind_speed_ms"": 6.53, ""natural_fetched_at"": ""2026-05-12T21:49:06.755482+03:00"", ""natural_run_id"": ""20260512T184829_1d1e6d41"", ""nh10_comment"": ""ERA5 wind assessment (ref 1991-2020) | 50yr_gust=6.5m/s | max_gust=6.5m/s | 99p=6.1m/s | prevailing=315deg | tropical_idx=0.0 | gev=ok | grid_dist=10.2km | source=copernicus_era5"", ""nh10_quality"": ""medium""}"
660d9d71-6733-4294-951b-1c58614d58cf,Riedersbach power station,AT,48.031769,12.843122,nuscale_voygr6,NH-10,,,,7.5,scored,Lower-middle relative wind exposure in the current smoothed ERA5 cohort (7.5-9.0 m/s).,,"{""max_wind_speed_ms"": 8.74, ""natural_fetched_at"": ""2026-05-12T21:49:06.872425+03:00"", ""natural_run_id"": ""20260512T184829_1d1e6d41"", ""nh10_comment"": ""ERA5 wind assessment (ref 1991-2020) | 50yr_gust=8.7m/s | max_gust=8.8m/s | 99p=8.2m/s | prevailing=248deg | tropical_idx=0.0 | gev=ok | grid_dist=7.8km | source=copernicus_era5"", ""nh10_quality"": ""medium""}"
021c723b-98af-4b72-8f6c-ade538885f10,St Andrae power station,AT,46.75,14.816667,nuscale_voygr6,NH-10,,,,7.5,scored,Lower-middle relative wind exposure in the current smoothed ERA5 cohort (7.5-9.0 m/s).,,"{""max_wind_speed_ms"": 7.81, ""natural_fetched_at"": ""2026-05-12T21:49:09.054218+03:00"", ""natural_run_id"": ""20260512T184804_724e6d22"", ""nh10_comment"": ""ERA5 wind assessment (ref 1991-2020) | 50yr_gust=7.8m/s | max_gust=7.8m/s | 99p=7.6m/s | prevailing=248deg | tropical_idx=0.0 | gev=ok | grid_dist=5.1km | source=copernicus_era5"", ""nh10_quality"": ""medium""}"
2dcd2c6d-f375-4408-9492-7910662fac03,Timelkam power station,AT,48.0122,13.5895,nuscale_voygr6,NH-10,,,,5.5,scored,Middle relative wind exposure around the observed cohort mean (9.0-10.5 m/s).,,"{""max_wind_speed_ms"": 10.05, ""natural_fetched_at"": ""2026-05-12T21:49:24.387650+03:00"", ""natural_run_id"": ""20260512T184804_724e6d22"", ""nh10_comment"": ""ERA5 wind assessment (ref 1991-2020) | 50yr_gust=10.1m/s | max_gust=10.0m/s | 99p=9.4m/s | prevailing=248deg | tropical_idx=0.0 | gev=ok | grid_dist=6.8km | source=copernicus_era5"", ""nh10_quality"": ""medium""}"
99d712ac-7993-4186-8a0e-2e88bae7e90f,Voitsberg power station,AT,47.0475,15.160278,nuscale_voygr6,NH-10,,,,9.5,scored,Lowest relative wind exposure in the current ERA5 monthly-means gust cohort (< 7.5 m/s).,,"{""max_wind_speed_ms"": 6.91, ""natural_fetched_at"": ""2026-05-12T21:49:43.316677+03:00"", ""natural_run_id"": ""20260512T184804_724e6d22"", ""nh10_comment"": ""ERA5 wind assessment (ref 1991-2020) | 50yr_gust=6.9m/s | max_gust=7.0m/s | 99p=6.6m/s | prevailing=270deg | tropical_idx=0.0 | gev=ok | grid_dist=8.6km | source=copernicus_era5"", ""nh10_quality"": ""medium""}"
33d83e11-cfcd-47cb-be5e-82ca0fc352cc,Zeltweg power station,AT,47.25,15.166667,nuscale_voygr6,NH-10,,,,7.5,scored,Lower-middle relative wind exposure in the current smoothed ERA5 cohort (7.5-9.0 m/s).,,"{""max_wind_speed_ms"": 8.9, ""natural_fetched_at"": ""2026-05-12T21:50:09.170140+03:00"", ""natural_run_id"": ""20260512T184804_724e6d22"", ""nh10_comment"": ""ERA5 wind assessment (ref 1991-2020) | 50yr_gust=8.9m/s | max_gust=9.0m/s | 99p=8.3m/s | prevailing=315deg | tropical_idx=0.0 | gev=ok | grid_dist=6.3km | source=copernicus_era5"", ""nh10_quality"": ""medium""}"
82011c29-a3d3-4a81-a27b-019d2649a251,Banovici power station,BA,44.4,18.5333,nuscale_voygr6,NH-10,,,,9.5,scored,Lowest relative wind exposure in the current ERA5 monthly-means gust cohort (< 7.5 m/s).,,"{""max_wind_speed_ms"": 6.92, ""natural_fetched_at"": ""2026-05-12T21:50:42.521488+03:00"", ""natural_run_id"": ""20260512T184804_724e6d22"", ""nh10_comment"": ""ERA5 wind assessment (ref 1991-2020) | 50yr_gust=6.9m/s | max_gust=7.0m/s | 99p=6.5m/s | prevailing=180deg | tropical_idx=0.0 | gev=ok | grid_dist=11.4km | source=copernicus_era5"", ""nh10_quality"": ""medium""}"
67e5a20f-e3ab-4c18-9864-cf4591d6e15f,Bugojno Thermal Power Project,BA,44.05,17.45,nuscale_voygr6,NH-10,,,,3.5,scored,Higher relative wind exposure in the current smoothed ERA5 cohort (10.5-12.5 m/s).,,"{""max_wind_speed_ms"": 10.66, ""natural_fetched_at"": ""2026-05-12T21:51:04.744735+03:00"", ""natural_run_id"": ""20260512T184804_724e6d22"", ""nh10_comment"": ""ERA5 wind assessment (ref 1991-2020) | 50yr_gust=10.7m/s | max_gust=10.3m/s | 99p=10.0m/s | prevailing=22deg | tropical_idx=0.0 | gev=ok | grid_dist=6.8km | source=copernicus_era5"", ""nh10_quality"": ""medium""}"
85257083-08d1-4560-b198-a9df414da4a9,Gacko Thermal Power Plant,BA,43.172137,18.511555,nuscale_voygr6,NH-10,,,,5.5,scored,Middle relative wind exposure around the observed cohort mean (9.0-10.5 m/s).,,"{""max_wind_speed_ms"": 10.04, ""natural_fetched_at"": ""2026-05-12T21:51:19.861415+03:00"", ""natural_run_id"": ""20260512T184804_724e6d22"", ""nh10_comment"": ""ERA5 wind assessment (ref 1991-2020) | 50yr_gust=10.0m/s | max_gust=10.2m/s | 99p=9.3m/s | prevailing=22deg | tropical_idx=0.0 | gev=ok | grid_dist=8.7km | source=copernicus_era5"", ""nh10_quality"": ""medium""}"
e2d645e3-c829-4aac-8f6f-d6a5507fd5fa,Glinica power station,BA,43.333,17.8,nuscale_voygr6,NH-10,,,,7.5,scored,Lower-middle relative wind exposure in the current smoothed ERA5 cohort (7.5-9.0 m/s).,,"{""max_wind_speed_ms"": 8.44, ""natural_fetched_at"": ""2026-05-12T21:51:35.647492+03:00"", ""natural_run_id"": ""20260512T184804_724e6d22"", ""nh10_comment"": ""ERA5 wind assessment (ref 1991-2020) | 50yr_gust=8.4m/s | max_gust=8.6m/s | 99p=8.0m/s | prevailing=22deg | tropical_idx=0.0 | gev=ok | grid_dist=10.1km | source=copernicus_era5"", ""nh10_quality"": ""medium""}"
e671be33-8b91-40bd-b563-b833293654aa,Kakanj Thermal Power Plant,BA,44.089633,18.113865,nuscale_voygr6,NH-10,,,,7.5,scored,Lower-middle relative wind exposure in the current smoothed ERA5 cohort (7.5-9.0 m/s).,,"{""max_wind_speed_ms"": 8.01, ""natural_fetched_at"": ""2026-05-12T21:51:38.775949+03:00"", ""natural_run_id"": ""20260512T184804_724e6d22"", ""nh10_comment"": ""ERA5 wind assessment (ref 1991-2020) | 50yr_gust=8.0m/s | max_gust=7.8m/s | 99p=7.3m/s | prevailing=0deg | tropical_idx=0.0 | gev=ok | grid_dist=13.5km | source=copernicus_era5"", ""nh10_quality"": ""medium""}"
344e0e9a-558e-4749-bb66-cd746be50cbd,Kamengrad Thermal Power Plant,BA,44.766667,16.666667,nuscale_voygr6,NH-10,,,,9.5,scored,Lowest relative wind exposure in the current ERA5 monthly-means gust cohort (< 7.5 m/s).,,"{""max_wind_speed_ms"": 7.21, ""natural_fetched_at"": ""2026-05-12T21:51:52.926583+03:00"", ""natural_run_id"": ""20260512T184804_724e6d22"", ""nh10_comment"": ""ERA5 wind assessment (ref 1991-2020) | 50yr_gust=7.2m/s | max_gust=7.5m/s | 99p=6.6m/s | prevailing=180deg | tropical_idx=0.0 | gev=ok | grid_dist=6.8km | source=copernicus_era5"", ""nh10_quality"": ""medium""}"
0155b913-765f-4d44-89f5-c176b6867cef,Kongora Thermal Power Plant,BA,43.64611,17.33139,nuscale_voygr6,NH-10,,,,5.5,scored,Middle relative wind exposure around the observed cohort mean (9.0-10.5 m/s).,,"{""max_wind_speed_ms"": 10.4, ""natural_fetched_at"": ""2026-05-12T21:52:20.948386+03:00"", ""natural_run_id"": ""20260512T184804_724e6d22"", ""nh10_comment"": ""ERA5 wind assessment (ref 1991-2020) | 50yr_gust=10.4m/s | max_gust=10.5m/s | 99p=10.0m/s | prevailing=22deg | tropical_idx=0.0 | gev=ok | grid_dist=13.3km | source=copernicus_era5"", ""nh10_quality"": ""medium""}"
aa0bdb5e-45aa-4d15-8aee-cb5b0e14f5d9,Miljevina power station,BA,43.518304,18.652091,nuscale_voygr6,NH-10,,,,5.5,scored,Middle relative wind exposure around the observed cohort mean (9.0-10.5 m/s).,,"{""max_wind_speed_ms"": 10.06, ""natural_fetched_at"": ""2026-05-12T21:52:39.013599+03:00"", ""natural_run_id"": ""20260512T184804_724e6d22"", ""nh10_comment"": ""ERA5 wind assessment (ref 1991-2020) | 50yr_gust=10.1m/s | max_gust=10.0m/s | 99p=9.5m/s | prevailing=202deg | tropical_idx=0.0 | gev=ok | grid_dist=8.2km | source=copernicus_era5"", ""nh10_quality"": ""medium""}"
e75c63e5-ef2f-4e08-8f8c-3da41215af9d,Stanari Thermal Power Plant,BA,44.753861,17.792444,nuscale_voygr6,NH-10,,,,9.5,scored,Lowest relative wind exposure in the current ERA5 monthly-means gust cohort (< 7.5 m/s).,,"{""max_wind_speed_ms"": 6.12, ""natural_fetched_at"": ""2026-05-12T21:53:39.048479+03:00"", ""natural_run_id"": ""20260512T184804_724e6d22"", ""nh10_comment"": ""ERA5 wind assessment (ref 1991-2020) | 50yr_gust=6.1m/s | max_gust=6.2m/s | 99p=5.8m/s | prevailing=202deg | tropical_idx=0.0 | gev=ok | grid_dist=3.4km | source=copernicus_era5"", ""nh10_quality"": ""medium""}"
0fb50bcc-5616-40d8-9109-8136a958f18d,Tuzla Thermal Power Plant,BA,44.52104,18.606443,nuscale_voygr6,NH-10,,,,9.5,scored,Lowest relative wind exposure in the current ERA5 monthly-means gust cohort (< 7.5 m/s).,,"{""max_wind_speed_ms"": 6.92, ""natural_fetched_at"": ""2026-05-12T21:54:06.945164+03:00"", ""natural_run_id"": ""20260512T184804_724e6d22"", ""nh10_comment"": ""ERA5 wind assessment (ref 1991-2020) | 50yr_gust=6.9m/s | max_gust=7.0m/s | 99p=6.5m/s | prevailing=180deg | tropical_idx=0.0 | gev=ok | grid_dist=8.8km | source=copernicus_era5"", ""nh10_quality"": ""medium""}"
a23d073a-cbbd-469a-b134-380945fd3f4c,Ugljevik power station,BA,44.683446,18.968516,nuscale_voygr6,NH-10,,,,9.5,scored,Lowest relative wind exposure in the current ERA5 monthly-means gust cohort (< 7.5 m/s).,,"{""max_wind_speed_ms"": 6.35, ""natural_fetched_at"": ""2026-05-12T21:54:40.835345+03:00"", ""natural_run_id"": ""20260512T184804_724e6d22"", ""nh10_comment"": ""ERA5 wind assessment (ref 1991-2020) | 50yr_gust=6.4m/s | max_gust=6.3m/s | 99p=6.0m/s | prevailing=270deg | tropical_idx=0.0 | gev=ok | grid_dist=7.8km | source=copernicus_era5"", ""nh10_quality"": ""medium""}"
b01fe781-dbc7-40f8-a544-946288020042,Bobov Dol power station,BG,42.285818,23.03283,nuscale_voygr6,NH-10,,,,9.5,scored,Lowest relative wind exposure in the current ERA5 monthly-means gust cohort (< 7.5 m/s).,,"{""max_wind_speed_ms"": 6.95, ""natural_fetched_at"": ""2026-05-12T21:55:49.608571+03:00"", ""natural_run_id"": ""20260512T184804_724e6d22"", ""nh10_comment"": ""ERA5 wind assessment (ref 1991-2020) | 50yr_gust=7.0m/s | max_gust=7.0m/s | 99p=6.6m/s | prevailing=0deg | tropical_idx=0.0 | gev=ok | grid_dist=4.8km | source=copernicus_era5"", ""nh10_quality"": ""medium""}"
fee1d5b3-827f-4172-8492-a3e114a3c39e,Brikel power station,BG,42.154555,25.906814,nuscale_voygr6,NH-10,,,,9.5,scored,Lowest relative wind exposure in the current ERA5 monthly-means gust cohort (< 7.5 m/s).,,"{""max_wind_speed_ms"": 6.12, ""natural_fetched_at"": ""2026-05-12T21:57:13.319098+03:00"", ""natural_run_id"": ""20260512T184804_724e6d22"", ""nh10_comment"": ""ERA5 wind assessment (ref 1991-2020) | 50yr_gust=6.1m/s | max_gust=6.1m/s | 99p=6.0m/s | prevailing=22deg | tropical_idx=0.0 | gev=ok | grid_dist=13.1km | source=copernicus_era5"", ""nh10_quality"": ""medium""}"
398cc0f2-25d5-428a-93c9-5e4859680e86,Deven power station,BG,43.196354,27.632675,nuscale_voygr6,NH-10,,,,7.5,scored,Lower-middle relative wind exposure in the current smoothed ERA5 cohort (7.5-9.0 m/s).,,"{""max_wind_speed_ms"": 8.57, ""natural_fetched_at"": ""2026-05-12T21:58:33.925133+03:00"", ""natural_run_id"": ""20260512T184804_724e6d22"", ""nh10_comment"": ""ERA5 wind assessment (ref 1991-2020) | 50yr_gust=8.6m/s | max_gust=8.9m/s | 99p=7.8m/s | prevailing=338deg | tropical_idx=0.0 | gev=ok | grid_dist=11.2km | source=copernicus_era5"", ""nh10_quality"": ""medium""}"
30c9e377-b575-46fa-880f-922c46e6500a,Lom Power Station,BG,43.7825,23.2175,nuscale_voygr6,NH-10,,,,7.5,scored,Lower-middle relative wind exposure in the current smoothed ERA5 cohort (7.5-9.0 m/s).,,"{""max_wind_speed_ms"": 7.61, ""natural_fetched_at"": ""2026-05-12T21:59:51.827767+03:00"", ""natural_run_id"": ""20260512T184804_724e6d22"", ""nh10_comment"": ""ERA5 wind assessment (ref 1991-2020) | 50yr_gust=7.6m/s | max_gust=7.7m/s | 99p=7.3m/s | prevailing=270deg | tropical_idx=0.0 | gev=ok | grid_dist=4.5km | source=copernicus_era5"", ""nh10_quality"": ""medium""}"
3bb6666f-de2f-4c6f-a28e-c3bddb71b54a,Maritsa 3 power station,BG,42.051942,25.623344,nuscale_voygr6,NH-10,,,,9.5,scored,Lowest relative wind exposure in the current ERA5 monthly-means gust cohort (< 7.5 m/s).,,"{""max_wind_speed_ms"": 6.3, ""natural_fetched_at"": ""2026-05-12T21:59:58.075774+03:00"", ""natural_run_id"": ""20260512T184804_724e6d22"", ""nh10_comment"": ""ERA5 wind assessment (ref 1991-2020) | 50yr_gust=6.3m/s | max_gust=6.3m/s | 99p=6.1m/s | prevailing=315deg | tropical_idx=0.0 | gev=ok | grid_dist=11.7km | source=copernicus_era5"", ""nh10_quality"": ""medium""}"
d12d7173-8595-4b53-92af-75b44b5a2fb7,Maritsa Iztok-1 power station,BG,42.1573,25.9084,nuscale_voygr6,NH-10,,,,9.5,scored,Lowest relative wind exposure in the current ERA5 monthly-means gust cohort (< 7.5 m/s).,,"{""max_wind_speed_ms"": 6.12, ""natural_fetched_at"": ""2026-05-12T21:59:58.097948+03:00"", ""natural_run_id"": ""20260512T184804_724e6d22"", ""nh10_comment"": ""ERA5 wind assessment (ref 1991-2020) | 50yr_gust=6.1m/s | max_gust=6.1m/s | 99p=6.0m/s | prevailing=22deg | tropical_idx=0.0 | gev=ok | grid_dist=12.8km | source=copernicus_era5"", ""nh10_quality"": ""medium""}"
ec5f337a-ca52-4b86-a0f4-4933eac349e3,Maritsa Iztok-2 power station,BG,42.254053,26.134007,nuscale_voygr6,NH-10,,,,9.5,scored,Lowest relative wind exposure in the current ERA5 monthly-means gust cohort (< 7.5 m/s).,,"{""max_wind_speed_ms"": 6.75, ""natural_fetched_at"": ""2026-05-12T22:00:03.812143+03:00"", ""natural_run_id"": ""20260512T184804_724e6d22"", ""nh10_comment"": ""ERA5 wind assessment (ref 1991-2020) | 50yr_gust=6.8m/s | max_gust=6.8m/s | 99p=6.5m/s | prevailing=45deg | tropical_idx=0.0 | gev=ok | grid_dist=9.6km | source=copernicus_era5"", ""nh10_quality"": ""medium""}"
0e860f58-416b-4116-836d-04edf8ded225,Maritsa Iztok-3 power station,BG,42.14502,26.003009,nuscale_voygr6,NH-10,,,,9.5,scored,Lowest relative wind exposure in the current ERA5 monthly-means gust cohort (< 7.5 m/s).,,"{""max_wind_speed_ms"": 6.12, ""natural_fetched_at"": ""2026-05-12T22:00:07.887827+03:00"", ""natural_run_id"": ""20260512T184804_724e6d22"", ""nh10_comment"": ""ERA5 wind assessment (ref 1991-2020) | 50yr_gust=6.1m/s | max_gust=6.1m/s | 99p=6.0m/s | prevailing=22deg | tropical_idx=0.0 | gev=ok | grid_dist=11.7km | source=copernicus_era5"", ""nh10_quality"": ""medium""}"
b1bcb7d3-cd40-40c9-9c59-a01fa71053b3,Maritsa Iztok-4 power station,BG,42.1444,26.0033,nuscale_voygr6,NH-10,,,,9.5,scored,Lowest relative wind exposure in the current ERA5 monthly-means gust cohort (< 7.5 m/s).,,"{""max_wind_speed_ms"": 6.12, ""natural_fetched_at"": ""2026-05-12T22:00:07.908657+03:00"", ""natural_run_id"": ""20260512T184804_724e6d22"", ""nh10_comment"": ""ERA5 wind assessment (ref 1991-2020) | 50yr_gust=6.1m/s | max_gust=6.1m/s | 99p=6.0m/s | prevailing=22deg | tropical_idx=0.0 | gev=ok | grid_dist=11.7km | source=copernicus_era5"", ""nh10_quality"": ""medium""}"
33a015dd-51e0-497e-b0d3-4b1b3f070438,Republika power station,BG,42.607124,23.078699,nuscale_voygr6,NH-10,,,,9.5,scored,Lowest relative wind exposure in the current ERA5 monthly-means gust cohort (< 7.5 m/s).,,"{""max_wind_speed_ms"": 6.95, ""natural_fetched_at"": ""2026-05-12T22:00:17.369057+03:00"", ""natural_run_id"": ""20260512T184804_724e6d22"", ""nh10_comment"": ""ERA5 wind assessment (ref 1991-2020) | 50yr_gust=6.9m/s | max_gust=7.1m/s | 99p=6.6m/s | prevailing=0deg | tropical_idx=0.0 | gev=ok | grid_dist=13.5km | source=copernicus_era5"", ""nh10_quality"": ""medium""}"
704ef487-f600-4f23-b06e-a0f81b627597,Ruse Iztok power station,BG,43.866654,26.010002,nuscale_voygr6,NH-10,,,,7.5,scored,Lower-middle relative wind exposure in the current smoothed ERA5 cohort (7.5-9.0 m/s).,,"{""max_wind_speed_ms"": 7.55, ""natural_fetched_at"": ""2026-05-12T22:01:09.328945+03:00"", ""natural_run_id"": ""20260512T184804_724e6d22"", ""nh10_comment"": ""ERA5 wind assessment (ref 1991-2020) | 50yr_gust=7.5m/s | max_gust=7.6m/s | 99p=7.0m/s | prevailing=225deg | tropical_idx=0.0 | gev=ok | grid_dist=13.0km | source=copernicus_era5"", ""nh10_quality"": ""medium""}"
93685558-3355-4da2-9a4a-4cccd89f9269,Sliven power station,BG,42.654762,26.325853,nuscale_voygr6,NH-10,,,,7.5,scored,Lower-middle relative wind exposure in the current smoothed ERA5 cohort (7.5-9.0 m/s).,,"{""max_wind_speed_ms"": 7.86, ""natural_fetched_at"": ""2026-05-12T22:01:28.854418+03:00"", ""natural_run_id"": ""20260512T184804_724e6d22"", ""nh10_comment"": ""ERA5 wind assessment (ref 1991-2020) | 50yr_gust=7.9m/s | max_gust=8.0m/s | 99p=7.5m/s | prevailing=338deg | tropical_idx=0.0 | gev=ok | grid_dist=12.3km | source=copernicus_era5"", ""nh10_quality"": ""medium""}"
2fb27566-cc7b-4530-8ff9-e55e3a1985bd,Svilosa power station,BG,43.642272,25.305007,nuscale_voygr6,NH-10,,,,9.5,scored,Lowest relative wind exposure in the current ERA5 monthly-means gust cohort (< 7.5 m/s).,,"{""max_wind_speed_ms"": 7.08, ""natural_fetched_at"": ""2026-05-12T22:02:04.855197+03:00"", ""natural_run_id"": ""20260512T184804_724e6d22"", ""nh10_comment"": ""ERA5 wind assessment (ref 1991-2020) | 50yr_gust=7.1m/s | max_gust=7.0m/s | 99p=6.8m/s | prevailing=248deg | tropical_idx=0.0 | gev=ok | grid_dist=12.8km | source=copernicus_era5"", ""nh10_quality"": ""medium""}"
85c56b15-450b-4bb1-b75e-5ea00ee51cb2,Varna power station,BG,43.19477,27.765472,nuscale_voygr6,NH-10,,,,7.5,scored,Lower-middle relative wind exposure in the current smoothed ERA5 cohort (7.5-9.0 m/s).,,"{""max_wind_speed_ms"": 8.57, ""natural_fetched_at"": ""2026-05-12T22:02:15.411293+03:00"", ""natural_run_id"": ""20260512T184804_724e6d22"", ""nh10_comment"": ""ERA5 wind assessment (ref 1991-2020) | 50yr_gust=8.6m/s | max_gust=8.9m/s | 99p=7.8m/s | prevailing=338deg | tropical_idx=0.0 | gev=ok | grid_dist=6.3km | source=copernicus_era5"", ""nh10_quality"": ""medium""}"
a064c7ae-e699-4a94-a18c-79bdfe42bce3,Vidin Works power station,BG,43.948363,22.850904,nuscale_voygr6,NH-10,,,,7.5,scored,Lower-middle relative wind exposure in the current smoothed ERA5 cohort (7.5-9.0 m/s).,,"{""max_wind_speed_ms"": 7.59, ""natural_fetched_at"": ""2026-05-12T22:02:48.117828+03:00"", ""natural_run_id"": ""20260512T184804_724e6d22"", ""nh10_comment"": ""ERA5 wind assessment (ref 1991-2020) | 50yr_gust=7.6m/s | max_gust=7.7m/s | 99p=7.2m/s | prevailing=270deg | tropical_idx=0.0 | gev=ok | grid_dist=9.9km | source=copernicus_era5"", ""nh10_quality"": ""medium""}"
68aabff9-e662-4b9f-b37d-4c2ebc5f7539,Lelchitsy power station,BY,51.789444,28.321389,nuscale_voygr6,NH-10,,,,5.5,scored,Middle relative wind exposure around the observed cohort mean (9.0-10.5 m/s).,,"{""max_wind_speed_ms"": 10.02, ""natural_fetched_at"": ""2026-05-12T22:03:23.578823+03:00"", ""natural_run_id"": ""20260512T184804_724e6d22"", ""nh10_comment"": ""ERA5 wind assessment (ref 1991-2020) | 50yr_gust=10.0m/s | max_gust=10.2m/s | 99p=9.2m/s | prevailing=248deg | tropical_idx=0.0 | gev=ok | grid_dist=6.6km | source=copernicus_era5"", ""nh10_quality"": ""medium""}"
fac3d0b5-36a5-48ae-8494-f2f08e4342f4,Zelwa power station,BY,53.15,24.8167,nuscale_voygr6,NH-10,,,,3.5,scored,Higher relative wind exposure in the current smoothed ERA5 cohort (10.5-12.5 m/s).,,"{""max_wind_speed_ms"": 10.67, ""natural_fetched_at"": ""2026-05-12T22:05:34.931472+03:00"", ""natural_run_id"": ""20260512T184804_724e6d22"", ""nh10_comment"": ""ERA5 wind assessment (ref 1991-2020) | 50yr_gust=10.7m/s | max_gust=10.9m/s | 99p=9.7m/s | prevailing=225deg | tropical_idx=0.0 | gev=ok | grid_dist=12.0km | source=copernicus_era5"", ""nh10_quality"": ""medium""}"
d762ceeb-514f-43a6-9f91-a2d422ed6c60,Chvaletice power station,CZ,50.028062,15.450504,nuscale_voygr6,NH-10,,,,5.5,scored,Middle relative wind exposure around the observed cohort mean (9.0-10.5 m/s).,,"{""max_wind_speed_ms"": 9.77, ""natural_fetched_at"": ""2026-05-12T22:05:37.232416+03:00"", ""natural_run_id"": ""20260512T184804_724e6d22"", ""nh10_comment"": ""ERA5 wind assessment (ref 1991-2020) | 50yr_gust=9.8m/s | max_gust=10.0m/s | 99p=8.7m/s | prevailing=248deg | tropical_idx=0.0 | gev=ok | grid_dist=4.7km | source=copernicus_era5"", ""nh10_quality"": ""medium""}"
a733fc13-11a4-4722-b62d-85c85a4f8ef3,Detmarovice power station,CZ,49.907184,18.464559,nuscale_voygr6,NH-10,,,,5.5,scored,Middle relative wind exposure around the observed cohort mean (9.0-10.5 m/s).,,"{""max_wind_speed_ms"": 9.85, ""natural_fetched_at"": ""2026-05-12T22:05:42.807026+03:00"", ""natural_run_id"": ""20260512T184804_724e6d22"", ""nh10_comment"": ""ERA5 wind assessment (ref 1991-2020) | 50yr_gust=9.9m/s | max_gust=9.8m/s | 99p=8.9m/s | prevailing=202deg | tropical_idx=0.0 | gev=ok | grid_dist=10.6km | source=copernicus_era5"", ""nh10_quality"": ""medium""}"
180880c2-7284-4723-b02a-a62348b9b40b,Hodonin power station,CZ,48.847759,17.120129,nuscale_voygr6,NH-10,,,,7.5,scored,Lower-middle relative wind exposure in the current smoothed ERA5 cohort (7.5-9.0 m/s).,,"{""max_wind_speed_ms"": 8.88, ""natural_fetched_at"": ""2026-05-12T22:05:55.609839+03:00"", ""natural_run_id"": ""20260512T184804_724e6d22"", ""nh10_comment"": ""ERA5 wind assessment (ref 1991-2020) | 50yr_gust=8.9m/s | max_gust=8.9m/s | 99p=8.3m/s | prevailing=135deg | tropical_idx=0.0 | gev=ok | grid_dist=14.0km | source=copernicus_era5"", ""nh10_quality"": ""medium""}"
43e5b2b4-2ccf-46ab-b01e-e3d480146455,Karvina power station,CZ,49.823463,18.480287,nuscale_voygr6,NH-10,,,,5.5,scored,Middle relative wind exposure around the observed cohort mean (9.0-10.5 m/s).,,"{""max_wind_speed_ms"": 10.43, ""natural_fetched_at"": ""2026-05-12T22:05:55.633093+03:00"", ""natural_run_id"": ""20260512T184804_724e6d22"", ""nh10_comment"": ""ERA5 wind assessment (ref 1991-2020) | 50yr_gust=10.4m/s | max_gust=10.6m/s | 99p=9.6m/s | prevailing=202deg | tropical_idx=0.0 | gev=ok | grid_dist=8.3km | source=copernicus_era5"", ""nh10_quality"": ""medium""}"
f1d2bca1-a7a9-4404-84c1-34fc8a59dab7,Kladno power station,CZ,50.1535,14.12858,nuscale_voygr6,NH-10,,,,5.5,scored,Middle relative wind exposure around the observed cohort mean (9.0-10.5 m/s).,,"{""max_wind_speed_ms"": 10.07, ""natural_fetched_at"": ""2026-05-12T22:08:44.445456+03:00"", ""natural_run_id"": ""20260512T184804_724e6d22"", ""nh10_comment"": ""ERA5 wind assessment (ref 1991-2020) | 50yr_gust=10.1m/s | max_gust=10.4m/s | 99p=8.9m/s | prevailing=248deg | tropical_idx=0.0 | gev=ok | grid_dist=13.8km | source=copernicus_era5"", ""nh10_quality"": ""medium""}"
274ec928-e527-44cf-86c5-b6eddc09d0f7,Komorany power station,CZ,50.522288,13.572102,nuscale_voygr6,NH-10,,,,3.5,scored,Higher relative wind exposure in the current smoothed ERA5 cohort (10.5-12.5 m/s).,,"{""max_wind_speed_ms"": 11.66, ""natural_fetched_at"": ""2026-05-12T22:10:02.859072+03:00"", ""natural_run_id"": ""20260512T184804_724e6d22"", ""nh10_comment"": ""ERA5 wind assessment (ref 1991-2020) | 50yr_gust=11.7m/s | max_gust=11.9m/s | 99p=10.0m/s | prevailing=248deg | tropical_idx=0.0 | gev=ok | grid_dist=5.7km | source=copernicus_era5"", ""nh10_quality"": ""medium""}"
2fe0a0b3-4108-427e-8e54-f77e1ea7227c,Ledvice power station,CZ,50.57658,13.779761,nuscale_voygr6,NH-10,,,,3.5,scored,Higher relative wind exposure in the current smoothed ERA5 cohort (10.5-12.5 m/s).,,"{""max_wind_speed_ms"": 10.67, ""natural_fetched_at"": ""2026-05-12T22:10:02.886149+03:00"", ""natural_run_id"": ""20260512T184804_724e6d22"", ""nh10_comment"": ""ERA5 wind assessment (ref 1991-2020) | 50yr_gust=10.7m/s | max_gust=10.9m/s | 99p=9.1m/s | prevailing=270deg | tropical_idx=0.0 | gev=ok | grid_dist=8.8km | source=copernicus_era5"", ""nh10_quality"": ""medium""}"
1c059a42-608c-4753-8fcf-ba797d94f900,Malesice power station,CZ,50.084967,14.525273,nuscale_voygr6,NH-10,,,,3.5,scored,Higher relative wind exposure in the current smoothed ERA5 cohort (10.5-12.5 m/s).,,"{""max_wind_speed_ms"": 10.58, ""natural_fetched_at"": ""2026-05-12T22:10:32.162940+03:00"", ""natural_run_id"": ""20260512T184804_724e6d22"", ""nh10_comment"": ""ERA5 wind assessment (ref 1991-2020) | 50yr_gust=10.6m/s | max_gust=10.9m/s | 99p=9.4m/s | prevailing=248deg | tropical_idx=0.0 | gev=ok | grid_dist=9.6km | source=copernicus_era5"", ""nh10_quality"": ""medium""}"
cbd67443-4a4e-44fd-a9ed-20ba9574c99e,Marianske Hory power station,CZ,49.86,18.27,nuscale_voygr6,NH-10,,,,3.5,scored,Higher relative wind exposure in the current smoothed ERA5 cohort (10.5-12.5 m/s).,,"{""max_wind_speed_ms"": 10.56, ""natural_fetched_at"": ""2026-05-12T22:10:36.226006+03:00"", ""natural_run_id"": ""20260512T184804_724e6d22"", ""nh10_comment"": ""ERA5 wind assessment (ref 1991-2020) | 50yr_gust=10.6m/s | max_gust=10.7m/s | 99p=9.7m/s | prevailing=202deg | tropical_idx=0.0 | gev=ok | grid_dist=12.3km | source=copernicus_era5"", ""nh10_quality"": ""medium""}"
f3523341-daaa-4573-a856-becb2e1bb9e3,Melnik power station,CZ,50.413132,14.41582,nuscale_voygr6,NH-10,,,,5.5,scored,Middle relative wind exposure around the observed cohort mean (9.0-10.5 m/s).,,"{""max_wind_speed_ms"": 9.44, ""natural_fetched_at"": ""2026-05-12T22:10:39.986822+03:00"", ""natural_run_id"": ""20260512T184804_724e6d22"", ""nh10_comment"": ""ERA5 wind assessment (ref 1991-2020) | 50yr_gust=9.4m/s | max_gust=9.7m/s | 99p=8.3m/s | prevailing=270deg | tropical_idx=0.0 | gev=ok | grid_dist=11.3km | source=copernicus_era5"", ""nh10_quality"": ""medium""}"
e299922a-1670-4aff-acda-fd80600af9af,Mondi Steti power station,CZ,50.460918,14.375854,nuscale_voygr6,NH-10,,,,5.5,scored,Middle relative wind exposure around the observed cohort mean (9.0-10.5 m/s).,,"{""max_wind_speed_ms"": 9.44, ""natural_fetched_at"": ""2026-05-12T22:10:44.604487+03:00"", ""natural_run_id"": ""20260512T184804_724e6d22"", ""nh10_comment"": ""ERA5 wind assessment (ref 1991-2020) | 50yr_gust=9.4m/s | max_gust=9.7m/s | 99p=8.3m/s | prevailing=270deg | tropical_idx=0.0 | gev=ok | grid_dist=9.8km | source=copernicus_era5"", ""nh10_quality"": ""medium""}"
4eb7914c-e000-403c-b5a5-c350de67bb83,Mostecka Power Station,CZ,50.503,13.63617,nuscale_voygr6,NH-10,,,,3.5,scored,Higher relative wind exposure in the current smoothed ERA5 cohort (10.5-12.5 m/s).,,"{""max_wind_speed_ms"": 10.67, ""natural_fetched_at"": ""2026-05-12T22:10:44.615825+03:00"", ""natural_run_id"": ""20260512T184804_724e6d22"", ""nh10_comment"": ""ERA5 wind assessment (ref 1991-2020) | 50yr_gust=10.7m/s | max_gust=10.9m/s | 99p=9.1m/s | prevailing=270deg | tropical_idx=0.0 | gev=ok | grid_dist=8.1km | source=copernicus_era5"", ""nh10_quality"": ""medium""}"
44d40276-5847-41d1-ab9b-887bbdc1bcfe,Olomouc power station,CZ,49.570879,17.304121,nuscale_voygr6,NH-10,,,,7.5,scored,Lower-middle relative wind exposure in the current smoothed ERA5 cohort (7.5-9.0 m/s).,,"{""max_wind_speed_ms"": 8.74, ""natural_fetched_at"": ""2026-05-12T22:10:52.056918+03:00"", ""natural_run_id"": ""20260512T184804_724e6d22"", ""nh10_comment"": ""ERA5 wind assessment (ref 1991-2020) | 50yr_gust=8.7m/s | max_gust=8.9m/s | 99p=8.2m/s | prevailing=338deg | tropical_idx=0.0 | gev=ok | grid_dist=8.8km | source=copernicus_era5"", ""nh10_quality"": ""medium""}"
05daa6b2-bb29-4c26-a459-855626673955,Opatovice power station,CZ,50.12283,15.790765,nuscale_voygr6,NH-10,,,,5.5,scored,Middle relative wind exposure around the observed cohort mean (9.0-10.5 m/s).,,"{""max_wind_speed_ms"": 9.71, ""natural_fetched_at"": ""2026-05-12T22:10:52.070495+03:00"", ""natural_run_id"": ""20260512T184804_724e6d22"", ""nh10_comment"": ""ERA5 wind assessment (ref 1991-2020) | 50yr_gust=9.7m/s | max_gust=9.9m/s | 99p=8.7m/s | prevailing=248deg | tropical_idx=0.0 | gev=ok | grid_dist=14.0km | source=copernicus_era5"", ""nh10_quality"": ""medium""}"
9c4291f1-173b-467e-ae26-8cb01312c605,Plana Nad Luznici power station,CZ,49.368459,14.702139,nuscale_voygr6,NH-10,,,,5.5,scored,Middle relative wind exposure around the observed cohort mean (9.0-10.5 m/s).,,"{""max_wind_speed_ms"": 9.86, ""natural_fetched_at"": ""2026-05-12T22:11:02.017020+03:00"", ""natural_run_id"": ""20260512T184804_724e6d22"", ""nh10_comment"": ""ERA5 wind assessment (ref 1991-2020) | 50yr_gust=9.9m/s | max_gust=9.7m/s | 99p=8.9m/s | prevailing=270deg | tropical_idx=0.0 | gev=ok | grid_dist=13.6km | source=copernicus_era5"", ""nh10_quality"": ""medium""}"
97ed917e-acfa-4002-be89-4ec44972ab45,Plzen CHP power station,CZ,49.754333,13.398754,nuscale_voygr6,NH-10,,,,3.5,scored,Higher relative wind exposure in the current smoothed ERA5 cohort (10.5-12.5 m/s).,,"{""max_wind_speed_ms"": 11.33, ""natural_fetched_at"": ""2026-05-12T22:11:10.124645+03:00"", ""natural_run_id"": ""20260512T184804_724e6d22"", ""nh10_comment"": ""ERA5 wind assessment (ref 1991-2020) | 50yr_gust=11.3m/s | max_gust=11.4m/s | 99p=10.0m/s | prevailing=248deg | tropical_idx=0.0 | gev=ok | grid_dist=7.3km | source=copernicus_era5"", ""nh10_quality"": ""medium""}"
a6bf9980-016e-47ea-b40a-82e384a9eb43,Plzenska energetika ELU III power station,CZ,49.739529,13.345461,nuscale_voygr6,NH-10,,,,3.5,scored,Higher relative wind exposure in the current smoothed ERA5 cohort (10.5-12.5 m/s).,,"{""max_wind_speed_ms"": 11.14, ""natural_fetched_at"": ""2026-05-12T22:11:10.144061+03:00"", ""natural_run_id"": ""20260512T184804_724e6d22"", ""nh10_comment"": ""ERA5 wind assessment (ref 1991-2020) | 50yr_gust=11.1m/s | max_gust=11.1m/s | 99p=9.7m/s | prevailing=248deg | tropical_idx=0.0 | gev=ok | grid_dist=7.0km | source=copernicus_era5"", ""nh10_quality"": ""medium""}"
32484f7b-18a4-4b21-8e6a-6d68ae099d02,Pocerady power station,CZ,50.4267,13.6747,nuscale_voygr6,NH-10,,,,3.5,scored,Higher relative wind exposure in the current smoothed ERA5 cohort (10.5-12.5 m/s).,,"{""max_wind_speed_ms"": 10.67, ""natural_fetched_at"": ""2026-05-12T22:11:31.635460+03:00"", ""natural_run_id"": ""20260512T184804_724e6d22"", ""nh10_comment"": ""ERA5 wind assessment (ref 1991-2020) | 50yr_gust=10.7m/s | max_gust=10.9m/s | 99p=9.1m/s | prevailing=270deg | tropical_idx=0.0 | gev=ok | grid_dist=9.7km | source=copernicus_era5"", ""nh10_quality"": ""medium""}"
20bce4f5-ca0b-4145-87e5-0a0694343f31,Porici power station,CZ,50.572812,15.963992,nuscale_voygr6,NH-10,,,,3.5,scored,Higher relative wind exposure in the current smoothed ERA5 cohort (10.5-12.5 m/s).,,"{""max_wind_speed_ms"": 10.79, ""natural_fetched_at"": ""2026-05-12T22:11:34.099826+03:00"", ""natural_run_id"": ""20260512T184804_724e6d22"", ""nh10_comment"": ""ERA5 wind assessment (ref 1991-2020) | 50yr_gust=10.8m/s | max_gust=11.2m/s | 99p=9.2m/s | prevailing=225deg | tropical_idx=0.0 | gev=ok | grid_dist=8.5km | source=copernicus_era5"", ""nh10_quality"": ""medium""}"
60baaa73-dd8c-4865-bb18-6c73d63a4052,Prerov power station,CZ,49.445061,17.428525,nuscale_voygr6,NH-10,,,,7.5,scored,Lower-middle relative wind exposure in the current smoothed ERA5 cohort (7.5-9.0 m/s).,,"{""max_wind_speed_ms"": 8.94, ""natural_fetched_at"": ""2026-05-12T22:11:34.118286+03:00"", ""natural_run_id"": ""20260512T184804_724e6d22"", ""nh10_comment"": ""ERA5 wind assessment (ref 1991-2020) | 50yr_gust=8.9m/s | max_gust=9.1m/s | 99p=8.5m/s | prevailing=22deg | tropical_idx=0.0 | gev=ok | grid_dist=8.0km | source=copernicus_era5"", ""nh10_quality"": ""medium""}"
0ae8917b-a70b-41e5-82de-e4963a7686e3,Pribram power station,CZ,49.696,14.003,nuscale_voygr6,NH-10,,,,3.5,scored,Higher relative wind exposure in the current smoothed ERA5 cohort (10.5-12.5 m/s).,,"{""max_wind_speed_ms"": 11.17, ""natural_fetched_at"": ""2026-05-12T22:11:38.418797+03:00"", ""natural_run_id"": ""20260512T184804_724e6d22"", ""nh10_comment"": ""ERA5 wind assessment (ref 1991-2020) | 50yr_gust=11.2m/s | max_gust=11.5m/s | 99p=9.9m/s | prevailing=248deg | tropical_idx=0.0 | gev=ok | grid_dist=6.0km | source=copernicus_era5"", ""nh10_quality"": ""medium""}"
b0ba194f-3c80-4725-b1e7-fa5277b38833,Prunerov power station,CZ,50.415122,13.255958,nuscale_voygr6,NH-10,,,,1.5,scored,"Highest relative or out-of-cohort exposure for the current proxy; 49 m/s remains design-envelope review, not validated by this metric.",,"{""max_wind_speed_ms"": 12.81, ""natural_fetched_at"": ""2026-05-12T22:11:43.414053+03:00"", ""natural_run_id"": ""20260512T184804_724e6d22"", ""nh10_comment"": ""ERA5 wind assessment (ref 1991-2020) | 50yr_gust=12.8m/s | max_gust=13.1m/s | 99p=11.0m/s | prevailing=248deg | tropical_idx=0.0 | gev=ok | grid_dist=9.4km | source=copernicus_era5"", ""nh10_quality"": ""medium""}"
20c9d02d-e9e8-40b3-a11e-7a2e01018d8c,Sko-Energo power station,CZ,50.41721,14.93293,nuscale_voygr6,NH-10,,,,5.5,scored,Middle relative wind exposure around the observed cohort mean (9.0-10.5 m/s).,,"{""max_wind_speed_ms"": 9.14, ""natural_fetched_at"": ""2026-05-12T22:11:47.327049+03:00"", ""natural_run_id"": ""20260512T184804_724e6d22"", ""nh10_comment"": ""ERA5 wind assessment (ref 1991-2020) | 50yr_gust=9.1m/s | max_gust=9.3m/s | 99p=8.2m/s | prevailing=270deg | tropical_idx=0.0 | gev=ok | grid_dist=10.4km | source=copernicus_era5"", ""nh10_quality"": ""medium""}"
14e88076-ce0e-4693-bca4-e80f3f013c7f,Tisova power station,CZ,50.149402,12.610338,nuscale_voygr6,NH-10,,,,3.5,scored,Higher relative wind exposure in the current smoothed ERA5 cohort (10.5-12.5 m/s).,,"{""max_wind_speed_ms"": 12.25, ""natural_fetched_at"": ""2026-05-12T22:12:12.392132+03:00"", ""natural_run_id"": ""20260512T184804_724e6d22"", ""nh10_comment"": ""ERA5 wind assessment (ref 1991-2020) | 50yr_gust=12.2m/s | max_gust=12.3m/s | 99p=11.0m/s | prevailing=225deg | tropical_idx=0.0 | gev=ok | grid_dist=13.7km | source=copernicus_era5"", ""nh10_quality"": ""medium""}"
66c3f077-1ee6-41d7-8e6c-da374bb45139,Trebovice power station,CZ,49.831905,18.211305,nuscale_voygr6,NH-10,,,,3.5,scored,Higher relative wind exposure in the current smoothed ERA5 cohort (10.5-12.5 m/s).,,"{""max_wind_speed_ms"": 10.56, ""natural_fetched_at"": ""2026-05-12T22:12:12.418636+03:00"", ""natural_run_id"": ""20260512T184804_724e6d22"", ""nh10_comment"": ""ERA5 wind assessment (ref 1991-2020) | 50yr_gust=10.6m/s | max_gust=10.7m/s | 99p=9.7m/s | prevailing=202deg | tropical_idx=0.0 | gev=ok | grid_dist=9.5km | source=copernicus_era5"", ""nh10_quality"": ""medium""}"
63601ccc-3f20-4cbd-95cb-0fbeaf821c6a,Trinec-E3 power station,CZ,49.677778,18.672778,nuscale_voygr6,NH-10,,,,5.5,scored,Middle relative wind exposure around the observed cohort mean (9.0-10.5 m/s).,,"{""max_wind_speed_ms"": 10.31, ""natural_fetched_at"": ""2026-05-12T22:17:12.455698+03:00"", ""natural_run_id"": ""20260512T184804_724e6d22"", ""nh10_comment"": ""ERA5 wind assessment (ref 1991-2020) | 50yr_gust=10.3m/s | max_gust=10.5m/s | 99p=9.4m/s | prevailing=202deg | tropical_idx=0.0 | gev=ok | grid_dist=9.8km | source=copernicus_era5"", ""nh10_quality"": ""medium""}"
287cbb48-bb08-40dd-82c5-cfe1530dfbb9,Tusimice power station,CZ,50.381868,13.339973,nuscale_voygr6,NH-10,,,,1.5,scored,"Highest relative or out-of-cohort exposure for the current proxy; 49 m/s remains design-envelope review, not validated by this metric.",,"{""max_wind_speed_ms"": 12.81, ""natural_fetched_at"": ""2026-05-12T22:17:12.495323+03:00"", ""natural_run_id"": ""20260512T184804_724e6d22"", ""nh10_comment"": ""ERA5 wind assessment (ref 1991-2020) | 50yr_gust=12.8m/s | max_gust=13.1m/s | 99p=11.0m/s | prevailing=248deg | tropical_idx=0.0 | gev=ok | grid_dist=14.6km | source=copernicus_era5"", ""nh10_quality"": ""medium""}"
5f4ed23c-cea2-41ef-a3e8-ac863e1bdcd6,Vresova TPS power station,CZ,50.255816,12.695936,nuscale_voygr6,NH-10,,,,1.5,scored,"Highest relative or out-of-cohort exposure for the current proxy; 49 m/s remains design-envelope review, not validated by this metric.",,"{""max_wind_speed_ms"": 12.75, ""natural_fetched_at"": ""2026-05-12T22:17:12.515150+03:00"", ""natural_run_id"": ""20260512T184804_724e6d22"", ""nh10_comment"": ""ERA5 wind assessment (ref 1991-2020) | 50yr_gust=12.7m/s | max_gust=13.0m/s | 99p=11.3m/s | prevailing=248deg | tropical_idx=0.0 | gev=ok | grid_dist=3.9km | source=copernicus_era5"", ""nh10_quality"": ""medium""}"
aa38441d-aec7-4ae9-b4c3-68c5bf567db3,Zlin power station,CZ,49.225,17.654,nuscale_voygr6,NH-10,,,,5.5,scored,Middle relative wind exposure around the observed cohort mean (9.0-10.5 m/s).,,"{""max_wind_speed_ms"": 9.28, ""natural_fetched_at"": ""2026-05-12T22:17:18.072849+03:00"", ""natural_run_id"": ""20260512T184804_724e6d22"", ""nh10_comment"": ""ERA5 wind assessment (ref 1991-2020) | 50yr_gust=9.3m/s | max_gust=9.6m/s | 99p=8.6m/s | prevailing=158deg | tropical_idx=0.0 | gev=ok | grid_dist=7.5km | source=copernicus_era5"", ""nh10_quality"": ""medium""}"
7af0e000-3d19-4e5e-b504-f74897f1510c,Ploče power station,HR,43.05,17.433333,nuscale_voygr6,NH-10,,,,7.5,scored,Lower-middle relative wind exposure in the current smoothed ERA5 cohort (7.5-9.0 m/s).,,"{""max_wind_speed_ms"": 7.87, ""natural_fetched_at"": ""2026-05-12T22:17:20.608550+03:00"", ""natural_run_id"": ""20260512T184804_724e6d22"", ""nh10_comment"": ""ERA5 wind assessment (ref 1991-2020) | 50yr_gust=7.9m/s | max_gust=7.9m/s | 99p=7.5m/s | prevailing=45deg | tropical_idx=0.0 | gev=ok | grid_dist=7.8km | source=copernicus_era5"", ""nh10_quality"": ""medium""}"
ab151830-e5bd-46de-8400-01aa4c165366,Plomin power station,HR,45.136764,14.162702,nuscale_voygr6,NH-10,,,,3.5,scored,Higher relative wind exposure in the current smoothed ERA5 cohort (10.5-12.5 m/s).,,"{""max_wind_speed_ms"": 11.14, ""natural_fetched_at"": ""2026-05-12T22:17:22.097460+03:00"", ""natural_run_id"": ""20260512T184804_724e6d22"", ""nh10_comment"": ""ERA5 wind assessment (ref 1991-2020) | 50yr_gust=11.1m/s | max_gust=11.6m/s | 99p=9.5m/s | prevailing=45deg | tropical_idx=0.0 | gev=ok | grid_dist=14.3km | source=copernicus_era5"", ""nh10_quality"": ""medium""}"
ef325d90-6d2d-4f8f-89f2-3bc98beb149b,Bakony power station,HU,47.0956,17.558444,nuscale_voygr6,NH-10,,,,7.5,scored,Lower-middle relative wind exposure in the current smoothed ERA5 cohort (7.5-9.0 m/s).,,"{""max_wind_speed_ms"": 8.73, ""natural_fetched_at"": ""2026-05-12T22:17:27.102494+03:00"", ""natural_run_id"": ""20260512T184804_724e6d22"", ""nh10_comment"": ""ERA5 wind assessment (ref 1991-2020) | 50yr_gust=8.7m/s | max_gust=8.8m/s | 99p=8.4m/s | prevailing=338deg | tropical_idx=0.0 | gev=ok | grid_dist=11.5km | source=copernicus_era5"", ""nh10_quality"": ""medium""}"
f2b3a729-602a-4b6b-acc9-004244f2e556,Banhida-II power station,HU,47.571057,18.365557,nuscale_voygr6,NH-10,,,,7.5,scored,Lower-middle relative wind exposure in the current smoothed ERA5 cohort (7.5-9.0 m/s).,,"{""max_wind_speed_ms"": 8.85, ""natural_fetched_at"": ""2026-05-12T22:17:30.555098+03:00"", ""natural_run_id"": ""20260512T184804_724e6d22"", ""nh10_comment"": ""ERA5 wind assessment (ref 1991-2020) | 50yr_gust=8.8m/s | max_gust=9.2m/s | 99p=8.2m/s | prevailing=292deg | tropical_idx=0.0 | gev=ok | grid_dist=11.7km | source=copernicus_era5"", ""nh10_quality"": ""medium""}"
f7dcdb63-26e6-44cd-b440-ec14fe507d90,Borsod power station,HU,47.904814,21.055306,nuscale_voygr6,NH-10,,,,7.5,scored,Lower-middle relative wind exposure in the current smoothed ERA5 cohort (7.5-9.0 m/s).,,"{""max_wind_speed_ms"": 7.71, ""natural_fetched_at"": ""2026-05-12T22:17:32.207044+03:00"", ""natural_run_id"": ""20260512T184804_724e6d22"", ""nh10_comment"": ""ERA5 wind assessment (ref 1991-2020) | 50yr_gust=7.7m/s | max_gust=7.6m/s | 99p=7.1m/s | prevailing=0deg | tropical_idx=0.0 | gev=ok | grid_dist=11.4km | source=copernicus_era5"", ""nh10_quality"": ""medium""}"
28b36531-865d-42ae-afb3-b8bad86f7014,Matra power station,HU,47.79027,20.06358,nuscale_voygr6,NH-10,,,,7.5,scored,Lower-middle relative wind exposure in the current smoothed ERA5 cohort (7.5-9.0 m/s).,,"{""max_wind_speed_ms"": 7.92, ""natural_fetched_at"": ""2026-05-12T22:17:35.222280+03:00"", ""natural_run_id"": ""20260512T184804_724e6d22"", ""nh10_comment"": ""ERA5 wind assessment (ref 1991-2020) | 50yr_gust=7.9m/s | max_gust=7.9m/s | 99p=7.5m/s | prevailing=22deg | tropical_idx=0.0 | gev=ok | grid_dist=6.5km | source=copernicus_era5"", ""nh10_quality"": ""medium""}"
903d6b94-cd9d-4c32-b7e2-4bbfbee929df,Matraterenye power station,HU,48.016667,19.95,nuscale_voygr6,NH-10,,,,7.5,scored,Lower-middle relative wind exposure in the current smoothed ERA5 cohort (7.5-9.0 m/s).,,"{""max_wind_speed_ms"": 8.28, ""natural_fetched_at"": ""2026-05-12T22:17:36.572829+03:00"", ""natural_run_id"": ""20260512T184804_724e6d22"", ""nh10_comment"": ""ERA5 wind assessment (ref 1991-2020) | 50yr_gust=8.3m/s | max_gust=8.3m/s | 99p=7.7m/s | prevailing=22deg | tropical_idx=0.0 | gev=ok | grid_dist=4.2km | source=copernicus_era5"", ""nh10_quality"": ""medium""}"
34d88ce8-d49c-4b19-af2d-6efcb1b72149,Mecsek Hills power station,HU,46.1,18.083333,nuscale_voygr6,NH-10,,,,9.5,scored,Lowest relative wind exposure in the current ERA5 monthly-means gust cohort (< 7.5 m/s).,,"{""max_wind_speed_ms"": 7.29, ""natural_fetched_at"": ""2026-05-12T22:17:38.505024+03:00"", ""natural_run_id"": ""20260512T184804_724e6d22"", ""nh10_comment"": ""ERA5 wind assessment (ref 1991-2020) | 50yr_gust=7.3m/s | max_gust=7.2m/s | 99p=7.0m/s | prevailing=315deg | tropical_idx=0.0 | gev=ok | grid_dist=12.8km | source=copernicus_era5"", ""nh10_quality"": ""medium""}"
997474f6-9bfd-4abd-a2ac-d8618db8f0b4,Mohacs power station,HU,45.99593,18.67985,nuscale_voygr6,NH-10,,,,9.5,scored,Lowest relative wind exposure in the current ERA5 monthly-means gust cohort (< 7.5 m/s).,,"{""max_wind_speed_ms"": 7.43, ""natural_fetched_at"": ""2026-05-12T22:17:41.437834+03:00"", ""natural_run_id"": ""20260512T184804_724e6d22"", ""nh10_comment"": ""ERA5 wind assessment (ref 1991-2020) | 50yr_gust=7.4m/s | max_gust=7.5m/s | 99p=7.0m/s | prevailing=315deg | tropical_idx=0.0 | gev=ok | grid_dist=5.4km | source=copernicus_era5"", ""nh10_quality"": ""medium""}"
651839d3-4e8f-4214-89aa-1f96ea221121,Oroszlány power station,HU,47.501741,18.271075,nuscale_voygr6,NH-10,,,,7.5,scored,Lower-middle relative wind exposure in the current smoothed ERA5 cohort (7.5-9.0 m/s).,,"{""max_wind_speed_ms"": 8.85, ""natural_fetched_at"": ""2026-05-12T22:17:44.593924+03:00"", ""natural_run_id"": ""20260512T184804_724e6d22"", ""nh10_comment"": ""ERA5 wind assessment (ref 1991-2020) | 50yr_gust=8.8m/s | max_gust=9.2m/s | 99p=8.2m/s | prevailing=292deg | tropical_idx=0.0 | gev=ok | grid_dist=1.6km | source=copernicus_era5"", ""nh10_quality"": ""medium""}"
e1649639-2e45-4226-9c7a-783d2dcb6724,Pecs power station,HU,46.064103,18.263048,nuscale_voygr6,NH-10,,,,9.5,scored,Lowest relative wind exposure in the current ERA5 monthly-means gust cohort (< 7.5 m/s).,,"{""max_wind_speed_ms"": 7.49, ""natural_fetched_at"": ""2026-05-12T22:17:44.611507+03:00"", ""natural_run_id"": ""20260512T184804_724e6d22"", ""nh10_comment"": ""ERA5 wind assessment (ref 1991-2020) | 50yr_gust=7.5m/s | max_gust=7.4m/s | 99p=7.2m/s | prevailing=338deg | tropical_idx=0.0 | gev=ok | grid_dist=7.2km | source=copernicus_era5"", ""nh10_quality"": ""medium""}"
5de5f907-98e7-42d3-a7dd-cb65f839697b,Tiszapalkonya power station,HU,47.916826,21.075933,nuscale_voygr6,NH-10,,,,7.5,scored,Lower-middle relative wind exposure in the current smoothed ERA5 cohort (7.5-9.0 m/s).,,"{""max_wind_speed_ms"": 7.71, ""natural_fetched_at"": ""2026-05-12T22:17:44.636466+03:00"", ""natural_run_id"": ""20260512T184804_724e6d22"", ""nh10_comment"": ""ERA5 wind assessment (ref 1991-2020) | 50yr_gust=7.7m/s | max_gust=7.6m/s | 99p=7.1m/s | prevailing=0deg | tropical_idx=0.0 | gev=ok | grid_dist=10.8km | source=copernicus_era5"", ""nh10_quality"": ""medium""}"
059b3ad4-7196-4e6b-b169-8605ceeed841,Torony power station,HU,47.23626,16.53706,nuscale_voygr6,NH-10,,,,7.5,scored,Lower-middle relative wind exposure in the current smoothed ERA5 cohort (7.5-9.0 m/s).,,"{""max_wind_speed_ms"": 8.51, ""natural_fetched_at"": ""2026-05-12T22:17:54.285130+03:00"", ""natural_run_id"": ""20260512T184804_724e6d22"", ""nh10_comment"": ""ERA5 wind assessment (ref 1991-2020) | 50yr_gust=8.5m/s | max_gust=8.5m/s | 99p=8.1m/s | prevailing=338deg | tropical_idx=0.0 | gev=ok | grid_dist=3.2km | source=copernicus_era5"", ""nh10_quality"": ""medium""}"
1a5b8f8f-f4be-4514-8738-755d25e19b41,Kurzeme power station,LV,57.409408,21.594695,nuscale_voygr6,NH-10,,,,1.5,scored,"Highest relative or out-of-cohort exposure for the current proxy; 49 m/s remains design-envelope review, not validated by this metric.",,"{""max_wind_speed_ms"": 14.44, ""natural_fetched_at"": ""2026-05-12T22:17:56.260120+03:00"", ""natural_run_id"": ""20260512T184804_724e6d22"", ""nh10_comment"": ""ERA5 wind assessment (ref 1991-2020) | 50yr_gust=14.4m/s | max_gust=14.8m/s | 99p=13.2m/s | prevailing=225deg | tropical_idx=0.0 | gev=ok | grid_dist=11.6km | source=copernicus_era5"", ""nh10_quality"": ""medium""}"
b3eb5dd2-98cf-40c4-b9ee-2a86fd066093,Kuchurgan power station,MD,46.629027,29.939714,nuscale_voygr6,NH-10,,,,7.5,scored,Lower-middle relative wind exposure in the current smoothed ERA5 cohort (7.5-9.0 m/s).,,"{""max_wind_speed_ms"": 7.85, ""natural_fetched_at"": ""2026-05-12T22:17:57.559158+03:00"", ""natural_run_id"": ""20260512T184804_724e6d22"", ""nh10_comment"": ""ERA5 wind assessment (ref 1991-2020) | 50yr_gust=7.9m/s | max_gust=8.0m/s | 99p=7.6m/s | prevailing=338deg | tropical_idx=0.0 | gev=ok | grid_dist=14.2km | source=copernicus_era5"", ""nh10_quality"": ""medium""}"
3795824b-cb76-48dd-a65c-764c757ddc76,Bar power station,ME,42.1,19.1,nuscale_voygr6,NH-10,,,,7.5,scored,Lower-middle relative wind exposure in the current smoothed ERA5 cohort (7.5-9.0 m/s).,,"{""max_wind_speed_ms"": 8.79, ""natural_fetched_at"": ""2026-05-12T22:17:59.187028+03:00"", ""natural_run_id"": ""20260512T184804_724e6d22"", ""nh10_comment"": ""ERA5 wind assessment (ref 1991-2020) | 50yr_gust=8.8m/s | max_gust=8.9m/s | 99p=8.4m/s | prevailing=68deg | tropical_idx=0.0 | gev=ok | grid_dist=13.8km | source=copernicus_era5"", ""nh10_quality"": ""medium""}"
e77a7e7f-11ba-4e61-98da-f44471bc52ab,Berane power station,ME,42.84,19.86,nuscale_voygr6,NH-10,,,,3.5,scored,Higher relative wind exposure in the current smoothed ERA5 cohort (10.5-12.5 m/s).,,"{""max_wind_speed_ms"": 11.04, ""natural_fetched_at"": ""2026-05-12T22:18:01.044352+03:00"", ""natural_run_id"": ""20260512T184804_724e6d22"", ""nh10_comment"": ""ERA5 wind assessment (ref 1991-2020) | 50yr_gust=11.0m/s | max_gust=11.2m/s | 99p=10.2m/s | prevailing=180deg | tropical_idx=0.0 | gev=ok | grid_dist=13.4km | source=copernicus_era5"", ""nh10_quality"": ""medium""}"
a851b5f3-8392-4766-82b9-379c6c04fe5d,Maoce Power Station,ME,43.36,19.36,nuscale_voygr6,NH-10,,,,3.5,scored,Higher relative wind exposure in the current smoothed ERA5 cohort (10.5-12.5 m/s).,,"{""max_wind_speed_ms"": 10.82, ""natural_fetched_at"": ""2026-05-12T22:18:02.274817+03:00"", ""natural_run_id"": ""20260512T184804_724e6d22"", ""nh10_comment"": ""ERA5 wind assessment (ref 1991-2020) | 50yr_gust=10.8m/s | max_gust=10.9m/s | 99p=9.9m/s | prevailing=180deg | tropical_idx=0.0 | gev=ok | grid_dist=15.1km | source=copernicus_era5"", ""nh10_quality"": ""medium""}"
a9385c82-79b7-4f8d-b609-0a12ed946fe6,Pljevlja power station,ME,43.334574,19.32714,nuscale_voygr6,NH-10,,,,3.5,scored,Higher relative wind exposure in the current smoothed ERA5 cohort (10.5-12.5 m/s).,,"{""max_wind_speed_ms"": 10.82, ""natural_fetched_at"": ""2026-05-12T22:18:02.290145+03:00"", ""natural_run_id"": ""20260512T184804_724e6d22"", ""nh10_comment"": ""ERA5 wind assessment (ref 1991-2020) | 50yr_gust=10.8m/s | max_gust=10.9m/s | 99p=9.9m/s | prevailing=180deg | tropical_idx=0.0 | gev=ok | grid_dist=11.3km | source=copernicus_era5"", ""nh10_quality"": ""medium""}"
1739b1b7-a6f3-466c-9dfa-3d1de9d5b6db,Bitola power station,MK,41.05832,21.484266,nuscale_voygr6,NH-10,,,,9.5,scored,Lowest relative wind exposure in the current ERA5 monthly-means gust cohort (< 7.5 m/s).,,"{""max_wind_speed_ms"": 7.43, ""natural_fetched_at"": ""2026-05-12T22:18:03.336988+03:00"", ""natural_run_id"": ""20260512T184804_724e6d22"", ""nh10_comment"": ""ERA5 wind assessment (ref 1991-2020) | 50yr_gust=7.4m/s | max_gust=7.4m/s | 99p=7.3m/s | prevailing=315deg | tropical_idx=0.0 | gev=ok | grid_dist=6.6km | source=copernicus_era5"", ""nh10_quality"": ""medium""}"
7bff5ef2-646d-4b83-83b0-7f3da32f0254,Mariovo power station,MK,41.122815,21.805115,nuscale_voygr6,NH-10,,,,9.5,scored,Lowest relative wind exposure in the current ERA5 monthly-means gust cohort (< 7.5 m/s).,,"{""max_wind_speed_ms"": 7.46, ""natural_fetched_at"": ""2026-05-12T22:18:04.886355+03:00"", ""natural_run_id"": ""20260512T184804_724e6d22"", ""nh10_comment"": ""ERA5 wind assessment (ref 1991-2020) | 50yr_gust=7.5m/s | max_gust=7.5m/s | 99p=7.2m/s | prevailing=315deg | tropical_idx=0.0 | gev=ok | grid_dist=14.4km | source=copernicus_era5"", ""nh10_quality"": ""medium""}"
83d3abe4-2049-47ad-a66b-46034edb7569,Negotino power station,MK,41.483333,22.1,nuscale_voygr6,NH-10,,,,9.5,scored,Lowest relative wind exposure in the current ERA5 monthly-means gust cohort (< 7.5 m/s).,,"{""max_wind_speed_ms"": 7.38, ""natural_fetched_at"": ""2026-05-12T22:18:06.703284+03:00"", ""natural_run_id"": ""20260512T184804_724e6d22"", ""nh10_comment"": ""ERA5 wind assessment (ref 1991-2020) | 50yr_gust=7.4m/s | max_gust=7.5m/s | 99p=7.0m/s | prevailing=315deg | tropical_idx=0.0 | gev=ok | grid_dist=8.5km | source=copernicus_era5"", ""nh10_quality"": ""medium""}"
756218bb-3f16-443e-b6c6-400cd0ce2f87,Oslomej power station,MK,41.582133,21.000288,nuscale_voygr6,NH-10,,,,7.5,scored,Lower-middle relative wind exposure in the current smoothed ERA5 cohort (7.5-9.0 m/s).,,"{""max_wind_speed_ms"": 7.89, ""natural_fetched_at"": ""2026-05-12T22:18:17.494303+03:00"", ""natural_run_id"": ""20260512T184804_724e6d22"", ""nh10_comment"": ""ERA5 wind assessment (ref 1991-2020) | 50yr_gust=7.9m/s | max_gust=8.0m/s | 99p=7.5m/s | prevailing=338deg | tropical_idx=0.0 | gev=ok | grid_dist=9.1km | source=copernicus_era5"", ""nh10_quality"": ""medium""}"
e4e3b5f0-7038-47a5-84e3-04eb07b3c4d7,Adamow power station,PL,52.012307,18.546212,nuscale_voygr6,NH-10,,,,3.5,scored,Higher relative wind exposure in the current smoothed ERA5 cohort (10.5-12.5 m/s).,,"{""max_wind_speed_ms"": 11.03, ""natural_fetched_at"": ""2026-05-12T22:18:29.117230+03:00"", ""natural_run_id"": ""20260512T184804_724e6d22"", ""nh10_comment"": ""ERA5 wind assessment (ref 1991-2020) | 50yr_gust=11.0m/s | max_gust=11.5m/s | 99p=9.6m/s | prevailing=248deg | tropical_idx=0.0 | gev=ok | grid_dist=3.4km | source=copernicus_era5"", ""nh10_quality"": ""medium""}"
d3b5a049-6bff-400b-9312-96985f03acea,Bedzin power station,PL,50.303889,19.137778,nuscale_voygr6,NH-10,,,,5.5,scored,Middle relative wind exposure around the observed cohort mean (9.0-10.5 m/s).,,"{""max_wind_speed_ms"": 10.43, ""natural_fetched_at"": ""2026-05-12T22:18:35.347585+03:00"", ""natural_run_id"": ""20260512T184804_724e6d22"", ""nh10_comment"": ""ERA5 wind assessment (ref 1991-2020) | 50yr_gust=10.4m/s | max_gust=10.7m/s | 99p=9.1m/s | prevailing=225deg | tropical_idx=0.0 | gev=ok | grid_dist=10.0km | source=copernicus_era5"", ""nh10_quality"": ""medium""}"
8e485f8a-5c68-4541-ab1d-77783f6fcb2d,Belchatow power station,PL,51.266389,19.330556,nuscale_voygr6,NH-10,,,,3.5,scored,Higher relative wind exposure in the current smoothed ERA5 cohort (10.5-12.5 m/s).,,"{""max_wind_speed_ms"": 11.04, ""natural_fetched_at"": ""2026-05-12T22:18:38.563884+03:00"", ""natural_run_id"": ""20260512T184804_724e6d22"", ""nh10_comment"": ""ERA5 wind assessment (ref 1991-2020) | 50yr_gust=11.0m/s | max_gust=11.2m/s | 99p=9.5m/s | prevailing=248deg | tropical_idx=0.0 | gev=ok | grid_dist=5.9km | source=copernicus_era5"", ""nh10_quality"": ""medium""}"
06641fea-8997-4b69-a618-6afa34b82591,Bialystok power station,PL,53.147965,23.169649,nuscale_voygr6,NH-10,,,,5.5,scored,Middle relative wind exposure around the observed cohort mean (9.0-10.5 m/s).,,"{""max_wind_speed_ms"": 10.48, ""natural_fetched_at"": ""2026-05-12T22:18:46.793477+03:00"", ""natural_run_id"": ""20260512T184804_724e6d22"", ""nh10_comment"": ""ERA5 wind assessment (ref 1991-2020) | 50yr_gust=10.5m/s | max_gust=10.8m/s | 99p=9.5m/s | prevailing=225deg | tropical_idx=0.0 | gev=ok | grid_dist=12.5km | source=copernicus_era5"", ""nh10_quality"": ""medium""}"
73fe8f06-c53b-4877-9c1d-5caf3d8f2749,Bielsko-Biala power station,PL,49.811696,19.052943,nuscale_voygr6,NH-10,,,,3.5,scored,Higher relative wind exposure in the current smoothed ERA5 cohort (10.5-12.5 m/s).,,"{""max_wind_speed_ms"": 10.81, ""natural_fetched_at"": ""2026-05-12T22:18:50.105445+03:00"", ""natural_run_id"": ""20260512T184804_724e6d22"", ""nh10_comment"": ""ERA5 wind assessment (ref 1991-2020) | 50yr_gust=10.8m/s | max_gust=10.9m/s | 99p=9.7m/s | prevailing=202deg | tropical_idx=0.0 | gev=ok | grid_dist=7.8km | source=copernicus_era5"", ""nh10_quality"": ""medium""}"
ccc15bde-1c5a-40bf-8f09-2fcb1e896ce5,Blachownia power station,PL,50.783333,18.966667,nuscale_voygr6,NH-10,,,,3.5,scored,Higher relative wind exposure in the current smoothed ERA5 cohort (10.5-12.5 m/s).,,"{""max_wind_speed_ms"": 11.05, ""natural_fetched_at"": ""2026-05-12T22:18:52.092290+03:00"", ""natural_run_id"": ""20260512T184804_724e6d22"", ""nh10_comment"": ""ERA5 wind assessment (ref 1991-2020) | 50yr_gust=11.1m/s | max_gust=11.1m/s | 99p=9.6m/s | prevailing=248deg | tropical_idx=0.0 | gev=ok | grid_dist=4.4km | source=copernicus_era5"", ""nh10_quality"": ""medium""}"
9f4a0d6c-e2fa-4e9b-b412-d779d4abf82c,Bydgoszcz power station,PL,53.09918,18.0889,nuscale_voygr6,NH-10,,,,3.5,scored,Higher relative wind exposure in the current smoothed ERA5 cohort (10.5-12.5 m/s).,,"{""max_wind_speed_ms"": 11.48, ""natural_fetched_at"": ""2026-05-12T22:18:54.784970+03:00"", ""natural_run_id"": ""20260512T184804_724e6d22"", ""nh10_comment"": ""ERA5 wind assessment (ref 1991-2020) | 50yr_gust=11.5m/s | max_gust=11.9m/s | 99p=10.0m/s | prevailing=248deg | tropical_idx=0.0 | gev=ok | grid_dist=12.5km | source=copernicus_era5"", ""nh10_quality"": ""medium""}"
a91dfe3d-93e0-43a1-99d2-41abdd1fc2ce,Chorzow Elcho power station,PL,50.307464,18.969459,nuscale_voygr6,NH-10,,,,5.5,scored,Middle relative wind exposure around the observed cohort mean (9.0-10.5 m/s).,,"{""max_wind_speed_ms"": 10.12, ""natural_fetched_at"": ""2026-05-12T22:18:55.992134+03:00"", ""natural_run_id"": ""20260512T184804_724e6d22"", ""nh10_comment"": ""ERA5 wind assessment (ref 1991-2020) | 50yr_gust=10.1m/s | max_gust=10.3m/s | 99p=8.8m/s | prevailing=225deg | tropical_idx=0.0 | gev=ok | grid_dist=6.7km | source=copernicus_era5"", ""nh10_quality"": ""medium""}"
a6b51b4f-ba1d-49cd-bc99-8898acdbeb78,Czeczott power station,PL,49.966667,18.95,nuscale_voygr6,NH-10,,,,5.5,scored,Middle relative wind exposure around the observed cohort mean (9.0-10.5 m/s).,,"{""max_wind_speed_ms"": 10.29, ""natural_fetched_at"": ""2026-05-12T22:18:57.675008+03:00"", ""natural_run_id"": ""20260512T184804_724e6d22"", ""nh10_comment"": ""ERA5 wind assessment (ref 1991-2020) | 50yr_gust=10.3m/s | max_gust=10.5m/s | 99p=8.9m/s | prevailing=225deg | tropical_idx=0.0 | gev=ok | grid_dist=5.1km | source=copernicus_era5"", ""nh10_quality"": ""medium""}"
b789a244-7d29-4be3-afe4-2f45d7f11eab,Czestochowa CHP power station,PL,50.794406,19.14242,nuscale_voygr6,NH-10,,,,3.5,scored,Higher relative wind exposure in the current smoothed ERA5 cohort (10.5-12.5 m/s).,,"{""max_wind_speed_ms"": 11.17, ""natural_fetched_at"": ""2026-05-12T22:19:00.713869+03:00"", ""natural_run_id"": ""20260512T184804_724e6d22"", ""nh10_comment"": ""ERA5 wind assessment (ref 1991-2020) | 50yr_gust=11.2m/s | max_gust=11.3m/s | 99p=9.7m/s | prevailing=248deg | tropical_idx=0.0 | gev=ok | grid_dist=9.0km | source=copernicus_era5"", ""nh10_quality"": ""medium""}"
558e7bff-5b5d-4666-9ca3-ec02f2269aab,Dolna Odra power station,PL,53.20778,14.46722,nuscale_voygr6,NH-10,,,,3.5,scored,Higher relative wind exposure in the current smoothed ERA5 cohort (10.5-12.5 m/s).,,"{""max_wind_speed_ms"": 11.82, ""natural_fetched_at"": ""2026-05-12T22:19:05.465966+03:00"", ""natural_run_id"": ""20260512T184804_724e6d22"", ""nh10_comment"": ""ERA5 wind assessment (ref 1991-2020) | 50yr_gust=11.8m/s | max_gust=12.0m/s | 99p=10.3m/s | prevailing=225deg | tropical_idx=0.0 | gev=ok | grid_dist=5.2km | source=copernicus_era5"", ""nh10_quality"": ""medium""}"
e9a1ae49-ff79-462c-af4e-7c6843221d36,Gdansk-2 power station,PL,54.378201,18.641284,nuscale_voygr6,NH-10,,,,3.5,scored,Higher relative wind exposure in the current smoothed ERA5 cohort (10.5-12.5 m/s).,,"{""max_wind_speed_ms"": 12.12, ""natural_fetched_at"": ""2026-05-12T22:19:08.973623+03:00"", ""natural_run_id"": ""20260512T184804_724e6d22"", ""nh10_comment"": ""ERA5 wind assessment (ref 1991-2020) | 50yr_gust=12.1m/s | max_gust=12.3m/s | 99p=11.1m/s | prevailing=248deg | tropical_idx=0.0 | gev=ok | grid_dist=15.3km | source=copernicus_era5"", ""nh10_quality"": ""medium""}"
ad7a9c00-0c75-411f-8f89-859e603df1e6,Gdynia-3 power station,PL,54.553355,18.480791,nuscale_voygr6,NH-10,,,,3.5,scored,Higher relative wind exposure in the current smoothed ERA5 cohort (10.5-12.5 m/s).,,"{""max_wind_speed_ms"": 12.26, ""natural_fetched_at"": ""2026-05-12T22:19:09.642764+03:00"", ""natural_run_id"": ""20260512T184804_724e6d22"", ""nh10_comment"": ""ERA5 wind assessment (ref 1991-2020) | 50yr_gust=12.3m/s | max_gust=12.4m/s | 99p=11.2m/s | prevailing=248deg | tropical_idx=0.0 | gev=ok | grid_dist=6.1km | source=copernicus_era5"", ""nh10_quality"": ""medium""}"
416aab55-6fd9-4a0a-b8f8-796fb62d86a5,Gliwice Works power station,PL,50.317682,18.626547,nuscale_voygr6,NH-10,,,,5.5,scored,Middle relative wind exposure around the observed cohort mean (9.0-10.5 m/s).,,"{""max_wind_speed_ms"": 10.23, ""natural_fetched_at"": ""2026-05-12T22:19:16.046250+03:00"", ""natural_run_id"": ""20260512T184804_724e6d22"", ""nh10_comment"": ""ERA5 wind assessment (ref 1991-2020) | 50yr_gust=10.2m/s | max_gust=10.3m/s | 99p=9.0m/s | prevailing=248deg | tropical_idx=0.0 | gev=ok | grid_dist=11.6km | source=copernicus_era5"", ""nh10_quality"": ""medium""}"
40650551-0c9c-45ea-bac6-befdb0cb5909,Gorzow power station,PL,52.7504,15.2712,nuscale_voygr6,NH-10,,,,3.5,scored,Higher relative wind exposure in the current smoothed ERA5 cohort (10.5-12.5 m/s).,,"{""max_wind_speed_ms"": 11.46, ""natural_fetched_at"": ""2026-05-12T22:19:21.562672+03:00"", ""natural_run_id"": ""20260512T184804_724e6d22"", ""nh10_comment"": ""ERA5 wind assessment (ref 1991-2020) | 50yr_gust=11.5m/s | max_gust=11.8m/s | 99p=9.9m/s | prevailing=225deg | tropical_idx=0.0 | gev=ok | grid_dist=1.4km | source=copernicus_era5"", ""nh10_quality"": ""medium""}"
917008f5-fba1-4ef7-b82d-9aded2b69267,Gubin Power Project,PL,51.948982,14.728458,nuscale_voygr6,NH-10,,,,3.5,scored,Higher relative wind exposure in the current smoothed ERA5 cohort (10.5-12.5 m/s).,,"{""max_wind_speed_ms"": 11.39, ""natural_fetched_at"": ""2026-05-12T22:19:25.025238+03:00"", ""natural_run_id"": ""20260512T184804_724e6d22"", ""nh10_comment"": ""ERA5 wind assessment (ref 1991-2020) | 50yr_gust=11.4m/s | max_gust=11.7m/s | 99p=9.8m/s | prevailing=225deg | tropical_idx=0.0 | gev=ok | grid_dist=5.9km | source=copernicus_era5"", ""nh10_quality"": ""medium""}"
29479c3f-8db8-4f62-90e8-59ad6739f90b,Halemba power station,PL,50.2325,18.851944,nuscale_voygr6,NH-10,,,,5.5,scored,Middle relative wind exposure around the observed cohort mean (9.0-10.5 m/s).,,"{""max_wind_speed_ms"": 10.23, ""natural_fetched_at"": ""2026-05-12T22:19:25.041646+03:00"", ""natural_run_id"": ""20260512T184804_724e6d22"", ""nh10_comment"": ""ERA5 wind assessment (ref 1991-2020) | 50yr_gust=10.2m/s | max_gust=10.3m/s | 99p=9.0m/s | prevailing=248deg | tropical_idx=0.0 | gev=ok | grid_dist=7.5km | source=copernicus_era5"", ""nh10_quality"": ""medium""}"
c4d7f628-c108-4496-ac02-6076ea3ae448,Jaworzno power station,PL,50.213351,19.22806,nuscale_voygr6,NH-10,,,,5.5,scored,Middle relative wind exposure around the observed cohort mean (9.0-10.5 m/s).,,"{""max_wind_speed_ms"": 10.43, ""natural_fetched_at"": ""2026-05-12T22:19:25.055569+03:00"", ""natural_run_id"": ""20260512T184804_724e6d22"", ""nh10_comment"": ""ERA5 wind assessment (ref 1991-2020) | 50yr_gust=10.4m/s | max_gust=10.7m/s | 99p=9.1m/s | prevailing=225deg | tropical_idx=0.0 | gev=ok | grid_dist=4.4km | source=copernicus_era5"", ""nh10_quality"": ""medium""}"
399668d6-bfed-4e5b-bf38-9ee5902101c3,Katowice PKE power station,PL,50.28568,19.05438,nuscale_voygr6,NH-10,,,,5.5,scored,Middle relative wind exposure around the observed cohort mean (9.0-10.5 m/s).,,"{""max_wind_speed_ms"": 10.12, ""natural_fetched_at"": ""2026-05-12T22:19:25.069424+03:00"", ""natural_run_id"": ""20260512T184804_724e6d22"", ""nh10_comment"": ""ERA5 wind assessment (ref 1991-2020) | 50yr_gust=10.1m/s | max_gust=10.3m/s | 99p=8.8m/s | prevailing=225deg | tropical_idx=0.0 | gev=ok | grid_dist=5.5km | source=copernicus_era5"", ""nh10_quality"": ""medium""}"
239ea0eb-a9c4-43cc-ac5f-35271bdc6613,Kedzierzyn CCS Project,PL,50.34988,18.226184,nuscale_voygr6,NH-10,,,,5.5,scored,Middle relative wind exposure around the observed cohort mean (9.0-10.5 m/s).,,"{""max_wind_speed_ms"": 9.55, ""natural_fetched_at"": ""2026-05-12T22:19:26.714521+03:00"", ""natural_run_id"": ""20260512T184804_724e6d22"", ""nh10_comment"": ""ERA5 wind assessment (ref 1991-2020) | 50yr_gust=9.6m/s | max_gust=9.5m/s | 99p=8.5m/s | prevailing=202deg | tropical_idx=0.0 | gev=ok | grid_dist=11.2km | source=copernicus_era5"", ""nh10_quality"": ""medium""}"
c39819ef-6798-4c01-9a82-9eead65b5f56,Konin power station,PL,52.283657,18.269475,nuscale_voygr6,NH-10,,,,3.5,scored,Higher relative wind exposure in the current smoothed ERA5 cohort (10.5-12.5 m/s).,,"{""max_wind_speed_ms"": 11.02, ""natural_fetched_at"": ""2026-05-12T22:19:28.934221+03:00"", ""natural_run_id"": ""20260512T184804_724e6d22"", ""nh10_comment"": ""ERA5 wind assessment (ref 1991-2020) | 50yr_gust=11.0m/s | max_gust=11.5m/s | 99p=9.6m/s | prevailing=248deg | tropical_idx=0.0 | gev=ok | grid_dist=4.0km | source=copernicus_era5"", ""nh10_quality"": ""medium""}"
4411a22e-4e8a-4715-b000-1aae34494b68,Kozienice power station,PL,51.58293,21.54779,nuscale_voygr6,NH-10,,,,5.5,scored,Middle relative wind exposure around the observed cohort mean (9.0-10.5 m/s).,,"{""max_wind_speed_ms"": 10.19, ""natural_fetched_at"": ""2026-05-12T22:19:31.673675+03:00"", ""natural_run_id"": ""20260512T184804_724e6d22"", ""nh10_comment"": ""ERA5 wind assessment (ref 1991-2020) | 50yr_gust=10.2m/s | max_gust=10.5m/s | 99p=8.7m/s | prevailing=225deg | tropical_idx=0.0 | gev=ok | grid_dist=9.8km | source=copernicus_era5"", ""nh10_quality"": ""medium""}"
409dde58-5df1-44d9-b5ec-f8e2edd86786,Krakow-Leg power station,PL,50.054021,20.006018,nuscale_voygr6,NH-10,,,,5.5,scored,Middle relative wind exposure around the observed cohort mean (9.0-10.5 m/s).,,"{""max_wind_speed_ms"": 10.4, ""natural_fetched_at"": ""2026-05-12T22:19:34.035894+03:00"", ""natural_run_id"": ""20260512T184804_724e6d22"", ""nh10_comment"": ""ERA5 wind assessment (ref 1991-2020) | 50yr_gust=10.4m/s | max_gust=10.7m/s | 99p=8.8m/s | prevailing=248deg | tropical_idx=0.0 | gev=ok | grid_dist=6.0km | source=copernicus_era5"", ""nh10_quality"": ""medium""}"
27fc89b3-ee57-44ac-8073-a700bc8d12e8,Lagisza power station,PL,50.35016,19.14351,nuscale_voygr6,NH-10,,,,5.5,scored,Middle relative wind exposure around the observed cohort mean (9.0-10.5 m/s).,,"{""max_wind_speed_ms"": 10.43, ""natural_fetched_at"": ""2026-05-12T22:19:34.054174+03:00"", ""natural_run_id"": ""20260512T184804_724e6d22"", ""nh10_comment"": ""ERA5 wind assessment (ref 1991-2020) | 50yr_gust=10.4m/s | max_gust=10.7m/s | 99p=9.1m/s | prevailing=225deg | tropical_idx=0.0 | gev=ok | grid_dist=13.5km | source=copernicus_era5"", ""nh10_quality"": ""medium""}"
de6735bd-7a79-43c8-baad-1fe23d50d6f0,Laziska power station,PL,50.134526,18.844352,nuscale_voygr6,NH-10,,,,5.5,scored,Middle relative wind exposure around the observed cohort mean (9.0-10.5 m/s).,,"{""max_wind_speed_ms"": 10.23, ""natural_fetched_at"": ""2026-05-12T22:19:36.424327+03:00"", ""natural_run_id"": ""20260512T184804_724e6d22"", ""nh10_comment"": ""ERA5 wind assessment (ref 1991-2020) | 50yr_gust=10.2m/s | max_gust=10.3m/s | 99p=9.0m/s | prevailing=248deg | tropical_idx=0.0 | gev=ok | grid_dist=14.5km | source=copernicus_era5"", ""nh10_quality"": ""medium""}"
0b187a1d-55de-47cf-96a3-06abc8ff2476,Leczna Power Station (Bogdanka SA),PL,51.3009,22.88211,nuscale_voygr6,NH-10,,,,5.5,scored,Middle relative wind exposure around the observed cohort mean (9.0-10.5 m/s).,,"{""max_wind_speed_ms"": 10.35, ""natural_fetched_at"": ""2026-05-12T22:19:39.480981+03:00"", ""natural_run_id"": ""20260512T184804_724e6d22"", ""nh10_comment"": ""ERA5 wind assessment (ref 1991-2020) | 50yr_gust=10.4m/s | max_gust=10.6m/s | 99p=9.1m/s | prevailing=248deg | tropical_idx=0.0 | gev=ok | grid_dist=10.0km | source=copernicus_era5"", ""nh10_quality"": ""medium""}"
ebc0f461-acfa-47da-8094-5b15ea3e25a0,Leczna Power Station (Enea),PL,51.3,22.883333,nuscale_voygr6,NH-10,,,,5.5,scored,Middle relative wind exposure around the observed cohort mean (9.0-10.5 m/s).,,"{""max_wind_speed_ms"": 10.35, ""natural_fetched_at"": ""2026-05-12T22:19:39.498249+03:00"", ""natural_run_id"": ""20260512T184804_724e6d22"", ""nh10_comment"": ""ERA5 wind assessment (ref 1991-2020) | 50yr_gust=10.4m/s | max_gust=10.6m/s | 99p=9.1m/s | prevailing=248deg | tropical_idx=0.0 | gev=ok | grid_dist=9.8km | source=copernicus_era5"", ""nh10_quality"": ""medium""}"
187b4fd7-6a61-4e94-8ed4-495ac6dfc317,Legnica Power Station,PL,51.207007,16.155323,nuscale_voygr6,NH-10,,,,3.5,scored,Higher relative wind exposure in the current smoothed ERA5 cohort (10.5-12.5 m/s).,,"{""max_wind_speed_ms"": 10.85, ""natural_fetched_at"": ""2026-05-12T22:19:44.429532+03:00"", ""natural_run_id"": ""20260512T184804_724e6d22"", ""nh10_comment"": ""ERA5 wind assessment (ref 1991-2020) | 50yr_gust=10.8m/s | max_gust=11.3m/s | 99p=9.2m/s | prevailing=248deg | tropical_idx=0.0 | gev=ok | grid_dist=8.1km | source=copernicus_era5"", ""nh10_quality"": ""medium""}"
29a58981-aaf7-4450-ad41-49dd6d786168,Lodz-2 power station,PL,51.742023,19.448746,nuscale_voygr6,NH-10,,,,3.5,scored,Higher relative wind exposure in the current smoothed ERA5 cohort (10.5-12.5 m/s).,,"{""max_wind_speed_ms"": 11.21, ""natural_fetched_at"": ""2026-05-12T22:19:47.797114+03:00"", ""natural_run_id"": ""20260512T184804_724e6d22"", ""nh10_comment"": ""ERA5 wind assessment (ref 1991-2020) | 50yr_gust=11.2m/s | max_gust=11.5m/s | 99p=9.8m/s | prevailing=248deg | tropical_idx=0.0 | gev=ok | grid_dist=3.6km | source=copernicus_era5"", ""nh10_quality"": ""medium""}"
8dd8db4c-b62d-4f6b-a2ee-70a9ed785e7a,Lodz-3 power station,PL,51.798357,19.420734,nuscale_voygr6,NH-10,,,,3.5,scored,Higher relative wind exposure in the current smoothed ERA5 cohort (10.5-12.5 m/s).,,"{""max_wind_speed_ms"": 11.21, ""natural_fetched_at"": ""2026-05-12T22:19:50.085711+03:00"", ""natural_run_id"": ""20260512T184804_724e6d22"", ""nh10_comment"": ""ERA5 wind assessment (ref 1991-2020) | 50yr_gust=11.2m/s | max_gust=11.5m/s | 99p=9.8m/s | prevailing=248deg | tropical_idx=0.0 | gev=ok | grid_dist=7.7km | source=copernicus_era5"", ""nh10_quality"": ""medium""}"
ef2ee2ae-e73e-490c-aa07-746543fe20e6,Lodz-4 power station,PL,51.74564,19.53963,nuscale_voygr6,NH-10,,,,3.5,scored,Higher relative wind exposure in the current smoothed ERA5 cohort (10.5-12.5 m/s).,,"{""max_wind_speed_ms"": 11.21, ""natural_fetched_at"": ""2026-05-12T22:19:50.102398+03:00"", ""natural_run_id"": ""20260512T184804_724e6d22"", ""nh10_comment"": ""ERA5 wind assessment (ref 1991-2020) | 50yr_gust=11.2m/s | max_gust=11.5m/s | 99p=9.8m/s | prevailing=248deg | tropical_idx=0.0 | gev=ok | grid_dist=2.8km | source=copernicus_era5"", ""nh10_quality"": ""medium""}"
d60b377c-9bb4-4fd5-adb7-a9a9ba98ae76,Lublin Power Station,PL,51.209986,22.554122,nuscale_voygr6,NH-10,,,,5.5,scored,Middle relative wind exposure around the observed cohort mean (9.0-10.5 m/s).,,"{""max_wind_speed_ms"": 10.4, ""natural_fetched_at"": ""2026-05-12T22:19:52.458775+03:00"", ""natural_run_id"": ""20260512T184804_724e6d22"", ""nh10_comment"": ""ERA5 wind assessment (ref 1991-2020) | 50yr_gust=10.4m/s | max_gust=10.6m/s | 99p=9.2m/s | prevailing=225deg | tropical_idx=0.0 | gev=ok | grid_dist=5.8km | source=copernicus_era5"", ""nh10_quality"": ""medium""}"
c42c5942-264d-43a1-a9eb-95b00480eb1a,Miechowice power station,PL,50.349073,18.841853,nuscale_voygr6,NH-10,,,,5.5,scored,Middle relative wind exposure around the observed cohort mean (9.0-10.5 m/s).,,"{""max_wind_speed_ms"": 10.23, ""natural_fetched_at"": ""2026-05-12T22:19:52.478129+03:00"", ""natural_run_id"": ""20260512T184804_724e6d22"", ""nh10_comment"": ""ERA5 wind assessment (ref 1991-2020) | 50yr_gust=10.2m/s | max_gust=10.3m/s | 99p=9.0m/s | prevailing=248deg | tropical_idx=0.0 | gev=ok | grid_dist=12.8km | source=copernicus_era5"", ""nh10_quality"": ""medium""}"
5a57ae0a-6f91-46f4-a1f5-56a6b37596e9,Murcki-Staszic power station,PL,50.180556,19.007222,nuscale_voygr6,NH-10,,,,5.5,scored,Middle relative wind exposure around the observed cohort mean (9.0-10.5 m/s).,,"{""max_wind_speed_ms"": 10.12, ""natural_fetched_at"": ""2026-05-12T22:19:52.496317+03:00"", ""natural_run_id"": ""20260512T184804_724e6d22"", ""nh10_comment"": ""ERA5 wind assessment (ref 1991-2020) | 50yr_gust=10.1m/s | max_gust=10.3m/s | 99p=8.8m/s | prevailing=225deg | tropical_idx=0.0 | gev=ok | grid_dist=7.7km | source=copernicus_era5"", ""nh10_quality"": ""medium""}"
52db4dae-b014-45a4-96c4-49f80c1fdd11,Opalenie power station,PL,53.742222,18.823056,nuscale_voygr6,NH-10,,,,3.5,scored,Higher relative wind exposure in the current smoothed ERA5 cohort (10.5-12.5 m/s).,,"{""max_wind_speed_ms"": 11.25, ""natural_fetched_at"": ""2026-05-12T22:19:54.839492+03:00"", ""natural_run_id"": ""20260512T184804_724e6d22"", ""nh10_comment"": ""ERA5 wind assessment (ref 1991-2020) | 50yr_gust=11.3m/s | max_gust=11.5m/s | 99p=10.1m/s | prevailing=225deg | tropical_idx=0.0 | gev=ok | grid_dist=4.9km | source=copernicus_era5"", ""nh10_quality"": ""medium""}"
1d19dce6-c458-4656-901d-6a8d3c548761,Opole power station,PL,50.75182,17.88196,nuscale_voygr6,NH-10,,,,5.5,scored,Middle relative wind exposure around the observed cohort mean (9.0-10.5 m/s).,,"{""max_wind_speed_ms"": 9.69, ""natural_fetched_at"": ""2026-05-12T22:19:56.122323+03:00"", ""natural_run_id"": ""20260512T184804_724e6d22"", ""nh10_comment"": ""ERA5 wind assessment (ref 1991-2020) | 50yr_gust=9.7m/s | max_gust=9.9m/s | 99p=8.6m/s | prevailing=248deg | tropical_idx=0.0 | gev=ok | grid_dist=8.3km | source=copernicus_era5"", ""nh10_quality"": ""medium""}"
b8bc6544-1571-4906-95e0-314d62c78a24,Ostrołęka power station,PL,53.103611,21.6125,nuscale_voygr6,NH-10,,,,5.5,scored,Middle relative wind exposure around the observed cohort mean (9.0-10.5 m/s).,,"{""max_wind_speed_ms"": 10.49, ""natural_fetched_at"": ""2026-05-12T22:19:57.860939+03:00"", ""natural_run_id"": ""20260512T184804_724e6d22"", ""nh10_comment"": ""ERA5 wind assessment (ref 1991-2020) | 50yr_gust=10.5m/s | max_gust=10.8m/s | 99p=9.3m/s | prevailing=225deg | tropical_idx=0.0 | gev=ok | grid_dist=13.8km | source=copernicus_era5"", ""nh10_quality"": ""medium""}"
ab57f5c3-8699-46f9-970f-3007dfc58af4,Patnow power station,PL,52.302,18.237,nuscale_voygr6,NH-10,,,,3.5,scored,Higher relative wind exposure in the current smoothed ERA5 cohort (10.5-12.5 m/s).,,"{""max_wind_speed_ms"": 11.02, ""natural_fetched_at"": ""2026-05-12T22:19:57.879060+03:00"", ""natural_run_id"": ""20260512T184804_724e6d22"", ""nh10_comment"": ""ERA5 wind assessment (ref 1991-2020) | 50yr_gust=11.0m/s | max_gust=11.5m/s | 99p=9.6m/s | prevailing=248deg | tropical_idx=0.0 | gev=ok | grid_dist=5.8km | source=copernicus_era5"", ""nh10_quality"": ""medium""}"
8a9d5c87-7edc-49c3-85a2-d97727b9c9b2,Piast Ruch Power Station,PL,50.016287,19.096709,nuscale_voygr6,NH-10,,,,5.5,scored,Middle relative wind exposure around the observed cohort mean (9.0-10.5 m/s).,,"{""max_wind_speed_ms"": 10.29, ""natural_fetched_at"": ""2026-05-12T22:19:59.320153+03:00"", ""natural_run_id"": ""20260512T184804_724e6d22"", ""nh10_comment"": ""ERA5 wind assessment (ref 1991-2020) | 50yr_gust=10.3m/s | max_gust=10.5m/s | 99p=8.9m/s | prevailing=225deg | tropical_idx=0.0 | gev=ok | grid_dist=7.1km | source=copernicus_era5"", ""nh10_quality"": ""medium""}"
2981a12d-3444-4301-96ba-a63ef50bec3e,Polaniec power station,PL,50.437685,21.33769,nuscale_voygr6,NH-10,,,,5.5,scored,Middle relative wind exposure around the observed cohort mean (9.0-10.5 m/s).,,"{""max_wind_speed_ms"": 9.75, ""natural_fetched_at"": ""2026-05-12T22:20:19.927381+03:00"", ""natural_run_id"": ""20260512T184804_724e6d22"", ""nh10_comment"": ""ERA5 wind assessment (ref 1991-2020) | 50yr_gust=9.8m/s | max_gust=10.0m/s | 99p=8.6m/s | prevailing=248deg | tropical_idx=0.0 | gev=ok | grid_dist=9.3km | source=copernicus_era5"", ""nh10_quality"": ""medium""}"
b24f9ac5-5ddf-4b19-ba95-76dafeca3d2c,Pólnoc power station,PL,53.962892,18.711758,nuscale_voygr6,NH-10,,,,3.5,scored,Higher relative wind exposure in the current smoothed ERA5 cohort (10.5-12.5 m/s).,,"{""max_wind_speed_ms"": 11.36, ""natural_fetched_at"": ""2026-05-12T22:20:19.944735+03:00"", ""natural_run_id"": ""20260512T184804_724e6d22"", ""nh10_comment"": ""ERA5 wind assessment (ref 1991-2020) | 50yr_gust=11.4m/s | max_gust=11.6m/s | 99p=10.3m/s | prevailing=225deg | tropical_idx=0.0 | gev=ok | grid_dist=4.8km | source=copernicus_era5"", ""nh10_quality"": ""medium""}"
e2c23866-db1e-4316-82b5-7e3fe50c3c09,Pomorzany power station,PL,53.390996,14.524786,nuscale_voygr6,NH-10,,,,3.5,scored,Higher relative wind exposure in the current smoothed ERA5 cohort (10.5-12.5 m/s).,,"{""max_wind_speed_ms"": 12.19, ""natural_fetched_at"": ""2026-05-12T22:20:19.958659+03:00"", ""natural_run_id"": ""20260512T184804_724e6d22"", ""nh10_comment"": ""ERA5 wind assessment (ref 1991-2020) | 50yr_gust=12.2m/s | max_gust=12.3m/s | 99p=10.5m/s | prevailing=225deg | tropical_idx=0.0 | gev=ok | grid_dist=12.2km | source=copernicus_era5"", ""nh10_quality"": ""medium""}"
40b4334a-7ba4-4ed8-aa8e-3c405599fbd7,Poznan Karolin power station,PL,52.436416,16.988658,nuscale_voygr6,NH-10,,,,3.5,scored,Higher relative wind exposure in the current smoothed ERA5 cohort (10.5-12.5 m/s).,,"{""max_wind_speed_ms"": 11.11, ""natural_fetched_at"": ""2026-05-12T22:20:31.169781+03:00"", ""natural_run_id"": ""20260512T184804_724e6d22"", ""nh10_comment"": ""ERA5 wind assessment (ref 1991-2020) | 50yr_gust=11.1m/s | max_gust=11.6m/s | 99p=9.6m/s | prevailing=225deg | tropical_idx=0.0 | gev=ok | grid_dist=7.1km | source=copernicus_era5"", ""nh10_quality"": ""medium""}"
dadadad9-b67e-44b8-a9ab-4cbf116da20b,Puchaczow power station,PL,51.3,22.966667,nuscale_voygr6,NH-10,,,,5.5,scored,Middle relative wind exposure around the observed cohort mean (9.0-10.5 m/s).,,"{""max_wind_speed_ms"": 10.35, ""natural_fetched_at"": ""2026-05-12T22:20:31.185882+03:00"", ""natural_run_id"": ""20260512T184804_724e6d22"", ""nh10_comment"": ""ERA5 wind assessment (ref 1991-2020) | 50yr_gust=10.4m/s | max_gust=10.6m/s | 99p=9.1m/s | prevailing=248deg | tropical_idx=0.0 | gev=ok | grid_dist=6.0km | source=copernicus_era5"", ""nh10_quality"": ""medium""}"
cdc888ad-fd51-4710-a5ab-3cd0fe9ddb48,Pulawy power station (Grupa Azoty),PL,51.416443,21.969309,nuscale_voygr6,NH-10,,,,5.5,scored,Middle relative wind exposure around the observed cohort mean (9.0-10.5 m/s).,,"{""max_wind_speed_ms"": 10.26, ""natural_fetched_at"": ""2026-05-12T22:20:33.036045+03:00"", ""natural_run_id"": ""20260512T184804_724e6d22"", ""nh10_comment"": ""ERA5 wind assessment (ref 1991-2020) | 50yr_gust=10.3m/s | max_gust=10.6m/s | 99p=8.9m/s | prevailing=225deg | tropical_idx=0.0 | gev=ok | grid_dist=9.5km | source=copernicus_era5"", ""nh10_quality"": ""medium""}"
a19228ce-f25a-4ffd-a249-9d01403e6b81,Pulawy power station (Vattenfall),PL,51.416443,21.969309,nuscale_voygr6,NH-10,,,,5.5,scored,Middle relative wind exposure around the observed cohort mean (9.0-10.5 m/s).,,"{""max_wind_speed_ms"": 10.26, ""natural_fetched_at"": ""2026-05-12T22:20:33.051336+03:00"", ""natural_run_id"": ""20260512T184804_724e6d22"", ""nh10_comment"": ""ERA5 wind assessment (ref 1991-2020) | 50yr_gust=10.3m/s | max_gust=10.6m/s | 99p=8.9m/s | prevailing=225deg | tropical_idx=0.0 | gev=ok | grid_dist=9.5km | source=copernicus_era5"", ""nh10_quality"": ""medium""}"
ee332928-87b2-4e7b-9203-20e402bc551f,Pulawy ZAP Works power station,PL,51.457211,21.973811,nuscale_voygr6,NH-10,,,,5.5,scored,Middle relative wind exposure around the observed cohort mean (9.0-10.5 m/s).,,"{""max_wind_speed_ms"": 10.26, ""natural_fetched_at"": ""2026-05-12T22:20:34.485268+03:00"", ""natural_run_id"": ""20260512T184804_724e6d22"", ""nh10_comment"": ""ERA5 wind assessment (ref 1991-2020) | 50yr_gust=10.3m/s | max_gust=10.6m/s | 99p=8.9m/s | prevailing=225deg | tropical_idx=0.0 | gev=ok | grid_dist=5.1km | source=copernicus_era5"", ""nh10_quality"": ""medium""}"
b8a00967-90a3-4a4e-9979-6b8651d87380,Rybnik power station,PL,50.13406,18.52196,nuscale_voygr6,NH-10,,,,5.5,scored,Middle relative wind exposure around the observed cohort mean (9.0-10.5 m/s).,,"{""max_wind_speed_ms"": 9.86, ""natural_fetched_at"": ""2026-05-12T22:20:34.499374+03:00"", ""natural_run_id"": ""20260512T184804_724e6d22"", ""nh10_comment"": ""ERA5 wind assessment (ref 1991-2020) | 50yr_gust=9.9m/s | max_gust=9.8m/s | 99p=8.7m/s | prevailing=248deg | tropical_idx=0.0 | gev=ok | grid_dist=13.0km | source=copernicus_era5"", ""nh10_quality"": ""medium""}"
a7eeee6e-e14a-40ba-80b6-75ed2e170b20,Siechnice power station,PL,51.03794,17.15095,nuscale_voygr6,NH-10,,,,5.5,scored,Middle relative wind exposure around the observed cohort mean (9.0-10.5 m/s).,,"{""max_wind_speed_ms"": 10.49, ""natural_fetched_at"": ""2026-05-12T22:20:36.347640+03:00"", ""natural_run_id"": ""20260512T184804_724e6d22"", ""nh10_comment"": ""ERA5 wind assessment (ref 1991-2020) | 50yr_gust=10.5m/s | max_gust=10.5m/s | 99p=8.9m/s | prevailing=270deg | tropical_idx=0.0 | gev=ok | grid_dist=8.1km | source=copernicus_era5"", ""nh10_quality"": ""medium""}"
a67255dd-8134-418e-9377-e28516c53722,Siekierki power station,PL,52.191456,21.086218,nuscale_voygr6,NH-10,,,,5.5,scored,Middle relative wind exposure around the observed cohort mean (9.0-10.5 m/s).,,"{""max_wind_speed_ms"": 10.47, ""natural_fetched_at"": ""2026-05-12T22:20:41.824593+03:00"", ""natural_run_id"": ""20260512T184804_724e6d22"", ""nh10_comment"": ""ERA5 wind assessment (ref 1991-2020) | 50yr_gust=10.5m/s | max_gust=10.9m/s | 99p=9.0m/s | prevailing=225deg | tropical_idx=0.0 | gev=ok | grid_dist=8.8km | source=copernicus_era5"", ""nh10_quality"": ""medium""}"
47be3ec4-7abe-4f4c-ac3d-b7f753b8514a,Siersza power station,PL,50.208043,19.460943,nuscale_voygr6,NH-10,,,,3.5,scored,Higher relative wind exposure in the current smoothed ERA5 cohort (10.5-12.5 m/s).,,"{""max_wind_speed_ms"": 10.88, ""natural_fetched_at"": ""2026-05-12T22:20:44.253611+03:00"", ""natural_run_id"": ""20260512T184804_724e6d22"", ""nh10_comment"": ""ERA5 wind assessment (ref 1991-2020) | 50yr_gust=10.9m/s | max_gust=11.2m/s | 99p=9.3m/s | prevailing=248deg | tropical_idx=0.0 | gev=ok | grid_dist=5.4km | source=copernicus_era5"", ""nh10_quality"": ""medium""}"
f5be4e73-938d-4fe2-b585-5090ec780670,Skawina power station,PL,49.977425,19.805132,nuscale_voygr6,NH-10,,,,3.5,scored,Higher relative wind exposure in the current smoothed ERA5 cohort (10.5-12.5 m/s).,,"{""max_wind_speed_ms"": 10.55, ""natural_fetched_at"": ""2026-05-12T22:20:49.995954+03:00"", ""natural_run_id"": ""20260512T184804_724e6d22"", ""nh10_comment"": ""ERA5 wind assessment (ref 1991-2020) | 50yr_gust=10.5m/s | max_gust=10.7m/s | 99p=8.7m/s | prevailing=248deg | tropical_idx=0.0 | gev=ok | grid_dist=4.7km | source=copernicus_era5"", ""nh10_quality"": ""medium""}"
66bdc30c-4179-480b-a55a-5d15be5ac66b,Stalowa Wola power station,PL,50.55386,22.0791,nuscale_voygr6,NH-10,,,,5.5,scored,Middle relative wind exposure around the observed cohort mean (9.0-10.5 m/s).,,"{""max_wind_speed_ms"": 9.81, ""natural_fetched_at"": ""2026-05-12T22:20:52.321183+03:00"", ""natural_run_id"": ""20260512T184804_724e6d22"", ""nh10_comment"": ""ERA5 wind assessment (ref 1991-2020) | 50yr_gust=9.8m/s | max_gust=10.0m/s | 99p=8.7m/s | prevailing=225deg | tropical_idx=0.0 | gev=ok | grid_dist=8.2km | source=copernicus_era5"", ""nh10_quality"": ""medium""}"
7fc17ab0-ce24-4830-a938-b8424d1e9368,Swiecie Pulp Mill power station,PL,53.393629,18.374224,nuscale_voygr6,NH-10,,,,3.5,scored,Higher relative wind exposure in the current smoothed ERA5 cohort (10.5-12.5 m/s).,,"{""max_wind_speed_ms"": 11.47, ""natural_fetched_at"": ""2026-05-12T22:20:59.925217+03:00"", ""natural_run_id"": ""20260512T184804_724e6d22"", ""nh10_comment"": ""ERA5 wind assessment (ref 1991-2020) | 50yr_gust=11.5m/s | max_gust=11.8m/s | 99p=10.1m/s | prevailing=225deg | tropical_idx=0.0 | gev=ok | grid_dist=14.4km | source=copernicus_era5"", ""nh10_quality"": ""medium""}"
f8f9f43d-6a3b-445d-818e-ca82a90ace65,Szczecin power station,PL,53.411271,14.585981,nuscale_voygr6,NH-10,,,,3.5,scored,Higher relative wind exposure in the current smoothed ERA5 cohort (10.5-12.5 m/s).,,"{""max_wind_speed_ms"": 12.19, ""natural_fetched_at"": ""2026-05-12T22:20:59.941314+03:00"", ""natural_run_id"": ""20260512T184804_724e6d22"", ""nh10_comment"": ""ERA5 wind assessment (ref 1991-2020) | 50yr_gust=12.2m/s | max_gust=12.3m/s | 99p=10.5m/s | prevailing=225deg | tropical_idx=0.0 | gev=ok | grid_dist=11.4km | source=copernicus_era5"", ""nh10_quality"": ""medium""}"
cd84938d-eea8-47a1-8ea6-2e9f943e5914,Turów power station,PL,50.947717,14.91171,nuscale_voygr6,NH-10,,,,3.5,scored,Higher relative wind exposure in the current smoothed ERA5 cohort (10.5-12.5 m/s).,,"{""max_wind_speed_ms"": 11.63, ""natural_fetched_at"": ""2026-05-12T22:21:01.251715+03:00"", ""natural_run_id"": ""20260512T184804_724e6d22"", ""nh10_comment"": ""ERA5 wind assessment (ref 1991-2020) | 50yr_gust=11.6m/s | max_gust=11.8m/s | 99p=10.5m/s | prevailing=202deg | tropical_idx=0.0 | gev=ok | grid_dist=8.5km | source=copernicus_era5"", ""nh10_quality"": ""medium""}"
3d2d4c37-eb9d-4b35-a8b1-b3f485bc3e3f,Tychy power station,PL,50.106,19.014,nuscale_voygr6,NH-10,,,,5.5,scored,Middle relative wind exposure around the observed cohort mean (9.0-10.5 m/s).,,"{""max_wind_speed_ms"": 10.29, ""natural_fetched_at"": ""2026-05-12T22:21:01.271204+03:00"", ""natural_run_id"": ""20260512T184804_724e6d22"", ""nh10_comment"": ""ERA5 wind assessment (ref 1991-2020) | 50yr_gust=10.3m/s | max_gust=10.5m/s | 99p=8.9m/s | prevailing=225deg | tropical_idx=0.0 | gev=ok | grid_dist=11.8km | source=copernicus_era5"", ""nh10_quality"": ""medium""}"
dc87cdf1-9936-4a59-a5e9-b5e360173490,Wroclaw power station,PL,51.123715,17.02457,nuscale_voygr6,NH-10,,,,3.5,scored,Higher relative wind exposure in the current smoothed ERA5 cohort (10.5-12.5 m/s).,,"{""max_wind_speed_ms"": 10.56, ""natural_fetched_at"": ""2026-05-12T22:21:01.286814+03:00"", ""natural_run_id"": ""20260512T184804_724e6d22"", ""nh10_comment"": ""ERA5 wind assessment (ref 1991-2020) | 50yr_gust=10.6m/s | max_gust=10.5m/s | 99p=9.0m/s | prevailing=270deg | tropical_idx=0.0 | gev=ok | grid_dist=13.9km | source=copernicus_era5"", ""nh10_quality"": ""medium""}"
2da9dab9-7b4e-46e7-b1c8-70eeb329c177,Zabrze power station,PL,50.324928,18.785719,nuscale_voygr6,NH-10,,,,5.5,scored,Middle relative wind exposure around the observed cohort mean (9.0-10.5 m/s).,,"{""max_wind_speed_ms"": 10.23, ""natural_fetched_at"": ""2026-05-12T22:21:01.301155+03:00"", ""natural_run_id"": ""20260512T184804_724e6d22"", ""nh10_comment"": ""ERA5 wind assessment (ref 1991-2020) | 50yr_gust=10.2m/s | max_gust=10.3m/s | 99p=9.0m/s | prevailing=248deg | tropical_idx=0.0 | gev=ok | grid_dist=8.7km | source=copernicus_era5"", ""nh10_quality"": ""medium""}"
a55e3643-8ed4-434b-b14f-2d549d09c0d9,Zarnowiec power station,PL,54.787416,18.085672,nuscale_voygr6,NH-10,,,,1.5,scored,"Highest relative or out-of-cohort exposure for the current proxy; 49 m/s remains design-envelope review, not validated by this metric.",,"{""max_wind_speed_ms"": 13.51, ""natural_fetched_at"": ""2026-05-12T22:21:02.538681+03:00"", ""natural_run_id"": ""20260512T184804_724e6d22"", ""nh10_comment"": ""ERA5 wind assessment (ref 1991-2020) | 50yr_gust=13.5m/s | max_gust=13.7m/s | 99p=12.3m/s | prevailing=248deg | tropical_idx=0.0 | gev=ok | grid_dist=6.9km | source=copernicus_era5"", ""nh10_quality"": ""medium""}"
d40cdaf1-49e4-4c59-a6c8-2402cd2bf006,Zeran power station,PL,52.2947,20.99334,nuscale_voygr6,NH-10,,,,5.5,scored,Middle relative wind exposure around the observed cohort mean (9.0-10.5 m/s).,,"{""max_wind_speed_ms"": 10.47, ""natural_fetched_at"": ""2026-05-12T22:21:03.831585+03:00"", ""natural_run_id"": ""20260512T184804_724e6d22"", ""nh10_comment"": ""ERA5 wind assessment (ref 1991-2020) | 50yr_gust=10.5m/s | max_gust=10.9m/s | 99p=9.0m/s | prevailing=225deg | tropical_idx=0.0 | gev=ok | grid_dist=5.0km | source=copernicus_era5"", ""nh10_quality"": ""medium""}"
b24c9876-5a4d-4b83-b442-af2f4b0d1047,Zofiowka Mine power station,PL,49.964162,18.626794,nuscale_voygr6,NH-10,,,,5.5,scored,Middle relative wind exposure around the observed cohort mean (9.0-10.5 m/s).,,"{""max_wind_speed_ms"": 10.2, ""natural_fetched_at"": ""2026-05-12T22:21:05.448171+03:00"", ""natural_run_id"": ""20260512T184804_724e6d22"", ""nh10_comment"": ""ERA5 wind assessment (ref 1991-2020) | 50yr_gust=10.2m/s | max_gust=10.3m/s | 99p=9.0m/s | prevailing=225deg | tropical_idx=0.0 | gev=ok | grid_dist=9.7km | source=copernicus_era5"", ""nh10_quality"": ""medium""}"
202d797d-b0f9-4cd0-bbac-d7bb06805c09,ZW Nowa power station,PL,50.347756,19.278159,nuscale_voygr6,NH-10,,,,5.5,scored,Middle relative wind exposure around the observed cohort mean (9.0-10.5 m/s).,,"{""max_wind_speed_ms"": 10.43, ""natural_fetched_at"": ""2026-05-12T22:21:05.466566+03:00"", ""natural_run_id"": ""20260512T184804_724e6d22"", ""nh10_comment"": ""ERA5 wind assessment (ref 1991-2020) | 50yr_gust=10.4m/s | max_gust=10.7m/s | 99p=9.1m/s | prevailing=225deg | tropical_idx=0.0 | gev=ok | grid_dist=11.1km | source=copernicus_era5"", ""nh10_quality"": ""medium""}"
5a33e5f0-6d86-4eab-adea-6c6bad7f3f45,Arad power station,RO,46.222424,21.328771,nuscale_voygr6,NH-10,,,,9.5,scored,Lowest relative wind exposure in the current ERA5 monthly-means gust cohort (< 7.5 m/s).,,"{""max_wind_speed_ms"": 6.94, ""natural_fetched_at"": ""2026-05-12T22:21:15.119962+03:00"", ""natural_run_id"": ""20260512T184804_724e6d22"", ""nh10_comment"": ""ERA5 wind assessment (ref 1991-2020) | 50yr_gust=6.9m/s | max_gust=6.9m/s | 99p=6.7m/s | prevailing=158deg | tropical_idx=0.0 | gev=ok | grid_dist=6.8km | source=copernicus_era5"", ""nh10_quality"": ""medium""}"
dac2a974-a2de-46c5-b581-03985a9ae7d0,Bacau CHP power station,RO,46.530524,26.940874,nuscale_voygr6,NH-10,,,,7.5,scored,Lower-middle relative wind exposure in the current smoothed ERA5 cohort (7.5-9.0 m/s).,,"{""max_wind_speed_ms"": 7.73, ""natural_fetched_at"": ""2026-05-12T22:21:19.444254+03:00"", ""natural_run_id"": ""20260512T184804_724e6d22"", ""nh10_comment"": ""ERA5 wind assessment (ref 1991-2020) | 50yr_gust=7.7m/s | max_gust=7.8m/s | 99p=7.3m/s | prevailing=315deg | tropical_idx=0.0 | gev=ok | grid_dist=5.7km | source=copernicus_era5"", ""nh10_quality"": ""medium""}"
29836b52-a882-4921-95a7-6417e636d9a2,Braila power station,RO,45.165033,27.923383,nuscale_voygr6,NH-10,,,,7.5,scored,Lower-middle relative wind exposure in the current smoothed ERA5 cohort (7.5-9.0 m/s).,,"{""max_wind_speed_ms"": 7.71, ""natural_fetched_at"": ""2026-05-12T22:21:26.275431+03:00"", ""natural_run_id"": ""20260512T184804_724e6d22"", ""nh10_comment"": ""ERA5 wind assessment (ref 1991-2020) | 50yr_gust=7.7m/s | max_gust=7.7m/s | 99p=7.3m/s | prevailing=0deg | tropical_idx=0.0 | gev=ok | grid_dist=11.2km | source=copernicus_era5"", ""nh10_quality"": ""medium""}"
729f8d17-57c0-4d9a-adab-4b612d4abde5,Brasov power station,RO,45.662296,25.646845,nuscale_voygr6,NH-10,,,,9.5,scored,Lowest relative wind exposure in the current ERA5 monthly-means gust cohort (< 7.5 m/s).,,"{""max_wind_speed_ms"": 7.29, ""natural_fetched_at"": ""2026-05-12T22:21:29.758242+03:00"", ""natural_run_id"": ""20260512T184804_724e6d22"", ""nh10_comment"": ""ERA5 wind assessment (ref 1991-2020) | 50yr_gust=7.3m/s | max_gust=7.3m/s | 99p=7.1m/s | prevailing=270deg | tropical_idx=0.0 | gev=ok | grid_dist=12.6km | source=copernicus_era5"", ""nh10_quality"": ""medium""}"
3bef37a3-239e-498d-a160-77452a6a9b79,Bucharest North East power station,RO,44.4325,26.103889,nuscale_voygr6,NH-10,,,,9.5,scored,Lowest relative wind exposure in the current ERA5 monthly-means gust cohort (< 7.5 m/s).,,"{""max_wind_speed_ms"": 6.91, ""natural_fetched_at"": ""2026-05-12T22:21:40.980646+03:00"", ""natural_run_id"": ""20260512T184804_724e6d22"", ""nh10_comment"": ""ERA5 wind assessment (ref 1991-2020) | 50yr_gust=6.9m/s | max_gust=6.9m/s | 99p=6.6m/s | prevailing=45deg | tropical_idx=0.0 | gev=ok | grid_dist=11.1km | source=copernicus_era5"", ""nh10_quality"": ""medium""}"
a4fa3246-27d6-4740-898c-bdf9dadcb88c,Craiova II power station,RO,44.34294,23.81076,nuscale_voygr6,NH-10,,,,7.5,scored,Lower-middle relative wind exposure in the current smoothed ERA5 cohort (7.5-9.0 m/s).,,"{""max_wind_speed_ms"": 7.55, ""natural_fetched_at"": ""2026-05-12T22:21:44.526391+03:00"", ""natural_run_id"": ""20260512T184804_724e6d22"", ""nh10_comment"": ""ERA5 wind assessment (ref 1991-2020) | 50yr_gust=7.5m/s | max_gust=7.6m/s | 99p=7.3m/s | prevailing=270deg | tropical_idx=0.0 | gev=ok | grid_dist=11.4km | source=copernicus_era5"", ""nh10_quality"": ""medium""}"
aff5ffe6-fe7a-4de7-afad-9d4645a64cd9,Doicesti power station,RO,45.002896,25.397236,nuscale_voygr6,NH-10,,,,9.5,scored,Lowest relative wind exposure in the current ERA5 monthly-means gust cohort (< 7.5 m/s).,,"{""max_wind_speed_ms"": 6.44, ""natural_fetched_at"": ""2026-05-12T22:21:51.334437+03:00"", ""natural_run_id"": ""20260512T184804_724e6d22"", ""nh10_comment"": ""ERA5 wind assessment (ref 1991-2020) | 50yr_gust=6.4m/s | max_gust=6.4m/s | 99p=6.0m/s | prevailing=0deg | tropical_idx=0.0 | gev=ok | grid_dist=8.1km | source=copernicus_era5"", ""nh10_quality"": ""medium""}"
18ecb024-ee4f-4045-8254-5e95d61dea8c,FPCU Feldioara,RO,45.7917,25.5889,nuscale_voygr6,NH-10,,,,9.5,scored,Lowest relative wind exposure in the current ERA5 monthly-means gust cohort (< 7.5 m/s).,,"{""max_wind_speed_ms"": 7.05, ""natural_fetched_at"": ""2026-05-12T22:21:55.546738+03:00"", ""natural_run_id"": ""20260512T184804_724e6d22"", ""nh10_comment"": ""ERA5 wind assessment (ref 1991-2020) | 50yr_gust=7.1m/s | max_gust=7.0m/s | 99p=6.9m/s | prevailing=270deg | tropical_idx=0.0 | gev=ok | grid_dist=8.3km | source=copernicus_era5"", ""nh10_quality"": ""medium""}"
8781d874-5923-4795-9c9f-b2a6c709025a,Galati Power Station,RO,45.423333,28.0425,nuscale_voygr6,NH-10,,,,7.5,scored,Lower-middle relative wind exposure in the current smoothed ERA5 cohort (7.5-9.0 m/s).,,"{""max_wind_speed_ms"": 7.84, ""natural_fetched_at"": ""2026-05-12T22:22:00.894903+03:00"", ""natural_run_id"": ""20260512T184804_724e6d22"", ""nh10_comment"": ""ERA5 wind assessment (ref 1991-2020) | 50yr_gust=7.8m/s | max_gust=7.8m/s | 99p=7.3m/s | prevailing=0deg | tropical_idx=0.0 | gev=ok | grid_dist=9.1km | source=copernicus_era5"", ""nh10_quality"": ""medium""}"
6aed2eac-1c97-40c5-b842-fb15fd510f35,Giurgiu power station,RO,43.879766,25.926778,nuscale_voygr6,NH-10,,,,9.5,scored,Lowest relative wind exposure in the current ERA5 monthly-means gust cohort (< 7.5 m/s).,,"{""max_wind_speed_ms"": 7.15, ""natural_fetched_at"": ""2026-05-12T22:22:00.911762+03:00"", ""natural_run_id"": ""20260512T184804_724e6d22"", ""nh10_comment"": ""ERA5 wind assessment (ref 1991-2020) | 50yr_gust=7.1m/s | max_gust=7.2m/s | 99p=6.7m/s | prevailing=45deg | tropical_idx=0.0 | gev=ok | grid_dist=14.6km | source=copernicus_era5"", ""nh10_quality"": ""medium""}"
825dc024-9a53-4237-bf59-cbe0af0cf87d,Govora power station,RO,45.039047,24.287572,nuscale_voygr6,NH-10,,,,9.5,scored,Lowest relative wind exposure in the current ERA5 monthly-means gust cohort (< 7.5 m/s).,,"{""max_wind_speed_ms"": 5.64, ""natural_fetched_at"": ""2026-05-12T22:22:03.717124+03:00"", ""natural_run_id"": ""20260512T184804_724e6d22"", ""nh10_comment"": ""ERA5 wind assessment (ref 1991-2020) | 50yr_gust=5.6m/s | max_gust=5.7m/s | 99p=5.4m/s | prevailing=0deg | tropical_idx=0.0 | gev=ok | grid_dist=5.3km | source=copernicus_era5"", ""nh10_quality"": ""medium""}"
1d8be6d0-f3a5-4b32-9d46-3526289731f8,Iasi-2 power station,RO,47.147296,27.717157,nuscale_voygr6,NH-10,,,,7.5,scored,Lower-middle relative wind exposure in the current smoothed ERA5 cohort (7.5-9.0 m/s).,,"{""max_wind_speed_ms"": 7.73, ""natural_fetched_at"": ""2026-05-12T22:22:13.884847+03:00"", ""natural_run_id"": ""20260512T184804_724e6d22"", ""nh10_comment"": ""ERA5 wind assessment (ref 1991-2020) | 50yr_gust=7.7m/s | max_gust=7.8m/s | 99p=7.3m/s | prevailing=315deg | tropical_idx=0.0 | gev=ok | grid_dist=11.7km | source=copernicus_era5"", ""nh10_quality"": ""medium""}"
af7f107f-71b5-5a33-8125-9ccb7060f895,Iernut power station,RO,46.4677,24.1833,nuscale_voygr6,NH-10,,,,9.5,scored,Lowest relative wind exposure in the current ERA5 monthly-means gust cohort (< 7.5 m/s).,,"{""max_wind_speed_ms"": 6.61, ""natural_fetched_at"": ""2026-05-17T14:38:57.730201+03:00"", ""natural_run_id"": ""iernut-20260517T1051"", ""nh10_comment"": ""ERA5 wind assessment (ref 1991-2020) | 50yr_gust=6.6m/s | max_gust=6.5m/s | 99p=6.2m/s | prevailing=112deg | tropical_idx=0.0 | gev=ok | grid_dist=6.2km | source=copernicus_era5"", ""nh10_quality"": ""medium""}"
e073b3f8-4312-4d34-b322-6289a3121af1,Isalnita power station,RO,44.38763,23.718195,nuscale_voygr6,NH-10,,,,9.5,scored,Lowest relative wind exposure in the current ERA5 monthly-means gust cohort (< 7.5 m/s).,,"{""max_wind_speed_ms"": 7.1, ""natural_fetched_at"": ""2026-05-12T22:22:13.904110+03:00"", ""natural_run_id"": ""20260512T184804_724e6d22"", ""nh10_comment"": ""ERA5 wind assessment (ref 1991-2020) | 50yr_gust=7.1m/s | max_gust=7.2m/s | 99p=6.8m/s | prevailing=45deg | tropical_idx=0.0 | gev=ok | grid_dist=12.7km | source=copernicus_era5"", ""nh10_quality"": ""medium""}"
52a7babe-313f-493b-86b9-bd0c4aece4c3,Mintia-Deva power station,RO,45.912791,22.826129,nuscale_voygr6,NH-10,,,,9.5,scored,Lowest relative wind exposure in the current ERA5 monthly-means gust cohort (< 7.5 m/s).,,"{""max_wind_speed_ms"": 6.11, ""natural_fetched_at"": ""2026-05-12T22:22:18.799631+03:00"", ""natural_run_id"": ""20260512T184804_724e6d22"", ""nh10_comment"": ""ERA5 wind assessment (ref 1991-2020) | 50yr_gust=6.1m/s | max_gust=6.2m/s | 99p=5.8m/s | prevailing=270deg | tropical_idx=0.0 | gev=ok | grid_dist=11.3km | source=copernicus_era5"", ""nh10_quality"": ""medium""}"
6c428b2a-ad09-448b-b24c-22465929d69c,Oradea power station,RO,47.084677,21.892868,nuscale_voygr6,NH-10,,,,9.5,scored,Lowest relative wind exposure in the current ERA5 monthly-means gust cohort (< 7.5 m/s).,,"{""max_wind_speed_ms"": 7.42, ""natural_fetched_at"": ""2026-05-12T22:22:20.399061+03:00"", ""natural_run_id"": ""20260512T184804_724e6d22"", ""nh10_comment"": ""ERA5 wind assessment (ref 1991-2020) | 50yr_gust=7.4m/s | max_gust=7.4m/s | 99p=7.0m/s | prevailing=180deg | tropical_idx=0.0 | gev=ok | grid_dist=12.4km | source=copernicus_era5"", ""nh10_quality"": ""medium""}"
9825e28e-fd6e-460d-9caf-0342563f9060,Paroseni power station,RO,45.366101,23.261351,nuscale_voygr6,NH-10,,,,9.5,scored,Lowest relative wind exposure in the current ERA5 monthly-means gust cohort (< 7.5 m/s).,,"{""max_wind_speed_ms"": 6.93, ""natural_fetched_at"": ""2026-05-12T22:22:29.673972+03:00"", ""natural_run_id"": ""20260512T184804_724e6d22"", ""nh10_comment"": ""ERA5 wind assessment (ref 1991-2020) | 50yr_gust=6.9m/s | max_gust=7.0m/s | 99p=6.7m/s | prevailing=338deg | tropical_idx=0.0 | gev=ok | grid_dist=12.9km | source=copernicus_era5"", ""nh10_quality"": ""medium""}"
c3790475-3d3b-4e2b-92ae-24503fe03e6b,Romag Termo power station,RO,44.677808,22.685995,nuscale_voygr6,NH-10,,,,9.5,scored,Lowest relative wind exposure in the current ERA5 monthly-means gust cohort (< 7.5 m/s).,,"{""max_wind_speed_ms"": 6.56, ""natural_fetched_at"": ""2026-05-12T22:22:33.862508+03:00"", ""natural_run_id"": ""20260512T184804_724e6d22"", ""nh10_comment"": ""ERA5 wind assessment (ref 1991-2020) | 50yr_gust=6.6m/s | max_gust=6.8m/s | 99p=6.0m/s | prevailing=292deg | tropical_idx=0.0 | gev=ok | grid_dist=9.5km | source=copernicus_era5"", ""nh10_quality"": ""medium""}"
958e4d82-853a-41f1-a442-94b4c4314221,Rovinari power station,RO,44.910633,23.134754,nuscale_voygr6,NH-10,,,,9.5,scored,Lowest relative wind exposure in the current ERA5 monthly-means gust cohort (< 7.5 m/s).,,"{""max_wind_speed_ms"": 5.41, ""natural_fetched_at"": ""2026-05-12T22:22:36.902950+03:00"", ""natural_run_id"": ""20260512T184804_724e6d22"", ""nh10_comment"": ""ERA5 wind assessment (ref 1991-2020) | 50yr_gust=5.4m/s | max_gust=5.6m/s | 99p=5.0m/s | prevailing=0deg | tropical_idx=0.0 | gev=ok | grid_dist=13.5km | source=copernicus_era5"", ""nh10_quality"": ""medium""}"
d498ded8-449c-4672-8bb9-0ed6c8fef775,Slatina power station,RO,44.429722,24.364167,nuscale_voygr6,NH-10,,,,9.5,scored,Lowest relative wind exposure in the current ERA5 monthly-means gust cohort (< 7.5 m/s).,,"{""max_wind_speed_ms"": 7.02, ""natural_fetched_at"": ""2026-05-12T22:22:43.768547+03:00"", ""natural_run_id"": ""20260512T184804_724e6d22"", ""nh10_comment"": ""ERA5 wind assessment (ref 1991-2020) | 50yr_gust=7.0m/s | max_gust=6.9m/s | 99p=6.8m/s | prevailing=45deg | tropical_idx=0.0 | gev=ok | grid_dist=12.0km | source=copernicus_era5"", ""nh10_quality"": ""medium""}"
693d9b73-f9fc-4502-9b94-be020c5d21fb,Suceava power station,RO,47.651873,26.298268,nuscale_voygr6,NH-10,,,,7.5,scored,Lower-middle relative wind exposure in the current smoothed ERA5 cohort (7.5-9.0 m/s).,,"{""max_wind_speed_ms"": 7.83, ""natural_fetched_at"": ""2026-05-12T22:22:47.661832+03:00"", ""natural_run_id"": ""20260512T184804_724e6d22"", ""nh10_comment"": ""ERA5 wind assessment (ref 1991-2020) | 50yr_gust=7.8m/s | max_gust=7.9m/s | 99p=7.6m/s | prevailing=292deg | tropical_idx=0.0 | gev=ok | grid_dist=11.5km | source=copernicus_era5"", ""nh10_quality"": ""medium""}"
e43af28e-a3d3-4047-a9cf-f3b0990754b4,Târgu Jiu Thermal Plant,RO,45.034167,23.274722,nuscale_voygr6,NH-10,,,,9.5,scored,Lowest relative wind exposure in the current ERA5 monthly-means gust cohort (< 7.5 m/s).,,"{""max_wind_speed_ms"": 5.41, ""natural_fetched_at"": ""2026-05-12T22:22:54.098107+03:00"", ""natural_run_id"": ""20260512T184804_724e6d22"", ""nh10_comment"": ""ERA5 wind assessment (ref 1991-2020) | 50yr_gust=5.4m/s | max_gust=5.6m/s | 99p=5.0m/s | prevailing=0deg | tropical_idx=0.0 | gev=ok | grid_dist=4.3km | source=copernicus_era5"", ""nh10_quality"": ""medium""}"
345fb795-170a-4fb5-833c-f6bcf2eb450c,Turceni power station,RO,44.669722,23.407778,nuscale_voygr6,NH-10,,,,9.5,scored,Lowest relative wind exposure in the current ERA5 monthly-means gust cohort (< 7.5 m/s).,,"{""max_wind_speed_ms"": 6.65, ""natural_fetched_at"": ""2026-05-12T22:22:56.606723+03:00"", ""natural_run_id"": ""20260512T184804_724e6d22"", ""nh10_comment"": ""ERA5 wind assessment (ref 1991-2020) | 50yr_gust=6.7m/s | max_gust=6.8m/s | 99p=6.4m/s | prevailing=45deg | tropical_idx=0.0 | gev=ok | grid_dist=11.5km | source=copernicus_era5"", ""nh10_quality"": ""medium""}"
5d53da59-04c8-43e6-b29e-220bea4d9eb7,Despotovac power station,RS,44.05,21.26,nuscale_voygr6,NH-10,,,,7.5,scored,Lower-middle relative wind exposure in the current smoothed ERA5 cohort (7.5-9.0 m/s).,,"{""max_wind_speed_ms"": 7.54, ""natural_fetched_at"": ""2026-05-12T22:22:58.478669+03:00"", ""natural_run_id"": ""20260512T184804_724e6d22"", ""nh10_comment"": ""ERA5 wind assessment (ref 1991-2020) | 50yr_gust=7.5m/s | max_gust=7.6m/s | 99p=7.0m/s | prevailing=315deg | tropical_idx=0.0 | gev=ok | grid_dist=5.6km | source=copernicus_era5"", ""nh10_quality"": ""medium""}"
0182ec25-0df9-4e4b-9861-d76a332bc282,Kolubara A power station,RS,44.480312,20.293538,nuscale_voygr6,NH-10,,,,9.5,scored,Lowest relative wind exposure in the current ERA5 monthly-means gust cohort (< 7.5 m/s).,,"{""max_wind_speed_ms"": 7.47, ""natural_fetched_at"": ""2026-05-12T22:23:03.619961+03:00"", ""natural_run_id"": ""20260512T184804_724e6d22"", ""nh10_comment"": ""ERA5 wind assessment (ref 1991-2020) | 50yr_gust=7.5m/s | max_gust=7.5m/s | 99p=6.8m/s | prevailing=270deg | tropical_idx=0.0 | gev=ok | grid_dist=4.1km | source=copernicus_era5"", ""nh10_quality"": ""medium""}"
d30af109-79cb-4ab5-a878-6f574b58116a,Kolubara B power station,RS,44.4675,20.28444,nuscale_voygr6,NH-10,,,,9.5,scored,Lowest relative wind exposure in the current ERA5 monthly-means gust cohort (< 7.5 m/s).,,"{""max_wind_speed_ms"": 7.47, ""natural_fetched_at"": ""2026-05-12T22:23:03.635822+03:00"", ""natural_run_id"": ""20260512T184804_724e6d22"", ""nh10_comment"": ""ERA5 wind assessment (ref 1991-2020) | 50yr_gust=7.5m/s | max_gust=7.5m/s | 99p=6.8m/s | prevailing=270deg | tropical_idx=0.0 | gev=ok | grid_dist=4.5km | source=copernicus_era5"", ""nh10_quality"": ""medium""}"
993ccce2-d5e1-498d-827d-8dbfeb42582b,Kostolac power station,RS,44.723674,21.171605,nuscale_voygr6,NH-10,,,,5.5,scored,Middle relative wind exposure around the observed cohort mean (9.0-10.5 m/s).,,"{""max_wind_speed_ms"": 10.05, ""natural_fetched_at"": ""2026-05-12T22:23:10.143179+03:00"", ""natural_run_id"": ""20260512T184804_724e6d22"", ""nh10_comment"": ""ERA5 wind assessment (ref 1991-2020) | 50yr_gust=10.1m/s | max_gust=10.1m/s | 99p=8.6m/s | prevailing=112deg | tropical_idx=0.0 | gev=ok | grid_dist=6.8km | source=copernicus_era5"", ""nh10_quality"": ""medium""}"
5d4aee8d-9e73-4987-907a-d092e0ba92ed,Kovin power station,RS,44.75,20.966667,nuscale_voygr6,NH-10,,,,5.5,scored,Middle relative wind exposure around the observed cohort mean (9.0-10.5 m/s).,,"{""max_wind_speed_ms"": 9.17, ""natural_fetched_at"": ""2026-05-12T22:23:11.491180+03:00"", ""natural_run_id"": ""20260512T184804_724e6d22"", ""nh10_comment"": ""ERA5 wind assessment (ref 1991-2020) | 50yr_gust=9.2m/s | max_gust=9.3m/s | 99p=8.0m/s | prevailing=112deg | tropical_idx=0.0 | gev=ok | grid_dist=2.6km | source=copernicus_era5"", ""nh10_quality"": ""medium""}"
2b03f2e2-64ac-4262-bbff-7a536bda5722,Morava power station,RS,44.223826,21.163148,nuscale_voygr6,NH-10,,,,7.5,scored,Lower-middle relative wind exposure in the current smoothed ERA5 cohort (7.5-9.0 m/s).,,"{""max_wind_speed_ms"": 8.47, ""natural_fetched_at"": ""2026-05-12T22:23:13.740009+03:00"", ""natural_run_id"": ""20260512T184804_724e6d22"", ""nh10_comment"": ""ERA5 wind assessment (ref 1991-2020) | 50yr_gust=8.5m/s | max_gust=8.5m/s | 99p=7.5m/s | prevailing=112deg | tropical_idx=0.0 | gev=ok | grid_dist=7.5km | source=copernicus_era5"", ""nh10_quality"": ""medium""}"
c8f15aca-174b-4be6-a6d9-abfa4685d10d,Nikola Tesla power station,RS,44.671341,20.158418,nuscale_voygr6,NH-10,,,,7.5,scored,Lower-middle relative wind exposure in the current smoothed ERA5 cohort (7.5-9.0 m/s).,,"{""max_wind_speed_ms"": 7.74, ""natural_fetched_at"": ""2026-05-12T22:23:13.755462+03:00"", ""natural_run_id"": ""20260512T184804_724e6d22"", ""nh10_comment"": ""ERA5 wind assessment (ref 1991-2020) | 50yr_gust=7.7m/s | max_gust=8.0m/s | 99p=6.9m/s | prevailing=112deg | tropical_idx=0.0 | gev=ok | grid_dist=11.4km | source=copernicus_era5"", ""nh10_quality"": ""medium""}"
296282b1-d079-4c1e-b2df-12c25128b963,Štavalj Power Station,RS,43.27305,19.99944,nuscale_voygr6,NH-10,,,,7.5,scored,Lower-middle relative wind exposure in the current smoothed ERA5 cohort (7.5-9.0 m/s).,,"{""max_wind_speed_ms"": 8.49, ""natural_fetched_at"": ""2026-05-12T22:23:20.033694+03:00"", ""natural_run_id"": ""20260512T184804_724e6d22"", ""nh10_comment"": ""ERA5 wind assessment (ref 1991-2020) | 50yr_gust=8.5m/s | max_gust=8.4m/s | 99p=8.1m/s | prevailing=315deg | tropical_idx=0.0 | gev=ok | grid_dist=2.6km | source=copernicus_era5"", ""nh10_quality"": ""medium""}"
0750b80c-a54b-4ea5-b3e5-9dfb7309eca2,Sostanj power station,SI,46.3723,15.0534,nuscale_voygr6,NH-10,,,,7.5,scored,Lower-middle relative wind exposure in the current smoothed ERA5 cohort (7.5-9.0 m/s).,,"{""max_wind_speed_ms"": 7.87, ""natural_fetched_at"": ""2026-05-12T22:23:23.128204+03:00"", ""natural_run_id"": ""20260512T184804_724e6d22"", ""nh10_comment"": ""ERA5 wind assessment (ref 1991-2020) | 50yr_gust=7.9m/s | max_gust=7.9m/s | 99p=7.6m/s | prevailing=248deg | tropical_idx=0.0 | gev=ok | grid_dist=14.2km | source=copernicus_era5"", ""nh10_quality"": ""medium""}"
4cf7f820-7ad9-411e-bf39-2bbef290aaf6,Te-Tol power station,SI,46.05796,14.54513,nuscale_voygr6,NH-10,,,,7.5,scored,Lower-middle relative wind exposure in the current smoothed ERA5 cohort (7.5-9.0 m/s).,,"{""max_wind_speed_ms"": 7.97, ""natural_fetched_at"": ""2026-05-12T22:23:24.958475+03:00"", ""natural_run_id"": ""20260512T184804_724e6d22"", ""nh10_comment"": ""ERA5 wind assessment (ref 1991-2020) | 50yr_gust=8.0m/s | max_gust=8.1m/s | 99p=7.5m/s | prevailing=225deg | tropical_idx=0.0 | gev=ok | grid_dist=7.3km | source=copernicus_era5"", ""nh10_quality"": ""medium""}"
008a3366-6f56-4c1a-ac5d-6b0c75b7c7fd,Trbovlje power station,SI,46.126132,15.061808,nuscale_voygr6,NH-10,,,,7.5,scored,Lower-middle relative wind exposure in the current smoothed ERA5 cohort (7.5-9.0 m/s).,,"{""max_wind_speed_ms"": 7.87, ""natural_fetched_at"": ""2026-05-12T22:23:26.096524+03:00"", ""natural_run_id"": ""20260512T184804_724e6d22"", ""nh10_comment"": ""ERA5 wind assessment (ref 1991-2020) | 50yr_gust=7.9m/s | max_gust=7.9m/s | 99p=7.6m/s | prevailing=248deg | tropical_idx=0.0 | gev=ok | grid_dist=14.6km | source=copernicus_era5"", ""nh10_quality"": ""medium""}"
66edd8f5-e60a-412d-9b80-56496d1407b1,Kosice power station,SK,48.698047,21.271726,nuscale_voygr6,NH-10,,,,7.5,scored,Lower-middle relative wind exposure in the current smoothed ERA5 cohort (7.5-9.0 m/s).,,"{""max_wind_speed_ms"": 8.93, ""natural_fetched_at"": ""2026-05-12T22:23:31.084759+03:00"", ""natural_run_id"": ""20260512T184804_724e6d22"", ""nh10_comment"": ""ERA5 wind assessment (ref 1991-2020) | 50yr_gust=8.9m/s | max_gust=8.8m/s | 99p=8.2m/s | prevailing=338deg | tropical_idx=0.0 | gev=ok | grid_dist=6.0km | source=copernicus_era5"", ""nh10_quality"": ""medium""}"
06defca3-9105-437f-afd4-52f5603d9b8e,Martinska power station,SK,49.059218,18.907019,nuscale_voygr6,NH-10,,,,5.5,scored,Middle relative wind exposure around the observed cohort mean (9.0-10.5 m/s).,,"{""max_wind_speed_ms"": 9.48, ""natural_fetched_at"": ""2026-05-12T22:23:31.871753+03:00"", ""natural_run_id"": ""20260512T184804_724e6d22"", ""nh10_comment"": ""ERA5 wind assessment (ref 1991-2020) | 50yr_gust=9.5m/s | max_gust=9.8m/s | 99p=8.8m/s | prevailing=22deg | tropical_idx=0.0 | gev=ok | grid_dist=9.5km | source=copernicus_era5"", ""nh10_quality"": ""medium""}"
c97125b3-20ed-4e21-a853-b928644ec7dd,Novaky power station,SK,48.698823,18.533458,nuscale_voygr6,NH-10,,,,7.5,scored,Lower-middle relative wind exposure in the current smoothed ERA5 cohort (7.5-9.0 m/s).,,"{""max_wind_speed_ms"": 8.64, ""natural_fetched_at"": ""2026-05-12T22:23:35.027186+03:00"", ""natural_run_id"": ""20260512T184804_724e6d22"", ""nh10_comment"": ""ERA5 wind assessment (ref 1991-2020) | 50yr_gust=8.6m/s | max_gust=8.9m/s | 99p=7.9m/s | prevailing=338deg | tropical_idx=0.0 | gev=ok | grid_dist=6.2km | source=copernicus_era5"", ""nh10_quality"": ""medium""}"
1719d38b-61e8-4b01-844b-3a2f85c8a186,Trebisov power station,SK,48.627778,21.717222,nuscale_voygr6,NH-10,,,,7.5,scored,Lower-middle relative wind exposure in the current smoothed ERA5 cohort (7.5-9.0 m/s).,,"{""max_wind_speed_ms"": 8.34, ""natural_fetched_at"": ""2026-05-12T22:23:37.569740+03:00"", ""natural_run_id"": ""20260512T184804_724e6d22"", ""nh10_comment"": ""ERA5 wind assessment (ref 1991-2020) | 50yr_gust=8.3m/s | max_gust=8.4m/s | 99p=7.9m/s | prevailing=0deg | tropical_idx=0.0 | gev=ok | grid_dist=13.8km | source=copernicus_era5"", ""nh10_quality"": ""medium""}"
a2d8261c-3d08-4015-946c-47dbddbd0b98,U.S. Steel Kosice Works power station,SK,48.615945,21.194562,nuscale_voygr6,NH-10,,,,7.5,scored,Lower-middle relative wind exposure in the current smoothed ERA5 cohort (7.5-9.0 m/s).,,"{""max_wind_speed_ms"": 8.51, ""natural_fetched_at"": ""2026-05-12T22:23:37.586058+03:00"", ""natural_run_id"": ""20260512T184804_724e6d22"", ""nh10_comment"": ""ERA5 wind assessment (ref 1991-2020) | 50yr_gust=8.5m/s | max_gust=8.4m/s | 99p=8.1m/s | prevailing=0deg | tropical_idx=0.0 | gev=ok | grid_dist=13.5km | source=copernicus_era5"", ""nh10_quality"": ""medium""}"
770f1d3c-e5fd-493c-a376-e708d2abec6c,Vojany I power station,SK,48.5525,21.972625,nuscale_voygr6,NH-10,,,,7.5,scored,Lower-middle relative wind exposure in the current smoothed ERA5 cohort (7.5-9.0 m/s).,,"{""max_wind_speed_ms"": 7.63, ""natural_fetched_at"": ""2026-05-12T22:23:41.173396+03:00"", ""natural_run_id"": ""20260512T184804_724e6d22"", ""nh10_comment"": ""ERA5 wind assessment (ref 1991-2020) | 50yr_gust=7.6m/s | max_gust=7.5m/s | 99p=7.1m/s | prevailing=0deg | tropical_idx=0.0 | gev=ok | grid_dist=6.2km | source=copernicus_era5"", ""nh10_quality"": ""medium""}"
d48d2f39-d58f-4299-9b2f-56d194d2d13b,Ada Yesildag Enerji power station,TR,36.3761,33.9322,nuscale_voygr6,NH-10,,,,9.5,scored,Lowest relative wind exposure in the current ERA5 monthly-means gust cohort (< 7.5 m/s).,,"{""max_wind_speed_ms"": 6.81, ""natural_fetched_at"": ""2026-05-12T22:23:42.787832+03:00"", ""natural_run_id"": ""20260512T184804_724e6d22"", ""nh10_comment"": ""ERA5 wind assessment (ref 1991-2020) | 50yr_gust=6.8m/s | max_gust=6.8m/s | 99p=6.7m/s | prevailing=180deg | tropical_idx=0.0 | gev=ok | grid_dist=15.1km | source=copernicus_era5"", ""nh10_quality"": ""medium""}"
4b11cac9-4fe0-4a2a-9c09-4fe9a0ac6015,Ada Yumurtalık power station,TR,36.843,35.86,nuscale_voygr6,NH-10,,,,9.5,scored,Lowest relative wind exposure in the current ERA5 monthly-means gust cohort (< 7.5 m/s).,,"{""max_wind_speed_ms"": 7.27, ""natural_fetched_at"": ""2026-05-12T22:23:54.892910+03:00"", ""natural_run_id"": ""20260512T184804_724e6d22"", ""nh10_comment"": ""ERA5 wind assessment (ref 1991-2020) | 50yr_gust=7.3m/s | max_gust=7.3m/s | 99p=7.0m/s | prevailing=202deg | tropical_idx=0.0 | gev=ok | grid_dist=14.2km | source=copernicus_era5"", ""nh10_quality"": ""medium""}"
44698c12-3c50-4602-8104-dafa5fd215b6,Adana Akdeniz power station,TR,36.8178,35.86216,nuscale_voygr6,NH-10,,,,9.5,scored,Lowest relative wind exposure in the current ERA5 monthly-means gust cohort (< 7.5 m/s).,,"{""max_wind_speed_ms"": 7.27, ""natural_fetched_at"": ""2026-05-12T22:23:54.910938+03:00"", ""natural_run_id"": ""20260512T184804_724e6d22"", ""nh10_comment"": ""ERA5 wind assessment (ref 1991-2020) | 50yr_gust=7.3m/s | max_gust=7.3m/s | 99p=7.0m/s | prevailing=202deg | tropical_idx=0.0 | gev=ok | grid_dist=12.5km | source=copernicus_era5"", ""nh10_quality"": ""medium""}"
8a5dc384-e272-41ed-9868-a0686ac3fc7e,Adana Ceyhan power station,TR,37.0333,35.8167,nuscale_voygr6,NH-10,,,,9.5,scored,Lowest relative wind exposure in the current ERA5 monthly-means gust cohort (< 7.5 m/s).,,"{""max_wind_speed_ms"": 6.64, ""natural_fetched_at"": ""2026-05-12T22:23:57.914396+03:00"", ""natural_run_id"": ""20260512T184804_724e6d22"", ""nh10_comment"": ""ERA5 wind assessment (ref 1991-2020) | 50yr_gust=6.6m/s | max_gust=6.7m/s | 99p=6.3m/s | prevailing=180deg | tropical_idx=0.0 | gev=ok | grid_dist=7.0km | source=copernicus_era5"", ""nh10_quality"": ""medium""}"
e9bc02be-cf10-4b27-9b8a-0d4a954720e4,Afşin-Elbistan power stations,TR,38.347211,37.026002,nuscale_voygr6,NH-10,,,,7.5,scored,Lower-middle relative wind exposure in the current smoothed ERA5 cohort (7.5-9.0 m/s).,,"{""max_wind_speed_ms"": 8.63, ""natural_fetched_at"": ""2026-05-12T22:24:00.450342+03:00"", ""natural_run_id"": ""20260512T184804_724e6d22"", ""nh10_comment"": ""ERA5 wind assessment (ref 1991-2020) | 50yr_gust=8.6m/s | max_gust=8.3m/s | 99p=7.5m/s | prevailing=338deg | tropical_idx=0.0 | gev=ok | grid_dist=11.0km | source=copernicus_era5"", ""nh10_quality"": ""medium""}"
ce39538c-997e-4a7d-bc32-f164f50f9aa0,Ağan power station,TR,40.449823,27.304356,nuscale_voygr6,NH-10,,,,5.5,scored,Middle relative wind exposure around the observed cohort mean (9.0-10.5 m/s).,,"{""max_wind_speed_ms"": 10.15, ""natural_fetched_at"": ""2026-05-12T22:24:01.035408+03:00"", ""natural_run_id"": ""20260512T184804_724e6d22"", ""nh10_comment"": ""ERA5 wind assessment (ref 1991-2020) | 50yr_gust=10.1m/s | max_gust=10.1m/s | 99p=9.5m/s | prevailing=45deg | tropical_idx=0.0 | gev=ok | grid_dist=7.2km | source=copernicus_era5"", ""nh10_quality"": ""medium""}"
5fa0dfa9-c272-444e-8e70-80ab55b5d36c,Akdeniz Enerji power station,TR,36.201759,33.671397,nuscale_voygr6,NH-10,,,,5.5,scored,Middle relative wind exposure around the observed cohort mean (9.0-10.5 m/s).,,"{""max_wind_speed_ms"": 9.89, ""natural_fetched_at"": ""2026-05-12T22:24:06.001220+03:00"", ""natural_run_id"": ""20260512T184804_724e6d22"", ""nh10_comment"": ""ERA5 wind assessment (ref 1991-2020) | 50yr_gust=9.9m/s | max_gust=9.9m/s | 99p=9.4m/s | prevailing=225deg | tropical_idx=0.0 | gev=ok | grid_dist=8.9km | source=copernicus_era5"", ""nh10_quality"": ""medium""}"
992a4bf0-3ff0-4f12-bb89-50dc9e8d7d35,Aksa Akrilik power station,TR,40.691129,29.405596,nuscale_voygr6,NH-10,,,,7.5,scored,Lower-middle relative wind exposure in the current smoothed ERA5 cohort (7.5-9.0 m/s).,,"{""max_wind_speed_ms"": 8.82, ""natural_fetched_at"": ""2026-05-12T22:24:08.413980+03:00"", ""natural_run_id"": ""20260512T184804_724e6d22"", ""nh10_comment"": ""ERA5 wind assessment (ref 1991-2020) | 50yr_gust=8.8m/s | max_gust=8.9m/s | 99p=8.4m/s | prevailing=22deg | tropical_idx=0.0 | gev=ok | grid_dist=10.3km | source=copernicus_era5"", ""nh10_quality"": ""medium""}"
cb825b0f-e315-4221-b194-43d5b472382d,Albayrak Varaka Paper power station,TR,39.559474,27.969536,nuscale_voygr6,NH-10,,,,5.5,scored,Middle relative wind exposure around the observed cohort mean (9.0-10.5 m/s).,,"{""max_wind_speed_ms"": 10.31, ""natural_fetched_at"": ""2026-05-12T22:24:14.125662+03:00"", ""natural_run_id"": ""20260512T184804_724e6d22"", ""nh10_comment"": ""ERA5 wind assessment (ref 1991-2020) | 50yr_gust=10.3m/s | max_gust=10.4m/s | 99p=9.7m/s | prevailing=0deg | tropical_idx=0.0 | gev=ok | grid_dist=7.1km | source=copernicus_era5"", ""nh10_quality"": ""medium""}"
bcb86777-4a54-4891-bb26-35b201bbd57d,Aliağa Enka power station,TR,38.746,26.912,nuscale_voygr6,NH-10,,,,3.5,scored,Higher relative wind exposure in the current smoothed ERA5 cohort (10.5-12.5 m/s).,,"{""max_wind_speed_ms"": 10.79, ""natural_fetched_at"": ""2026-05-12T22:24:16.953134+03:00"", ""natural_run_id"": ""20260512T184804_724e6d22"", ""nh10_comment"": ""ERA5 wind assessment (ref 1991-2020) | 50yr_gust=10.8m/s | max_gust=10.8m/s | 99p=10.7m/s | prevailing=0deg | tropical_idx=0.0 | gev=ok | grid_dist=7.6km | source=copernicus_era5"", ""nh10_quality"": ""medium""}"
9699244b-14c0-4e27-afd1-105494fccd60,Alpu power station,TR,39.897,30.862,nuscale_voygr6,NH-10,,,,7.5,scored,Lower-middle relative wind exposure in the current smoothed ERA5 cohort (7.5-9.0 m/s).,,"{""max_wind_speed_ms"": 7.93, ""natural_fetched_at"": ""2026-05-12T22:24:21.291178+03:00"", ""natural_run_id"": ""20260512T184804_724e6d22"", ""nh10_comment"": ""ERA5 wind assessment (ref 1991-2020) | 50yr_gust=7.9m/s | max_gust=8.1m/s | 99p=7.4m/s | prevailing=315deg | tropical_idx=0.0 | gev=ok | grid_dist=14.9km | source=copernicus_era5"", ""nh10_quality"": ""medium""}"
9163ca37-1b31-409d-974f-9e7ed5e5f33d,Amasra Bartın power station,TR,41.72704,32.34971,nuscale_voygr6,NH-10,,,,7.5,scored,Lower-middle relative wind exposure in the current smoothed ERA5 cohort (7.5-9.0 m/s).,,"{""max_wind_speed_ms"": 8.42, ""natural_fetched_at"": ""2026-05-12T22:24:22.214828+03:00"", ""natural_run_id"": ""20260512T184804_724e6d22"", ""nh10_comment"": ""ERA5 wind assessment (ref 1991-2020) | 50yr_gust=8.4m/s | max_gust=8.9m/s | 99p=7.7m/s | prevailing=22deg | tropical_idx=0.0 | gev=ok | grid_dist=8.7km | source=copernicus_era5"", ""nh10_quality"": ""medium""}"
8782d6f2-5f9f-4c67-b9f2-6756857bd200,Ant Enerji power station,TR,37.366667,28.033333,nuscale_voygr6,NH-10,,,,3.5,scored,Higher relative wind exposure in the current smoothed ERA5 cohort (10.5-12.5 m/s).,,"{""max_wind_speed_ms"": 10.64, ""natural_fetched_at"": ""2026-05-12T22:24:26.434966+03:00"", ""natural_run_id"": ""20260512T184804_724e6d22"", ""nh10_comment"": ""ERA5 wind assessment (ref 1991-2020) | 50yr_gust=10.6m/s | max_gust=10.7m/s | 99p=9.9m/s | prevailing=315deg | tropical_idx=0.0 | gev=ok | grid_dist=13.3km | source=copernicus_era5"", ""nh10_quality"": ""medium""}"
b5a75ec8-a2fe-42ad-b33e-ea32e20ebdfb,Astoria Ceyhan power station,TR,36.90659,35.96236,nuscale_voygr6,NH-10,,,,9.5,scored,Lowest relative wind exposure in the current ERA5 monthly-means gust cohort (< 7.5 m/s).,,"{""max_wind_speed_ms"": 6.14, ""natural_fetched_at"": ""2026-05-12T22:24:26.453435+03:00"", ""natural_run_id"": ""20260512T184804_724e6d22"", ""nh10_comment"": ""ERA5 wind assessment (ref 1991-2020) | 50yr_gust=6.1m/s | max_gust=6.2m/s | 99p=5.8m/s | prevailing=202deg | tropical_idx=0.0 | gev=ok | grid_dist=10.9km | source=copernicus_era5"", ""nh10_quality"": ""medium""}"
c6b846cb-3a01-4e17-9d51-da4b58fd1827,Atakaş power station,TR,36.6971,36.2042,nuscale_voygr6,NH-10,,,,7.5,scored,Lower-middle relative wind exposure in the current smoothed ERA5 cohort (7.5-9.0 m/s).,,"{""max_wind_speed_ms"": 8.08, ""natural_fetched_at"": ""2026-05-12T22:24:30.105014+03:00"", ""natural_run_id"": ""20260512T184804_724e6d22"", ""nh10_comment"": ""ERA5 wind assessment (ref 1991-2020) | 50yr_gust=8.1m/s | max_gust=8.0m/s | 99p=7.7m/s | prevailing=270deg | tropical_idx=0.0 | gev=ok | grid_dist=7.2km | source=copernicus_era5"", ""nh10_quality"": ""medium""}"
1ce7624e-1d72-4293-8ff4-09096b56ddd2,Atlas Enerji İskenderun power station,TR,36.69028,36.20909,nuscale_voygr6,NH-10,,,,7.5,scored,Lower-middle relative wind exposure in the current smoothed ERA5 cohort (7.5-9.0 m/s).,,"{""max_wind_speed_ms"": 8.08, ""natural_fetched_at"": ""2026-05-12T22:24:30.119701+03:00"", ""natural_run_id"": ""20260512T184804_724e6d22"", ""nh10_comment"": ""ERA5 wind assessment (ref 1991-2020) | 50yr_gust=8.1m/s | max_gust=8.0m/s | 99p=7.7m/s | prevailing=270deg | tropical_idx=0.0 | gev=ok | grid_dist=7.6km | source=copernicus_era5"", ""nh10_quality"": ""medium""}"
c7afd455-7beb-4d23-8d3b-e9a102782d2b,Avdan power station,TR,37.750237,29.094284,nuscale_voygr6,NH-10,,,,9.5,scored,Lowest relative wind exposure in the current ERA5 monthly-means gust cohort (< 7.5 m/s).,,"{""max_wind_speed_ms"": 7.21, ""natural_fetched_at"": ""2026-05-12T22:24:34.156225+03:00"", ""natural_run_id"": ""20260512T184804_724e6d22"", ""nh10_comment"": ""ERA5 wind assessment (ref 1991-2020) | 50yr_gust=7.2m/s | max_gust=7.2m/s | 99p=6.9m/s | prevailing=338deg | tropical_idx=0.0 | gev=ok | grid_dist=8.3km | source=copernicus_era5"", ""nh10_quality"": ""medium""}"
7a805295-0cd2-48be-972e-5282c996549c,Ayas power station,TR,36.82211,35.86753,nuscale_voygr6,NH-10,,,,9.5,scored,Lowest relative wind exposure in the current ERA5 monthly-means gust cohort (< 7.5 m/s).,,"{""max_wind_speed_ms"": 7.27, ""natural_fetched_at"": ""2026-05-12T22:24:34.172396+03:00"", ""natural_run_id"": ""20260512T184804_724e6d22"", ""nh10_comment"": ""ERA5 wind assessment (ref 1991-2020) | 50yr_gust=7.3m/s | max_gust=7.3m/s | 99p=7.0m/s | prevailing=202deg | tropical_idx=0.0 | gev=ok | grid_dist=13.2km | source=copernicus_era5"", ""nh10_quality"": ""medium""}"
b8875ff2-9e9d-4520-8879-c71468e9cc50,Babadere power station,TR,39.609,26.189,nuscale_voygr6,NH-10,,,,3.5,scored,Higher relative wind exposure in the current smoothed ERA5 cohort (10.5-12.5 m/s).,,"{""max_wind_speed_ms"": 12.38, ""natural_fetched_at"": ""2026-05-12T22:24:35.636769+03:00"", ""natural_run_id"": ""20260512T184804_724e6d22"", ""nh10_comment"": ""ERA5 wind assessment (ref 1991-2020) | 50yr_gust=12.4m/s | max_gust=12.5m/s | 99p=11.0m/s | prevailing=0deg | tropical_idx=0.0 | gev=ok | grid_dist=13.2km | source=copernicus_era5"", ""nh10_quality"": ""medium""}"
ba1f1f36-18b4-49ae-9882-f90418dc88ce,Bandırma Elektrik power station,TR,40.30593,27.7272,nuscale_voygr6,NH-10,,,,3.5,scored,Higher relative wind exposure in the current smoothed ERA5 cohort (10.5-12.5 m/s).,,"{""max_wind_speed_ms"": 11.28, ""natural_fetched_at"": ""2026-05-12T22:24:36.922240+03:00"", ""natural_run_id"": ""20260512T184804_724e6d22"", ""nh10_comment"": ""ERA5 wind assessment (ref 1991-2020) | 50yr_gust=11.3m/s | max_gust=11.3m/s | 99p=10.8m/s | prevailing=22deg | tropical_idx=0.0 | gev=ok | grid_dist=6.5km | source=copernicus_era5"", ""nh10_quality"": ""medium""}"
fecb62d9-6fb8-4f8d-83e3-78a7c75adb6e,Bandırma III power station,TR,39.385,27.533,nuscale_voygr6,NH-10,,,,1.5,scored,"Highest relative or out-of-cohort exposure for the current proxy; 49 m/s remains design-envelope review, not validated by this metric.",,"{""max_wind_speed_ms"": 12.55, ""natural_fetched_at"": ""2026-05-12T22:24:38.736759+03:00"", ""natural_run_id"": ""20260512T184804_724e6d22"", ""nh10_comment"": ""ERA5 wind assessment (ref 1991-2020) | 50yr_gust=12.5m/s | max_gust=12.8m/s | 99p=11.7m/s | prevailing=22deg | tropical_idx=0.0 | gev=ok | grid_dist=13.1km | source=copernicus_era5"", ""nh10_quality"": ""medium""}"
bb2453b0-c76d-40ea-bcc4-870391f05b2f,Bandırma Karat power station,TR,40.357,27.975,nuscale_voygr6,NH-10,,,,3.5,scored,Higher relative wind exposure in the current smoothed ERA5 cohort (10.5-12.5 m/s).,,"{""max_wind_speed_ms"": 11.14, ""natural_fetched_at"": ""2026-05-12T22:24:43.835602+03:00"", ""natural_run_id"": ""20260512T184804_724e6d22"", ""nh10_comment"": ""ERA5 wind assessment (ref 1991-2020) | 50yr_gust=11.1m/s | max_gust=11.3m/s | 99p=10.6m/s | prevailing=22deg | tropical_idx=0.0 | gev=ok | grid_dist=12.1km | source=copernicus_era5"", ""nh10_quality"": ""medium""}"
1289753b-43db-4058-8fe1-6e38b5fb01b5,Barbaros-1 power station,TR,41.803,35.194,nuscale_voygr6,NH-10,,,,7.5,scored,Lower-middle relative wind exposure in the current smoothed ERA5 cohort (7.5-9.0 m/s).,,"{""max_wind_speed_ms"": 7.62, ""natural_fetched_at"": ""2026-05-12T22:24:45.893490+03:00"", ""natural_run_id"": ""20260512T184804_724e6d22"", ""nh10_comment"": ""ERA5 wind assessment (ref 1991-2020) | 50yr_gust=7.6m/s | max_gust=7.7m/s | 99p=7.4m/s | prevailing=315deg | tropical_idx=0.0 | gev=ok | grid_dist=7.5km | source=copernicus_era5"", ""nh10_quality"": ""medium""}"
2350bab4-9869-43f1-b62f-a4d5aea77ef5,Biga power station,TR,40.47233,27.28625,nuscale_voygr6,NH-10,,,,5.5,scored,Middle relative wind exposure around the observed cohort mean (9.0-10.5 m/s).,,"{""max_wind_speed_ms"": 10.15, ""natural_fetched_at"": ""2026-05-12T22:24:47.664265+03:00"", ""natural_run_id"": ""20260512T184804_724e6d22"", ""nh10_comment"": ""ERA5 wind assessment (ref 1991-2020) | 50yr_gust=10.1m/s | max_gust=10.1m/s | 99p=9.5m/s | prevailing=45deg | tropical_idx=0.0 | gev=ok | grid_dist=4.3km | source=copernicus_era5"", ""nh10_quality"": ""medium""}"
75f807aa-8278-43a3-8654-730713b96001,Bingöl power station,TR,39.31575,40.889156,nuscale_voygr6,NH-10,,,,7.5,scored,Lower-middle relative wind exposure in the current smoothed ERA5 cohort (7.5-9.0 m/s).,,"{""max_wind_speed_ms"": 7.68, ""natural_fetched_at"": ""2026-05-12T22:24:50.358383+03:00"", ""natural_run_id"": ""20260512T184804_724e6d22"", ""nh10_comment"": ""ERA5 wind assessment (ref 1991-2020) | 50yr_gust=7.7m/s | max_gust=7.6m/s | 99p=7.4m/s | prevailing=22deg | tropical_idx=0.0 | gev=ok | grid_dist=12.0km | source=copernicus_era5"", ""nh10_quality"": ""medium""}"
2b6a65d3-efb0-44d8-b88b-9aad311f4ac4,Bolu Göynük power station,TR,40.2514,30.8129,nuscale_voygr6,NH-10,,,,9.5,scored,Lowest relative wind exposure in the current ERA5 monthly-means gust cohort (< 7.5 m/s).,,"{""max_wind_speed_ms"": 7.41, ""natural_fetched_at"": ""2026-05-12T22:24:54.875708+03:00"", ""natural_run_id"": ""20260512T184804_724e6d22"", ""nh10_comment"": ""ERA5 wind assessment (ref 1991-2020) | 50yr_gust=7.4m/s | max_gust=7.5m/s | 99p=6.9m/s | prevailing=338deg | tropical_idx=0.0 | gev=ok | grid_dist=5.3km | source=copernicus_era5"", ""nh10_quality"": ""medium""}"
7b4d3f8f-a644-48a3-93f9-cd3c154dc5c2,Burnaz power station,TR,36.491859,36.192092,nuscale_voygr6,NH-10,,,,7.5,scored,Lower-middle relative wind exposure in the current smoothed ERA5 cohort (7.5-9.0 m/s).,,"{""max_wind_speed_ms"": 7.69, ""natural_fetched_at"": ""2026-05-12T22:24:54.891688+03:00"", ""natural_run_id"": ""20260512T184804_724e6d22"", ""nh10_comment"": ""ERA5 wind assessment (ref 1991-2020) | 50yr_gust=7.7m/s | max_gust=7.8m/s | 99p=7.2m/s | prevailing=248deg | tropical_idx=0.0 | gev=ok | grid_dist=5.3km | source=copernicus_era5"", ""nh10_quality"": ""medium""}"
3bc834ed-5c2b-47d6-b555-2e20b9044053,Bursa power station,TR,39.90331,29.17746,nuscale_voygr6,NH-10,,,,5.5,scored,Middle relative wind exposure around the observed cohort mean (9.0-10.5 m/s).,,"{""max_wind_speed_ms"": 9.45, ""natural_fetched_at"": ""2026-05-12T22:24:58.284022+03:00"", ""natural_run_id"": ""20260512T184804_724e6d22"", ""nh10_comment"": ""ERA5 wind assessment (ref 1991-2020) | 50yr_gust=9.4m/s | max_gust=9.4m/s | 99p=8.6m/s | prevailing=0deg | tropical_idx=0.0 | gev=ok | grid_dist=12.4km | source=copernicus_era5"", ""nh10_quality"": ""medium""}"
e71ec827-7143-48dd-8c8a-8e81705fa971,Çalışkan Ceyhan power station,TR,36.93815,35.99446,nuscale_voygr6,NH-10,,,,9.5,scored,Lowest relative wind exposure in the current ERA5 monthly-means gust cohort (< 7.5 m/s).,,"{""max_wind_speed_ms"": 6.14, ""natural_fetched_at"": ""2026-05-12T22:25:00.800108+03:00"", ""natural_run_id"": ""20260512T184804_724e6d22"", ""nh10_comment"": ""ERA5 wind assessment (ref 1991-2020) | 50yr_gust=6.1m/s | max_gust=6.2m/s | 99p=5.8m/s | prevailing=202deg | tropical_idx=0.0 | gev=ok | grid_dist=6.9km | source=copernicus_era5"", ""nh10_quality"": ""medium""}"
ad1e8841-e4e4-413b-820a-8c14e09da5a0,Çan (18 Mart) power station,TR,40.02324,26.976837,nuscale_voygr6,NH-10,,,,3.5,scored,Higher relative wind exposure in the current smoothed ERA5 cohort (10.5-12.5 m/s).,,"{""max_wind_speed_ms"": 11.51, ""natural_fetched_at"": ""2026-05-12T22:25:02.206447+03:00"", ""natural_run_id"": ""20260512T184804_724e6d22"", ""nh10_comment"": ""ERA5 wind assessment (ref 1991-2020) | 50yr_gust=11.5m/s | max_gust=11.6m/s | 99p=10.9m/s | prevailing=22deg | tropical_idx=0.0 | gev=ok | grid_dist=3.3km | source=copernicus_era5"", ""nh10_quality"": ""medium""}"
28980273-0ba6-4c8c-b080-7ff9b33cc4c9,Çan-2 power station,TR,40.034352,26.950574,nuscale_voygr6,NH-10,,,,3.5,scored,Higher relative wind exposure in the current smoothed ERA5 cohort (10.5-12.5 m/s).,,"{""max_wind_speed_ms"": 11.51, ""natural_fetched_at"": ""2026-05-12T22:25:02.226040+03:00"", ""natural_run_id"": ""20260512T184804_724e6d22"", ""nh10_comment"": ""ERA5 wind assessment (ref 1991-2020) | 50yr_gust=11.5m/s | max_gust=11.6m/s | 99p=10.9m/s | prevailing=22deg | tropical_idx=0.0 | gev=ok | grid_dist=5.7km | source=copernicus_era5"", ""nh10_quality"": ""medium""}"
dd413ee8-a6f2-4e7c-8e6c-6d0ed8637d83,Çankırı Orta power station,TR,40.623886,33.112751,nuscale_voygr6,NH-10,,,,7.5,scored,Lower-middle relative wind exposure in the current smoothed ERA5 cohort (7.5-9.0 m/s).,,"{""max_wind_speed_ms"": 7.95, ""natural_fetched_at"": ""2026-05-12T22:25:05.599684+03:00"", ""natural_run_id"": ""20260512T184804_724e6d22"", ""nh10_comment"": ""ERA5 wind assessment (ref 1991-2020) | 50yr_gust=7.9m/s | max_gust=8.1m/s | 99p=7.5m/s | prevailing=338deg | tropical_idx=0.0 | gev=ok | grid_dist=16.7km | source=copernicus_era5"", ""nh10_quality"": ""medium""}"
fc307877-758b-4dbf-afbe-abfc4a778155,Çankırı Yıldızlar power station,TR,40.6078,33.3202,nuscale_voygr6,NH-10,,,,7.5,scored,Lower-middle relative wind exposure in the current smoothed ERA5 cohort (7.5-9.0 m/s).,,"{""max_wind_speed_ms"": 7.68, ""natural_fetched_at"": ""2026-05-12T22:25:09.564730+03:00"", ""natural_run_id"": ""20260512T184804_724e6d22"", ""nh10_comment"": ""ERA5 wind assessment (ref 1991-2020) | 50yr_gust=7.7m/s | max_gust=7.9m/s | 99p=7.2m/s | prevailing=338deg | tropical_idx=0.0 | gev=ok | grid_dist=13.4km | source=copernicus_era5"", ""nh10_quality"": ""medium""}"
8b16dc60-1a2b-4b2c-bcad-1c334d246ae3,Çatalağzı power station,TR,41.517402,31.900198,nuscale_voygr6,NH-10,,,,9.5,scored,Lowest relative wind exposure in the current ERA5 monthly-means gust cohort (< 7.5 m/s).,,"{""max_wind_speed_ms"": 6.98, ""natural_fetched_at"": ""2026-05-12T22:25:10.697356+03:00"", ""natural_run_id"": ""20260512T184804_724e6d22"", ""nh10_comment"": ""ERA5 wind assessment (ref 1991-2020) | 50yr_gust=7.0m/s | max_gust=7.0m/s | 99p=6.8m/s | prevailing=0deg | tropical_idx=0.0 | gev=ok | grid_dist=8.5km | source=copernicus_era5"", ""nh10_quality"": ""medium""}"
674deb4f-110c-4120-bea0-5f0711da3ea1,Çayırhan power station,TR,40.097,31.695,nuscale_voygr6,NH-10,,,,9.5,scored,Lowest relative wind exposure in the current ERA5 monthly-means gust cohort (< 7.5 m/s).,,"{""max_wind_speed_ms"": 5.91, ""natural_fetched_at"": ""2026-05-12T22:25:12.630826+03:00"", ""natural_run_id"": ""20260512T184804_724e6d22"", ""nh10_comment"": ""ERA5 wind assessment (ref 1991-2020) | 50yr_gust=5.9m/s | max_gust=6.0m/s | 99p=5.7m/s | prevailing=315deg | tropical_idx=0.0 | gev=ok | grid_dist=11.8km | source=copernicus_era5"", ""nh10_quality"": ""medium""}"
d12e7ffc-4cd3-4ff4-81da-ae360d59409b,Çebi Enerji power station,TR,41.013446,27.961648,nuscale_voygr6,NH-10,,,,3.5,scored,Higher relative wind exposure in the current smoothed ERA5 cohort (10.5-12.5 m/s).,,"{""max_wind_speed_ms"": 11.81, ""natural_fetched_at"": ""2026-05-12T22:25:14.021431+03:00"", ""natural_run_id"": ""20260512T184804_724e6d22"", ""nh10_comment"": ""ERA5 wind assessment (ref 1991-2020) | 50yr_gust=11.8m/s | max_gust=12.2m/s | 99p=10.5m/s | prevailing=22deg | tropical_idx=0.0 | gev=ok | grid_dist=3.5km | source=copernicus_era5"", ""nh10_quality"": ""medium""}"
a4af3789-2c40-41fc-a3ec-3b8d2fc6c645,Çelikler Yumurtalık power station,TR,36.86788,35.90949,nuscale_voygr6,NH-10,,,,9.5,scored,Lowest relative wind exposure in the current ERA5 monthly-means gust cohort (< 7.5 m/s).,,"{""max_wind_speed_ms"": 6.65, ""natural_fetched_at"": ""2026-05-12T22:25:14.038725+03:00"", ""natural_run_id"": ""20260512T184804_724e6d22"", ""nh10_comment"": ""ERA5 wind assessment (ref 1991-2020) | 50yr_gust=6.6m/s | max_gust=6.7m/s | 99p=6.5m/s | prevailing=225deg | tropical_idx=0.0 | gev=ok | grid_dist=15.4km | source=copernicus_era5"", ""nh10_quality"": ""medium""}"
a96dc545-41a9-4b0d-a7a3-f40ef711e5e3,Cenal power station,TR,40.4167,27.31829,nuscale_voygr6,NH-10,,,,5.5,scored,Middle relative wind exposure around the observed cohort mean (9.0-10.5 m/s).,,"{""max_wind_speed_ms"": 10.15, ""natural_fetched_at"": ""2026-05-12T22:25:16.293303+03:00"", ""natural_run_id"": ""20260512T184804_724e6d22"", ""nh10_comment"": ""ERA5 wind assessment (ref 1991-2020) | 50yr_gust=10.1m/s | max_gust=10.1m/s | 99p=9.5m/s | prevailing=45deg | tropical_idx=0.0 | gev=ok | grid_dist=10.9km | source=copernicus_era5"", ""nh10_quality"": ""medium""}"
e894ba3e-e397-47c9-b0b9-a72cfb6bd680,Çerkezköy power station,TR,41.283333,28.0,nuscale_voygr6,NH-10,,,,3.5,scored,Higher relative wind exposure in the current smoothed ERA5 cohort (10.5-12.5 m/s).,,"{""max_wind_speed_ms"": 10.87, ""natural_fetched_at"": ""2026-05-12T22:25:21.046107+03:00"", ""natural_run_id"": ""20260512T184804_724e6d22"", ""nh10_comment"": ""ERA5 wind assessment (ref 1991-2020) | 50yr_gust=10.9m/s | max_gust=10.8m/s | 99p=10.1m/s | prevailing=22deg | tropical_idx=0.0 | gev=ok | grid_dist=3.7km | source=copernicus_era5"", ""nh10_quality"": ""medium""}"
bddb4fb7-c01d-4b71-bc30-1896b88298bf,Çırpılar power station,TR,39.816777,27.339752,nuscale_voygr6,NH-10,,,,1.5,scored,"Highest relative or out-of-cohort exposure for the current proxy; 49 m/s remains design-envelope review, not validated by this metric.",,"{""max_wind_speed_ms"": 13.43, ""natural_fetched_at"": ""2026-05-12T22:25:23.363866+03:00"", ""natural_run_id"": ""20260512T184804_724e6d22"", ""nh10_comment"": ""ERA5 wind assessment (ref 1991-2020) | 50yr_gust=13.4m/s | max_gust=13.7m/s | 99p=12.7m/s | prevailing=22deg | tropical_idx=0.0 | gev=ok | grid_dist=10.7km | source=copernicus_era5"", ""nh10_quality"": ""medium""}"
778e0750-19f9-426e-a6c7-e0e30645fb97,Çoban Yıldız power station,TR,37.557261,32.847995,nuscale_voygr6,NH-10,,,,9.5,scored,Lowest relative wind exposure in the current ERA5 monthly-means gust cohort (< 7.5 m/s).,,"{""max_wind_speed_ms"": 6.71, ""natural_fetched_at"": ""2026-05-12T22:25:27.356723+03:00"", ""natural_run_id"": ""20260512T184804_724e6d22"", ""nh10_comment"": ""ERA5 wind assessment (ref 1991-2020) | 50yr_gust=6.7m/s | max_gust=6.9m/s | 99p=6.3m/s | prevailing=338deg | tropical_idx=0.0 | gev=ok | grid_dist=10.7km | source=copernicus_era5"", ""nh10_quality"": ""medium""}"
28c80d72-dd9e-4fbf-a2c7-d48d49ca61dc,Demirtaş power station,TR,36.780693,35.735779,nuscale_voygr6,NH-10,,,,9.5,scored,Lowest relative wind exposure in the current ERA5 monthly-means gust cohort (< 7.5 m/s).,,"{""max_wind_speed_ms"": 7.27, ""natural_fetched_at"": ""2026-05-12T22:25:27.372421+03:00"", ""natural_run_id"": ""20260512T184804_724e6d22"", ""nh10_comment"": ""ERA5 wind assessment (ref 1991-2020) | 50yr_gust=7.3m/s | max_gust=7.3m/s | 99p=7.0m/s | prevailing=202deg | tropical_idx=0.0 | gev=ok | grid_dist=3.6km | source=copernicus_era5"", ""nh10_quality"": ""medium""}"
a70bbc9a-1469-4d56-be56-f282ed4130a8,Deniz power station,TR,38.746,26.912,nuscale_voygr6,NH-10,,,,3.5,scored,Higher relative wind exposure in the current smoothed ERA5 cohort (10.5-12.5 m/s).,,"{""max_wind_speed_ms"": 10.79, ""natural_fetched_at"": ""2026-05-12T22:25:27.386216+03:00"", ""natural_run_id"": ""20260512T184804_724e6d22"", ""nh10_comment"": ""ERA5 wind assessment (ref 1991-2020) | 50yr_gust=10.8m/s | max_gust=10.8m/s | 99p=10.7m/s | prevailing=0deg | tropical_idx=0.0 | gev=ok | grid_dist=7.6km | source=copernicus_era5"", ""nh10_quality"": ""medium""}"
5067ece3-b204-495e-81c1-90a523252547,DETES 1 power station,TR,41.498,31.868,nuscale_voygr6,NH-10,,,,7.5,scored,Lower-middle relative wind exposure in the current smoothed ERA5 cohort (7.5-9.0 m/s).,,"{""max_wind_speed_ms"": 8.14, ""natural_fetched_at"": ""2026-05-12T22:25:27.400549+03:00"", ""natural_run_id"": ""20260512T184804_724e6d22"", ""nh10_comment"": ""ERA5 wind assessment (ref 1991-2020) | 50yr_gust=8.1m/s | max_gust=8.5m/s | 99p=7.5m/s | prevailing=22deg | tropical_idx=0.0 | gev=ok | grid_dist=9.8km | source=copernicus_era5"", ""nh10_quality"": ""medium""}"
c657c5c3-38a2-472d-8962-9e7cefcd2c1e,Diler (Akbayir) Elbistan power station,TR,38.17,37.37,nuscale_voygr6,NH-10,,,,7.5,scored,Lower-middle relative wind exposure in the current smoothed ERA5 cohort (7.5-9.0 m/s).,,"{""max_wind_speed_ms"": 8.49, ""natural_fetched_at"": ""2026-05-12T22:25:29.018290+03:00"", ""natural_run_id"": ""20260512T184804_724e6d22"", ""nh10_comment"": ""ERA5 wind assessment (ref 1991-2020) | 50yr_gust=8.5m/s | max_gust=8.5m/s | 99p=7.6m/s | prevailing=338deg | tropical_idx=0.0 | gev=ok | grid_dist=13.7km | source=copernicus_era5"", ""nh10_quality"": ""medium""}"
59f96677-d42b-4ae1-a3e9-32f3dc396a83,Dinar power station,TR,38.064,30.167,nuscale_voygr6,NH-10,,,,5.5,scored,Middle relative wind exposure around the observed cohort mean (9.0-10.5 m/s).,,"{""max_wind_speed_ms"": 9.1, ""natural_fetched_at"": ""2026-05-12T22:25:30.653568+03:00"", ""natural_run_id"": ""20260512T184804_724e6d22"", ""nh10_comment"": ""ERA5 wind assessment (ref 1991-2020) | 50yr_gust=9.1m/s | max_gust=9.0m/s | 99p=8.3m/s | prevailing=22deg | tropical_idx=0.0 | gev=ok | grid_dist=10.2km | source=copernicus_era5"", ""nh10_quality"": ""medium""}"
161660e7-3ccf-4704-b452-b126599700a0,DOSAB cogeneration plant,TR,40.243172,28.96442,nuscale_voygr6,NH-10,,,,7.5,scored,Lower-middle relative wind exposure in the current smoothed ERA5 cohort (7.5-9.0 m/s).,,"{""max_wind_speed_ms"": 7.95, ""natural_fetched_at"": ""2026-05-12T22:25:31.881990+03:00"", ""natural_run_id"": ""20260512T184804_724e6d22"", ""nh10_comment"": ""ERA5 wind assessment (ref 1991-2020) | 50yr_gust=7.9m/s | max_gust=8.1m/s | 99p=7.6m/s | prevailing=22deg | tropical_idx=0.0 | gev=ok | grid_dist=3.1km | source=copernicus_era5"", ""nh10_quality"": ""medium""}"
aa336cdc-f6fe-4b08-b46d-69e852c501bf,Ece power station,TR,36.780693,35.735779,nuscale_voygr6,NH-10,,,,9.5,scored,Lowest relative wind exposure in the current ERA5 monthly-means gust cohort (< 7.5 m/s).,,"{""max_wind_speed_ms"": 7.27, ""natural_fetched_at"": ""2026-05-12T22:25:31.899642+03:00"", ""natural_run_id"": ""20260512T184804_724e6d22"", ""nh10_comment"": ""ERA5 wind assessment (ref 1991-2020) | 50yr_gust=7.3m/s | max_gust=7.3m/s | 99p=7.0m/s | prevailing=202deg | tropical_idx=0.0 | gev=ok | grid_dist=3.6km | source=copernicus_era5"", ""nh10_quality"": ""medium""}"
3f1ad930-cffb-4991-badd-773db74b890c,EMBA Hunutlu power station,TR,36.81609,35.85481,nuscale_voygr6,NH-10,,,,9.5,scored,Lowest relative wind exposure in the current ERA5 monthly-means gust cohort (< 7.5 m/s).,,"{""max_wind_speed_ms"": 7.27, ""natural_fetched_at"": ""2026-05-12T22:25:31.915628+03:00"", ""natural_run_id"": ""20260512T184804_724e6d22"", ""nh10_comment"": ""ERA5 wind assessment (ref 1991-2020) | 50yr_gust=7.3m/s | max_gust=7.3m/s | 99p=7.0m/s | prevailing=202deg | tropical_idx=0.0 | gev=ok | grid_dist=11.9km | source=copernicus_era5"", ""nh10_quality"": ""medium""}"
28baef4d-44e3-4b2e-bbe3-75f736371553,Enyat Samsun power station,TR,40.97,35.67,nuscale_voygr6,NH-10,,,,9.5,scored,Lowest relative wind exposure in the current ERA5 monthly-means gust cohort (< 7.5 m/s).,,"{""max_wind_speed_ms"": 6.84, ""natural_fetched_at"": ""2026-05-12T22:25:34.416425+03:00"", ""natural_run_id"": ""20260512T184804_724e6d22"", ""nh10_comment"": ""ERA5 wind assessment (ref 1991-2020) | 50yr_gust=6.8m/s | max_gust=6.9m/s | 99p=6.6m/s | prevailing=22deg | tropical_idx=0.0 | gev=ok | grid_dist=7.5km | source=copernicus_era5"", ""nh10_quality"": ""medium""}"
142cad75-648a-495d-8c10-792351e72126,Eren-1 power station,TR,41.632,27.03,nuscale_voygr6,NH-10,,,,5.5,scored,Middle relative wind exposure around the observed cohort mean (9.0-10.5 m/s).,,"{""max_wind_speed_ms"": 9.2, ""natural_fetched_at"": ""2026-05-12T22:25:38.435084+03:00"", ""natural_run_id"": ""20260512T184804_724e6d22"", ""nh10_comment"": ""ERA5 wind assessment (ref 1991-2020) | 50yr_gust=9.2m/s | max_gust=9.2m/s | 99p=8.4m/s | prevailing=22deg | tropical_idx=0.0 | gev=ok | grid_dist=13.4km | source=copernicus_era5"", ""nh10_quality"": ""medium""}"
f92bc907-9b9b-4d21-92fd-1705bd71128c,Ergene power station,TR,41.2408,27.6967,nuscale_voygr6,NH-10,,,,5.5,scored,Middle relative wind exposure around the observed cohort mean (9.0-10.5 m/s).,,"{""max_wind_speed_ms"": 10.0, ""natural_fetched_at"": ""2026-05-12T22:25:46.704111+03:00"", ""natural_run_id"": ""20260512T184804_724e6d22"", ""nh10_comment"": ""ERA5 wind assessment (ref 1991-2020) | 50yr_gust=10.0m/s | max_gust=10.0m/s | 99p=9.4m/s | prevailing=22deg | tropical_idx=0.0 | gev=ok | grid_dist=4.6km | source=copernicus_era5"", ""nh10_quality"": ""medium""}"
b90e80f9-66f3-4290-8aa2-518b8422aba0,Eti Maden Bandirma power station,TR,40.328921,27.990415,nuscale_voygr6,NH-10,,,,3.5,scored,Higher relative wind exposure in the current smoothed ERA5 cohort (10.5-12.5 m/s).,,"{""max_wind_speed_ms"": 11.14, ""natural_fetched_at"": ""2026-05-12T22:25:54.638636+03:00"", ""natural_run_id"": ""20260512T184804_724e6d22"", ""nh10_comment"": ""ERA5 wind assessment (ref 1991-2020) | 50yr_gust=11.1m/s | max_gust=11.3m/s | 99p=10.6m/s | prevailing=22deg | tropical_idx=0.0 | gev=ok | grid_dist=8.8km | source=copernicus_era5"", ""nh10_quality"": ""medium""}"
17568f0f-91fd-4efe-b4df-2c7cc5d80b7d,Evrese power station,TR,40.416667,26.666667,nuscale_voygr6,NH-10,,,,3.5,scored,Higher relative wind exposure in the current smoothed ERA5 cohort (10.5-12.5 m/s).,,"{""max_wind_speed_ms"": 10.75, ""natural_fetched_at"": ""2026-05-12T22:25:58.627398+03:00"", ""natural_run_id"": ""20260512T184804_724e6d22"", ""nh10_comment"": ""ERA5 wind assessment (ref 1991-2020) | 50yr_gust=10.7m/s | max_gust=11.1m/s | 99p=9.4m/s | prevailing=45deg | tropical_idx=0.0 | gev=ok | grid_dist=11.6km | source=copernicus_era5"", ""nh10_quality"": ""medium""}"
cb08e7b6-0af3-45d9-95c3-3832e7e2677c,Filyos power station,TR,41.57543,32.05965,nuscale_voygr6,NH-10,,,,9.5,scored,Lowest relative wind exposure in the current ERA5 monthly-means gust cohort (< 7.5 m/s).,,"{""max_wind_speed_ms"": 6.98, ""natural_fetched_at"": ""2026-05-12T22:26:02.503914+03:00"", ""natural_run_id"": ""20260512T184804_724e6d22"", ""nh10_comment"": ""ERA5 wind assessment (ref 1991-2020) | 50yr_gust=7.0m/s | max_gust=7.0m/s | 99p=6.8m/s | prevailing=0deg | tropical_idx=0.0 | gev=ok | grid_dist=9.7km | source=copernicus_era5"", ""nh10_quality"": ""medium""}"
829f61ff-0ad1-4288-8dd9-e41abbd0b6a7,Gebze Çolakoğlu power station,TR,40.77758,29.538564,nuscale_voygr6,NH-10,,,,7.5,scored,Lower-middle relative wind exposure in the current smoothed ERA5 cohort (7.5-9.0 m/s).,,"{""max_wind_speed_ms"": 8.82, ""natural_fetched_at"": ""2026-05-12T22:26:04.849195+03:00"", ""natural_run_id"": ""20260512T184804_724e6d22"", ""nh10_comment"": ""ERA5 wind assessment (ref 1991-2020) | 50yr_gust=8.8m/s | max_gust=8.9m/s | 99p=8.4m/s | prevailing=22deg | tropical_idx=0.0 | gev=ok | grid_dist=4.5km | source=copernicus_era5"", ""nh10_quality"": ""medium""}"
e780e4ac-0506-4186-9b58-0f378f878345,Gerze power station,TR,41.86621,35.12424,nuscale_voygr6,NH-10,,,,9.5,scored,Lowest relative wind exposure in the current ERA5 monthly-means gust cohort (< 7.5 m/s).,,"{""max_wind_speed_ms"": 7.08, ""natural_fetched_at"": ""2026-05-12T22:26:04.867397+03:00"", ""natural_run_id"": ""20260512T184804_724e6d22"", ""nh10_comment"": ""ERA5 wind assessment (ref 1991-2020) | 50yr_gust=7.1m/s | max_gust=7.1m/s | 99p=6.8m/s | prevailing=315deg | tropical_idx=0.0 | gev=ok | grid_dist=16.5km | source=copernicus_era5"", ""nh10_quality"": ""medium""}"
c9c85786-eb26-4e7b-b280-83a54b7e834f,Gölovası power station,TR,36.85356,35.89809,nuscale_voygr6,NH-10,,,,9.5,scored,Lowest relative wind exposure in the current ERA5 monthly-means gust cohort (< 7.5 m/s).,,"{""max_wind_speed_ms"": 6.65, ""natural_fetched_at"": ""2026-05-12T22:26:04.883049+03:00"", ""natural_run_id"": ""20260512T184804_724e6d22"", ""nh10_comment"": ""ERA5 wind assessment (ref 1991-2020) | 50yr_gust=6.6m/s | max_gust=6.7m/s | 99p=6.5m/s | prevailing=225deg | tropical_idx=0.0 | gev=ok | grid_dist=14.7km | source=copernicus_era5"", ""nh10_quality"": ""medium""}"
0ca0b969-c519-48f3-97ab-7173d3aa6085,Gönen power station,TR,40.1,27.65,nuscale_voygr6,NH-10,,,,3.5,scored,Higher relative wind exposure in the current smoothed ERA5 cohort (10.5-12.5 m/s).,,"{""max_wind_speed_ms"": 10.97, ""natural_fetched_at"": ""2026-05-12T22:26:06.343559+03:00"", ""natural_run_id"": ""20260512T184804_724e6d22"", ""nh10_comment"": ""ERA5 wind assessment (ref 1991-2020) | 50yr_gust=11.0m/s | max_gust=11.2m/s | 99p=10.4m/s | prevailing=0deg | tropical_idx=0.0 | gev=ok | grid_dist=14.0km | source=copernicus_era5"", ""nh10_quality"": ""medium""}"
53481b7f-5b85-4bab-be04-4866c2e72c12,Güney Akdeniz power station,TR,36.416667,35.883333,nuscale_voygr6,NH-10,,,,5.5,scored,Middle relative wind exposure around the observed cohort mean (9.0-10.5 m/s).,,"{""max_wind_speed_ms"": 9.36, ""natural_fetched_at"": ""2026-05-12T22:26:08.040560+03:00"", ""natural_run_id"": ""20260512T184804_724e6d22"", ""nh10_comment"": ""ERA5 wind assessment (ref 1991-2020) | 50yr_gust=9.4m/s | max_gust=9.3m/s | 99p=8.7m/s | prevailing=225deg | tropical_idx=0.0 | gev=ok | grid_dist=14.0km | source=copernicus_era5"", ""nh10_quality"": ""medium""}"
d110df11-ad8e-44dc-8a32-af692ca46c6f,Güneybatı Anadolu power station,TR,37.31,27.78,nuscale_voygr6,NH-10,,,,5.5,scored,Middle relative wind exposure around the observed cohort mean (9.0-10.5 m/s).,,"{""max_wind_speed_ms"": 10.27, ""natural_fetched_at"": ""2026-05-12T22:26:11.829589+03:00"", ""natural_run_id"": ""20260512T184804_724e6d22"", ""nh10_comment"": ""ERA5 wind assessment (ref 1991-2020) | 50yr_gust=10.3m/s | max_gust=10.5m/s | 99p=9.2m/s | prevailing=315deg | tropical_idx=0.0 | gev=ok | grid_dist=7.2km | source=copernicus_era5"", ""nh10_quality"": ""medium""}"
d5151598-5a1a-4697-8147-592845ffef6c,Güreci power station,TR,40.343889,26.683611,nuscale_voygr6,NH-10,,,,3.5,scored,Higher relative wind exposure in the current smoothed ERA5 cohort (10.5-12.5 m/s).,,"{""max_wind_speed_ms"": 11.21, ""natural_fetched_at"": ""2026-05-12T22:26:11.848696+03:00"", ""natural_run_id"": ""20260512T184804_724e6d22"", ""nh10_comment"": ""ERA5 wind assessment (ref 1991-2020) | 50yr_gust=11.2m/s | max_gust=11.2m/s | 99p=11.0m/s | prevailing=45deg | tropical_idx=0.0 | gev=ok | grid_dist=11.9km | source=copernicus_era5"", ""nh10_quality"": ""medium""}"
5a19f424-1a15-44e6-bf1b-c2c5886ac1bf,Gürmin Enerji Amasya power station,TR,40.889,35.597,nuscale_voygr6,NH-10,,,,9.5,scored,Lowest relative wind exposure in the current ERA5 monthly-means gust cohort (< 7.5 m/s).,,"{""max_wind_speed_ms"": 6.58, ""natural_fetched_at"": ""2026-05-12T22:26:11.869056+03:00"", ""natural_run_id"": ""20260512T184804_724e6d22"", ""nh10_comment"": ""ERA5 wind assessment (ref 1991-2020) | 50yr_gust=6.6m/s | max_gust=6.5m/s | 99p=6.4m/s | prevailing=22deg | tropical_idx=0.0 | gev=ok | grid_dist=14.8km | source=copernicus_era5"", ""nh10_quality"": ""medium""}"
80179871-04fa-4806-9385-caf739b8a171,Habaş power station,TR,38.77273,26.94599,nuscale_voygr6,NH-10,,,,3.5,scored,Higher relative wind exposure in the current smoothed ERA5 cohort (10.5-12.5 m/s).,,"{""max_wind_speed_ms"": 10.79, ""natural_fetched_at"": ""2026-05-12T22:26:11.886942+03:00"", ""natural_run_id"": ""20260512T184804_724e6d22"", ""nh10_comment"": ""ERA5 wind assessment (ref 1991-2020) | 50yr_gust=10.8m/s | max_gust=10.8m/s | 99p=10.7m/s | prevailing=0deg | tropical_idx=0.0 | gev=ok | grid_dist=5.3km | source=copernicus_era5"", ""nh10_quality"": ""medium""}"
adeb10a5-aaae-4e2c-b426-3db1c3d9bd5b,Hakan Enerji power station,TR,36.84343,35.886929,nuscale_voygr6,NH-10,,,,9.5,scored,Lowest relative wind exposure in the current ERA5 monthly-means gust cohort (< 7.5 m/s).,,"{""max_wind_speed_ms"": 6.65, ""natural_fetched_at"": ""2026-05-12T22:26:11.906427+03:00"", ""natural_run_id"": ""20260512T184804_724e6d22"", ""nh10_comment"": ""ERA5 wind assessment (ref 1991-2020) | 50yr_gust=6.6m/s | max_gust=6.7m/s | 99p=6.5m/s | prevailing=225deg | tropical_idx=0.0 | gev=ok | grid_dist=14.5km | source=copernicus_era5"", ""nh10_quality"": ""medium""}"
82aac38c-3037-466c-9b37-bff9da707645,Hakan Kömür power station,TR,37.0333,35.8167,nuscale_voygr6,NH-10,,,,9.5,scored,Lowest relative wind exposure in the current ERA5 monthly-means gust cohort (< 7.5 m/s).,,"{""max_wind_speed_ms"": 6.64, ""natural_fetched_at"": ""2026-05-12T22:26:11.925436+03:00"", ""natural_run_id"": ""20260512T184804_724e6d22"", ""nh10_comment"": ""ERA5 wind assessment (ref 1991-2020) | 50yr_gust=6.6m/s | max_gust=6.7m/s | 99p=6.3m/s | prevailing=180deg | tropical_idx=0.0 | gev=ok | grid_dist=7.0km | source=copernicus_era5"", ""nh10_quality"": ""medium""}"
e10aae79-05b7-4ad9-9d69-60ce190b4444,Hande power station,TR,36.780693,35.735779,nuscale_voygr6,NH-10,,,,9.5,scored,Lowest relative wind exposure in the current ERA5 monthly-means gust cohort (< 7.5 m/s).,,"{""max_wind_speed_ms"": 7.27, ""natural_fetched_at"": ""2026-05-12T22:26:11.944589+03:00"", ""natural_run_id"": ""20260512T184804_724e6d22"", ""nh10_comment"": ""ERA5 wind assessment (ref 1991-2020) | 50yr_gust=7.3m/s | max_gust=7.3m/s | 99p=7.0m/s | prevailing=202deg | tropical_idx=0.0 | gev=ok | grid_dist=3.6km | source=copernicus_era5"", ""nh10_quality"": ""medium""}"
e0e73325-5b32-4fef-b925-f0bb91114450,Helvacı power station,TR,40.08,27.168,nuscale_voygr6,NH-10,,,,3.5,scored,Higher relative wind exposure in the current smoothed ERA5 cohort (10.5-12.5 m/s).,,"{""max_wind_speed_ms"": 11.69, ""natural_fetched_at"": ""2026-05-12T22:26:13.262777+03:00"", ""natural_run_id"": ""20260512T184804_724e6d22"", ""nh10_comment"": ""ERA5 wind assessment (ref 1991-2020) | 50yr_gust=11.7m/s | max_gust=11.8m/s | 99p=11.1m/s | prevailing=22deg | tropical_idx=0.0 | gev=ok | grid_dist=11.3km | source=copernicus_era5"", ""nh10_quality"": ""medium""}"
0947a4c8-4fc1-492f-9c66-2c9a993c7fb0,HEMA Amasra power station,TR,41.723,32.349,nuscale_voygr6,NH-10,,,,7.5,scored,Lower-middle relative wind exposure in the current smoothed ERA5 cohort (7.5-9.0 m/s).,,"{""max_wind_speed_ms"": 8.42, ""natural_fetched_at"": ""2026-05-12T22:26:17.561815+03:00"", ""natural_run_id"": ""20260512T184804_724e6d22"", ""nh10_comment"": ""ERA5 wind assessment (ref 1991-2020) | 50yr_gust=8.4m/s | max_gust=8.9m/s | 99p=7.7m/s | prevailing=22deg | tropical_idx=0.0 | gev=ok | grid_dist=8.7km | source=copernicus_era5"", ""nh10_quality"": ""medium""}"
cc635340-954c-4428-9fa1-14383c7faceb,İÇDAŞ Bekirli power station,TR,40.39953,27.04973,nuscale_voygr6,NH-10,,,,5.5,scored,Middle relative wind exposure around the observed cohort mean (9.0-10.5 m/s).,,"{""max_wind_speed_ms"": 10.44, ""natural_fetched_at"": ""2026-05-12T22:26:20.228437+03:00"", ""natural_run_id"": ""20260512T184804_724e6d22"", ""nh10_comment"": ""ERA5 wind assessment (ref 1991-2020) | 50yr_gust=10.4m/s | max_gust=10.5m/s | 99p=9.7m/s | prevailing=45deg | tropical_idx=0.0 | gev=ok | grid_dist=11.9km | source=copernicus_era5"", ""nh10_quality"": ""medium""}"
746fc66e-d31f-4c5d-bf5c-ab5031b04b15,İÇDAŞ Biga power station,TR,40.4438,27.13067,nuscale_voygr6,NH-10,,,,5.5,scored,Middle relative wind exposure around the observed cohort mean (9.0-10.5 m/s).,,"{""max_wind_speed_ms"": 10.15, ""natural_fetched_at"": ""2026-05-12T22:26:20.246225+03:00"", ""natural_run_id"": ""20260512T184804_724e6d22"", ""nh10_comment"": ""ERA5 wind assessment (ref 1991-2020) | 50yr_gust=10.1m/s | max_gust=10.1m/s | 99p=9.5m/s | prevailing=45deg | tropical_idx=0.0 | gev=ok | grid_dist=11.9km | source=copernicus_era5"", ""nh10_quality"": ""medium""}"
47c1271c-e2b2-42f5-99ee-f616bbef5b7e,Ilgın power station,TR,38.26,31.91,nuscale_voygr6,NH-10,,,,7.5,scored,Lower-middle relative wind exposure in the current smoothed ERA5 cohort (7.5-9.0 m/s).,,"{""max_wind_speed_ms"": 8.31, ""natural_fetched_at"": ""2026-05-12T22:26:21.748918+03:00"", ""natural_run_id"": ""20260512T184804_724e6d22"", ""nh10_comment"": ""ERA5 wind assessment (ref 1991-2020) | 50yr_gust=8.3m/s | max_gust=8.3m/s | 99p=7.7m/s | prevailing=180deg | tropical_idx=0.0 | gev=ok | grid_dist=7.9km | source=copernicus_era5"", ""nh10_quality"": ""medium""}"
3819acc8-761d-49ba-89e7-967d3d37ec0e,Irmak power station,TR,39.79,26.3325,nuscale_voygr6,NH-10,,,,3.5,scored,Higher relative wind exposure in the current smoothed ERA5 cohort (10.5-12.5 m/s).,,"{""max_wind_speed_ms"": 12.46, ""natural_fetched_at"": ""2026-05-12T22:26:24.956831+03:00"", ""natural_run_id"": ""20260512T184804_724e6d22"", ""nh10_comment"": ""ERA5 wind assessment (ref 1991-2020) | 50yr_gust=12.5m/s | max_gust=12.7m/s | 99p=11.6m/s | prevailing=22deg | tropical_idx=0.0 | gev=ok | grid_dist=8.3km | source=copernicus_era5"", ""nh10_quality"": ""medium""}"
6ddc2960-3d72-4d5f-b358-56d1c54f47e0,İsken Sugözü power station,TR,36.83502,35.879104,nuscale_voygr6,NH-10,,,,9.5,scored,Lowest relative wind exposure in the current ERA5 monthly-means gust cohort (< 7.5 m/s).,,"{""max_wind_speed_ms"": 6.65, ""natural_fetched_at"": ""2026-05-12T22:26:24.973048+03:00"", ""natural_run_id"": ""20260512T184804_724e6d22"", ""nh10_comment"": ""ERA5 wind assessment (ref 1991-2020) | 50yr_gust=6.6m/s | max_gust=6.7m/s | 99p=6.5m/s | prevailing=225deg | tropical_idx=0.0 | gev=ok | grid_dist=14.3km | source=copernicus_era5"", ""nh10_quality"": ""medium""}"
1624a526-07d8-44a4-8ed7-3b035b748f03,İskenderun power station,TR,36.587,36.173,nuscale_voygr6,NH-10,,,,7.5,scored,Lower-middle relative wind exposure in the current smoothed ERA5 cohort (7.5-9.0 m/s).,,"{""max_wind_speed_ms"": 7.69, ""natural_fetched_at"": ""2026-05-12T22:26:24.988544+03:00"", ""natural_run_id"": ""20260512T184804_724e6d22"", ""nh10_comment"": ""ERA5 wind assessment (ref 1991-2020) | 50yr_gust=7.7m/s | max_gust=7.8m/s | 99p=7.2m/s | prevailing=248deg | tropical_idx=0.0 | gev=ok | grid_dist=11.9km | source=copernicus_era5"", ""nh10_quality"": ""medium""}"
d19ed873-b20a-43fd-b7e8-62e985c88820,İzdemir Enerji power station,TR,38.74173,26.92917,nuscale_voygr6,NH-10,,,,3.5,scored,Higher relative wind exposure in the current smoothed ERA5 cohort (10.5-12.5 m/s).,,"{""max_wind_speed_ms"": 10.79, ""natural_fetched_at"": ""2026-05-12T22:26:25.002330+03:00"", ""natural_run_id"": ""20260512T184804_724e6d22"", ""nh10_comment"": ""ERA5 wind assessment (ref 1991-2020) | 50yr_gust=10.8m/s | max_gust=10.8m/s | 99p=10.7m/s | prevailing=0deg | tropical_idx=0.0 | gev=ok | grid_dist=6.2km | source=copernicus_era5"", ""nh10_quality"": ""medium""}"
56b8e2a3-1885-431f-9fd1-4cd3bebfad61,Iztek Ceyhan Komur power station,TR,37.0333,35.8167,nuscale_voygr6,NH-10,,,,9.5,scored,Lowest relative wind exposure in the current ERA5 monthly-means gust cohort (< 7.5 m/s).,,"{""max_wind_speed_ms"": 6.64, ""natural_fetched_at"": ""2026-05-12T22:26:25.015724+03:00"", ""natural_run_id"": ""20260512T184804_724e6d22"", ""nh10_comment"": ""ERA5 wind assessment (ref 1991-2020) | 50yr_gust=6.6m/s | max_gust=6.7m/s | 99p=6.3m/s | prevailing=180deg | tropical_idx=0.0 | gev=ok | grid_dist=7.0km | source=copernicus_era5"", ""nh10_quality"": ""medium""}"
55cfe45b-6357-40f9-8623-e9916f91f839,Kahramanmaraş Anadolu power station,TR,38.350818,37.00706,nuscale_voygr6,NH-10,,,,7.5,scored,Lower-middle relative wind exposure in the current smoothed ERA5 cohort (7.5-9.0 m/s).,,"{""max_wind_speed_ms"": 8.63, ""natural_fetched_at"": ""2026-05-12T22:26:26.738186+03:00"", ""natural_run_id"": ""20260512T184804_724e6d22"", ""nh10_comment"": ""ERA5 wind assessment (ref 1991-2020) | 50yr_gust=8.6m/s | max_gust=8.3m/s | 99p=7.5m/s | prevailing=338deg | tropical_idx=0.0 | gev=ok | grid_dist=11.2km | source=copernicus_era5"", ""nh10_quality"": ""medium""}"
ca423571-d2ab-44d4-b5ce-3e649d9cc776,Kandilli power station,TR,41.33935,31.51114,nuscale_voygr6,NH-10,,,,7.5,scored,Lower-middle relative wind exposure in the current smoothed ERA5 cohort (7.5-9.0 m/s).,,"{""max_wind_speed_ms"": 7.87, ""natural_fetched_at"": ""2026-05-12T22:26:28.211826+03:00"", ""natural_run_id"": ""20260512T184804_724e6d22"", ""nh10_comment"": ""ERA5 wind assessment (ref 1991-2020) | 50yr_gust=7.9m/s | max_gust=8.0m/s | 99p=7.3m/s | prevailing=22deg | tropical_idx=0.0 | gev=ok | grid_dist=10.0km | source=copernicus_era5"", ""nh10_quality"": ""medium""}"
bfadbe66-971d-4f64-b222-604a7ee6ac6b,Kangal Etyemez power station,TR,39.07743,37.29562,nuscale_voygr6,NH-10,,,,5.5,scored,Middle relative wind exposure around the observed cohort mean (9.0-10.5 m/s).,,"{""max_wind_speed_ms"": 9.15, ""natural_fetched_at"": ""2026-05-12T22:26:30.833585+03:00"", ""natural_run_id"": ""20260512T184804_724e6d22"", ""nh10_comment"": ""ERA5 wind assessment (ref 1991-2020) | 50yr_gust=9.2m/s | max_gust=9.4m/s | 99p=8.3m/s | prevailing=315deg | tropical_idx=0.0 | gev=ok | grid_dist=9.5km | source=copernicus_era5"", ""nh10_quality"": ""medium""}"
0248611c-b745-404f-ad50-c2870882c7a1,Kangal power station,TR,39.077483,37.294973,nuscale_voygr6,NH-10,,,,5.5,scored,Middle relative wind exposure around the observed cohort mean (9.0-10.5 m/s).,,"{""max_wind_speed_ms"": 9.15, ""natural_fetched_at"": ""2026-05-12T22:26:30.853458+03:00"", ""natural_run_id"": ""20260512T184804_724e6d22"", ""nh10_comment"": ""ERA5 wind assessment (ref 1991-2020) | 50yr_gust=9.2m/s | max_gust=9.4m/s | 99p=8.3m/s | prevailing=315deg | tropical_idx=0.0 | gev=ok | grid_dist=9.5km | source=copernicus_era5"", ""nh10_quality"": ""medium""}"
0fec985c-c66e-40af-a123-a9ba4db269bb,Karaburun power station,TR,40.446,27.287,nuscale_voygr6,NH-10,,,,5.5,scored,Middle relative wind exposure around the observed cohort mean (9.0-10.5 m/s).,,"{""max_wind_speed_ms"": 10.15, ""natural_fetched_at"": ""2026-05-12T22:26:30.870027+03:00"", ""natural_run_id"": ""20260512T184804_724e6d22"", ""nh10_comment"": ""ERA5 wind assessment (ref 1991-2020) | 50yr_gust=10.1m/s | max_gust=10.1m/s | 99p=9.5m/s | prevailing=45deg | tropical_idx=0.0 | gev=ok | grid_dist=6.8km | source=copernicus_era5"", ""nh10_quality"": ""medium""}"
a6478cb9-5b8c-4d64-bbe6-3d3ed6a3da2c,Karapinar Konya Şeker power station,TR,37.716,33.554,nuscale_voygr6,NH-10,,,,7.5,scored,Lower-middle relative wind exposure in the current smoothed ERA5 cohort (7.5-9.0 m/s).,,"{""max_wind_speed_ms"": 7.76, ""natural_fetched_at"": ""2026-05-12T22:26:36.398951+03:00"", ""natural_run_id"": ""20260512T184804_724e6d22"", ""nh10_comment"": ""ERA5 wind assessment (ref 1991-2020) | 50yr_gust=7.8m/s | max_gust=8.1m/s | 99p=7.2m/s | prevailing=338deg | tropical_idx=0.0 | gev=ok | grid_dist=6.1km | source=copernicus_era5"", ""nh10_quality"": ""medium""}"
8dd46a05-6e0c-4009-90ad-bd5909c25622,Kardemir Karabük Demir Çelik power station,TR,41.514274,31.909608,nuscale_voygr6,NH-10,,,,9.5,scored,Lowest relative wind exposure in the current ERA5 monthly-means gust cohort (< 7.5 m/s).,,"{""max_wind_speed_ms"": 6.98, ""natural_fetched_at"": ""2026-05-12T22:26:36.413986+03:00"", ""natural_run_id"": ""20260512T184804_724e6d22"", ""nh10_comment"": ""ERA5 wind assessment (ref 1991-2020) | 50yr_gust=7.0m/s | max_gust=7.0m/s | 99p=6.8m/s | prevailing=0deg | tropical_idx=0.0 | gev=ok | grid_dist=7.7km | source=copernicus_era5"", ""nh10_quality"": ""medium""}"
8e7f6abf-e420-4f40-b9da-9ea76ccedfb1,Kemerköy power station,TR,37.035362,27.900592,nuscale_voygr6,NH-10,,,,5.5,scored,Middle relative wind exposure around the observed cohort mean (9.0-10.5 m/s).,,"{""max_wind_speed_ms"": 9.75, ""natural_fetched_at"": ""2026-05-12T22:26:37.200321+03:00"", ""natural_run_id"": ""20260512T184804_724e6d22"", ""nh10_comment"": ""ERA5 wind assessment (ref 1991-2020) | 50yr_gust=9.8m/s | max_gust=9.7m/s | 99p=9.0m/s | prevailing=292deg | tropical_idx=0.0 | gev=ok | grid_dist=9.7km | source=copernicus_era5"", ""nh10_quality"": ""medium""}"
d21335d4-0a3d-4464-85e0-352745a38db4,Kilikya power station,TR,36.82786,35.87151,nuscale_voygr6,NH-10,,,,9.5,scored,Lowest relative wind exposure in the current ERA5 monthly-means gust cohort (< 7.5 m/s).,,"{""max_wind_speed_ms"": 7.27, ""natural_fetched_at"": ""2026-05-12T22:26:37.220643+03:00"", ""natural_run_id"": ""20260512T184804_724e6d22"", ""nh10_comment"": ""ERA5 wind assessment (ref 1991-2020) | 50yr_gust=7.3m/s | max_gust=7.3m/s | 99p=7.0m/s | prevailing=202deg | tropical_idx=0.0 | gev=ok | grid_dist=13.9km | source=copernicus_era5"", ""nh10_quality"": ""medium""}"
cf918ba6-6226-479f-b04c-b3c67885c0ba,Kipas MMP power station,TR,37.767197,27.445695,nuscale_voygr6,NH-10,,,,7.5,scored,Lower-middle relative wind exposure in the current smoothed ERA5 cohort (7.5-9.0 m/s).,,"{""max_wind_speed_ms"": 8.95, ""natural_fetched_at"": ""2026-05-12T22:26:40.145730+03:00"", ""natural_run_id"": ""20260512T184804_724e6d22"", ""nh10_comment"": ""ERA5 wind assessment (ref 1991-2020) | 50yr_gust=8.9m/s | max_gust=9.0m/s | 99p=8.2m/s | prevailing=315deg | tropical_idx=0.0 | gev=ok | grid_dist=5.1km | source=copernicus_era5"", ""nh10_quality"": ""medium""}"
d020ac37-4f23-41b1-8f1e-b425b5769424,Kirazlıdere power complex,TR,40.38227,26.99455,nuscale_voygr6,NH-10,,,,5.5,scored,Middle relative wind exposure around the observed cohort mean (9.0-10.5 m/s).,,"{""max_wind_speed_ms"": 10.44, ""natural_fetched_at"": ""2026-05-12T22:26:42.447217+03:00"", ""natural_run_id"": ""20260512T184804_724e6d22"", ""nh10_comment"": ""ERA5 wind assessment (ref 1991-2020) | 50yr_gust=10.4m/s | max_gust=10.5m/s | 99p=9.7m/s | prevailing=45deg | tropical_idx=0.0 | gev=ok | grid_dist=13.1km | source=copernicus_era5"", ""nh10_quality"": ""medium""}"
76cd9b7f-7613-4fd4-95ab-bf534a2e2f5e,Kireçlik power station,TR,41.368944,31.587836,nuscale_voygr6,NH-10,,,,7.5,scored,Lower-middle relative wind exposure in the current smoothed ERA5 cohort (7.5-9.0 m/s).,,"{""max_wind_speed_ms"": 7.87, ""natural_fetched_at"": ""2026-05-12T22:26:46.198640+03:00"", ""natural_run_id"": ""20260512T184804_724e6d22"", ""nh10_comment"": ""ERA5 wind assessment (ref 1991-2020) | 50yr_gust=7.9m/s | max_gust=8.0m/s | 99p=7.3m/s | prevailing=22deg | tropical_idx=0.0 | gev=ok | grid_dist=15.1km | source=copernicus_era5"", ""nh10_quality"": ""medium""}"
7defe42d-669b-489f-aff5-d1b83436607d,Kınık power station,TR,39.084,27.45,nuscale_voygr6,NH-10,,,,3.5,scored,Higher relative wind exposure in the current smoothed ERA5 cohort (10.5-12.5 m/s).,,"{""max_wind_speed_ms"": 11.68, ""natural_fetched_at"": ""2026-05-12T22:26:49.382563+03:00"", ""natural_run_id"": ""20260512T184804_724e6d22"", ""nh10_comment"": ""ERA5 wind assessment (ref 1991-2020) | 50yr_gust=11.7m/s | max_gust=11.8m/s | 99p=10.9m/s | prevailing=0deg | tropical_idx=0.0 | gev=ok | grid_dist=10.3km | source=copernicus_era5"", ""nh10_quality"": ""medium""}"
5b6be56c-d981-470c-a979-13a8764a34b8,Kıvanç power station,TR,36.34,33.4,nuscale_voygr6,NH-10,,,,5.5,scored,Middle relative wind exposure around the observed cohort mean (9.0-10.5 m/s).,,"{""max_wind_speed_ms"": 9.98, ""natural_fetched_at"": ""2026-05-12T22:26:52.712221+03:00"", ""natural_run_id"": ""20260512T184804_724e6d22"", ""nh10_comment"": ""ERA5 wind assessment (ref 1991-2020) | 50yr_gust=10.0m/s | max_gust=10.2m/s | 99p=9.0m/s | prevailing=225deg | tropical_idx=0.0 | gev=ok | grid_dist=13.4km | source=copernicus_era5"", ""nh10_quality"": ""medium""}"
ad0c8590-c672-43f2-a813-1217a10f7d2d,Konya Karapınar power station,TR,37.614187,33.591193,nuscale_voygr6,NH-10,,,,9.5,scored,Lowest relative wind exposure in the current ERA5 monthly-means gust cohort (< 7.5 m/s).,,"{""max_wind_speed_ms"": 6.45, ""natural_fetched_at"": ""2026-05-12T22:26:54.951513+03:00"", ""natural_run_id"": ""20260512T184804_724e6d22"", ""nh10_comment"": ""ERA5 wind assessment (ref 1991-2020) | 50yr_gust=6.4m/s | max_gust=6.5m/s | 99p=6.1m/s | prevailing=315deg | tropical_idx=0.0 | gev=ok | grid_dist=15.0km | source=copernicus_era5"", ""nh10_quality"": ""medium""}"
2a3aad60-2bff-4206-8275-f6e2029f9278,Kütahya Domaniç power station,TR,39.8,29.61,nuscale_voygr6,NH-10,,,,7.5,scored,Lower-middle relative wind exposure in the current smoothed ERA5 cohort (7.5-9.0 m/s).,,"{""max_wind_speed_ms"": 8.52, ""natural_fetched_at"": ""2026-05-12T22:26:58.203550+03:00"", ""natural_run_id"": ""20260512T184804_724e6d22"", ""nh10_comment"": ""ERA5 wind assessment (ref 1991-2020) | 50yr_gust=8.5m/s | max_gust=8.4m/s | 99p=7.9m/s | prevailing=22deg | tropical_idx=0.0 | gev=ok | grid_dist=10.9km | source=copernicus_era5"", ""nh10_quality"": ""medium""}"
bac4a081-83dc-4aba-8076-b67bfc55f54c,Lüminer Enerji power station,TR,40.892,26.901,nuscale_voygr6,NH-10,,,,5.5,scored,Middle relative wind exposure around the observed cohort mean (9.0-10.5 m/s).,,"{""max_wind_speed_ms"": 9.23, ""natural_fetched_at"": ""2026-05-12T22:26:59.781148+03:00"", ""natural_run_id"": ""20260512T184804_724e6d22"", ""nh10_comment"": ""ERA5 wind assessment (ref 1991-2020) | 50yr_gust=9.2m/s | max_gust=9.2m/s | 99p=8.9m/s | prevailing=22deg | tropical_idx=0.0 | gev=ok | grid_dist=14.6km | source=copernicus_era5"", ""nh10_quality"": ""medium""}"
c8e1cc12-080a-4e01-925d-8fd6e4334856,Meda power station,TR,40.972709,27.876831,nuscale_voygr6,NH-10,,,,3.5,scored,Higher relative wind exposure in the current smoothed ERA5 cohort (10.5-12.5 m/s).,,"{""max_wind_speed_ms"": 11.81, ""natural_fetched_at"": ""2026-05-12T22:27:00.072523+03:00"", ""natural_run_id"": ""20260512T184804_724e6d22"", ""nh10_comment"": ""ERA5 wind assessment (ref 1991-2020) | 50yr_gust=11.8m/s | max_gust=12.2m/s | 99p=10.5m/s | prevailing=22deg | tropical_idx=0.0 | gev=ok | grid_dist=10.8km | source=copernicus_era5"", ""nh10_quality"": ""medium""}"
1820429d-bd95-4e56-a6db-d9bb57e2ae07,Mersin Gülnar power station,TR,36.33,33.4,nuscale_voygr6,NH-10,,,,5.5,scored,Middle relative wind exposure around the observed cohort mean (9.0-10.5 m/s).,,"{""max_wind_speed_ms"": 9.98, ""natural_fetched_at"": ""2026-05-12T22:27:00.088758+03:00"", ""natural_run_id"": ""20260512T184804_724e6d22"", ""nh10_comment"": ""ERA5 wind assessment (ref 1991-2020) | 50yr_gust=10.0m/s | max_gust=10.2m/s | 99p=9.0m/s | prevailing=225deg | tropical_idx=0.0 | gev=ok | grid_dist=12.6km | source=copernicus_era5"", ""nh10_quality"": ""medium""}"
42d5b3fd-7d07-409b-9154-4441695b7901,Mert power station,TR,36.953333,36.203333,nuscale_voygr6,NH-10,,,,9.5,scored,Lowest relative wind exposure in the current ERA5 monthly-means gust cohort (< 7.5 m/s).,,"{""max_wind_speed_ms"": 7.47, ""natural_fetched_at"": ""2026-05-12T22:27:00.103272+03:00"", ""natural_run_id"": ""20260512T184804_724e6d22"", ""nh10_comment"": ""ERA5 wind assessment (ref 1991-2020) | 50yr_gust=7.5m/s | max_gust=7.4m/s | 99p=7.0m/s | prevailing=248deg | tropical_idx=0.0 | gev=ok | grid_dist=6.6km | source=copernicus_era5"", ""nh10_quality"": ""medium""}"
166f5fcc-1cc4-4cf5-9e52-59e7ce1557c6,METES power station,TR,36.24,33.75,nuscale_voygr6,NH-10,,,,5.5,scored,Middle relative wind exposure around the observed cohort mean (9.0-10.5 m/s).,,"{""max_wind_speed_ms"": 9.89, ""natural_fetched_at"": ""2026-05-12T22:27:00.115964+03:00"", ""natural_run_id"": ""20260512T184804_724e6d22"", ""nh10_comment"": ""ERA5 wind assessment (ref 1991-2020) | 50yr_gust=9.9m/s | max_gust=9.9m/s | 99p=9.4m/s | prevailing=225deg | tropical_idx=0.0 | gev=ok | grid_dist=1.1km | source=copernicus_era5"", ""nh10_quality"": ""medium""}"
b588126a-42d6-49dc-b227-9283af5a2578,Misis Adana power station,TR,36.843,35.86,nuscale_voygr6,NH-10,,,,9.5,scored,Lowest relative wind exposure in the current ERA5 monthly-means gust cohort (< 7.5 m/s).,,"{""max_wind_speed_ms"": 7.27, ""natural_fetched_at"": ""2026-05-12T22:27:00.130272+03:00"", ""natural_run_id"": ""20260512T184804_724e6d22"", ""nh10_comment"": ""ERA5 wind assessment (ref 1991-2020) | 50yr_gust=7.3m/s | max_gust=7.3m/s | 99p=7.0m/s | prevailing=202deg | tropical_idx=0.0 | gev=ok | grid_dist=14.2km | source=copernicus_era5"", ""nh10_quality"": ""medium""}"
0049a899-af5f-41cd-86ae-2ba729b6365f,Muğla power station,TR,37.15,27.805,nuscale_voygr6,NH-10,,,,5.5,scored,Middle relative wind exposure around the observed cohort mean (9.0-10.5 m/s).,,"{""max_wind_speed_ms"": 10.27, ""natural_fetched_at"": ""2026-05-12T22:27:01.678223+03:00"", ""natural_run_id"": ""20260512T184804_724e6d22"", ""nh10_comment"": ""ERA5 wind assessment (ref 1991-2020) | 50yr_gust=10.3m/s | max_gust=10.5m/s | 99p=9.2m/s | prevailing=315deg | tropical_idx=0.0 | gev=ok | grid_dist=12.1km | source=copernicus_era5"", ""nh10_quality"": ""medium""}"
5ed91c1b-0a1b-4a4c-9b2b-f6bdc8ff9770,Namal power station,TR,40.343889,26.683611,nuscale_voygr6,NH-10,,,,3.5,scored,Higher relative wind exposure in the current smoothed ERA5 cohort (10.5-12.5 m/s).,,"{""max_wind_speed_ms"": 11.21, ""natural_fetched_at"": ""2026-05-12T22:27:01.694761+03:00"", ""natural_run_id"": ""20260512T184804_724e6d22"", ""nh10_comment"": ""ERA5 wind assessment (ref 1991-2020) | 50yr_gust=11.2m/s | max_gust=11.2m/s | 99p=11.0m/s | prevailing=45deg | tropical_idx=0.0 | gev=ok | grid_dist=11.9km | source=copernicus_era5"", ""nh10_quality"": ""medium""}"
21ccc44f-3244-4e7f-9654-eae424288200,Naren Karabiga power station,TR,40.458066,27.254994,nuscale_voygr6,NH-10,,,,5.5,scored,Middle relative wind exposure around the observed cohort mean (9.0-10.5 m/s).,,"{""max_wind_speed_ms"": 10.15, ""natural_fetched_at"": ""2026-05-12T22:27:01.706676+03:00"", ""natural_run_id"": ""20260512T184804_724e6d22"", ""nh10_comment"": ""ERA5 wind assessment (ref 1991-2020) | 50yr_gust=10.1m/s | max_gust=10.1m/s | 99p=9.5m/s | prevailing=45deg | tropical_idx=0.0 | gev=ok | grid_dist=4.7km | source=copernicus_era5"", ""nh10_quality"": ""medium""}"
80b922cb-9e78-49aa-9d28-1dc84b1affef,Orhaneli power station,TR,39.950224,28.870214,nuscale_voygr6,NH-10,,,,7.5,scored,Lower-middle relative wind exposure in the current smoothed ERA5 cohort (7.5-9.0 m/s).,,"{""max_wind_speed_ms"": 8.12, ""natural_fetched_at"": ""2026-05-12T22:27:03.270245+03:00"", ""natural_run_id"": ""20260512T184804_724e6d22"", ""nh10_comment"": ""ERA5 wind assessment (ref 1991-2020) | 50yr_gust=8.1m/s | max_gust=8.1m/s | 99p=8.0m/s | prevailing=0deg | tropical_idx=0.0 | gev=ok | grid_dist=11.6km | source=copernicus_era5"", ""nh10_quality"": ""medium""}"
f2e65fcf-afc4-4443-ac14-f15c8ffe48f3,Orta Anadolu power station,TR,40.623886,33.112751,nuscale_voygr6,NH-10,,,,7.5,scored,Lower-middle relative wind exposure in the current smoothed ERA5 cohort (7.5-9.0 m/s).,,"{""max_wind_speed_ms"": 7.95, ""natural_fetched_at"": ""2026-05-12T22:27:03.286392+03:00"", ""natural_run_id"": ""20260512T184804_724e6d22"", ""nh10_comment"": ""ERA5 wind assessment (ref 1991-2020) | 50yr_gust=7.9m/s | max_gust=8.1m/s | 99p=7.5m/s | prevailing=338deg | tropical_idx=0.0 | gev=ok | grid_dist=16.7km | source=copernicus_era5"", ""nh10_quality"": ""medium""}"
86996d34-c6e5-4097-ac28-ad2e5467f783,Petkim power station,TR,38.795,26.970278,nuscale_voygr6,NH-10,,,,3.5,scored,Higher relative wind exposure in the current smoothed ERA5 cohort (10.5-12.5 m/s).,,"{""max_wind_speed_ms"": 10.79, ""natural_fetched_at"": ""2026-05-12T22:27:03.299216+03:00"", ""natural_run_id"": ""20260512T184804_724e6d22"", ""nh10_comment"": ""ERA5 wind assessment (ref 1991-2020) | 50yr_gust=10.8m/s | max_gust=10.8m/s | 99p=10.7m/s | prevailing=0deg | tropical_idx=0.0 | gev=ok | grid_dist=5.6km | source=copernicus_era5"", ""nh10_quality"": ""medium""}"
231565d3-4f56-43ee-a357-1f4451c6fbc3,Polat power station,TR,39.616008,29.442904,nuscale_voygr6,NH-10,,,,9.5,scored,Lowest relative wind exposure in the current ERA5 monthly-means gust cohort (< 7.5 m/s).,,"{""max_wind_speed_ms"": 7.49, ""natural_fetched_at"": ""2026-05-12T22:27:05.902496+03:00"", ""natural_run_id"": ""20260512T184804_724e6d22"", ""nh10_comment"": ""ERA5 wind assessment (ref 1991-2020) | 50yr_gust=7.5m/s | max_gust=7.5m/s | 99p=7.1m/s | prevailing=22deg | tropical_idx=0.0 | gev=ok | grid_dist=13.8km | source=copernicus_era5"", ""nh10_quality"": ""medium""}"
2ed9363f-a9fe-46e5-8b92-c50b47a9077a,Saltukova power station,TR,41.519,32.094,nuscale_voygr6,NH-10,,,,9.5,scored,Lowest relative wind exposure in the current ERA5 monthly-means gust cohort (< 7.5 m/s).,,"{""max_wind_speed_ms"": 6.98, ""natural_fetched_at"": ""2026-05-12T22:27:05.916565+03:00"", ""natural_run_id"": ""20260512T184804_724e6d22"", ""nh10_comment"": ""ERA5 wind assessment (ref 1991-2020) | 50yr_gust=7.0m/s | max_gust=7.0m/s | 99p=6.8m/s | prevailing=0deg | tropical_idx=0.0 | gev=ok | grid_dist=8.1km | source=copernicus_era5"", ""nh10_quality"": ""medium""}"
c13aeeb7-05e5-4f00-9b4b-654e73e5150d,Sanko Gölbaşı power station,TR,37.819719,37.718512,nuscale_voygr6,NH-10,,,,5.5,scored,Middle relative wind exposure around the observed cohort mean (9.0-10.5 m/s).,,"{""max_wind_speed_ms"": 9.31, ""natural_fetched_at"": ""2026-05-12T22:27:09.268890+03:00"", ""natural_run_id"": ""20260512T184804_724e6d22"", ""nh10_comment"": ""ERA5 wind assessment (ref 1991-2020) | 50yr_gust=9.3m/s | max_gust=9.3m/s | 99p=8.6m/s | prevailing=292deg | tropical_idx=0.0 | gev=ok | grid_dist=8.2km | source=copernicus_era5"", ""nh10_quality"": ""medium""}"
3e5f4317-6f40-44fb-bfa2-e21dc4d9922d,Sanko Yumurtalık power station,TR,36.876,35.894,nuscale_voygr6,NH-10,,,,9.5,scored,Lowest relative wind exposure in the current ERA5 monthly-means gust cohort (< 7.5 m/s).,,"{""max_wind_speed_ms"": 6.14, ""natural_fetched_at"": ""2026-05-12T22:27:09.286447+03:00"", ""natural_run_id"": ""20260512T184804_724e6d22"", ""nh10_comment"": ""ERA5 wind assessment (ref 1991-2020) | 50yr_gust=6.1m/s | max_gust=6.2m/s | 99p=5.8m/s | prevailing=202deg | tropical_idx=0.0 | gev=ok | grid_dist=16.7km | source=copernicus_era5"", ""nh10_quality"": ""medium""}"
db87ce6a-3802-44c5-945f-8a95d3cf111b,Saray Tekirdağ power station,TR,41.445,27.921,nuscale_voygr6,NH-10,,,,3.5,scored,Higher relative wind exposure in the current smoothed ERA5 cohort (10.5-12.5 m/s).,,"{""max_wind_speed_ms"": 12.23, ""natural_fetched_at"": ""2026-05-12T22:27:11.290602+03:00"", ""natural_run_id"": ""20260512T184804_724e6d22"", ""nh10_comment"": ""ERA5 wind assessment (ref 1991-2020) | 50yr_gust=12.2m/s | max_gust=11.8m/s | 99p=10.7m/s | prevailing=22deg | tropical_idx=0.0 | gev=ok | grid_dist=9.0km | source=copernicus_era5"", ""nh10_quality"": ""medium""}"
d1863136-5ff4-4b4d-a9c0-6219e92d637d,Sarp Golvasi power station,TR,37.368333,35.706111,nuscale_voygr6,NH-10,,,,9.5,scored,Lowest relative wind exposure in the current ERA5 monthly-means gust cohort (< 7.5 m/s).,,"{""max_wind_speed_ms"": 5.89, ""natural_fetched_at"": ""2026-05-12T22:27:14.593966+03:00"", ""natural_run_id"": ""20260512T184804_724e6d22"", ""nh10_comment"": ""ERA5 wind assessment (ref 1991-2020) | 50yr_gust=5.9m/s | max_gust=5.8m/s | 99p=5.5m/s | prevailing=0deg | tropical_idx=0.0 | gev=ok | grid_dist=13.7km | source=copernicus_era5"", ""nh10_quality"": ""medium""}"
b5ff798e-e059-4d8b-a903-00a1fefc62ab,Sedef II TES power station,TR,36.843,35.86,nuscale_voygr6,NH-10,,,,9.5,scored,Lowest relative wind exposure in the current ERA5 monthly-means gust cohort (< 7.5 m/s).,,"{""max_wind_speed_ms"": 7.27, ""natural_fetched_at"": ""2026-05-12T22:27:14.611071+03:00"", ""natural_run_id"": ""20260512T184804_724e6d22"", ""nh10_comment"": ""ERA5 wind assessment (ref 1991-2020) | 50yr_gust=7.3m/s | max_gust=7.3m/s | 99p=7.0m/s | prevailing=202deg | tropical_idx=0.0 | gev=ok | grid_dist=14.2km | source=copernicus_era5"", ""nh10_quality"": ""medium""}"
3a06636d-c742-4b72-b9cd-21a4537c331b,Selena power station,TR,36.921472,36.04753,nuscale_voygr6,NH-10,,,,9.5,scored,Lowest relative wind exposure in the current ERA5 monthly-means gust cohort (< 7.5 m/s).,,"{""max_wind_speed_ms"": 6.14, ""natural_fetched_at"": ""2026-05-12T22:27:14.625457+03:00"", ""natural_run_id"": ""20260512T184804_724e6d22"", ""nh10_comment"": ""ERA5 wind assessment (ref 1991-2020) | 50yr_gust=6.1m/s | max_gust=6.2m/s | 99p=5.8m/s | prevailing=202deg | tropical_idx=0.0 | gev=ok | grid_dist=9.7km | source=copernicus_era5"", ""nh10_quality"": ""medium""}"
0ca4ff78-4113-4ad9-ac04-0fd541d42338,Şevketiye Lapseki power station,TR,40.395,26.792,nuscale_voygr6,NH-10,,,,3.5,scored,Higher relative wind exposure in the current smoothed ERA5 cohort (10.5-12.5 m/s).,,"{""max_wind_speed_ms"": 10.75, ""natural_fetched_at"": ""2026-05-12T22:27:14.639697+03:00"", ""natural_run_id"": ""20260512T184804_724e6d22"", ""nh10_comment"": ""ERA5 wind assessment (ref 1991-2020) | 50yr_gust=10.7m/s | max_gust=11.1m/s | 99p=9.4m/s | prevailing=45deg | tropical_idx=0.0 | gev=ok | grid_dist=12.2km | source=copernicus_era5"", ""nh10_quality"": ""medium""}"
94a5c55f-c499-41b1-81da-deaa36686399,Seyitömer power station,TR,39.572967,29.88164,nuscale_voygr6,NH-10,,,,5.5,scored,Middle relative wind exposure around the observed cohort mean (9.0-10.5 m/s).,,"{""max_wind_speed_ms"": 9.27, ""natural_fetched_at"": ""2026-05-12T22:27:16.001599+03:00"", ""natural_run_id"": ""20260512T184804_724e6d22"", ""nh10_comment"": ""ERA5 wind assessment (ref 1991-2020) | 50yr_gust=9.3m/s | max_gust=9.1m/s | 99p=8.7m/s | prevailing=0deg | tropical_idx=0.0 | gev=ok | grid_dist=13.0km | source=copernicus_era5"", ""nh10_quality"": ""medium""}"
e05ff795-8984-4170-9874-5355b70985b1,Silopi (Şırnak) power station,TR,37.352619,42.552728,nuscale_voygr6,NH-10,,,,9.5,scored,Lowest relative wind exposure in the current ERA5 monthly-means gust cohort (< 7.5 m/s).,,"{""max_wind_speed_ms"": 5.58, ""natural_fetched_at"": ""2026-05-12T22:27:18.496350+03:00"", ""natural_run_id"": ""20260512T184804_724e6d22"", ""nh10_comment"": ""ERA5 wind assessment (ref 1991-2020) | 50yr_gust=5.6m/s | max_gust=5.7m/s | 99p=5.3m/s | prevailing=22deg | tropical_idx=0.0 | gev=ok | grid_dist=12.3km | source=copernicus_era5"", ""nh10_quality"": ""medium""}"
e03c394f-1c08-4101-b1fe-f6662fe4b424,Sinop Akfen power station,TR,41.953,34.83,nuscale_voygr6,NH-10,,,,7.5,scored,Lower-middle relative wind exposure in the current smoothed ERA5 cohort (7.5-9.0 m/s).,,"{""max_wind_speed_ms"": 8.06, ""natural_fetched_at"": ""2026-05-12T22:27:21.575636+03:00"", ""natural_run_id"": ""20260512T184804_724e6d22"", ""nh10_comment"": ""ERA5 wind assessment (ref 1991-2020) | 50yr_gust=8.1m/s | max_gust=8.1m/s | 99p=7.8m/s | prevailing=270deg | tropical_idx=0.0 | gev=ok | grid_dist=8.4km | source=copernicus_era5"", ""nh10_quality"": ""medium""}"
cf9150af-0325-44d8-bbaf-493e742f2e2b,Şırnak Galata power station,TR,37.468,42.391,nuscale_voygr6,NH-10,,,,7.5,scored,Lower-middle relative wind exposure in the current smoothed ERA5 cohort (7.5-9.0 m/s).,,"{""max_wind_speed_ms"": 7.63, ""natural_fetched_at"": ""2026-05-12T22:27:23.974592+03:00"", ""natural_run_id"": ""20260512T184804_724e6d22"", ""nh10_comment"": ""ERA5 wind assessment (ref 1991-2020) | 50yr_gust=7.6m/s | max_gust=7.8m/s | 99p=7.1m/s | prevailing=45deg | tropical_idx=0.0 | gev=ok | grid_dist=10.3km | source=copernicus_era5"", ""nh10_quality"": ""medium""}"
98019711-a8c3-424a-870e-00d4fea75ed1,Şırnak Silopi (CİNER) power station,TR,37.310025,42.594696,nuscale_voygr6,NH-10,,,,9.5,scored,Lowest relative wind exposure in the current ERA5 monthly-means gust cohort (< 7.5 m/s).,,"{""max_wind_speed_ms"": 5.58, ""natural_fetched_at"": ""2026-05-12T22:27:27.276356+03:00"", ""natural_run_id"": ""20260512T184804_724e6d22"", ""nh10_comment"": ""ERA5 wind assessment (ref 1991-2020) | 50yr_gust=5.6m/s | max_gust=5.7m/s | 99p=5.3m/s | prevailing=22deg | tropical_idx=0.0 | gev=ok | grid_dist=10.7km | source=copernicus_era5"", ""nh10_quality"": ""medium""}"
9a6447f2-2887-4cce-a115-dc773d7f6eb1,Soma Kolin power station,TR,39.316608,27.748899,nuscale_voygr6,NH-10,,,,3.5,scored,Higher relative wind exposure in the current smoothed ERA5 cohort (10.5-12.5 m/s).,,"{""max_wind_speed_ms"": 12.17, ""natural_fetched_at"": ""2026-05-12T22:27:30.493610+03:00"", ""natural_run_id"": ""20260512T184804_724e6d22"", ""nh10_comment"": ""ERA5 wind assessment (ref 1991-2020) | 50yr_gust=12.2m/s | max_gust=12.3m/s | 99p=11.4m/s | prevailing=0deg | tropical_idx=0.0 | gev=ok | grid_dist=7.4km | source=copernicus_era5"", ""nh10_quality"": ""medium""}"
4ca3c560-6d90-4bcf-b131-4e39b6b4f0de,Soma power station,TR,39.194462,27.635204,nuscale_voygr6,NH-10,,,,3.5,scored,Higher relative wind exposure in the current smoothed ERA5 cohort (10.5-12.5 m/s).,,"{""max_wind_speed_ms"": 12.17, ""natural_fetched_at"": ""2026-05-12T22:27:30.510042+03:00"", ""natural_run_id"": ""20260512T184804_724e6d22"", ""nh10_comment"": ""ERA5 wind assessment (ref 1991-2020) | 50yr_gust=12.2m/s | max_gust=12.3m/s | 99p=11.4m/s | prevailing=0deg | tropical_idx=0.0 | gev=ok | grid_dist=11.7km | source=copernicus_era5"", ""nh10_quality"": ""medium""}"
021d1717-149a-4a32-af7b-5955ff593e45,Star Refinery Socar power station,TR,38.817,26.9103,nuscale_voygr6,NH-10,,,,3.5,scored,Higher relative wind exposure in the current smoothed ERA5 cohort (10.5-12.5 m/s).,,"{""max_wind_speed_ms"": 10.79, ""natural_fetched_at"": ""2026-05-12T22:27:30.523829+03:00"", ""natural_run_id"": ""20260512T184804_724e6d22"", ""nh10_comment"": ""ERA5 wind assessment (ref 1991-2020) | 50yr_gust=10.8m/s | max_gust=10.8m/s | 99p=10.7m/s | prevailing=0deg | tropical_idx=0.0 | gev=ok | grid_dist=10.8km | source=copernicus_era5"", ""nh10_quality"": ""medium""}"
96129c93-83a6-4b1c-929b-bfccba86a796,Suluova power station,TR,40.859186,35.651886,nuscale_voygr6,NH-10,,,,9.5,scored,Lowest relative wind exposure in the current ERA5 monthly-means gust cohort (< 7.5 m/s).,,"{""max_wind_speed_ms"": 7.05, ""natural_fetched_at"": ""2026-05-12T22:27:30.537065+03:00"", ""natural_run_id"": ""20260512T184804_724e6d22"", ""nh10_comment"": ""ERA5 wind assessment (ref 1991-2020) | 50yr_gust=7.1m/s | max_gust=7.1m/s | 99p=6.8m/s | prevailing=0deg | tropical_idx=0.0 | gev=ok | grid_dist=14.7km | source=copernicus_era5"", ""nh10_quality"": ""medium""}"
0ada7b2a-f928-4c21-b082-4c7345094245,Tekirdağ Malkara power station,TR,40.638726,27.004295,nuscale_voygr6,NH-10,,,,5.5,scored,Middle relative wind exposure around the observed cohort mean (9.0-10.5 m/s).,,"{""max_wind_speed_ms"": 10.39, ""natural_fetched_at"": ""2026-05-12T22:27:38.539559+03:00"", ""natural_run_id"": ""20260512T184804_724e6d22"", ""nh10_comment"": ""ERA5 wind assessment (ref 1991-2020) | 50yr_gust=10.4m/s | max_gust=10.5m/s | 99p=9.4m/s | prevailing=45deg | tropical_idx=0.0 | gev=ok | grid_dist=12.4km | source=copernicus_era5"", ""nh10_quality"": ""medium""}"
43f99d45-6635-4392-a522-4a06445fdaf2,Teyo Tufanbeyli power station,TR,38.2299,36.2481,nuscale_voygr6,NH-10,,,,5.5,scored,Middle relative wind exposure around the observed cohort mean (9.0-10.5 m/s).,,"{""max_wind_speed_ms"": 9.99, ""natural_fetched_at"": ""2026-05-12T22:27:41.491353+03:00"", ""natural_run_id"": ""20260512T184804_724e6d22"", ""nh10_comment"": ""ERA5 wind assessment (ref 1991-2020) | 50yr_gust=10.0m/s | max_gust=10.3m/s | 99p=9.0m/s | prevailing=338deg | tropical_idx=0.0 | gev=ok | grid_dist=2.2km | source=copernicus_era5"", ""nh10_quality"": ""medium""}"
44362378-9c74-44af-8a08-be4877f50e97,Tosyalı İskenderun power station,TR,36.6971,36.2042,nuscale_voygr6,NH-10,,,,7.5,scored,Lower-middle relative wind exposure in the current smoothed ERA5 cohort (7.5-9.0 m/s).,,"{""max_wind_speed_ms"": 8.08, ""natural_fetched_at"": ""2026-05-12T22:27:41.507287+03:00"", ""natural_run_id"": ""20260512T184804_724e6d22"", ""nh10_comment"": ""ERA5 wind assessment (ref 1991-2020) | 50yr_gust=8.1m/s | max_gust=8.0m/s | 99p=7.7m/s | prevailing=270deg | tropical_idx=0.0 | gev=ok | grid_dist=7.2km | source=copernicus_era5"", ""nh10_quality"": ""medium""}"
9eb693f6-6994-4937-bc4d-e8213baa5d47,Trakya Emba power station,TR,41.948092,28.04148,nuscale_voygr6,NH-10,,,,3.5,scored,Higher relative wind exposure in the current smoothed ERA5 cohort (10.5-12.5 m/s).,,"{""max_wind_speed_ms"": 11.87, ""natural_fetched_at"": ""2026-05-12T22:27:41.825359+03:00"", ""natural_run_id"": ""20260512T184804_724e6d22"", ""nh10_comment"": ""ERA5 wind assessment (ref 1991-2020) | 50yr_gust=11.9m/s | max_gust=12.1m/s | 99p=10.1m/s | prevailing=22deg | tropical_idx=0.0 | gev=ok | grid_dist=6.7km | source=copernicus_era5"", ""nh10_quality"": ""medium""}"
6c9571c4-5d3b-4f88-a7be-fa8c21425eeb,Tufanbeyli power station,TR,38.18562,36.26994,nuscale_voygr6,NH-10,,,,5.5,scored,Middle relative wind exposure around the observed cohort mean (9.0-10.5 m/s).,,"{""max_wind_speed_ms"": 9.99, ""natural_fetched_at"": ""2026-05-12T22:27:41.841561+03:00"", ""natural_run_id"": ""20260512T184804_724e6d22"", ""nh10_comment"": ""ERA5 wind assessment (ref 1991-2020) | 50yr_gust=10.0m/s | max_gust=10.3m/s | 99p=9.0m/s | prevailing=338deg | tropical_idx=0.0 | gev=ok | grid_dist=7.4km | source=copernicus_era5"", ""nh10_quality"": ""medium""}"
2ec95392-978d-4a43-85b9-af3282c212ba,Tunçbilek power station,TR,39.619778,29.465881,nuscale_voygr6,NH-10,,,,9.5,scored,Lowest relative wind exposure in the current ERA5 monthly-means gust cohort (< 7.5 m/s).,,"{""max_wind_speed_ms"": 7.49, ""natural_fetched_at"": ""2026-05-12T22:27:41.856732+03:00"", ""natural_run_id"": ""20260512T184804_724e6d22"", ""nh10_comment"": ""ERA5 wind assessment (ref 1991-2020) | 50yr_gust=7.5m/s | max_gust=7.5m/s | 99p=7.1m/s | prevailing=22deg | tropical_idx=0.0 | gev=ok | grid_dist=13.6km | source=copernicus_era5"", ""nh10_quality"": ""medium""}"
ddc8bb9c-bf77-4075-b38c-600fb072acf8,Uluköy power station,TR,38.199984,30.27055,nuscale_voygr6,NH-10,,,,5.5,scored,Middle relative wind exposure around the observed cohort mean (9.0-10.5 m/s).,,"{""max_wind_speed_ms"": 9.25, ""natural_fetched_at"": ""2026-05-12T22:27:43.644840+03:00"", ""natural_run_id"": ""20260512T184804_724e6d22"", ""nh10_comment"": ""ERA5 wind assessment (ref 1991-2020) | 50yr_gust=9.3m/s | max_gust=9.0m/s | 99p=8.3m/s | prevailing=22deg | tropical_idx=0.0 | gev=ok | grid_dist=5.8km | source=copernicus_era5"", ""nh10_quality"": ""medium""}"
d3f986d9-a023-4d43-a0fb-03361f310873,Umut power station,TR,41.133,37.156,nuscale_voygr6,NH-10,,,,7.5,scored,Lower-middle relative wind exposure in the current smoothed ERA5 cohort (7.5-9.0 m/s).,,"{""max_wind_speed_ms"": 7.68, ""natural_fetched_at"": ""2026-05-12T22:27:45.277690+03:00"", ""natural_run_id"": ""20260512T184804_724e6d22"", ""nh10_comment"": ""ERA5 wind assessment (ref 1991-2020) | 50yr_gust=7.7m/s | max_gust=7.7m/s | 99p=7.4m/s | prevailing=292deg | tropical_idx=0.0 | gev=ok | grid_dist=15.2km | source=copernicus_era5"", ""nh10_quality"": ""medium""}"
381221dd-76da-4adf-9b19-5da9f0779c22,Vize power station,TR,41.572996,27.811652,nuscale_voygr6,NH-10,,,,5.5,scored,Middle relative wind exposure around the observed cohort mean (9.0-10.5 m/s).,,"{""max_wind_speed_ms"": 9.91, ""natural_fetched_at"": ""2026-05-12T22:27:48.179171+03:00"", ""natural_run_id"": ""20260512T184804_724e6d22"", ""nh10_comment"": ""ERA5 wind assessment (ref 1991-2020) | 50yr_gust=9.9m/s | max_gust=9.9m/s | 99p=9.3m/s | prevailing=22deg | tropical_idx=0.0 | gev=ok | grid_dist=9.6km | source=copernicus_era5"", ""nh10_quality"": ""medium""}"
fd4f7f8c-0d23-450d-9ea0-1b8e52e9a8af,Yatağan power station,TR,37.330905,28.102377,nuscale_voygr6,NH-10,,,,3.5,scored,Higher relative wind exposure in the current smoothed ERA5 cohort (10.5-12.5 m/s).,,"{""max_wind_speed_ms"": 10.64, ""natural_fetched_at"": ""2026-05-12T22:27:48.196185+03:00"", ""natural_run_id"": ""20260512T184804_724e6d22"", ""nh10_comment"": ""ERA5 wind assessment (ref 1991-2020) | 50yr_gust=10.6m/s | max_gust=10.7m/s | 99p=9.9m/s | prevailing=315deg | tropical_idx=0.0 | gev=ok | grid_dist=12.8km | source=copernicus_era5"", ""nh10_quality"": ""medium""}"
52028d4f-7796-4463-832e-cff2e439c96a,Yenidere power station,TR,37.458403,28.674831,nuscale_voygr6,NH-10,,,,7.5,scored,Lower-middle relative wind exposure in the current smoothed ERA5 cohort (7.5-9.0 m/s).,,"{""max_wind_speed_ms"": 8.15, ""natural_fetched_at"": ""2026-05-12T22:27:51.252415+03:00"", ""natural_run_id"": ""20260512T184804_724e6d22"", ""nh10_comment"": ""ERA5 wind assessment (ref 1991-2020) | 50yr_gust=8.1m/s | max_gust=8.1m/s | 99p=7.6m/s | prevailing=338deg | tropical_idx=0.0 | gev=ok | grid_dist=8.1km | source=copernicus_era5"", ""nh10_quality"": ""medium""}"
737b6d06-1d0c-4ae6-9683-ab3fea192b32,Yeniköy power station,TR,37.14019,27.87154,nuscale_voygr6,NH-10,,,,5.5,scored,Middle relative wind exposure around the observed cohort mean (9.0-10.5 m/s).,,"{""max_wind_speed_ms"": 10.27, ""natural_fetched_at"": ""2026-05-12T22:27:52.743671+03:00"", ""natural_run_id"": ""20260512T184804_724e6d22"", ""nh10_comment"": ""ERA5 wind assessment (ref 1991-2020) | 50yr_gust=10.3m/s | max_gust=10.5m/s | 99p=9.2m/s | prevailing=315deg | tropical_idx=0.0 | gev=ok | grid_dist=16.3km | source=copernicus_era5"", ""nh10_quality"": ""medium""}"
e8b6e342-2011-4343-b415-a8bf08501499,Yeniyurt power station,TR,36.886,36.151,nuscale_voygr6,NH-10,,,,9.5,scored,Lowest relative wind exposure in the current ERA5 monthly-means gust cohort (< 7.5 m/s).,,"{""max_wind_speed_ms"": 7.47, ""natural_fetched_at"": ""2026-05-12T22:27:52.760269+03:00"", ""natural_run_id"": ""20260512T184804_724e6d22"", ""nh10_comment"": ""ERA5 wind assessment (ref 1991-2020) | 50yr_gust=7.5m/s | max_gust=7.4m/s | 99p=7.0m/s | prevailing=248deg | tropical_idx=0.0 | gev=ok | grid_dist=15.4km | source=copernicus_era5"", ""nh10_quality"": ""medium""}"
d6cb5642-d5ec-4a15-bc6b-8be4cb0a382e,Yeşilovacık power station,TR,36.200611,33.663742,nuscale_voygr6,NH-10,,,,5.5,scored,Middle relative wind exposure around the observed cohort mean (9.0-10.5 m/s).,,"{""max_wind_speed_ms"": 9.89, ""natural_fetched_at"": ""2026-05-12T22:27:52.774986+03:00"", ""natural_run_id"": ""20260512T184804_724e6d22"", ""nh10_comment"": ""ERA5 wind assessment (ref 1991-2020) | 50yr_gust=9.9m/s | max_gust=9.9m/s | 99p=9.4m/s | prevailing=225deg | tropical_idx=0.0 | gev=ok | grid_dist=9.5km | source=copernicus_era5"", ""nh10_quality"": ""medium""}"
225656d9-8709-4c2f-9992-1e4f20a6fce8,Yıldırım Elazığ power station,TR,38.662,39.772,nuscale_voygr6,NH-10,,,,7.5,scored,Lower-middle relative wind exposure in the current smoothed ERA5 cohort (7.5-9.0 m/s).,,"{""max_wind_speed_ms"": 8.62, ""natural_fetched_at"": ""2026-05-12T22:27:57.767755+03:00"", ""natural_run_id"": ""20260512T184804_724e6d22"", ""nh10_comment"": ""ERA5 wind assessment (ref 1991-2020) | 50yr_gust=8.6m/s | max_gust=7.4m/s | 99p=7.3m/s | prevailing=45deg | tropical_idx=0.0 | gev=ok | grid_dist=10.0km | source=copernicus_era5"", ""nh10_quality"": ""medium""}"
57c0c830-725f-46ee-9322-0a4a3ad9efda,Yüksek Gölovası power station,TR,37.368333,35.706111,nuscale_voygr6,NH-10,,,,9.5,scored,Lowest relative wind exposure in the current ERA5 monthly-means gust cohort (< 7.5 m/s).,,"{""max_wind_speed_ms"": 5.89, ""natural_fetched_at"": ""2026-05-12T22:27:57.784345+03:00"", ""natural_run_id"": ""20260512T184804_724e6d22"", ""nh10_comment"": ""ERA5 wind assessment (ref 1991-2020) | 50yr_gust=5.9m/s | max_gust=5.8m/s | 99p=5.5m/s | prevailing=0deg | tropical_idx=0.0 | gev=ok | grid_dist=13.7km | source=copernicus_era5"", ""nh10_quality"": ""medium""}"
91f28dbb-16bd-449b-a20a-dc2b70cf2e66,Yumurtalık IC İçtaş power station,TR,36.77,35.79,nuscale_voygr6,NH-10,,,,9.5,scored,Lowest relative wind exposure in the current ERA5 monthly-means gust cohort (< 7.5 m/s).,,"{""max_wind_speed_ms"": 7.27, ""natural_fetched_at"": ""2026-05-12T22:27:57.798074+03:00"", ""natural_run_id"": ""20260512T184804_724e6d22"", ""nh10_comment"": ""ERA5 wind assessment (ref 1991-2020) | 50yr_gust=7.3m/s | max_gust=7.3m/s | 99p=7.0m/s | prevailing=202deg | tropical_idx=0.0 | gev=ok | grid_dist=4.2km | source=copernicus_era5"", ""nh10_quality"": ""medium""}"
48149515-0774-404d-b273-790b660a8d90,Yunus Emre power station,TR,39.984309,31.635639,nuscale_voygr6,NH-10,,,,9.5,scored,Lowest relative wind exposure in the current ERA5 monthly-means gust cohort (< 7.5 m/s).,,"{""max_wind_speed_ms"": 5.91, ""natural_fetched_at"": ""2026-05-12T22:28:07.019380+03:00"", ""natural_run_id"": ""20260512T184804_724e6d22"", ""nh10_comment"": ""ERA5 wind assessment (ref 1991-2020) | 50yr_gust=5.9m/s | max_gust=6.0m/s | 99p=5.7m/s | prevailing=315deg | tropical_idx=0.0 | gev=ok | grid_dist=9.9km | source=copernicus_era5"", ""nh10_quality"": ""medium""}"
772e2484-419b-47de-9739-924ac371ad10,Zafer power station,TR,41.604444,32.511111,nuscale_voygr6,NH-10,,,,9.5,scored,Lowest relative wind exposure in the current ERA5 monthly-means gust cohort (< 7.5 m/s).,,"{""max_wind_speed_ms"": 6.56, ""natural_fetched_at"": ""2026-05-12T22:28:07.035402+03:00"", ""natural_run_id"": ""20260512T184804_724e6d22"", ""nh10_comment"": ""ERA5 wind assessment (ref 1991-2020) | 50yr_gust=6.6m/s | max_gust=6.6m/s | 99p=6.3m/s | prevailing=112deg | tropical_idx=0.0 | gev=ok | grid_dist=11.7km | source=copernicus_era5"", ""nh10_quality"": ""medium""}"
1f305180-6bbf-4758-9a98-78bc9e96e195,ZETES power stations,TR,41.507471,31.894912,nuscale_voygr6,NH-10,,,,9.5,scored,Lowest relative wind exposure in the current ERA5 monthly-means gust cohort (< 7.5 m/s).,,"{""max_wind_speed_ms"": 6.98, ""natural_fetched_at"": ""2026-05-12T22:28:07.049872+03:00"", ""natural_run_id"": ""20260512T184804_724e6d22"", ""nh10_comment"": ""ERA5 wind assessment (ref 1991-2020) | 50yr_gust=7.0m/s | max_gust=7.0m/s | 99p=6.8m/s | prevailing=0deg | tropical_idx=0.0 | gev=ok | grid_dist=8.8km | source=copernicus_era5"", ""nh10_quality"": ""medium""}"
fa6b7ac3-c1bf-478f-8d0a-1f357ea480cf,Zonguldak Modern power station,TR,41.498,31.868,nuscale_voygr6,NH-10,,,,7.5,scored,Lower-middle relative wind exposure in the current smoothed ERA5 cohort (7.5-9.0 m/s).,,"{""max_wind_speed_ms"": 8.14, ""natural_fetched_at"": ""2026-05-12T22:28:07.064727+03:00"", ""natural_run_id"": ""20260512T184804_724e6d22"", ""nh10_comment"": ""ERA5 wind assessment (ref 1991-2020) | 50yr_gust=8.1m/s | max_gust=8.5m/s | 99p=7.5m/s | prevailing=22deg | tropical_idx=0.0 | gev=ok | grid_dist=9.8km | source=copernicus_era5"", ""nh10_quality"": ""medium""}"
7cc9cffa-e4e4-4546-902d-c8f4800dbdb2,Zorlu Akçakoca power station,TR,41.087,31.12,nuscale_voygr6,NH-10,,,,9.5,scored,Lowest relative wind exposure in the current ERA5 monthly-means gust cohort (< 7.5 m/s).,,"{""max_wind_speed_ms"": 7.09, ""natural_fetched_at"": ""2026-05-12T22:28:08.273161+03:00"", ""natural_run_id"": ""20260512T184804_724e6d22"", ""nh10_comment"": ""ERA5 wind assessment (ref 1991-2020) | 50yr_gust=7.1m/s | max_gust=7.2m/s | 99p=6.7m/s | prevailing=22deg | tropical_idx=0.0 | gev=ok | grid_dist=14.0km | source=copernicus_era5"", ""nh10_quality"": ""medium""}"
61b7e396-5c25-4591-9da1-eb54475f1805,Zorlu Soma power station,TR,39.186,27.608,nuscale_voygr6,NH-10,,,,1.5,scored,"Highest relative or out-of-cohort exposure for the current proxy; 49 m/s remains design-envelope review, not validated by this metric.",,"{""max_wind_speed_ms"": 12.72, ""natural_fetched_at"": ""2026-05-12T22:28:08.288190+03:00"", ""natural_run_id"": ""20260512T184804_724e6d22"", ""nh10_comment"": ""ERA5 wind assessment (ref 1991-2020) | 50yr_gust=12.7m/s | max_gust=12.9m/s | 99p=11.8m/s | prevailing=22deg | tropical_idx=0.0 | gev=ok | grid_dist=11.7km | source=copernicus_era5"", ""nh10_quality"": ""medium""}"
c47eb6a3-49c1-4879-95b6-9bcd53b7af04,Burshtyn power station,UA,49.210383,24.666536,nuscale_voygr6,NH-10,,,,5.5,scored,Middle relative wind exposure around the observed cohort mean (9.0-10.5 m/s).,,"{""max_wind_speed_ms"": 9.15, ""natural_fetched_at"": ""2026-05-12T22:28:13.141784+03:00"", ""natural_run_id"": ""20260512T184804_724e6d22"", ""nh10_comment"": ""ERA5 wind assessment (ref 1991-2020) | 50yr_gust=9.2m/s | max_gust=9.4m/s | 99p=8.4m/s | prevailing=270deg | tropical_idx=0.0 | gev=ok | grid_dist=7.5km | source=copernicus_era5"", ""nh10_quality"": ""medium""}"
95872473-c476-4ceb-bcf5-54cfdf415e42,Cherkasy power station,UA,49.390543,32.067372,nuscale_voygr6,NH-10,,,,7.5,scored,Lower-middle relative wind exposure in the current smoothed ERA5 cohort (7.5-9.0 m/s).,,"{""max_wind_speed_ms"": 8.82, ""natural_fetched_at"": ""2026-05-12T22:28:47.904454+03:00"", ""natural_run_id"": ""20260512T184804_724e6d22"", ""nh10_comment"": ""ERA5 wind assessment (ref 1991-2020) | 50yr_gust=8.8m/s | max_gust=8.9m/s | 99p=8.1m/s | prevailing=270deg | tropical_idx=0.0 | gev=ok | grid_dist=13.1km | source=copernicus_era5"", ""nh10_quality"": ""medium""}"
e4c6a713-99e6-4fdf-afaa-d456779c504c,Chernihiv power station,UA,51.45496,31.260173,nuscale_voygr6,NH-10,,,,5.5,scored,Middle relative wind exposure around the observed cohort mean (9.0-10.5 m/s).,,"{""max_wind_speed_ms"": 9.65, ""natural_fetched_at"": ""2026-05-12T22:28:52.852555+03:00"", ""natural_run_id"": ""20260512T184804_724e6d22"", ""nh10_comment"": ""ERA5 wind assessment (ref 1991-2020) | 50yr_gust=9.7m/s | max_gust=9.7m/s | 99p=9.0m/s | prevailing=248deg | tropical_idx=0.0 | gev=ok | grid_dist=5.1km | source=copernicus_era5"", ""nh10_quality"": ""medium""}"
038d42e9-769b-4b22-9513-dccff48b42cd,Darnytska power station,UA,50.447771,30.642949,nuscale_voygr6,NH-10,,,,5.5,scored,Middle relative wind exposure around the observed cohort mean (9.0-10.5 m/s).,,"{""max_wind_speed_ms"": 9.4, ""natural_fetched_at"": ""2026-05-12T22:28:56.198402+03:00"", ""natural_run_id"": ""20260512T184804_724e6d22"", ""nh10_comment"": ""ERA5 wind assessment (ref 1991-2020) | 50yr_gust=9.4m/s | max_gust=9.6m/s | 99p=8.5m/s | prevailing=270deg | tropical_idx=0.0 | gev=ok | grid_dist=9.5km | source=copernicus_era5"", ""nh10_quality"": ""medium""}"
5ed0a674-a292-44bc-997f-5c1990da1235,Dobrotvir power station,UA,50.214293,24.374654,nuscale_voygr6,NH-10,,,,5.5,scored,Middle relative wind exposure around the observed cohort mean (9.0-10.5 m/s).,,"{""max_wind_speed_ms"": 10.11, ""natural_fetched_at"": ""2026-05-12T22:29:00.007987+03:00"", ""natural_run_id"": ""20260512T184804_724e6d22"", ""nh10_comment"": ""ERA5 wind assessment (ref 1991-2020) | 50yr_gust=10.1m/s | max_gust=10.4m/s | 99p=8.9m/s | prevailing=248deg | tropical_idx=0.0 | gev=ok | grid_dist=9.7km | source=copernicus_era5"", ""nh10_quality"": ""medium""}"
fb7d4d9a-3f27-4b50-9941-6a8fccd25e9a,Kalush power station,UA,49.07049,24.318522,nuscale_voygr6,NH-10,,,,5.5,scored,Middle relative wind exposure around the observed cohort mean (9.0-10.5 m/s).,,"{""max_wind_speed_ms"": 10.18, ""natural_fetched_at"": ""2026-05-12T22:29:28.796870+03:00"", ""natural_run_id"": ""20260512T184804_724e6d22"", ""nh10_comment"": ""ERA5 wind assessment (ref 1991-2020) | 50yr_gust=10.2m/s | max_gust=10.4m/s | 99p=8.6m/s | prevailing=248deg | tropical_idx=0.0 | gev=ok | grid_dist=9.3km | source=copernicus_era5"", ""nh10_quality"": ""medium""}"
d3b9e403-7744-44c5-b5c3-999c4c1911d8,Kramatorskaya power station,UA,48.747705,37.572339,nuscale_voygr6,NH-10,,,,7.5,scored,Lower-middle relative wind exposure in the current smoothed ERA5 cohort (7.5-9.0 m/s).,,"{""max_wind_speed_ms"": 8.87, ""natural_fetched_at"": ""2026-05-12T22:30:05.787113+03:00"", ""natural_run_id"": ""20260512T184804_724e6d22"", ""nh10_comment"": ""ERA5 wind assessment (ref 1991-2020) | 50yr_gust=8.9m/s | max_gust=9.0m/s | 99p=8.5m/s | prevailing=68deg | tropical_idx=0.0 | gev=ok | grid_dist=5.3km | source=copernicus_era5"", ""nh10_quality"": ""medium""}"
83fede8b-5f92-429d-920d-9a8928a74780,Kryvorizka power station,UA,47.543204,33.659513,nuscale_voygr6,NH-10,,,,7.5,scored,Lower-middle relative wind exposure in the current smoothed ERA5 cohort (7.5-9.0 m/s).,,"{""max_wind_speed_ms"": 8.31, ""natural_fetched_at"": ""2026-05-12T22:30:10.683343+03:00"", ""natural_run_id"": ""20260512T184804_724e6d22"", ""nh10_comment"": ""ERA5 wind assessment (ref 1991-2020) | 50yr_gust=8.3m/s | max_gust=8.3m/s | 99p=8.1m/s | prevailing=45deg | tropical_idx=0.0 | gev=ok | grid_dist=8.3km | source=copernicus_era5"", ""nh10_quality"": ""medium""}"
46b96bc3-b190-4045-9c86-eb674e2ea35e,Kurakhov power station,UA,47.994514,37.237077,nuscale_voygr6,NH-10,,,,5.5,scored,Middle relative wind exposure around the observed cohort mean (9.0-10.5 m/s).,,"{""max_wind_speed_ms"": 9.47, ""natural_fetched_at"": ""2026-05-12T22:30:14.906018+03:00"", ""natural_run_id"": ""20260512T184804_724e6d22"", ""nh10_comment"": ""ERA5 wind assessment (ref 1991-2020) | 50yr_gust=9.5m/s | max_gust=9.6m/s | 99p=8.5m/s | prevailing=68deg | tropical_idx=0.0 | gev=ok | grid_dist=1.1km | source=copernicus_era5"", ""nh10_quality"": ""medium""}"
cec871bd-c7f6-4444-b0da-9b3a9ecc6963,Ladyzhyn power station,UA,48.705825,29.218668,nuscale_voygr6,NH-10,,,,7.5,scored,Lower-middle relative wind exposure in the current smoothed ERA5 cohort (7.5-9.0 m/s).,,"{""max_wind_speed_ms"": 8.44, ""natural_fetched_at"": ""2026-05-12T22:30:18.250601+03:00"", ""natural_run_id"": ""20260512T184804_724e6d22"", ""nh10_comment"": ""ERA5 wind assessment (ref 1991-2020) | 50yr_gust=8.4m/s | max_gust=8.7m/s | 99p=7.8m/s | prevailing=292deg | tropical_idx=0.0 | gev=ok | grid_dist=5.4km | source=copernicus_era5"", ""nh10_quality"": ""medium""}"
4e45df00-0d28-44d0-9697-3fa33d76fc88,Luganskaya power station,UA,48.749346,39.261917,nuscale_voygr6,NH-10,,,,5.5,scored,Middle relative wind exposure around the observed cohort mean (9.0-10.5 m/s).,,"{""max_wind_speed_ms"": 9.2, ""natural_fetched_at"": ""2026-05-12T22:30:21.701174+03:00"", ""natural_run_id"": ""20260512T184804_724e6d22"", ""nh10_comment"": ""ERA5 wind assessment (ref 1991-2020) | 50yr_gust=9.2m/s | max_gust=9.3m/s | 99p=8.7m/s | prevailing=90deg | tropical_idx=0.0 | gev=ok | grid_dist=0.9km | source=copernicus_era5"", ""nh10_quality"": ""medium""}"
3bd2a957-ff3b-4bfd-9dba-808279edccb9,Myronivskyi power station,UA,48.479778,38.284834,nuscale_voygr6,NH-10,,,,5.5,scored,Middle relative wind exposure around the observed cohort mean (9.0-10.5 m/s).,,"{""max_wind_speed_ms"": 9.36, ""natural_fetched_at"": ""2026-05-12T22:30:27.388093+03:00"", ""natural_run_id"": ""20260512T184804_724e6d22"", ""nh10_comment"": ""ERA5 wind assessment (ref 1991-2020) | 50yr_gust=9.4m/s | max_gust=9.3m/s | 99p=8.8m/s | prevailing=90deg | tropical_idx=0.0 | gev=ok | grid_dist=3.4km | source=copernicus_era5"", ""nh10_quality"": ""medium""}"
02253fcc-4fc6-42d4-a6a8-42365487302f,Prydniprovska power station,UA,48.405291,35.111749,nuscale_voygr6,NH-10,,,,7.5,scored,Lower-middle relative wind exposure in the current smoothed ERA5 cohort (7.5-9.0 m/s).,,"{""max_wind_speed_ms"": 8.52, ""natural_fetched_at"": ""2026-05-12T22:30:29.403703+03:00"", ""natural_run_id"": ""20260512T184804_724e6d22"", ""nh10_comment"": ""ERA5 wind assessment (ref 1991-2020) | 50yr_gust=8.5m/s | max_gust=8.5m/s | 99p=8.2m/s | prevailing=45deg | tropical_idx=0.0 | gev=ok | grid_dist=13.4km | source=copernicus_era5"", ""nh10_quality"": ""medium""}"
70781f2c-24c2-486c-8b32-310c36ba1238,Slavyansk power station,UA,48.870681,37.765621,nuscale_voygr6,NH-10,,,,7.5,scored,Lower-middle relative wind exposure in the current smoothed ERA5 cohort (7.5-9.0 m/s).,,"{""max_wind_speed_ms"": 8.82, ""natural_fetched_at"": ""2026-05-12T22:30:29.427047+03:00"", ""natural_run_id"": ""20260512T184804_724e6d22"", ""nh10_comment"": ""ERA5 wind assessment (ref 1991-2020) | 50yr_gust=8.8m/s | max_gust=8.9m/s | 99p=8.4m/s | prevailing=68deg | tropical_idx=0.0 | gev=ok | grid_dist=13.5km | source=copernicus_era5"", ""nh10_quality"": ""medium""}"
447a9ea1-47fa-48a3-93f2-a77cbd629ac7,Starobesheve power station,UA,47.800786,38.005422,nuscale_voygr6,NH-10,,,,5.5,scored,Middle relative wind exposure around the observed cohort mean (9.0-10.5 m/s).,,"{""max_wind_speed_ms"": 9.72, ""natural_fetched_at"": ""2026-05-12T22:30:34.197923+03:00"", ""natural_run_id"": ""20260512T184804_724e6d22"", ""nh10_comment"": ""ERA5 wind assessment (ref 1991-2020) | 50yr_gust=9.7m/s | max_gust=9.6m/s | 99p=8.7m/s | prevailing=68deg | tropical_idx=0.0 | gev=ok | grid_dist=5.7km | source=copernicus_era5"", ""nh10_quality"": ""medium""}"
cdb6adfb-52ff-4631-939a-001080b20450,Trypilska power station,UA,50.133377,30.74667,nuscale_voygr6,NH-10,,,,5.5,scored,Middle relative wind exposure around the observed cohort mean (9.0-10.5 m/s).,,"{""max_wind_speed_ms"": 9.31, ""natural_fetched_at"": ""2026-05-12T22:30:35.184108+03:00"", ""natural_run_id"": ""20260512T184804_724e6d22"", ""nh10_comment"": ""ERA5 wind assessment (ref 1991-2020) | 50yr_gust=9.3m/s | max_gust=9.6m/s | 99p=8.3m/s | prevailing=270deg | tropical_idx=0.0 | gev=ok | grid_dist=13.0km | source=copernicus_era5"", ""nh10_quality"": ""medium""}"
3657989a-61ae-4fe3-9e8b-6ba7e68f8c59,Vuglegirska power station,UA,48.464745,38.20266,nuscale_voygr6,NH-10,,,,5.5,scored,Middle relative wind exposure around the observed cohort mean (9.0-10.5 m/s).,,"{""max_wind_speed_ms"": 9.36, ""natural_fetched_at"": ""2026-05-12T22:30:35.200334+03:00"", ""natural_run_id"": ""20260512T184804_724e6d22"", ""nh10_comment"": ""ERA5 wind assessment (ref 1991-2020) | 50yr_gust=9.4m/s | max_gust=9.3m/s | 99p=8.8m/s | prevailing=90deg | tropical_idx=0.0 | gev=ok | grid_dist=5.2km | source=copernicus_era5"", ""nh10_quality"": ""medium""}"
725406d6-860f-4ca0-9c6a-425675bac381,Zaporizhia power station,UA,47.507238,34.625478,nuscale_voygr6,NH-10,,,,7.5,scored,Lower-middle relative wind exposure in the current smoothed ERA5 cohort (7.5-9.0 m/s).,,"{""max_wind_speed_ms"": 8.68, ""natural_fetched_at"": ""2026-05-12T22:30:36.673223+03:00"", ""natural_run_id"": ""20260512T184804_724e6d22"", ""nh10_comment"": ""ERA5 wind assessment (ref 1991-2020) | 50yr_gust=8.7m/s | max_gust=8.6m/s | 99p=8.4m/s | prevailing=45deg | tropical_idx=0.0 | gev=ok | grid_dist=9.4km | source=copernicus_era5"", ""nh10_quality"": ""medium""}"
29b3a802-7ef1-4722-ad59-b1511b1b0075,Zmiivska power station,UA,49.586013,36.523875,nuscale_voygr6,NH-10,,,,7.5,scored,Lower-middle relative wind exposure in the current smoothed ERA5 cohort (7.5-9.0 m/s).,,"{""max_wind_speed_ms"": 8.77, ""natural_fetched_at"": ""2026-05-12T22:30:40.288155+03:00"", ""natural_run_id"": ""20260512T184804_724e6d22"", ""nh10_comment"": ""ERA5 wind assessment (ref 1991-2020) | 50yr_gust=8.8m/s | max_gust=8.8m/s | 99p=8.4m/s | prevailing=68deg | tropical_idx=0.0 | gev=ok | grid_dist=9.7km | source=copernicus_era5"", ""nh10_quality"": ""medium""}"
f2c061de-66ad-4fce-b911-7f1899f25b75,Zuevskaya power station,UA,48.034804,38.285213,nuscale_voygr6,NH-10,,,,5.5,scored,Middle relative wind exposure around the observed cohort mean (9.0-10.5 m/s).,,"{""max_wind_speed_ms"": 9.71, ""natural_fetched_at"": ""2026-05-12T22:30:43.303572+03:00"", ""natural_run_id"": ""20260512T184804_724e6d22"", ""nh10_comment"": ""ERA5 wind assessment (ref 1991-2020) | 50yr_gust=9.7m/s | max_gust=9.5m/s | 99p=8.6m/s | prevailing=90deg | tropical_idx=0.0 | gev=ok | grid_dist=4.7km | source=copernicus_era5"", ""nh10_quality"": ""medium""}"
d9f32912-81f1-4b1c-a2b1-f04298217cec,Istok power station,XK,42.783333,20.483333,nuscale_voygr6,NH-10,,,,9.5,scored,Lowest relative wind exposure in the current ERA5 monthly-means gust cohort (< 7.5 m/s).,,"{""max_wind_speed_ms"": 7.45, ""natural_fetched_at"": ""2026-05-12T22:30:46.669638+03:00"", ""natural_run_id"": ""20260512T184804_724e6d22"", ""nh10_comment"": ""ERA5 wind assessment (ref 1991-2020) | 50yr_gust=7.4m/s | max_gust=7.6m/s | 99p=7.1m/s | prevailing=315deg | tropical_idx=0.0 | gev=ok | grid_dist=3.9km | source=copernicus_era5"", ""nh10_quality"": ""medium""}"
28be296b-6ef5-4c7e-a604-3af01af45d17,Kosovo A power station,XK,42.676454,21.085922,nuscale_voygr6,NH-10,,,,9.5,scored,Lowest relative wind exposure in the current ERA5 monthly-means gust cohort (< 7.5 m/s).,,"{""max_wind_speed_ms"": 7.18, ""natural_fetched_at"": ""2026-05-12T22:30:52.978160+03:00"", ""natural_run_id"": ""20260512T184804_724e6d22"", ""nh10_comment"": ""ERA5 wind assessment (ref 1991-2020) | 50yr_gust=7.2m/s | max_gust=7.3m/s | 99p=6.9m/s | prevailing=0deg | tropical_idx=0.0 | gev=ok | grid_dist=10.8km | source=copernicus_era5"", ""nh10_quality"": ""medium""}"
76eba99c-dade-46dc-9130-478e43aa6202,Kosovo B power station,XK,42.69312,21.056002,nuscale_voygr6,NH-10,,,,9.5,scored,Lowest relative wind exposure in the current ERA5 monthly-means gust cohort (< 7.5 m/s).,,"{""max_wind_speed_ms"": 7.18, ""natural_fetched_at"": ""2026-05-12T22:30:52.994094+03:00"", ""natural_run_id"": ""20260512T184804_724e6d22"", ""nh10_comment"": ""ERA5 wind assessment (ref 1991-2020) | 50yr_gust=7.2m/s | max_gust=7.3m/s | 99p=6.9m/s | prevailing=0deg | tropical_idx=0.0 | gev=ok | grid_dist=7.8km | source=copernicus_era5"", ""nh10_quality"": ""medium""}"
d28fa85d-4f6c-4b26-a585-cb0bed226ecb,Kosovo C power station,XK,42.666667,21.166667,nuscale_voygr6,NH-10,,,,7.5,scored,Lower-middle relative wind exposure in the current smoothed ERA5 cohort (7.5-9.0 m/s).,,"{""max_wind_speed_ms"": 7.63, ""natural_fetched_at"": ""2026-05-12T22:30:53.008827+03:00"", ""natural_run_id"": ""20260512T184804_724e6d22"", ""nh10_comment"": ""ERA5 wind assessment (ref 1991-2020) | 50yr_gust=7.6m/s | max_gust=7.7m/s | 99p=7.3m/s | prevailing=0deg | tropical_idx=0.0 | gev=ok | grid_dist=11.5km | source=copernicus_era5"", ""nh10_quality"": ""medium""}"
e6ecead0-54d1-41fe-8268-1253d0d7ef3e,Porto Romano Power Station,AL,41.371141,19.425201,nuscale_voygr6,NH-12,,,,8.5,scored,aggregated(mean_of_sub_scores),,"{""extreme_temp_max_c"": 25.87, ""extreme_temp_min_c"": 6.38, ""natural_fetched_at"": ""2026-05-12T21:49:06.391969+03:00"", ""natural_run_id"": ""20260512T184829_1d1e6d41"", ""nh12_comment"": ""ERA5 temperature (ref 1991-2020) | max=25.9C | min=6.4C | range=19.5C | hot_days=0/yr | cold_days=0/yr | summer_mean=23.3C | source=copernicus_era5 | CMIP6_2050_ssp245=+1.7C | CMIP6_2080_ssp585=+4.2C"", ""nh12_quality"": ""medium""}"
6e7fc4d8-636d-411a-baef-e138a5a07acc,Duernrohr power station,AT,48.32611,15.923333,nuscale_voygr6,NH-12,,,,6.5,scored,aggregated(mean_of_sub_scores),,"{""extreme_temp_max_c"": 23.44, ""extreme_temp_min_c"": -5.12, ""natural_fetched_at"": ""2026-05-12T21:49:06.554958+03:00"", ""natural_run_id"": ""20260512T184829_1d1e6d41"", ""nh12_comment"": ""ERA5 temperature (ref 1991-2020) | max=23.4C | min=-5.1C | range=28.6C | hot_days=0/yr | cold_days=0/yr | summer_mean=19.4C | source=copernicus_era5 | CMIP6_2050_ssp245=+1.4C | CMIP6_2080_ssp585=+3.9C"", ""nh12_quality"": ""medium""}"
532bfb42-0d4c-42cf-a81a-287f2b3a75bf,Enns Power Station,AT,48.21309,14.475222,nuscale_voygr6,NH-12,,,,7.5,scored,aggregated(mean_of_sub_scores),,"{""extreme_temp_max_c"": 23.05, ""extreme_temp_min_c"": -3.75, ""natural_fetched_at"": ""2026-05-12T21:49:06.663822+03:00"", ""natural_run_id"": ""20260512T184829_1d1e6d41"", ""nh12_comment"": ""ERA5 temperature (ref 1991-2020) | max=23.1C | min=-3.7C | range=26.8C | hot_days=0/yr | cold_days=0/yr | summer_mean=19.1C | source=copernicus_era5 | CMIP6_2050_ssp245=+1.4C | CMIP6_2080_ssp585=+3.9C"", ""nh12_quality"": ""medium""}"
90820fe3-9889-4faf-9906-7c528f8d7bc5,Mellach power station,AT,46.90819,15.49231,nuscale_voygr6,NH-12,,,,7.5,scored,aggregated(mean_of_sub_scores),,"{""extreme_temp_max_c"": 22.74, ""extreme_temp_min_c"": -5.28, ""natural_fetched_at"": ""2026-05-12T21:49:06.755482+03:00"", ""natural_run_id"": ""20260512T184829_1d1e6d41"", ""nh12_comment"": ""ERA5 temperature (ref 1991-2020) | max=22.7C | min=-5.3C | range=28.0C | hot_days=0/yr | cold_days=0/yr | summer_mean=19.2C | source=copernicus_era5 | CMIP6_2050_ssp245=+1.4C | CMIP6_2080_ssp585=+3.9C"", ""nh12_quality"": ""medium""}"
660d9d71-6733-4294-951b-1c58614d58cf,Riedersbach power station,AT,48.031769,12.843122,nuscale_voygr6,NH-12,,,,7.5,scored,aggregated(mean_of_sub_scores),,"{""extreme_temp_max_c"": 21.78, ""extreme_temp_min_c"": -5.04, ""natural_fetched_at"": ""2026-05-12T21:49:06.872425+03:00"", ""natural_run_id"": ""20260512T184829_1d1e6d41"", ""nh12_comment"": ""ERA5 temperature (ref 1991-2020) | max=21.8C | min=-5.0C | range=26.8C | hot_days=0/yr | cold_days=0/yr | summer_mean=18.0C | source=copernicus_era5 | CMIP6_2050_ssp245=+1.3C | CMIP6_2080_ssp585=+3.7C"", ""nh12_quality"": ""medium""}"
021c723b-98af-4b72-8f6c-ade538885f10,St Andrae power station,AT,46.75,14.816667,nuscale_voygr6,NH-12,,,,7.5,scored,aggregated(mean_of_sub_scores),,"{""extreme_temp_max_c"": 20.51, ""extreme_temp_min_c"": -6.65, ""natural_fetched_at"": ""2026-05-12T21:49:09.054218+03:00"", ""natural_run_id"": ""20260512T184804_724e6d22"", ""nh12_comment"": ""ERA5 temperature (ref 1991-2020) | max=20.5C | min=-6.7C | range=27.2C | hot_days=0/yr | cold_days=0/yr | summer_mean=17.4C | source=copernicus_era5 | CMIP6_2050_ssp245=+1.4C | CMIP6_2080_ssp585=+3.9C"", ""nh12_quality"": ""medium""}"
2dcd2c6d-f375-4408-9492-7910662fac03,Timelkam power station,AT,48.0122,13.5895,nuscale_voygr6,NH-12,,,,7.5,scored,aggregated(mean_of_sub_scores),,"{""extreme_temp_max_c"": 21.35, ""extreme_temp_min_c"": -4.92, ""natural_fetched_at"": ""2026-05-12T21:49:24.387650+03:00"", ""natural_run_id"": ""20260512T184804_724e6d22"", ""nh12_comment"": ""ERA5 temperature (ref 1991-2020) | max=21.4C | min=-4.9C | range=26.3C | hot_days=0/yr | cold_days=0/yr | summer_mean=17.8C | source=copernicus_era5 | CMIP6_2050_ssp245=+1.3C | CMIP6_2080_ssp585=+3.7C"", ""nh12_quality"": ""medium""}"
99d712ac-7993-4186-8a0e-2e88bae7e90f,Voitsberg power station,AT,47.0475,15.160278,nuscale_voygr6,NH-12,,,,7.5,scored,aggregated(mean_of_sub_scores),,"{""extreme_temp_max_c"": 21.21, ""extreme_temp_min_c"": -5.52, ""natural_fetched_at"": ""2026-05-12T21:49:43.316677+03:00"", ""natural_run_id"": ""20260512T184804_724e6d22"", ""nh12_comment"": ""ERA5 temperature (ref 1991-2020) | max=21.2C | min=-5.5C | range=26.7C | hot_days=0/yr | cold_days=0/yr | summer_mean=18.1C | source=copernicus_era5 | CMIP6_2050_ssp245=+1.4C | CMIP6_2080_ssp585=+3.9C"", ""nh12_quality"": ""medium""}"
33d83e11-cfcd-47cb-be5e-82ca0fc352cc,Zeltweg power station,AT,47.25,15.166667,nuscale_voygr6,NH-12,,,,7.5,scored,aggregated(mean_of_sub_scores),,"{""extreme_temp_max_c"": 19.71, ""extreme_temp_min_c"": -6.78, ""natural_fetched_at"": ""2026-05-12T21:50:09.170140+03:00"", ""natural_run_id"": ""20260512T184804_724e6d22"", ""nh12_comment"": ""ERA5 temperature (ref 1991-2020) | max=19.7C | min=-6.8C | range=26.5C | hot_days=0/yr | cold_days=0/yr | summer_mean=16.7C | source=copernicus_era5 | CMIP6_2050_ssp245=+1.4C | CMIP6_2080_ssp585=+3.9C"", ""nh12_quality"": ""medium""}"
82011c29-a3d3-4a81-a27b-019d2649a251,Banovici power station,BA,44.4,18.5333,nuscale_voygr6,NH-12,,,,6.5,scored,aggregated(mean_of_sub_scores),,"{""extreme_temp_max_c"": 23.32, ""extreme_temp_min_c"": -5.97, ""natural_fetched_at"": ""2026-05-12T21:50:42.521488+03:00"", ""natural_run_id"": ""20260512T184804_724e6d22"", ""nh12_comment"": ""ERA5 temperature (ref 1991-2020) | max=23.3C | min=-6.0C | range=29.3C | hot_days=0/yr | cold_days=0/yr | summer_mean=20.4C | source=copernicus_era5 | CMIP6_2050_ssp245=+1.8C | CMIP6_2080_ssp585=+4.5C"", ""nh12_quality"": ""medium""}"
67e5a20f-e3ab-4c18-9864-cf4591d6e15f,Bugojno Thermal Power Project,BA,44.05,17.45,nuscale_voygr6,NH-12,,,,7.5,scored,aggregated(mean_of_sub_scores),,"{""extreme_temp_max_c"": 20.17, ""extreme_temp_min_c"": -7.11, ""natural_fetched_at"": ""2026-05-12T21:51:04.744735+03:00"", ""natural_run_id"": ""20260512T184804_724e6d22"", ""nh12_comment"": ""ERA5 temperature (ref 1991-2020) | max=20.2C | min=-7.1C | range=27.3C | hot_days=0/yr | cold_days=0/yr | summer_mean=16.9C | source=copernicus_era5 | CMIP6_2050_ssp245=+1.8C | CMIP6_2080_ssp585=+4.4C"", ""nh12_quality"": ""medium""}"
85257083-08d1-4560-b198-a9df414da4a9,Gacko Thermal Power Plant,BA,43.172137,18.511555,nuscale_voygr6,NH-12,,,,7.5,scored,aggregated(mean_of_sub_scores),,"{""extreme_temp_max_c"": 21.86, ""extreme_temp_min_c"": -6.81, ""natural_fetched_at"": ""2026-05-12T21:51:19.861415+03:00"", ""natural_run_id"": ""20260512T184804_724e6d22"", ""nh12_comment"": ""ERA5 temperature (ref 1991-2020) | max=21.9C | min=-6.8C | range=28.7C | hot_days=0/yr | cold_days=0/yr | summer_mean=18.0C | source=copernicus_era5 | CMIP6_2050_ssp245=+1.8C | CMIP6_2080_ssp585=+4.5C"", ""nh12_quality"": ""medium""}"
e2d645e3-c829-4aac-8f6f-d6a5507fd5fa,Glinica power station,BA,43.333,17.8,nuscale_voygr6,NH-12,,,,6.5,scored,aggregated(mean_of_sub_scores),,"{""extreme_temp_max_c"": 26.53, ""extreme_temp_min_c"": -1.45, ""natural_fetched_at"": ""2026-05-12T21:51:35.647492+03:00"", ""natural_run_id"": ""20260512T184804_724e6d22"", ""nh12_comment"": ""ERA5 temperature (ref 1991-2020) | max=26.5C | min=-1.4C | range=28.0C | hot_days=0/yr | cold_days=0/yr | summer_mean=22.4C | source=copernicus_era5 | CMIP6_2050_ssp245=+1.8C | CMIP6_2080_ssp585=+4.4C"", ""nh12_quality"": ""medium""}"
e671be33-8b91-40bd-b563-b833293654aa,Kakanj Thermal Power Plant,BA,44.089633,18.113865,nuscale_voygr6,NH-12,,,,7.5,scored,aggregated(mean_of_sub_scores),,"{""extreme_temp_max_c"": 22.73, ""extreme_temp_min_c"": -5.22, ""natural_fetched_at"": ""2026-05-12T21:51:38.775949+03:00"", ""natural_run_id"": ""20260512T184804_724e6d22"", ""nh12_comment"": ""ERA5 temperature (ref 1991-2020) | max=22.7C | min=-5.2C | range=27.9C | hot_days=0/yr | cold_days=0/yr | summer_mean=18.9C | source=copernicus_era5 | CMIP6_2050_ssp245=+1.8C | CMIP6_2080_ssp585=+4.5C"", ""nh12_quality"": ""medium""}"
344e0e9a-558e-4749-bb66-cd746be50cbd,Kamengrad Thermal Power Plant,BA,44.766667,16.666667,nuscale_voygr6,NH-12,,,,6.5,scored,aggregated(mean_of_sub_scores),,"{""extreme_temp_max_c"": 23.64, ""extreme_temp_min_c"": -5.23, ""natural_fetched_at"": ""2026-05-12T21:51:52.926583+03:00"", ""natural_run_id"": ""20260512T184804_724e6d22"", ""nh12_comment"": ""ERA5 temperature (ref 1991-2020) | max=23.6C | min=-5.2C | range=28.9C | hot_days=0/yr | cold_days=0/yr | summer_mean=20.0C | source=copernicus_era5 | CMIP6_2050_ssp245=+1.7C | CMIP6_2080_ssp585=+4.4C"", ""nh12_quality"": ""medium""}"
0155b913-765f-4d44-89f5-c176b6867cef,Kongora Thermal Power Plant,BA,43.64611,17.33139,nuscale_voygr6,NH-12,,,,7.5,scored,aggregated(mean_of_sub_scores),,"{""extreme_temp_max_c"": 20.98, ""extreme_temp_min_c"": -6.42, ""natural_fetched_at"": ""2026-05-12T21:52:20.948386+03:00"", ""natural_run_id"": ""20260512T184804_724e6d22"", ""nh12_comment"": ""ERA5 temperature (ref 1991-2020) | max=21.0C | min=-6.4C | range=27.4C | hot_days=0/yr | cold_days=0/yr | summer_mean=17.6C | source=copernicus_era5 | CMIP6_2050_ssp245=+1.8C | CMIP6_2080_ssp585=+4.4C"", ""nh12_quality"": ""medium""}"
aa0bdb5e-45aa-4d15-8aee-cb5b0e14f5d9,Miljevina power station,BA,43.518304,18.652091,nuscale_voygr6,NH-12,,,,7.5,scored,aggregated(mean_of_sub_scores),,"{""extreme_temp_max_c"": 21.26, ""extreme_temp_min_c"": -7.69, ""natural_fetched_at"": ""2026-05-12T21:52:39.013599+03:00"", ""natural_run_id"": ""20260512T184804_724e6d22"", ""nh12_comment"": ""ERA5 temperature (ref 1991-2020) | max=21.3C | min=-7.7C | range=28.9C | hot_days=0/yr | cold_days=0/yr | summer_mean=17.8C | source=copernicus_era5 | CMIP6_2050_ssp245=+1.8C | CMIP6_2080_ssp585=+4.5C"", ""nh12_quality"": ""medium""}"
e75c63e5-ef2f-4e08-8f8c-3da41215af9d,Stanari Thermal Power Plant,BA,44.753861,17.792444,nuscale_voygr6,NH-12,,,,6.5,scored,aggregated(mean_of_sub_scores),,"{""extreme_temp_max_c"": 24.68, ""extreme_temp_min_c"": -4.96, ""natural_fetched_at"": ""2026-05-12T21:53:39.048479+03:00"", ""natural_run_id"": ""20260512T184804_724e6d22"", ""nh12_comment"": ""ERA5 temperature (ref 1991-2020) | max=24.7C | min=-5.0C | range=29.6C | hot_days=0/yr | cold_days=0/yr | summer_mean=21.2C | source=copernicus_era5 | CMIP6_2050_ssp245=+1.8C | CMIP6_2080_ssp585=+4.4C"", ""nh12_quality"": ""medium""}"
0fb50bcc-5616-40d8-9109-8136a958f18d,Tuzla Thermal Power Plant,BA,44.52104,18.606443,nuscale_voygr6,NH-12,,,,6.5,scored,aggregated(mean_of_sub_scores),,"{""extreme_temp_max_c"": 23.32, ""extreme_temp_min_c"": -5.97, ""natural_fetched_at"": ""2026-05-12T21:54:06.945164+03:00"", ""natural_run_id"": ""20260512T184804_724e6d22"", ""nh12_comment"": ""ERA5 temperature (ref 1991-2020) | max=23.3C | min=-6.0C | range=29.3C | hot_days=0/yr | cold_days=0/yr | summer_mean=20.4C | source=copernicus_era5 | CMIP6_2050_ssp245=+1.8C | CMIP6_2080_ssp585=+4.5C"", ""nh12_quality"": ""medium""}"
a23d073a-cbbd-469a-b134-380945fd3f4c,Ugljevik power station,BA,44.683446,18.968516,nuscale_voygr6,NH-12,,,,6.5,scored,aggregated(mean_of_sub_scores),,"{""extreme_temp_max_c"": 25.42, ""extreme_temp_min_c"": -5.88, ""natural_fetched_at"": ""2026-05-12T21:54:40.835345+03:00"", ""natural_run_id"": ""20260512T184804_724e6d22"", ""nh12_comment"": ""ERA5 temperature (ref 1991-2020) | max=25.4C | min=-5.9C | range=31.3C | hot_days=0/yr | cold_days=0/yr | summer_mean=22.0C | source=copernicus_era5 | CMIP6_2050_ssp245=+1.8C | CMIP6_2080_ssp585=+4.5C"", ""nh12_quality"": ""medium""}"
b01fe781-dbc7-40f8-a544-946288020042,Bobov Dol power station,BG,42.285818,23.03283,nuscale_voygr6,NH-12,,,,6.5,scored,aggregated(mean_of_sub_scores),,"{""extreme_temp_max_c"": 24.43, ""extreme_temp_min_c"": -4.61, ""natural_fetched_at"": ""2026-05-12T21:55:49.608571+03:00"", ""natural_run_id"": ""20260512T184804_724e6d22"", ""nh12_comment"": ""ERA5 temperature (ref 1991-2020) | max=24.4C | min=-4.6C | range=29.0C | hot_days=0/yr | cold_days=0/yr | summer_mean=21.0C | source=copernicus_era5 | CMIP6_2050_ssp245=+1.6C | CMIP6_2080_ssp585=+4.3C"", ""nh12_quality"": ""medium""}"
fee1d5b3-827f-4172-8492-a3e114a3c39e,Brikel power station,BG,42.154555,25.906814,nuscale_voygr6,NH-12,,,,6.5,scored,aggregated(mean_of_sub_scores),,"{""extreme_temp_max_c"": 27.99, ""extreme_temp_min_c"": -3.06, ""natural_fetched_at"": ""2026-05-12T21:57:13.319098+03:00"", ""natural_run_id"": ""20260512T184804_724e6d22"", ""nh12_comment"": ""ERA5 temperature (ref 1991-2020) | max=28.0C | min=-3.1C | range=31.1C | hot_days=0/yr | cold_days=0/yr | summer_mean=24.1C | source=copernicus_era5 | CMIP6_2050_ssp245=+1.3C | CMIP6_2080_ssp585=+3.9C"", ""nh12_quality"": ""medium""}"
398cc0f2-25d5-428a-93c9-5e4859680e86,Deven power station,BG,43.196354,27.632675,nuscale_voygr6,NH-12,,,,7.5,scored,aggregated(mean_of_sub_scores),,"{""extreme_temp_max_c"": 25.56, ""extreme_temp_min_c"": -2.53, ""natural_fetched_at"": ""2026-05-12T21:58:33.925133+03:00"", ""natural_run_id"": ""20260512T184804_724e6d22"", ""nh12_comment"": ""ERA5 temperature (ref 1991-2020) | max=25.6C | min=-2.5C | range=28.1C | hot_days=0/yr | cold_days=0/yr | summer_mean=22.1C | source=copernicus_era5 | CMIP6_2050_ssp245=+1.3C | CMIP6_2080_ssp585=+4.0C"", ""nh12_quality"": ""medium""}"
30c9e377-b575-46fa-880f-922c46e6500a,Lom Power Station,BG,43.7825,23.2175,nuscale_voygr6,NH-12,,,,5.5,scored,aggregated(mean_of_sub_scores),,"{""extreme_temp_max_c"": 28.97, ""extreme_temp_min_c"": -5.45, ""natural_fetched_at"": ""2026-05-12T21:59:51.827767+03:00"", ""natural_run_id"": ""20260512T184804_724e6d22"", ""nh12_comment"": ""ERA5 temperature (ref 1991-2020) | max=29.0C | min=-5.4C | range=34.4C | hot_days=0/yr | cold_days=0/yr | summer_mean=25.0C | source=copernicus_era5 | CMIP6_2050_ssp245=+1.5C | CMIP6_2080_ssp585=+4.4C"", ""nh12_quality"": ""medium""}"
3bb6666f-de2f-4c6f-a28e-c3bddb71b54a,Maritsa 3 power station,BG,42.051942,25.623344,nuscale_voygr6,NH-12,,,,6.5,scored,aggregated(mean_of_sub_scores),,"{""extreme_temp_max_c"": 27.73, ""extreme_temp_min_c"": -3.2, ""natural_fetched_at"": ""2026-05-12T21:59:58.075774+03:00"", ""natural_run_id"": ""20260512T184804_724e6d22"", ""nh12_comment"": ""ERA5 temperature (ref 1991-2020) | max=27.7C | min=-3.2C | range=30.9C | hot_days=0/yr | cold_days=0/yr | summer_mean=23.9C | source=copernicus_era5 | CMIP6_2050_ssp245=+1.3C | CMIP6_2080_ssp585=+3.9C"", ""nh12_quality"": ""medium""}"
d12d7173-8595-4b53-92af-75b44b5a2fb7,Maritsa Iztok-1 power station,BG,42.1573,25.9084,nuscale_voygr6,NH-12,,,,6.5,scored,aggregated(mean_of_sub_scores),,"{""extreme_temp_max_c"": 27.99, ""extreme_temp_min_c"": -3.06, ""natural_fetched_at"": ""2026-05-12T21:59:58.097948+03:00"", ""natural_run_id"": ""20260512T184804_724e6d22"", ""nh12_comment"": ""ERA5 temperature (ref 1991-2020) | max=28.0C | min=-3.1C | range=31.1C | hot_days=0/yr | cold_days=0/yr | summer_mean=24.1C | source=copernicus_era5 | CMIP6_2050_ssp245=+1.3C | CMIP6_2080_ssp585=+3.9C"", ""nh12_quality"": ""medium""}"
ec5f337a-ca52-4b86-a0f4-4933eac349e3,Maritsa Iztok-2 power station,BG,42.254053,26.134007,nuscale_voygr6,NH-12,,,,6.5,scored,aggregated(mean_of_sub_scores),,"{""extreme_temp_max_c"": 27.37, ""extreme_temp_min_c"": -2.84, ""natural_fetched_at"": ""2026-05-12T22:00:03.812143+03:00"", ""natural_run_id"": ""20260512T184804_724e6d22"", ""nh12_comment"": ""ERA5 temperature (ref 1991-2020) | max=27.4C | min=-2.8C | range=30.2C | hot_days=0/yr | cold_days=0/yr | summer_mean=23.6C | source=copernicus_era5 | CMIP6_2050_ssp245=+1.3C | CMIP6_2080_ssp585=+3.9C"", ""nh12_quality"": ""medium""}"
0e860f58-416b-4116-836d-04edf8ded225,Maritsa Iztok-3 power station,BG,42.14502,26.003009,nuscale_voygr6,NH-12,,,,6.5,scored,aggregated(mean_of_sub_scores),,"{""extreme_temp_max_c"": 27.99, ""extreme_temp_min_c"": -3.06, ""natural_fetched_at"": ""2026-05-12T22:00:07.887827+03:00"", ""natural_run_id"": ""20260512T184804_724e6d22"", ""nh12_comment"": ""ERA5 temperature (ref 1991-2020) | max=28.0C | min=-3.1C | range=31.1C | hot_days=0/yr | cold_days=0/yr | summer_mean=24.1C | source=copernicus_era5 | CMIP6_2050_ssp245=+1.3C | CMIP6_2080_ssp585=+3.9C"", ""nh12_quality"": ""medium""}"
b1bcb7d3-cd40-40c9-9c59-a01fa71053b3,Maritsa Iztok-4 power station,BG,42.1444,26.0033,nuscale_voygr6,NH-12,,,,6.5,scored,aggregated(mean_of_sub_scores),,"{""extreme_temp_max_c"": 27.99, ""extreme_temp_min_c"": -3.06, ""natural_fetched_at"": ""2026-05-12T22:00:07.908657+03:00"", ""natural_run_id"": ""20260512T184804_724e6d22"", ""nh12_comment"": ""ERA5 temperature (ref 1991-2020) | max=28.0C | min=-3.1C | range=31.1C | hot_days=0/yr | cold_days=0/yr | summer_mean=24.1C | source=copernicus_era5 | CMIP6_2050_ssp245=+1.3C | CMIP6_2080_ssp585=+3.9C"", ""nh12_quality"": ""medium""}"
33a015dd-51e0-497e-b0d3-4b1b3f070438,Republika power station,BG,42.607124,23.078699,nuscale_voygr6,NH-12,,,,6.5,scored,aggregated(mean_of_sub_scores),,"{""extreme_temp_max_c"": 24.13, ""extreme_temp_min_c"": -5.5, ""natural_fetched_at"": ""2026-05-12T22:00:17.369057+03:00"", ""natural_run_id"": ""20260512T184804_724e6d22"", ""nh12_comment"": ""ERA5 temperature (ref 1991-2020) | max=24.1C | min=-5.5C | range=29.6C | hot_days=0/yr | cold_days=0/yr | summer_mean=20.4C | source=copernicus_era5 | CMIP6_2050_ssp245=+1.6C | CMIP6_2080_ssp585=+4.3C"", ""nh12_quality"": ""medium""}"
704ef487-f600-4f23-b06e-a0f81b627597,Ruse Iztok power station,BG,43.866654,26.010002,nuscale_voygr6,NH-12,,,,5.5,scored,aggregated(mean_of_sub_scores),,"{""extreme_temp_max_c"": 27.35, ""extreme_temp_min_c"": -5.04, ""natural_fetched_at"": ""2026-05-12T22:01:09.328945+03:00"", ""natural_run_id"": ""20260512T184804_724e6d22"", ""nh12_comment"": ""ERA5 temperature (ref 1991-2020) | max=27.4C | min=-5.0C | range=32.4C | hot_days=0/yr | cold_days=0/yr | summer_mean=23.2C | source=copernicus_era5 | CMIP6_2050_ssp245=+1.4C | CMIP6_2080_ssp585=+4.1C"", ""nh12_quality"": ""medium""}"
93685558-3355-4da2-9a4a-4cccd89f9269,Sliven power station,BG,42.654762,26.325853,nuscale_voygr6,NH-12,,,,6.5,scored,aggregated(mean_of_sub_scores),,"{""extreme_temp_max_c"": 25.02, ""extreme_temp_min_c"": -5.09, ""natural_fetched_at"": ""2026-05-12T22:01:28.854418+03:00"", ""natural_run_id"": ""20260512T184804_724e6d22"", ""nh12_comment"": ""ERA5 temperature (ref 1991-2020) | max=25.0C | min=-5.1C | range=30.1C | hot_days=0/yr | cold_days=0/yr | summer_mean=20.9C | source=copernicus_era5 | CMIP6_2050_ssp245=+1.3C | CMIP6_2080_ssp585=+3.9C"", ""nh12_quality"": ""medium""}"
2fb27566-cc7b-4530-8ff9-e55e3a1985bd,Svilosa power station,BG,43.642272,25.305007,nuscale_voygr6,NH-12,,,,5.5,scored,aggregated(mean_of_sub_scores),,"{""extreme_temp_max_c"": 28.93, ""extreme_temp_min_c"": -5.44, ""natural_fetched_at"": ""2026-05-12T22:02:04.855197+03:00"", ""natural_run_id"": ""20260512T184804_724e6d22"", ""nh12_comment"": ""ERA5 temperature (ref 1991-2020) | max=28.9C | min=-5.4C | range=34.4C | hot_days=0/yr | cold_days=0/yr | summer_mean=24.2C | source=copernicus_era5 | CMIP6_2050_ssp245=+1.4C | CMIP6_2080_ssp585=+4.3C"", ""nh12_quality"": ""medium""}"
85c56b15-450b-4bb1-b75e-5ea00ee51cb2,Varna power station,BG,43.19477,27.765472,nuscale_voygr6,NH-12,,,,7.5,scored,aggregated(mean_of_sub_scores),,"{""extreme_temp_max_c"": 25.56, ""extreme_temp_min_c"": -2.53, ""natural_fetched_at"": ""2026-05-12T22:02:15.411293+03:00"", ""natural_run_id"": ""20260512T184804_724e6d22"", ""nh12_comment"": ""ERA5 temperature (ref 1991-2020) | max=25.6C | min=-2.5C | range=28.1C | hot_days=0/yr | cold_days=0/yr | summer_mean=22.1C | source=copernicus_era5 | CMIP6_2050_ssp245=+1.3C | CMIP6_2080_ssp585=+4.0C"", ""nh12_quality"": ""medium""}"
a064c7ae-e699-4a94-a18c-79bdfe42bce3,Vidin Works power station,BG,43.948363,22.850904,nuscale_voygr6,NH-12,,,,5.5,scored,aggregated(mean_of_sub_scores),,"{""extreme_temp_max_c"": 27.66, ""extreme_temp_min_c"": -5.2, ""natural_fetched_at"": ""2026-05-12T22:02:48.117828+03:00"", ""natural_run_id"": ""20260512T184804_724e6d22"", ""nh12_comment"": ""ERA5 temperature (ref 1991-2020) | max=27.7C | min=-5.2C | range=32.9C | hot_days=0/yr | cold_days=0/yr | summer_mean=24.0C | source=copernicus_era5 | CMIP6_2050_ssp245=+1.5C | CMIP6_2080_ssp585=+4.4C"", ""nh12_quality"": ""medium""}"
68aabff9-e662-4b9f-b37d-4c2ebc5f7539,Lelchitsy power station,BY,51.789444,28.321389,nuscale_voygr6,NH-12,,,,5.5,scored,aggregated(mean_of_sub_scores),,"{""extreme_temp_max_c"": 23.74, ""extreme_temp_min_c"": -10.86, ""natural_fetched_at"": ""2026-05-12T22:03:23.578823+03:00"", ""natural_run_id"": ""20260512T184804_724e6d22"", ""nh12_comment"": ""ERA5 temperature (ref 1991-2020) | max=23.7C | min=-10.9C | range=34.6C | hot_days=0/yr | cold_days=0/yr | summer_mean=19.1C | source=copernicus_era5 | CMIP6_2050_ssp245=+1.5C | CMIP6_2080_ssp585=+4.4C"", ""nh12_quality"": ""medium""}"
fac3d0b5-36a5-48ae-8494-f2f08e4342f4,Zelwa power station,BY,53.15,24.8167,nuscale_voygr6,NH-12,,,,6.5,scored,aggregated(mean_of_sub_scores),,"{""extreme_temp_max_c"": 21.74, ""extreme_temp_min_c"": -10.41, ""natural_fetched_at"": ""2026-05-12T22:05:34.931472+03:00"", ""natural_run_id"": ""20260512T184804_724e6d22"", ""nh12_comment"": ""ERA5 temperature (ref 1991-2020) | max=21.7C | min=-10.4C | range=32.2C | hot_days=0/yr | cold_days=0/yr | summer_mean=17.9C | source=copernicus_era5 | CMIP6_2050_ssp245=+1.5C | CMIP6_2080_ssp585=+3.9C"", ""nh12_quality"": ""medium""}"
d762ceeb-514f-43a6-9f91-a2d422ed6c60,Chvaletice power station,CZ,50.028062,15.450504,nuscale_voygr6,NH-12,,,,7.5,scored,aggregated(mean_of_sub_scores),,"{""extreme_temp_max_c"": 22.86, ""extreme_temp_min_c"": -4.65, ""natural_fetched_at"": ""2026-05-12T22:05:37.232416+03:00"", ""natural_run_id"": ""20260512T184804_724e6d22"", ""nh12_comment"": ""ERA5 temperature (ref 1991-2020) | max=22.9C | min=-4.7C | range=27.5C | hot_days=0/yr | cold_days=0/yr | summer_mean=18.5C | source=copernicus_era5 | CMIP6_2050_ssp245=+1.2C | CMIP6_2080_ssp585=+3.5C"", ""nh12_quality"": ""medium""}"
a733fc13-11a4-4722-b62d-85c85a4f8ef3,Detmarovice power station,CZ,49.907184,18.464559,nuscale_voygr6,NH-12,,,,6.5,scored,aggregated(mean_of_sub_scores),,"{""extreme_temp_max_c"": 23.14, ""extreme_temp_min_c"": -7.38, ""natural_fetched_at"": ""2026-05-12T22:05:42.807026+03:00"", ""natural_run_id"": ""20260512T184804_724e6d22"", ""nh12_comment"": ""ERA5 temperature (ref 1991-2020) | max=23.1C | min=-7.4C | range=30.5C | hot_days=0/yr | cold_days=0/yr | summer_mean=18.8C | source=copernicus_era5 | CMIP6_2050_ssp245=+1.3C | CMIP6_2080_ssp585=+3.8C"", ""nh12_quality"": ""medium""}"
180880c2-7284-4723-b02a-a62348b9b40b,Hodonin power station,CZ,48.847759,17.120129,nuscale_voygr6,NH-12,,,,6.5,scored,aggregated(mean_of_sub_scores),,"{""extreme_temp_max_c"": 24.52, ""extreme_temp_min_c"": -5.24, ""natural_fetched_at"": ""2026-05-12T22:05:55.609839+03:00"", ""natural_run_id"": ""20260512T184804_724e6d22"", ""nh12_comment"": ""ERA5 temperature (ref 1991-2020) | max=24.5C | min=-5.2C | range=29.8C | hot_days=0/yr | cold_days=0/yr | summer_mean=20.4C | source=copernicus_era5 | CMIP6_2050_ssp245=+1.3C | CMIP6_2080_ssp585=+3.7C"", ""nh12_quality"": ""medium""}"
43e5b2b4-2ccf-46ab-b01e-e3d480146455,Karvina power station,CZ,49.823463,18.480287,nuscale_voygr6,NH-12,,,,7.5,scored,aggregated(mean_of_sub_scores),,"{""extreme_temp_max_c"": 22.11, ""extreme_temp_min_c"": -7.67, ""natural_fetched_at"": ""2026-05-12T22:05:55.633093+03:00"", ""natural_run_id"": ""20260512T184804_724e6d22"", ""nh12_comment"": ""ERA5 temperature (ref 1991-2020) | max=22.1C | min=-7.7C | range=29.8C | hot_days=0/yr | cold_days=0/yr | summer_mean=18.0C | source=copernicus_era5 | CMIP6_2050_ssp245=+1.3C | CMIP6_2080_ssp585=+3.8C"", ""nh12_quality"": ""medium""}"
f1d2bca1-a7a9-4404-84c1-34fc8a59dab7,Kladno power station,CZ,50.1535,14.12858,nuscale_voygr6,NH-12,,,,6.5,scored,aggregated(mean_of_sub_scores),,"{""extreme_temp_max_c"": 23.72, ""extreme_temp_min_c"": -5.26, ""natural_fetched_at"": ""2026-05-12T22:08:44.445456+03:00"", ""natural_run_id"": ""20260512T184804_724e6d22"", ""nh12_comment"": ""ERA5 temperature (ref 1991-2020) | max=23.7C | min=-5.3C | range=29.0C | hot_days=0/yr | cold_days=0/yr | summer_mean=18.9C | source=copernicus_era5 | CMIP6_2050_ssp245=+1.2C | CMIP6_2080_ssp585=+3.5C"", ""nh12_quality"": ""medium""}"
274ec928-e527-44cf-86c5-b6eddc09d0f7,Komorany power station,CZ,50.522288,13.572102,nuscale_voygr6,NH-12,,,,7.5,scored,aggregated(mean_of_sub_scores),,"{""extreme_temp_max_c"": 22.0, ""extreme_temp_min_c"": -5.66, ""natural_fetched_at"": ""2026-05-12T22:10:02.859072+03:00"", ""natural_run_id"": ""20260512T184804_724e6d22"", ""nh12_comment"": ""ERA5 temperature (ref 1991-2020) | max=22.0C | min=-5.7C | range=27.7C | hot_days=0/yr | cold_days=0/yr | summer_mean=17.3C | source=copernicus_era5 | CMIP6_2050_ssp245=+1.3C | CMIP6_2080_ssp585=+3.4C"", ""nh12_quality"": ""medium""}"
2fe0a0b3-4108-427e-8e54-f77e1ea7227c,Ledvice power station,CZ,50.57658,13.779761,nuscale_voygr6,NH-12,,,,6.5,scored,aggregated(mean_of_sub_scores),,"{""extreme_temp_max_c"": 23.03, ""extreme_temp_min_c"": -5.68, ""natural_fetched_at"": ""2026-05-12T22:10:02.886149+03:00"", ""natural_run_id"": ""20260512T184804_724e6d22"", ""nh12_comment"": ""ERA5 temperature (ref 1991-2020) | max=23.0C | min=-5.7C | range=28.7C | hot_days=0/yr | cold_days=0/yr | summer_mean=18.1C | source=copernicus_era5 | CMIP6_2050_ssp245=+1.3C | CMIP6_2080_ssp585=+3.4C"", ""nh12_quality"": ""medium""}"
1c059a42-608c-4753-8fcf-ba797d94f900,Malesice power station,CZ,50.084967,14.525273,nuscale_voygr6,NH-12,,,,7.5,scored,aggregated(mean_of_sub_scores),,"{""extreme_temp_max_c"": 22.81, ""extreme_temp_min_c"": -5.04, ""natural_fetched_at"": ""2026-05-12T22:10:32.162940+03:00"", ""natural_run_id"": ""20260512T184804_724e6d22"", ""nh12_comment"": ""ERA5 temperature (ref 1991-2020) | max=22.8C | min=-5.0C | range=27.9C | hot_days=0/yr | cold_days=0/yr | summer_mean=18.6C | source=copernicus_era5 | CMIP6_2050_ssp245=+1.2C | CMIP6_2080_ssp585=+3.5C"", ""nh12_quality"": ""medium""}"
cbd67443-4a4e-44fd-a9ed-20ba9574c99e,Marianske Hory power station,CZ,49.86,18.27,nuscale_voygr6,NH-12,,,,7.5,scored,aggregated(mean_of_sub_scores),,"{""extreme_temp_max_c"": 22.25, ""extreme_temp_min_c"": -7.29, ""natural_fetched_at"": ""2026-05-12T22:10:36.226006+03:00"", ""natural_run_id"": ""20260512T184804_724e6d22"", ""nh12_comment"": ""ERA5 temperature (ref 1991-2020) | max=22.2C | min=-7.3C | range=29.5C | hot_days=0/yr | cold_days=0/yr | summer_mean=18.1C | source=copernicus_era5 | CMIP6_2050_ssp245=+1.3C | CMIP6_2080_ssp585=+3.8C"", ""nh12_quality"": ""medium""}"
f3523341-daaa-4573-a856-becb2e1bb9e3,Melnik power station,CZ,50.413132,14.41582,nuscale_voygr6,NH-12,,,,6.5,scored,aggregated(mean_of_sub_scores),,"{""extreme_temp_max_c"": 23.81, ""extreme_temp_min_c"": -5.47, ""natural_fetched_at"": ""2026-05-12T22:10:39.986822+03:00"", ""natural_run_id"": ""20260512T184804_724e6d22"", ""nh12_comment"": ""ERA5 temperature (ref 1991-2020) | max=23.8C | min=-5.5C | range=29.3C | hot_days=0/yr | cold_days=0/yr | summer_mean=18.7C | source=copernicus_era5 | CMIP6_2050_ssp245=+1.3C | CMIP6_2080_ssp585=+3.4C"", ""nh12_quality"": ""medium""}"
e299922a-1670-4aff-acda-fd80600af9af,Mondi Steti power station,CZ,50.460918,14.375854,nuscale_voygr6,NH-12,,,,6.5,scored,aggregated(mean_of_sub_scores),,"{""extreme_temp_max_c"": 23.81, ""extreme_temp_min_c"": -5.47, ""natural_fetched_at"": ""2026-05-12T22:10:44.604487+03:00"", ""natural_run_id"": ""20260512T184804_724e6d22"", ""nh12_comment"": ""ERA5 temperature (ref 1991-2020) | max=23.8C | min=-5.5C | range=29.3C | hot_days=0/yr | cold_days=0/yr | summer_mean=18.7C | source=copernicus_era5 | CMIP6_2050_ssp245=+1.3C | CMIP6_2080_ssp585=+3.4C"", ""nh12_quality"": ""medium""}"
4eb7914c-e000-403c-b5a5-c350de67bb83,Mostecka Power Station,CZ,50.503,13.63617,nuscale_voygr6,NH-12,,,,6.5,scored,aggregated(mean_of_sub_scores),,"{""extreme_temp_max_c"": 23.03, ""extreme_temp_min_c"": -5.68, ""natural_fetched_at"": ""2026-05-12T22:10:44.615825+03:00"", ""natural_run_id"": ""20260512T184804_724e6d22"", ""nh12_comment"": ""ERA5 temperature (ref 1991-2020) | max=23.0C | min=-5.7C | range=28.7C | hot_days=0/yr | cold_days=0/yr | summer_mean=18.1C | source=copernicus_era5 | CMIP6_2050_ssp245=+1.3C | CMIP6_2080_ssp585=+3.4C"", ""nh12_quality"": ""medium""}"
44d40276-5847-41d1-ab9b-887bbdc1bcfe,Olomouc power station,CZ,49.570879,17.304121,nuscale_voygr6,NH-12,,,,7.5,scored,aggregated(mean_of_sub_scores),,"{""extreme_temp_max_c"": 22.73, ""extreme_temp_min_c"": -6.82, ""natural_fetched_at"": ""2026-05-12T22:10:52.056918+03:00"", ""natural_run_id"": ""20260512T184804_724e6d22"", ""nh12_comment"": ""ERA5 temperature (ref 1991-2020) | max=22.7C | min=-6.8C | range=29.5C | hot_days=0/yr | cold_days=0/yr | summer_mean=18.8C | source=copernicus_era5 | CMIP6_2050_ssp245=+1.3C | CMIP6_2080_ssp585=+3.7C"", ""nh12_quality"": ""medium""}"
05daa6b2-bb29-4c26-a459-855626673955,Opatovice power station,CZ,50.12283,15.790765,nuscale_voygr6,NH-12,,,,7.5,scored,aggregated(mean_of_sub_scores),,"{""extreme_temp_max_c"": 22.59, ""extreme_temp_min_c"": -5.07, ""natural_fetched_at"": ""2026-05-12T22:10:52.070495+03:00"", ""natural_run_id"": ""20260512T184804_724e6d22"", ""nh12_comment"": ""ERA5 temperature (ref 1991-2020) | max=22.6C | min=-5.1C | range=27.7C | hot_days=0/yr | cold_days=0/yr | summer_mean=18.4C | source=copernicus_era5 | CMIP6_2050_ssp245=+1.2C | CMIP6_2080_ssp585=+3.5C"", ""nh12_quality"": ""medium""}"
9c4291f1-173b-467e-ae26-8cb01312c605,Plana Nad Luznici power station,CZ,49.368459,14.702139,nuscale_voygr6,NH-12,,,,7.5,scored,aggregated(mean_of_sub_scores),,"{""extreme_temp_max_c"": 21.42, ""extreme_temp_min_c"": -5.81, ""natural_fetched_at"": ""2026-05-12T22:11:02.017020+03:00"", ""natural_run_id"": ""20260512T184804_724e6d22"", ""nh12_comment"": ""ERA5 temperature (ref 1991-2020) | max=21.4C | min=-5.8C | range=27.2C | hot_days=0/yr | cold_days=0/yr | summer_mean=17.7C | source=copernicus_era5 | CMIP6_2050_ssp245=+1.2C | CMIP6_2080_ssp585=+3.5C"", ""nh12_quality"": ""medium""}"
97ed917e-acfa-4002-be89-4ec44972ab45,Plzen CHP power station,CZ,49.754333,13.398754,nuscale_voygr6,NH-12,,,,7.5,scored,aggregated(mean_of_sub_scores),,"{""extreme_temp_max_c"": 21.82, ""extreme_temp_min_c"": -5.37, ""natural_fetched_at"": ""2026-05-12T22:11:10.124645+03:00"", ""natural_run_id"": ""20260512T184804_724e6d22"", ""nh12_comment"": ""ERA5 temperature (ref 1991-2020) | max=21.8C | min=-5.4C | range=27.2C | hot_days=0/yr | cold_days=0/yr | summer_mean=17.7C | source=copernicus_era5 | CMIP6_2050_ssp245=+1.2C | CMIP6_2080_ssp585=+3.5C"", ""nh12_quality"": ""medium""}"
a6bf9980-016e-47ea-b40a-82e384a9eb43,Plzenska energetika ELU III power station,CZ,49.739529,13.345461,nuscale_voygr6,NH-12,,,,7.5,scored,aggregated(mean_of_sub_scores),,"{""extreme_temp_max_c"": 21.64, ""extreme_temp_min_c"": -5.19, ""natural_fetched_at"": ""2026-05-12T22:11:10.144061+03:00"", ""natural_run_id"": ""20260512T184804_724e6d22"", ""nh12_comment"": ""ERA5 temperature (ref 1991-2020) | max=21.6C | min=-5.2C | range=26.8C | hot_days=0/yr | cold_days=0/yr | summer_mean=17.7C | source=copernicus_era5 | CMIP6_2050_ssp245=+1.2C | CMIP6_2080_ssp585=+3.5C"", ""nh12_quality"": ""medium""}"
32484f7b-18a4-4b21-8e6a-6d68ae099d02,Pocerady power station,CZ,50.4267,13.6747,nuscale_voygr6,NH-12,,,,6.5,scored,aggregated(mean_of_sub_scores),,"{""extreme_temp_max_c"": 23.03, ""extreme_temp_min_c"": -5.68, ""natural_fetched_at"": ""2026-05-12T22:11:31.635460+03:00"", ""natural_run_id"": ""20260512T184804_724e6d22"", ""nh12_comment"": ""ERA5 temperature (ref 1991-2020) | max=23.0C | min=-5.7C | range=28.7C | hot_days=0/yr | cold_days=0/yr | summer_mean=18.1C | source=copernicus_era5 | CMIP6_2050_ssp245=+1.3C | CMIP6_2080_ssp585=+3.4C"", ""nh12_quality"": ""medium""}"
20bce4f5-ca0b-4145-87e5-0a0694343f31,Porici power station,CZ,50.572812,15.963992,nuscale_voygr6,NH-12,,,,7.5,scored,aggregated(mean_of_sub_scores),,"{""extreme_temp_max_c"": 20.7, ""extreme_temp_min_c"": -7.1, ""natural_fetched_at"": ""2026-05-12T22:11:34.099826+03:00"", ""natural_run_id"": ""20260512T184804_724e6d22"", ""nh12_comment"": ""ERA5 temperature (ref 1991-2020) | max=20.7C | min=-7.1C | range=27.8C | hot_days=0/yr | cold_days=0/yr | summer_mean=16.7C | source=copernicus_era5 | CMIP6_2050_ssp245=+1.3C | CMIP6_2080_ssp585=+3.5C"", ""nh12_quality"": ""medium""}"
60baaa73-dd8c-4865-bb18-6c73d63a4052,Prerov power station,CZ,49.445061,17.428525,nuscale_voygr6,NH-12,,,,7.5,scored,aggregated(mean_of_sub_scores),,"{""extreme_temp_max_c"": 22.76, ""extreme_temp_min_c"": -6.97, ""natural_fetched_at"": ""2026-05-12T22:11:34.118286+03:00"", ""natural_run_id"": ""20260512T184804_724e6d22"", ""nh12_comment"": ""ERA5 temperature (ref 1991-2020) | max=22.8C | min=-7.0C | range=29.7C | hot_days=0/yr | cold_days=0/yr | summer_mean=18.9C | source=copernicus_era5 | CMIP6_2050_ssp245=+1.3C | CMIP6_2080_ssp585=+3.7C"", ""nh12_quality"": ""medium""}"
0ae8917b-a70b-41e5-82de-e4963a7686e3,Pribram power station,CZ,49.696,14.003,nuscale_voygr6,NH-12,,,,7.5,scored,aggregated(mean_of_sub_scores),,"{""extreme_temp_max_c"": 21.54, ""extreme_temp_min_c"": -6.11, ""natural_fetched_at"": ""2026-05-12T22:11:38.418797+03:00"", ""natural_run_id"": ""20260512T184804_724e6d22"", ""nh12_comment"": ""ERA5 temperature (ref 1991-2020) | max=21.5C | min=-6.1C | range=27.7C | hot_days=0/yr | cold_days=0/yr | summer_mean=17.6C | source=copernicus_era5 | CMIP6_2050_ssp245=+1.2C | CMIP6_2080_ssp585=+3.5C"", ""nh12_quality"": ""medium""}"
b0ba194f-3c80-4725-b1e7-fa5277b38833,Prunerov power station,CZ,50.415122,13.255958,nuscale_voygr6,NH-12,,,,7.5,scored,aggregated(mean_of_sub_scores),,"{""extreme_temp_max_c"": 20.75, ""extreme_temp_min_c"": -6.21, ""natural_fetched_at"": ""2026-05-12T22:11:43.414053+03:00"", ""natural_run_id"": ""20260512T184804_724e6d22"", ""nh12_comment"": ""ERA5 temperature (ref 1991-2020) | max=20.8C | min=-6.2C | range=27.0C | hot_days=0/yr | cold_days=0/yr | summer_mean=16.3C | source=copernicus_era5 | CMIP6_2050_ssp245=+1.3C | CMIP6_2080_ssp585=+3.4C"", ""nh12_quality"": ""medium""}"
20c9d02d-e9e8-40b3-a11e-7a2e01018d8c,Sko-Energo power station,CZ,50.41721,14.93293,nuscale_voygr6,NH-12,,,,6.5,scored,aggregated(mean_of_sub_scores),,"{""extreme_temp_max_c"": 23.12, ""extreme_temp_min_c"": -5.31, ""natural_fetched_at"": ""2026-05-12T22:11:47.327049+03:00"", ""natural_run_id"": ""20260512T184804_724e6d22"", ""nh12_comment"": ""ERA5 temperature (ref 1991-2020) | max=23.1C | min=-5.3C | range=28.4C | hot_days=0/yr | cold_days=0/yr | summer_mean=18.4C | source=copernicus_era5 | CMIP6_2050_ssp245=+1.3C | CMIP6_2080_ssp585=+3.4C"", ""nh12_quality"": ""medium""}"
14e88076-ce0e-4693-bca4-e80f3f013c7f,Tisova power station,CZ,50.149402,12.610338,nuscale_voygr6,NH-12,,,,7.5,scored,aggregated(mean_of_sub_scores),,"{""extreme_temp_max_c"": 20.25, ""extreme_temp_min_c"": -6.28, ""natural_fetched_at"": ""2026-05-12T22:12:12.392132+03:00"", ""natural_run_id"": ""20260512T184804_724e6d22"", ""nh12_comment"": ""ERA5 temperature (ref 1991-2020) | max=20.2C | min=-6.3C | range=26.5C | hot_days=0/yr | cold_days=0/yr | summer_mean=16.0C | source=copernicus_era5 | CMIP6_2050_ssp245=+1.2C | CMIP6_2080_ssp585=+3.5C"", ""nh12_quality"": ""medium""}"
66c3f077-1ee6-41d7-8e6c-da374bb45139,Trebovice power station,CZ,49.831905,18.211305,nuscale_voygr6,NH-12,,,,7.5,scored,aggregated(mean_of_sub_scores),,"{""extreme_temp_max_c"": 22.25, ""extreme_temp_min_c"": -7.29, ""natural_fetched_at"": ""2026-05-12T22:12:12.418636+03:00"", ""natural_run_id"": ""20260512T184804_724e6d22"", ""nh12_comment"": ""ERA5 temperature (ref 1991-2020) | max=22.2C | min=-7.3C | range=29.5C | hot_days=0/yr | cold_days=0/yr | summer_mean=18.1C | source=copernicus_era5 | CMIP6_2050_ssp245=+1.3C | CMIP6_2080_ssp585=+3.8C"", ""nh12_quality"": ""medium""}"
63601ccc-3f20-4cbd-95cb-0fbeaf821c6a,Trinec-E3 power station,CZ,49.677778,18.672778,nuscale_voygr6,NH-12,,,,7.5,scored,aggregated(mean_of_sub_scores),,"{""extreme_temp_max_c"": 21.68, ""extreme_temp_min_c"": -7.75, ""natural_fetched_at"": ""2026-05-12T22:17:12.455698+03:00"", ""natural_run_id"": ""20260512T184804_724e6d22"", ""nh12_comment"": ""ERA5 temperature (ref 1991-2020) | max=21.7C | min=-7.7C | range=29.4C | hot_days=0/yr | cold_days=0/yr | summer_mean=17.7C | source=copernicus_era5 | CMIP6_2050_ssp245=+1.3C | CMIP6_2080_ssp585=+3.8C"", ""nh12_quality"": ""medium""}"
287cbb48-bb08-40dd-82c5-cfe1530dfbb9,Tusimice power station,CZ,50.381868,13.339973,nuscale_voygr6,NH-12,,,,7.5,scored,aggregated(mean_of_sub_scores),,"{""extreme_temp_max_c"": 20.75, ""extreme_temp_min_c"": -6.21, ""natural_fetched_at"": ""2026-05-12T22:17:12.495323+03:00"", ""natural_run_id"": ""20260512T184804_724e6d22"", ""nh12_comment"": ""ERA5 temperature (ref 1991-2020) | max=20.8C | min=-6.2C | range=27.0C | hot_days=0/yr | cold_days=0/yr | summer_mean=16.3C | source=copernicus_era5 | CMIP6_2050_ssp245=+1.3C | CMIP6_2080_ssp585=+3.4C"", ""nh12_quality"": ""medium""}"
5f4ed23c-cea2-41ef-a3e8-ac863e1bdcd6,Vresova TPS power station,CZ,50.255816,12.695936,nuscale_voygr6,NH-12,,,,7.5,scored,aggregated(mean_of_sub_scores),,"{""extreme_temp_max_c"": 20.09, ""extreme_temp_min_c"": -6.66, ""natural_fetched_at"": ""2026-05-12T22:17:12.515150+03:00"", ""natural_run_id"": ""20260512T184804_724e6d22"", ""nh12_comment"": ""ERA5 temperature (ref 1991-2020) | max=20.1C | min=-6.7C | range=26.7C | hot_days=0/yr | cold_days=0/yr | summer_mean=15.8C | source=copernicus_era5 | CMIP6_2050_ssp245=+1.2C | CMIP6_2080_ssp585=+3.5C"", ""nh12_quality"": ""medium""}"
aa38441d-aec7-4ae9-b4c3-68c5bf567db3,Zlin power station,CZ,49.225,17.654,nuscale_voygr6,NH-12,,,,7.5,scored,aggregated(mean_of_sub_scores),,"{""extreme_temp_max_c"": 22.36, ""extreme_temp_min_c"": -6.82, ""natural_fetched_at"": ""2026-05-12T22:17:18.072849+03:00"", ""natural_run_id"": ""20260512T184804_724e6d22"", ""nh12_comment"": ""ERA5 temperature (ref 1991-2020) | max=22.4C | min=-6.8C | range=29.2C | hot_days=0/yr | cold_days=0/yr | summer_mean=18.5C | source=copernicus_era5 | CMIP6_2050_ssp245=+1.3C | CMIP6_2080_ssp585=+3.7C"", ""nh12_quality"": ""medium""}"
7af0e000-3d19-4e5e-b504-f74897f1510c,Ploče power station,HR,43.05,17.433333,nuscale_voygr6,NH-12,,,,7.5,scored,aggregated(mean_of_sub_scores),,"{""extreme_temp_max_c"": 28.26, ""extreme_temp_min_c"": 2.25, ""natural_fetched_at"": ""2026-05-12T22:17:20.608550+03:00"", ""natural_run_id"": ""20260512T184804_724e6d22"", ""nh12_comment"": ""ERA5 temperature (ref 1991-2020) | max=28.3C | min=2.2C | range=26.0C | hot_days=0/yr | cold_days=0/yr | summer_mean=24.4C | source=copernicus_era5 | CMIP6_2050_ssp245=+1.8C | CMIP6_2080_ssp585=+4.4C"", ""nh12_quality"": ""medium""}"
ab151830-e5bd-46de-8400-01aa4c165366,Plomin power station,HR,45.136764,14.162702,nuscale_voygr6,NH-12,,,,7.5,scored,aggregated(mean_of_sub_scores),,"{""extreme_temp_max_c"": 24.68, ""extreme_temp_min_c"": 0.27, ""natural_fetched_at"": ""2026-05-12T22:17:22.097460+03:00"", ""natural_run_id"": ""20260512T184804_724e6d22"", ""nh12_comment"": ""ERA5 temperature (ref 1991-2020) | max=24.7C | min=0.3C | range=24.4C | hot_days=0/yr | cold_days=0/yr | summer_mean=21.6C | source=copernicus_era5 | CMIP6_2050_ssp245=+1.7C | CMIP6_2080_ssp585=+4.2C"", ""nh12_quality"": ""medium""}"
ef325d90-6d2d-4f8f-89f2-3bc98beb149b,Bakony power station,HU,47.0956,17.558444,nuscale_voygr6,NH-12,,,,6.5,scored,aggregated(mean_of_sub_scores),,"{""extreme_temp_max_c"": 24.62, ""extreme_temp_min_c"": -4.54, ""natural_fetched_at"": ""2026-05-12T22:17:27.102494+03:00"", ""natural_run_id"": ""20260512T184804_724e6d22"", ""nh12_comment"": ""ERA5 temperature (ref 1991-2020) | max=24.6C | min=-4.5C | range=29.2C | hot_days=0/yr | cold_days=0/yr | summer_mean=20.8C | source=copernicus_era5 | CMIP6_2050_ssp245=+1.5C | CMIP6_2080_ssp585=+4.1C"", ""nh12_quality"": ""medium""}"
f2b3a729-602a-4b6b-acc9-004244f2e556,Banhida-II power station,HU,47.571057,18.365557,nuscale_voygr6,NH-12,,,,6.5,scored,aggregated(mean_of_sub_scores),,"{""extreme_temp_max_c"": 24.8, ""extreme_temp_min_c"": -5.94, ""natural_fetched_at"": ""2026-05-12T22:17:30.555098+03:00"", ""natural_run_id"": ""20260512T184804_724e6d22"", ""nh12_comment"": ""ERA5 temperature (ref 1991-2020) | max=24.8C | min=-5.9C | range=30.7C | hot_days=0/yr | cold_days=0/yr | summer_mean=20.9C | source=copernicus_era5 | CMIP6_2050_ssp245=+1.5C | CMIP6_2080_ssp585=+4.2C"", ""nh12_quality"": ""medium""}"
f7dcdb63-26e6-44cd-b440-ec14fe507d90,Borsod power station,HU,47.904814,21.055306,nuscale_voygr6,NH-12,,,,6.5,scored,aggregated(mean_of_sub_scores),,"{""extreme_temp_max_c"": 25.95, ""extreme_temp_min_c"": -6.51, ""natural_fetched_at"": ""2026-05-12T22:17:32.207044+03:00"", ""natural_run_id"": ""20260512T184804_724e6d22"", ""nh12_comment"": ""ERA5 temperature (ref 1991-2020) | max=26.0C | min=-6.5C | range=32.5C | hot_days=0/yr | cold_days=0/yr | summer_mean=22.1C | source=copernicus_era5 | CMIP6_2050_ssp245=+1.5C | CMIP6_2080_ssp585=+4.2C"", ""nh12_quality"": ""medium""}"
28b36531-865d-42ae-afb3-b8bad86f7014,Matra power station,HU,47.79027,20.06358,nuscale_voygr6,NH-12,,,,6.5,scored,aggregated(mean_of_sub_scores),,"{""extreme_temp_max_c"": 24.97, ""extreme_temp_min_c"": -7.0, ""natural_fetched_at"": ""2026-05-12T22:17:35.222280+03:00"", ""natural_run_id"": ""20260512T184804_724e6d22"", ""nh12_comment"": ""ERA5 temperature (ref 1991-2020) | max=25.0C | min=-7.0C | range=32.0C | hot_days=0/yr | cold_days=0/yr | summer_mean=21.1C | source=copernicus_era5 | CMIP6_2050_ssp245=+1.5C | CMIP6_2080_ssp585=+4.2C"", ""nh12_quality"": ""medium""}"
903d6b94-cd9d-4c32-b7e2-4bbfbee929df,Matraterenye power station,HU,48.016667,19.95,nuscale_voygr6,NH-12,,,,6.5,scored,aggregated(mean_of_sub_scores),,"{""extreme_temp_max_c"": 23.07, ""extreme_temp_min_c"": -7.17, ""natural_fetched_at"": ""2026-05-12T22:17:36.572829+03:00"", ""natural_run_id"": ""20260512T184804_724e6d22"", ""nh12_comment"": ""ERA5 temperature (ref 1991-2020) | max=23.1C | min=-7.2C | range=30.2C | hot_days=0/yr | cold_days=0/yr | summer_mean=19.6C | source=copernicus_era5 | CMIP6_2050_ssp245=+1.5C | CMIP6_2080_ssp585=+4.2C"", ""nh12_quality"": ""medium""}"
34d88ce8-d49c-4b19-af2d-6efcb1b72149,Mecsek Hills power station,HU,46.1,18.083333,nuscale_voygr6,NH-12,,,,7.5,scored,aggregated(mean_of_sub_scores),,"{""extreme_temp_max_c"": 25.43, ""extreme_temp_min_c"": -3.87, ""natural_fetched_at"": ""2026-05-12T22:17:38.505024+03:00"", ""natural_run_id"": ""20260512T184804_724e6d22"", ""nh12_comment"": ""ERA5 temperature (ref 1991-2020) | max=25.4C | min=-3.9C | range=29.3C | hot_days=0/yr | cold_days=0/yr | summer_mean=21.7C | source=copernicus_era5 | CMIP6_2050_ssp245=+1.7C | CMIP6_2080_ssp585=+4.4C"", ""nh12_quality"": ""medium""}"
997474f6-9bfd-4abd-a2ac-d8618db8f0b4,Mohacs power station,HU,45.99593,18.67985,nuscale_voygr6,NH-12,,,,6.5,scored,aggregated(mean_of_sub_scores),,"{""extreme_temp_max_c"": 25.53, ""extreme_temp_min_c"": -4.51, ""natural_fetched_at"": ""2026-05-12T22:17:41.437834+03:00"", ""natural_run_id"": ""20260512T184804_724e6d22"", ""nh12_comment"": ""ERA5 temperature (ref 1991-2020) | max=25.5C | min=-4.5C | range=30.0C | hot_days=0/yr | cold_days=0/yr | summer_mean=21.8C | source=copernicus_era5 | CMIP6_2050_ssp245=+1.7C | CMIP6_2080_ssp585=+4.4C"", ""nh12_quality"": ""medium""}"
651839d3-4e8f-4214-89aa-1f96ea221121,Oroszlány power station,HU,47.501741,18.271075,nuscale_voygr6,NH-12,,,,6.5,scored,aggregated(mean_of_sub_scores),,"{""extreme_temp_max_c"": 24.8, ""extreme_temp_min_c"": -5.94, ""natural_fetched_at"": ""2026-05-12T22:17:44.593924+03:00"", ""natural_run_id"": ""20260512T184804_724e6d22"", ""nh12_comment"": ""ERA5 temperature (ref 1991-2020) | max=24.8C | min=-5.9C | range=30.7C | hot_days=0/yr | cold_days=0/yr | summer_mean=20.9C | source=copernicus_era5 | CMIP6_2050_ssp245=+1.5C | CMIP6_2080_ssp585=+4.2C"", ""nh12_quality"": ""medium""}"
e1649639-2e45-4226-9c7a-783d2dcb6724,Pecs power station,HU,46.064103,18.263048,nuscale_voygr6,NH-12,,,,6.5,scored,aggregated(mean_of_sub_scores),,"{""extreme_temp_max_c"": 25.22, ""extreme_temp_min_c"": -4.12, ""natural_fetched_at"": ""2026-05-12T22:17:44.611507+03:00"", ""natural_run_id"": ""20260512T184804_724e6d22"", ""nh12_comment"": ""ERA5 temperature (ref 1991-2020) | max=25.2C | min=-4.1C | range=29.3C | hot_days=0/yr | cold_days=0/yr | summer_mean=21.5C | source=copernicus_era5 | CMIP6_2050_ssp245=+1.7C | CMIP6_2080_ssp585=+4.4C"", ""nh12_quality"": ""medium""}"
5de5f907-98e7-42d3-a7dd-cb65f839697b,Tiszapalkonya power station,HU,47.916826,21.075933,nuscale_voygr6,NH-12,,,,6.5,scored,aggregated(mean_of_sub_scores),,"{""extreme_temp_max_c"": 25.95, ""extreme_temp_min_c"": -6.51, ""natural_fetched_at"": ""2026-05-12T22:17:44.636466+03:00"", ""natural_run_id"": ""20260512T184804_724e6d22"", ""nh12_comment"": ""ERA5 temperature (ref 1991-2020) | max=26.0C | min=-6.5C | range=32.5C | hot_days=0/yr | cold_days=0/yr | summer_mean=22.1C | source=copernicus_era5 | CMIP6_2050_ssp245=+1.5C | CMIP6_2080_ssp585=+4.2C"", ""nh12_quality"": ""medium""}"
059b3ad4-7196-4e6b-b169-8605ceeed841,Torony power station,HU,47.23626,16.53706,nuscale_voygr6,NH-12,,,,6.5,scored,aggregated(mean_of_sub_scores),,"{""extreme_temp_max_c"": 24.03, ""extreme_temp_min_c"": -4.23, ""natural_fetched_at"": ""2026-05-12T22:17:54.285130+03:00"", ""natural_run_id"": ""20260512T184804_724e6d22"", ""nh12_comment"": ""ERA5 temperature (ref 1991-2020) | max=24.0C | min=-4.2C | range=28.3C | hot_days=0/yr | cold_days=0/yr | summer_mean=20.2C | source=copernicus_era5 | CMIP6_2050_ssp245=+1.5C | CMIP6_2080_ssp585=+4.1C"", ""nh12_quality"": ""medium""}"
1a5b8f8f-f4be-4514-8738-755d25e19b41,Kurzeme power station,LV,57.409408,21.594695,nuscale_voygr6,NH-12,,,,7.5,scored,aggregated(mean_of_sub_scores),,"{""extreme_temp_max_c"": 21.04, ""extreme_temp_min_c"": -6.03, ""natural_fetched_at"": ""2026-05-12T22:17:56.260120+03:00"", ""natural_run_id"": ""20260512T184804_724e6d22"", ""nh12_comment"": ""ERA5 temperature (ref 1991-2020) | max=21.0C | min=-6.0C | range=27.1C | hot_days=0/yr | cold_days=0/yr | summer_mean=16.4C | source=copernicus_era5 | CMIP6_2050_ssp245=+1.6C | CMIP6_2080_ssp585=+3.8C"", ""nh12_quality"": ""medium""}"
b3eb5dd2-98cf-40c4-b9ee-2a86fd066093,Kuchurgan power station,MD,46.629027,29.939714,nuscale_voygr6,NH-12,,,,5.5,scored,aggregated(mean_of_sub_scores),,"{""extreme_temp_max_c"": 26.44, ""extreme_temp_min_c"": -6.86, ""natural_fetched_at"": ""2026-05-12T22:17:57.559158+03:00"", ""natural_run_id"": ""20260512T184804_724e6d22"", ""nh12_comment"": ""ERA5 temperature (ref 1991-2020) | max=26.4C | min=-6.9C | range=33.3C | hot_days=0/yr | cold_days=0/yr | summer_mean=22.4C | source=copernicus_era5 | CMIP6_2050_ssp245=+1.4C | CMIP6_2080_ssp585=+4.2C"", ""nh12_quality"": ""medium""}"
3795824b-cb76-48dd-a65c-764c757ddc76,Bar power station,ME,42.1,19.1,nuscale_voygr6,NH-12,,,,7.5,scored,aggregated(mean_of_sub_scores),,"{""extreme_temp_max_c"": 26.99, ""extreme_temp_min_c"": 6.14, ""natural_fetched_at"": ""2026-05-12T22:17:59.187028+03:00"", ""natural_run_id"": ""20260512T184804_724e6d22"", ""nh12_comment"": ""ERA5 temperature (ref 1991-2020) | max=27.0C | min=6.1C | range=20.9C | hot_days=0/yr | cold_days=0/yr | summer_mean=24.2C | source=copernicus_era5 | CMIP6_2050_ssp245=+1.7C | CMIP6_2080_ssp585=+4.2C"", ""nh12_quality"": ""medium""}"
e77a7e7f-11ba-4e61-98da-f44471bc52ab,Berane power station,ME,42.84,19.86,nuscale_voygr6,NH-12,,,,7.5,scored,aggregated(mean_of_sub_scores),,"{""extreme_temp_max_c"": 19.56, ""extreme_temp_min_c"": -7.92, ""natural_fetched_at"": ""2026-05-12T22:18:01.044352+03:00"", ""natural_run_id"": ""20260512T184804_724e6d22"", ""nh12_comment"": ""ERA5 temperature (ref 1991-2020) | max=19.6C | min=-7.9C | range=27.5C | hot_days=0/yr | cold_days=0/yr | summer_mean=16.2C | source=copernicus_era5 | CMIP6_2050_ssp245=+1.7C | CMIP6_2080_ssp585=+4.3C"", ""nh12_quality"": ""medium""}"
a851b5f3-8392-4766-82b9-379c6c04fe5d,Maoce Power Station,ME,43.36,19.36,nuscale_voygr6,NH-12,,,,6.5,scored,aggregated(mean_of_sub_scores),,"{""extreme_temp_max_c"": 19.54, ""extreme_temp_min_c"": -8.88, ""natural_fetched_at"": ""2026-05-12T22:18:02.274817+03:00"", ""natural_run_id"": ""20260512T184804_724e6d22"", ""nh12_comment"": ""ERA5 temperature (ref 1991-2020) | max=19.5C | min=-8.9C | range=28.4C | hot_days=0/yr | cold_days=0/yr | summer_mean=16.0C | source=copernicus_era5 | CMIP6_2050_ssp245=+1.8C | CMIP6_2080_ssp585=+4.5C"", ""nh12_quality"": ""medium""}"
a9385c82-79b7-4f8d-b609-0a12ed946fe6,Pljevlja power station,ME,43.334574,19.32714,nuscale_voygr6,NH-12,,,,6.5,scored,aggregated(mean_of_sub_scores),,"{""extreme_temp_max_c"": 19.54, ""extreme_temp_min_c"": -8.88, ""natural_fetched_at"": ""2026-05-12T22:18:02.290145+03:00"", ""natural_run_id"": ""20260512T184804_724e6d22"", ""nh12_comment"": ""ERA5 temperature (ref 1991-2020) | max=19.5C | min=-8.9C | range=28.4C | hot_days=0/yr | cold_days=0/yr | summer_mean=16.0C | source=copernicus_era5 | CMIP6_2050_ssp245=+1.8C | CMIP6_2080_ssp585=+4.5C"", ""nh12_quality"": ""medium""}"
1739b1b7-a6f3-466c-9dfa-3d1de9d5b6db,Bitola power station,MK,41.05832,21.484266,nuscale_voygr6,NH-12,,,,6.5,scored,aggregated(mean_of_sub_scores),,"{""extreme_temp_max_c"": 25.11, ""extreme_temp_min_c"": -4.41, ""natural_fetched_at"": ""2026-05-12T22:18:03.336988+03:00"", ""natural_run_id"": ""20260512T184804_724e6d22"", ""nh12_comment"": ""ERA5 temperature (ref 1991-2020) | max=25.1C | min=-4.4C | range=29.5C | hot_days=0/yr | cold_days=0/yr | summer_mean=21.3C | source=copernicus_era5 | CMIP6_2050_ssp245=+1.7C | CMIP6_2080_ssp585=+4.3C"", ""nh12_quality"": ""medium""}"
7bff5ef2-646d-4b83-83b0-7f3da32f0254,Mariovo power station,MK,41.122815,21.805115,nuscale_voygr6,NH-12,,,,5.5,scored,aggregated(mean_of_sub_scores),,"{""extreme_temp_max_c"": 26.09, ""extreme_temp_min_c"": -4.05, ""natural_fetched_at"": ""2026-05-12T22:18:04.886355+03:00"", ""natural_run_id"": ""20260512T184804_724e6d22"", ""nh12_comment"": ""ERA5 temperature (ref 1991-2020) | max=26.1C | min=-4.0C | range=30.1C | hot_days=0/yr | cold_days=0/yr | summer_mean=22.0C | source=copernicus_era5 | CMIP6_2050_ssp245=+1.6C | CMIP6_2080_ssp585=+4.3C"", ""nh12_quality"": ""medium""}"
83d3abe4-2049-47ad-a66b-46034edb7569,Negotino power station,MK,41.483333,22.1,nuscale_voygr6,NH-12,,,,6.5,scored,aggregated(mean_of_sub_scores),,"{""extreme_temp_max_c"": 28.38, ""extreme_temp_min_c"": -3.77, ""natural_fetched_at"": ""2026-05-12T22:18:06.703284+03:00"", ""natural_run_id"": ""20260512T184804_724e6d22"", ""nh12_comment"": ""ERA5 temperature (ref 1991-2020) | max=28.4C | min=-3.8C | range=32.2C | hot_days=0/yr | cold_days=0/yr | summer_mean=24.6C | source=copernicus_era5 | CMIP6_2050_ssp245=+1.6C | CMIP6_2080_ssp585=+4.3C"", ""nh12_quality"": ""medium""}"
756218bb-3f16-443e-b6c6-400cd0ce2f87,Oslomej power station,MK,41.582133,21.000288,nuscale_voygr6,NH-12,,,,7.5,scored,aggregated(mean_of_sub_scores),,"{""extreme_temp_max_c"": 22.16, ""extreme_temp_min_c"": -7.9, ""natural_fetched_at"": ""2026-05-12T22:18:17.494303+03:00"", ""natural_run_id"": ""20260512T184804_724e6d22"", ""nh12_comment"": ""ERA5 temperature (ref 1991-2020) | max=22.2C | min=-7.9C | range=30.1C | hot_days=0/yr | cold_days=0/yr | summer_mean=18.7C | source=copernicus_era5 | CMIP6_2050_ssp245=+1.7C | CMIP6_2080_ssp585=+4.3C"", ""nh12_quality"": ""medium""}"
e4e3b5f0-7038-47a5-84e3-04eb07b3c4d7,Adamow power station,PL,52.012307,18.546212,nuscale_voygr6,NH-12,,,,6.5,scored,aggregated(mean_of_sub_scores),,"{""extreme_temp_max_c"": 23.68, ""extreme_temp_min_c"": -7.53, ""natural_fetched_at"": ""2026-05-12T22:18:29.117230+03:00"", ""natural_run_id"": ""20260512T184804_724e6d22"", ""nh12_comment"": ""ERA5 temperature (ref 1991-2020) | max=23.7C | min=-7.5C | range=31.2C | hot_days=0/yr | cold_days=0/yr | summer_mean=18.7C | source=copernicus_era5 | CMIP6_2050_ssp245=+1.3C | CMIP6_2080_ssp585=+3.6C"", ""nh12_quality"": ""medium""}"
d3b5a049-6bff-400b-9312-96985f03acea,Bedzin power station,PL,50.303889,19.137778,nuscale_voygr6,NH-12,,,,6.5,scored,aggregated(mean_of_sub_scores),,"{""extreme_temp_max_c"": 23.05, ""extreme_temp_min_c"": -7.84, ""natural_fetched_at"": ""2026-05-12T22:18:35.347585+03:00"", ""natural_run_id"": ""20260512T184804_724e6d22"", ""nh12_comment"": ""ERA5 temperature (ref 1991-2020) | max=23.0C | min=-7.8C | range=30.9C | hot_days=0/yr | cold_days=0/yr | summer_mean=18.5C | source=copernicus_era5 | CMIP6_2050_ssp245=+1.3C | CMIP6_2080_ssp585=+3.8C"", ""nh12_quality"": ""medium""}"
8e485f8a-5c68-4541-ab1d-77783f6fcb2d,Belchatow power station,PL,51.266389,19.330556,nuscale_voygr6,NH-12,,,,6.5,scored,aggregated(mean_of_sub_scores),,"{""extreme_temp_max_c"": 23.68, ""extreme_temp_min_c"": -7.6, ""natural_fetched_at"": ""2026-05-12T22:18:38.563884+03:00"", ""natural_run_id"": ""20260512T184804_724e6d22"", ""nh12_comment"": ""ERA5 temperature (ref 1991-2020) | max=23.7C | min=-7.6C | range=31.3C | hot_days=0/yr | cold_days=0/yr | summer_mean=18.8C | source=copernicus_era5 | CMIP6_2050_ssp245=+1.3C | CMIP6_2080_ssp585=+3.6C"", ""nh12_quality"": ""medium""}"
06641fea-8997-4b69-a618-6afa34b82591,Bialystok power station,PL,53.147965,23.169649,nuscale_voygr6,NH-12,,,,6.5,scored,aggregated(mean_of_sub_scores),,"{""extreme_temp_max_c"": 21.64, ""extreme_temp_min_c"": -9.84, ""natural_fetched_at"": ""2026-05-12T22:18:46.793477+03:00"", ""natural_run_id"": ""20260512T184804_724e6d22"", ""nh12_comment"": ""ERA5 temperature (ref 1991-2020) | max=21.6C | min=-9.8C | range=31.5C | hot_days=0/yr | cold_days=0/yr | summer_mean=18.0C | source=copernicus_era5 | CMIP6_2050_ssp245=+1.4C | CMIP6_2080_ssp585=+3.9C"", ""nh12_quality"": ""medium""}"
73fe8f06-c53b-4877-9c1d-5caf3d8f2749,Bielsko-Biala power station,PL,49.811696,19.052943,nuscale_voygr6,NH-12,,,,6.5,scored,aggregated(mean_of_sub_scores),,"{""extreme_temp_max_c"": 21.05, ""extreme_temp_min_c"": -8.17, ""natural_fetched_at"": ""2026-05-12T22:18:50.105445+03:00"", ""natural_run_id"": ""20260512T184804_724e6d22"", ""nh12_comment"": ""ERA5 temperature (ref 1991-2020) | max=21.1C | min=-8.2C | range=29.2C | hot_days=0/yr | cold_days=0/yr | summer_mean=17.3C | source=copernicus_era5 | CMIP6_2050_ssp245=+1.3C | CMIP6_2080_ssp585=+3.8C"", ""nh12_quality"": ""medium""}"
ccc15bde-1c5a-40bf-8f09-2fcb1e896ce5,Blachownia power station,PL,50.783333,18.966667,nuscale_voygr6,NH-12,,,,6.5,scored,aggregated(mean_of_sub_scores),,"{""extreme_temp_max_c"": 23.18, ""extreme_temp_min_c"": -7.18, ""natural_fetched_at"": ""2026-05-12T22:18:52.092290+03:00"", ""natural_run_id"": ""20260512T184804_724e6d22"", ""nh12_comment"": ""ERA5 temperature (ref 1991-2020) | max=23.2C | min=-7.2C | range=30.4C | hot_days=0/yr | cold_days=0/yr | summer_mean=18.6C | source=copernicus_era5 | CMIP6_2050_ssp245=+1.3C | CMIP6_2080_ssp585=+3.6C"", ""nh12_quality"": ""medium""}"
9f4a0d6c-e2fa-4e9b-b412-d779d4abf82c,Bydgoszcz power station,PL,53.09918,18.0889,nuscale_voygr6,NH-12,,,,7.5,scored,aggregated(mean_of_sub_scores),,"{""extreme_temp_max_c"": 22.07, ""extreme_temp_min_c"": -7.82, ""natural_fetched_at"": ""2026-05-12T22:18:54.784970+03:00"", ""natural_run_id"": ""20260512T184804_724e6d22"", ""nh12_comment"": ""ERA5 temperature (ref 1991-2020) | max=22.1C | min=-7.8C | range=29.9C | hot_days=0/yr | cold_days=0/yr | summer_mean=18.1C | source=copernicus_era5 | CMIP6_2050_ssp245=+1.4C | CMIP6_2080_ssp585=+3.7C"", ""nh12_quality"": ""medium""}"
a91dfe3d-93e0-43a1-99d2-41abdd1fc2ce,Chorzow Elcho power station,PL,50.307464,18.969459,nuscale_voygr6,NH-12,,,,6.5,scored,aggregated(mean_of_sub_scores),,"{""extreme_temp_max_c"": 23.19, ""extreme_temp_min_c"": -7.72, ""natural_fetched_at"": ""2026-05-12T22:18:55.992134+03:00"", ""natural_run_id"": ""20260512T184804_724e6d22"", ""nh12_comment"": ""ERA5 temperature (ref 1991-2020) | max=23.2C | min=-7.7C | range=30.9C | hot_days=0/yr | cold_days=0/yr | summer_mean=18.7C | source=copernicus_era5 | CMIP6_2050_ssp245=+1.3C | CMIP6_2080_ssp585=+3.8C"", ""nh12_quality"": ""medium""}"
a6b51b4f-ba1d-49cd-bc99-8898acdbeb78,Czeczott power station,PL,49.966667,18.95,nuscale_voygr6,NH-12,,,,7.5,scored,aggregated(mean_of_sub_scores),,"{""extreme_temp_max_c"": 22.81, ""extreme_temp_min_c"": -7.95, ""natural_fetched_at"": ""2026-05-12T22:18:57.675008+03:00"", ""natural_run_id"": ""20260512T184804_724e6d22"", ""nh12_comment"": ""ERA5 temperature (ref 1991-2020) | max=22.8C | min=-7.9C | range=30.8C | hot_days=0/yr | cold_days=0/yr | summer_mean=18.5C | source=copernicus_era5 | CMIP6_2050_ssp245=+1.3C | CMIP6_2080_ssp585=+3.8C"", ""nh12_quality"": ""medium""}"
b789a244-7d29-4be3-afe4-2f45d7f11eab,Czestochowa CHP power station,PL,50.794406,19.14242,nuscale_voygr6,NH-12,,,,6.5,scored,aggregated(mean_of_sub_scores),,"{""extreme_temp_max_c"": 23.12, ""extreme_temp_min_c"": -7.34, ""natural_fetched_at"": ""2026-05-12T22:19:00.713869+03:00"", ""natural_run_id"": ""20260512T184804_724e6d22"", ""nh12_comment"": ""ERA5 temperature (ref 1991-2020) | max=23.1C | min=-7.3C | range=30.5C | hot_days=0/yr | cold_days=0/yr | summer_mean=18.6C | source=copernicus_era5 | CMIP6_2050_ssp245=+1.3C | CMIP6_2080_ssp585=+3.6C"", ""nh12_quality"": ""medium""}"
558e7bff-5b5d-4666-9ca3-ec02f2269aab,Dolna Odra power station,PL,53.20778,14.46722,nuscale_voygr6,NH-12,,,,6.5,scored,aggregated(mean_of_sub_scores),,"{""extreme_temp_max_c"": 23.0, ""extreme_temp_min_c"": -5.75, ""natural_fetched_at"": ""2026-05-12T22:19:05.465966+03:00"", ""natural_run_id"": ""20260512T184804_724e6d22"", ""nh12_comment"": ""ERA5 temperature (ref 1991-2020) | max=23.0C | min=-5.7C | range=28.8C | hot_days=0/yr | cold_days=0/yr | summer_mean=18.0C | source=copernicus_era5 | CMIP6_2050_ssp245=+1.3C | CMIP6_2080_ssp585=+3.4C"", ""nh12_quality"": ""medium""}"
e9a1ae49-ff79-462c-af4e-7c6843221d36,Gdansk-2 power station,PL,54.378201,18.641284,nuscale_voygr6,NH-12,,,,7.5,scored,aggregated(mean_of_sub_scores),,"{""extreme_temp_max_c"": 21.78, ""extreme_temp_min_c"": -5.34, ""natural_fetched_at"": ""2026-05-12T22:19:08.973623+03:00"", ""natural_run_id"": ""20260512T184804_724e6d22"", ""nh12_comment"": ""ERA5 temperature (ref 1991-2020) | max=21.8C | min=-5.3C | range=27.1C | hot_days=0/yr | cold_days=0/yr | summer_mean=17.5C | source=copernicus_era5 | CMIP6_2050_ssp245=+1.5C | CMIP6_2080_ssp585=+3.6C"", ""nh12_quality"": ""medium""}"
ad7a9c00-0c75-411f-8f89-859e603df1e6,Gdynia-3 power station,PL,54.553355,18.480791,nuscale_voygr6,NH-12,,,,7.5,scored,aggregated(mean_of_sub_scores),,"{""extreme_temp_max_c"": 20.74, ""extreme_temp_min_c"": -6.23, ""natural_fetched_at"": ""2026-05-12T22:19:09.642764+03:00"", ""natural_run_id"": ""20260512T184804_724e6d22"", ""nh12_comment"": ""ERA5 temperature (ref 1991-2020) | max=20.7C | min=-6.2C | range=27.0C | hot_days=0/yr | cold_days=0/yr | summer_mean=16.8C | source=copernicus_era5 | CMIP6_2050_ssp245=+1.5C | CMIP6_2080_ssp585=+3.6C"", ""nh12_quality"": ""medium""}"
416aab55-6fd9-4a0a-b8f8-796fb62d86a5,Gliwice Works power station,PL,50.317682,18.626547,nuscale_voygr6,NH-12,,,,6.5,scored,aggregated(mean_of_sub_scores),,"{""extreme_temp_max_c"": 23.28, ""extreme_temp_min_c"": -7.72, ""natural_fetched_at"": ""2026-05-12T22:19:16.046250+03:00"", ""natural_run_id"": ""20260512T184804_724e6d22"", ""nh12_comment"": ""ERA5 temperature (ref 1991-2020) | max=23.3C | min=-7.7C | range=31.0C | hot_days=0/yr | cold_days=0/yr | summer_mean=18.7C | source=copernicus_era5 | CMIP6_2050_ssp245=+1.3C | CMIP6_2080_ssp585=+3.8C"", ""nh12_quality"": ""medium""}"
40650551-0c9c-45ea-bac6-befdb0cb5909,Gorzow power station,PL,52.7504,15.2712,nuscale_voygr6,NH-12,,,,6.5,scored,aggregated(mean_of_sub_scores),,"{""extreme_temp_max_c"": 23.64, ""extreme_temp_min_c"": -5.7, ""natural_fetched_at"": ""2026-05-12T22:19:21.562672+03:00"", ""natural_run_id"": ""20260512T184804_724e6d22"", ""nh12_comment"": ""ERA5 temperature (ref 1991-2020) | max=23.6C | min=-5.7C | range=29.3C | hot_days=0/yr | cold_days=0/yr | summer_mean=18.5C | source=copernicus_era5 | CMIP6_2050_ssp245=+1.3C | CMIP6_2080_ssp585=+3.4C"", ""nh12_quality"": ""medium""}"
917008f5-fba1-4ef7-b82d-9aded2b69267,Gubin Power Project,PL,51.948982,14.728458,nuscale_voygr6,NH-12,,,,6.5,scored,aggregated(mean_of_sub_scores),,"{""extreme_temp_max_c"": 24.37, ""extreme_temp_min_c"": -5.56, ""natural_fetched_at"": ""2026-05-12T22:19:25.025238+03:00"", ""natural_run_id"": ""20260512T184804_724e6d22"", ""nh12_comment"": ""ERA5 temperature (ref 1991-2020) | max=24.4C | min=-5.6C | range=29.9C | hot_days=0/yr | cold_days=0/yr | summer_mean=19.0C | source=copernicus_era5 | CMIP6_2050_ssp245=+1.3C | CMIP6_2080_ssp585=+3.4C"", ""nh12_quality"": ""medium""}"
29479c3f-8db8-4f62-90e8-59ad6739f90b,Halemba power station,PL,50.2325,18.851944,nuscale_voygr6,NH-12,,,,6.5,scored,aggregated(mean_of_sub_scores),,"{""extreme_temp_max_c"": 23.28, ""extreme_temp_min_c"": -7.72, ""natural_fetched_at"": ""2026-05-12T22:19:25.041646+03:00"", ""natural_run_id"": ""20260512T184804_724e6d22"", ""nh12_comment"": ""ERA5 temperature (ref 1991-2020) | max=23.3C | min=-7.7C | range=31.0C | hot_days=0/yr | cold_days=0/yr | summer_mean=18.7C | source=copernicus_era5 | CMIP6_2050_ssp245=+1.3C | CMIP6_2080_ssp585=+3.8C"", ""nh12_quality"": ""medium""}"
c4d7f628-c108-4496-ac02-6076ea3ae448,Jaworzno power station,PL,50.213351,19.22806,nuscale_voygr6,NH-12,,,,6.5,scored,aggregated(mean_of_sub_scores),,"{""extreme_temp_max_c"": 23.05, ""extreme_temp_min_c"": -7.84, ""natural_fetched_at"": ""2026-05-12T22:19:25.055569+03:00"", ""natural_run_id"": ""20260512T184804_724e6d22"", ""nh12_comment"": ""ERA5 temperature (ref 1991-2020) | max=23.0C | min=-7.8C | range=30.9C | hot_days=0/yr | cold_days=0/yr | summer_mean=18.5C | source=copernicus_era5 | CMIP6_2050_ssp245=+1.3C | CMIP6_2080_ssp585=+3.8C"", ""nh12_quality"": ""medium""}"
399668d6-bfed-4e5b-bf38-9ee5902101c3,Katowice PKE power station,PL,50.28568,19.05438,nuscale_voygr6,NH-12,,,,6.5,scored,aggregated(mean_of_sub_scores),,"{""extreme_temp_max_c"": 23.19, ""extreme_temp_min_c"": -7.72, ""natural_fetched_at"": ""2026-05-12T22:19:25.069424+03:00"", ""natural_run_id"": ""20260512T184804_724e6d22"", ""nh12_comment"": ""ERA5 temperature (ref 1991-2020) | max=23.2C | min=-7.7C | range=30.9C | hot_days=0/yr | cold_days=0/yr | summer_mean=18.7C | source=copernicus_era5 | CMIP6_2050_ssp245=+1.3C | CMIP6_2080_ssp585=+3.8C"", ""nh12_quality"": ""medium""}"
239ea0eb-a9c4-43cc-ac5f-35271bdc6613,Kedzierzyn CCS Project,PL,50.34988,18.226184,nuscale_voygr6,NH-12,,,,6.5,scored,aggregated(mean_of_sub_scores),,"{""extreme_temp_max_c"": 23.32, ""extreme_temp_min_c"": -6.96, ""natural_fetched_at"": ""2026-05-12T22:19:26.714521+03:00"", ""natural_run_id"": ""20260512T184804_724e6d22"", ""nh12_comment"": ""ERA5 temperature (ref 1991-2020) | max=23.3C | min=-7.0C | range=30.3C | hot_days=0/yr | cold_days=0/yr | summer_mean=19.1C | source=copernicus_era5 | CMIP6_2050_ssp245=+1.3C | CMIP6_2080_ssp585=+3.8C"", ""nh12_quality"": ""medium""}"
c39819ef-6798-4c01-9a82-9eead65b5f56,Konin power station,PL,52.283657,18.269475,nuscale_voygr6,NH-12,,,,6.5,scored,aggregated(mean_of_sub_scores),,"{""extreme_temp_max_c"": 23.57, ""extreme_temp_min_c"": -7.77, ""natural_fetched_at"": ""2026-05-12T22:19:28.934221+03:00"", ""natural_run_id"": ""20260512T184804_724e6d22"", ""nh12_comment"": ""ERA5 temperature (ref 1991-2020) | max=23.6C | min=-7.8C | range=31.3C | hot_days=0/yr | cold_days=0/yr | summer_mean=18.8C | source=copernicus_era5 | CMIP6_2050_ssp245=+1.4C | CMIP6_2080_ssp585=+3.7C"", ""nh12_quality"": ""medium""}"
4411a22e-4e8a-4715-b000-1aae34494b68,Kozienice power station,PL,51.58293,21.54779,nuscale_voygr6,NH-12,,,,6.5,scored,aggregated(mean_of_sub_scores),,"{""extreme_temp_max_c"": 22.85, ""extreme_temp_min_c"": -8.38, ""natural_fetched_at"": ""2026-05-12T22:19:31.673675+03:00"", ""natural_run_id"": ""20260512T184804_724e6d22"", ""nh12_comment"": ""ERA5 temperature (ref 1991-2020) | max=22.8C | min=-8.4C | range=31.2C | hot_days=0/yr | cold_days=0/yr | summer_mean=18.9C | source=copernicus_era5 | CMIP6_2050_ssp245=+1.3C | CMIP6_2080_ssp585=+3.7C"", ""nh12_quality"": ""medium""}"
409dde58-5df1-44d9-b5ec-f8e2edd86786,Krakow-Leg power station,PL,50.054021,20.006018,nuscale_voygr6,NH-12,,,,6.5,scored,aggregated(mean_of_sub_scores),,"{""extreme_temp_max_c"": 21.68, ""extreme_temp_min_c"": -8.01, ""natural_fetched_at"": ""2026-05-12T22:19:34.035894+03:00"", ""natural_run_id"": ""20260512T184804_724e6d22"", ""nh12_comment"": ""ERA5 temperature (ref 1991-2020) | max=21.7C | min=-8.0C | range=29.7C | hot_days=0/yr | cold_days=0/yr | summer_mean=18.3C | source=copernicus_era5 | CMIP6_2050_ssp245=+1.3C | CMIP6_2080_ssp585=+3.9C"", ""nh12_quality"": ""medium""}"
27fc89b3-ee57-44ac-8073-a700bc8d12e8,Lagisza power station,PL,50.35016,19.14351,nuscale_voygr6,NH-12,,,,6.5,scored,aggregated(mean_of_sub_scores),,"{""extreme_temp_max_c"": 23.05, ""extreme_temp_min_c"": -7.84, ""natural_fetched_at"": ""2026-05-12T22:19:34.054174+03:00"", ""natural_run_id"": ""20260512T184804_724e6d22"", ""nh12_comment"": ""ERA5 temperature (ref 1991-2020) | max=23.0C | min=-7.8C | range=30.9C | hot_days=0/yr | cold_days=0/yr | summer_mean=18.5C | source=copernicus_era5 | CMIP6_2050_ssp245=+1.3C | CMIP6_2080_ssp585=+3.8C"", ""nh12_quality"": ""medium""}"
de6735bd-7a79-43c8-baad-1fe23d50d6f0,Laziska power station,PL,50.134526,18.844352,nuscale_voygr6,NH-12,,,,6.5,scored,aggregated(mean_of_sub_scores),,"{""extreme_temp_max_c"": 23.28, ""extreme_temp_min_c"": -7.72, ""natural_fetched_at"": ""2026-05-12T22:19:36.424327+03:00"", ""natural_run_id"": ""20260512T184804_724e6d22"", ""nh12_comment"": ""ERA5 temperature (ref 1991-2020) | max=23.3C | min=-7.7C | range=31.0C | hot_days=0/yr | cold_days=0/yr | summer_mean=18.7C | source=copernicus_era5 | CMIP6_2050_ssp245=+1.3C | CMIP6_2080_ssp585=+3.8C"", ""nh12_quality"": ""medium""}"
0b187a1d-55de-47cf-96a3-06abc8ff2476,Leczna Power Station (Bogdanka SA),PL,51.3009,22.88211,nuscale_voygr6,NH-12,,,,6.5,scored,aggregated(mean_of_sub_scores),,"{""extreme_temp_max_c"": 22.69, ""extreme_temp_min_c"": -8.35, ""natural_fetched_at"": ""2026-05-12T22:19:39.480981+03:00"", ""natural_run_id"": ""20260512T184804_724e6d22"", ""nh12_comment"": ""ERA5 temperature (ref 1991-2020) | max=22.7C | min=-8.3C | range=31.0C | hot_days=0/yr | cold_days=0/yr | summer_mean=18.7C | source=copernicus_era5 | CMIP6_2050_ssp245=+1.3C | CMIP6_2080_ssp585=+3.8C"", ""nh12_quality"": ""medium""}"
ebc0f461-acfa-47da-8094-5b15ea3e25a0,Leczna Power Station (Enea),PL,51.3,22.883333,nuscale_voygr6,NH-12,,,,6.5,scored,aggregated(mean_of_sub_scores),,"{""extreme_temp_max_c"": 22.69, ""extreme_temp_min_c"": -8.35, ""natural_fetched_at"": ""2026-05-12T22:19:39.498249+03:00"", ""natural_run_id"": ""20260512T184804_724e6d22"", ""nh12_comment"": ""ERA5 temperature (ref 1991-2020) | max=22.7C | min=-8.3C | range=31.0C | hot_days=0/yr | cold_days=0/yr | summer_mean=18.7C | source=copernicus_era5 | CMIP6_2050_ssp245=+1.3C | CMIP6_2080_ssp585=+3.8C"", ""nh12_quality"": ""medium""}"
187b4fd7-6a61-4e94-8ed4-495ac6dfc317,Legnica Power Station,PL,51.207007,16.155323,nuscale_voygr6,NH-12,,,,6.5,scored,aggregated(mean_of_sub_scores),,"{""extreme_temp_max_c"": 24.02, ""extreme_temp_min_c"": -6.04, ""natural_fetched_at"": ""2026-05-12T22:19:44.429532+03:00"", ""natural_run_id"": ""20260512T184804_724e6d22"", ""nh12_comment"": ""ERA5 temperature (ref 1991-2020) | max=24.0C | min=-6.0C | range=30.1C | hot_days=0/yr | cold_days=0/yr | summer_mean=18.9C | source=copernicus_era5 | CMIP6_2050_ssp245=+1.3C | CMIP6_2080_ssp585=+3.5C"", ""nh12_quality"": ""medium""}"
29a58981-aaf7-4450-ad41-49dd6d786168,Lodz-2 power station,PL,51.742023,19.448746,nuscale_voygr6,NH-12,,,,7.5,scored,aggregated(mean_of_sub_scores),,"{""extreme_temp_max_c"": 22.65, ""extreme_temp_min_c"": -7.86, ""natural_fetched_at"": ""2026-05-12T22:19:47.797114+03:00"", ""natural_run_id"": ""20260512T184804_724e6d22"", ""nh12_comment"": ""ERA5 temperature (ref 1991-2020) | max=22.6C | min=-7.9C | range=30.5C | hot_days=0/yr | cold_days=0/yr | summer_mean=18.4C | source=copernicus_era5 | CMIP6_2050_ssp245=+1.3C | CMIP6_2080_ssp585=+3.6C"", ""nh12_quality"": ""medium""}"
8dd8db4c-b62d-4f6b-a2ee-70a9ed785e7a,Lodz-3 power station,PL,51.798357,19.420734,nuscale_voygr6,NH-12,,,,7.5,scored,aggregated(mean_of_sub_scores),,"{""extreme_temp_max_c"": 22.65, ""extreme_temp_min_c"": -7.86, ""natural_fetched_at"": ""2026-05-12T22:19:50.085711+03:00"", ""natural_run_id"": ""20260512T184804_724e6d22"", ""nh12_comment"": ""ERA5 temperature (ref 1991-2020) | max=22.6C | min=-7.9C | range=30.5C | hot_days=0/yr | cold_days=0/yr | summer_mean=18.4C | source=copernicus_era5 | CMIP6_2050_ssp245=+1.3C | CMIP6_2080_ssp585=+3.6C"", ""nh12_quality"": ""medium""}"
ef2ee2ae-e73e-490c-aa07-746543fe20e6,Lodz-4 power station,PL,51.74564,19.53963,nuscale_voygr6,NH-12,,,,7.5,scored,aggregated(mean_of_sub_scores),,"{""extreme_temp_max_c"": 22.65, ""extreme_temp_min_c"": -7.86, ""natural_fetched_at"": ""2026-05-12T22:19:50.102398+03:00"", ""natural_run_id"": ""20260512T184804_724e6d22"", ""nh12_comment"": ""ERA5 temperature (ref 1991-2020) | max=22.6C | min=-7.9C | range=30.5C | hot_days=0/yr | cold_days=0/yr | summer_mean=18.4C | source=copernicus_era5 | CMIP6_2050_ssp245=+1.3C | CMIP6_2080_ssp585=+3.6C"", ""nh12_quality"": ""medium""}"
d60b377c-9bb4-4fd5-adb7-a9a9ba98ae76,Lublin Power Station,PL,51.209986,22.554122,nuscale_voygr6,NH-12,,,,6.5,scored,aggregated(mean_of_sub_scores),,"{""extreme_temp_max_c"": 22.01, ""extreme_temp_min_c"": -8.18, ""natural_fetched_at"": ""2026-05-12T22:19:52.458775+03:00"", ""natural_run_id"": ""20260512T184804_724e6d22"", ""nh12_comment"": ""ERA5 temperature (ref 1991-2020) | max=22.0C | min=-8.2C | range=30.2C | hot_days=0/yr | cold_days=0/yr | summer_mean=18.5C | source=copernicus_era5 | CMIP6_2050_ssp245=+1.3C | CMIP6_2080_ssp585=+3.8C"", ""nh12_quality"": ""medium""}"
c42c5942-264d-43a1-a9eb-95b00480eb1a,Miechowice power station,PL,50.349073,18.841853,nuscale_voygr6,NH-12,,,,6.5,scored,aggregated(mean_of_sub_scores),,"{""extreme_temp_max_c"": 23.28, ""extreme_temp_min_c"": -7.72, ""natural_fetched_at"": ""2026-05-12T22:19:52.478129+03:00"", ""natural_run_id"": ""20260512T184804_724e6d22"", ""nh12_comment"": ""ERA5 temperature (ref 1991-2020) | max=23.3C | min=-7.7C | range=31.0C | hot_days=0/yr | cold_days=0/yr | summer_mean=18.7C | source=copernicus_era5 | CMIP6_2050_ssp245=+1.3C | CMIP6_2080_ssp585=+3.8C"", ""nh12_quality"": ""medium""}"
5a57ae0a-6f91-46f4-a1f5-56a6b37596e9,Murcki-Staszic power station,PL,50.180556,19.007222,nuscale_voygr6,NH-12,,,,6.5,scored,aggregated(mean_of_sub_scores),,"{""extreme_temp_max_c"": 23.19, ""extreme_temp_min_c"": -7.72, ""natural_fetched_at"": ""2026-05-12T22:19:52.496317+03:00"", ""natural_run_id"": ""20260512T184804_724e6d22"", ""nh12_comment"": ""ERA5 temperature (ref 1991-2020) | max=23.2C | min=-7.7C | range=30.9C | hot_days=0/yr | cold_days=0/yr | summer_mean=18.7C | source=copernicus_era5 | CMIP6_2050_ssp245=+1.3C | CMIP6_2080_ssp585=+3.8C"", ""nh12_quality"": ""medium""}"
52db4dae-b014-45a4-96c4-49f80c1fdd11,Opalenie power station,PL,53.742222,18.823056,nuscale_voygr6,NH-12,,,,6.5,scored,aggregated(mean_of_sub_scores),,"{""extreme_temp_max_c"": 21.45, ""extreme_temp_min_c"": -8.05, ""natural_fetched_at"": ""2026-05-12T22:19:54.839492+03:00"", ""natural_run_id"": ""20260512T184804_724e6d22"", ""nh12_comment"": ""ERA5 temperature (ref 1991-2020) | max=21.5C | min=-8.1C | range=29.5C | hot_days=0/yr | cold_days=0/yr | summer_mean=17.6C | source=copernicus_era5 | CMIP6_2050_ssp245=+1.4C | CMIP6_2080_ssp585=+3.7C"", ""nh12_quality"": ""medium""}"
1d19dce6-c458-4656-901d-6a8d3c548761,Opole power station,PL,50.75182,17.88196,nuscale_voygr6,NH-12,,,,6.5,scored,aggregated(mean_of_sub_scores),,"{""extreme_temp_max_c"": 23.84, ""extreme_temp_min_c"": -6.55, ""natural_fetched_at"": ""2026-05-12T22:19:56.122323+03:00"", ""natural_run_id"": ""20260512T184804_724e6d22"", ""nh12_comment"": ""ERA5 temperature (ref 1991-2020) | max=23.8C | min=-6.6C | range=30.4C | hot_days=0/yr | cold_days=0/yr | summer_mean=19.1C | source=copernicus_era5 | CMIP6_2050_ssp245=+1.3C | CMIP6_2080_ssp585=+3.6C"", ""nh12_quality"": ""medium""}"
b8bc6544-1571-4906-95e0-314d62c78a24,Ostrołęka power station,PL,53.103611,21.6125,nuscale_voygr6,NH-12,,,,6.5,scored,aggregated(mean_of_sub_scores),,"{""extreme_temp_max_c"": 22.35, ""extreme_temp_min_c"": -9.01, ""natural_fetched_at"": ""2026-05-12T22:19:57.860939+03:00"", ""natural_run_id"": ""20260512T184804_724e6d22"", ""nh12_comment"": ""ERA5 temperature (ref 1991-2020) | max=22.4C | min=-9.0C | range=31.4C | hot_days=0/yr | cold_days=0/yr | summer_mean=18.2C | source=copernicus_era5 | CMIP6_2050_ssp245=+1.4C | CMIP6_2080_ssp585=+3.9C"", ""nh12_quality"": ""medium""}"
ab57f5c3-8699-46f9-970f-3007dfc58af4,Patnow power station,PL,52.302,18.237,nuscale_voygr6,NH-12,,,,6.5,scored,aggregated(mean_of_sub_scores),,"{""extreme_temp_max_c"": 23.57, ""extreme_temp_min_c"": -7.77, ""natural_fetched_at"": ""2026-05-12T22:19:57.879060+03:00"", ""natural_run_id"": ""20260512T184804_724e6d22"", ""nh12_comment"": ""ERA5 temperature (ref 1991-2020) | max=23.6C | min=-7.8C | range=31.3C | hot_days=0/yr | cold_days=0/yr | summer_mean=18.8C | source=copernicus_era5 | CMIP6_2050_ssp245=+1.4C | CMIP6_2080_ssp585=+3.7C"", ""nh12_quality"": ""medium""}"
8a9d5c87-7edc-49c3-85a2-d97727b9c9b2,Piast Ruch Power Station,PL,50.016287,19.096709,nuscale_voygr6,NH-12,,,,7.5,scored,aggregated(mean_of_sub_scores),,"{""extreme_temp_max_c"": 22.81, ""extreme_temp_min_c"": -7.95, ""natural_fetched_at"": ""2026-05-12T22:19:59.320153+03:00"", ""natural_run_id"": ""20260512T184804_724e6d22"", ""nh12_comment"": ""ERA5 temperature (ref 1991-2020) | max=22.8C | min=-7.9C | range=30.8C | hot_days=0/yr | cold_days=0/yr | summer_mean=18.5C | source=copernicus_era5 | CMIP6_2050_ssp245=+1.3C | CMIP6_2080_ssp585=+3.8C"", ""nh12_quality"": ""medium""}"
2981a12d-3444-4301-96ba-a63ef50bec3e,Polaniec power station,PL,50.437685,21.33769,nuscale_voygr6,NH-12,,,,6.5,scored,aggregated(mean_of_sub_scores),,"{""extreme_temp_max_c"": 23.22, ""extreme_temp_min_c"": -7.76, ""natural_fetched_at"": ""2026-05-12T22:20:19.927381+03:00"", ""natural_run_id"": ""20260512T184804_724e6d22"", ""nh12_comment"": ""ERA5 temperature (ref 1991-2020) | max=23.2C | min=-7.8C | range=31.0C | hot_days=0/yr | cold_days=0/yr | summer_mean=19.2C | source=copernicus_era5 | CMIP6_2050_ssp245=+1.3C | CMIP6_2080_ssp585=+3.7C"", ""nh12_quality"": ""medium""}"
b24f9ac5-5ddf-4b19-ba95-76dafeca3d2c,Pólnoc power station,PL,53.962892,18.711758,nuscale_voygr6,NH-12,,,,7.5,scored,aggregated(mean_of_sub_scores),,"{""extreme_temp_max_c"": 21.41, ""extreme_temp_min_c"": -7.65, ""natural_fetched_at"": ""2026-05-12T22:20:19.944735+03:00"", ""natural_run_id"": ""20260512T184804_724e6d22"", ""nh12_comment"": ""ERA5 temperature (ref 1991-2020) | max=21.4C | min=-7.7C | range=29.1C | hot_days=0/yr | cold_days=0/yr | summer_mean=17.6C | source=copernicus_era5 | CMIP6_2050_ssp245=+1.4C | CMIP6_2080_ssp585=+3.7C"", ""nh12_quality"": ""medium""}"
e2c23866-db1e-4316-82b5-7e3fe50c3c09,Pomorzany power station,PL,53.390996,14.524786,nuscale_voygr6,NH-12,,,,7.5,scored,aggregated(mean_of_sub_scores),,"{""extreme_temp_max_c"": 22.72, ""extreme_temp_min_c"": -5.65, ""natural_fetched_at"": ""2026-05-12T22:20:19.958659+03:00"", ""natural_run_id"": ""20260512T184804_724e6d22"", ""nh12_comment"": ""ERA5 temperature (ref 1991-2020) | max=22.7C | min=-5.7C | range=28.4C | hot_days=0/yr | cold_days=0/yr | summer_mean=18.0C | source=copernicus_era5 | CMIP6_2050_ssp245=+1.3C | CMIP6_2080_ssp585=+3.4C"", ""nh12_quality"": ""medium""}"
40b4334a-7ba4-4ed8-aa8e-3c405599fbd7,Poznan Karolin power station,PL,52.436416,16.988658,nuscale_voygr6,NH-12,,,,6.5,scored,aggregated(mean_of_sub_scores),,"{""extreme_temp_max_c"": 23.56, ""extreme_temp_min_c"": -6.51, ""natural_fetched_at"": ""2026-05-12T22:20:31.169781+03:00"", ""natural_run_id"": ""20260512T184804_724e6d22"", ""nh12_comment"": ""ERA5 temperature (ref 1991-2020) | max=23.6C | min=-6.5C | range=30.1C | hot_days=0/yr | cold_days=0/yr | summer_mean=18.5C | source=copernicus_era5 | CMIP6_2050_ssp245=+1.4C | CMIP6_2080_ssp585=+3.5C"", ""nh12_quality"": ""medium""}"
dadadad9-b67e-44b8-a9ab-4cbf116da20b,Puchaczow power station,PL,51.3,22.966667,nuscale_voygr6,NH-12,,,,6.5,scored,aggregated(mean_of_sub_scores),,"{""extreme_temp_max_c"": 22.69, ""extreme_temp_min_c"": -8.35, ""natural_fetched_at"": ""2026-05-12T22:20:31.185882+03:00"", ""natural_run_id"": ""20260512T184804_724e6d22"", ""nh12_comment"": ""ERA5 temperature (ref 1991-2020) | max=22.7C | min=-8.3C | range=31.0C | hot_days=0/yr | cold_days=0/yr | summer_mean=18.7C | source=copernicus_era5 | CMIP6_2050_ssp245=+1.3C | CMIP6_2080_ssp585=+3.8C"", ""nh12_quality"": ""medium""}"
cdc888ad-fd51-4710-a5ab-3cd0fe9ddb48,Pulawy power station (Grupa Azoty),PL,51.416443,21.969309,nuscale_voygr6,NH-12,,,,6.5,scored,aggregated(mean_of_sub_scores),,"{""extreme_temp_max_c"": 22.54, ""extreme_temp_min_c"": -8.13, ""natural_fetched_at"": ""2026-05-12T22:20:33.036045+03:00"", ""natural_run_id"": ""20260512T184804_724e6d22"", ""nh12_comment"": ""ERA5 temperature (ref 1991-2020) | max=22.5C | min=-8.1C | range=30.7C | hot_days=0/yr | cold_days=0/yr | summer_mean=18.8C | source=copernicus_era5 | CMIP6_2050_ssp245=+1.3C | CMIP6_2080_ssp585=+3.8C"", ""nh12_quality"": ""medium""}"
a19228ce-f25a-4ffd-a249-9d01403e6b81,Pulawy power station (Vattenfall),PL,51.416443,21.969309,nuscale_voygr6,NH-12,,,,6.5,scored,aggregated(mean_of_sub_scores),,"{""extreme_temp_max_c"": 22.54, ""extreme_temp_min_c"": -8.13, ""natural_fetched_at"": ""2026-05-12T22:20:33.051336+03:00"", ""natural_run_id"": ""20260512T184804_724e6d22"", ""nh12_comment"": ""ERA5 temperature (ref 1991-2020) | max=22.5C | min=-8.1C | range=30.7C | hot_days=0/yr | cold_days=0/yr | summer_mean=18.8C | source=copernicus_era5 | CMIP6_2050_ssp245=+1.3C | CMIP6_2080_ssp585=+3.8C"", ""nh12_quality"": ""medium""}"
ee332928-87b2-4e7b-9203-20e402bc551f,Pulawy ZAP Works power station,PL,51.457211,21.973811,nuscale_voygr6,NH-12,,,,6.5,scored,aggregated(mean_of_sub_scores),,"{""extreme_temp_max_c"": 22.54, ""extreme_temp_min_c"": -8.13, ""natural_fetched_at"": ""2026-05-12T22:20:34.485268+03:00"", ""natural_run_id"": ""20260512T184804_724e6d22"", ""nh12_comment"": ""ERA5 temperature (ref 1991-2020) | max=22.5C | min=-8.1C | range=30.7C | hot_days=0/yr | cold_days=0/yr | summer_mean=18.8C | source=copernicus_era5 | CMIP6_2050_ssp245=+1.3C | CMIP6_2080_ssp585=+3.8C"", ""nh12_quality"": ""medium""}"
b8a00967-90a3-4a4e-9979-6b8651d87380,Rybnik power station,PL,50.13406,18.52196,nuscale_voygr6,NH-12,,,,6.5,scored,aggregated(mean_of_sub_scores),,"{""extreme_temp_max_c"": 23.17, ""extreme_temp_min_c"": -7.34, ""natural_fetched_at"": ""2026-05-12T22:20:34.499374+03:00"", ""natural_run_id"": ""20260512T184804_724e6d22"", ""nh12_comment"": ""ERA5 temperature (ref 1991-2020) | max=23.2C | min=-7.3C | range=30.5C | hot_days=0/yr | cold_days=0/yr | summer_mean=18.9C | source=copernicus_era5 | CMIP6_2050_ssp245=+1.3C | CMIP6_2080_ssp585=+3.8C"", ""nh12_quality"": ""medium""}"
a7eeee6e-e14a-40ba-80b6-75ed2e170b20,Siechnice power station,PL,51.03794,17.15095,nuscale_voygr6,NH-12,,,,6.5,scored,aggregated(mean_of_sub_scores),,"{""extreme_temp_max_c"": 23.16, ""extreme_temp_min_c"": -6.48, ""natural_fetched_at"": ""2026-05-12T22:20:36.347640+03:00"", ""natural_run_id"": ""20260512T184804_724e6d22"", ""nh12_comment"": ""ERA5 temperature (ref 1991-2020) | max=23.2C | min=-6.5C | range=29.6C | hot_days=0/yr | cold_days=0/yr | summer_mean=18.9C | source=copernicus_era5 | CMIP6_2050_ssp245=+1.3C | CMIP6_2080_ssp585=+3.5C"", ""nh12_quality"": ""medium""}"
a67255dd-8134-418e-9377-e28516c53722,Siekierki power station,PL,52.191456,21.086218,nuscale_voygr6,NH-12,,,,6.5,scored,aggregated(mean_of_sub_scores),,"{""extreme_temp_max_c"": 22.9, ""extreme_temp_min_c"": -8.36, ""natural_fetched_at"": ""2026-05-12T22:20:41.824593+03:00"", ""natural_run_id"": ""20260512T184804_724e6d22"", ""nh12_comment"": ""ERA5 temperature (ref 1991-2020) | max=22.9C | min=-8.4C | range=31.3C | hot_days=0/yr | cold_days=0/yr | summer_mean=18.7C | source=copernicus_era5 | CMIP6_2050_ssp245=+1.3C | CMIP6_2080_ssp585=+3.7C"", ""nh12_quality"": ""medium""}"
47be3ec4-7abe-4f4c-ac3d-b7f753b8514a,Siersza power station,PL,50.208043,19.460943,nuscale_voygr6,NH-12,,,,6.5,scored,aggregated(mean_of_sub_scores),,"{""extreme_temp_max_c"": 22.56, ""extreme_temp_min_c"": -8.12, ""natural_fetched_at"": ""2026-05-12T22:20:44.253611+03:00"", ""natural_run_id"": ""20260512T184804_724e6d22"", ""nh12_comment"": ""ERA5 temperature (ref 1991-2020) | max=22.6C | min=-8.1C | range=30.7C | hot_days=0/yr | cold_days=0/yr | summer_mean=18.3C | source=copernicus_era5 | CMIP6_2050_ssp245=+1.3C | CMIP6_2080_ssp585=+3.8C"", ""nh12_quality"": ""medium""}"
f5be4e73-938d-4fe2-b585-5090ec780670,Skawina power station,PL,49.977425,19.805132,nuscale_voygr6,NH-12,,,,6.5,scored,aggregated(mean_of_sub_scores),,"{""extreme_temp_max_c"": 21.6, ""extreme_temp_min_c"": -8.54, ""natural_fetched_at"": ""2026-05-12T22:20:49.995954+03:00"", ""natural_run_id"": ""20260512T184804_724e6d22"", ""nh12_comment"": ""ERA5 temperature (ref 1991-2020) | max=21.6C | min=-8.5C | range=30.1C | hot_days=0/yr | cold_days=0/yr | summer_mean=18.1C | source=copernicus_era5 | CMIP6_2050_ssp245=+1.3C | CMIP6_2080_ssp585=+3.9C"", ""nh12_quality"": ""medium""}"
66bdc30c-4179-480b-a55a-5d15be5ac66b,Stalowa Wola power station,PL,50.55386,22.0791,nuscale_voygr6,NH-12,,,,6.5,scored,aggregated(mean_of_sub_scores),,"{""extreme_temp_max_c"": 23.16, ""extreme_temp_min_c"": -7.57, ""natural_fetched_at"": ""2026-05-12T22:20:52.321183+03:00"", ""natural_run_id"": ""20260512T184804_724e6d22"", ""nh12_comment"": ""ERA5 temperature (ref 1991-2020) | max=23.2C | min=-7.6C | range=30.7C | hot_days=0/yr | cold_days=0/yr | summer_mean=19.4C | source=copernicus_era5 | CMIP6_2050_ssp245=+1.3C | CMIP6_2080_ssp585=+3.8C"", ""nh12_quality"": ""medium""}"
7fc17ab0-ce24-4830-a938-b8424d1e9368,Swiecie Pulp Mill power station,PL,53.393629,18.374224,nuscale_voygr6,NH-12,,,,6.5,scored,aggregated(mean_of_sub_scores),,"{""extreme_temp_max_c"": 21.58, ""extreme_temp_min_c"": -8.05, ""natural_fetched_at"": ""2026-05-12T22:20:59.925217+03:00"", ""natural_run_id"": ""20260512T184804_724e6d22"", ""nh12_comment"": ""ERA5 temperature (ref 1991-2020) | max=21.6C | min=-8.1C | range=29.6C | hot_days=0/yr | cold_days=0/yr | summer_mean=17.6C | source=copernicus_era5 | CMIP6_2050_ssp245=+1.4C | CMIP6_2080_ssp585=+3.7C"", ""nh12_quality"": ""medium""}"
f8f9f43d-6a3b-445d-818e-ca82a90ace65,Szczecin power station,PL,53.411271,14.585981,nuscale_voygr6,NH-12,,,,7.5,scored,aggregated(mean_of_sub_scores),,"{""extreme_temp_max_c"": 22.72, ""extreme_temp_min_c"": -5.65, ""natural_fetched_at"": ""2026-05-12T22:20:59.941314+03:00"", ""natural_run_id"": ""20260512T184804_724e6d22"", ""nh12_comment"": ""ERA5 temperature (ref 1991-2020) | max=22.7C | min=-5.7C | range=28.4C | hot_days=0/yr | cold_days=0/yr | summer_mean=18.0C | source=copernicus_era5 | CMIP6_2050_ssp245=+1.3C | CMIP6_2080_ssp585=+3.4C"", ""nh12_quality"": ""medium""}"
cd84938d-eea8-47a1-8ea6-2e9f943e5914,Turów power station,PL,50.947717,14.91171,nuscale_voygr6,NH-12,,,,7.5,scored,aggregated(mean_of_sub_scores),,"{""extreme_temp_max_c"": 22.06, ""extreme_temp_min_c"": -6.1, ""natural_fetched_at"": ""2026-05-12T22:21:01.251715+03:00"", ""natural_run_id"": ""20260512T184804_724e6d22"", ""nh12_comment"": ""ERA5 temperature (ref 1991-2020) | max=22.1C | min=-6.1C | range=28.2C | hot_days=0/yr | cold_days=0/yr | summer_mean=17.4C | source=copernicus_era5 | CMIP6_2050_ssp245=+1.3C | CMIP6_2080_ssp585=+3.4C"", ""nh12_quality"": ""medium""}"
3d2d4c37-eb9d-4b35-a8b1-b3f485bc3e3f,Tychy power station,PL,50.106,19.014,nuscale_voygr6,NH-12,,,,7.5,scored,aggregated(mean_of_sub_scores),,"{""extreme_temp_max_c"": 22.81, ""extreme_temp_min_c"": -7.95, ""natural_fetched_at"": ""2026-05-12T22:21:01.271204+03:00"", ""natural_run_id"": ""20260512T184804_724e6d22"", ""nh12_comment"": ""ERA5 temperature (ref 1991-2020) | max=22.8C | min=-7.9C | range=30.8C | hot_days=0/yr | cold_days=0/yr | summer_mean=18.5C | source=copernicus_era5 | CMIP6_2050_ssp245=+1.3C | CMIP6_2080_ssp585=+3.8C"", ""nh12_quality"": ""medium""}"
dc87cdf1-9936-4a59-a5e9-b5e360173490,Wroclaw power station,PL,51.123715,17.02457,nuscale_voygr6,NH-12,,,,7.5,scored,aggregated(mean_of_sub_scores),,"{""extreme_temp_max_c"": 22.89, ""extreme_temp_min_c"": -6.27, ""natural_fetched_at"": ""2026-05-12T22:21:01.286814+03:00"", ""natural_run_id"": ""20260512T184804_724e6d22"", ""nh12_comment"": ""ERA5 temperature (ref 1991-2020) | max=22.9C | min=-6.3C | range=29.2C | hot_days=0/yr | cold_days=0/yr | summer_mean=18.7C | source=copernicus_era5 | CMIP6_2050_ssp245=+1.3C | CMIP6_2080_ssp585=+3.5C"", ""nh12_quality"": ""medium""}"
2da9dab9-7b4e-46e7-b1c8-70eeb329c177,Zabrze power station,PL,50.324928,18.785719,nuscale_voygr6,NH-12,,,,6.5,scored,aggregated(mean_of_sub_scores),,"{""extreme_temp_max_c"": 23.28, ""extreme_temp_min_c"": -7.72, ""natural_fetched_at"": ""2026-05-12T22:21:01.301155+03:00"", ""natural_run_id"": ""20260512T184804_724e6d22"", ""nh12_comment"": ""ERA5 temperature (ref 1991-2020) | max=23.3C | min=-7.7C | range=31.0C | hot_days=0/yr | cold_days=0/yr | summer_mean=18.7C | source=copernicus_era5 | CMIP6_2050_ssp245=+1.3C | CMIP6_2080_ssp585=+3.8C"", ""nh12_quality"": ""medium""}"
a55e3643-8ed4-434b-b14f-2d549d09c0d9,Zarnowiec power station,PL,54.787416,18.085672,nuscale_voygr6,NH-12,,,,7.5,scored,aggregated(mean_of_sub_scores),,"{""extreme_temp_max_c"": 20.8, ""extreme_temp_min_c"": -5.42, ""natural_fetched_at"": ""2026-05-12T22:21:02.538681+03:00"", ""natural_run_id"": ""20260512T184804_724e6d22"", ""nh12_comment"": ""ERA5 temperature (ref 1991-2020) | max=20.8C | min=-5.4C | range=26.2C | hot_days=0/yr | cold_days=0/yr | summer_mean=16.8C | source=copernicus_era5 | CMIP6_2050_ssp245=+1.5C | CMIP6_2080_ssp585=+3.6C"", ""nh12_quality"": ""medium""}"
d40cdaf1-49e4-4c59-a6c8-2402cd2bf006,Zeran power station,PL,52.2947,20.99334,nuscale_voygr6,NH-12,,,,6.5,scored,aggregated(mean_of_sub_scores),,"{""extreme_temp_max_c"": 22.9, ""extreme_temp_min_c"": -8.36, ""natural_fetched_at"": ""2026-05-12T22:21:03.831585+03:00"", ""natural_run_id"": ""20260512T184804_724e6d22"", ""nh12_comment"": ""ERA5 temperature (ref 1991-2020) | max=22.9C | min=-8.4C | range=31.3C | hot_days=0/yr | cold_days=0/yr | summer_mean=18.7C | source=copernicus_era5 | CMIP6_2050_ssp245=+1.4C | CMIP6_2080_ssp585=+3.8C"", ""nh12_quality"": ""medium""}"
b24c9876-5a4d-4b83-b442-af2f4b0d1047,Zofiowka Mine power station,PL,49.964162,18.626794,nuscale_voygr6,NH-12,,,,6.5,scored,aggregated(mean_of_sub_scores),,"{""extreme_temp_max_c"": 23.07, ""extreme_temp_min_c"": -7.78, ""natural_fetched_at"": ""2026-05-12T22:21:05.448171+03:00"", ""natural_run_id"": ""20260512T184804_724e6d22"", ""nh12_comment"": ""ERA5 temperature (ref 1991-2020) | max=23.1C | min=-7.8C | range=30.9C | hot_days=0/yr | cold_days=0/yr | summer_mean=18.6C | source=copernicus_era5 | CMIP6_2050_ssp245=+1.3C | CMIP6_2080_ssp585=+3.8C"", ""nh12_quality"": ""medium""}"
202d797d-b0f9-4cd0-bbac-d7bb06805c09,ZW Nowa power station,PL,50.347756,19.278159,nuscale_voygr6,NH-12,,,,6.5,scored,aggregated(mean_of_sub_scores),,"{""extreme_temp_max_c"": 23.05, ""extreme_temp_min_c"": -7.84, ""natural_fetched_at"": ""2026-05-12T22:21:05.466566+03:00"", ""natural_run_id"": ""20260512T184804_724e6d22"", ""nh12_comment"": ""ERA5 temperature (ref 1991-2020) | max=23.0C | min=-7.8C | range=30.9C | hot_days=0/yr | cold_days=0/yr | summer_mean=18.5C | source=copernicus_era5 | CMIP6_2050_ssp245=+1.3C | CMIP6_2080_ssp585=+3.8C"", ""nh12_quality"": ""medium""}"
5a33e5f0-6d86-4eab-adea-6c6bad7f3f45,Arad power station,RO,46.222424,21.328771,nuscale_voygr6,NH-12,,,,5.5,scored,aggregated(mean_of_sub_scores),,"{""extreme_temp_max_c"": 26.18, ""extreme_temp_min_c"": -5.09, ""natural_fetched_at"": ""2026-05-12T22:21:15.119962+03:00"", ""natural_run_id"": ""20260512T184804_724e6d22"", ""nh12_comment"": ""ERA5 temperature (ref 1991-2020) | max=26.2C | min=-5.1C | range=31.3C | hot_days=0/yr | cold_days=0/yr | summer_mean=21.9C | source=copernicus_era5 | CMIP6_2050_ssp245=+1.6C | CMIP6_2080_ssp585=+4.4C"", ""nh12_quality"": ""medium""}"
dac2a974-a2de-46c5-b581-03985a9ae7d0,Bacau CHP power station,RO,46.530524,26.940874,nuscale_voygr6,NH-12,,,,5.5,scored,aggregated(mean_of_sub_scores),,"{""extreme_temp_max_c"": 25.26, ""extreme_temp_min_c"": -8.38, ""natural_fetched_at"": ""2026-05-12T22:21:19.444254+03:00"", ""natural_run_id"": ""20260512T184804_724e6d22"", ""nh12_comment"": ""ERA5 temperature (ref 1991-2020) | max=25.3C | min=-8.4C | range=33.6C | hot_days=0/yr | cold_days=0/yr | summer_mean=21.2C | source=copernicus_era5 | CMIP6_2050_ssp245=+1.4C | CMIP6_2080_ssp585=+4.3C"", ""nh12_quality"": ""medium""}"
29836b52-a882-4921-95a7-6417e636d9a2,Braila power station,RO,45.165033,27.923383,nuscale_voygr6,NH-12,,,,5.5,scored,aggregated(mean_of_sub_scores),,"{""extreme_temp_max_c"": 27.68, ""extreme_temp_min_c"": -5.8, ""natural_fetched_at"": ""2026-05-12T22:21:26.275431+03:00"", ""natural_run_id"": ""20260512T184804_724e6d22"", ""nh12_comment"": ""ERA5 temperature (ref 1991-2020) | max=27.7C | min=-5.8C | range=33.5C | hot_days=0/yr | cold_days=0/yr | summer_mean=23.5C | source=copernicus_era5 | CMIP6_2050_ssp245=+1.4C | CMIP6_2080_ssp585=+4.3C"", ""nh12_quality"": ""medium""}"
729f8d17-57c0-4d9a-adab-4b612d4abde5,Brasov power station,RO,45.662296,25.646845,nuscale_voygr6,NH-12,,,,6.5,scored,aggregated(mean_of_sub_scores),,"{""extreme_temp_max_c"": 21.74, ""extreme_temp_min_c"": -9.82, ""natural_fetched_at"": ""2026-05-12T22:21:29.758242+03:00"", ""natural_run_id"": ""20260512T184804_724e6d22"", ""nh12_comment"": ""ERA5 temperature (ref 1991-2020) | max=21.7C | min=-9.8C | range=31.6C | hot_days=0/yr | cold_days=0/yr | summer_mean=17.5C | source=copernicus_era5 | CMIP6_2050_ssp245=+1.4C | CMIP6_2080_ssp585=+4.3C"", ""nh12_quality"": ""medium""}"
3bef37a3-239e-498d-a160-77452a6a9b79,Bucharest North East power station,RO,44.4325,26.103889,nuscale_voygr6,NH-12,,,,5.5,scored,aggregated(mean_of_sub_scores),,"{""extreme_temp_max_c"": 26.99, ""extreme_temp_min_c"": -6.58, ""natural_fetched_at"": ""2026-05-12T22:21:40.980646+03:00"", ""natural_run_id"": ""20260512T184804_724e6d22"", ""nh12_comment"": ""ERA5 temperature (ref 1991-2020) | max=27.0C | min=-6.6C | range=33.6C | hot_days=0/yr | cold_days=0/yr | summer_mean=23.0C | source=copernicus_era5 | CMIP6_2050_ssp245=+1.4C | CMIP6_2080_ssp585=+4.1C"", ""nh12_quality"": ""medium""}"
a4fa3246-27d6-4740-898c-bdf9dadcb88c,Craiova II power station,RO,44.34294,23.81076,nuscale_voygr6,NH-12,,,,4.5,scored,aggregated(mean_of_sub_scores),,"{""extreme_temp_max_c"": 29.07, ""extreme_temp_min_c"": -5.39, ""natural_fetched_at"": ""2026-05-12T22:21:44.526391+03:00"", ""natural_run_id"": ""20260512T184804_724e6d22"", ""nh12_comment"": ""ERA5 temperature (ref 1991-2020) | max=29.1C | min=-5.4C | range=34.5C | hot_days=0/yr | cold_days=0/yr | summer_mean=24.2C | source=copernicus_era5 | CMIP6_2050_ssp245=+1.4C | CMIP6_2080_ssp585=+4.3C"", ""nh12_quality"": ""medium""}"
aff5ffe6-fe7a-4de7-afad-9d4645a64cd9,Doicesti power station,RO,45.002896,25.397236,nuscale_voygr6,NH-12,,,,6.5,scored,aggregated(mean_of_sub_scores),,"{""extreme_temp_max_c"": 23.65, ""extreme_temp_min_c"": -5.89, ""natural_fetched_at"": ""2026-05-12T22:21:51.334437+03:00"", ""natural_run_id"": ""20260512T184804_724e6d22"", ""nh12_comment"": ""ERA5 temperature (ref 1991-2020) | max=23.7C | min=-5.9C | range=29.5C | hot_days=0/yr | cold_days=0/yr | summer_mean=19.8C | source=copernicus_era5 | CMIP6_2050_ssp245=+1.4C | CMIP6_2080_ssp585=+4.3C"", ""nh12_quality"": ""medium""}"
18ecb024-ee4f-4045-8254-5e95d61dea8c,FPCU Feldioara,RO,45.7917,25.5889,nuscale_voygr6,NH-12,,,,6.5,scored,aggregated(mean_of_sub_scores),,"{""extreme_temp_max_c"": 22.18, ""extreme_temp_min_c"": -9.58, ""natural_fetched_at"": ""2026-05-12T22:21:55.546738+03:00"", ""natural_run_id"": ""20260512T184804_724e6d22"", ""nh12_comment"": ""ERA5 temperature (ref 1991-2020) | max=22.2C | min=-9.6C | range=31.8C | hot_days=0/yr | cold_days=0/yr | summer_mean=18.0C | source=copernicus_era5 | CMIP6_2050_ssp245=+1.4C | CMIP6_2080_ssp585=+4.3C"", ""nh12_quality"": ""medium""}"
8781d874-5923-4795-9c9f-b2a6c709025a,Galati Power Station,RO,45.423333,28.0425,nuscale_voygr6,NH-12,,,,5.5,scored,aggregated(mean_of_sub_scores),,"{""extreme_temp_max_c"": 27.45, ""extreme_temp_min_c"": -6.28, ""natural_fetched_at"": ""2026-05-12T22:22:00.894903+03:00"", ""natural_run_id"": ""20260512T184804_724e6d22"", ""nh12_comment"": ""ERA5 temperature (ref 1991-2020) | max=27.4C | min=-6.3C | range=33.7C | hot_days=0/yr | cold_days=0/yr | summer_mean=23.2C | source=copernicus_era5 | CMIP6_2050_ssp245=+1.4C | CMIP6_2080_ssp585=+4.3C"", ""nh12_quality"": ""medium""}"
6aed2eac-1c97-40c5-b842-fb15fd510f35,Giurgiu power station,RO,43.879766,25.926778,nuscale_voygr6,NH-12,,,,5.5,scored,aggregated(mean_of_sub_scores),,"{""extreme_temp_max_c"": 27.8, ""extreme_temp_min_c"": -5.93, ""natural_fetched_at"": ""2026-05-12T22:22:00.911762+03:00"", ""natural_run_id"": ""20260512T184804_724e6d22"", ""nh12_comment"": ""ERA5 temperature (ref 1991-2020) | max=27.8C | min=-5.9C | range=33.7C | hot_days=0/yr | cold_days=0/yr | summer_mean=23.7C | source=copernicus_era5 | CMIP6_2050_ssp245=+1.4C | CMIP6_2080_ssp585=+4.1C"", ""nh12_quality"": ""medium""}"
825dc024-9a53-4237-bf59-cbe0af0cf87d,Govora power station,RO,45.039047,24.287572,nuscale_voygr6,NH-12,,,,6.5,scored,aggregated(mean_of_sub_scores),,"{""extreme_temp_max_c"": 24.5, ""extreme_temp_min_c"": -4.98, ""natural_fetched_at"": ""2026-05-12T22:22:03.717124+03:00"", ""natural_run_id"": ""20260512T184804_724e6d22"", ""nh12_comment"": ""ERA5 temperature (ref 1991-2020) | max=24.5C | min=-5.0C | range=29.5C | hot_days=0/yr | cold_days=0/yr | summer_mean=20.4C | source=copernicus_era5 | CMIP6_2050_ssp245=+1.4C | CMIP6_2080_ssp585=+4.3C"", ""nh12_quality"": ""medium""}"
1d8be6d0-f3a5-4b32-9d46-3526289731f8,Iasi-2 power station,RO,47.147296,27.717157,nuscale_voygr6,NH-12,,,,4.5,scored,aggregated(mean_of_sub_scores),,"{""extreme_temp_max_c"": 26.08, ""extreme_temp_min_c"": -8.59, ""natural_fetched_at"": ""2026-05-12T22:22:13.884847+03:00"", ""natural_run_id"": ""20260512T184804_724e6d22"", ""nh12_comment"": ""ERA5 temperature (ref 1991-2020) | max=26.1C | min=-8.6C | range=34.7C | hot_days=0/yr | cold_days=0/yr | summer_mean=21.6C | source=copernicus_era5 | CMIP6_2050_ssp245=+1.5C | CMIP6_2080_ssp585=+4.4C"", ""nh12_quality"": ""medium""}"
af7f107f-71b5-5a33-8125-9ccb7060f895,Iernut power station,RO,46.4677,24.1833,nuscale_voygr6,NH-12,,,,5.5,scored,aggregated(mean_of_sub_scores),,"{""extreme_temp_max_c"": 24.82, ""extreme_temp_min_c"": -9.26, ""natural_fetched_at"": ""2026-05-17T14:38:57.730201+03:00"", ""natural_run_id"": ""iernut-20260517T1051"", ""nh12_comment"": ""ERA5 temperature (ref 1991-2020) | max=24.8C | min=-9.3C | range=34.1C | hot_days=0/yr | cold_days=0/yr | summer_mean=20.6C | source=copernicus_era5 | CMIP6_2050_ssp245=+1.4C | CMIP6_2080_ssp585=+4.3C"", ""nh12_quality"": ""medium""}"
e073b3f8-4312-4d34-b322-6289a3121af1,Isalnita power station,RO,44.38763,23.718195,nuscale_voygr6,NH-12,,,,5.5,scored,aggregated(mean_of_sub_scores),,"{""extreme_temp_max_c"": 27.45, ""extreme_temp_min_c"": -5.28, ""natural_fetched_at"": ""2026-05-12T22:22:13.904110+03:00"", ""natural_run_id"": ""20260512T184804_724e6d22"", ""nh12_comment"": ""ERA5 temperature (ref 1991-2020) | max=27.5C | min=-5.3C | range=32.7C | hot_days=0/yr | cold_days=0/yr | summer_mean=22.9C | source=copernicus_era5 | CMIP6_2050_ssp245=+1.4C | CMIP6_2080_ssp585=+4.3C"", ""nh12_quality"": ""medium""}"
52a7babe-313f-493b-86b9-bd0c4aece4c3,Mintia-Deva power station,RO,45.912791,22.826129,nuscale_voygr6,NH-12,,,,6.5,scored,aggregated(mean_of_sub_scores),,"{""extreme_temp_max_c"": 24.07, ""extreme_temp_min_c"": -4.72, ""natural_fetched_at"": ""2026-05-12T22:22:18.799631+03:00"", ""natural_run_id"": ""20260512T184804_724e6d22"", ""nh12_comment"": ""ERA5 temperature (ref 1991-2020) | max=24.1C | min=-4.7C | range=28.8C | hot_days=0/yr | cold_days=0/yr | summer_mean=20.3C | source=copernicus_era5 | CMIP6_2050_ssp245=+1.5C | CMIP6_2080_ssp585=+4.3C"", ""nh12_quality"": ""medium""}"
6c428b2a-ad09-448b-b24c-22465929d69c,Oradea power station,RO,47.084677,21.892868,nuscale_voygr6,NH-12,,,,5.5,scored,aggregated(mean_of_sub_scores),,"{""extreme_temp_max_c"": 26.35, ""extreme_temp_min_c"": -5.07, ""natural_fetched_at"": ""2026-05-12T22:22:20.399061+03:00"", ""natural_run_id"": ""20260512T184804_724e6d22"", ""nh12_comment"": ""ERA5 temperature (ref 1991-2020) | max=26.4C | min=-5.1C | range=31.4C | hot_days=0/yr | cold_days=0/yr | summer_mean=21.4C | source=copernicus_era5 | CMIP6_2050_ssp245=+1.5C | CMIP6_2080_ssp585=+4.2C"", ""nh12_quality"": ""medium""}"
9825e28e-fd6e-460d-9caf-0342563f9060,Paroseni power station,RO,45.366101,23.261351,nuscale_voygr6,NH-12,,,,7.5,scored,aggregated(mean_of_sub_scores),,"{""extreme_temp_max_c"": 21.15, ""extreme_temp_min_c"": -7.05, ""natural_fetched_at"": ""2026-05-12T22:22:29.673972+03:00"", ""natural_run_id"": ""20260512T184804_724e6d22"", ""nh12_comment"": ""ERA5 temperature (ref 1991-2020) | max=21.1C | min=-7.0C | range=28.2C | hot_days=0/yr | cold_days=0/yr | summer_mean=17.7C | source=copernicus_era5 | CMIP6_2050_ssp245=+1.5C | CMIP6_2080_ssp585=+4.3C"", ""nh12_quality"": ""medium""}"
c3790475-3d3b-4e2b-92ae-24503fe03e6b,Romag Termo power station,RO,44.677808,22.685995,nuscale_voygr6,NH-12,,,,6.5,scored,aggregated(mean_of_sub_scores),,"{""extreme_temp_max_c"": 25.2, ""extreme_temp_min_c"": -4.06, ""natural_fetched_at"": ""2026-05-12T22:22:33.862508+03:00"", ""natural_run_id"": ""20260512T184804_724e6d22"", ""nh12_comment"": ""ERA5 temperature (ref 1991-2020) | max=25.2C | min=-4.1C | range=29.3C | hot_days=0/yr | cold_days=0/yr | summer_mean=21.4C | source=copernicus_era5 | CMIP6_2050_ssp245=+1.5C | CMIP6_2080_ssp585=+4.4C"", ""nh12_quality"": ""medium""}"
958e4d82-853a-41f1-a442-94b4c4314221,Rovinari power station,RO,44.910633,23.134754,nuscale_voygr6,NH-12,,,,6.5,scored,aggregated(mean_of_sub_scores),,"{""extreme_temp_max_c"": 24.36, ""extreme_temp_min_c"": -4.27, ""natural_fetched_at"": ""2026-05-12T22:22:36.902950+03:00"", ""natural_run_id"": ""20260512T184804_724e6d22"", ""nh12_comment"": ""ERA5 temperature (ref 1991-2020) | max=24.4C | min=-4.3C | range=28.6C | hot_days=0/yr | cold_days=0/yr | summer_mean=20.7C | source=copernicus_era5 | CMIP6_2050_ssp245=+1.5C | CMIP6_2080_ssp585=+4.3C"", ""nh12_quality"": ""medium""}"
d498ded8-449c-4672-8bb9-0ed6c8fef775,Slatina power station,RO,44.429722,24.364167,nuscale_voygr6,NH-12,,,,5.5,scored,aggregated(mean_of_sub_scores),,"{""extreme_temp_max_c"": 28.04, ""extreme_temp_min_c"": -5.51, ""natural_fetched_at"": ""2026-05-12T22:22:43.768547+03:00"", ""natural_run_id"": ""20260512T184804_724e6d22"", ""nh12_comment"": ""ERA5 temperature (ref 1991-2020) | max=28.0C | min=-5.5C | range=33.5C | hot_days=0/yr | cold_days=0/yr | summer_mean=23.0C | source=copernicus_era5 | CMIP6_2050_ssp245=+1.4C | CMIP6_2080_ssp585=+4.3C"", ""nh12_quality"": ""medium""}"
693d9b73-f9fc-4502-9b94-be020c5d21fb,Suceava power station,RO,47.651873,26.298268,nuscale_voygr6,NH-12,,,,5.5,scored,aggregated(mean_of_sub_scores),,"{""extreme_temp_max_c"": 23.73, ""extreme_temp_min_c"": -9.07, ""natural_fetched_at"": ""2026-05-12T22:22:47.661832+03:00"", ""natural_run_id"": ""20260512T184804_724e6d22"", ""nh12_comment"": ""ERA5 temperature (ref 1991-2020) | max=23.7C | min=-9.1C | range=32.8C | hot_days=0/yr | cold_days=0/yr | summer_mean=19.7C | source=copernicus_era5 | CMIP6_2050_ssp245=+1.4C | CMIP6_2080_ssp585=+4.3C"", ""nh12_quality"": ""medium""}"
e43af28e-a3d3-4047-a9cf-f3b0990754b4,Târgu Jiu Thermal Plant,RO,45.034167,23.274722,nuscale_voygr6,NH-12,,,,6.5,scored,aggregated(mean_of_sub_scores),,"{""extreme_temp_max_c"": 24.36, ""extreme_temp_min_c"": -4.27, ""natural_fetched_at"": ""2026-05-12T22:22:54.098107+03:00"", ""natural_run_id"": ""20260512T184804_724e6d22"", ""nh12_comment"": ""ERA5 temperature (ref 1991-2020) | max=24.4C | min=-4.3C | range=28.6C | hot_days=0/yr | cold_days=0/yr | summer_mean=20.7C | source=copernicus_era5 | CMIP6_2050_ssp245=+1.5C | CMIP6_2080_ssp585=+4.3C"", ""nh12_quality"": ""medium""}"
345fb795-170a-4fb5-833c-f6bcf2eb450c,Turceni power station,RO,44.669722,23.407778,nuscale_voygr6,NH-12,,,,6.5,scored,aggregated(mean_of_sub_scores),,"{""extreme_temp_max_c"": 25.72, ""extreme_temp_min_c"": -4.67, ""natural_fetched_at"": ""2026-05-12T22:22:56.606723+03:00"", ""natural_run_id"": ""20260512T184804_724e6d22"", ""nh12_comment"": ""ERA5 temperature (ref 1991-2020) | max=25.7C | min=-4.7C | range=30.4C | hot_days=0/yr | cold_days=0/yr | summer_mean=21.7C | source=copernicus_era5 | CMIP6_2050_ssp245=+1.5C | CMIP6_2080_ssp585=+4.4C"", ""nh12_quality"": ""medium""}"
5d53da59-04c8-43e6-b29e-220bea4d9eb7,Despotovac power station,RS,44.05,21.26,nuscale_voygr6,NH-12,,,,6.5,scored,aggregated(mean_of_sub_scores),,"{""extreme_temp_max_c"": 25.96, ""extreme_temp_min_c"": -4.67, ""natural_fetched_at"": ""2026-05-12T22:22:58.478669+03:00"", ""natural_run_id"": ""20260512T184804_724e6d22"", ""nh12_comment"": ""ERA5 temperature (ref 1991-2020) | max=26.0C | min=-4.7C | range=30.6C | hot_days=0/yr | cold_days=0/yr | summer_mean=21.8C | source=copernicus_era5 | CMIP6_2050_ssp245=+1.7C | CMIP6_2080_ssp585=+4.5C"", ""nh12_quality"": ""medium""}"
0182ec25-0df9-4e4b-9861-d76a332bc282,Kolubara A power station,RS,44.480312,20.293538,nuscale_voygr6,NH-12,,,,5.5,scored,aggregated(mean_of_sub_scores),,"{""extreme_temp_max_c"": 26.53, ""extreme_temp_min_c"": -4.95, ""natural_fetched_at"": ""2026-05-12T22:23:03.619961+03:00"", ""natural_run_id"": ""20260512T184804_724e6d22"", ""nh12_comment"": ""ERA5 temperature (ref 1991-2020) | max=26.5C | min=-4.9C | range=31.5C | hot_days=0/yr | cold_days=0/yr | summer_mean=22.8C | source=copernicus_era5 | CMIP6_2050_ssp245=+1.7C | CMIP6_2080_ssp585=+4.5C"", ""nh12_quality"": ""medium""}"
d30af109-79cb-4ab5-a878-6f574b58116a,Kolubara B power station,RS,44.4675,20.28444,nuscale_voygr6,NH-12,,,,5.5,scored,aggregated(mean_of_sub_scores),,"{""extreme_temp_max_c"": 26.53, ""extreme_temp_min_c"": -4.95, ""natural_fetched_at"": ""2026-05-12T22:23:03.635822+03:00"", ""natural_run_id"": ""20260512T184804_724e6d22"", ""nh12_comment"": ""ERA5 temperature (ref 1991-2020) | max=26.5C | min=-4.9C | range=31.5C | hot_days=0/yr | cold_days=0/yr | summer_mean=22.8C | source=copernicus_era5 | CMIP6_2050_ssp245=+1.7C | CMIP6_2080_ssp585=+4.5C"", ""nh12_quality"": ""medium""}"
993ccce2-d5e1-498d-827d-8dbfeb42582b,Kostolac power station,RS,44.723674,21.171605,nuscale_voygr6,NH-12,,,,6.5,scored,aggregated(mean_of_sub_scores),,"{""extreme_temp_max_c"": 26.9, ""extreme_temp_min_c"": -3.84, ""natural_fetched_at"": ""2026-05-12T22:23:10.143179+03:00"", ""natural_run_id"": ""20260512T184804_724e6d22"", ""nh12_comment"": ""ERA5 temperature (ref 1991-2020) | max=26.9C | min=-3.8C | range=30.7C | hot_days=0/yr | cold_days=0/yr | summer_mean=22.6C | source=copernicus_era5 | CMIP6_2050_ssp245=+1.7C | CMIP6_2080_ssp585=+4.5C"", ""nh12_quality"": ""medium""}"
5d4aee8d-9e73-4987-907a-d092e0ba92ed,Kovin power station,RS,44.75,20.966667,nuscale_voygr6,NH-12,,,,6.5,scored,aggregated(mean_of_sub_scores),,"{""extreme_temp_max_c"": 26.72, ""extreme_temp_min_c"": -3.82, ""natural_fetched_at"": ""2026-05-12T22:23:11.491180+03:00"", ""natural_run_id"": ""20260512T184804_724e6d22"", ""nh12_comment"": ""ERA5 temperature (ref 1991-2020) | max=26.7C | min=-3.8C | range=30.5C | hot_days=0/yr | cold_days=0/yr | summer_mean=22.6C | source=copernicus_era5 | CMIP6_2050_ssp245=+1.7C | CMIP6_2080_ssp585=+4.5C"", ""nh12_quality"": ""medium""}"
2b03f2e2-64ac-4262-bbff-7a536bda5722,Morava power station,RS,44.223826,21.163148,nuscale_voygr6,NH-12,,,,5.5,scored,aggregated(mean_of_sub_scores),,"{""extreme_temp_max_c"": 26.13, ""extreme_temp_min_c"": -4.05, ""natural_fetched_at"": ""2026-05-12T22:23:13.740009+03:00"", ""natural_run_id"": ""20260512T184804_724e6d22"", ""nh12_comment"": ""ERA5 temperature (ref 1991-2020) | max=26.1C | min=-4.0C | range=30.2C | hot_days=0/yr | cold_days=0/yr | summer_mean=22.3C | source=copernicus_era5 | CMIP6_2050_ssp245=+1.7C | CMIP6_2080_ssp585=+4.5C"", ""nh12_quality"": ""medium""}"
c8f15aca-174b-4be6-a6d9-abfa4685d10d,Nikola Tesla power station,RS,44.671341,20.158418,nuscale_voygr6,NH-12,,,,5.5,scored,aggregated(mean_of_sub_scores),,"{""extreme_temp_max_c"": 26.84, ""extreme_temp_min_c"": -4.73, ""natural_fetched_at"": ""2026-05-12T22:23:13.755462+03:00"", ""natural_run_id"": ""20260512T184804_724e6d22"", ""nh12_comment"": ""ERA5 temperature (ref 1991-2020) | max=26.8C | min=-4.7C | range=31.6C | hot_days=0/yr | cold_days=0/yr | summer_mean=23.3C | source=copernicus_era5 | CMIP6_2050_ssp245=+1.7C | CMIP6_2080_ssp585=+4.5C"", ""nh12_quality"": ""medium""}"
296282b1-d079-4c1e-b2df-12c25128b963,Štavalj Power Station,RS,43.27305,19.99944,nuscale_voygr6,NH-12,,,,7.5,scored,aggregated(mean_of_sub_scores),,"{""extreme_temp_max_c"": 21.29, ""extreme_temp_min_c"": -6.48, ""natural_fetched_at"": ""2026-05-12T22:23:20.033694+03:00"", ""natural_run_id"": ""20260512T184804_724e6d22"", ""nh12_comment"": ""ERA5 temperature (ref 1991-2020) | max=21.3C | min=-6.5C | range=27.8C | hot_days=0/yr | cold_days=0/yr | summer_mean=17.2C | source=copernicus_era5 | CMIP6_2050_ssp245=+1.7C | CMIP6_2080_ssp585=+4.5C"", ""nh12_quality"": ""medium""}"
0750b80c-a54b-4ea5-b3e5-9dfb7309eca2,Sostanj power station,SI,46.3723,15.0534,nuscale_voygr6,NH-12,,,,7.5,scored,aggregated(mean_of_sub_scores),,"{""extreme_temp_max_c"": 22.65, ""extreme_temp_min_c"": -5.13, ""natural_fetched_at"": ""2026-05-12T22:23:23.128204+03:00"", ""natural_run_id"": ""20260512T184804_724e6d22"", ""nh12_comment"": ""ERA5 temperature (ref 1991-2020) | max=22.7C | min=-5.1C | range=27.8C | hot_days=0/yr | cold_days=0/yr | summer_mean=19.2C | source=copernicus_era5 | CMIP6_2050_ssp245=+1.7C | CMIP6_2080_ssp585=+4.2C"", ""nh12_quality"": ""medium""}"
4cf7f820-7ad9-411e-bf39-2bbef290aaf6,Te-Tol power station,SI,46.05796,14.54513,nuscale_voygr6,NH-12,,,,8.5,scored,aggregated(mean_of_sub_scores),,"{""extreme_temp_max_c"": 22.97, ""extreme_temp_min_c"": -3.38, ""natural_fetched_at"": ""2026-05-12T22:23:24.958475+03:00"", ""natural_run_id"": ""20260512T184804_724e6d22"", ""nh12_comment"": ""ERA5 temperature (ref 1991-2020) | max=23.0C | min=-3.4C | range=26.4C | hot_days=0/yr | cold_days=0/yr | summer_mean=19.5C | source=copernicus_era5 | CMIP6_2050_ssp245=+1.7C | CMIP6_2080_ssp585=+4.2C"", ""nh12_quality"": ""medium""}"
008a3366-6f56-4c1a-ac5d-6b0c75b7c7fd,Trbovlje power station,SI,46.126132,15.061808,nuscale_voygr6,NH-12,,,,7.5,scored,aggregated(mean_of_sub_scores),,"{""extreme_temp_max_c"": 22.65, ""extreme_temp_min_c"": -5.13, ""natural_fetched_at"": ""2026-05-12T22:23:26.096524+03:00"", ""natural_run_id"": ""20260512T184804_724e6d22"", ""nh12_comment"": ""ERA5 temperature (ref 1991-2020) | max=22.7C | min=-5.1C | range=27.8C | hot_days=0/yr | cold_days=0/yr | summer_mean=19.2C | source=copernicus_era5 | CMIP6_2050_ssp245=+1.7C | CMIP6_2080_ssp585=+4.2C"", ""nh12_quality"": ""medium""}"
66edd8f5-e60a-412d-9b80-56496d1407b1,Kosice power station,SK,48.698047,21.271726,nuscale_voygr6,NH-12,,,,7.5,scored,aggregated(mean_of_sub_scores),,"{""extreme_temp_max_c"": 21.98, ""extreme_temp_min_c"": -7.78, ""natural_fetched_at"": ""2026-05-12T22:23:31.084759+03:00"", ""natural_run_id"": ""20260512T184804_724e6d22"", ""nh12_comment"": ""ERA5 temperature (ref 1991-2020) | max=22.0C | min=-7.8C | range=29.8C | hot_days=0/yr | cold_days=0/yr | summer_mean=18.7C | source=copernicus_era5 | CMIP6_2050_ssp245=+1.3C | CMIP6_2080_ssp585=+3.9C"", ""nh12_quality"": ""medium""}"
06defca3-9105-437f-afd4-52f5603d9b8e,Martinska power station,SK,49.059218,18.907019,nuscale_voygr6,NH-12,,,,6.5,scored,aggregated(mean_of_sub_scores),,"{""extreme_temp_max_c"": 20.05, ""extreme_temp_min_c"": -8.88, ""natural_fetched_at"": ""2026-05-12T22:23:31.871753+03:00"", ""natural_run_id"": ""20260512T184804_724e6d22"", ""nh12_comment"": ""ERA5 temperature (ref 1991-2020) | max=20.0C | min=-8.9C | range=28.9C | hot_days=0/yr | cold_days=0/yr | summer_mean=16.4C | source=copernicus_era5 | CMIP6_2050_ssp245=+1.3C | CMIP6_2080_ssp585=+3.8C"", ""nh12_quality"": ""medium""}"
c97125b3-20ed-4e21-a853-b928644ec7dd,Novaky power station,SK,48.698823,18.533458,nuscale_voygr6,NH-12,,,,6.5,scored,aggregated(mean_of_sub_scores),,"{""extreme_temp_max_c"": 21.45, ""extreme_temp_min_c"": -8.56, ""natural_fetched_at"": ""2026-05-12T22:23:35.027186+03:00"", ""natural_run_id"": ""20260512T184804_724e6d22"", ""nh12_comment"": ""ERA5 temperature (ref 1991-2020) | max=21.5C | min=-8.6C | range=30.0C | hot_days=0/yr | cold_days=0/yr | summer_mean=18.1C | source=copernicus_era5 | CMIP6_2050_ssp245=+1.3C | CMIP6_2080_ssp585=+3.8C"", ""nh12_quality"": ""medium""}"
1719d38b-61e8-4b01-844b-3a2f85c8a186,Trebisov power station,SK,48.627778,21.717222,nuscale_voygr6,NH-12,,,,6.5,scored,aggregated(mean_of_sub_scores),,"{""extreme_temp_max_c"": 23.6, ""extreme_temp_min_c"": -6.88, ""natural_fetched_at"": ""2026-05-12T22:23:37.569740+03:00"", ""natural_run_id"": ""20260512T184804_724e6d22"", ""nh12_comment"": ""ERA5 temperature (ref 1991-2020) | max=23.6C | min=-6.9C | range=30.5C | hot_days=0/yr | cold_days=0/yr | summer_mean=20.1C | source=copernicus_era5 | CMIP6_2050_ssp245=+1.3C | CMIP6_2080_ssp585=+3.9C"", ""nh12_quality"": ""medium""}"
a2d8261c-3d08-4015-946c-47dbddbd0b98,U.S. Steel Kosice Works power station,SK,48.615945,21.194562,nuscale_voygr6,NH-12,,,,6.5,scored,aggregated(mean_of_sub_scores),,"{""extreme_temp_max_c"": 24.05, ""extreme_temp_min_c"": -6.48, ""natural_fetched_at"": ""2026-05-12T22:23:37.586058+03:00"", ""natural_run_id"": ""20260512T184804_724e6d22"", ""nh12_comment"": ""ERA5 temperature (ref 1991-2020) | max=24.0C | min=-6.5C | range=30.5C | hot_days=0/yr | cold_days=0/yr | summer_mean=20.5C | source=copernicus_era5 | CMIP6_2050_ssp245=+1.3C | CMIP6_2080_ssp585=+3.9C"", ""nh12_quality"": ""medium""}"
770f1d3c-e5fd-493c-a376-e708d2abec6c,Vojany I power station,SK,48.5525,21.972625,nuscale_voygr6,NH-12,,,,6.5,scored,aggregated(mean_of_sub_scores),,"{""extreme_temp_max_c"": 25.33, ""extreme_temp_min_c"": -5.87, ""natural_fetched_at"": ""2026-05-12T22:23:41.173396+03:00"", ""natural_run_id"": ""20260512T184804_724e6d22"", ""nh12_comment"": ""ERA5 temperature (ref 1991-2020) | max=25.3C | min=-5.9C | range=31.2C | hot_days=0/yr | cold_days=0/yr | summer_mean=21.4C | source=copernicus_era5 | CMIP6_2050_ssp245=+1.3C | CMIP6_2080_ssp585=+3.9C"", ""nh12_quality"": ""medium""}"
d48d2f39-d58f-4299-9b2f-56d194d2d13b,Ada Yesildag Enerji power station,TR,36.3761,33.9322,nuscale_voygr6,NH-12,,,,7.5,scored,aggregated(mean_of_sub_scores),,"{""extreme_temp_max_c"": 27.91, ""extreme_temp_min_c"": 2.03, ""natural_fetched_at"": ""2026-05-12T22:23:42.787832+03:00"", ""natural_run_id"": ""20260512T184804_724e6d22"", ""nh12_comment"": ""ERA5 temperature (ref 1991-2020) | max=27.9C | min=2.0C | range=25.9C | hot_days=0/yr | cold_days=0/yr | summer_mean=24.9C | source=copernicus_era5 | CMIP6_2050_ssp245=+1.4C | CMIP6_2080_ssp585=+3.7C"", ""nh12_quality"": ""medium""}"
4b11cac9-4fe0-4a2a-9c09-4fe9a0ac6015,Ada Yumurtalık power station,TR,36.843,35.86,nuscale_voygr6,NH-12,,,,6.5,scored,aggregated(mean_of_sub_scores),,"{""extreme_temp_max_c"": 29.27, ""extreme_temp_min_c"": 7.79, ""natural_fetched_at"": ""2026-05-12T22:23:54.892910+03:00"", ""natural_run_id"": ""20260512T184804_724e6d22"", ""nh12_comment"": ""ERA5 temperature (ref 1991-2020) | max=29.3C | min=7.8C | range=21.5C | hot_days=0/yr | cold_days=0/yr | summer_mean=26.6C | source=copernicus_era5 | CMIP6_2050_ssp245=+1.3C | CMIP6_2080_ssp585=+3.7C"", ""nh12_quality"": ""medium""}"
44698c12-3c50-4602-8104-dafa5fd215b6,Adana Akdeniz power station,TR,36.8178,35.86216,nuscale_voygr6,NH-12,,,,6.5,scored,aggregated(mean_of_sub_scores),,"{""extreme_temp_max_c"": 29.27, ""extreme_temp_min_c"": 7.79, ""natural_fetched_at"": ""2026-05-12T22:23:54.910938+03:00"", ""natural_run_id"": ""20260512T184804_724e6d22"", ""nh12_comment"": ""ERA5 temperature (ref 1991-2020) | max=29.3C | min=7.8C | range=21.5C | hot_days=0/yr | cold_days=0/yr | summer_mean=26.6C | source=copernicus_era5 | CMIP6_2050_ssp245=+1.3C | CMIP6_2080_ssp585=+3.7C"", ""nh12_quality"": ""medium""}"
8a5dc384-e272-41ed-9868-a0686ac3fc7e,Adana Ceyhan power station,TR,37.0333,35.8167,nuscale_voygr6,NH-12,,,,6.5,scored,aggregated(mean_of_sub_scores),,"{""extreme_temp_max_c"": 30.63, ""extreme_temp_min_c"": 4.97, ""natural_fetched_at"": ""2026-05-12T22:23:57.914396+03:00"", ""natural_run_id"": ""20260512T184804_724e6d22"", ""nh12_comment"": ""ERA5 temperature (ref 1991-2020) | max=30.6C | min=5.0C | range=25.7C | hot_days=0/yr | cold_days=0/yr | summer_mean=27.8C | source=copernicus_era5 | CMIP6_2050_ssp245=+1.3C | CMIP6_2080_ssp585=+3.7C"", ""nh12_quality"": ""medium""}"
e9bc02be-cf10-4b27-9b8a-0d4a954720e4,Afşin-Elbistan power stations,TR,38.347211,37.026002,nuscale_voygr6,NH-12,,,,4.5,scored,aggregated(mean_of_sub_scores),,"{""extreme_temp_max_c"": 26.14, ""extreme_temp_min_c"": -9.33, ""natural_fetched_at"": ""2026-05-12T22:24:00.450342+03:00"", ""natural_run_id"": ""20260512T184804_724e6d22"", ""nh12_comment"": ""ERA5 temperature (ref 1991-2020) | max=26.1C | min=-9.3C | range=35.5C | hot_days=0/yr | cold_days=0/yr | summer_mean=22.3C | source=copernicus_era5 | CMIP6_2050_ssp245=+1.3C | CMIP6_2080_ssp585=+4.1C"", ""nh12_quality"": ""medium""}"
ce39538c-997e-4a7d-bc32-f164f50f9aa0,Ağan power station,TR,40.449823,27.304356,nuscale_voygr6,NH-12,,,,7.5,scored,aggregated(mean_of_sub_scores),,"{""extreme_temp_max_c"": 26.98, ""extreme_temp_min_c"": 2.89, ""natural_fetched_at"": ""2026-05-12T22:24:01.035408+03:00"", ""natural_run_id"": ""20260512T184804_724e6d22"", ""nh12_comment"": ""ERA5 temperature (ref 1991-2020) | max=27.0C | min=2.9C | range=24.1C | hot_days=0/yr | cold_days=0/yr | summer_mean=23.9C | source=copernicus_era5 | CMIP6_2050_ssp245=+1.3C | CMIP6_2080_ssp585=+3.5C"", ""nh12_quality"": ""medium""}"
5fa0dfa9-c272-444e-8e70-80ab55b5d36c,Akdeniz Enerji power station,TR,36.201759,33.671397,nuscale_voygr6,NH-12,,,,6.5,scored,aggregated(mean_of_sub_scores),,"{""extreme_temp_max_c"": 29.16, ""extreme_temp_min_c"": 4.79, ""natural_fetched_at"": ""2026-05-12T22:24:06.001220+03:00"", ""natural_run_id"": ""20260512T184804_724e6d22"", ""nh12_comment"": ""ERA5 temperature (ref 1991-2020) | max=29.2C | min=4.8C | range=24.4C | hot_days=0/yr | cold_days=0/yr | summer_mean=26.2C | source=copernicus_era5 | CMIP6_2050_ssp245=+1.4C | CMIP6_2080_ssp585=+3.7C"", ""nh12_quality"": ""medium""}"
992a4bf0-3ff0-4f12-bb89-50dc9e8d7d35,Aksa Akrilik power station,TR,40.691129,29.405596,nuscale_voygr6,NH-12,,,,6.5,scored,aggregated(mean_of_sub_scores),,"{""extreme_temp_max_c"": 26.94, ""extreme_temp_min_c"": 1.65, ""natural_fetched_at"": ""2026-05-12T22:24:08.413980+03:00"", ""natural_run_id"": ""20260512T184804_724e6d22"", ""nh12_comment"": ""ERA5 temperature (ref 1991-2020) | max=26.9C | min=1.6C | range=25.3C | hot_days=0/yr | cold_days=0/yr | summer_mean=23.3C | source=copernicus_era5 | CMIP6_2050_ssp245=+1.2C | CMIP6_2080_ssp585=+3.7C"", ""nh12_quality"": ""medium""}"
cb825b0f-e315-4221-b194-43d5b472382d,Albayrak Varaka Paper power station,TR,39.559474,27.969536,nuscale_voygr6,NH-12,,,,6.5,scored,aggregated(mean_of_sub_scores),,"{""extreme_temp_max_c"": 27.13, ""extreme_temp_min_c"": 1.49, ""natural_fetched_at"": ""2026-05-12T22:24:14.125662+03:00"", ""natural_run_id"": ""20260512T184804_724e6d22"", ""nh12_comment"": ""ERA5 temperature (ref 1991-2020) | max=27.1C | min=1.5C | range=25.6C | hot_days=0/yr | cold_days=0/yr | summer_mean=23.7C | source=copernicus_era5 | CMIP6_2050_ssp245=+1.3C | CMIP6_2080_ssp585=+3.5C"", ""nh12_quality"": ""medium""}"
bcb86777-4a54-4891-bb26-35b201bbd57d,Aliağa Enka power station,TR,38.746,26.912,nuscale_voygr6,NH-12,,,,6.5,scored,aggregated(mean_of_sub_scores),,"{""extreme_temp_max_c"": 29.04, ""extreme_temp_min_c"": 4.73, ""natural_fetched_at"": ""2026-05-12T22:24:16.953134+03:00"", ""natural_run_id"": ""20260512T184804_724e6d22"", ""nh12_comment"": ""ERA5 temperature (ref 1991-2020) | max=29.0C | min=4.7C | range=24.3C | hot_days=0/yr | cold_days=0/yr | summer_mean=26.1C | source=copernicus_era5 | CMIP6_2050_ssp245=+1.4C | CMIP6_2080_ssp585=+3.5C"", ""nh12_quality"": ""medium""}"
9699244b-14c0-4e27-afd1-105494fccd60,Alpu power station,TR,39.897,30.862,nuscale_voygr6,NH-12,,,,6.5,scored,aggregated(mean_of_sub_scores),,"{""extreme_temp_max_c"": 26.5, ""extreme_temp_min_c"": -2.82, ""natural_fetched_at"": ""2026-05-12T22:24:21.291178+03:00"", ""natural_run_id"": ""20260512T184804_724e6d22"", ""nh12_comment"": ""ERA5 temperature (ref 1991-2020) | max=26.5C | min=-2.8C | range=29.3C | hot_days=0/yr | cold_days=0/yr | summer_mean=22.3C | source=copernicus_era5 | CMIP6_2050_ssp245=+1.2C | CMIP6_2080_ssp585=+3.7C"", ""nh12_quality"": ""medium""}"
9163ca37-1b31-409d-974f-9e7ed5e5f33d,Amasra Bartın power station,TR,41.72704,32.34971,nuscale_voygr6,NH-12,,,,7.5,scored,aggregated(mean_of_sub_scores),,"{""extreme_temp_max_c"": 26.48, ""extreme_temp_min_c"": 3.09, ""natural_fetched_at"": ""2026-05-12T22:24:22.214828+03:00"", ""natural_run_id"": ""20260512T184804_724e6d22"", ""nh12_comment"": ""ERA5 temperature (ref 1991-2020) | max=26.5C | min=3.1C | range=23.4C | hot_days=0/yr | cold_days=0/yr | summer_mean=22.9C | source=copernicus_era5 | CMIP6_2050_ssp245=+1.0C | CMIP6_2080_ssp585=+3.3C"", ""nh12_quality"": ""medium""}"
8782d6f2-5f9f-4c67-b9f2-6756857bd200,Ant Enerji power station,TR,37.366667,28.033333,nuscale_voygr6,NH-12,,,,6.5,scored,aggregated(mean_of_sub_scores),,"{""extreme_temp_max_c"": 30.04, ""extreme_temp_min_c"": 3.85, ""natural_fetched_at"": ""2026-05-12T22:24:26.434966+03:00"", ""natural_run_id"": ""20260512T184804_724e6d22"", ""nh12_comment"": ""ERA5 temperature (ref 1991-2020) | max=30.0C | min=3.9C | range=26.2C | hot_days=0/yr | cold_days=0/yr | summer_mean=26.6C | source=copernicus_era5 | CMIP6_2050_ssp245=+1.4C | CMIP6_2080_ssp585=+3.8C"", ""nh12_quality"": ""medium""}"
b5a75ec8-a2fe-42ad-b33e-ea32e20ebdfb,Astoria Ceyhan power station,TR,36.90659,35.96236,nuscale_voygr6,NH-12,,,,6.5,scored,aggregated(mean_of_sub_scores),,"{""extreme_temp_max_c"": 29.86, ""extreme_temp_min_c"": 5.69, ""natural_fetched_at"": ""2026-05-12T22:24:26.453435+03:00"", ""natural_run_id"": ""20260512T184804_724e6d22"", ""nh12_comment"": ""ERA5 temperature (ref 1991-2020) | max=29.9C | min=5.7C | range=24.2C | hot_days=0/yr | cold_days=0/yr | summer_mean=27.2C | source=copernicus_era5 | CMIP6_2050_ssp245=+1.3C | CMIP6_2080_ssp585=+3.7C"", ""nh12_quality"": ""medium""}"
c6b846cb-3a01-4e17-9d51-da4b58fd1827,Atakaş power station,TR,36.6971,36.2042,nuscale_voygr6,NH-12,,,,7.5,scored,aggregated(mean_of_sub_scores),,"{""extreme_temp_max_c"": 27.84, ""extreme_temp_min_c"": 2.99, ""natural_fetched_at"": ""2026-05-12T22:24:30.105014+03:00"", ""natural_run_id"": ""20260512T184804_724e6d22"", ""nh12_comment"": ""ERA5 temperature (ref 1991-2020) | max=27.8C | min=3.0C | range=24.8C | hot_days=0/yr | cold_days=0/yr | summer_mean=24.7C | source=copernicus_era5 | CMIP6_2050_ssp245=+1.3C | CMIP6_2080_ssp585=+3.7C"", ""nh12_quality"": ""medium""}"
1ce7624e-1d72-4293-8ff4-09096b56ddd2,Atlas Enerji İskenderun power station,TR,36.69028,36.20909,nuscale_voygr6,NH-12,,,,7.5,scored,aggregated(mean_of_sub_scores),,"{""extreme_temp_max_c"": 27.84, ""extreme_temp_min_c"": 2.99, ""natural_fetched_at"": ""2026-05-12T22:24:30.119701+03:00"", ""natural_run_id"": ""20260512T184804_724e6d22"", ""nh12_comment"": ""ERA5 temperature (ref 1991-2020) | max=27.8C | min=3.0C | range=24.8C | hot_days=0/yr | cold_days=0/yr | summer_mean=24.7C | source=copernicus_era5 | CMIP6_2050_ssp245=+1.3C | CMIP6_2080_ssp585=+3.7C"", ""nh12_quality"": ""medium""}"
c7afd455-7beb-4d23-8d3b-e9a102782d2b,Avdan power station,TR,37.750237,29.094284,nuscale_voygr6,NH-12,,,,5.5,scored,aggregated(mean_of_sub_scores),,"{""extreme_temp_max_c"": 29.77, ""extreme_temp_min_c"": 1.82, ""natural_fetched_at"": ""2026-05-12T22:24:34.156225+03:00"", ""natural_run_id"": ""20260512T184804_724e6d22"", ""nh12_comment"": ""ERA5 temperature (ref 1991-2020) | max=29.8C | min=1.8C | range=28.0C | hot_days=0/yr | cold_days=0/yr | summer_mean=26.1C | source=copernicus_era5 | CMIP6_2050_ssp245=+1.4C | CMIP6_2080_ssp585=+4.1C"", ""nh12_quality"": ""medium""}"
7a805295-0cd2-48be-972e-5282c996549c,Ayas power station,TR,36.82211,35.86753,nuscale_voygr6,NH-12,,,,6.5,scored,aggregated(mean_of_sub_scores),,"{""extreme_temp_max_c"": 29.27, ""extreme_temp_min_c"": 7.79, ""natural_fetched_at"": ""2026-05-12T22:24:34.172396+03:00"", ""natural_run_id"": ""20260512T184804_724e6d22"", ""nh12_comment"": ""ERA5 temperature (ref 1991-2020) | max=29.3C | min=7.8C | range=21.5C | hot_days=0/yr | cold_days=0/yr | summer_mean=26.6C | source=copernicus_era5 | CMIP6_2050_ssp245=+1.3C | CMIP6_2080_ssp585=+3.7C"", ""nh12_quality"": ""medium""}"
b8875ff2-9e9d-4520-8879-c71468e9cc50,Babadere power station,TR,39.609,26.189,nuscale_voygr6,NH-12,,,,7.5,scored,aggregated(mean_of_sub_scores),,"{""extreme_temp_max_c"": 26.2, ""extreme_temp_min_c"": 5.33, ""natural_fetched_at"": ""2026-05-12T22:24:35.636769+03:00"", ""natural_run_id"": ""20260512T184804_724e6d22"", ""nh12_comment"": ""ERA5 temperature (ref 1991-2020) | max=26.2C | min=5.3C | range=20.9C | hot_days=0/yr | cold_days=0/yr | summer_mean=23.6C | source=copernicus_era5 | CMIP6_2050_ssp245=+1.4C | CMIP6_2080_ssp585=+3.7C"", ""nh12_quality"": ""medium""}"
ba1f1f36-18b4-49ae-9882-f90418dc88ce,Bandırma Elektrik power station,TR,40.30593,27.7272,nuscale_voygr6,NH-12,,,,7.5,scored,aggregated(mean_of_sub_scores),,"{""extreme_temp_max_c"": 28.07, ""extreme_temp_min_c"": 2.93, ""natural_fetched_at"": ""2026-05-12T22:24:36.922240+03:00"", ""natural_run_id"": ""20260512T184804_724e6d22"", ""nh12_comment"": ""ERA5 temperature (ref 1991-2020) | max=28.1C | min=2.9C | range=25.1C | hot_days=0/yr | cold_days=0/yr | summer_mean=24.9C | source=copernicus_era5 | CMIP6_2050_ssp245=+1.3C | CMIP6_2080_ssp585=+3.5C"", ""nh12_quality"": ""medium""}"
fecb62d9-6fb8-4f8d-83e3-78a7c75adb6e,Bandırma III power station,TR,39.385,27.533,nuscale_voygr6,NH-12,,,,6.5,scored,aggregated(mean_of_sub_scores),,"{""extreme_temp_max_c"": 26.96, ""extreme_temp_min_c"": 1.33, ""natural_fetched_at"": ""2026-05-12T22:24:38.736759+03:00"", ""natural_run_id"": ""20260512T184804_724e6d22"", ""nh12_comment"": ""ERA5 temperature (ref 1991-2020) | max=27.0C | min=1.3C | range=25.6C | hot_days=0/yr | cold_days=0/yr | summer_mean=23.5C | source=copernicus_era5 | CMIP6_2050_ssp245=+1.3C | CMIP6_2080_ssp585=+3.5C"", ""nh12_quality"": ""medium""}"
bb2453b0-c76d-40ea-bcc4-870391f05b2f,Bandırma Karat power station,TR,40.357,27.975,nuscale_voygr6,NH-12,,,,7.5,scored,aggregated(mean_of_sub_scores),,"{""extreme_temp_max_c"": 27.81, ""extreme_temp_min_c"": 3.19, ""natural_fetched_at"": ""2026-05-12T22:24:43.835602+03:00"", ""natural_run_id"": ""20260512T184804_724e6d22"", ""nh12_comment"": ""ERA5 temperature (ref 1991-2020) | max=27.8C | min=3.2C | range=24.6C | hot_days=0/yr | cold_days=0/yr | summer_mean=24.7C | source=copernicus_era5 | CMIP6_2050_ssp245=+1.3C | CMIP6_2080_ssp585=+3.5C"", ""nh12_quality"": ""medium""}"
1289753b-43db-4058-8fe1-6e38b5fb01b5,Barbaros-1 power station,TR,41.803,35.194,nuscale_voygr6,NH-12,,,,7.5,scored,aggregated(mean_of_sub_scores),,"{""extreme_temp_max_c"": 25.52, ""extreme_temp_min_c"": -1.15, ""natural_fetched_at"": ""2026-05-12T22:24:45.893490+03:00"", ""natural_run_id"": ""20260512T184804_724e6d22"", ""nh12_comment"": ""ERA5 temperature (ref 1991-2020) | max=25.5C | min=-1.1C | range=26.7C | hot_days=0/yr | cold_days=0/yr | summer_mean=21.8C | source=copernicus_era5 | CMIP6_2050_ssp245=+0.9C | CMIP6_2080_ssp585=+3.1C"", ""nh12_quality"": ""medium""}"
2350bab4-9869-43f1-b62f-a4d5aea77ef5,Biga power station,TR,40.47233,27.28625,nuscale_voygr6,NH-12,,,,7.5,scored,aggregated(mean_of_sub_scores),,"{""extreme_temp_max_c"": 26.98, ""extreme_temp_min_c"": 2.89, ""natural_fetched_at"": ""2026-05-12T22:24:47.664265+03:00"", ""natural_run_id"": ""20260512T184804_724e6d22"", ""nh12_comment"": ""ERA5 temperature (ref 1991-2020) | max=27.0C | min=2.9C | range=24.1C | hot_days=0/yr | cold_days=0/yr | summer_mean=23.9C | source=copernicus_era5 | CMIP6_2050_ssp245=+1.3C | CMIP6_2080_ssp585=+3.5C"", ""nh12_quality"": ""medium""}"
75f807aa-8278-43a3-8654-730713b96001,Bingöl power station,TR,39.31575,40.889156,nuscale_voygr6,NH-12,,,,5.5,scored,aggregated(mean_of_sub_scores),,"{""extreme_temp_max_c"": 23.36, ""extreme_temp_min_c"": -11.33, ""natural_fetched_at"": ""2026-05-12T22:24:50.358383+03:00"", ""natural_run_id"": ""20260512T184804_724e6d22"", ""nh12_comment"": ""ERA5 temperature (ref 1991-2020) | max=23.4C | min=-11.3C | range=34.7C | hot_days=0/yr | cold_days=0/yr | summer_mean=19.1C | source=copernicus_era5 | CMIP6_2050_ssp245=+1.1C | CMIP6_2080_ssp585=+3.9C"", ""nh12_quality"": ""medium""}"
2b6a65d3-efb0-44d8-b88b-9aad311f4ac4,Bolu Göynük power station,TR,40.2514,30.8129,nuscale_voygr6,NH-12,,,,7.5,scored,aggregated(mean_of_sub_scores),,"{""extreme_temp_max_c"": 25.34, ""extreme_temp_min_c"": -2.87, ""natural_fetched_at"": ""2026-05-12T22:24:54.875708+03:00"", ""natural_run_id"": ""20260512T184804_724e6d22"", ""nh12_comment"": ""ERA5 temperature (ref 1991-2020) | max=25.3C | min=-2.9C | range=28.2C | hot_days=0/yr | cold_days=0/yr | summer_mean=21.0C | source=copernicus_era5 | CMIP6_2050_ssp245=+1.2C | CMIP6_2080_ssp585=+3.7C"", ""nh12_quality"": ""medium""}"
7b4d3f8f-a644-48a3-93f9-cd3c154dc5c2,Burnaz power station,TR,36.491859,36.192092,nuscale_voygr6,NH-12,,,,6.5,scored,aggregated(mean_of_sub_scores),,"{""extreme_temp_max_c"": 29.37, ""extreme_temp_min_c"": 4.06, ""natural_fetched_at"": ""2026-05-12T22:24:54.891688+03:00"", ""natural_run_id"": ""20260512T184804_724e6d22"", ""nh12_comment"": ""ERA5 temperature (ref 1991-2020) | max=29.4C | min=4.1C | range=25.3C | hot_days=0/yr | cold_days=0/yr | summer_mean=26.4C | source=copernicus_era5 | CMIP6_2050_ssp245=+1.3C | CMIP6_2080_ssp585=+3.7C"", ""nh12_quality"": ""medium""}"
3bc834ed-5c2b-47d6-b555-2e20b9044053,Bursa power station,TR,39.90331,29.17746,nuscale_voygr6,NH-12,,,,7.5,scored,aggregated(mean_of_sub_scores),,"{""extreme_temp_max_c"": 23.85, ""extreme_temp_min_c"": -3.81, ""natural_fetched_at"": ""2026-05-12T22:24:58.284022+03:00"", ""natural_run_id"": ""20260512T184804_724e6d22"", ""nh12_comment"": ""ERA5 temperature (ref 1991-2020) | max=23.9C | min=-3.8C | range=27.7C | hot_days=0/yr | cold_days=0/yr | summer_mean=20.0C | source=copernicus_era5 | CMIP6_2050_ssp245=+1.2C | CMIP6_2080_ssp585=+3.7C"", ""nh12_quality"": ""medium""}"
e71ec827-7143-48dd-8c8a-8e81705fa971,Çalışkan Ceyhan power station,TR,36.93815,35.99446,nuscale_voygr6,NH-12,,,,6.5,scored,aggregated(mean_of_sub_scores),,"{""extreme_temp_max_c"": 29.86, ""extreme_temp_min_c"": 5.69, ""natural_fetched_at"": ""2026-05-12T22:25:00.800108+03:00"", ""natural_run_id"": ""20260512T184804_724e6d22"", ""nh12_comment"": ""ERA5 temperature (ref 1991-2020) | max=29.9C | min=5.7C | range=24.2C | hot_days=0/yr | cold_days=0/yr | summer_mean=27.2C | source=copernicus_era5 | CMIP6_2050_ssp245=+1.3C | CMIP6_2080_ssp585=+3.7C"", ""nh12_quality"": ""medium""}"
ad1e8841-e4e4-413b-820a-8c14e09da5a0,Çan (18 Mart) power station,TR,40.02324,26.976837,nuscale_voygr6,NH-12,,,,7.5,scored,aggregated(mean_of_sub_scores),,"{""extreme_temp_max_c"": 25.79, ""extreme_temp_min_c"": -0.74, ""natural_fetched_at"": ""2026-05-12T22:25:02.206447+03:00"", ""natural_run_id"": ""20260512T184804_724e6d22"", ""nh12_comment"": ""ERA5 temperature (ref 1991-2020) | max=25.8C | min=-0.7C | range=26.5C | hot_days=0/yr | cold_days=0/yr | summer_mean=22.3C | source=copernicus_era5 | CMIP6_2050_ssp245=+1.4C | CMIP6_2080_ssp585=+3.7C"", ""nh12_quality"": ""medium""}"
28980273-0ba6-4c8c-b080-7ff9b33cc4c9,Çan-2 power station,TR,40.034352,26.950574,nuscale_voygr6,NH-12,,,,7.5,scored,aggregated(mean_of_sub_scores),,"{""extreme_temp_max_c"": 25.79, ""extreme_temp_min_c"": -0.74, ""natural_fetched_at"": ""2026-05-12T22:25:02.226040+03:00"", ""natural_run_id"": ""20260512T184804_724e6d22"", ""nh12_comment"": ""ERA5 temperature (ref 1991-2020) | max=25.8C | min=-0.7C | range=26.5C | hot_days=0/yr | cold_days=0/yr | summer_mean=22.3C | source=copernicus_era5 | CMIP6_2050_ssp245=+1.4C | CMIP6_2080_ssp585=+3.7C"", ""nh12_quality"": ""medium""}"
dd413ee8-a6f2-4e7c-8e6c-6d0ed8637d83,Çankırı Orta power station,TR,40.623886,33.112751,nuscale_voygr6,NH-12,,,,6.5,scored,aggregated(mean_of_sub_scores),,"{""extreme_temp_max_c"": 23.9, ""extreme_temp_min_c"": -6.44, ""natural_fetched_at"": ""2026-05-12T22:25:05.599684+03:00"", ""natural_run_id"": ""20260512T184804_724e6d22"", ""nh12_comment"": ""ERA5 temperature (ref 1991-2020) | max=23.9C | min=-6.4C | range=30.3C | hot_days=0/yr | cold_days=0/yr | summer_mean=19.1C | source=copernicus_era5 | CMIP6_2050_ssp245=+1.2C | CMIP6_2080_ssp585=+3.7C"", ""nh12_quality"": ""medium""}"
fc307877-758b-4dbf-afbe-abfc4a778155,Çankırı Yıldızlar power station,TR,40.6078,33.3202,nuscale_voygr6,NH-12,,,,6.5,scored,aggregated(mean_of_sub_scores),,"{""extreme_temp_max_c"": 24.77, ""extreme_temp_min_c"": -6.42, ""natural_fetched_at"": ""2026-05-12T22:25:09.564730+03:00"", ""natural_run_id"": ""20260512T184804_724e6d22"", ""nh12_comment"": ""ERA5 temperature (ref 1991-2020) | max=24.8C | min=-6.4C | range=31.2C | hot_days=0/yr | cold_days=0/yr | summer_mean=19.9C | source=copernicus_era5 | CMIP6_2050_ssp245=+1.2C | CMIP6_2080_ssp585=+3.7C"", ""nh12_quality"": ""medium""}"
8b16dc60-1a2b-4b2c-bcad-1c334d246ae3,Çatalağzı power station,TR,41.517402,31.900198,nuscale_voygr6,NH-12,,,,6.5,scored,aggregated(mean_of_sub_scores),,"{""extreme_temp_max_c"": 26.55, ""extreme_temp_min_c"": 1.37, ""natural_fetched_at"": ""2026-05-12T22:25:10.697356+03:00"", ""natural_run_id"": ""20260512T184804_724e6d22"", ""nh12_comment"": ""ERA5 temperature (ref 1991-2020) | max=26.5C | min=1.4C | range=25.2C | hot_days=0/yr | cold_days=0/yr | summer_mean=22.6C | source=copernicus_era5 | CMIP6_2050_ssp245=+1.0C | CMIP6_2080_ssp585=+3.3C"", ""nh12_quality"": ""medium""}"
674deb4f-110c-4120-bea0-5f0711da3ea1,Çayırhan power station,TR,40.097,31.695,nuscale_voygr6,NH-12,,,,6.5,scored,aggregated(mean_of_sub_scores),,"{""extreme_temp_max_c"": 28.57, ""extreme_temp_min_c"": -2.13, ""natural_fetched_at"": ""2026-05-12T22:25:12.630826+03:00"", ""natural_run_id"": ""20260512T184804_724e6d22"", ""nh12_comment"": ""ERA5 temperature (ref 1991-2020) | max=28.6C | min=-2.1C | range=30.7C | hot_days=0/yr | cold_days=0/yr | summer_mean=24.7C | source=copernicus_era5 | CMIP6_2050_ssp245=+1.2C | CMIP6_2080_ssp585=+3.7C"", ""nh12_quality"": ""medium""}"
d12e7ffc-4cd3-4ff4-81da-ae360d59409b,Çebi Enerji power station,TR,41.013446,27.961648,nuscale_voygr6,NH-12,,,,7.5,scored,aggregated(mean_of_sub_scores),,"{""extreme_temp_max_c"": 26.84, ""extreme_temp_min_c"": 2.8, ""natural_fetched_at"": ""2026-05-12T22:25:14.021431+03:00"", ""natural_run_id"": ""20260512T184804_724e6d22"", ""nh12_comment"": ""ERA5 temperature (ref 1991-2020) | max=26.8C | min=2.8C | range=24.0C | hot_days=0/yr | cold_days=0/yr | summer_mean=23.7C | source=copernicus_era5 | CMIP6_2050_ssp245=+1.3C | CMIP6_2080_ssp585=+3.5C"", ""nh12_quality"": ""medium""}"
a4af3789-2c40-41fc-a3ec-3b8d2fc6c645,Çelikler Yumurtalık power station,TR,36.86788,35.90949,nuscale_voygr6,NH-12,,,,7.5,scored,aggregated(mean_of_sub_scores),,"{""extreme_temp_max_c"": 28.21, ""extreme_temp_min_c"": 7.19, ""natural_fetched_at"": ""2026-05-12T22:25:14.038725+03:00"", ""natural_run_id"": ""20260512T184804_724e6d22"", ""nh12_comment"": ""ERA5 temperature (ref 1991-2020) | max=28.2C | min=7.2C | range=21.0C | hot_days=0/yr | cold_days=0/yr | summer_mean=25.5C | source=copernicus_era5 | CMIP6_2050_ssp245=+1.3C | CMIP6_2080_ssp585=+3.7C"", ""nh12_quality"": ""medium""}"
a96dc545-41a9-4b0d-a7a3-f40ef711e5e3,Cenal power station,TR,40.4167,27.31829,nuscale_voygr6,NH-12,,,,7.5,scored,aggregated(mean_of_sub_scores),,"{""extreme_temp_max_c"": 26.98, ""extreme_temp_min_c"": 2.89, ""natural_fetched_at"": ""2026-05-12T22:25:16.293303+03:00"", ""natural_run_id"": ""20260512T184804_724e6d22"", ""nh12_comment"": ""ERA5 temperature (ref 1991-2020) | max=27.0C | min=2.9C | range=24.1C | hot_days=0/yr | cold_days=0/yr | summer_mean=23.9C | source=copernicus_era5 | CMIP6_2050_ssp245=+1.3C | CMIP6_2080_ssp585=+3.5C"", ""nh12_quality"": ""medium""}"
e894ba3e-e397-47c9-b0b9-a72cfb6bd680,Çerkezköy power station,TR,41.283333,28.0,nuscale_voygr6,NH-12,,,,6.5,scored,aggregated(mean_of_sub_scores),,"{""extreme_temp_max_c"": 27.29, ""extreme_temp_min_c"": 1.45, ""natural_fetched_at"": ""2026-05-12T22:25:21.046107+03:00"", ""natural_run_id"": ""20260512T184804_724e6d22"", ""nh12_comment"": ""ERA5 temperature (ref 1991-2020) | max=27.3C | min=1.4C | range=25.8C | hot_days=0/yr | cold_days=0/yr | summer_mean=23.8C | source=copernicus_era5 | CMIP6_2050_ssp245=+1.2C | CMIP6_2080_ssp585=+3.4C"", ""nh12_quality"": ""medium""}"
bddb4fb7-c01d-4b71-bc30-1896b88298bf,Çırpılar power station,TR,39.816777,27.339752,nuscale_voygr6,NH-12,,,,7.5,scored,aggregated(mean_of_sub_scores),,"{""extreme_temp_max_c"": 25.7, ""extreme_temp_min_c"": -0.83, ""natural_fetched_at"": ""2026-05-12T22:25:23.363866+03:00"", ""natural_run_id"": ""20260512T184804_724e6d22"", ""nh12_comment"": ""ERA5 temperature (ref 1991-2020) | max=25.7C | min=-0.8C | range=26.5C | hot_days=0/yr | cold_days=0/yr | summer_mean=22.1C | source=copernicus_era5 | CMIP6_2050_ssp245=+1.3C | CMIP6_2080_ssp585=+3.5C"", ""nh12_quality"": ""medium""}"
778e0750-19f9-426e-a6c7-e0e30645fb97,Çoban Yıldız power station,TR,37.557261,32.847995,nuscale_voygr6,NH-12,,,,5.5,scored,aggregated(mean_of_sub_scores),,"{""extreme_temp_max_c"": 27.49, ""extreme_temp_min_c"": -6.71, ""natural_fetched_at"": ""2026-05-12T22:25:27.356723+03:00"", ""natural_run_id"": ""20260512T184804_724e6d22"", ""nh12_comment"": ""ERA5 temperature (ref 1991-2020) | max=27.5C | min=-6.7C | range=34.2C | hot_days=0/yr | cold_days=0/yr | summer_mean=24.4C | source=copernicus_era5 | CMIP6_2050_ssp245=+1.4C | CMIP6_2080_ssp585=+4.1C"", ""nh12_quality"": ""medium""}"
28c80d72-dd9e-4fbf-a2c7-d48d49ca61dc,Demirtaş power station,TR,36.780693,35.735779,nuscale_voygr6,NH-12,,,,6.5,scored,aggregated(mean_of_sub_scores),,"{""extreme_temp_max_c"": 29.27, ""extreme_temp_min_c"": 7.79, ""natural_fetched_at"": ""2026-05-12T22:25:27.372421+03:00"", ""natural_run_id"": ""20260512T184804_724e6d22"", ""nh12_comment"": ""ERA5 temperature (ref 1991-2020) | max=29.3C | min=7.8C | range=21.5C | hot_days=0/yr | cold_days=0/yr | summer_mean=26.6C | source=copernicus_era5 | CMIP6_2050_ssp245=+1.3C | CMIP6_2080_ssp585=+3.7C"", ""nh12_quality"": ""medium""}"
a70bbc9a-1469-4d56-be56-f282ed4130a8,Deniz power station,TR,38.746,26.912,nuscale_voygr6,NH-12,,,,6.5,scored,aggregated(mean_of_sub_scores),,"{""extreme_temp_max_c"": 29.04, ""extreme_temp_min_c"": 4.73, ""natural_fetched_at"": ""2026-05-12T22:25:27.386216+03:00"", ""natural_run_id"": ""20260512T184804_724e6d22"", ""nh12_comment"": ""ERA5 temperature (ref 1991-2020) | max=29.0C | min=4.7C | range=24.3C | hot_days=0/yr | cold_days=0/yr | summer_mean=26.1C | source=copernicus_era5 | CMIP6_2050_ssp245=+1.4C | CMIP6_2080_ssp585=+3.5C"", ""nh12_quality"": ""medium""}"
5067ece3-b204-495e-81c1-90a523252547,DETES 1 power station,TR,41.498,31.868,nuscale_voygr6,NH-12,,,,8.5,scored,aggregated(mean_of_sub_scores),,"{""extreme_temp_max_c"": 25.85, ""extreme_temp_min_c"": 2.92, ""natural_fetched_at"": ""2026-05-12T22:25:27.400549+03:00"", ""natural_run_id"": ""20260512T184804_724e6d22"", ""nh12_comment"": ""ERA5 temperature (ref 1991-2020) | max=25.9C | min=2.9C | range=22.9C | hot_days=0/yr | cold_days=0/yr | summer_mean=22.2C | source=copernicus_era5 | CMIP6_2050_ssp245=+1.0C | CMIP6_2080_ssp585=+3.3C"", ""nh12_quality"": ""medium""}"
c657c5c3-38a2-472d-8962-9e7cefcd2c1e,Diler (Akbayir) Elbistan power station,TR,38.17,37.37,nuscale_voygr6,NH-12,,,,5.5,scored,aggregated(mean_of_sub_scores),,"{""extreme_temp_max_c"": 25.99, ""extreme_temp_min_c"": -9.94, ""natural_fetched_at"": ""2026-05-12T22:25:29.018290+03:00"", ""natural_run_id"": ""20260512T184804_724e6d22"", ""nh12_comment"": ""ERA5 temperature (ref 1991-2020) | max=26.0C | min=-9.9C | range=35.9C | hot_days=0/yr | cold_days=0/yr | summer_mean=22.0C | source=copernicus_era5 | CMIP6_2050_ssp245=+1.3C | CMIP6_2080_ssp585=+4.1C"", ""nh12_quality"": ""medium""}"
59f96677-d42b-4ae1-a3e9-32f3dc396a83,Dinar power station,TR,38.064,30.167,nuscale_voygr6,NH-12,,,,6.5,scored,aggregated(mean_of_sub_scores),,"{""extreme_temp_max_c"": 26.14, ""extreme_temp_min_c"": -2.34, ""natural_fetched_at"": ""2026-05-12T22:25:30.653568+03:00"", ""natural_run_id"": ""20260512T184804_724e6d22"", ""nh12_comment"": ""ERA5 temperature (ref 1991-2020) | max=26.1C | min=-2.3C | range=28.5C | hot_days=0/yr | cold_days=0/yr | summer_mean=22.1C | source=copernicus_era5 | CMIP6_2050_ssp245=+1.4C | CMIP6_2080_ssp585=+4.1C"", ""nh12_quality"": ""medium""}"
161660e7-3ccf-4704-b452-b126599700a0,DOSAB cogeneration plant,TR,40.243172,28.96442,nuscale_voygr6,NH-12,,,,6.5,scored,aggregated(mean_of_sub_scores),,"{""extreme_temp_max_c"": 26.25, ""extreme_temp_min_c"": 0.5, ""natural_fetched_at"": ""2026-05-12T22:25:31.881990+03:00"", ""natural_run_id"": ""20260512T184804_724e6d22"", ""nh12_comment"": ""ERA5 temperature (ref 1991-2020) | max=26.2C | min=0.5C | range=25.8C | hot_days=0/yr | cold_days=0/yr | summer_mean=22.9C | source=copernicus_era5 | CMIP6_2050_ssp245=+1.3C | CMIP6_2080_ssp585=+3.5C"", ""nh12_quality"": ""medium""}"
aa336cdc-f6fe-4b08-b46d-69e852c501bf,Ece power station,TR,36.780693,35.735779,nuscale_voygr6,NH-12,,,,6.5,scored,aggregated(mean_of_sub_scores),,"{""extreme_temp_max_c"": 29.27, ""extreme_temp_min_c"": 7.79, ""natural_fetched_at"": ""2026-05-12T22:25:31.899642+03:00"", ""natural_run_id"": ""20260512T184804_724e6d22"", ""nh12_comment"": ""ERA5 temperature (ref 1991-2020) | max=29.3C | min=7.8C | range=21.5C | hot_days=0/yr | cold_days=0/yr | summer_mean=26.6C | source=copernicus_era5 | CMIP6_2050_ssp245=+1.3C | CMIP6_2080_ssp585=+3.7C"", ""nh12_quality"": ""medium""}"
3f1ad930-cffb-4991-badd-773db74b890c,EMBA Hunutlu power station,TR,36.81609,35.85481,nuscale_voygr6,NH-12,,,,6.5,scored,aggregated(mean_of_sub_scores),,"{""extreme_temp_max_c"": 29.27, ""extreme_temp_min_c"": 7.79, ""natural_fetched_at"": ""2026-05-12T22:25:31.915628+03:00"", ""natural_run_id"": ""20260512T184804_724e6d22"", ""nh12_comment"": ""ERA5 temperature (ref 1991-2020) | max=29.3C | min=7.8C | range=21.5C | hot_days=0/yr | cold_days=0/yr | summer_mean=26.6C | source=copernicus_era5 | CMIP6_2050_ssp245=+1.3C | CMIP6_2080_ssp585=+3.7C"", ""nh12_quality"": ""medium""}"
28baef4d-44e3-4b2e-bbe3-75f736371553,Enyat Samsun power station,TR,40.97,35.67,nuscale_voygr6,NH-12,,,,6.5,scored,aggregated(mean_of_sub_scores),,"{""extreme_temp_max_c"": 23.4, ""extreme_temp_min_c"": -4.47, ""natural_fetched_at"": ""2026-05-12T22:25:34.416425+03:00"", ""natural_run_id"": ""20260512T184804_724e6d22"", ""nh12_comment"": ""ERA5 temperature (ref 1991-2020) | max=23.4C | min=-4.5C | range=27.9C | hot_days=0/yr | cold_days=0/yr | summer_mean=19.9C | source=copernicus_era5 | CMIP6_2050_ssp245=+1.1C | CMIP6_2080_ssp585=+3.6C"", ""nh12_quality"": ""medium""}"
142cad75-648a-495d-8c10-792351e72126,Eren-1 power station,TR,41.632,27.03,nuscale_voygr6,NH-12,,,,6.5,scored,aggregated(mean_of_sub_scores),,"{""extreme_temp_max_c"": 27.61, ""extreme_temp_min_c"": -1.13, ""natural_fetched_at"": ""2026-05-12T22:25:38.435084+03:00"", ""natural_run_id"": ""20260512T184804_724e6d22"", ""nh12_comment"": ""ERA5 temperature (ref 1991-2020) | max=27.6C | min=-1.1C | range=28.7C | hot_days=0/yr | cold_days=0/yr | summer_mean=24.0C | source=copernicus_era5 | CMIP6_2050_ssp245=+1.3C | CMIP6_2080_ssp585=+3.9C"", ""nh12_quality"": ""medium""}"
f92bc907-9b9b-4d21-92fd-1705bd71128c,Ergene power station,TR,41.2408,27.6967,nuscale_voygr6,NH-12,,,,6.5,scored,aggregated(mean_of_sub_scores),,"{""extreme_temp_max_c"": 27.88, ""extreme_temp_min_c"": 1.08, ""natural_fetched_at"": ""2026-05-12T22:25:46.704111+03:00"", ""natural_run_id"": ""20260512T184804_724e6d22"", ""nh12_comment"": ""ERA5 temperature (ref 1991-2020) | max=27.9C | min=1.1C | range=26.8C | hot_days=0/yr | cold_days=0/yr | summer_mean=24.1C | source=copernicus_era5 | CMIP6_2050_ssp245=+1.2C | CMIP6_2080_ssp585=+3.4C"", ""nh12_quality"": ""medium""}"
b90e80f9-66f3-4290-8aa2-518b8422aba0,Eti Maden Bandirma power station,TR,40.328921,27.990415,nuscale_voygr6,NH-12,,,,7.5,scored,aggregated(mean_of_sub_scores),,"{""extreme_temp_max_c"": 27.81, ""extreme_temp_min_c"": 3.19, ""natural_fetched_at"": ""2026-05-12T22:25:54.638636+03:00"", ""natural_run_id"": ""20260512T184804_724e6d22"", ""nh12_comment"": ""ERA5 temperature (ref 1991-2020) | max=27.8C | min=3.2C | range=24.6C | hot_days=0/yr | cold_days=0/yr | summer_mean=24.7C | source=copernicus_era5 | CMIP6_2050_ssp245=+1.3C | CMIP6_2080_ssp585=+3.5C"", ""nh12_quality"": ""medium""}"
17568f0f-91fd-4efe-b4df-2c7cc5d80b7d,Evrese power station,TR,40.416667,26.666667,nuscale_voygr6,NH-12,,,,7.5,scored,aggregated(mean_of_sub_scores),,"{""extreme_temp_max_c"": 27.33, ""extreme_temp_min_c"": 2.73, ""natural_fetched_at"": ""2026-05-12T22:25:58.627398+03:00"", ""natural_run_id"": ""20260512T184804_724e6d22"", ""nh12_comment"": ""ERA5 temperature (ref 1991-2020) | max=27.3C | min=2.7C | range=24.6C | hot_days=0/yr | cold_days=0/yr | summer_mean=24.0C | source=copernicus_era5 | CMIP6_2050_ssp245=+1.4C | CMIP6_2080_ssp585=+3.7C"", ""nh12_quality"": ""medium""}"
cb08e7b6-0af3-45d9-95c3-3832e7e2677c,Filyos power station,TR,41.57543,32.05965,nuscale_voygr6,NH-12,,,,6.5,scored,aggregated(mean_of_sub_scores),,"{""extreme_temp_max_c"": 26.55, ""extreme_temp_min_c"": 1.37, ""natural_fetched_at"": ""2026-05-12T22:26:02.503914+03:00"", ""natural_run_id"": ""20260512T184804_724e6d22"", ""nh12_comment"": ""ERA5 temperature (ref 1991-2020) | max=26.5C | min=1.4C | range=25.2C | hot_days=0/yr | cold_days=0/yr | summer_mean=22.6C | source=copernicus_era5 | CMIP6_2050_ssp245=+1.0C | CMIP6_2080_ssp585=+3.3C"", ""nh12_quality"": ""medium""}"
829f61ff-0ad1-4288-8dd9-e41abbd0b6a7,Gebze Çolakoğlu power station,TR,40.77758,29.538564,nuscale_voygr6,NH-12,,,,6.5,scored,aggregated(mean_of_sub_scores),,"{""extreme_temp_max_c"": 26.94, ""extreme_temp_min_c"": 1.65, ""natural_fetched_at"": ""2026-05-12T22:26:04.849195+03:00"", ""natural_run_id"": ""20260512T184804_724e6d22"", ""nh12_comment"": ""ERA5 temperature (ref 1991-2020) | max=26.9C | min=1.6C | range=25.3C | hot_days=0/yr | cold_days=0/yr | summer_mean=23.3C | source=copernicus_era5 | CMIP6_2050_ssp245=+1.2C | CMIP6_2080_ssp585=+3.7C"", ""nh12_quality"": ""medium""}"
e780e4ac-0506-4186-9b58-0f378f878345,Gerze power station,TR,41.86621,35.12424,nuscale_voygr6,NH-12,,,,6.5,scored,aggregated(mean_of_sub_scores),,"{""extreme_temp_max_c"": 23.92, ""extreme_temp_min_c"": -4.05, ""natural_fetched_at"": ""2026-05-12T22:26:04.867397+03:00"", ""natural_run_id"": ""20260512T184804_724e6d22"", ""nh12_comment"": ""ERA5 temperature (ref 1991-2020) | max=23.9C | min=-4.1C | range=28.0C | hot_days=0/yr | cold_days=0/yr | summer_mean=20.2C | source=copernicus_era5 | CMIP6_2050_ssp245=+0.9C | CMIP6_2080_ssp585=+3.1C"", ""nh12_quality"": ""medium""}"
c9c85786-eb26-4e7b-b280-83a54b7e834f,Gölovası power station,TR,36.85356,35.89809,nuscale_voygr6,NH-12,,,,7.5,scored,aggregated(mean_of_sub_scores),,"{""extreme_temp_max_c"": 28.21, ""extreme_temp_min_c"": 7.19, ""natural_fetched_at"": ""2026-05-12T22:26:04.883049+03:00"", ""natural_run_id"": ""20260512T184804_724e6d22"", ""nh12_comment"": ""ERA5 temperature (ref 1991-2020) | max=28.2C | min=7.2C | range=21.0C | hot_days=0/yr | cold_days=0/yr | summer_mean=25.5C | source=copernicus_era5 | CMIP6_2050_ssp245=+1.3C | CMIP6_2080_ssp585=+3.7C"", ""nh12_quality"": ""medium""}"
0ca0b969-c519-48f3-97ab-7173d3aa6085,Gönen power station,TR,40.1,27.65,nuscale_voygr6,NH-12,,,,6.5,scored,aggregated(mean_of_sub_scores),,"{""extreme_temp_max_c"": 27.35, ""extreme_temp_min_c"": 1.8, ""natural_fetched_at"": ""2026-05-12T22:26:06.343559+03:00"", ""natural_run_id"": ""20260512T184804_724e6d22"", ""nh12_comment"": ""ERA5 temperature (ref 1991-2020) | max=27.4C | min=1.8C | range=25.5C | hot_days=0/yr | cold_days=0/yr | summer_mean=23.9C | source=copernicus_era5 | CMIP6_2050_ssp245=+1.3C | CMIP6_2080_ssp585=+3.5C"", ""nh12_quality"": ""medium""}"
53481b7f-5b85-4bab-be04-4866c2e72c12,Güney Akdeniz power station,TR,36.416667,35.883333,nuscale_voygr6,NH-12,,,,7.5,scored,aggregated(mean_of_sub_scores),,"{""extreme_temp_max_c"": 28.16, ""extreme_temp_min_c"": 5.69, ""natural_fetched_at"": ""2026-05-12T22:26:08.040560+03:00"", ""natural_run_id"": ""20260512T184804_724e6d22"", ""nh12_comment"": ""ERA5 temperature (ref 1991-2020) | max=28.2C | min=5.7C | range=22.5C | hot_days=0/yr | cold_days=0/yr | summer_mean=25.3C | source=copernicus_era5 | CMIP6_2050_ssp245=+1.3C | CMIP6_2080_ssp585=+3.7C"", ""nh12_quality"": ""medium""}"
d110df11-ad8e-44dc-8a32-af692ca46c6f,Güneybatı Anadolu power station,TR,37.31,27.78,nuscale_voygr6,NH-12,,,,6.5,scored,aggregated(mean_of_sub_scores),,"{""extreme_temp_max_c"": 30.62, ""extreme_temp_min_c"": 6.02, ""natural_fetched_at"": ""2026-05-12T22:26:11.829589+03:00"", ""natural_run_id"": ""20260512T184804_724e6d22"", ""nh12_comment"": ""ERA5 temperature (ref 1991-2020) | max=30.6C | min=6.0C | range=24.6C | hot_days=0/yr | cold_days=0/yr | summer_mean=27.5C | source=copernicus_era5 | CMIP6_2050_ssp245=+1.4C | CMIP6_2080_ssp585=+3.8C"", ""nh12_quality"": ""medium""}"
d5151598-5a1a-4697-8147-592845ffef6c,Güreci power station,TR,40.343889,26.683611,nuscale_voygr6,NH-12,,,,6.5,scored,aggregated(mean_of_sub_scores),,"{""extreme_temp_max_c"": 27.44, ""extreme_temp_min_c"": 1.59, ""natural_fetched_at"": ""2026-05-12T22:26:11.848696+03:00"", ""natural_run_id"": ""20260512T184804_724e6d22"", ""nh12_comment"": ""ERA5 temperature (ref 1991-2020) | max=27.4C | min=1.6C | range=25.9C | hot_days=0/yr | cold_days=0/yr | summer_mean=24.1C | source=copernicus_era5 | CMIP6_2050_ssp245=+1.4C | CMIP6_2080_ssp585=+3.7C"", ""nh12_quality"": ""medium""}"
5a19f424-1a15-44e6-bf1b-c2c5886ac1bf,Gürmin Enerji Amasya power station,TR,40.889,35.597,nuscale_voygr6,NH-12,,,,6.5,scored,aggregated(mean_of_sub_scores),,"{""extreme_temp_max_c"": 24.33, ""extreme_temp_min_c"": -4.75, ""natural_fetched_at"": ""2026-05-12T22:26:11.869056+03:00"", ""natural_run_id"": ""20260512T184804_724e6d22"", ""nh12_comment"": ""ERA5 temperature (ref 1991-2020) | max=24.3C | min=-4.8C | range=29.1C | hot_days=0/yr | cold_days=0/yr | summer_mean=20.4C | source=copernicus_era5 | CMIP6_2050_ssp245=+1.1C | CMIP6_2080_ssp585=+3.6C"", ""nh12_quality"": ""medium""}"
80179871-04fa-4806-9385-caf739b8a171,Habaş power station,TR,38.77273,26.94599,nuscale_voygr6,NH-12,,,,6.5,scored,aggregated(mean_of_sub_scores),,"{""extreme_temp_max_c"": 29.04, ""extreme_temp_min_c"": 4.73, ""natural_fetched_at"": ""2026-05-12T22:26:11.886942+03:00"", ""natural_run_id"": ""20260512T184804_724e6d22"", ""nh12_comment"": ""ERA5 temperature (ref 1991-2020) | max=29.0C | min=4.7C | range=24.3C | hot_days=0/yr | cold_days=0/yr | summer_mean=26.1C | source=copernicus_era5 | CMIP6_2050_ssp245=+1.4C | CMIP6_2080_ssp585=+3.5C"", ""nh12_quality"": ""medium""}"
adeb10a5-aaae-4e2c-b426-3db1c3d9bd5b,Hakan Enerji power station,TR,36.84343,35.886929,nuscale_voygr6,NH-12,,,,7.5,scored,aggregated(mean_of_sub_scores),,"{""extreme_temp_max_c"": 28.21, ""extreme_temp_min_c"": 7.19, ""natural_fetched_at"": ""2026-05-12T22:26:11.906427+03:00"", ""natural_run_id"": ""20260512T184804_724e6d22"", ""nh12_comment"": ""ERA5 temperature (ref 1991-2020) | max=28.2C | min=7.2C | range=21.0C | hot_days=0/yr | cold_days=0/yr | summer_mean=25.5C | source=copernicus_era5 | CMIP6_2050_ssp245=+1.3C | CMIP6_2080_ssp585=+3.7C"", ""nh12_quality"": ""medium""}"
82aac38c-3037-466c-9b37-bff9da707645,Hakan Kömür power station,TR,37.0333,35.8167,nuscale_voygr6,NH-12,,,,6.5,scored,aggregated(mean_of_sub_scores),,"{""extreme_temp_max_c"": 30.63, ""extreme_temp_min_c"": 4.97, ""natural_fetched_at"": ""2026-05-12T22:26:11.925436+03:00"", ""natural_run_id"": ""20260512T184804_724e6d22"", ""nh12_comment"": ""ERA5 temperature (ref 1991-2020) | max=30.6C | min=5.0C | range=25.7C | hot_days=0/yr | cold_days=0/yr | summer_mean=27.8C | source=copernicus_era5 | CMIP6_2050_ssp245=+1.3C | CMIP6_2080_ssp585=+3.7C"", ""nh12_quality"": ""medium""}"
e10aae79-05b7-4ad9-9d69-60ce190b4444,Hande power station,TR,36.780693,35.735779,nuscale_voygr6,NH-12,,,,6.5,scored,aggregated(mean_of_sub_scores),,"{""extreme_temp_max_c"": 29.27, ""extreme_temp_min_c"": 7.79, ""natural_fetched_at"": ""2026-05-12T22:26:11.944589+03:00"", ""natural_run_id"": ""20260512T184804_724e6d22"", ""nh12_comment"": ""ERA5 temperature (ref 1991-2020) | max=29.3C | min=7.8C | range=21.5C | hot_days=0/yr | cold_days=0/yr | summer_mean=26.6C | source=copernicus_era5 | CMIP6_2050_ssp245=+1.3C | CMIP6_2080_ssp585=+3.7C"", ""nh12_quality"": ""medium""}"
e0e73325-5b32-4fef-b925-f0bb91114450,Helvacı power station,TR,40.08,27.168,nuscale_voygr6,NH-12,,,,6.5,scored,aggregated(mean_of_sub_scores),,"{""extreme_temp_max_c"": 26.1, ""extreme_temp_min_c"": -0.11, ""natural_fetched_at"": ""2026-05-12T22:26:13.262777+03:00"", ""natural_run_id"": ""20260512T184804_724e6d22"", ""nh12_comment"": ""ERA5 temperature (ref 1991-2020) | max=26.1C | min=-0.1C | range=26.2C | hot_days=0/yr | cold_days=0/yr | summer_mean=22.6C | source=copernicus_era5 | CMIP6_2050_ssp245=+1.4C | CMIP6_2080_ssp585=+3.7C"", ""nh12_quality"": ""medium""}"
0947a4c8-4fc1-492f-9c66-2c9a993c7fb0,HEMA Amasra power station,TR,41.723,32.349,nuscale_voygr6,NH-12,,,,7.5,scored,aggregated(mean_of_sub_scores),,"{""extreme_temp_max_c"": 26.48, ""extreme_temp_min_c"": 3.09, ""natural_fetched_at"": ""2026-05-12T22:26:17.561815+03:00"", ""natural_run_id"": ""20260512T184804_724e6d22"", ""nh12_comment"": ""ERA5 temperature (ref 1991-2020) | max=26.5C | min=3.1C | range=23.4C | hot_days=0/yr | cold_days=0/yr | summer_mean=22.9C | source=copernicus_era5 | CMIP6_2050_ssp245=+1.0C | CMIP6_2080_ssp585=+3.3C"", ""nh12_quality"": ""medium""}"
cc635340-954c-4428-9fa1-14383c7faceb,İÇDAŞ Bekirli power station,TR,40.39953,27.04973,nuscale_voygr6,NH-12,,,,7.5,scored,aggregated(mean_of_sub_scores),,"{""extreme_temp_max_c"": 27.6, ""extreme_temp_min_c"": 2.77, ""natural_fetched_at"": ""2026-05-12T22:26:20.228437+03:00"", ""natural_run_id"": ""20260512T184804_724e6d22"", ""nh12_comment"": ""ERA5 temperature (ref 1991-2020) | max=27.6C | min=2.8C | range=24.8C | hot_days=0/yr | cold_days=0/yr | summer_mean=24.4C | source=copernicus_era5 | CMIP6_2050_ssp245=+1.4C | CMIP6_2080_ssp585=+3.7C"", ""nh12_quality"": ""medium""}"
746fc66e-d31f-4c5d-bf5c-ab5031b04b15,İÇDAŞ Biga power station,TR,40.4438,27.13067,nuscale_voygr6,NH-12,,,,7.5,scored,aggregated(mean_of_sub_scores),,"{""extreme_temp_max_c"": 26.98, ""extreme_temp_min_c"": 2.89, ""natural_fetched_at"": ""2026-05-12T22:26:20.246225+03:00"", ""natural_run_id"": ""20260512T184804_724e6d22"", ""nh12_comment"": ""ERA5 temperature (ref 1991-2020) | max=27.0C | min=2.9C | range=24.1C | hot_days=0/yr | cold_days=0/yr | summer_mean=23.9C | source=copernicus_era5 | CMIP6_2050_ssp245=+1.4C | CMIP6_2080_ssp585=+3.7C"", ""nh12_quality"": ""medium""}"
47c1271c-e2b2-42f5-99ee-f616bbef5b7e,Ilgın power station,TR,38.26,31.91,nuscale_voygr6,NH-12,,,,6.5,scored,aggregated(mean_of_sub_scores),,"{""extreme_temp_max_c"": 25.59, ""extreme_temp_min_c"": -6.38, ""natural_fetched_at"": ""2026-05-12T22:26:21.748918+03:00"", ""natural_run_id"": ""20260512T184804_724e6d22"", ""nh12_comment"": ""ERA5 temperature (ref 1991-2020) | max=25.6C | min=-6.4C | range=32.0C | hot_days=0/yr | cold_days=0/yr | summer_mean=21.6C | source=copernicus_era5 | CMIP6_2050_ssp245=+1.4C | CMIP6_2080_ssp585=+4.2C"", ""nh12_quality"": ""medium""}"
3819acc8-761d-49ba-89e7-967d3d37ec0e,Irmak power station,TR,39.79,26.3325,nuscale_voygr6,NH-12,,,,7.5,scored,aggregated(mean_of_sub_scores),,"{""extreme_temp_max_c"": 28.24, ""extreme_temp_min_c"": 3.38, ""natural_fetched_at"": ""2026-05-12T22:26:24.956831+03:00"", ""natural_run_id"": ""20260512T184804_724e6d22"", ""nh12_comment"": ""ERA5 temperature (ref 1991-2020) | max=28.2C | min=3.4C | range=24.9C | hot_days=0/yr | cold_days=0/yr | summer_mean=25.1C | source=copernicus_era5 | CMIP6_2050_ssp245=+1.4C | CMIP6_2080_ssp585=+3.7C"", ""nh12_quality"": ""medium""}"
6ddc2960-3d72-4d5f-b358-56d1c54f47e0,İsken Sugözü power station,TR,36.83502,35.879104,nuscale_voygr6,NH-12,,,,7.5,scored,aggregated(mean_of_sub_scores),,"{""extreme_temp_max_c"": 28.21, ""extreme_temp_min_c"": 7.19, ""natural_fetched_at"": ""2026-05-12T22:26:24.973048+03:00"", ""natural_run_id"": ""20260512T184804_724e6d22"", ""nh12_comment"": ""ERA5 temperature (ref 1991-2020) | max=28.2C | min=7.2C | range=21.0C | hot_days=0/yr | cold_days=0/yr | summer_mean=25.5C | source=copernicus_era5 | CMIP6_2050_ssp245=+1.3C | CMIP6_2080_ssp585=+3.7C"", ""nh12_quality"": ""medium""}"
1624a526-07d8-44a4-8ed7-3b035b748f03,İskenderun power station,TR,36.587,36.173,nuscale_voygr6,NH-12,,,,6.5,scored,aggregated(mean_of_sub_scores),,"{""extreme_temp_max_c"": 29.37, ""extreme_temp_min_c"": 4.06, ""natural_fetched_at"": ""2026-05-12T22:26:24.988544+03:00"", ""natural_run_id"": ""20260512T184804_724e6d22"", ""nh12_comment"": ""ERA5 temperature (ref 1991-2020) | max=29.4C | min=4.1C | range=25.3C | hot_days=0/yr | cold_days=0/yr | summer_mean=26.4C | source=copernicus_era5 | CMIP6_2050_ssp245=+1.3C | CMIP6_2080_ssp585=+3.7C"", ""nh12_quality"": ""medium""}"
d19ed873-b20a-43fd-b7e8-62e985c88820,İzdemir Enerji power station,TR,38.74173,26.92917,nuscale_voygr6,NH-12,,,,6.5,scored,aggregated(mean_of_sub_scores),,"{""extreme_temp_max_c"": 29.04, ""extreme_temp_min_c"": 4.73, ""natural_fetched_at"": ""2026-05-12T22:26:25.002330+03:00"", ""natural_run_id"": ""20260512T184804_724e6d22"", ""nh12_comment"": ""ERA5 temperature (ref 1991-2020) | max=29.0C | min=4.7C | range=24.3C | hot_days=0/yr | cold_days=0/yr | summer_mean=26.1C | source=copernicus_era5 | CMIP6_2050_ssp245=+1.4C | CMIP6_2080_ssp585=+3.5C"", ""nh12_quality"": ""medium""}"
56b8e2a3-1885-431f-9fd1-4cd3bebfad61,Iztek Ceyhan Komur power station,TR,37.0333,35.8167,nuscale_voygr6,NH-12,,,,6.5,scored,aggregated(mean_of_sub_scores),,"{""extreme_temp_max_c"": 30.63, ""extreme_temp_min_c"": 4.97, ""natural_fetched_at"": ""2026-05-12T22:26:25.015724+03:00"", ""natural_run_id"": ""20260512T184804_724e6d22"", ""nh12_comment"": ""ERA5 temperature (ref 1991-2020) | max=30.6C | min=5.0C | range=25.7C | hot_days=0/yr | cold_days=0/yr | summer_mean=27.8C | source=copernicus_era5 | CMIP6_2050_ssp245=+1.3C | CMIP6_2080_ssp585=+3.7C"", ""nh12_quality"": ""medium""}"
55cfe45b-6357-40f9-8623-e9916f91f839,Kahramanmaraş Anadolu power station,TR,38.350818,37.00706,nuscale_voygr6,NH-12,,,,4.5,scored,aggregated(mean_of_sub_scores),,"{""extreme_temp_max_c"": 26.14, ""extreme_temp_min_c"": -9.33, ""natural_fetched_at"": ""2026-05-12T22:26:26.738186+03:00"", ""natural_run_id"": ""20260512T184804_724e6d22"", ""nh12_comment"": ""ERA5 temperature (ref 1991-2020) | max=26.1C | min=-9.3C | range=35.5C | hot_days=0/yr | cold_days=0/yr | summer_mean=22.3C | source=copernicus_era5 | CMIP6_2050_ssp245=+1.3C | CMIP6_2080_ssp585=+4.1C"", ""nh12_quality"": ""medium""}"
ca423571-d2ab-44d4-b5ce-3e649d9cc776,Kandilli power station,TR,41.33935,31.51114,nuscale_voygr6,NH-12,,,,7.5,scored,aggregated(mean_of_sub_scores),,"{""extreme_temp_max_c"": 25.25, ""extreme_temp_min_c"": 1.52, ""natural_fetched_at"": ""2026-05-12T22:26:28.211826+03:00"", ""natural_run_id"": ""20260512T184804_724e6d22"", ""nh12_comment"": ""ERA5 temperature (ref 1991-2020) | max=25.2C | min=1.5C | range=23.7C | hot_days=0/yr | cold_days=0/yr | summer_mean=21.7C | source=copernicus_era5 | CMIP6_2050_ssp245=+1.0C | CMIP6_2080_ssp585=+3.3C"", ""nh12_quality"": ""medium""}"
bfadbe66-971d-4f64-b222-604a7ee6ac6b,Kangal Etyemez power station,TR,39.07743,37.29562,nuscale_voygr6,NH-12,,,,5.0,scored,aggregated(mean_of_sub_scores),,"{""extreme_temp_max_c"": 22.99, ""extreme_temp_min_c"": -12.29, ""natural_fetched_at"": ""2026-05-12T22:26:30.833585+03:00"", ""natural_run_id"": ""20260512T184804_724e6d22"", ""nh12_comment"": ""ERA5 temperature (ref 1991-2020) | max=23.0C | min=-12.3C | range=35.3C | hot_days=0/yr | cold_days=0/yr | summer_mean=18.5C | source=copernicus_era5 | CMIP6_2050_ssp245=+1.3C | CMIP6_2080_ssp585=+4.1C"", ""nh12_quality"": ""medium""}"
0248611c-b745-404f-ad50-c2870882c7a1,Kangal power station,TR,39.077483,37.294973,nuscale_voygr6,NH-12,,,,5.0,scored,aggregated(mean_of_sub_scores),,"{""extreme_temp_max_c"": 22.99, ""extreme_temp_min_c"": -12.29, ""natural_fetched_at"": ""2026-05-12T22:26:30.853458+03:00"", ""natural_run_id"": ""20260512T184804_724e6d22"", ""nh12_comment"": ""ERA5 temperature (ref 1991-2020) | max=23.0C | min=-12.3C | range=35.3C | hot_days=0/yr | cold_days=0/yr | summer_mean=18.5C | source=copernicus_era5 | CMIP6_2050_ssp245=+1.3C | CMIP6_2080_ssp585=+4.1C"", ""nh12_quality"": ""medium""}"
0fec985c-c66e-40af-a123-a9ba4db269bb,Karaburun power station,TR,40.446,27.287,nuscale_voygr6,NH-12,,,,7.5,scored,aggregated(mean_of_sub_scores),,"{""extreme_temp_max_c"": 26.98, ""extreme_temp_min_c"": 2.89, ""natural_fetched_at"": ""2026-05-12T22:26:30.870027+03:00"", ""natural_run_id"": ""20260512T184804_724e6d22"", ""nh12_comment"": ""ERA5 temperature (ref 1991-2020) | max=27.0C | min=2.9C | range=24.1C | hot_days=0/yr | cold_days=0/yr | summer_mean=23.9C | source=copernicus_era5 | CMIP6_2050_ssp245=+1.3C | CMIP6_2080_ssp585=+3.5C"", ""nh12_quality"": ""medium""}"
a6478cb9-5b8c-4d64-bbe6-3d3ed6a3da2c,Karapinar Konya Şeker power station,TR,37.716,33.554,nuscale_voygr6,NH-12,,,,5.5,scored,aggregated(mean_of_sub_scores),,"{""extreme_temp_max_c"": 27.82, ""extreme_temp_min_c"": -7.18, ""natural_fetched_at"": ""2026-05-12T22:26:36.398951+03:00"", ""natural_run_id"": ""20260512T184804_724e6d22"", ""nh12_comment"": ""ERA5 temperature (ref 1991-2020) | max=27.8C | min=-7.2C | range=35.0C | hot_days=0/yr | cold_days=0/yr | summer_mean=24.2C | source=copernicus_era5 | CMIP6_2050_ssp245=+1.4C | CMIP6_2080_ssp585=+4.1C"", ""nh12_quality"": ""medium""}"
8dd46a05-6e0c-4009-90ad-bd5909c25622,Kardemir Karabük Demir Çelik power station,TR,41.514274,31.909608,nuscale_voygr6,NH-12,,,,6.5,scored,aggregated(mean_of_sub_scores),,"{""extreme_temp_max_c"": 26.55, ""extreme_temp_min_c"": 1.37, ""natural_fetched_at"": ""2026-05-12T22:26:36.413986+03:00"", ""natural_run_id"": ""20260512T184804_724e6d22"", ""nh12_comment"": ""ERA5 temperature (ref 1991-2020) | max=26.5C | min=1.4C | range=25.2C | hot_days=0/yr | cold_days=0/yr | summer_mean=22.6C | source=copernicus_era5 | CMIP6_2050_ssp245=+1.0C | CMIP6_2080_ssp585=+3.3C"", ""nh12_quality"": ""medium""}"
8e7f6abf-e420-4f40-b9da-9ea76ccedfb1,Kemerköy power station,TR,37.035362,27.900592,nuscale_voygr6,NH-12,,,,7.5,scored,aggregated(mean_of_sub_scores),,"{""extreme_temp_max_c"": 27.75, ""extreme_temp_min_c"": 7.93, ""natural_fetched_at"": ""2026-05-12T22:26:37.200321+03:00"", ""natural_run_id"": ""20260512T184804_724e6d22"", ""nh12_comment"": ""ERA5 temperature (ref 1991-2020) | max=27.8C | min=7.9C | range=19.8C | hot_days=0/yr | cold_days=0/yr | summer_mean=25.3C | source=copernicus_era5 | CMIP6_2050_ssp245=+1.1C | CMIP6_2080_ssp585=+3.2C"", ""nh12_quality"": ""medium""}"
d21335d4-0a3d-4464-85e0-352745a38db4,Kilikya power station,TR,36.82786,35.87151,nuscale_voygr6,NH-12,,,,6.5,scored,aggregated(mean_of_sub_scores),,"{""extreme_temp_max_c"": 29.27, ""extreme_temp_min_c"": 7.79, ""natural_fetched_at"": ""2026-05-12T22:26:37.220643+03:00"", ""natural_run_id"": ""20260512T184804_724e6d22"", ""nh12_comment"": ""ERA5 temperature (ref 1991-2020) | max=29.3C | min=7.8C | range=21.5C | hot_days=0/yr | cold_days=0/yr | summer_mean=26.6C | source=copernicus_era5 | CMIP6_2050_ssp245=+1.3C | CMIP6_2080_ssp585=+3.7C"", ""nh12_quality"": ""medium""}"
cf918ba6-6226-479f-b04c-b3c67885c0ba,Kipas MMP power station,TR,37.767197,27.445695,nuscale_voygr6,NH-12,,,,6.5,scored,aggregated(mean_of_sub_scores),,"{""extreme_temp_max_c"": 30.59, ""extreme_temp_min_c"": 5.27, ""natural_fetched_at"": ""2026-05-12T22:26:40.145730+03:00"", ""natural_run_id"": ""20260512T184804_724e6d22"", ""nh12_comment"": ""ERA5 temperature (ref 1991-2020) | max=30.6C | min=5.3C | range=25.3C | hot_days=0/yr | cold_days=0/yr | summer_mean=27.6C | source=copernicus_era5 | CMIP6_2050_ssp245=+1.4C | CMIP6_2080_ssp585=+3.8C"", ""nh12_quality"": ""medium""}"
d020ac37-4f23-41b1-8f1e-b425b5769424,Kirazlıdere power complex,TR,40.38227,26.99455,nuscale_voygr6,NH-12,,,,7.5,scored,aggregated(mean_of_sub_scores),,"{""extreme_temp_max_c"": 27.6, ""extreme_temp_min_c"": 2.77, ""natural_fetched_at"": ""2026-05-12T22:26:42.447217+03:00"", ""natural_run_id"": ""20260512T184804_724e6d22"", ""nh12_comment"": ""ERA5 temperature (ref 1991-2020) | max=27.6C | min=2.8C | range=24.8C | hot_days=0/yr | cold_days=0/yr | summer_mean=24.4C | source=copernicus_era5 | CMIP6_2050_ssp245=+1.4C | CMIP6_2080_ssp585=+3.7C"", ""nh12_quality"": ""medium""}"
76cd9b7f-7613-4fd4-95ab-bf534a2e2f5e,Kireçlik power station,TR,41.368944,31.587836,nuscale_voygr6,NH-12,,,,7.5,scored,aggregated(mean_of_sub_scores),,"{""extreme_temp_max_c"": 25.25, ""extreme_temp_min_c"": 1.52, ""natural_fetched_at"": ""2026-05-12T22:26:46.198640+03:00"", ""natural_run_id"": ""20260512T184804_724e6d22"", ""nh12_comment"": ""ERA5 temperature (ref 1991-2020) | max=25.2C | min=1.5C | range=23.7C | hot_days=0/yr | cold_days=0/yr | summer_mean=21.7C | source=copernicus_era5 | CMIP6_2050_ssp245=+1.0C | CMIP6_2080_ssp585=+3.3C"", ""nh12_quality"": ""medium""}"
7defe42d-669b-489f-aff5-d1b83436607d,Kınık power station,TR,39.084,27.45,nuscale_voygr6,NH-12,,,,7.5,scored,aggregated(mean_of_sub_scores),,"{""extreme_temp_max_c"": 28.51, ""extreme_temp_min_c"": 2.29, ""natural_fetched_at"": ""2026-05-12T22:26:49.382563+03:00"", ""natural_run_id"": ""20260512T184804_724e6d22"", ""nh12_comment"": ""ERA5 temperature (ref 1991-2020) | max=28.5C | min=2.3C | range=26.2C | hot_days=0/yr | cold_days=0/yr | summer_mean=25.0C | source=copernicus_era5 | CMIP6_2050_ssp245=+1.4C | CMIP6_2080_ssp585=+3.8C"", ""nh12_quality"": ""medium""}"
5b6be56c-d981-470c-a979-13a8764a34b8,Kıvanç power station,TR,36.34,33.4,nuscale_voygr6,NH-12,,,,7.5,scored,aggregated(mean_of_sub_scores),,"{""extreme_temp_max_c"": 28.92, ""extreme_temp_min_c"": 3.95, ""natural_fetched_at"": ""2026-05-12T22:26:52.712221+03:00"", ""natural_run_id"": ""20260512T184804_724e6d22"", ""nh12_comment"": ""ERA5 temperature (ref 1991-2020) | max=28.9C | min=4.0C | range=25.0C | hot_days=0/yr | cold_days=0/yr | summer_mean=26.0C | source=copernicus_era5 | CMIP6_2050_ssp245=+1.4C | CMIP6_2080_ssp585=+3.7C"", ""nh12_quality"": ""medium""}"
ad0c8590-c672-43f2-a813-1217a10f7d2d,Konya Karapınar power station,TR,37.614187,33.591193,nuscale_voygr6,NH-12,,,,5.5,scored,aggregated(mean_of_sub_scores),,"{""extreme_temp_max_c"": 28.42, ""extreme_temp_min_c"": -6.31, ""natural_fetched_at"": ""2026-05-12T22:26:54.951513+03:00"", ""natural_run_id"": ""20260512T184804_724e6d22"", ""nh12_comment"": ""ERA5 temperature (ref 1991-2020) | max=28.4C | min=-6.3C | range=34.7C | hot_days=0/yr | cold_days=0/yr | summer_mean=25.1C | source=copernicus_era5 | CMIP6_2050_ssp245=+1.4C | CMIP6_2080_ssp585=+4.1C"", ""nh12_quality"": ""medium""}"
2a3aad60-2bff-4206-8275-f6e2029f9278,Kütahya Domaniç power station,TR,39.8,29.61,nuscale_voygr6,NH-12,,,,7.5,scored,aggregated(mean_of_sub_scores),,"{""extreme_temp_max_c"": 24.81, ""extreme_temp_min_c"": -3.96, ""natural_fetched_at"": ""2026-05-12T22:26:58.203550+03:00"", ""natural_run_id"": ""20260512T184804_724e6d22"", ""nh12_comment"": ""ERA5 temperature (ref 1991-2020) | max=24.8C | min=-4.0C | range=28.8C | hot_days=0/yr | cold_days=0/yr | summer_mean=20.4C | source=copernicus_era5 | CMIP6_2050_ssp245=+1.2C | CMIP6_2080_ssp585=+3.7C"", ""nh12_quality"": ""medium""}"
bac4a081-83dc-4aba-8076-b67bfc55f54c,Lüminer Enerji power station,TR,40.892,26.901,nuscale_voygr6,NH-12,,,,6.5,scored,aggregated(mean_of_sub_scores),,"{""extreme_temp_max_c"": 28.67, ""extreme_temp_min_c"": 0.42, ""natural_fetched_at"": ""2026-05-12T22:26:59.781148+03:00"", ""natural_run_id"": ""20260512T184804_724e6d22"", ""nh12_comment"": ""ERA5 temperature (ref 1991-2020) | max=28.7C | min=0.4C | range=28.3C | hot_days=0/yr | cold_days=0/yr | summer_mean=24.5C | source=copernicus_era5 | CMIP6_2050_ssp245=+1.4C | CMIP6_2080_ssp585=+3.7C"", ""nh12_quality"": ""medium""}"
c8e1cc12-080a-4e01-925d-8fd6e4334856,Meda power station,TR,40.972709,27.876831,nuscale_voygr6,NH-12,,,,7.5,scored,aggregated(mean_of_sub_scores),,"{""extreme_temp_max_c"": 26.84, ""extreme_temp_min_c"": 2.8, ""natural_fetched_at"": ""2026-05-12T22:27:00.072523+03:00"", ""natural_run_id"": ""20260512T184804_724e6d22"", ""nh12_comment"": ""ERA5 temperature (ref 1991-2020) | max=26.8C | min=2.8C | range=24.0C | hot_days=0/yr | cold_days=0/yr | summer_mean=23.7C | source=copernicus_era5 | CMIP6_2050_ssp245=+1.3C | CMIP6_2080_ssp585=+3.5C"", ""nh12_quality"": ""medium""}"
1820429d-bd95-4e56-a6db-d9bb57e2ae07,Mersin Gülnar power station,TR,36.33,33.4,nuscale_voygr6,NH-12,,,,7.5,scored,aggregated(mean_of_sub_scores),,"{""extreme_temp_max_c"": 28.92, ""extreme_temp_min_c"": 3.95, ""natural_fetched_at"": ""2026-05-12T22:27:00.088758+03:00"", ""natural_run_id"": ""20260512T184804_724e6d22"", ""nh12_comment"": ""ERA5 temperature (ref 1991-2020) | max=28.9C | min=4.0C | range=25.0C | hot_days=0/yr | cold_days=0/yr | summer_mean=26.0C | source=copernicus_era5 | CMIP6_2050_ssp245=+1.4C | CMIP6_2080_ssp585=+3.7C"", ""nh12_quality"": ""medium""}"
42d5b3fd-7d07-409b-9154-4441695b7901,Mert power station,TR,36.953333,36.203333,nuscale_voygr6,NH-12,,,,6.5,scored,aggregated(mean_of_sub_scores),,"{""extreme_temp_max_c"": 28.64, ""extreme_temp_min_c"": 1.76, ""natural_fetched_at"": ""2026-05-12T22:27:00.103272+03:00"", ""natural_run_id"": ""20260512T184804_724e6d22"", ""nh12_comment"": ""ERA5 temperature (ref 1991-2020) | max=28.6C | min=1.8C | range=26.9C | hot_days=0/yr | cold_days=0/yr | summer_mean=25.2C | source=copernicus_era5 | CMIP6_2050_ssp245=+1.3C | CMIP6_2080_ssp585=+3.7C"", ""nh12_quality"": ""medium""}"
166f5fcc-1cc4-4cf5-9e52-59e7ce1557c6,METES power station,TR,36.24,33.75,nuscale_voygr6,NH-12,,,,6.5,scored,aggregated(mean_of_sub_scores),,"{""extreme_temp_max_c"": 29.16, ""extreme_temp_min_c"": 4.79, ""natural_fetched_at"": ""2026-05-12T22:27:00.115964+03:00"", ""natural_run_id"": ""20260512T184804_724e6d22"", ""nh12_comment"": ""ERA5 temperature (ref 1991-2020) | max=29.2C | min=4.8C | range=24.4C | hot_days=0/yr | cold_days=0/yr | summer_mean=26.2C | source=copernicus_era5 | CMIP6_2050_ssp245=+1.4C | CMIP6_2080_ssp585=+3.7C"", ""nh12_quality"": ""medium""}"
b588126a-42d6-49dc-b227-9283af5a2578,Misis Adana power station,TR,36.843,35.86,nuscale_voygr6,NH-12,,,,6.5,scored,aggregated(mean_of_sub_scores),,"{""extreme_temp_max_c"": 29.27, ""extreme_temp_min_c"": 7.79, ""natural_fetched_at"": ""2026-05-12T22:27:00.130272+03:00"", ""natural_run_id"": ""20260512T184804_724e6d22"", ""nh12_comment"": ""ERA5 temperature (ref 1991-2020) | max=29.3C | min=7.8C | range=21.5C | hot_days=0/yr | cold_days=0/yr | summer_mean=26.6C | source=copernicus_era5 | CMIP6_2050_ssp245=+1.3C | CMIP6_2080_ssp585=+3.7C"", ""nh12_quality"": ""medium""}"
0049a899-af5f-41cd-86ae-2ba729b6365f,Muğla power station,TR,37.15,27.805,nuscale_voygr6,NH-12,,,,6.5,scored,aggregated(mean_of_sub_scores),,"{""extreme_temp_max_c"": 30.62, ""extreme_temp_min_c"": 6.02, ""natural_fetched_at"": ""2026-05-12T22:27:01.678223+03:00"", ""natural_run_id"": ""20260512T184804_724e6d22"", ""nh12_comment"": ""ERA5 temperature (ref 1991-2020) | max=30.6C | min=6.0C | range=24.6C | hot_days=0/yr | cold_days=0/yr | summer_mean=27.5C | source=copernicus_era5 | CMIP6_2050_ssp245=+1.1C | CMIP6_2080_ssp585=+3.2C"", ""nh12_quality"": ""medium""}"
5ed91c1b-0a1b-4a4c-9b2b-f6bdc8ff9770,Namal power station,TR,40.343889,26.683611,nuscale_voygr6,NH-12,,,,6.5,scored,aggregated(mean_of_sub_scores),,"{""extreme_temp_max_c"": 27.44, ""extreme_temp_min_c"": 1.59, ""natural_fetched_at"": ""2026-05-12T22:27:01.694761+03:00"", ""natural_run_id"": ""20260512T184804_724e6d22"", ""nh12_comment"": ""ERA5 temperature (ref 1991-2020) | max=27.4C | min=1.6C | range=25.9C | hot_days=0/yr | cold_days=0/yr | summer_mean=24.1C | source=copernicus_era5 | CMIP6_2050_ssp245=+1.4C | CMIP6_2080_ssp585=+3.7C"", ""nh12_quality"": ""medium""}"
21ccc44f-3244-4e7f-9654-eae424288200,Naren Karabiga power station,TR,40.458066,27.254994,nuscale_voygr6,NH-12,,,,7.5,scored,aggregated(mean_of_sub_scores),,"{""extreme_temp_max_c"": 26.98, ""extreme_temp_min_c"": 2.89, ""natural_fetched_at"": ""2026-05-12T22:27:01.706676+03:00"", ""natural_run_id"": ""20260512T184804_724e6d22"", ""nh12_comment"": ""ERA5 temperature (ref 1991-2020) | max=27.0C | min=2.9C | range=24.1C | hot_days=0/yr | cold_days=0/yr | summer_mean=23.9C | source=copernicus_era5 | CMIP6_2050_ssp245=+1.3C | CMIP6_2080_ssp585=+3.5C"", ""nh12_quality"": ""medium""}"
80b922cb-9e78-49aa-9d28-1dc84b1affef,Orhaneli power station,TR,39.950224,28.870214,nuscale_voygr6,NH-12,,,,7.5,scored,aggregated(mean_of_sub_scores),,"{""extreme_temp_max_c"": 25.09, ""extreme_temp_min_c"": -1.49, ""natural_fetched_at"": ""2026-05-12T22:27:03.270245+03:00"", ""natural_run_id"": ""20260512T184804_724e6d22"", ""nh12_comment"": ""ERA5 temperature (ref 1991-2020) | max=25.1C | min=-1.5C | range=26.6C | hot_days=0/yr | cold_days=0/yr | summer_mean=21.5C | source=copernicus_era5 | CMIP6_2050_ssp245=+1.3C | CMIP6_2080_ssp585=+3.5C"", ""nh12_quality"": ""medium""}"
f2e65fcf-afc4-4443-ac14-f15c8ffe48f3,Orta Anadolu power station,TR,40.623886,33.112751,nuscale_voygr6,NH-12,,,,6.5,scored,aggregated(mean_of_sub_scores),,"{""extreme_temp_max_c"": 23.9, ""extreme_temp_min_c"": -6.44, ""natural_fetched_at"": ""2026-05-12T22:27:03.286392+03:00"", ""natural_run_id"": ""20260512T184804_724e6d22"", ""nh12_comment"": ""ERA5 temperature (ref 1991-2020) | max=23.9C | min=-6.4C | range=30.3C | hot_days=0/yr | cold_days=0/yr | summer_mean=19.1C | source=copernicus_era5 | CMIP6_2050_ssp245=+1.2C | CMIP6_2080_ssp585=+3.7C"", ""nh12_quality"": ""medium""}"
86996d34-c6e5-4097-ac28-ad2e5467f783,Petkim power station,TR,38.795,26.970278,nuscale_voygr6,NH-12,,,,6.5,scored,aggregated(mean_of_sub_scores),,"{""extreme_temp_max_c"": 29.04, ""extreme_temp_min_c"": 4.73, ""natural_fetched_at"": ""2026-05-12T22:27:03.299216+03:00"", ""natural_run_id"": ""20260512T184804_724e6d22"", ""nh12_comment"": ""ERA5 temperature (ref 1991-2020) | max=29.0C | min=4.7C | range=24.3C | hot_days=0/yr | cold_days=0/yr | summer_mean=26.1C | source=copernicus_era5 | CMIP6_2050_ssp245=+1.4C | CMIP6_2080_ssp585=+3.5C"", ""nh12_quality"": ""medium""}"
231565d3-4f56-43ee-a357-1f4451c6fbc3,Polat power station,TR,39.616008,29.442904,nuscale_voygr6,NH-12,,,,7.5,scored,aggregated(mean_of_sub_scores),,"{""extreme_temp_max_c"": 25.53, ""extreme_temp_min_c"": -3.82, ""natural_fetched_at"": ""2026-05-12T22:27:05.902496+03:00"", ""natural_run_id"": ""20260512T184804_724e6d22"", ""nh12_comment"": ""ERA5 temperature (ref 1991-2020) | max=25.5C | min=-3.8C | range=29.4C | hot_days=0/yr | cold_days=0/yr | summer_mean=21.0C | source=copernicus_era5 | CMIP6_2050_ssp245=+1.2C | CMIP6_2080_ssp585=+3.7C"", ""nh12_quality"": ""medium""}"
2ed9363f-a9fe-46e5-8b92-c50b47a9077a,Saltukova power station,TR,41.519,32.094,nuscale_voygr6,NH-12,,,,6.5,scored,aggregated(mean_of_sub_scores),,"{""extreme_temp_max_c"": 26.55, ""extreme_temp_min_c"": 1.37, ""natural_fetched_at"": ""2026-05-12T22:27:05.916565+03:00"", ""natural_run_id"": ""20260512T184804_724e6d22"", ""nh12_comment"": ""ERA5 temperature (ref 1991-2020) | max=26.5C | min=1.4C | range=25.2C | hot_days=0/yr | cold_days=0/yr | summer_mean=22.6C | source=copernicus_era5 | CMIP6_2050_ssp245=+1.0C | CMIP6_2080_ssp585=+3.3C"", ""nh12_quality"": ""medium""}"
c13aeeb7-05e5-4f00-9b4b-654e73e5150d,Sanko Gölbaşı power station,TR,37.819719,37.718512,nuscale_voygr6,NH-12,,,,4.5,scored,aggregated(mean_of_sub_scores),,"{""extreme_temp_max_c"": 30.31, ""extreme_temp_min_c"": -5.54, ""natural_fetched_at"": ""2026-05-12T22:27:09.268890+03:00"", ""natural_run_id"": ""20260512T184804_724e6d22"", ""nh12_comment"": ""ERA5 temperature (ref 1991-2020) | max=30.3C | min=-5.5C | range=35.8C | hot_days=0/yr | cold_days=0/yr | summer_mean=26.5C | source=copernicus_era5 | CMIP6_2050_ssp245=+1.3C | CMIP6_2080_ssp585=+4.1C"", ""nh12_quality"": ""medium""}"
3e5f4317-6f40-44fb-bfa2-e21dc4d9922d,Sanko Yumurtalık power station,TR,36.876,35.894,nuscale_voygr6,NH-12,,,,6.5,scored,aggregated(mean_of_sub_scores),,"{""extreme_temp_max_c"": 29.86, ""extreme_temp_min_c"": 5.69, ""natural_fetched_at"": ""2026-05-12T22:27:09.286447+03:00"", ""natural_run_id"": ""20260512T184804_724e6d22"", ""nh12_comment"": ""ERA5 temperature (ref 1991-2020) | max=29.9C | min=5.7C | range=24.2C | hot_days=0/yr | cold_days=0/yr | summer_mean=27.2C | source=copernicus_era5 | CMIP6_2050_ssp245=+1.3C | CMIP6_2080_ssp585=+3.7C"", ""nh12_quality"": ""medium""}"
db87ce6a-3802-44c5-945f-8a95d3cf111b,Saray Tekirdağ power station,TR,41.445,27.921,nuscale_voygr6,NH-12,,,,6.5,scored,aggregated(mean_of_sub_scores),,"{""extreme_temp_max_c"": 26.08, ""extreme_temp_min_c"": 1.1, ""natural_fetched_at"": ""2026-05-12T22:27:11.290602+03:00"", ""natural_run_id"": ""20260512T184804_724e6d22"", ""nh12_comment"": ""ERA5 temperature (ref 1991-2020) | max=26.1C | min=1.1C | range=25.0C | hot_days=0/yr | cold_days=0/yr | summer_mean=22.7C | source=copernicus_era5 | CMIP6_2050_ssp245=+1.2C | CMIP6_2080_ssp585=+3.4C"", ""nh12_quality"": ""medium""}"
d1863136-5ff4-4b4d-a9c0-6219e92d637d,Sarp Golvasi power station,TR,37.368333,35.706111,nuscale_voygr6,NH-12,,,,6.5,scored,aggregated(mean_of_sub_scores),,"{""extreme_temp_max_c"": 31.18, ""extreme_temp_min_c"": 2.87, ""natural_fetched_at"": ""2026-05-12T22:27:14.593966+03:00"", ""natural_run_id"": ""20260512T184804_724e6d22"", ""nh12_comment"": ""ERA5 temperature (ref 1991-2020) | max=31.2C | min=2.9C | range=28.3C | hot_days=0/yr | cold_days=0/yr | summer_mean=27.8C | source=copernicus_era5 | CMIP6_2050_ssp245=+1.3C | CMIP6_2080_ssp585=+4.0C"", ""nh12_quality"": ""medium""}"
b5ff798e-e059-4d8b-a903-00a1fefc62ab,Sedef II TES power station,TR,36.843,35.86,nuscale_voygr6,NH-12,,,,6.5,scored,aggregated(mean_of_sub_scores),,"{""extreme_temp_max_c"": 29.27, ""extreme_temp_min_c"": 7.79, ""natural_fetched_at"": ""2026-05-12T22:27:14.611071+03:00"", ""natural_run_id"": ""20260512T184804_724e6d22"", ""nh12_comment"": ""ERA5 temperature (ref 1991-2020) | max=29.3C | min=7.8C | range=21.5C | hot_days=0/yr | cold_days=0/yr | summer_mean=26.6C | source=copernicus_era5 | CMIP6_2050_ssp245=+1.3C | CMIP6_2080_ssp585=+3.7C"", ""nh12_quality"": ""medium""}"
3a06636d-c742-4b72-b9cd-21a4537c331b,Selena power station,TR,36.921472,36.04753,nuscale_voygr6,NH-12,,,,6.5,scored,aggregated(mean_of_sub_scores),,"{""extreme_temp_max_c"": 29.86, ""extreme_temp_min_c"": 5.69, ""natural_fetched_at"": ""2026-05-12T22:27:14.625457+03:00"", ""natural_run_id"": ""20260512T184804_724e6d22"", ""nh12_comment"": ""ERA5 temperature (ref 1991-2020) | max=29.9C | min=5.7C | range=24.2C | hot_days=0/yr | cold_days=0/yr | summer_mean=27.2C | source=copernicus_era5 | CMIP6_2050_ssp245=+1.3C | CMIP6_2080_ssp585=+3.7C"", ""nh12_quality"": ""medium""}"
0ca4ff78-4113-4ad9-ac04-0fd541d42338,Şevketiye Lapseki power station,TR,40.395,26.792,nuscale_voygr6,NH-12,,,,7.5,scored,aggregated(mean_of_sub_scores),,"{""extreme_temp_max_c"": 27.33, ""extreme_temp_min_c"": 2.73, ""natural_fetched_at"": ""2026-05-12T22:27:14.639697+03:00"", ""natural_run_id"": ""20260512T184804_724e6d22"", ""nh12_comment"": ""ERA5 temperature (ref 1991-2020) | max=27.3C | min=2.7C | range=24.6C | hot_days=0/yr | cold_days=0/yr | summer_mean=24.0C | source=copernicus_era5 | CMIP6_2050_ssp245=+1.4C | CMIP6_2080_ssp585=+3.7C"", ""nh12_quality"": ""medium""}"
94a5c55f-c499-41b1-81da-deaa36686399,Seyitömer power station,TR,39.572967,29.88164,nuscale_voygr6,NH-12,,,,6.5,scored,aggregated(mean_of_sub_scores),,"{""extreme_temp_max_c"": 24.56, ""extreme_temp_min_c"": -4.95, ""natural_fetched_at"": ""2026-05-12T22:27:16.001599+03:00"", ""natural_run_id"": ""20260512T184804_724e6d22"", ""nh12_comment"": ""ERA5 temperature (ref 1991-2020) | max=24.6C | min=-5.0C | range=29.5C | hot_days=0/yr | cold_days=0/yr | summer_mean=19.8C | source=copernicus_era5 | CMIP6_2050_ssp245=+1.2C | CMIP6_2080_ssp585=+3.7C"", ""nh12_quality"": ""medium""}"
e05ff795-8984-4170-9874-5355b70985b1,Silopi (Şırnak) power station,TR,37.352619,42.552728,nuscale_voygr6,NH-12,,,,4.5,scored,aggregated(mean_of_sub_scores),,"{""extreme_temp_max_c"": 33.32, ""extreme_temp_min_c"": -1.2, ""natural_fetched_at"": ""2026-05-12T22:27:18.496350+03:00"", ""natural_run_id"": ""20260512T184804_724e6d22"", ""nh12_comment"": ""ERA5 temperature (ref 1991-2020) | max=33.3C | min=-1.2C | range=34.5C | hot_days=0/yr | cold_days=0/yr | summer_mean=30.1C | source=copernicus_era5 | CMIP6_2050_ssp245=+1.5C | CMIP6_2080_ssp585=+4.3C"", ""nh12_quality"": ""medium""}"
e03c394f-1c08-4101-b1fe-f6662fe4b424,Sinop Akfen power station,TR,41.953,34.83,nuscale_voygr6,NH-12,,,,7.5,scored,aggregated(mean_of_sub_scores),,"{""extreme_temp_max_c"": 26.52, ""extreme_temp_min_c"": 2.2, ""natural_fetched_at"": ""2026-05-12T22:27:21.575636+03:00"", ""natural_run_id"": ""20260512T184804_724e6d22"", ""nh12_comment"": ""ERA5 temperature (ref 1991-2020) | max=26.5C | min=2.2C | range=24.3C | hot_days=0/yr | cold_days=0/yr | summer_mean=22.6C | source=copernicus_era5 | CMIP6_2050_ssp245=+0.9C | CMIP6_2080_ssp585=+3.1C"", ""nh12_quality"": ""medium""}"
cf9150af-0325-44d8-bbaf-493e742f2e2b,Şırnak Galata power station,TR,37.468,42.391,nuscale_voygr6,NH-12,,,,4.5,scored,aggregated(mean_of_sub_scores),,"{""extreme_temp_max_c"": 30.03, ""extreme_temp_min_c"": -6.16, ""natural_fetched_at"": ""2026-05-12T22:27:23.974592+03:00"", ""natural_run_id"": ""20260512T184804_724e6d22"", ""nh12_comment"": ""ERA5 temperature (ref 1991-2020) | max=30.0C | min=-6.2C | range=36.2C | hot_days=0/yr | cold_days=0/yr | summer_mean=26.4C | source=copernicus_era5 | CMIP6_2050_ssp245=+1.5C | CMIP6_2080_ssp585=+4.3C"", ""nh12_quality"": ""medium""}"
98019711-a8c3-424a-870e-00d4fea75ed1,Şırnak Silopi (CİNER) power station,TR,37.310025,42.594696,nuscale_voygr6,NH-12,,,,4.5,scored,aggregated(mean_of_sub_scores),,"{""extreme_temp_max_c"": 33.32, ""extreme_temp_min_c"": -1.2, ""natural_fetched_at"": ""2026-05-12T22:27:27.276356+03:00"", ""natural_run_id"": ""20260512T184804_724e6d22"", ""nh12_comment"": ""ERA5 temperature (ref 1991-2020) | max=33.3C | min=-1.2C | range=34.5C | hot_days=0/yr | cold_days=0/yr | summer_mean=30.1C | source=copernicus_era5 | CMIP6_2050_ssp245=+1.5C | CMIP6_2080_ssp585=+4.3C"", ""nh12_quality"": ""medium""}"
9a6447f2-2887-4cce-a115-dc773d7f6eb1,Soma Kolin power station,TR,39.316608,27.748899,nuscale_voygr6,NH-12,,,,6.5,scored,aggregated(mean_of_sub_scores),,"{""extreme_temp_max_c"": 27.22, ""extreme_temp_min_c"": 1.64, ""natural_fetched_at"": ""2026-05-12T22:27:30.493610+03:00"", ""natural_run_id"": ""20260512T184804_724e6d22"", ""nh12_comment"": ""ERA5 temperature (ref 1991-2020) | max=27.2C | min=1.6C | range=25.6C | hot_days=0/yr | cold_days=0/yr | summer_mean=23.7C | source=copernicus_era5 | CMIP6_2050_ssp245=+1.3C | CMIP6_2080_ssp585=+3.5C"", ""nh12_quality"": ""medium""}"
4ca3c560-6d90-4bcf-b131-4e39b6b4f0de,Soma power station,TR,39.194462,27.635204,nuscale_voygr6,NH-12,,,,6.5,scored,aggregated(mean_of_sub_scores),,"{""extreme_temp_max_c"": 27.22, ""extreme_temp_min_c"": 1.64, ""natural_fetched_at"": ""2026-05-12T22:27:30.510042+03:00"", ""natural_run_id"": ""20260512T184804_724e6d22"", ""nh12_comment"": ""ERA5 temperature (ref 1991-2020) | max=27.2C | min=1.6C | range=25.6C | hot_days=0/yr | cold_days=0/yr | summer_mean=23.7C | source=copernicus_era5 | CMIP6_2050_ssp245=+1.3C | CMIP6_2080_ssp585=+3.5C"", ""nh12_quality"": ""medium""}"
021d1717-149a-4a32-af7b-5955ff593e45,Star Refinery Socar power station,TR,38.817,26.9103,nuscale_voygr6,NH-12,,,,6.5,scored,aggregated(mean_of_sub_scores),,"{""extreme_temp_max_c"": 29.04, ""extreme_temp_min_c"": 4.73, ""natural_fetched_at"": ""2026-05-12T22:27:30.523829+03:00"", ""natural_run_id"": ""20260512T184804_724e6d22"", ""nh12_comment"": ""ERA5 temperature (ref 1991-2020) | max=29.0C | min=4.7C | range=24.3C | hot_days=0/yr | cold_days=0/yr | summer_mean=26.1C | source=copernicus_era5 | CMIP6_2050_ssp245=+1.4C | CMIP6_2080_ssp585=+3.5C"", ""nh12_quality"": ""medium""}"
96129c93-83a6-4b1c-929b-bfccba86a796,Suluova power station,TR,40.859186,35.651886,nuscale_voygr6,NH-12,,,,6.5,scored,aggregated(mean_of_sub_scores),,"{""extreme_temp_max_c"": 24.48, ""extreme_temp_min_c"": -4.57, ""natural_fetched_at"": ""2026-05-12T22:27:30.537065+03:00"", ""natural_run_id"": ""20260512T184804_724e6d22"", ""nh12_comment"": ""ERA5 temperature (ref 1991-2020) | max=24.5C | min=-4.6C | range=29.0C | hot_days=0/yr | cold_days=0/yr | summer_mean=20.8C | source=copernicus_era5 | CMIP6_2050_ssp245=+1.1C | CMIP6_2080_ssp585=+3.6C"", ""nh12_quality"": ""medium""}"
0ada7b2a-f928-4c21-b082-4c7345094245,Tekirdağ Malkara power station,TR,40.638726,27.004295,nuscale_voygr6,NH-12,,,,6.5,scored,aggregated(mean_of_sub_scores),,"{""extreme_temp_max_c"": 27.98, ""extreme_temp_min_c"": 1.85, ""natural_fetched_at"": ""2026-05-12T22:27:38.539559+03:00"", ""natural_run_id"": ""20260512T184804_724e6d22"", ""nh12_comment"": ""ERA5 temperature (ref 1991-2020) | max=28.0C | min=1.9C | range=26.1C | hot_days=0/yr | cold_days=0/yr | summer_mean=24.4C | source=copernicus_era5 | CMIP6_2050_ssp245=+1.4C | CMIP6_2080_ssp585=+3.7C"", ""nh12_quality"": ""medium""}"
43f99d45-6635-4392-a522-4a06445fdaf2,Teyo Tufanbeyli power station,TR,38.2299,36.2481,nuscale_voygr6,NH-12,,,,6.5,scored,aggregated(mean_of_sub_scores),,"{""extreme_temp_max_c"": 22.84, ""extreme_temp_min_c"": -11.3, ""natural_fetched_at"": ""2026-05-12T22:27:41.491353+03:00"", ""natural_run_id"": ""20260512T184804_724e6d22"", ""nh12_comment"": ""ERA5 temperature (ref 1991-2020) | max=22.8C | min=-11.3C | range=34.1C | hot_days=0/yr | cold_days=0/yr | summer_mean=18.8C | source=copernicus_era5 | CMIP6_2050_ssp245=+1.3C | CMIP6_2080_ssp585=+4.0C"", ""nh12_quality"": ""medium""}"
44362378-9c74-44af-8a08-be4877f50e97,Tosyalı İskenderun power station,TR,36.6971,36.2042,nuscale_voygr6,NH-12,,,,7.5,scored,aggregated(mean_of_sub_scores),,"{""extreme_temp_max_c"": 27.84, ""extreme_temp_min_c"": 2.99, ""natural_fetched_at"": ""2026-05-12T22:27:41.507287+03:00"", ""natural_run_id"": ""20260512T184804_724e6d22"", ""nh12_comment"": ""ERA5 temperature (ref 1991-2020) | max=27.8C | min=3.0C | range=24.8C | hot_days=0/yr | cold_days=0/yr | summer_mean=24.7C | source=copernicus_era5 | CMIP6_2050_ssp245=+1.3C | CMIP6_2080_ssp585=+3.7C"", ""nh12_quality"": ""medium""}"
9eb693f6-6994-4937-bc4d-e8213baa5d47,Trakya Emba power station,TR,41.948092,28.04148,nuscale_voygr6,NH-12,,,,6.5,scored,aggregated(mean_of_sub_scores),,"{""extreme_temp_max_c"": 26.01, ""extreme_temp_min_c"": 1.18, ""natural_fetched_at"": ""2026-05-12T22:27:41.825359+03:00"", ""natural_run_id"": ""20260512T184804_724e6d22"", ""nh12_comment"": ""ERA5 temperature (ref 1991-2020) | max=26.0C | min=1.2C | range=24.8C | hot_days=0/yr | cold_days=0/yr | summer_mean=22.6C | source=copernicus_era5 | CMIP6_2050_ssp245=+1.2C | CMIP6_2080_ssp585=+3.4C"", ""nh12_quality"": ""medium""}"
6c9571c4-5d3b-4f88-a7be-fa8c21425eeb,Tufanbeyli power station,TR,38.18562,36.26994,nuscale_voygr6,NH-12,,,,6.5,scored,aggregated(mean_of_sub_scores),,"{""extreme_temp_max_c"": 22.84, ""extreme_temp_min_c"": -11.3, ""natural_fetched_at"": ""2026-05-12T22:27:41.841561+03:00"", ""natural_run_id"": ""20260512T184804_724e6d22"", ""nh12_comment"": ""ERA5 temperature (ref 1991-2020) | max=22.8C | min=-11.3C | range=34.1C | hot_days=0/yr | cold_days=0/yr | summer_mean=18.8C | source=copernicus_era5 | CMIP6_2050_ssp245=+1.3C | CMIP6_2080_ssp585=+4.0C"", ""nh12_quality"": ""medium""}"
2ec95392-978d-4a43-85b9-af3282c212ba,Tunçbilek power station,TR,39.619778,29.465881,nuscale_voygr6,NH-12,,,,7.5,scored,aggregated(mean_of_sub_scores),,"{""extreme_temp_max_c"": 25.53, ""extreme_temp_min_c"": -3.82, ""natural_fetched_at"": ""2026-05-12T22:27:41.856732+03:00"", ""natural_run_id"": ""20260512T184804_724e6d22"", ""nh12_comment"": ""ERA5 temperature (ref 1991-2020) | max=25.5C | min=-3.8C | range=29.4C | hot_days=0/yr | cold_days=0/yr | summer_mean=21.0C | source=copernicus_era5 | CMIP6_2050_ssp245=+1.2C | CMIP6_2080_ssp585=+3.7C"", ""nh12_quality"": ""medium""}"
ddc8bb9c-bf77-4075-b38c-600fb072acf8,Uluköy power station,TR,38.199984,30.27055,nuscale_voygr6,NH-12,,,,7.5,scored,aggregated(mean_of_sub_scores),,"{""extreme_temp_max_c"": 25.7, ""extreme_temp_min_c"": -3.57, ""natural_fetched_at"": ""2026-05-12T22:27:43.644840+03:00"", ""natural_run_id"": ""20260512T184804_724e6d22"", ""nh12_comment"": ""ERA5 temperature (ref 1991-2020) | max=25.7C | min=-3.6C | range=29.3C | hot_days=0/yr | cold_days=0/yr | summer_mean=21.4C | source=copernicus_era5 | CMIP6_2050_ssp245=+1.4C | CMIP6_2080_ssp585=+4.1C"", ""nh12_quality"": ""medium""}"
d3f986d9-a023-4d43-a0fb-03361f310873,Umut power station,TR,41.133,37.156,nuscale_voygr6,NH-12,,,,7.5,scored,aggregated(mean_of_sub_scores),,"{""extreme_temp_max_c"": 26.45, ""extreme_temp_min_c"": 3.71, ""natural_fetched_at"": ""2026-05-12T22:27:45.277690+03:00"", ""natural_run_id"": ""20260512T184804_724e6d22"", ""nh12_comment"": ""ERA5 temperature (ref 1991-2020) | max=26.4C | min=3.7C | range=22.7C | hot_days=0/yr | cold_days=0/yr | summer_mean=22.9C | source=copernicus_era5 | CMIP6_2050_ssp245=+0.8C | CMIP6_2080_ssp585=+3.1C"", ""nh12_quality"": ""medium""}"
381221dd-76da-4adf-9b19-5da9f0779c22,Vize power station,TR,41.572996,27.811652,nuscale_voygr6,NH-12,,,,6.5,scored,aggregated(mean_of_sub_scores),,"{""extreme_temp_max_c"": 26.64, ""extreme_temp_min_c"": 0.26, ""natural_fetched_at"": ""2026-05-12T22:27:48.179171+03:00"", ""natural_run_id"": ""20260512T184804_724e6d22"", ""nh12_comment"": ""ERA5 temperature (ref 1991-2020) | max=26.6C | min=0.3C | range=26.4C | hot_days=0/yr | cold_days=0/yr | summer_mean=22.9C | source=copernicus_era5 | CMIP6_2050_ssp245=+1.2C | CMIP6_2080_ssp585=+3.4C"", ""nh12_quality"": ""medium""}"
fd4f7f8c-0d23-450d-9ea0-1b8e52e9a8af,Yatağan power station,TR,37.330905,28.102377,nuscale_voygr6,NH-12,,,,6.5,scored,aggregated(mean_of_sub_scores),,"{""extreme_temp_max_c"": 30.04, ""extreme_temp_min_c"": 3.85, ""natural_fetched_at"": ""2026-05-12T22:27:48.196185+03:00"", ""natural_run_id"": ""20260512T184804_724e6d22"", ""nh12_comment"": ""ERA5 temperature (ref 1991-2020) | max=30.0C | min=3.9C | range=26.2C | hot_days=0/yr | cold_days=0/yr | summer_mean=26.6C | source=copernicus_era5 | CMIP6_2050_ssp245=+1.4C | CMIP6_2080_ssp585=+3.8C"", ""nh12_quality"": ""medium""}"
52028d4f-7796-4463-832e-cff2e439c96a,Yenidere power station,TR,37.458403,28.674831,nuscale_voygr6,NH-12,,,,6.5,scored,aggregated(mean_of_sub_scores),,"{""extreme_temp_max_c"": 28.26, ""extreme_temp_min_c"": 1.41, ""natural_fetched_at"": ""2026-05-12T22:27:51.252415+03:00"", ""natural_run_id"": ""20260512T184804_724e6d22"", ""nh12_comment"": ""ERA5 temperature (ref 1991-2020) | max=28.3C | min=1.4C | range=26.9C | hot_days=0/yr | cold_days=0/yr | summer_mean=24.9C | source=copernicus_era5 | CMIP6_2050_ssp245=+1.4C | CMIP6_2080_ssp585=+3.8C"", ""nh12_quality"": ""medium""}"
737b6d06-1d0c-4ae6-9683-ab3fea192b32,Yeniköy power station,TR,37.14019,27.87154,nuscale_voygr6,NH-12,,,,6.5,scored,aggregated(mean_of_sub_scores),,"{""extreme_temp_max_c"": 30.62, ""extreme_temp_min_c"": 6.02, ""natural_fetched_at"": ""2026-05-12T22:27:52.743671+03:00"", ""natural_run_id"": ""20260512T184804_724e6d22"", ""nh12_comment"": ""ERA5 temperature (ref 1991-2020) | max=30.6C | min=6.0C | range=24.6C | hot_days=0/yr | cold_days=0/yr | summer_mean=27.5C | source=copernicus_era5 | CMIP6_2050_ssp245=+1.1C | CMIP6_2080_ssp585=+3.2C"", ""nh12_quality"": ""medium""}"
e8b6e342-2011-4343-b415-a8bf08501499,Yeniyurt power station,TR,36.886,36.151,nuscale_voygr6,NH-12,,,,6.5,scored,aggregated(mean_of_sub_scores),,"{""extreme_temp_max_c"": 28.64, ""extreme_temp_min_c"": 1.76, ""natural_fetched_at"": ""2026-05-12T22:27:52.760269+03:00"", ""natural_run_id"": ""20260512T184804_724e6d22"", ""nh12_comment"": ""ERA5 temperature (ref 1991-2020) | max=28.6C | min=1.8C | range=26.9C | hot_days=0/yr | cold_days=0/yr | summer_mean=25.2C | source=copernicus_era5 | CMIP6_2050_ssp245=+1.3C | CMIP6_2080_ssp585=+3.7C"", ""nh12_quality"": ""medium""}"
d6cb5642-d5ec-4a15-bc6b-8be4cb0a382e,Yeşilovacık power station,TR,36.200611,33.663742,nuscale_voygr6,NH-12,,,,6.5,scored,aggregated(mean_of_sub_scores),,"{""extreme_temp_max_c"": 29.16, ""extreme_temp_min_c"": 4.79, ""natural_fetched_at"": ""2026-05-12T22:27:52.774986+03:00"", ""natural_run_id"": ""20260512T184804_724e6d22"", ""nh12_comment"": ""ERA5 temperature (ref 1991-2020) | max=29.2C | min=4.8C | range=24.4C | hot_days=0/yr | cold_days=0/yr | summer_mean=26.2C | source=copernicus_era5 | CMIP6_2050_ssp245=+1.4C | CMIP6_2080_ssp585=+3.7C"", ""nh12_quality"": ""medium""}"
225656d9-8709-4c2f-9992-1e4f20a6fce8,Yıldırım Elazığ power station,TR,38.662,39.772,nuscale_voygr6,NH-12,,,,3.5,scored,aggregated(mean_of_sub_scores),,"{""extreme_temp_max_c"": 29.99, ""extreme_temp_min_c"": -8.29, ""natural_fetched_at"": ""2026-05-12T22:27:57.767755+03:00"", ""natural_run_id"": ""20260512T184804_724e6d22"", ""nh12_comment"": ""ERA5 temperature (ref 1991-2020) | max=30.0C | min=-8.3C | range=38.3C | hot_days=0/yr | cold_days=0/yr | summer_mean=25.8C | source=copernicus_era5 | CMIP6_2050_ssp245=+1.3C | CMIP6_2080_ssp585=+4.1C"", ""nh12_quality"": ""medium""}"
57c0c830-725f-46ee-9322-0a4a3ad9efda,Yüksek Gölovası power station,TR,37.368333,35.706111,nuscale_voygr6,NH-12,,,,6.5,scored,aggregated(mean_of_sub_scores),,"{""extreme_temp_max_c"": 31.18, ""extreme_temp_min_c"": 2.87, ""natural_fetched_at"": ""2026-05-12T22:27:57.784345+03:00"", ""natural_run_id"": ""20260512T184804_724e6d22"", ""nh12_comment"": ""ERA5 temperature (ref 1991-2020) | max=31.2C | min=2.9C | range=28.3C | hot_days=0/yr | cold_days=0/yr | summer_mean=27.8C | source=copernicus_era5 | CMIP6_2050_ssp245=+1.3C | CMIP6_2080_ssp585=+4.0C"", ""nh12_quality"": ""medium""}"
91f28dbb-16bd-449b-a20a-dc2b70cf2e66,Yumurtalık IC İçtaş power station,TR,36.77,35.79,nuscale_voygr6,NH-12,,,,6.5,scored,aggregated(mean_of_sub_scores),,"{""extreme_temp_max_c"": 29.27, ""extreme_temp_min_c"": 7.79, ""natural_fetched_at"": ""2026-05-12T22:27:57.798074+03:00"", ""natural_run_id"": ""20260512T184804_724e6d22"", ""nh12_comment"": ""ERA5 temperature (ref 1991-2020) | max=29.3C | min=7.8C | range=21.5C | hot_days=0/yr | cold_days=0/yr | summer_mean=26.6C | source=copernicus_era5 | CMIP6_2050_ssp245=+1.3C | CMIP6_2080_ssp585=+3.7C"", ""nh12_quality"": ""medium""}"
48149515-0774-404d-b273-790b660a8d90,Yunus Emre power station,TR,39.984309,31.635639,nuscale_voygr6,NH-12,,,,6.5,scored,aggregated(mean_of_sub_scores),,"{""extreme_temp_max_c"": 28.57, ""extreme_temp_min_c"": -2.13, ""natural_fetched_at"": ""2026-05-12T22:28:07.019380+03:00"", ""natural_run_id"": ""20260512T184804_724e6d22"", ""nh12_comment"": ""ERA5 temperature (ref 1991-2020) | max=28.6C | min=-2.1C | range=30.7C | hot_days=0/yr | cold_days=0/yr | summer_mean=24.7C | source=copernicus_era5 | CMIP6_2050_ssp245=+1.2C | CMIP6_2080_ssp585=+3.7C"", ""nh12_quality"": ""medium""}"
772e2484-419b-47de-9739-924ac371ad10,Zafer power station,TR,41.604444,32.511111,nuscale_voygr6,NH-12,,,,7.5,scored,aggregated(mean_of_sub_scores),,"{""extreme_temp_max_c"": 25.33, ""extreme_temp_min_c"": -1.95, ""natural_fetched_at"": ""2026-05-12T22:28:07.035402+03:00"", ""natural_run_id"": ""20260512T184804_724e6d22"", ""nh12_comment"": ""ERA5 temperature (ref 1991-2020) | max=25.3C | min=-1.9C | range=27.3C | hot_days=0/yr | cold_days=0/yr | summer_mean=21.0C | source=copernicus_era5 | CMIP6_2050_ssp245=+1.0C | CMIP6_2080_ssp585=+3.3C"", ""nh12_quality"": ""medium""}"
1f305180-6bbf-4758-9a98-78bc9e96e195,ZETES power stations,TR,41.507471,31.894912,nuscale_voygr6,NH-12,,,,6.5,scored,aggregated(mean_of_sub_scores),,"{""extreme_temp_max_c"": 26.55, ""extreme_temp_min_c"": 1.37, ""natural_fetched_at"": ""2026-05-12T22:28:07.049872+03:00"", ""natural_run_id"": ""20260512T184804_724e6d22"", ""nh12_comment"": ""ERA5 temperature (ref 1991-2020) | max=26.5C | min=1.4C | range=25.2C | hot_days=0/yr | cold_days=0/yr | summer_mean=22.6C | source=copernicus_era5 | CMIP6_2050_ssp245=+1.0C | CMIP6_2080_ssp585=+3.3C"", ""nh12_quality"": ""medium""}"
fa6b7ac3-c1bf-478f-8d0a-1f357ea480cf,Zonguldak Modern power station,TR,41.498,31.868,nuscale_voygr6,NH-12,,,,8.5,scored,aggregated(mean_of_sub_scores),,"{""extreme_temp_max_c"": 25.85, ""extreme_temp_min_c"": 2.92, ""natural_fetched_at"": ""2026-05-12T22:28:07.064727+03:00"", ""natural_run_id"": ""20260512T184804_724e6d22"", ""nh12_comment"": ""ERA5 temperature (ref 1991-2020) | max=25.9C | min=2.9C | range=22.9C | hot_days=0/yr | cold_days=0/yr | summer_mean=22.2C | source=copernicus_era5 | CMIP6_2050_ssp245=+1.0C | CMIP6_2080_ssp585=+3.3C"", ""nh12_quality"": ""medium""}"
7cc9cffa-e4e4-4546-902d-c8f4800dbdb2,Zorlu Akçakoca power station,TR,41.087,31.12,nuscale_voygr6,NH-12,,,,7.5,scored,aggregated(mean_of_sub_scores),,"{""extreme_temp_max_c"": 25.28, ""extreme_temp_min_c"": 0.81, ""natural_fetched_at"": ""2026-05-12T22:28:08.273161+03:00"", ""natural_run_id"": ""20260512T184804_724e6d22"", ""nh12_comment"": ""ERA5 temperature (ref 1991-2020) | max=25.3C | min=0.8C | range=24.5C | hot_days=0/yr | cold_days=0/yr | summer_mean=21.6C | source=copernicus_era5 | CMIP6_2050_ssp245=+1.0C | CMIP6_2080_ssp585=+3.3C"", ""nh12_quality"": ""medium""}"
61b7e396-5c25-4591-9da1-eb54475f1805,Zorlu Soma power station,TR,39.186,27.608,nuscale_voygr6,NH-12,,,,6.5,scored,aggregated(mean_of_sub_scores),,"{""extreme_temp_max_c"": 27.29, ""extreme_temp_min_c"": 1.64, ""natural_fetched_at"": ""2026-05-12T22:28:08.288190+03:00"", ""natural_run_id"": ""20260512T184804_724e6d22"", ""nh12_comment"": ""ERA5 temperature (ref 1991-2020) | max=27.3C | min=1.6C | range=25.6C | hot_days=0/yr | cold_days=0/yr | summer_mean=23.8C | source=copernicus_era5 | CMIP6_2050_ssp245=+1.3C | CMIP6_2080_ssp585=+3.5C"", ""nh12_quality"": ""medium""}"
c47eb6a3-49c1-4879-95b6-9bcd53b7af04,Burshtyn power station,UA,49.210383,24.666536,nuscale_voygr6,NH-12,,,,6.5,scored,aggregated(mean_of_sub_scores),,"{""extreme_temp_max_c"": 22.07, ""extreme_temp_min_c"": -9.01, ""natural_fetched_at"": ""2026-05-12T22:28:13.141784+03:00"", ""natural_run_id"": ""20260512T184804_724e6d22"", ""nh12_comment"": ""ERA5 temperature (ref 1991-2020) | max=22.1C | min=-9.0C | range=31.1C | hot_days=0/yr | cold_days=0/yr | summer_mean=18.8C | source=copernicus_era5 | CMIP6_2050_ssp245=+1.4C | CMIP6_2080_ssp585=+4.0C"", ""nh12_quality"": ""medium""}"
95872473-c476-4ceb-bcf5-54cfdf415e42,Cherkasy power station,UA,49.390543,32.067372,nuscale_voygr6,NH-12,,,,5.5,scored,aggregated(mean_of_sub_scores),,"{""extreme_temp_max_c"": 25.5, ""extreme_temp_min_c"": -9.94, ""natural_fetched_at"": ""2026-05-12T22:28:47.904454+03:00"", ""natural_run_id"": ""20260512T184804_724e6d22"", ""nh12_comment"": ""ERA5 temperature (ref 1991-2020) | max=25.5C | min=-9.9C | range=35.4C | hot_days=0/yr | cold_days=0/yr | summer_mean=21.1C | source=copernicus_era5 | CMIP6_2050_ssp245=+1.6C | CMIP6_2080_ssp585=+4.5C"", ""nh12_quality"": ""medium""}"
e4c6a713-99e6-4fdf-afaa-d456779c504c,Chernihiv power station,UA,51.45496,31.260173,nuscale_voygr6,NH-12,,,,5.5,scored,aggregated(mean_of_sub_scores),,"{""extreme_temp_max_c"": 24.33, ""extreme_temp_min_c"": -11.71, ""natural_fetched_at"": ""2026-05-12T22:28:52.852555+03:00"", ""natural_run_id"": ""20260512T184804_724e6d22"", ""nh12_comment"": ""ERA5 temperature (ref 1991-2020) | max=24.3C | min=-11.7C | range=36.0C | hot_days=0/yr | cold_days=0/yr | summer_mean=19.4C | source=copernicus_era5 | CMIP6_2050_ssp245=+1.7C | CMIP6_2080_ssp585=+4.5C"", ""nh12_quality"": ""medium""}"
038d42e9-769b-4b22-9513-dccff48b42cd,Darnytska power station,UA,50.447771,30.642949,nuscale_voygr6,NH-12,,,,5.5,scored,aggregated(mean_of_sub_scores),,"{""extreme_temp_max_c"": 24.48, ""extreme_temp_min_c"": -10.75, ""natural_fetched_at"": ""2026-05-12T22:28:56.198402+03:00"", ""natural_run_id"": ""20260512T184804_724e6d22"", ""nh12_comment"": ""ERA5 temperature (ref 1991-2020) | max=24.5C | min=-10.7C | range=35.2C | hot_days=0/yr | cold_days=0/yr | summer_mean=20.1C | source=copernicus_era5 | CMIP6_2050_ssp245=+1.6C | CMIP6_2080_ssp585=+4.5C"", ""nh12_quality"": ""medium""}"
5ed0a674-a292-44bc-997f-5c1990da1235,Dobrotvir power station,UA,50.214293,24.374654,nuscale_voygr6,NH-12,,,,6.5,scored,aggregated(mean_of_sub_scores),,"{""extreme_temp_max_c"": 22.47, ""extreme_temp_min_c"": -8.67, ""natural_fetched_at"": ""2026-05-12T22:29:00.007987+03:00"", ""natural_run_id"": ""20260512T184804_724e6d22"", ""nh12_comment"": ""ERA5 temperature (ref 1991-2020) | max=22.5C | min=-8.7C | range=31.1C | hot_days=0/yr | cold_days=0/yr | summer_mean=19.0C | source=copernicus_era5 | CMIP6_2050_ssp245=+1.4C | CMIP6_2080_ssp585=+4.0C"", ""nh12_quality"": ""medium""}"
fb7d4d9a-3f27-4b50-9941-6a8fccd25e9a,Kalush power station,UA,49.07049,24.318522,nuscale_voygr6,NH-12,,,,6.5,scored,aggregated(mean_of_sub_scores),,"{""extreme_temp_max_c"": 20.84, ""extreme_temp_min_c"": -8.73, ""natural_fetched_at"": ""2026-05-12T22:29:28.796870+03:00"", ""natural_run_id"": ""20260512T184804_724e6d22"", ""nh12_comment"": ""ERA5 temperature (ref 1991-2020) | max=20.8C | min=-8.7C | range=29.6C | hot_days=0/yr | cold_days=0/yr | summer_mean=18.2C | source=copernicus_era5 | CMIP6_2050_ssp245=+1.4C | CMIP6_2080_ssp585=+4.0C"", ""nh12_quality"": ""medium""}"
d3b9e403-7744-44c5-b5c3-999c4c1911d8,Kramatorskaya power station,UA,48.747705,37.572339,nuscale_voygr6,NH-12,,,,5.5,scored,aggregated(mean_of_sub_scores),,"{""extreme_temp_max_c"": 25.93, ""extreme_temp_min_c"": -10.32, ""natural_fetched_at"": ""2026-05-12T22:30:05.787113+03:00"", ""natural_run_id"": ""20260512T184804_724e6d22"", ""nh12_comment"": ""ERA5 temperature (ref 1991-2020) | max=25.9C | min=-10.3C | range=36.3C | hot_days=0/yr | cold_days=0/yr | summer_mean=21.4C | source=copernicus_era5 | CMIP6_2050_ssp245=+1.5C | CMIP6_2080_ssp585=+4.5C"", ""nh12_quality"": ""medium""}"
83fede8b-5f92-429d-920d-9a8928a74780,Kryvorizka power station,UA,47.543204,33.659513,nuscale_voygr6,NH-12,,,,4.5,scored,aggregated(mean_of_sub_scores),,"{""extreme_temp_max_c"": 26.62, ""extreme_temp_min_c"": -8.51, ""natural_fetched_at"": ""2026-05-12T22:30:10.683343+03:00"", ""natural_run_id"": ""20260512T184804_724e6d22"", ""nh12_comment"": ""ERA5 temperature (ref 1991-2020) | max=26.6C | min=-8.5C | range=35.1C | hot_days=0/yr | cold_days=0/yr | summer_mean=22.5C | source=copernicus_era5 | CMIP6_2050_ssp245=+1.5C | CMIP6_2080_ssp585=+4.3C"", ""nh12_quality"": ""medium""}"
46b96bc3-b190-4045-9c86-eb674e2ea35e,Kurakhov power station,UA,47.994514,37.237077,nuscale_voygr6,NH-12,,,,4.5,scored,aggregated(mean_of_sub_scores),,"{""extreme_temp_max_c"": 26.09, ""extreme_temp_min_c"": -9.93, ""natural_fetched_at"": ""2026-05-12T22:30:14.906018+03:00"", ""natural_run_id"": ""20260512T184804_724e6d22"", ""nh12_comment"": ""ERA5 temperature (ref 1991-2020) | max=26.1C | min=-9.9C | range=36.0C | hot_days=0/yr | cold_days=0/yr | summer_mean=21.6C | source=copernicus_era5 | CMIP6_2050_ssp245=+1.4C | CMIP6_2080_ssp585=+4.3C"", ""nh12_quality"": ""medium""}"
cec871bd-c7f6-4444-b0da-9b3a9ecc6963,Ladyzhyn power station,UA,48.705825,29.218668,nuscale_voygr6,NH-12,,,,5.5,scored,aggregated(mean_of_sub_scores),,"{""extreme_temp_max_c"": 23.66, ""extreme_temp_min_c"": -9.66, ""natural_fetched_at"": ""2026-05-12T22:30:18.250601+03:00"", ""natural_run_id"": ""20260512T184804_724e6d22"", ""nh12_comment"": ""ERA5 temperature (ref 1991-2020) | max=23.7C | min=-9.7C | range=33.3C | hot_days=0/yr | cold_days=0/yr | summer_mean=20.1C | source=copernicus_era5 | CMIP6_2050_ssp245=+1.6C | CMIP6_2080_ssp585=+4.5C"", ""nh12_quality"": ""medium""}"
4e45df00-0d28-44d0-9697-3fa33d76fc88,Luganskaya power station,UA,48.749346,39.261917,nuscale_voygr6,NH-12,,,,4.5,scored,aggregated(mean_of_sub_scores),,"{""extreme_temp_max_c"": 26.14, ""extreme_temp_min_c"": -10.86, ""natural_fetched_at"": ""2026-05-12T22:30:21.701174+03:00"", ""natural_run_id"": ""20260512T184804_724e6d22"", ""nh12_comment"": ""ERA5 temperature (ref 1991-2020) | max=26.1C | min=-10.9C | range=37.0C | hot_days=0/yr | cold_days=0/yr | summer_mean=22.1C | source=copernicus_era5 | CMIP6_2050_ssp245=+1.4C | CMIP6_2080_ssp585=+4.5C"", ""nh12_quality"": ""medium""}"
3bd2a957-ff3b-4bfd-9dba-808279edccb9,Myronivskyi power station,UA,48.479778,38.284834,nuscale_voygr6,NH-12,,,,5.5,scored,aggregated(mean_of_sub_scores),,"{""extreme_temp_max_c"": 25.45, ""extreme_temp_min_c"": -10.45, ""natural_fetched_at"": ""2026-05-12T22:30:27.388093+03:00"", ""natural_run_id"": ""20260512T184804_724e6d22"", ""nh12_comment"": ""ERA5 temperature (ref 1991-2020) | max=25.5C | min=-10.5C | range=35.9C | hot_days=0/yr | cold_days=0/yr | summer_mean=21.1C | source=copernicus_era5 | CMIP6_2050_ssp245=+1.4C | CMIP6_2080_ssp585=+4.3C"", ""nh12_quality"": ""medium""}"
02253fcc-4fc6-42d4-a6a8-42365487302f,Prydniprovska power station,UA,48.405291,35.111749,nuscale_voygr6,NH-12,,,,4.5,scored,aggregated(mean_of_sub_scores),,"{""extreme_temp_max_c"": 26.18, ""extreme_temp_min_c"": -9.63, ""natural_fetched_at"": ""2026-05-12T22:30:29.403703+03:00"", ""natural_run_id"": ""20260512T184804_724e6d22"", ""nh12_comment"": ""ERA5 temperature (ref 1991-2020) | max=26.2C | min=-9.6C | range=35.8C | hot_days=0/yr | cold_days=0/yr | summer_mean=21.7C | source=copernicus_era5 | CMIP6_2050_ssp245=+1.4C | CMIP6_2080_ssp585=+4.3C"", ""nh12_quality"": ""medium""}"
70781f2c-24c2-486c-8b32-310c36ba1238,Slavyansk power station,UA,48.870681,37.765621,nuscale_voygr6,NH-12,,,,5.5,scored,aggregated(mean_of_sub_scores),,"{""extreme_temp_max_c"": 25.9, ""extreme_temp_min_c"": -10.44, ""natural_fetched_at"": ""2026-05-12T22:30:29.427047+03:00"", ""natural_run_id"": ""20260512T184804_724e6d22"", ""nh12_comment"": ""ERA5 temperature (ref 1991-2020) | max=25.9C | min=-10.4C | range=36.3C | hot_days=0/yr | cold_days=0/yr | summer_mean=21.5C | source=copernicus_era5 | CMIP6_2050_ssp245=+1.5C | CMIP6_2080_ssp585=+4.5C"", ""nh12_quality"": ""medium""}"
447a9ea1-47fa-48a3-93f2-a77cbd629ac7,Starobesheve power station,UA,47.800786,38.005422,nuscale_voygr6,NH-12,,,,4.5,scored,aggregated(mean_of_sub_scores),,"{""extreme_temp_max_c"": 26.0, ""extreme_temp_min_c"": -10.09, ""natural_fetched_at"": ""2026-05-12T22:30:34.197923+03:00"", ""natural_run_id"": ""20260512T184804_724e6d22"", ""nh12_comment"": ""ERA5 temperature (ref 1991-2020) | max=26.0C | min=-10.1C | range=36.1C | hot_days=0/yr | cold_days=0/yr | summer_mean=21.8C | source=copernicus_era5 | CMIP6_2050_ssp245=+1.4C | CMIP6_2080_ssp585=+4.3C"", ""nh12_quality"": ""medium""}"
cdb6adfb-52ff-4631-939a-001080b20450,Trypilska power station,UA,50.133377,30.74667,nuscale_voygr6,NH-12,,,,5.5,scored,aggregated(mean_of_sub_scores),,"{""extreme_temp_max_c"": 24.17, ""extreme_temp_min_c"": -10.54, ""natural_fetched_at"": ""2026-05-12T22:30:35.184108+03:00"", ""natural_run_id"": ""20260512T184804_724e6d22"", ""nh12_comment"": ""ERA5 temperature (ref 1991-2020) | max=24.2C | min=-10.5C | range=34.7C | hot_days=0/yr | cold_days=0/yr | summer_mean=20.1C | source=copernicus_era5 | CMIP6_2050_ssp245=+1.6C | CMIP6_2080_ssp585=+4.5C"", ""nh12_quality"": ""medium""}"
3657989a-61ae-4fe3-9e8b-6ba7e68f8c59,Vuglegirska power station,UA,48.464745,38.20266,nuscale_voygr6,NH-12,,,,5.5,scored,aggregated(mean_of_sub_scores),,"{""extreme_temp_max_c"": 25.45, ""extreme_temp_min_c"": -10.45, ""natural_fetched_at"": ""2026-05-12T22:30:35.200334+03:00"", ""natural_run_id"": ""20260512T184804_724e6d22"", ""nh12_comment"": ""ERA5 temperature (ref 1991-2020) | max=25.5C | min=-10.5C | range=35.9C | hot_days=0/yr | cold_days=0/yr | summer_mean=21.1C | source=copernicus_era5 | CMIP6_2050_ssp245=+1.4C | CMIP6_2080_ssp585=+4.3C"", ""nh12_quality"": ""medium""}"
725406d6-860f-4ca0-9c6a-425675bac381,Zaporizhia power station,UA,47.507238,34.625478,nuscale_voygr6,NH-12,,,,4.5,scored,aggregated(mean_of_sub_scores),,"{""extreme_temp_max_c"": 26.45, ""extreme_temp_min_c"": -8.29, ""natural_fetched_at"": ""2026-05-12T22:30:36.673223+03:00"", ""natural_run_id"": ""20260512T184804_724e6d22"", ""nh12_comment"": ""ERA5 temperature (ref 1991-2020) | max=26.5C | min=-8.3C | range=34.7C | hot_days=0/yr | cold_days=0/yr | summer_mean=22.5C | source=copernicus_era5 | CMIP6_2050_ssp245=+1.5C | CMIP6_2080_ssp585=+4.3C"", ""nh12_quality"": ""medium""}"
29b3a802-7ef1-4722-ad59-b1511b1b0075,Zmiivska power station,UA,49.586013,36.523875,nuscale_voygr6,NH-12,,,,5.5,scored,aggregated(mean_of_sub_scores),,"{""extreme_temp_max_c"": 25.84, ""extreme_temp_min_c"": -10.82, ""natural_fetched_at"": ""2026-05-12T22:30:40.288155+03:00"", ""natural_run_id"": ""20260512T184804_724e6d22"", ""nh12_comment"": ""ERA5 temperature (ref 1991-2020) | max=25.8C | min=-10.8C | range=36.7C | hot_days=0/yr | cold_days=0/yr | summer_mean=21.0C | source=copernicus_era5 | CMIP6_2050_ssp245=+1.6C | CMIP6_2080_ssp585=+4.5C"", ""nh12_quality"": ""medium""}"
f2c061de-66ad-4fce-b911-7f1899f25b75,Zuevskaya power station,UA,48.034804,38.285213,nuscale_voygr6,NH-12,,,,5.5,scored,aggregated(mean_of_sub_scores),,"{""extreme_temp_max_c"": 25.9, ""extreme_temp_min_c"": -10.18, ""natural_fetched_at"": ""2026-05-12T22:30:43.303572+03:00"", ""natural_run_id"": ""20260512T184804_724e6d22"", ""nh12_comment"": ""ERA5 temperature (ref 1991-2020) | max=25.9C | min=-10.2C | range=36.1C | hot_days=0/yr | cold_days=0/yr | summer_mean=21.7C | source=copernicus_era5 | CMIP6_2050_ssp245=+1.4C | CMIP6_2080_ssp585=+4.3C"", ""nh12_quality"": ""medium""}"
d9f32912-81f1-4b1c-a2b1-f04298217cec,Istok power station,XK,42.783333,20.483333,nuscale_voygr6,NH-12,,,,6.5,scored,aggregated(mean_of_sub_scores),,"{""extreme_temp_max_c"": 23.88, ""extreme_temp_min_c"": -5.62, ""natural_fetched_at"": ""2026-05-12T22:30:46.669638+03:00"", ""natural_run_id"": ""20260512T184804_724e6d22"", ""nh12_comment"": ""ERA5 temperature (ref 1991-2020) | max=23.9C | min=-5.6C | range=29.5C | hot_days=0/yr | cold_days=0/yr | summer_mean=19.5C | source=copernicus_era5 | CMIP6_2050_ssp245=+1.7C | CMIP6_2080_ssp585=+4.3C"", ""nh12_quality"": ""medium""}"
28be296b-6ef5-4c7e-a604-3af01af45d17,Kosovo A power station,XK,42.676454,21.085922,nuscale_voygr6,NH-12,,,,6.5,scored,aggregated(mean_of_sub_scores),,"{""extreme_temp_max_c"": 25.71, ""extreme_temp_min_c"": -5.36, ""natural_fetched_at"": ""2026-05-12T22:30:52.978160+03:00"", ""natural_run_id"": ""20260512T184804_724e6d22"", ""nh12_comment"": ""ERA5 temperature (ref 1991-2020) | max=25.7C | min=-5.4C | range=31.1C | hot_days=0/yr | cold_days=0/yr | summer_mean=21.1C | source=copernicus_era5 | CMIP6_2050_ssp245=+1.7C | CMIP6_2080_ssp585=+4.3C"", ""nh12_quality"": ""medium""}"
76eba99c-dade-46dc-9130-478e43aa6202,Kosovo B power station,XK,42.69312,21.056002,nuscale_voygr6,NH-12,,,,6.5,scored,aggregated(mean_of_sub_scores),,"{""extreme_temp_max_c"": 25.71, ""extreme_temp_min_c"": -5.36, ""natural_fetched_at"": ""2026-05-12T22:30:52.994094+03:00"", ""natural_run_id"": ""20260512T184804_724e6d22"", ""nh12_comment"": ""ERA5 temperature (ref 1991-2020) | max=25.7C | min=-5.4C | range=31.1C | hot_days=0/yr | cold_days=0/yr | summer_mean=21.1C | source=copernicus_era5 | CMIP6_2050_ssp245=+1.7C | CMIP6_2080_ssp585=+4.3C"", ""nh12_quality"": ""medium""}"
d28fa85d-4f6c-4b26-a585-cb0bed226ecb,Kosovo C power station,XK,42.666667,21.166667,nuscale_voygr6,NH-12,,,,6.5,scored,aggregated(mean_of_sub_scores),,"{""extreme_temp_max_c"": 25.27, ""extreme_temp_min_c"": -6.08, ""natural_fetched_at"": ""2026-05-12T22:30:53.008827+03:00"", ""natural_run_id"": ""20260512T184804_724e6d22"", ""nh12_comment"": ""ERA5 temperature (ref 1991-2020) | max=25.3C | min=-6.1C | range=31.4C | hot_days=0/yr | cold_days=0/yr | summer_mean=20.9C | source=copernicus_era5 | CMIP6_2050_ssp245=+1.7C | CMIP6_2080_ssp585=+4.3C"", ""nh12_quality"": ""medium""}"
