country_code,smr_key,weight_profile,scenario_family,site_id,baseline_national_rank,scenario_national_rank,rank_delta,baseline_score,scenario_score,score_delta,eligible_pair_count,small_n
TR,nuscale_voygr6,mc_50000,mc_summary,0049a899-af5f-41cd-86ae-2ba729b6365f,67,72,5,6.299,5.838,-0.4610000000000003,119,False
RS,nuscale_voygr6,mc_50000,mc_summary,0182ec25-0df9-4e4b-9861-d76a332bc282,4,5,1,6.559,6.204,-0.3550000000000004,7,False
UA,nuscale_voygr6,mc_50000,mc_summary,02253fcc-4fc6-42d4-a6a8-42365487302f,13,12,-1,6.318,6.222,-0.0959999999999992,20,False
TR,nuscale_voygr6,mc_50000,mc_summary,0248611c-b745-404f-ad50-c2870882c7a1,15,20,5,7.072,6.472,-0.5999999999999996,119,False
UA,nuscale_voygr6,mc_50000,mc_summary,038d42e9-769b-4b22-9513-dccff48b42cd,18,18,0,6.02,5.844,-0.17599999999999927,20,False
HU,nuscale_voygr6,mc_50000,mc_summary,059b3ad4-7196-4e6b-b169-8605ceeed841,3,4,1,6.872,6.487,-0.3849999999999998,11,False
CZ,nuscale_voygr6,mc_50000,mc_summary,05daa6b2-bb29-4c26-a459-855626673955,12,11,-1,6.464,6.235,-0.2290000000000001,29,False
PL,nuscale_voygr6,mc_50000,mc_summary,06641fea-8997-4b69-a618-6afa34b82591,46,46,0,5.859,5.578,-0.2809999999999997,61,False
SK,nuscale_voygr6,mc_50000,mc_summary,06defca3-9105-437f-afd4-52f5603d9b8e,4,4,0,6.303,6.078,-0.22499999999999964,5,False
TR,nuscale_voygr6,mc_50000,mc_summary,0947a4c8-4fc1-492f-9c66-2c9a993c7fb0,78,73,-5,6.216,5.831,-0.3849999999999998,119,False
CZ,nuscale_voygr6,mc_50000,mc_summary,0ae8917b-a70b-41e5-82de-e4963a7686e3,19,20,1,6.089,5.755,-0.3340000000000005,29,False
PL,nuscale_voygr6,mc_50000,mc_summary,0b187a1d-55de-47cf-96a3-06abc8ff2476,13,18,5,6.884,6.398,-0.48600000000000065,61,False
TR,nuscale_voygr6,mc_50000,mc_summary,0ca4ff78-4113-4ad9-ac04-0fd541d42338,101,106,5,5.845,5.394,-0.4509999999999996,119,False
TR,nuscale_voygr6,mc_50000,mc_summary,0fec985c-c66e-40af-a123-a9ba4db269bb,39,44,5,6.681,6.175,-0.5060000000000002,119,False
TR,nuscale_voygr6,mc_50000,mc_summary,1289753b-43db-4058-8fe1-6e38b5fb01b5,38,41,3,6.719,6.215,-0.5040000000000004,119,False
TR,nuscale_voygr6,mc_50000,mc_summary,142cad75-648a-495d-8c10-792351e72126,2,2,0,7.459,6.897,-0.5619999999999994,119,False
CZ,nuscale_voygr6,mc_50000,mc_summary,14e88076-ce0e-4693-bca4-e80f3f013c7f,14,15,1,6.345,5.952,-0.3929999999999998,29,False
TR,nuscale_voygr6,mc_50000,mc_summary,161660e7-3ccf-4704-b452-b126599700a0,114,113,-1,5.444,5.163,-0.2809999999999997,119,False
TR,nuscale_voygr6,mc_50000,mc_summary,1624a526-07d8-44a4-8ed7-3b035b748f03,116,109,-7,5.369,5.323,-0.045999999999999375,119,False
TR,nuscale_voygr6,mc_50000,mc_summary,166f5fcc-1cc4-4cf5-9e52-59e7ce1557c6,30,18,-12,6.809,6.528,-0.2810000000000006,119,False
SK,nuscale_voygr6,mc_50000,mc_summary,1719d38b-61e8-4b01-844b-3a2f85c8a186,3,3,0,6.741,6.336,-0.40499999999999936,5,False
MK,nuscale_voygr6,mc_50000,mc_summary,1739b1b7-a6f3-466c-9dfa-3d1de9d5b6db,1,1,0,6.812,6.467,-0.34500000000000064,3,False
TR,nuscale_voygr6,mc_50000,mc_summary,17568f0f-91fd-4efe-b4df-2c7cc5d80b7d,117,118,1,5.237,4.815,-0.4219999999999997,119,False
CZ,nuscale_voygr6,mc_50000,mc_summary,180880c2-7284-4723-b02a-a62348b9b40b,9,9,0,6.672,6.321,-0.351,29,False
TR,nuscale_voygr6,mc_50000,mc_summary,1820429d-bd95-4e56-a6db-d9bb57e2ae07,56,68,12,6.451,5.876,-0.5749999999999993,119,False
PL,nuscale_voygr6,mc_50000,mc_summary,187b4fd7-6a61-4e94-8ed4-495ac6dfc317,30,27,-3,6.266,5.953,-0.3129999999999997,61,False
RO,nuscale_voygr6,mc_50000,mc_summary,18ecb024-ee4f-4045-8254-5e95d61dea8c,12,16,4,6.197,5.871,-0.3259999999999996,22,False
LV,nuscale_voygr6,mc_50000,mc_summary,1a5b8f8f-f4be-4514-8738-755d25e19b41,1,1,0,6.603,6.26,-0.34299999999999997,1,True
CZ,nuscale_voygr6,mc_50000,mc_summary,1c059a42-608c-4753-8fcf-ba797d94f900,24,22,-2,5.809,5.695,-0.11399999999999988,29,False
TR,nuscale_voygr6,mc_50000,mc_summary,1ce7624e-1d72-4293-8ff4-09096b56ddd2,115,115,0,5.394,5.089,-0.3049999999999997,119,False
PL,nuscale_voygr6,mc_50000,mc_summary,1d19dce6-c458-4656-901d-6a8d3c548761,12,8,-4,6.934,6.69,-0.24399999999999977,61,False
RO,nuscale_voygr6,mc_50000,mc_summary,1d8be6d0-f3a5-4b32-9d46-3526289731f8,22,20,-2,5.391,5.422,0.030999999999999694,22,False
TR,nuscale_voygr6,mc_50000,mc_summary,1f305180-6bbf-4758-9a98-78bc9e96e195,97,99,2,5.971,5.57,-0.4009999999999998,119,False
PL,nuscale_voygr6,mc_50000,mc_summary,202d797d-b0f9-4cd0-bbac-d7bb06805c09,39,37,-2,5.969,5.808,-0.16100000000000048,61,False
CZ,nuscale_voygr6,mc_50000,mc_summary,20bce4f5-ca0b-4145-87e5-0a0694343f31,17,21,4,6.201,5.725,-0.476,29,False
CZ,nuscale_voygr6,mc_50000,mc_summary,20c9d02d-e9e8-40b3-a11e-7a2e01018d8c,13,14,1,6.438,6.023,-0.41500000000000004,29,False
TR,nuscale_voygr6,mc_50000,mc_summary,21ccc44f-3244-4e7f-9654-eae424288200,83,91,8,6.201,5.672,-0.5289999999999999,119,False
TR,nuscale_voygr6,mc_50000,mc_summary,225656d9-8709-4c2f-9992-1e4f20a6fce8,28,13,-15,6.862,6.578,-0.2839999999999998,119,False
TR,nuscale_voygr6,mc_50000,mc_summary,231565d3-4f56-43ee-a357-1f4451c6fbc3,49,56,7,6.562,5.972,-0.5899999999999999,119,False
TR,nuscale_voygr6,mc_50000,mc_summary,2350bab4-9869-43f1-b62f-a4d5aea77ef5,66,81,15,6.306,5.763,-0.5430000000000001,119,False
PL,nuscale_voygr6,mc_50000,mc_summary,239ea0eb-a9c4-43cc-ac5f-35271bdc6613,5,9,4,7.191,6.674,-0.5169999999999995,61,False
CZ,nuscale_voygr6,mc_50000,mc_summary,274ec928-e527-44cf-86c5-b6eddc09d0f7,18,18,0,6.153,5.806,-0.34699999999999953,29,False
PL,nuscale_voygr6,mc_50000,mc_summary,27fc89b3-ee57-44ac-8073-a700bc8d12e8,54,54,0,5.653,5.482,-0.17099999999999937,61,False
CZ,nuscale_voygr6,mc_50000,mc_summary,287cbb48-bb08-40dd-82c5-cfe1530dfbb9,1,3,2,7.095,6.712,-0.383,29,False
TR,nuscale_voygr6,mc_50000,mc_summary,28980273-0ba6-4c8c-b080-7ff9b33cc4c9,88,89,1,6.122,5.689,-0.43299999999999983,119,False
HU,nuscale_voygr6,mc_50000,mc_summary,28b36531-865d-42ae-afb3-b8bad86f7014,6,6,0,6.23,5.794,-0.43600000000000083,11,False
PL,nuscale_voygr6,mc_50000,mc_summary,29479c3f-8db8-4f62-90e8-59ad6739f90b,36,42,6,6.03,5.761,-0.26900000000000013,61,False
RS,nuscale_voygr6,mc_50000,mc_summary,296282b1-d079-4c1e-b2df-12c25128b963,1,7,6,6.753,6.085,-0.6680000000000001,7,False
PL,nuscale_voygr6,mc_50000,mc_summary,2981a12d-3444-4301-96ba-a63ef50bec3e,1,1,0,7.684,7.321,-0.36300000000000043,61,False
RO,nuscale_voygr6,mc_50000,mc_summary,29836b52-a882-4921-95a7-6417e636d9a2,5,4,-1,6.784,6.548,-0.23599999999999977,22,False
PL,nuscale_voygr6,mc_50000,mc_summary,29a58981-aaf7-4450-ad41-49dd6d786168,52,55,3,5.678,5.386,-0.2919999999999998,61,False
UA,nuscale_voygr6,mc_50000,mc_summary,29b3a802-7ef1-4722-ad59-b1511b1b0075,1,3,2,7.455,6.955,-0.5,20,False
TR,nuscale_voygr6,mc_50000,mc_summary,2a3aad60-2bff-4206-8275-f6e2029f9278,12,35,23,7.121,6.303,-0.8180000000000005,119,False
RS,nuscale_voygr6,mc_50000,mc_summary,2b03f2e2-64ac-4262-bbff-7a536bda5722,2,2,0,6.716,6.321,-0.39500000000000046,7,False
TR,nuscale_voygr6,mc_50000,mc_summary,2b6a65d3-efb0-44d8-b88b-9aad311f4ac4,14,26,12,7.107,6.361,-0.7460000000000004,119,False
PL,nuscale_voygr6,mc_50000,mc_summary,2da9dab9-7b4e-46e7-b1c8-70eeb329c177,44,51,7,5.891,5.517,-0.37399999999999967,61,False
AT,nuscale_voygr6,mc_50000,mc_summary,2dcd2c6d-f375-4408-9492-7910662fac03,2,2,0,7.016,6.503,-0.5129999999999999,6,False
TR,nuscale_voygr6,mc_50000,mc_summary,2ec95392-978d-4a43-85b9-af3282c212ba,7,4,-3,7.276,6.81,-0.4660000000000002,119,False
TR,nuscale_voygr6,mc_50000,mc_summary,2ed9363f-a9fe-46e5-8b92-c50b47a9077a,68,50,-18,6.299,6.099,-0.20000000000000018,119,False
BG,nuscale_voygr6,mc_50000,mc_summary,2fb27566-cc7b-4530-8ff9-e55e3a1985bd,6,6,0,6.578,6.538,-0.040000000000000036,8,False
CZ,nuscale_voygr6,mc_50000,mc_summary,2fe0a0b3-4108-427e-8e54-f77e1ea7227c,5,5,0,6.916,6.614,-0.3020000000000005,29,False
BG,nuscale_voygr6,mc_50000,mc_summary,30c9e377-b575-46fa-880f-922c46e6500a,2,3,1,7.428,6.805,-0.6230000000000002,8,False
CZ,nuscale_voygr6,mc_50000,mc_summary,32484f7b-18a4-4b21-8e6a-6d68ae099d02,4,4,0,6.931,6.629,-0.3020000000000005,29,False
BG,nuscale_voygr6,mc_50000,mc_summary,33a015dd-51e0-497e-b0d3-4b1b3f070438,8,8,0,5.875,5.732,-0.1429999999999998,8,False
BA,nuscale_voygr6,mc_50000,mc_summary,344e0e9a-558e-4749-bb66-cd746be50cbd,4,4,0,6.572,6.14,-0.4320000000000004,6,False
RO,nuscale_voygr6,mc_50000,mc_summary,345fb795-170a-4fb5-833c-f6bcf2eb450c,1,1,0,7.816,7.356,-0.45999999999999996,22,False
HU,nuscale_voygr6,mc_50000,mc_summary,34d88ce8-d49c-4b19-af2d-6efcb1b72149,11,10,-1,5.405,5.206,-0.19899999999999984,11,False
UA,nuscale_voygr6,mc_50000,mc_summary,3657989a-61ae-4fe3-9e8b-6ba7e68f8c59,10,11,1,6.616,6.328,-0.28799999999999937,20,False
ME,nuscale_voygr6,mc_50000,mc_summary,3795824b-cb76-48dd-a65c-764c757ddc76,1,2,1,6.023,5.52,-0.5030000000000001,2,True
TR,nuscale_voygr6,mc_50000,mc_summary,381221dd-76da-4adf-9b19-5da9f0779c22,42,37,-5,6.653,6.3,-0.35299999999999976,119,False
TR,nuscale_voygr6,mc_50000,mc_summary,3819acc8-761d-49ba-89e7-967d3d37ec0e,61,67,6,6.344,5.879,-0.46500000000000075,119,False
PL,nuscale_voygr6,mc_50000,mc_summary,399668d6-bfed-4e5b-bf38-9ee5902101c3,57,58,1,5.5,5.283,-0.21699999999999964,61,False
TR,nuscale_voygr6,mc_50000,mc_summary,3a06636d-c742-4b72-b9cd-21a4537c331b,106,111,5,5.756,5.301,-0.45500000000000007,119,False
BG,nuscale_voygr6,mc_50000,mc_summary,3bb6666f-de2f-4c6f-a28e-c3bddb71b54a,4,5,1,7.009,6.603,-0.4060000000000006,8,False
TR,nuscale_voygr6,mc_50000,mc_summary,3bc834ed-5c2b-47d6-b555-2e20b9044053,55,53,-2,6.47,6.058,-0.4119999999999999,119,False
UA,nuscale_voygr6,mc_50000,mc_summary,3bd2a957-ff3b-4bfd-9dba-808279edccb9,14,17,3,6.192,5.924,-0.2679999999999998,20,False
RO,nuscale_voygr6,mc_50000,mc_summary,3bef37a3-239e-498d-a160-77452a6a9b79,20,22,2,5.463,5.171,-0.2919999999999998,22,False
PL,nuscale_voygr6,mc_50000,mc_summary,3d2d4c37-eb9d-4b35-a8b1-b3f485bc3e3f,28,28,0,6.291,5.952,-0.3390000000000004,61,False
TR,nuscale_voygr6,mc_50000,mc_summary,3e5f4317-6f40-44fb-bfa2-e21dc4d9922d,76,65,-11,6.234,5.891,-0.34299999999999997,119,False
TR,nuscale_voygr6,mc_50000,mc_summary,3f1ad930-cffb-4991-badd-773db74b890c,48,42,-6,6.572,6.195,-0.3769999999999998,119,False
PL,nuscale_voygr6,mc_50000,mc_summary,40650551-0c9c-45ea-bac6-befdb0cb5909,40,38,-2,5.941,5.79,-0.1509999999999998,61,False
PL,nuscale_voygr6,mc_50000,mc_summary,409dde58-5df1-44d9-b5ec-f8e2edd86786,38,39,1,5.978,5.79,-0.18799999999999972,61,False
PL,nuscale_voygr6,mc_50000,mc_summary,40b4334a-7ba4-4ed8-aa8e-3c405599fbd7,31,35,4,6.141,5.846,-0.29499999999999993,61,False
PL,nuscale_voygr6,mc_50000,mc_summary,416aab55-6fd9-4a0a-b8f8-796fb62d86a5,32,34,2,6.116,5.851,-0.2649999999999997,61,False
TR,nuscale_voygr6,mc_50000,mc_summary,42d5b3fd-7d07-409b-9154-4441695b7901,74,60,-14,6.253,5.922,-0.3310000000000004,119,False
CZ,nuscale_voygr6,mc_50000,mc_summary,43e5b2b4-2ccf-46ab-b01e-e3d480146455,29,29,0,5.378,5.371,-0.006999999999999673,29,False
TR,nuscale_voygr6,mc_50000,mc_summary,43f99d45-6635-4392-a522-4a06445fdaf2,6,16,10,7.328,6.554,-0.774,119,False
PL,nuscale_voygr6,mc_50000,mc_summary,4411a22e-4e8a-4715-b000-1aae34494b68,19,16,-3,6.797,6.473,-0.32399999999999984,61,False
TR,nuscale_voygr6,mc_50000,mc_summary,44362378-9c74-44af-8a08-be4877f50e97,108,105,-3,5.741,5.469,-0.27199999999999935,119,False
TR,nuscale_voygr6,mc_50000,mc_summary,44698c12-3c50-4602-8104-dafa5fd215b6,98,95,-3,5.966,5.621,-0.34499999999999975,119,False
UA,nuscale_voygr6,mc_50000,mc_summary,447a9ea1-47fa-48a3-93f2-a77cbd629ac7,6,8,2,6.887,6.495,-0.39199999999999946,20,False
CZ,nuscale_voygr6,mc_50000,mc_summary,44d40276-5847-41d1-ab9b-887bbdc1bcfe,25,26,1,5.74,5.488,-0.2519999999999998,29,False
UA,nuscale_voygr6,mc_50000,mc_summary,46b96bc3-b190-4045-9c86-eb674e2ea35e,7,10,3,6.797,6.343,-0.45399999999999974,20,False
PL,nuscale_voygr6,mc_50000,mc_summary,47be3ec4-7abe-4f4c-ac3d-b7f753b8514a,50,44,-6,5.753,5.675,-0.07800000000000029,61,False
TR,nuscale_voygr6,mc_50000,mc_summary,48149515-0774-404d-b273-790b660a8d90,37,23,-14,6.72,6.457,-0.2629999999999999,119,False
TR,nuscale_voygr6,mc_50000,mc_summary,4b11cac9-4fe0-4a2a-9c09-4fe9a0ac6015,34,30,-4,6.722,6.316,-0.4060000000000006,119,False
UA,nuscale_voygr6,mc_50000,mc_summary,4e45df00-0d28-44d0-9697-3fa33d76fc88,9,7,-2,6.788,6.52,-0.2680000000000007,20,False
CZ,nuscale_voygr6,mc_50000,mc_summary,4eb7914c-e000-403c-b5a5-c350de67bb83,23,24,1,5.911,5.543,-0.36799999999999944,29,False
TR,nuscale_voygr6,mc_50000,mc_summary,5067ece3-b204-495e-81c1-90a523252547,113,116,3,5.464,5.066,-0.3980000000000006,119,False
TR,nuscale_voygr6,mc_50000,mc_summary,52028d4f-7796-4463-832e-cff2e439c96a,52,58,6,6.523,5.954,-0.569,119,False
RO,nuscale_voygr6,mc_50000,mc_summary,52a7babe-313f-493b-86b9-bd0c4aece4c3,4,3,-1,7.016,6.583,-0.43299999999999983,22,False
PL,nuscale_voygr6,mc_50000,mc_summary,52db4dae-b014-45a4-96c4-49f80c1fdd11,6,2,-4,7.184,7.007,-0.1770000000000005,61,False
AT,nuscale_voygr6,mc_50000,mc_summary,532bfb42-0d4c-42cf-a81a-287f2b3a75bf,3,3,0,6.616,6.387,-0.2290000000000001,6,False
TR,nuscale_voygr6,mc_50000,mc_summary,53481b7f-5b85-4bab-be04-4866c2e72c12,104,96,-8,5.812,5.598,-0.2140000000000004,119,False
PL,nuscale_voygr6,mc_50000,mc_summary,558e7bff-5b5d-4666-9ca3-ec02f2269aab,8,3,-5,7.134,7.007,-0.12700000000000067,61,False
TR,nuscale_voygr6,mc_50000,mc_summary,55cfe45b-6357-40f9-8623-e9916f91f839,27,25,-2,6.872,6.406,-0.4660000000000002,119,False
TR,nuscale_voygr6,mc_50000,mc_summary,56b8e2a3-1885-431f-9fd1-4cd3bebfad61,46,46,0,6.584,6.154,-0.4299999999999997,119,False
TR,nuscale_voygr6,mc_50000,mc_summary,57c0c830-725f-46ee-9322-0a4a3ad9efda,22,19,-3,6.938,6.473,-0.46499999999999986,119,False
TR,nuscale_voygr6,mc_50000,mc_summary,5a19f424-1a15-44e6-bf1b-c2c5886ac1bf,53,48,-5,6.509,6.142,-0.367,119,False
RO,nuscale_voygr6,mc_50000,mc_summary,5a33e5f0-6d86-4eab-adea-6c6bad7f3f45,19,13,-6,5.903,5.962,0.05900000000000016,22,False
PL,nuscale_voygr6,mc_50000,mc_summary,5a57ae0a-6f91-46f4-a1f5-56a6b37596e9,59,61,2,5.341,5.154,-0.18700000000000028,61,False
TR,nuscale_voygr6,mc_50000,mc_summary,5b6be56c-d981-470c-a979-13a8764a34b8,50,57,7,6.556,5.957,-0.5990000000000002,119,False
RS,nuscale_voygr6,mc_50000,mc_summary,5d4aee8d-9e73-4987-907a-d092e0ba92ed,5,3,-2,6.503,6.275,-0.22799999999999976,7,False
HU,nuscale_voygr6,mc_50000,mc_summary,5de5f907-98e7-42d3-a7dd-cb65f839697b,4,3,-1,6.778,6.528,-0.25,11,False
UA,nuscale_voygr6,mc_50000,mc_summary,5ed0a674-a292-44bc-997f-5c1990da1235,2,1,-1,7.372,7.048,-0.32399999999999984,20,False
TR,nuscale_voygr6,mc_50000,mc_summary,5ed91c1b-0a1b-4a4c-9b2b-f6bdc8ff9770,91,97,6,6.082,5.576,-0.5060000000000002,119,False
CZ,nuscale_voygr6,mc_50000,mc_summary,5f4ed23c-cea2-41ef-a3e8-ac863e1bdcd6,15,13,-2,6.339,6.131,-0.20800000000000018,29,False
TR,nuscale_voygr6,mc_50000,mc_summary,5fa0dfa9-c272-444e-8e70-80ab55b5d36c,19,12,-7,7.009,6.588,-0.42100000000000026,119,False
CZ,nuscale_voygr6,mc_50000,mc_summary,60baaa73-dd8c-4865-bb18-6c73d63a4052,10,8,-2,6.648,6.391,-0.2569999999999997,29,False
CZ,nuscale_voygr6,mc_50000,mc_summary,63601ccc-3f20-4cbd-95cb-0fbeaf821c6a,11,12,1,6.51,6.199,-0.31099999999999994,29,False
HU,nuscale_voygr6,mc_50000,mc_summary,651839d3-4e8f-4214-89aa-1f96ea221121,7,7,0,5.967,5.702,-0.2649999999999997,11,False
AT,nuscale_voygr6,mc_50000,mc_summary,660d9d71-6733-4294-951b-1c58614d58cf,1,1,0,7.159,6.7,-0.45899999999999963,6,False
PL,nuscale_voygr6,mc_50000,mc_summary,66bdc30c-4179-480b-a55a-5d15be5ac66b,20,15,-5,6.775,6.546,-0.2290000000000001,61,False
CZ,nuscale_voygr6,mc_50000,mc_summary,66c3f077-1ee6-41d7-8e6c-da374bb45139,28,28,0,5.622,5.401,-0.22100000000000009,29,False
TR,nuscale_voygr6,mc_50000,mc_summary,674deb4f-110c-4120-bea0-5f0711da3ea1,5,7,2,7.347,6.72,-0.6270000000000007,119,False
BY,nuscale_voygr6,mc_50000,mc_summary,68aabff9-e662-4b9f-b37d-4c2ebc5f7539,2,2,0,6.991,6.422,-0.569,2,True
RO,nuscale_voygr6,mc_50000,mc_summary,693d9b73-f9fc-4502-9b94-be020c5d21fb,7,7,0,6.653,6.457,-0.19599999999999973,22,False
RO,nuscale_voygr6,mc_50000,mc_summary,6aed2eac-1c97-40c5-b842-fb15fd510f35,11,9,-2,6.266,6.306,0.040000000000000036,22,False
RO,nuscale_voygr6,mc_50000,mc_summary,6c428b2a-ad09-448b-b24c-22465929d69c,21,21,0,5.428,5.275,-0.15299999999999958,22,False
TR,nuscale_voygr6,mc_50000,mc_summary,6c9571c4-5d3b-4f88-a7be-fa8c21425eeb,3,3,0,7.38,6.866,-0.5140000000000002,119,False
TR,nuscale_voygr6,mc_50000,mc_summary,6ddc2960-3d72-4d5f-b358-56d1c54f47e0,70,69,-1,6.278,5.874,-0.4039999999999999,119,False
AT,nuscale_voygr6,mc_50000,mc_summary,6e7fc4d8-636d-411a-baef-e138a5a07acc,5,4,-1,6.544,6.308,-0.23599999999999977,6,False
BG,nuscale_voygr6,mc_50000,mc_summary,704ef487-f600-4f23-b06e-a0f81b627597,7,7,0,5.878,5.841,-0.03699999999999992,8,False
UA,nuscale_voygr6,mc_50000,mc_summary,70781f2c-24c2-486c-8b32-310c36ba1238,15,13,-2,6.185,6.162,-0.022999999999999687,20,False
UA,nuscale_voygr6,mc_50000,mc_summary,725406d6-860f-4ca0-9c6a-425675bac381,11,9,-2,6.543,6.485,-0.05799999999999983,20,False
TR,nuscale_voygr6,mc_50000,mc_summary,737b6d06-1d0c-4ae6-9683-ab3fea192b32,60,63,3,6.355,5.907,-0.4480000000000004,119,False
PL,nuscale_voygr6,mc_50000,mc_summary,73fe8f06-c53b-4877-9c1d-5caf3d8f2749,60,59,-1,5.332,5.265,-0.06700000000000017,61,False
TR,nuscale_voygr6,mc_50000,mc_summary,746fc66e-d31f-4c5d-bf5c-ab5031b04b15,89,98,9,6.122,5.571,-0.5510000000000002,119,False
MK,nuscale_voygr6,mc_50000,mc_summary,756218bb-3f16-443e-b6c6-400cd0ce2f87,3,3,0,6.181,5.75,-0.43100000000000005,3,False
TR,nuscale_voygr6,mc_50000,mc_summary,75f807aa-8278-43a3-8654-730713b96001,58,55,-3,6.421,5.977,-0.44399999999999995,119,False
TR,nuscale_voygr6,mc_50000,mc_summary,76cd9b7f-7613-4fd4-95ab-bf534a2e2f5e,85,100,15,6.153,5.556,-0.5969999999999995,119,False
SK,nuscale_voygr6,mc_50000,mc_summary,770f1d3c-e5fd-493c-a376-e708d2abec6c,1,1,0,7.022,6.735,-0.2869999999999999,5,False
TR,nuscale_voygr6,mc_50000,mc_summary,772e2484-419b-47de-9739-924ac371ad10,51,59,8,6.534,5.947,-0.5869999999999997,119,False
TR,nuscale_voygr6,mc_50000,mc_summary,778e0750-19f9-426e-a6c7-e0e30645fb97,10,6,-4,7.185,6.75,-0.4349999999999996,119,False
TR,nuscale_voygr6,mc_50000,mc_summary,7a805295-0cd2-48be-972e-5282c996549c,79,76,-3,6.216,5.823,-0.3929999999999998,119,False
TR,nuscale_voygr6,mc_50000,mc_summary,7b4d3f8f-a644-48a3-93f9-cd3c154dc5c2,107,93,-14,5.747,5.639,-0.10799999999999965,119,False
TR,nuscale_voygr6,mc_50000,mc_summary,7cc9cffa-e4e4-4546-902d-c8f4800dbdb2,29,36,7,6.815,6.303,-0.5120000000000005,119,False
PL,nuscale_voygr6,mc_50000,mc_summary,7fc17ab0-ce24-4830-a938-b8424d1e9368,9,4,-5,7.116,6.79,-0.3259999999999996,61,False
BA,nuscale_voygr6,mc_50000,mc_summary,82011c29-a3d3-4a81-a27b-019d2649a251,6,6,0,5.934,5.689,-0.2450000000000001,6,False
RO,nuscale_voygr6,mc_50000,mc_summary,825dc024-9a53-4237-bf59-cbe0af0cf87d,6,8,2,6.703,6.311,-0.39200000000000035,22,False
TR,nuscale_voygr6,mc_50000,mc_summary,829f61ff-0ad1-4288-8dd9-e41abbd0b6a7,119,119,0,5.087,4.77,-0.31700000000000017,119,False
TR,nuscale_voygr6,mc_50000,mc_summary,82aac38c-3037-466c-9b37-bff9da707645,87,79,-8,6.134,5.791,-0.34299999999999997,119,False
MK,nuscale_voygr6,mc_50000,mc_summary,83d3abe4-2049-47ad-a66b-46034edb7569,2,2,0,6.707,6.265,-0.44200000000000017,3,False
UA,nuscale_voygr6,mc_50000,mc_summary,83fede8b-5f92-429d-920d-9a8928a74780,4,4,0,7.166,6.642,-0.524,20,False
BA,nuscale_voygr6,mc_50000,mc_summary,85257083-08d1-4560-b198-a9df414da4a9,1,1,0,6.951,6.523,-0.42799999999999994,6,False
RO,nuscale_voygr6,mc_50000,mc_summary,8781d874-5923-4795-9c9f-b2a6c709025a,18,17,-1,5.941,5.821,-0.1200000000000001,22,False
TR,nuscale_voygr6,mc_50000,mc_summary,8782d6f2-5f9f-4c67-b9f2-6756857bd200,92,90,-2,6.062,5.679,-0.383,119,False
TR,nuscale_voygr6,mc_50000,mc_summary,8a5dc384-e272-41ed-9868-a0686ac3fc7e,47,47,0,6.584,6.154,-0.4299999999999997,119,False
PL,nuscale_voygr6,mc_50000,mc_summary,8a9d5c87-7edc-49c3-85a2-d97727b9c9b2,27,26,-1,6.297,6.109,-0.18799999999999972,61,False
TR,nuscale_voygr6,mc_50000,mc_summary,8b16dc60-1a2b-4b2c-bcad-1c334d246ae3,102,110,8,5.841,5.318,-0.5230000000000006,119,False
TR,nuscale_voygr6,mc_50000,mc_summary,8dd46a05-6e0c-4009-90ad-bd5909c25622,110,114,4,5.594,5.126,-0.46799999999999997,119,False
PL,nuscale_voygr6,mc_50000,mc_summary,8dd8db4c-b62d-4f6b-a2ee-70a9ed785e7a,48,48,0,5.816,5.538,-0.2779999999999996,61,False
PL,nuscale_voygr6,mc_50000,mc_summary,8e485f8a-5c68-4541-ab1d-77783f6fcb2d,18,17,-1,6.806,6.406,-0.40000000000000036,61,False
HU,nuscale_voygr6,mc_50000,mc_summary,903d6b94-cd9d-4c32-b7e2-4bbfbee929df,5,5,0,6.641,6.085,-0.556,11,False
AT,nuscale_voygr6,mc_50000,mc_summary,90820fe3-9889-4faf-9906-7c528f8d7bc5,6,6,0,6.347,6.093,-0.25400000000000045,6,False
TR,nuscale_voygr6,mc_50000,mc_summary,9163ca37-1b31-409d-974f-9e7ed5e5f33d,80,74,-6,6.216,5.831,-0.3849999999999998,119,False
PL,nuscale_voygr6,mc_50000,mc_summary,917008f5-fba1-4ef7-b82d-9aded2b69267,4,10,6,7.222,6.664,-0.5580000000000007,61,False
TR,nuscale_voygr6,mc_50000,mc_summary,91f28dbb-16bd-449b-a20a-dc2b70cf2e66,94,92,-2,6.028,5.672,-0.35599999999999987,119,False
TR,nuscale_voygr6,mc_50000,mc_summary,94a5c55f-c499-41b1-81da-deaa36686399,18,15,-3,7.022,6.573,-0.44899999999999984,119,False
UA,nuscale_voygr6,mc_50000,mc_summary,95872473-c476-4ceb-bcf5-54cfdf415e42,19,20,1,5.921,5.718,-0.2030000000000003,20,False
RO,nuscale_voygr6,mc_50000,mc_summary,958e4d82-853a-41f1-a442-94b4c4314221,2,2,0,7.159,6.79,-0.3689999999999998,22,False
TR,nuscale_voygr6,mc_50000,mc_summary,96129c93-83a6-4b1c-929b-bfccba86a796,77,87,10,6.234,5.717,-0.5170000000000003,119,False
TR,nuscale_voygr6,mc_50000,mc_summary,9699244b-14c0-4e27-afd1-105494fccd60,21,11,-10,6.947,6.624,-0.3230000000000004,119,False
CZ,nuscale_voygr6,mc_50000,mc_summary,97ed917e-acfa-4002-be89-4ec44972ab45,20,16,-4,6.016,5.892,-0.12399999999999967,29,False
TR,nuscale_voygr6,mc_50000,mc_summary,98019711-a8c3-424a-870e-00d4fea75ed1,100,94,-6,5.859,5.629,-0.23000000000000043,119,False
RO,nuscale_voygr6,mc_50000,mc_summary,9825e28e-fd6e-460d-9caf-0342563f9060,10,10,0,6.441,6.19,-0.25099999999999945,22,False
RS,nuscale_voygr6,mc_50000,mc_summary,993ccce2-d5e1-498d-827d-8dbfeb42582b,3,1,-2,6.634,6.356,-0.27800000000000047,7,False
HU,nuscale_voygr6,mc_50000,mc_summary,997474f6-9bfd-4abd-a2ac-d8618db8f0b4,1,1,0,7.584,7.174,-0.40999999999999925,11,False
AT,nuscale_voygr6,mc_50000,mc_summary,99d712ac-7993-4186-8a0e-2e88bae7e90f,4,5,1,6.559,6.245,-0.31400000000000006,6,False
TR,nuscale_voygr6,mc_50000,mc_summary,9a6447f2-2887-4cce-a115-dc773d7f6eb1,31,27,-4,6.809,6.357,-0.45199999999999996,119,False
CZ,nuscale_voygr6,mc_50000,mc_summary,9c4291f1-173b-467e-ae26-8cb01312c605,7,10,3,6.773,6.301,-0.47199999999999953,29,False
TR,nuscale_voygr6,mc_50000,mc_summary,9eb693f6-6994-4937-bc4d-e8213baa5d47,59,77,18,6.391,5.8,-0.5910000000000002,119,False
BG,nuscale_voygr6,mc_50000,mc_summary,a064c7ae-e699-4a94-a18c-79bdfe42bce3,3,2,-1,7.091,6.952,-0.13900000000000023,8,False
PL,nuscale_voygr6,mc_50000,mc_summary,a19228ce-f25a-4ffd-a249-9d01403e6b81,11,14,3,6.953,6.554,-0.399,61,False
BA,nuscale_voygr6,mc_50000,mc_summary,a23d073a-cbbd-469a-b134-380945fd3f4c,5,5,0,6.458,6.046,-0.4119999999999999,6,False
SK,nuscale_voygr6,mc_50000,mc_summary,a2d8261c-3d08-4015-946c-47dbddbd0b98,5,5,0,5.691,5.397,-0.2939999999999996,5,False
TR,nuscale_voygr6,mc_50000,mc_summary,a4af3789-2c40-41fc-a3ec-3b8d2fc6c645,86,85,-1,6.148,5.743,-0.40499999999999936,119,False
RO,nuscale_voygr6,mc_50000,mc_summary,a4fa3246-27d6-4740-898c-bdf9dadcb88c,14,14,0,6.078,5.942,-0.13600000000000012,22,False
PL,nuscale_voygr6,mc_50000,mc_summary,a55e3643-8ed4-434b-b14f-2d549d09c0d9,10,21,11,6.984,6.339,-0.6449999999999996,61,False
TR,nuscale_voygr6,mc_50000,mc_summary,a6478cb9-5b8c-4d64-bbe6-3d3ed6a3da2c,4,5,1,7.354,6.796,-0.5579999999999998,119,False
PL,nuscale_voygr6,mc_50000,mc_summary,a67255dd-8134-418e-9377-e28516c53722,25,22,-3,6.384,6.331,-0.052999999999999936,61,False
PL,nuscale_voygr6,mc_50000,mc_summary,a6b51b4f-ba1d-49cd-bc99-8898acdbeb78,26,29,3,6.345,5.922,-0.42300000000000004,61,False
CZ,nuscale_voygr6,mc_50000,mc_summary,a6bf9980-016e-47ea-b40a-82e384a9eb43,22,23,1,5.951,5.649,-0.3019999999999996,29,False
CZ,nuscale_voygr6,mc_50000,mc_summary,a733fc13-11a4-4722-b62d-85c85a4f8ef3,21,17,-4,6.016,5.892,-0.12399999999999967,29,False
PL,nuscale_voygr6,mc_50000,mc_summary,a7eeee6e-e14a-40ba-80b6-75ed2e170b20,33,31,-2,6.103,5.866,-0.2370000000000001,61,False
PL,nuscale_voygr6,mc_50000,mc_summary,a91dfe3d-93e0-43a1-99d2-41abdd1fc2ce,53,47,-6,5.678,5.571,-0.1070000000000002,61,False
TR,nuscale_voygr6,mc_50000,mc_summary,a96dc545-41a9-4b0d-a7a3-f40ef711e5e3,41,39,-2,6.668,6.275,-0.3929999999999998,119,False
BA,nuscale_voygr6,mc_50000,mc_summary,aa0bdb5e-45aa-4d15-8aee-cb5b0e14f5d9,3,2,-1,6.622,6.311,-0.31099999999999994,6,False
TR,nuscale_voygr6,mc_50000,mc_summary,aa336cdc-f6fe-4b08-b46d-69e852c501bf,62,52,-10,6.328,6.065,-0.2629999999999999,119,False
CZ,nuscale_voygr6,mc_50000,mc_summary,aa38441d-aec7-4ae9-b4c3-68c5bf567db3,16,19,3,6.214,5.79,-0.4240000000000004,29,False
HR,nuscale_voygr6,mc_50000,mc_summary,ab151830-e5bd-46de-8400-01aa4c165366,1,1,0,6.214,5.76,-0.4540000000000006,1,True
PL,nuscale_voygr6,mc_50000,mc_summary,ab57f5c3-8699-46f9-970f-3007dfc58af4,23,24,1,6.503,6.204,-0.2990000000000004,61,False
TR,nuscale_voygr6,mc_50000,mc_summary,ad0c8590-c672-43f2-a813-1217a10f7d2d,1,1,0,7.784,7.073,-0.7109999999999994,119,False
PL,nuscale_voygr6,mc_50000,mc_summary,ad7a9c00-0c75-411f-8f89-859e603df1e6,51,45,-6,5.753,5.593,-0.16000000000000014,61,False
TR,nuscale_voygr6,mc_50000,mc_summary,adeb10a5-aaae-4e2c-b426-3db1c3d9bd5b,93,88,-5,6.053,5.692,-0.36099999999999977,119,False
RO,nuscale_voygr6,mc_50000,mc_summary,af7f107f-71b5-5a33-8125-9ccb7060f895,3,6,3,7.114,6.47,-0.6440000000000001,22,False
RO,nuscale_voygr6,mc_50000,mc_summary,aff5ffe6-fe7a-4de7-afad-9d4645a64cd9,9,12,3,6.478,6.017,-0.4609999999999994,22,False
BG,nuscale_voygr6,mc_50000,mc_summary,b01fe781-dbc7-40f8-a544-946288020042,5,4,-1,6.984,6.669,-0.3150000000000004,8,False
CZ,nuscale_voygr6,mc_50000,mc_summary,b0ba194f-3c80-4725-b1e7-fa5277b38833,2,6,4,7.016,6.611,-0.40500000000000025,29,False
PL,nuscale_voygr6,mc_50000,mc_summary,b24c9876-5a4d-4b83-b442-af2f4b0d1047,45,49,4,5.866,5.538,-0.3279999999999994,61,False
PL,nuscale_voygr6,mc_50000,mc_summary,b24f9ac5-5ddf-4b19-ba95-76dafeca3d2c,2,6,4,7.284,6.735,-0.5489999999999995,61,False
MD,nuscale_voygr6,mc_50000,mc_summary,b3eb5dd2-98cf-40c4-b9ee-2a86fd066093,1,1,0,6.959,6.71,-0.24899999999999967,1,True
TR,nuscale_voygr6,mc_50000,mc_summary,b588126a-42d6-49dc-b227-9283af5a2578,35,31,-4,6.722,6.316,-0.4060000000000006,119,False
TR,nuscale_voygr6,mc_50000,mc_summary,b5a75ec8-a2fe-42ad-b33e-ea32e20ebdfb,45,54,9,6.622,6.033,-0.5889999999999995,119,False
TR,nuscale_voygr6,mc_50000,mc_summary,b5ff798e-e059-4d8b-a903-00a1fefc62ab,36,32,-4,6.722,6.316,-0.4060000000000006,119,False
PL,nuscale_voygr6,mc_50000,mc_summary,b789a244-7d29-4be3-afe4-2f45d7f11eab,47,53,6,5.819,5.487,-0.33199999999999985,61,False
TR,nuscale_voygr6,mc_50000,mc_summary,b8875ff2-9e9d-4520-8879-c71468e9cc50,25,40,15,6.891,6.249,-0.6420000000000003,119,False
PL,nuscale_voygr6,mc_50000,mc_summary,b8a00967-90a3-4a4e-9979-6b8651d87380,29,32,3,6.291,5.866,-0.4250000000000007,61,False
PL,nuscale_voygr6,mc_50000,mc_summary,b8bc6544-1571-4906-95e0-314d62c78a24,15,11,-4,6.853,6.578,-0.27499999999999947,61,False
TR,nuscale_voygr6,mc_50000,mc_summary,b90e80f9-66f3-4290-8aa2-518b8422aba0,112,107,-5,5.591,5.381,-0.20999999999999996,119,False
TR,nuscale_voygr6,mc_50000,mc_summary,bac4a081-83dc-4aba-8076-b67bfc55f54c,95,102,7,6.016,5.542,-0.4740000000000002,119,False
TR,nuscale_voygr6,mc_50000,mc_summary,bb2453b0-c76d-40ea-bcc4-870391f05b2f,118,117,-1,5.2,4.822,-0.3780000000000001,119,False
TR,nuscale_voygr6,mc_50000,mc_summary,bfadbe66-971d-4f64-b222-604a7ee6ac6b,16,21,5,7.072,6.472,-0.5999999999999996,119,False
RO,nuscale_voygr6,mc_50000,mc_summary,c3790475-3d3b-4e2b-92ae-24503fe03e6b,8,5,-3,6.491,6.482,-0.008999999999999453,22,False
PL,nuscale_voygr6,mc_50000,mc_summary,c39819ef-6798-4c01-9a82-9eead65b5f56,22,23,1,6.691,6.296,-0.3949999999999996,61,False
PL,nuscale_voygr6,mc_50000,mc_summary,c42c5942-264d-43a1-a9eb-95b00480eb1a,49,52,3,5.816,5.498,-0.3179999999999996,61,False
UA,nuscale_voygr6,mc_50000,mc_summary,c47eb6a3-49c1-4879-95b6-9bcd53b7af04,5,6,1,6.959,6.608,-0.351,20,False
PL,nuscale_voygr6,mc_50000,mc_summary,c4d7f628-c108-4496-ac02-6076ea3ae448,34,33,-1,6.082,5.856,-0.22599999999999998,61,False
TR,nuscale_voygr6,mc_50000,mc_summary,c657c5c3-38a2-472d-8962-9e7cefcd2c1e,24,29,5,6.908,6.336,-0.5720000000000001,119,False
TR,nuscale_voygr6,mc_50000,mc_summary,c6b846cb-3a01-4e17-9d51-da4b58fd1827,105,104,-1,5.791,5.47,-0.3210000000000006,119,False
TR,nuscale_voygr6,mc_50000,mc_summary,c7afd455-7beb-4d23-8d3b-e9a102782d2b,109,112,3,5.706,5.286,-0.4200000000000008,119,False
TR,nuscale_voygr6,mc_50000,mc_summary,c8e1cc12-080a-4e01-925d-8fd6e4334856,96,84,-12,6.016,5.755,-0.2610000000000001,119,False
RS,nuscale_voygr6,mc_50000,mc_summary,c8f15aca-174b-4be6-a6d9-abfa4685d10d,7,4,-3,6.453,6.271,-0.18200000000000038,7,False
SK,nuscale_voygr6,mc_50000,mc_summary,c97125b3-20ed-4e21-a853-b928644ec7dd,2,2,0,6.978,6.695,-0.2829999999999995,5,False
TR,nuscale_voygr6,mc_50000,mc_summary,c9c85786-eb26-4e7b-b280-83a54b7e834f,63,62,-1,6.328,5.914,-0.4140000000000006,119,False
TR,nuscale_voygr6,mc_50000,mc_summary,ca423571-d2ab-44d4-b5ce-3e649d9cc776,82,86,4,6.209,5.725,-0.484,119,False
TR,nuscale_voygr6,mc_50000,mc_summary,cb08e7b6-0af3-45d9-95c3-3832e7e2677c,44,38,-6,6.628,6.293,-0.33499999999999996,119,False
TR,nuscale_voygr6,mc_50000,mc_summary,cb825b0f-e315-4221-b194-43d5b472382d,90,70,-20,6.084,5.846,-0.23799999999999955,119,False
CZ,nuscale_voygr6,mc_50000,mc_summary,cbd67443-4a4e-44fd-a9ed-20ba9574c99e,27,25,-2,5.701,5.513,-0.18799999999999972,29,False
TR,nuscale_voygr6,mc_50000,mc_summary,cc635340-954c-4428-9fa1-14383c7faceb,43,45,2,6.641,6.167,-0.4740000000000002,119,False
PL,nuscale_voygr6,mc_50000,mc_summary,ccc15bde-1c5a-40bf-8f09-2fcb1e896ce5,55,57,2,5.622,5.295,-0.32699999999999996,61,False
PL,nuscale_voygr6,mc_50000,mc_summary,cd84938d-eea8-47a1-8ea6-2e9f943e5914,14,13,-1,6.884,6.563,-0.3210000000000006,61,False
UA,nuscale_voygr6,mc_50000,mc_summary,cdb6adfb-52ff-4631-939a-001080b20450,8,5,-3,6.795,6.626,-0.1689999999999996,20,False
PL,nuscale_voygr6,mc_50000,mc_summary,cdc888ad-fd51-4710-a5ab-3cd0fe9ddb48,21,19,-2,6.753,6.393,-0.3600000000000003,61,False
TR,nuscale_voygr6,mc_50000,mc_summary,ce39538c-997e-4a7d-bc32-f164f50f9aa0,75,82,7,6.253,5.763,-0.4900000000000002,119,False
UA,nuscale_voygr6,mc_50000,mc_summary,cec871bd-c7f6-4444-b0da-9b3a9ecc6963,3,2,-1,7.197,6.977,-0.21999999999999975,20,False
TR,nuscale_voygr6,mc_50000,mc_summary,cf9150af-0325-44d8-bbaf-493e742f2e2b,54,49,-5,6.503,6.139,-0.3639999999999999,119,False
TR,nuscale_voygr6,mc_50000,mc_summary,d020ac37-4f23-41b1-8f1e-b425b5769424,57,78,21,6.431,5.796,-0.6349999999999998,119,False
TR,nuscale_voygr6,mc_50000,mc_summary,d12e7ffc-4cd3-4ff4-81da-ae360d59409b,71,61,-10,6.278,5.917,-0.36099999999999977,119,False
TR,nuscale_voygr6,mc_50000,mc_summary,d1863136-5ff4-4b4d-a9c0-6219e92d637d,23,22,-1,6.938,6.472,-0.4659999999999993,119,False
TR,nuscale_voygr6,mc_50000,mc_summary,d21335d4-0a3d-4464-85e0-352745a38db4,81,75,-6,6.216,5.824,-0.39200000000000035,119,False
RS,nuscale_voygr6,mc_50000,mc_summary,d30af109-79cb-4ab5-a878-6f574b58116a,6,6,0,6.472,6.164,-0.3080000000000007,7,False
PL,nuscale_voygr6,mc_50000,mc_summary,d3b5a049-6bff-400b-9312-96985f03acea,58,60,2,5.48,5.242,-0.23800000000000043,61,False
UA,nuscale_voygr6,mc_50000,mc_summary,d3b9e403-7744-44c5-b5c3-999c4c1911d8,20,19,-1,5.781,5.733,-0.04800000000000004,20,False
TR,nuscale_voygr6,mc_50000,mc_summary,d3f986d9-a023-4d43-a0fb-03361f310873,33,33,0,6.734,6.311,-0.42300000000000004,119,False
TR,nuscale_voygr6,mc_50000,mc_summary,d48d2f39-d58f-4299-9b2f-56d194d2d13b,73,66,-7,6.266,5.886,-0.3799999999999999,119,False
RO,nuscale_voygr6,mc_50000,mc_summary,d498ded8-449c-4672-8bb9-0ed6c8fef775,16,18,2,5.991,5.821,-0.16999999999999993,22,False
TR,nuscale_voygr6,mc_50000,mc_summary,d5151598-5a1a-4697-8147-592845ffef6c,72,83,11,6.278,5.758,-0.5199999999999996,119,False
PL,nuscale_voygr6,mc_50000,mc_summary,d60b377c-9bb4-4fd5-adb7-a9a9ba98ae76,37,40,3,6.003,5.77,-0.23300000000000054,61,False
TR,nuscale_voygr6,mc_50000,mc_summary,d6cb5642-d5ec-4a15-bc6b-8be4cb0a382e,17,10,-7,7.059,6.629,-0.4300000000000006,119,False
CZ,nuscale_voygr6,mc_50000,mc_summary,d762ceeb-514f-43a6-9f91-a2d422ed6c60,3,1,-2,7.009,6.795,-0.2140000000000004,29,False
RO,nuscale_voygr6,mc_50000,mc_summary,dac2a974-a2de-46c5-b581-03985a9ae7d0,17,15,-2,5.978,5.891,-0.08699999999999974,22,False
PL,nuscale_voygr6,mc_50000,mc_summary,dadadad9-b67e-44b8-a9ab-4cbf116da20b,7,5,-2,7.153,6.776,-0.3769999999999998,61,False
TR,nuscale_voygr6,mc_50000,mc_summary,db87ce6a-3802-44c5-945f-8a95d3cf111b,84,64,-20,6.166,5.906,-0.2600000000000007,119,False
PL,nuscale_voygr6,mc_50000,mc_summary,dc87cdf1-9936-4a59-a5e9-b5e360173490,41,43,2,5.928,5.745,-0.18299999999999983,61,False
TR,nuscale_voygr6,mc_50000,mc_summary,dd413ee8-a6f2-4e7c-8e6c-6d0ed8637d83,26,28,2,6.88,6.343,-0.5369999999999999,119,False
TR,nuscale_voygr6,mc_50000,mc_summary,ddc8bb9c-bf77-4075-b38c-600fb072acf8,8,8,0,7.263,6.669,-0.5940000000000003,119,False
PL,nuscale_voygr6,mc_50000,mc_summary,de6735bd-7a79-43c8-baad-1fe23d50d6f0,24,25,1,6.441,6.144,-0.2969999999999997,61,False
TR,nuscale_voygr6,mc_50000,mc_summary,e03c394f-1c08-4101-b1fe-f6662fe4b424,9,9,0,7.26,6.664,-0.5960000000000001,119,False
RO,nuscale_voygr6,mc_50000,mc_summary,e073b3f8-4312-4d34-b322-6289a3121af1,13,11,-2,6.174,6.053,-0.12100000000000044,22,False
TR,nuscale_voygr6,mc_50000,mc_summary,e10aae79-05b7-4ad9-9d69-60ce190b4444,64,51,-13,6.328,6.066,-0.26200000000000045,119,False
HU,nuscale_voygr6,mc_50000,mc_summary,e1649639-2e45-4226-9c7a-783d2dcb6724,10,9,-1,5.411,5.211,-0.1999999999999993,11,False
CZ,nuscale_voygr6,mc_50000,mc_summary,e299922a-1670-4aff-acda-fd80600af9af,8,7,-1,6.716,6.598,-0.11800000000000033,29,False
PL,nuscale_voygr6,mc_50000,mc_summary,e2c23866-db1e-4316-82b5-7e3fe50c3c09,35,30,-5,6.053,5.892,-0.1609999999999996,61,False
RO,nuscale_voygr6,mc_50000,mc_summary,e43af28e-a3d3-4047-a9cf-f3b0990754b4,15,19,4,6.041,5.664,-0.37700000000000067,22,False
UA,nuscale_voygr6,mc_50000,mc_summary,e4c6a713-99e6-4fdf-afaa-d456779c504c,17,15,-2,6.126,6.101,-0.025000000000000355,20,False
PL,nuscale_voygr6,mc_50000,mc_summary,e4e3b5f0-7038-47a5-84e3-04eb07b3c4d7,3,12,9,7.227,6.568,-0.6590000000000007,61,False
TR,nuscale_voygr6,mc_50000,mc_summary,e71ec827-7143-48dd-8c8a-8e81705fa971,65,71,6,6.322,5.841,-0.48099999999999987,119,False
BA,nuscale_voygr6,mc_50000,mc_summary,e75c63e5-ef2f-4e08-8f8c-3da41215af9d,2,3,1,6.747,6.245,-0.5019999999999998,6,False
ME,nuscale_voygr6,mc_50000,mc_summary,e77a7e7f-11ba-4e61-98da-f44471bc52ab,2,1,-1,6.023,5.947,-0.07599999999999962,2,True
TR,nuscale_voygr6,mc_50000,mc_summary,e780e4ac-0506-4186-9b58-0f378f878345,13,14,1,7.116,6.576,-0.54,119,False
TR,nuscale_voygr6,mc_50000,mc_summary,e894ba3e-e397-47c9-b0b9-a72cfb6bd680,99,101,2,5.928,5.553,-0.375,119,False
TR,nuscale_voygr6,mc_50000,mc_summary,e8b6e342-2011-4343-b415-a8bf08501499,103,103,0,5.834,5.502,-0.33199999999999985,119,False
PL,nuscale_voygr6,mc_50000,mc_summary,e9a1ae49-ff79-462c-af4e-7c6843221d36,61,56,-5,5.328,5.3,-0.02800000000000047,61,False
TR,nuscale_voygr6,mc_50000,mc_summary,e9bc02be-cf10-4b27-9b8a-0d4a954720e4,32,34,2,6.74,6.306,-0.43400000000000016,119,False
PL,nuscale_voygr6,mc_50000,mc_summary,ebc0f461-acfa-47da-8094-5b15ea3e25a0,17,20,3,6.822,6.366,-0.4560000000000004,61,False
BG,nuscale_voygr6,mc_50000,mc_summary,ec5f337a-ca52-4b86-a0f4-4933eac349e3,1,1,0,7.709,7.189,-0.5199999999999996,8,False
PL,nuscale_voygr6,mc_50000,mc_summary,ee332928-87b2-4e7b-9203-20e402bc551f,16,7,-9,6.853,6.73,-0.12299999999999933,61,False
PL,nuscale_voygr6,mc_50000,mc_summary,ef2ee2ae-e73e-490c-aa07-746543fe20e6,43,41,-2,5.916,5.77,-0.1460000000000008,61,False
HU,nuscale_voygr6,mc_50000,mc_summary,ef325d90-6d2d-4f8f-89f2-3bc98beb149b,8,8,0,5.73,5.379,-0.35100000000000087,11,False
CZ,nuscale_voygr6,mc_50000,mc_summary,f1d2bca1-a7a9-4404-84c1-34fc8a59dab7,26,27,1,5.703,5.448,-0.2549999999999999,29,False
HU,nuscale_voygr6,mc_50000,mc_summary,f2b3a729-602a-4b6b-acc9-004244f2e556,9,11,2,5.418,5.179,-0.23899999999999988,11,False
UA,nuscale_voygr6,mc_50000,mc_summary,f2c061de-66ad-4fce-b911-7f1899f25b75,12,14,2,6.417,6.136,-0.2809999999999997,20,False
TR,nuscale_voygr6,mc_50000,mc_summary,f2e65fcf-afc4-4443-ac14-f15c8ffe48f3,11,17,6,7.154,6.546,-0.6079999999999997,119,False
CZ,nuscale_voygr6,mc_50000,mc_summary,f3523341-daaa-4573-a856-becb2e1bb9e3,6,2,-4,6.916,6.79,-0.12600000000000033,29,False
PL,nuscale_voygr6,mc_50000,mc_summary,f5be4e73-938d-4fe2-b585-5090ec780670,42,36,-6,5.922,5.836,-0.08599999999999941,61,False
HU,nuscale_voygr6,mc_50000,mc_summary,f7dcdb63-26e6-44cd-b440-ec14fe507d90,2,2,0,6.941,6.7,-0.24099999999999966,11,False
PL,nuscale_voygr6,mc_50000,mc_summary,f8f9f43d-6a3b-445d-818e-ca82a90ace65,56,50,-6,5.603,5.528,-0.07500000000000018,61,False
TR,nuscale_voygr6,mc_50000,mc_summary,f92bc907-9b9b-4d21-92fd-1705bd71128c,69,80,11,6.291,5.785,-0.5060000000000002,119,False
TR,nuscale_voygr6,mc_50000,mc_summary,fa6b7ac3-c1bf-478f-8d0a-1f357ea480cf,111,108,-3,5.594,5.328,-0.266,119,False
BY,nuscale_voygr6,mc_50000,mc_summary,fac3d0b5-36a5-48ae-8494-f2f08e4342f4,1,1,0,7.378,6.74,-0.6379999999999999,2,True
UA,nuscale_voygr6,mc_50000,mc_summary,fb7d4d9a-3f27-4b50-9941-6a8fccd25e9a,16,16,0,6.153,6.012,-0.14100000000000001,20,False
TR,nuscale_voygr6,mc_50000,mc_summary,fc307877-758b-4dbf-afbe-abfc4a778155,20,24,4,6.957,6.447,-0.5099999999999998,119,False
TR,nuscale_voygr6,mc_50000,mc_summary,fecb62d9-6fb8-4f8d-83e3-78a7c75adb6e,40,43,3,6.672,6.184,-0.48799999999999955,119,False
TR,nuscale_voygr6,w_EP_minus_20,weight,0049a899-af5f-41cd-86ae-2ba729b6365f,67,68,1,6.299,6.291,-0.008000000000000007,119,False
RS,nuscale_voygr6,w_EP_minus_20,weight,0182ec25-0df9-4e4b-9861-d76a332bc282,4,4,0,6.559,6.557,-0.0019999999999997797,7,False
UA,nuscale_voygr6,w_EP_minus_20,weight,02253fcc-4fc6-42d4-a6a8-42365487302f,13,13,0,6.318,6.342,0.02400000000000002,20,False
TR,nuscale_voygr6,w_EP_minus_20,weight,0248611c-b745-404f-ad50-c2870882c7a1,15,15,0,7.072,7.096,0.02400000000000002,119,False
UA,nuscale_voygr6,w_EP_minus_20,weight,038d42e9-769b-4b22-9513-dccff48b42cd,18,18,0,6.02,6.021,0.001000000000000334,20,False
HU,nuscale_voygr6,w_EP_minus_20,weight,059b3ad4-7196-4e6b-b169-8605ceeed841,3,3,0,6.872,6.86,-0.011999999999999567,11,False
CZ,nuscale_voygr6,w_EP_minus_20,weight,05daa6b2-bb29-4c26-a459-855626673955,12,12,0,6.464,6.459,-0.005000000000000782,29,False
PL,nuscale_voygr6,w_EP_minus_20,weight,06641fea-8997-4b69-a618-6afa34b82591,46,45,-1,5.859,5.872,0.0129999999999999,61,False
SK,nuscale_voygr6,w_EP_minus_20,weight,06defca3-9105-437f-afd4-52f5603d9b8e,4,4,0,6.303,6.31,0.006999999999999673,5,False
TR,nuscale_voygr6,w_EP_minus_20,weight,0947a4c8-4fc1-492f-9c66-2c9a993c7fb0,78,75,-3,6.216,6.257,0.04099999999999948,119,False
CZ,nuscale_voygr6,w_EP_minus_20,weight,0ae8917b-a70b-41e5-82de-e4963a7686e3,19,19,0,6.089,6.129,0.03999999999999915,29,False
PL,nuscale_voygr6,w_EP_minus_20,weight,0b187a1d-55de-47cf-96a3-06abc8ff2476,13,14,1,6.884,6.92,0.03599999999999959,61,False
TR,nuscale_voygr6,w_EP_minus_20,weight,0ca4ff78-4113-4ad9-ac04-0fd541d42338,101,101,0,5.845,5.851,0.006000000000000227,119,False
TR,nuscale_voygr6,w_EP_minus_20,weight,0fec985c-c66e-40af-a123-a9ba4db269bb,39,40,1,6.681,6.697,0.016000000000000014,119,False
TR,nuscale_voygr6,w_EP_minus_20,weight,1289753b-43db-4058-8fe1-6e38b5fb01b5,38,34,-4,6.719,6.755,0.03599999999999959,119,False
TR,nuscale_voygr6,w_EP_minus_20,weight,142cad75-648a-495d-8c10-792351e72126,2,2,0,7.459,7.476,0.017000000000000348,119,False
CZ,nuscale_voygr6,w_EP_minus_20,weight,14e88076-ce0e-4693-bca4-e80f3f013c7f,14,14,0,6.345,6.338,-0.006999999999999673,29,False
TR,nuscale_voygr6,w_EP_minus_20,weight,161660e7-3ccf-4704-b452-b126599700a0,114,114,0,5.444,5.417,-0.027000000000000135,119,False
TR,nuscale_voygr6,w_EP_minus_20,weight,1624a526-07d8-44a4-8ed7-3b035b748f03,116,115,-1,5.369,5.407,0.038000000000000256,119,False
TR,nuscale_voygr6,w_EP_minus_20,weight,166f5fcc-1cc4-4cf5-9e52-59e7ce1557c6,30,28,-2,6.809,6.863,0.05400000000000027,119,False
SK,nuscale_voygr6,w_EP_minus_20,weight,1719d38b-61e8-4b01-844b-3a2f85c8a186,3,3,0,6.741,6.757,0.016000000000000014,5,False
MK,nuscale_voygr6,w_EP_minus_20,weight,1739b1b7-a6f3-466c-9dfa-3d1de9d5b6db,1,1,0,6.812,6.832,0.019999999999999574,3,False
TR,nuscale_voygr6,w_EP_minus_20,weight,17568f0f-91fd-4efe-b4df-2c7cc5d80b7d,117,117,0,5.237,5.206,-0.030999999999999694,119,False
CZ,nuscale_voygr6,w_EP_minus_20,weight,180880c2-7284-4723-b02a-a62348b9b40b,9,9,0,6.672,6.672,0.0,29,False
TR,nuscale_voygr6,w_EP_minus_20,weight,1820429d-bd95-4e56-a6db-d9bb57e2ae07,56,56,0,6.451,6.445,-0.005999999999999339,119,False
PL,nuscale_voygr6,w_EP_minus_20,weight,187b4fd7-6a61-4e94-8ed4-495ac6dfc317,30,30,0,6.266,6.272,0.006000000000000227,61,False
RO,nuscale_voygr6,w_EP_minus_20,weight,18ecb024-ee4f-4045-8254-5e95d61dea8c,12,12,0,6.197,6.232,0.03500000000000014,22,False
LV,nuscale_voygr6,w_EP_minus_20,weight,1a5b8f8f-f4be-4514-8738-755d25e19b41,1,1,0,6.603,6.617,0.014000000000000234,1,True
CZ,nuscale_voygr6,w_EP_minus_20,weight,1c059a42-608c-4753-8fcf-ba797d94f900,24,24,0,5.809,5.806,-0.0030000000000001137,29,False
TR,nuscale_voygr6,w_EP_minus_20,weight,1ce7624e-1d72-4293-8ff4-09096b56ddd2,115,116,1,5.394,5.381,-0.0129999999999999,119,False
PL,nuscale_voygr6,w_EP_minus_20,weight,1d19dce6-c458-4656-901d-6a8d3c548761,12,13,1,6.934,6.94,0.006000000000000227,61,False
RO,nuscale_voygr6,w_EP_minus_20,weight,1d8be6d0-f3a5-4b32-9d46-3526289731f8,22,21,-1,5.391,5.444,0.052999999999999936,22,False
TR,nuscale_voygr6,w_EP_minus_20,weight,1f305180-6bbf-4758-9a98-78bc9e96e195,97,99,2,5.971,5.955,-0.016000000000000014,119,False
PL,nuscale_voygr6,w_EP_minus_20,weight,202d797d-b0f9-4cd0-bbac-d7bb06805c09,39,41,2,5.969,5.969,0.0,61,False
CZ,nuscale_voygr6,w_EP_minus_20,weight,20bce4f5-ca0b-4145-87e5-0a0694343f31,17,17,0,6.201,6.206,0.005000000000000782,29,False
CZ,nuscale_voygr6,w_EP_minus_20,weight,20c9d02d-e9e8-40b3-a11e-7a2e01018d8c,13,13,0,6.438,6.432,-0.005999999999999339,29,False
TR,nuscale_voygr6,w_EP_minus_20,weight,21ccc44f-3244-4e7f-9654-eae424288200,83,82,-1,6.201,6.206,0.005000000000000782,119,False
TR,nuscale_voygr6,w_EP_minus_20,weight,225656d9-8709-4c2f-9992-1e4f20a6fce8,28,29,1,6.862,6.851,-0.01100000000000012,119,False
TR,nuscale_voygr6,w_EP_minus_20,weight,231565d3-4f56-43ee-a357-1f4451c6fbc3,49,45,-4,6.562,6.612,0.04999999999999982,119,False
TR,nuscale_voygr6,w_EP_minus_20,weight,2350bab4-9869-43f1-b62f-a4d5aea77ef5,66,66,0,6.306,6.314,0.008000000000000007,119,False
PL,nuscale_voygr6,w_EP_minus_20,weight,239ea0eb-a9c4-43cc-ac5f-35271bdc6613,5,5,0,7.191,7.202,0.01100000000000012,61,False
CZ,nuscale_voygr6,w_EP_minus_20,weight,274ec928-e527-44cf-86c5-b6eddc09d0f7,18,18,0,6.153,6.157,0.004000000000000448,29,False
PL,nuscale_voygr6,w_EP_minus_20,weight,27fc89b3-ee57-44ac-8073-a700bc8d12e8,54,52,-2,5.653,5.697,0.04400000000000048,61,False
CZ,nuscale_voygr6,w_EP_minus_20,weight,287cbb48-bb08-40dd-82c5-cfe1530dfbb9,1,1,0,7.095,7.105,0.010000000000000675,29,False
TR,nuscale_voygr6,w_EP_minus_20,weight,28980273-0ba6-4c8c-b080-7ff9b33cc4c9,88,88,0,6.122,6.13,0.008000000000000007,119,False
HU,nuscale_voygr6,w_EP_minus_20,weight,28b36531-865d-42ae-afb3-b8bad86f7014,6,6,0,6.23,6.274,0.043999999999999595,11,False
PL,nuscale_voygr6,w_EP_minus_20,weight,29479c3f-8db8-4f62-90e8-59ad6739f90b,36,36,0,6.03,6.031,0.0009999999999994458,61,False
RS,nuscale_voygr6,w_EP_minus_20,weight,296282b1-d079-4c1e-b2df-12c25128b963,1,1,0,6.753,6.806,0.052999999999999936,7,False
PL,nuscale_voygr6,w_EP_minus_20,weight,2981a12d-3444-4301-96ba-a63ef50bec3e,1,1,0,7.684,7.706,0.02200000000000024,61,False
RO,nuscale_voygr6,w_EP_minus_20,weight,29836b52-a882-4921-95a7-6417e636d9a2,5,5,0,6.784,6.817,0.03300000000000036,22,False
PL,nuscale_voygr6,w_EP_minus_20,weight,29a58981-aaf7-4450-ad41-49dd6d786168,52,53,1,5.678,5.672,-0.006000000000000227,61,False
UA,nuscale_voygr6,w_EP_minus_20,weight,29b3a802-7ef1-4722-ad59-b1511b1b0075,1,1,0,7.455,7.508,0.052999999999999936,20,False
TR,nuscale_voygr6,w_EP_minus_20,weight,2a3aad60-2bff-4206-8275-f6e2029f9278,12,12,0,7.121,7.115,-0.006000000000000227,119,False
RS,nuscale_voygr6,w_EP_minus_20,weight,2b03f2e2-64ac-4262-bbff-7a536bda5722,2,2,0,6.716,6.732,0.016000000000000014,7,False
TR,nuscale_voygr6,w_EP_minus_20,weight,2b6a65d3-efb0-44d8-b88b-9aad311f4ac4,14,14,0,7.107,7.101,-0.006000000000000227,119,False
PL,nuscale_voygr6,w_EP_minus_20,weight,2da9dab9-7b4e-46e7-b1c8-70eeb329c177,44,44,0,5.891,5.889,-0.0019999999999997797,61,False
AT,nuscale_voygr6,w_EP_minus_20,weight,2dcd2c6d-f375-4408-9492-7910662fac03,2,2,0,7.016,7.074,0.05799999999999983,6,False
TR,nuscale_voygr6,w_EP_minus_20,weight,2ec95392-978d-4a43-85b9-af3282c212ba,7,7,0,7.276,7.29,0.014000000000000234,119,False
TR,nuscale_voygr6,w_EP_minus_20,weight,2ed9363f-a9fe-46e5-8b92-c50b47a9077a,68,73,5,6.299,6.275,-0.02400000000000002,119,False
BG,nuscale_voygr6,w_EP_minus_20,weight,2fb27566-cc7b-4530-8ff9-e55e3a1985bd,6,6,0,6.578,6.591,0.0129999999999999,8,False
CZ,nuscale_voygr6,w_EP_minus_20,weight,2fe0a0b3-4108-427e-8e54-f77e1ea7227c,5,5,0,6.916,6.936,0.019999999999999574,29,False
BG,nuscale_voygr6,w_EP_minus_20,weight,30c9e377-b575-46fa-880f-922c46e6500a,2,2,0,7.428,7.46,0.03200000000000003,8,False
CZ,nuscale_voygr6,w_EP_minus_20,weight,32484f7b-18a4-4b21-8e6a-6d68ae099d02,4,4,0,6.931,6.953,0.02200000000000024,29,False
BG,nuscale_voygr6,w_EP_minus_20,weight,33a015dd-51e0-497e-b0d3-4b1b3f070438,8,8,0,5.875,5.888,0.0129999999999999,8,False
BA,nuscale_voygr6,w_EP_minus_20,weight,344e0e9a-558e-4749-bb66-cd746be50cbd,4,4,0,6.572,6.6,0.02799999999999958,6,False
RO,nuscale_voygr6,w_EP_minus_20,weight,345fb795-170a-4fb5-833c-f6bcf2eb450c,1,1,0,7.816,7.84,0.02400000000000002,22,False
HU,nuscale_voygr6,w_EP_minus_20,weight,34d88ce8-d49c-4b19-af2d-6efcb1b72149,11,9,-2,5.405,5.435,0.02999999999999936,11,False
UA,nuscale_voygr6,w_EP_minus_20,weight,3657989a-61ae-4fe3-9e8b-6ba7e68f8c59,10,10,0,6.616,6.663,0.0470000000000006,20,False
ME,nuscale_voygr6,w_EP_minus_20,weight,3795824b-cb76-48dd-a65c-764c757ddc76,1,2,1,6.023,6.04,0.017000000000000348,2,True
TR,nuscale_voygr6,w_EP_minus_20,weight,381221dd-76da-4adf-9b19-5da9f0779c22,42,42,0,6.653,6.668,0.015000000000000568,119,False
TR,nuscale_voygr6,w_EP_minus_20,weight,3819acc8-761d-49ba-89e7-967d3d37ec0e,61,62,1,6.344,6.337,-0.007000000000000561,119,False
PL,nuscale_voygr6,w_EP_minus_20,weight,399668d6-bfed-4e5b-bf38-9ee5902101c3,57,57,0,5.5,5.489,-0.01100000000000012,61,False
TR,nuscale_voygr6,w_EP_minus_20,weight,3a06636d-c742-4b72-b9cd-21a4537c331b,106,104,-2,5.756,5.803,0.04699999999999971,119,False
BG,nuscale_voygr6,w_EP_minus_20,weight,3bb6666f-de2f-4c6f-a28e-c3bddb71b54a,4,4,0,7.009,7.032,0.022999999999999687,8,False
TR,nuscale_voygr6,w_EP_minus_20,weight,3bc834ed-5c2b-47d6-b555-2e20b9044053,55,55,0,6.47,6.466,-0.0039999999999995595,119,False
UA,nuscale_voygr6,w_EP_minus_20,weight,3bd2a957-ff3b-4bfd-9dba-808279edccb9,14,14,0,6.192,6.284,0.09199999999999964,20,False
RO,nuscale_voygr6,w_EP_minus_20,weight,3bef37a3-239e-498d-a160-77452a6a9b79,20,20,0,5.463,5.451,-0.012000000000000455,22,False
PL,nuscale_voygr6,w_EP_minus_20,weight,3d2d4c37-eb9d-4b35-a8b1-b3f485bc3e3f,28,29,1,6.291,6.298,0.006999999999999673,61,False
TR,nuscale_voygr6,w_EP_minus_20,weight,3e5f4317-6f40-44fb-bfa2-e21dc4d9922d,76,69,-7,6.234,6.291,0.057000000000000384,119,False
TR,nuscale_voygr6,w_EP_minus_20,weight,3f1ad930-cffb-4991-badd-773db74b890c,48,49,1,6.572,6.585,0.0129999999999999,119,False
PL,nuscale_voygr6,w_EP_minus_20,weight,40650551-0c9c-45ea-bac6-befdb0cb5909,40,38,-2,5.941,5.991,0.04999999999999982,61,False
PL,nuscale_voygr6,w_EP_minus_20,weight,409dde58-5df1-44d9-b5ec-f8e2edd86786,38,39,1,5.978,5.978,0.0,61,False
PL,nuscale_voygr6,w_EP_minus_20,weight,40b4334a-7ba4-4ed8-aa8e-3c405599fbd7,31,31,0,6.141,6.16,0.019000000000000128,61,False
PL,nuscale_voygr6,w_EP_minus_20,weight,416aab55-6fd9-4a0a-b8f8-796fb62d86a5,32,33,1,6.116,6.119,0.0030000000000001137,61,False
TR,nuscale_voygr6,w_EP_minus_20,weight,42d5b3fd-7d07-409b-9154-4441695b7901,74,74,0,6.253,6.259,0.006000000000000227,119,False
CZ,nuscale_voygr6,w_EP_minus_20,weight,43e5b2b4-2ccf-46ab-b01e-e3d480146455,29,29,0,5.378,5.416,0.038000000000000256,29,False
TR,nuscale_voygr6,w_EP_minus_20,weight,43f99d45-6635-4392-a522-4a06445fdaf2,6,4,-2,7.328,7.359,0.030999999999999694,119,False
PL,nuscale_voygr6,w_EP_minus_20,weight,4411a22e-4e8a-4715-b000-1aae34494b68,19,16,-3,6.797,6.866,0.06899999999999995,61,False
TR,nuscale_voygr6,w_EP_minus_20,weight,44362378-9c74-44af-8a08-be4877f50e97,108,108,0,5.741,5.72,-0.020999999999999908,119,False
TR,nuscale_voygr6,w_EP_minus_20,weight,44698c12-3c50-4602-8104-dafa5fd215b6,98,96,-2,5.966,6.017,0.051000000000000156,119,False
UA,nuscale_voygr6,w_EP_minus_20,weight,447a9ea1-47fa-48a3-93f2-a77cbd629ac7,6,6,0,6.887,6.941,0.05400000000000027,20,False
CZ,nuscale_voygr6,w_EP_minus_20,weight,44d40276-5847-41d1-ab9b-887bbdc1bcfe,25,25,0,5.74,5.789,0.04899999999999949,29,False
UA,nuscale_voygr6,w_EP_minus_20,weight,46b96bc3-b190-4045-9c86-eb674e2ea35e,7,8,1,6.797,6.835,0.038000000000000256,20,False
PL,nuscale_voygr6,w_EP_minus_20,weight,47be3ec4-7abe-4f4c-ac3d-b7f753b8514a,50,51,1,5.753,5.748,-0.004999999999999893,61,False
TR,nuscale_voygr6,w_EP_minus_20,weight,48149515-0774-404d-b273-790b660a8d90,37,32,-5,6.72,6.775,0.055000000000000604,119,False
TR,nuscale_voygr6,w_EP_minus_20,weight,4b11cac9-4fe0-4a2a-9c09-4fe9a0ac6015,34,35,1,6.722,6.738,0.016000000000000014,119,False
UA,nuscale_voygr6,w_EP_minus_20,weight,4e45df00-0d28-44d0-9697-3fa33d76fc88,9,7,-2,6.788,6.839,0.051000000000000156,20,False
CZ,nuscale_voygr6,w_EP_minus_20,weight,4eb7914c-e000-403c-b5a5-c350de67bb83,23,23,0,5.911,5.91,-0.0009999999999994458,29,False
TR,nuscale_voygr6,w_EP_minus_20,weight,5067ece3-b204-495e-81c1-90a523252547,113,113,0,5.464,5.437,-0.027000000000000135,119,False
TR,nuscale_voygr6,w_EP_minus_20,weight,52028d4f-7796-4463-832e-cff2e439c96a,52,53,1,6.523,6.503,-0.019999999999999574,119,False
RO,nuscale_voygr6,w_EP_minus_20,weight,52a7babe-313f-493b-86b9-bd0c4aece4c3,4,4,0,7.016,7.054,0.038000000000000256,22,False
PL,nuscale_voygr6,w_EP_minus_20,weight,52db4dae-b014-45a4-96c4-49f80c1fdd11,6,6,0,7.184,7.195,0.01100000000000012,61,False
AT,nuscale_voygr6,w_EP_minus_20,weight,532bfb42-0d4c-42cf-a81a-287f2b3a75bf,3,3,0,6.616,6.63,0.014000000000000234,6,False
TR,nuscale_voygr6,w_EP_minus_20,weight,53481b7f-5b85-4bab-be04-4866c2e72c12,104,105,1,5.812,5.794,-0.018000000000000682,119,False
PL,nuscale_voygr6,w_EP_minus_20,weight,558e7bff-5b5d-4666-9ca3-ec02f2269aab,8,8,0,7.134,7.16,0.0259999999999998,61,False
TR,nuscale_voygr6,w_EP_minus_20,weight,55cfe45b-6357-40f9-8623-e9916f91f839,27,27,0,6.872,6.876,0.004000000000000448,119,False
TR,nuscale_voygr6,w_EP_minus_20,weight,56b8e2a3-1885-431f-9fd1-4cd3bebfad61,46,47,1,6.584,6.598,0.014000000000000234,119,False
TR,nuscale_voygr6,w_EP_minus_20,weight,57c0c830-725f-46ee-9322-0a4a3ad9efda,22,21,-1,6.938,6.944,0.006000000000000227,119,False
TR,nuscale_voygr6,w_EP_minus_20,weight,5a19f424-1a15-44e6-bf1b-c2c5886ac1bf,53,52,-1,6.509,6.506,-0.0030000000000001137,119,False
RO,nuscale_voygr6,w_EP_minus_20,weight,5a33e5f0-6d86-4eab-adea-6c6bad7f3f45,19,19,0,5.903,5.917,0.014000000000000234,22,False
PL,nuscale_voygr6,w_EP_minus_20,weight,5a57ae0a-6f91-46f4-a1f5-56a6b37596e9,59,61,2,5.341,5.327,-0.014000000000000234,61,False
TR,nuscale_voygr6,w_EP_minus_20,weight,5b6be56c-d981-470c-a979-13a8764a34b8,50,50,0,6.556,6.553,-0.0030000000000001137,119,False
RS,nuscale_voygr6,w_EP_minus_20,weight,5d4aee8d-9e73-4987-907a-d092e0ba92ed,5,5,0,6.503,6.515,0.011999999999999567,7,False
HU,nuscale_voygr6,w_EP_minus_20,weight,5de5f907-98e7-42d3-a7dd-cb65f839697b,4,4,0,6.778,6.78,0.002000000000000668,11,False
UA,nuscale_voygr6,w_EP_minus_20,weight,5ed0a674-a292-44bc-997f-5c1990da1235,2,2,0,7.372,7.418,0.04600000000000026,20,False
TR,nuscale_voygr6,w_EP_minus_20,weight,5ed91c1b-0a1b-4a4c-9b2b-f6bdc8ff9770,91,92,1,6.082,6.052,-0.03000000000000025,119,False
CZ,nuscale_voygr6,w_EP_minus_20,weight,5f4ed23c-cea2-41ef-a3e8-ac863e1bdcd6,15,15,0,6.339,6.331,-0.008000000000000007,29,False
TR,nuscale_voygr6,w_EP_minus_20,weight,5fa0dfa9-c272-444e-8e70-80ab55b5d36c,19,19,0,7.009,7.001,-0.008000000000000007,119,False
CZ,nuscale_voygr6,w_EP_minus_20,weight,60baaa73-dd8c-4865-bb18-6c73d63a4052,10,10,0,6.648,6.647,-0.0009999999999994458,29,False
CZ,nuscale_voygr6,w_EP_minus_20,weight,63601ccc-3f20-4cbd-95cb-0fbeaf821c6a,11,11,0,6.51,6.522,0.012000000000000455,29,False
HU,nuscale_voygr6,w_EP_minus_20,weight,651839d3-4e8f-4214-89aa-1f96ea221121,7,7,0,5.967,5.967,0.0,11,False
AT,nuscale_voygr6,w_EP_minus_20,weight,660d9d71-6733-4294-951b-1c58614d58cf,1,1,0,7.159,7.17,0.01100000000000012,6,False
PL,nuscale_voygr6,w_EP_minus_20,weight,66bdc30c-4179-480b-a55a-5d15be5ac66b,20,20,0,6.775,6.792,0.01699999999999946,61,False
CZ,nuscale_voygr6,w_EP_minus_20,weight,66c3f077-1ee6-41d7-8e6c-da374bb45139,28,28,0,5.622,5.614,-0.008000000000000007,29,False
TR,nuscale_voygr6,w_EP_minus_20,weight,674deb4f-110c-4120-bea0-5f0711da3ea1,5,6,1,7.347,7.346,-0.001000000000000334,119,False
BY,nuscale_voygr6,w_EP_minus_20,weight,68aabff9-e662-4b9f-b37d-4c2ebc5f7539,2,2,0,6.991,7.013,0.02200000000000024,2,True
RO,nuscale_voygr6,w_EP_minus_20,weight,693d9b73-f9fc-4502-9b94-be020c5d21fb,7,7,0,6.653,6.653,0.0,22,False
RO,nuscale_voygr6,w_EP_minus_20,weight,6aed2eac-1c97-40c5-b842-fb15fd510f35,11,11,0,6.266,6.287,0.020999999999999908,22,False
RO,nuscale_voygr6,w_EP_minus_20,weight,6c428b2a-ad09-448b-b24c-22465929d69c,21,22,1,5.428,5.401,-0.027000000000000135,22,False
TR,nuscale_voygr6,w_EP_minus_20,weight,6c9571c4-5d3b-4f88-a7be-fa8c21425eeb,3,3,0,7.38,7.412,0.03200000000000003,119,False
TR,nuscale_voygr6,w_EP_minus_20,weight,6ddc2960-3d72-4d5f-b358-56d1c54f47e0,70,70,0,6.278,6.285,0.007000000000000561,119,False
AT,nuscale_voygr6,w_EP_minus_20,weight,6e7fc4d8-636d-411a-baef-e138a5a07acc,5,5,0,6.544,6.526,-0.017999999999999794,6,False
BG,nuscale_voygr6,w_EP_minus_20,weight,704ef487-f600-4f23-b06e-a0f81b627597,7,7,0,5.878,5.891,0.0129999999999999,8,False
UA,nuscale_voygr6,w_EP_minus_20,weight,70781f2c-24c2-486c-8b32-310c36ba1238,15,15,0,6.185,6.239,0.05400000000000027,20,False
UA,nuscale_voygr6,w_EP_minus_20,weight,725406d6-860f-4ca0-9c6a-425675bac381,11,11,0,6.543,6.589,0.04600000000000026,20,False
TR,nuscale_voygr6,w_EP_minus_20,weight,737b6d06-1d0c-4ae6-9683-ab3fea192b32,60,61,1,6.355,6.348,-0.007000000000000561,119,False
PL,nuscale_voygr6,w_EP_minus_20,weight,73fe8f06-c53b-4877-9c1d-5caf3d8f2749,60,60,0,5.332,5.334,0.0019999999999997797,61,False
TR,nuscale_voygr6,w_EP_minus_20,weight,746fc66e-d31f-4c5d-bf5c-ab5031b04b15,89,89,0,6.122,6.109,-0.0129999999999999,119,False
MK,nuscale_voygr6,w_EP_minus_20,weight,756218bb-3f16-443e-b6c6-400cd0ce2f87,3,3,0,6.181,6.186,0.004999999999999893,3,False
TR,nuscale_voygr6,w_EP_minus_20,weight,75f807aa-8278-43a3-8654-730713b96001,58,59,1,6.421,6.415,-0.006000000000000227,119,False
TR,nuscale_voygr6,w_EP_minus_20,weight,76cd9b7f-7613-4fd4-95ab-bf534a2e2f5e,85,87,2,6.153,6.142,-0.010999999999999233,119,False
SK,nuscale_voygr6,w_EP_minus_20,weight,770f1d3c-e5fd-493c-a376-e708d2abec6c,1,1,0,7.022,7.06,0.03799999999999937,5,False
TR,nuscale_voygr6,w_EP_minus_20,weight,772e2484-419b-47de-9739-924ac371ad10,51,51,0,6.534,6.516,-0.017999999999999794,119,False
TR,nuscale_voygr6,w_EP_minus_20,weight,778e0750-19f9-426e-a6c7-e0e30645fb97,10,10,0,7.185,7.181,-0.0039999999999995595,119,False
TR,nuscale_voygr6,w_EP_minus_20,weight,7a805295-0cd2-48be-972e-5282c996549c,79,80,1,6.216,6.221,0.004999999999999893,119,False
TR,nuscale_voygr6,w_EP_minus_20,weight,7b4d3f8f-a644-48a3-93f9-cd3c154dc5c2,107,107,0,5.747,5.742,-0.004999999999999893,119,False
TR,nuscale_voygr6,w_EP_minus_20,weight,7cc9cffa-e4e4-4546-902d-c8f4800dbdb2,29,30,1,6.815,6.818,0.0029999999999992255,119,False
PL,nuscale_voygr6,w_EP_minus_20,weight,7fc17ab0-ce24-4830-a938-b8424d1e9368,9,9,0,7.116,7.11,-0.005999999999999339,61,False
BA,nuscale_voygr6,w_EP_minus_20,weight,82011c29-a3d3-4a81-a27b-019d2649a251,6,6,0,5.934,6.015,0.08099999999999952,6,False
RO,nuscale_voygr6,w_EP_minus_20,weight,825dc024-9a53-4237-bf59-cbe0af0cf87d,6,6,0,6.703,6.719,0.016000000000000014,22,False
TR,nuscale_voygr6,w_EP_minus_20,weight,829f61ff-0ad1-4288-8dd9-e41abbd0b6a7,119,119,0,5.087,5.068,-0.019000000000000128,119,False
TR,nuscale_voygr6,w_EP_minus_20,weight,82aac38c-3037-466c-9b37-bff9da707645,87,84,-3,6.134,6.189,0.054999999999999716,119,False
MK,nuscale_voygr6,w_EP_minus_20,weight,83d3abe4-2049-47ad-a66b-46034edb7569,2,2,0,6.707,6.724,0.017000000000000348,3,False
UA,nuscale_voygr6,w_EP_minus_20,weight,83fede8b-5f92-429d-920d-9a8928a74780,4,4,0,7.166,7.211,0.04499999999999993,20,False
BA,nuscale_voygr6,w_EP_minus_20,weight,85257083-08d1-4560-b198-a9df414da4a9,1,1,0,6.951,7.011,0.0600000000000005,6,False
RO,nuscale_voygr6,w_EP_minus_20,weight,8781d874-5923-4795-9c9f-b2a6c709025a,18,18,0,5.941,5.955,0.014000000000000234,22,False
TR,nuscale_voygr6,w_EP_minus_20,weight,8782d6f2-5f9f-4c67-b9f2-6756857bd200,92,93,1,6.062,6.032,-0.03000000000000025,119,False
TR,nuscale_voygr6,w_EP_minus_20,weight,8a5dc384-e272-41ed-9868-a0686ac3fc7e,47,48,1,6.584,6.598,0.014000000000000234,119,False
PL,nuscale_voygr6,w_EP_minus_20,weight,8a9d5c87-7edc-49c3-85a2-d97727b9c9b2,27,28,1,6.297,6.304,0.007000000000000561,61,False
TR,nuscale_voygr6,w_EP_minus_20,weight,8b16dc60-1a2b-4b2c-bcad-1c334d246ae3,102,103,1,5.841,5.822,-0.019000000000000128,119,False
TR,nuscale_voygr6,w_EP_minus_20,weight,8dd46a05-6e0c-4009-90ad-bd5909c25622,110,111,1,5.594,5.57,-0.02400000000000002,119,False
PL,nuscale_voygr6,w_EP_minus_20,weight,8dd8db4c-b62d-4f6b-a2ee-70a9ed785e7a,48,48,0,5.816,5.812,-0.0039999999999995595,61,False
PL,nuscale_voygr6,w_EP_minus_20,weight,8e485f8a-5c68-4541-ab1d-77783f6fcb2d,18,19,1,6.806,6.809,0.0030000000000001137,61,False
HU,nuscale_voygr6,w_EP_minus_20,weight,903d6b94-cd9d-4c32-b7e2-4bbfbee929df,5,5,0,6.641,6.657,0.016000000000000014,11,False
AT,nuscale_voygr6,w_EP_minus_20,weight,90820fe3-9889-4faf-9906-7c528f8d7bc5,6,6,0,6.347,6.355,0.008000000000000007,6,False
TR,nuscale_voygr6,w_EP_minus_20,weight,9163ca37-1b31-409d-974f-9e7ed5e5f33d,80,76,-4,6.216,6.257,0.04099999999999948,119,False
PL,nuscale_voygr6,w_EP_minus_20,weight,917008f5-fba1-4ef7-b82d-9aded2b69267,4,3,-1,7.222,7.249,0.026999999999999247,61,False
TR,nuscale_voygr6,w_EP_minus_20,weight,91f28dbb-16bd-449b-a20a-dc2b70cf2e66,94,95,1,6.028,6.029,0.001000000000000334,119,False
TR,nuscale_voygr6,w_EP_minus_20,weight,94a5c55f-c499-41b1-81da-deaa36686399,18,18,0,7.022,7.029,0.006999999999999673,119,False
UA,nuscale_voygr6,w_EP_minus_20,weight,95872473-c476-4ceb-bcf5-54cfdf415e42,19,19,0,5.921,5.952,0.030999999999999694,20,False
RO,nuscale_voygr6,w_EP_minus_20,weight,958e4d82-853a-41f1-a442-94b4c4314221,2,2,0,7.159,7.221,0.06200000000000028,22,False
TR,nuscale_voygr6,w_EP_minus_20,weight,96129c93-83a6-4b1c-929b-bfccba86a796,77,79,2,6.234,6.225,-0.009000000000000341,119,False
TR,nuscale_voygr6,w_EP_minus_20,weight,9699244b-14c0-4e27-afd1-105494fccd60,21,24,3,6.947,6.937,-0.009999999999999787,119,False
CZ,nuscale_voygr6,w_EP_minus_20,weight,97ed917e-acfa-4002-be89-4ec44972ab45,20,21,1,6.016,6.017,0.001000000000000334,29,False
TR,nuscale_voygr6,w_EP_minus_20,weight,98019711-a8c3-424a-870e-00d4fea75ed1,100,100,0,5.859,5.872,0.0129999999999999,119,False
RO,nuscale_voygr6,w_EP_minus_20,weight,9825e28e-fd6e-460d-9caf-0342563f9060,10,8,-2,6.441,6.517,0.07600000000000051,22,False
RS,nuscale_voygr6,w_EP_minus_20,weight,993ccce2-d5e1-498d-827d-8dbfeb42582b,3,3,0,6.634,6.649,0.01499999999999968,7,False
HU,nuscale_voygr6,w_EP_minus_20,weight,997474f6-9bfd-4abd-a2ac-d8618db8f0b4,1,1,0,7.584,7.604,0.020000000000000462,11,False
AT,nuscale_voygr6,w_EP_minus_20,weight,99d712ac-7993-4186-8a0e-2e88bae7e90f,4,4,0,6.559,6.572,0.0129999999999999,6,False
TR,nuscale_voygr6,w_EP_minus_20,weight,9a6447f2-2887-4cce-a115-dc773d7f6eb1,31,31,0,6.809,6.797,-0.012000000000000455,119,False
CZ,nuscale_voygr6,w_EP_minus_20,weight,9c4291f1-173b-467e-ae26-8cb01312c605,7,7,0,6.773,6.775,0.002000000000000668,29,False
TR,nuscale_voygr6,w_EP_minus_20,weight,9eb693f6-6994-4937-bc4d-e8213baa5d47,59,57,-2,6.391,6.436,0.04499999999999993,119,False
BG,nuscale_voygr6,w_EP_minus_20,weight,a064c7ae-e699-4a94-a18c-79bdfe42bce3,3,3,0,7.091,7.115,0.02400000000000002,8,False
PL,nuscale_voygr6,w_EP_minus_20,weight,a19228ce-f25a-4ffd-a249-9d01403e6b81,11,11,0,6.953,6.959,0.005999999999999339,61,False
BA,nuscale_voygr6,w_EP_minus_20,weight,a23d073a-cbbd-469a-b134-380945fd3f4c,5,5,0,6.458,6.485,0.027000000000000135,6,False
SK,nuscale_voygr6,w_EP_minus_20,weight,a2d8261c-3d08-4015-946c-47dbddbd0b98,5,5,0,5.691,5.7,0.009000000000000341,5,False
TR,nuscale_voygr6,w_EP_minus_20,weight,a4af3789-2c40-41fc-a3ec-3b8d2fc6c645,86,86,0,6.148,6.152,0.004000000000000448,119,False
RO,nuscale_voygr6,w_EP_minus_20,weight,a4fa3246-27d6-4740-898c-bdf9dadcb88c,14,14,0,6.078,6.096,0.017999999999999794,22,False
PL,nuscale_voygr6,w_EP_minus_20,weight,a55e3643-8ed4-434b-b14f-2d549d09c0d9,10,10,0,6.984,7.007,0.022999999999999687,61,False
TR,nuscale_voygr6,w_EP_minus_20,weight,a6478cb9-5b8c-4d64-bbe6-3d3ed6a3da2c,4,5,1,7.354,7.353,-0.001000000000000334,119,False
PL,nuscale_voygr6,w_EP_minus_20,weight,a67255dd-8134-418e-9377-e28516c53722,25,25,0,6.384,6.393,0.008999999999999453,61,False
PL,nuscale_voygr6,w_EP_minus_20,weight,a6b51b4f-ba1d-49cd-bc99-8898acdbeb78,26,26,0,6.345,6.354,0.009000000000000341,61,False
CZ,nuscale_voygr6,w_EP_minus_20,weight,a6bf9980-016e-47ea-b40a-82e384a9eb43,22,22,0,5.951,5.95,-0.0009999999999994458,29,False
CZ,nuscale_voygr6,w_EP_minus_20,weight,a733fc13-11a4-4722-b62d-85c85a4f8ef3,21,20,-1,6.016,6.068,0.0519999999999996,29,False
PL,nuscale_voygr6,w_EP_minus_20,weight,a7eeee6e-e14a-40ba-80b6-75ed2e170b20,33,32,-1,6.103,6.121,0.018000000000000682,61,False
PL,nuscale_voygr6,w_EP_minus_20,weight,a91dfe3d-93e0-43a1-99d2-41abdd1fc2ce,53,54,1,5.678,5.671,-0.006999999999999673,61,False
TR,nuscale_voygr6,w_EP_minus_20,weight,a96dc545-41a9-4b0d-a7a3-f40ef711e5e3,41,36,-5,6.668,6.738,0.07000000000000028,119,False
BA,nuscale_voygr6,w_EP_minus_20,weight,aa0bdb5e-45aa-4d15-8aee-cb5b0e14f5d9,3,3,0,6.622,6.651,0.028999999999999915,6,False
TR,nuscale_voygr6,w_EP_minus_20,weight,aa336cdc-f6fe-4b08-b46d-69e852c501bf,62,63,1,6.328,6.336,0.008000000000000007,119,False
CZ,nuscale_voygr6,w_EP_minus_20,weight,aa38441d-aec7-4ae9-b4c3-68c5bf567db3,16,16,0,6.214,6.219,0.004999999999999893,29,False
HR,nuscale_voygr6,w_EP_minus_20,weight,ab151830-e5bd-46de-8400-01aa4c165366,1,1,0,6.214,6.203,-0.01100000000000012,1,True
PL,nuscale_voygr6,w_EP_minus_20,weight,ab57f5c3-8699-46f9-970f-3007dfc58af4,23,23,0,6.503,6.484,-0.019000000000000128,61,False
TR,nuscale_voygr6,w_EP_minus_20,weight,ad0c8590-c672-43f2-a813-1217a10f7d2d,1,1,0,7.784,7.794,0.009999999999999787,119,False
PL,nuscale_voygr6,w_EP_minus_20,weight,ad7a9c00-0c75-411f-8f89-859e603df1e6,51,50,-1,5.753,5.764,0.01100000000000012,61,False
TR,nuscale_voygr6,w_EP_minus_20,weight,adeb10a5-aaae-4e2c-b426-3db1c3d9bd5b,93,91,-2,6.053,6.055,0.0019999999999997797,119,False
RO,nuscale_voygr6,w_EP_minus_20,weight,af7f107f-71b5-5a33-8125-9ccb7060f895,3,3,0,7.114,7.203,0.08900000000000041,22,False
RO,nuscale_voygr6,w_EP_minus_20,weight,aff5ffe6-fe7a-4de7-afad-9d4645a64cd9,9,9,0,6.478,6.504,0.0259999999999998,22,False
BG,nuscale_voygr6,w_EP_minus_20,weight,b01fe781-dbc7-40f8-a544-946288020042,5,5,0,6.984,7.022,0.038000000000000256,8,False
CZ,nuscale_voygr6,w_EP_minus_20,weight,b0ba194f-3c80-4725-b1e7-fa5277b38833,2,2,0,7.016,7.024,0.008000000000000007,29,False
PL,nuscale_voygr6,w_EP_minus_20,weight,b24c9876-5a4d-4b83-b442-af2f4b0d1047,45,46,1,5.866,5.863,-0.0029999999999992255,61,False
PL,nuscale_voygr6,w_EP_minus_20,weight,b24f9ac5-5ddf-4b19-ba95-76dafeca3d2c,2,2,0,7.284,7.313,0.028999999999999915,61,False
MD,nuscale_voygr6,w_EP_minus_20,weight,b3eb5dd2-98cf-40c4-b9ee-2a86fd066093,1,1,0,6.959,6.996,0.03700000000000081,1,True
TR,nuscale_voygr6,w_EP_minus_20,weight,b588126a-42d6-49dc-b227-9283af5a2578,35,37,2,6.722,6.738,0.016000000000000014,119,False
TR,nuscale_voygr6,w_EP_minus_20,weight,b5a75ec8-a2fe-42ad-b33e-ea32e20ebdfb,45,44,-1,6.622,6.636,0.014000000000000234,119,False
TR,nuscale_voygr6,w_EP_minus_20,weight,b5ff798e-e059-4d8b-a903-00a1fefc62ab,36,38,2,6.722,6.738,0.016000000000000014,119,False
PL,nuscale_voygr6,w_EP_minus_20,weight,b789a244-7d29-4be3-afe4-2f45d7f11eab,47,47,0,5.819,5.816,-0.0030000000000001137,61,False
TR,nuscale_voygr6,w_EP_minus_20,weight,b8875ff2-9e9d-4520-8879-c71468e9cc50,25,26,1,6.891,6.896,0.004999999999999893,119,False
PL,nuscale_voygr6,w_EP_minus_20,weight,b8a00967-90a3-4a4e-9979-6b8651d87380,29,27,-2,6.291,6.313,0.021999999999999353,61,False
PL,nuscale_voygr6,w_EP_minus_20,weight,b8bc6544-1571-4906-95e0-314d62c78a24,15,15,0,6.853,6.872,0.019000000000000128,61,False
TR,nuscale_voygr6,w_EP_minus_20,weight,b90e80f9-66f3-4290-8aa2-518b8422aba0,112,110,-2,5.591,5.598,0.006999999999999673,119,False
TR,nuscale_voygr6,w_EP_minus_20,weight,bac4a081-83dc-4aba-8076-b67bfc55f54c,95,97,2,6.016,6.001,-0.01499999999999968,119,False
TR,nuscale_voygr6,w_EP_minus_20,weight,bb2453b0-c76d-40ea-bcc4-870391f05b2f,118,118,0,5.2,5.199,-0.001000000000000334,119,False
TR,nuscale_voygr6,w_EP_minus_20,weight,bfadbe66-971d-4f64-b222-604a7ee6ac6b,16,16,0,7.072,7.096,0.02400000000000002,119,False
RO,nuscale_voygr6,w_EP_minus_20,weight,c3790475-3d3b-4e2b-92ae-24503fe03e6b,8,10,2,6.491,6.502,0.01100000000000012,22,False
PL,nuscale_voygr6,w_EP_minus_20,weight,c39819ef-6798-4c01-9a82-9eead65b5f56,22,22,0,6.691,6.676,-0.01499999999999968,61,False
PL,nuscale_voygr6,w_EP_minus_20,weight,c42c5942-264d-43a1-a9eb-95b00480eb1a,49,49,0,5.816,5.812,-0.0039999999999995595,61,False
UA,nuscale_voygr6,w_EP_minus_20,weight,c47eb6a3-49c1-4879-95b6-9bcd53b7af04,5,5,0,6.959,6.981,0.02200000000000024,20,False
PL,nuscale_voygr6,w_EP_minus_20,weight,c4d7f628-c108-4496-ac02-6076ea3ae448,34,34,0,6.082,6.085,0.0030000000000001137,61,False
TR,nuscale_voygr6,w_EP_minus_20,weight,c657c5c3-38a2-472d-8962-9e7cefcd2c1e,24,25,1,6.908,6.913,0.004999999999999893,119,False
TR,nuscale_voygr6,w_EP_minus_20,weight,c6b846cb-3a01-4e17-9d51-da4b58fd1827,105,106,1,5.791,5.771,-0.020000000000000462,119,False
TR,nuscale_voygr6,w_EP_minus_20,weight,c7afd455-7beb-4d23-8d3b-e9a102782d2b,109,109,0,5.706,5.701,-0.005000000000000782,119,False
TR,nuscale_voygr6,w_EP_minus_20,weight,c8e1cc12-080a-4e01-925d-8fd6e4334856,96,94,-2,6.016,6.032,0.016000000000000014,119,False
RS,nuscale_voygr6,w_EP_minus_20,weight,c8f15aca-174b-4be6-a6d9-abfa4685d10d,7,7,0,6.453,6.464,0.01100000000000012,7,False
SK,nuscale_voygr6,w_EP_minus_20,weight,c97125b3-20ed-4e21-a853-b928644ec7dd,2,2,0,6.978,7.051,0.0730000000000004,5,False
TR,nuscale_voygr6,w_EP_minus_20,weight,c9c85786-eb26-4e7b-b280-83a54b7e834f,63,64,1,6.328,6.336,0.008000000000000007,119,False
TR,nuscale_voygr6,w_EP_minus_20,weight,ca423571-d2ab-44d4-b5ce-3e649d9cc776,82,83,1,6.209,6.199,-0.009999999999999787,119,False
TR,nuscale_voygr6,w_EP_minus_20,weight,cb08e7b6-0af3-45d9-95c3-3832e7e2677c,44,46,2,6.628,6.612,-0.016000000000000014,119,False
TR,nuscale_voygr6,w_EP_minus_20,weight,cb825b0f-e315-4221-b194-43d5b472382d,90,90,0,6.084,6.072,-0.011999999999999567,119,False
CZ,nuscale_voygr6,w_EP_minus_20,weight,cbd67443-4a4e-44fd-a9ed-20ba9574c99e,27,27,0,5.701,5.694,-0.006999999999999673,29,False
TR,nuscale_voygr6,w_EP_minus_20,weight,cc635340-954c-4428-9fa1-14383c7faceb,43,43,0,6.641,6.64,-0.001000000000000334,119,False
PL,nuscale_voygr6,w_EP_minus_20,weight,ccc15bde-1c5a-40bf-8f09-2fcb1e896ce5,55,55,0,5.622,5.614,-0.008000000000000007,61,False
PL,nuscale_voygr6,w_EP_minus_20,weight,cd84938d-eea8-47a1-8ea6-2e9f943e5914,14,12,-2,6.884,6.955,0.07099999999999973,61,False
UA,nuscale_voygr6,w_EP_minus_20,weight,cdb6adfb-52ff-4631-939a-001080b20450,8,9,1,6.795,6.83,0.03500000000000014,20,False
PL,nuscale_voygr6,w_EP_minus_20,weight,cdc888ad-fd51-4710-a5ab-3cd0fe9ddb48,21,21,0,6.753,6.755,0.0019999999999997797,61,False
TR,nuscale_voygr6,w_EP_minus_20,weight,ce39538c-997e-4a7d-bc32-f164f50f9aa0,75,72,-3,6.253,6.276,0.022999999999999687,119,False
UA,nuscale_voygr6,w_EP_minus_20,weight,cec871bd-c7f6-4444-b0da-9b3a9ecc6963,3,3,0,7.197,7.223,0.0259999999999998,20,False
TR,nuscale_voygr6,w_EP_minus_20,weight,cf9150af-0325-44d8-bbaf-493e742f2e2b,54,54,0,6.503,6.499,-0.004000000000000448,119,False
TR,nuscale_voygr6,w_EP_minus_20,weight,d020ac37-4f23-41b1-8f1e-b425b5769424,57,58,1,6.431,6.426,-0.004999999999999893,119,False
TR,nuscale_voygr6,w_EP_minus_20,weight,d12e7ffc-4cd3-4ff4-81da-ae360d59409b,71,71,0,6.278,6.285,0.007000000000000561,119,False
TR,nuscale_voygr6,w_EP_minus_20,weight,d1863136-5ff4-4b4d-a9c0-6219e92d637d,23,22,-1,6.938,6.944,0.006000000000000227,119,False
TR,nuscale_voygr6,w_EP_minus_20,weight,d21335d4-0a3d-4464-85e0-352745a38db4,81,81,0,6.216,6.221,0.004999999999999893,119,False
RS,nuscale_voygr6,w_EP_minus_20,weight,d30af109-79cb-4ab5-a878-6f574b58116a,6,6,0,6.472,6.467,-0.005000000000000782,7,False
PL,nuscale_voygr6,w_EP_minus_20,weight,d3b5a049-6bff-400b-9312-96985f03acea,58,58,0,5.48,5.469,-0.01100000000000012,61,False
UA,nuscale_voygr6,w_EP_minus_20,weight,d3b9e403-7744-44c5-b5c3-999c4c1911d8,20,20,0,5.781,5.826,0.04499999999999993,20,False
TR,nuscale_voygr6,w_EP_minus_20,weight,d3f986d9-a023-4d43-a0fb-03361f310873,33,39,6,6.734,6.72,-0.014000000000000234,119,False
TR,nuscale_voygr6,w_EP_minus_20,weight,d48d2f39-d58f-4299-9b2f-56d194d2d13b,73,77,4,6.266,6.257,-0.009000000000000341,119,False
RO,nuscale_voygr6,w_EP_minus_20,weight,d498ded8-449c-4672-8bb9-0ed6c8fef775,16,16,0,5.991,5.991,0.0,22,False
TR,nuscale_voygr6,w_EP_minus_20,weight,d5151598-5a1a-4697-8147-592845ffef6c,72,78,6,6.278,6.254,-0.02400000000000002,119,False
PL,nuscale_voygr6,w_EP_minus_20,weight,d60b377c-9bb4-4fd5-adb7-a9a9ba98ae76,37,37,0,6.003,6.019,0.016000000000000014,61,False
TR,nuscale_voygr6,w_EP_minus_20,weight,d6cb5642-d5ec-4a15-bc6b-8be4cb0a382e,17,17,0,7.059,7.052,-0.007000000000000561,119,False
CZ,nuscale_voygr6,w_EP_minus_20,weight,d762ceeb-514f-43a6-9f91-a2d422ed6c60,3,3,0,7.009,7.017,0.008000000000000007,29,False
RO,nuscale_voygr6,w_EP_minus_20,weight,dac2a974-a2de-46c5-b581-03985a9ae7d0,17,17,0,5.978,5.978,0.0,22,False
PL,nuscale_voygr6,w_EP_minus_20,weight,dadadad9-b67e-44b8-a9ab-4cbf116da20b,7,7,0,7.153,7.163,0.010000000000000675,61,False
TR,nuscale_voygr6,w_EP_minus_20,weight,db87ce6a-3802-44c5-945f-8a95d3cf111b,84,85,1,6.166,6.185,0.01899999999999924,119,False
PL,nuscale_voygr6,w_EP_minus_20,weight,dc87cdf1-9936-4a59-a5e9-b5e360173490,41,42,1,5.928,5.943,0.01499999999999968,61,False
TR,nuscale_voygr6,w_EP_minus_20,weight,dd413ee8-a6f2-4e7c-8e6c-6d0ed8637d83,26,23,-3,6.88,6.941,0.06099999999999994,119,False
TR,nuscale_voygr6,w_EP_minus_20,weight,ddc8bb9c-bf77-4075-b38c-600fb072acf8,8,8,0,7.263,7.276,0.0129999999999999,119,False
PL,nuscale_voygr6,w_EP_minus_20,weight,de6735bd-7a79-43c8-baad-1fe23d50d6f0,24,24,0,6.441,6.451,0.009999999999999787,61,False
TR,nuscale_voygr6,w_EP_minus_20,weight,e03c394f-1c08-4101-b1fe-f6662fe4b424,9,9,0,7.26,7.257,-0.0030000000000001137,119,False
RO,nuscale_voygr6,w_EP_minus_20,weight,e073b3f8-4312-4d34-b322-6289a3121af1,13,13,0,6.174,6.195,0.020999999999999908,22,False
TR,nuscale_voygr6,w_EP_minus_20,weight,e10aae79-05b7-4ad9-9d69-60ce190b4444,64,65,1,6.328,6.336,0.008000000000000007,119,False
HU,nuscale_voygr6,w_EP_minus_20,weight,e1649639-2e45-4226-9c7a-783d2dcb6724,10,11,1,5.411,5.398,-0.0129999999999999,11,False
CZ,nuscale_voygr6,w_EP_minus_20,weight,e299922a-1670-4aff-acda-fd80600af9af,8,8,0,6.716,6.716,0.0,29,False
PL,nuscale_voygr6,w_EP_minus_20,weight,e2c23866-db1e-4316-82b5-7e3fe50c3c09,35,35,0,6.053,6.055,0.0019999999999997797,61,False
RO,nuscale_voygr6,w_EP_minus_20,weight,e43af28e-a3d3-4047-a9cf-f3b0990754b4,15,15,0,6.041,6.042,0.0009999999999994458,22,False
UA,nuscale_voygr6,w_EP_minus_20,weight,e4c6a713-99e6-4fdf-afaa-d456779c504c,17,17,0,6.126,6.162,0.03599999999999959,20,False
PL,nuscale_voygr6,w_EP_minus_20,weight,e4e3b5f0-7038-47a5-84e3-04eb07b3c4d7,3,4,1,7.227,7.24,0.0129999999999999,61,False
TR,nuscale_voygr6,w_EP_minus_20,weight,e71ec827-7143-48dd-8c8a-8e81705fa971,65,60,-5,6.322,6.381,0.05900000000000016,119,False
BA,nuscale_voygr6,w_EP_minus_20,weight,e75c63e5-ef2f-4e08-8f8c-3da41215af9d,2,2,0,6.747,6.779,0.03200000000000003,6,False
ME,nuscale_voygr6,w_EP_minus_20,weight,e77a7e7f-11ba-4e61-98da-f44471bc52ab,2,1,-1,6.023,6.078,0.055000000000000604,2,True
TR,nuscale_voygr6,w_EP_minus_20,weight,e780e4ac-0506-4186-9b58-0f378f878345,13,13,0,7.116,7.11,-0.005999999999999339,119,False
TR,nuscale_voygr6,w_EP_minus_20,weight,e894ba3e-e397-47c9-b0b9-a72cfb6bd680,99,98,-1,5.928,5.994,0.06599999999999984,119,False
TR,nuscale_voygr6,w_EP_minus_20,weight,e8b6e342-2011-4343-b415-a8bf08501499,103,102,-1,5.834,5.831,-0.0029999999999992255,119,False
PL,nuscale_voygr6,w_EP_minus_20,weight,e9a1ae49-ff79-462c-af4e-7c6843221d36,61,59,-2,5.328,5.381,0.052999999999999936,61,False
TR,nuscale_voygr6,w_EP_minus_20,weight,e9bc02be-cf10-4b27-9b8a-0d4a954720e4,32,33,1,6.74,6.758,0.017999999999999794,119,False
PL,nuscale_voygr6,w_EP_minus_20,weight,ebc0f461-acfa-47da-8094-5b15ea3e25a0,17,18,1,6.822,6.856,0.03399999999999981,61,False
BG,nuscale_voygr6,w_EP_minus_20,weight,ec5f337a-ca52-4b86-a0f4-4933eac349e3,1,1,0,7.709,7.747,0.038000000000000256,8,False
PL,nuscale_voygr6,w_EP_minus_20,weight,ee332928-87b2-4e7b-9203-20e402bc551f,16,17,1,6.853,6.857,0.004000000000000448,61,False
PL,nuscale_voygr6,w_EP_minus_20,weight,ef2ee2ae-e73e-490c-aa07-746543fe20e6,43,43,0,5.916,5.914,-0.002000000000000668,61,False
HU,nuscale_voygr6,w_EP_minus_20,weight,ef325d90-6d2d-4f8f-89f2-3bc98beb149b,8,8,0,5.73,5.725,-0.005000000000000782,11,False
CZ,nuscale_voygr6,w_EP_minus_20,weight,f1d2bca1-a7a9-4404-84c1-34fc8a59dab7,26,26,0,5.703,5.697,-0.006000000000000227,29,False
HU,nuscale_voygr6,w_EP_minus_20,weight,f2b3a729-602a-4b6b-acc9-004244f2e556,9,10,1,5.418,5.421,0.0030000000000001137,11,False
UA,nuscale_voygr6,w_EP_minus_20,weight,f2c061de-66ad-4fce-b911-7f1899f25b75,12,12,0,6.417,6.444,0.027000000000000135,20,False
TR,nuscale_voygr6,w_EP_minus_20,weight,f2e65fcf-afc4-4443-ac14-f15c8ffe48f3,11,11,0,7.154,7.165,0.01100000000000012,119,False
CZ,nuscale_voygr6,w_EP_minus_20,weight,f3523341-daaa-4573-a856-becb2e1bb9e3,6,6,0,6.916,6.921,0.004999999999999893,29,False
PL,nuscale_voygr6,w_EP_minus_20,weight,f5be4e73-938d-4fe2-b585-5090ec780670,42,40,-2,5.922,5.972,0.05000000000000071,61,False
HU,nuscale_voygr6,w_EP_minus_20,weight,f7dcdb63-26e6-44cd-b440-ec14fe507d90,2,2,0,6.941,6.946,0.004999999999999893,11,False
PL,nuscale_voygr6,w_EP_minus_20,weight,f8f9f43d-6a3b-445d-818e-ca82a90ace65,56,56,0,5.603,5.595,-0.008000000000000007,61,False
TR,nuscale_voygr6,w_EP_minus_20,weight,f92bc907-9b9b-4d21-92fd-1705bd71128c,69,67,-2,6.291,6.313,0.021999999999999353,119,False
TR,nuscale_voygr6,w_EP_minus_20,weight,fa6b7ac3-c1bf-478f-8d0a-1f357ea480cf,111,112,1,5.594,5.57,-0.02400000000000002,119,False
BY,nuscale_voygr6,w_EP_minus_20,weight,fac3d0b5-36a5-48ae-8494-f2f08e4342f4,1,1,0,7.378,7.393,0.01499999999999968,2,True
UA,nuscale_voygr6,w_EP_minus_20,weight,fb7d4d9a-3f27-4b50-9941-6a8fccd25e9a,16,16,0,6.153,6.208,0.055000000000000604,20,False
TR,nuscale_voygr6,w_EP_minus_20,weight,fc307877-758b-4dbf-afbe-abfc4a778155,20,20,0,6.957,6.964,0.007000000000000561,119,False
TR,nuscale_voygr6,w_EP_minus_20,weight,fecb62d9-6fb8-4f8d-83e3-78a7c75adb6e,40,41,1,6.672,6.672,0.0,119,False
TR,nuscale_voygr6,w_EP_plus_20,weight,0049a899-af5f-41cd-86ae-2ba729b6365f,67,66,-1,6.299,6.308,0.008999999999999453,119,False
RS,nuscale_voygr6,w_EP_plus_20,weight,0182ec25-0df9-4e4b-9861-d76a332bc282,4,4,0,6.559,6.562,0.0030000000000001137,7,False
UA,nuscale_voygr6,w_EP_plus_20,weight,02253fcc-4fc6-42d4-a6a8-42365487302f,13,13,0,6.318,6.295,-0.022999999999999687,20,False
TR,nuscale_voygr6,w_EP_plus_20,weight,0248611c-b745-404f-ad50-c2870882c7a1,15,16,1,7.072,7.049,-0.022999999999999687,119,False
UA,nuscale_voygr6,w_EP_plus_20,weight,038d42e9-769b-4b22-9513-dccff48b42cd,18,18,0,6.02,6.019,-0.0009999999999994458,20,False
HU,nuscale_voygr6,w_EP_plus_20,weight,059b3ad4-7196-4e6b-b169-8605ceeed841,3,3,0,6.872,6.883,0.01100000000000012,11,False
CZ,nuscale_voygr6,w_EP_plus_20,weight,05daa6b2-bb29-4c26-a459-855626673955,12,12,0,6.464,6.468,0.0039999999999995595,29,False
PL,nuscale_voygr6,w_EP_plus_20,weight,06641fea-8997-4b69-a618-6afa34b82591,46,46,0,5.859,5.846,-0.0129999999999999,61,False
SK,nuscale_voygr6,w_EP_plus_20,weight,06defca3-9105-437f-afd4-52f5603d9b8e,4,4,0,6.303,6.296,-0.006999999999999673,5,False
TR,nuscale_voygr6,w_EP_plus_20,weight,0947a4c8-4fc1-492f-9c66-2c9a993c7fb0,78,82,4,6.216,6.176,-0.040000000000000036,119,False
CZ,nuscale_voygr6,w_EP_plus_20,weight,0ae8917b-a70b-41e5-82de-e4963a7686e3,19,19,0,6.089,6.05,-0.03900000000000059,29,False
PL,nuscale_voygr6,w_EP_plus_20,weight,0b187a1d-55de-47cf-96a3-06abc8ff2476,13,13,0,6.884,6.851,-0.03300000000000036,61,False
TR,nuscale_voygr6,w_EP_plus_20,weight,0ca4ff78-4113-4ad9-ac04-0fd541d42338,101,102,1,5.845,5.84,-0.004999999999999893,119,False
TR,nuscale_voygr6,w_EP_plus_20,weight,0fec985c-c66e-40af-a123-a9ba4db269bb,39,40,1,6.681,6.665,-0.016000000000000014,119,False
TR,nuscale_voygr6,w_EP_plus_20,weight,1289753b-43db-4058-8fe1-6e38b5fb01b5,38,37,-1,6.719,6.684,-0.03500000000000014,119,False
TR,nuscale_voygr6,w_EP_plus_20,weight,142cad75-648a-495d-8c10-792351e72126,2,2,0,7.459,7.443,-0.016000000000000014,119,False
CZ,nuscale_voygr6,w_EP_plus_20,weight,14e88076-ce0e-4693-bca4-e80f3f013c7f,14,14,0,6.345,6.353,0.008000000000000007,29,False
TR,nuscale_voygr6,w_EP_plus_20,weight,161660e7-3ccf-4704-b452-b126599700a0,114,114,0,5.444,5.469,0.025000000000000355,119,False
TR,nuscale_voygr6,w_EP_plus_20,weight,1624a526-07d8-44a4-8ed7-3b035b748f03,116,116,0,5.369,5.332,-0.03699999999999992,119,False
TR,nuscale_voygr6,w_EP_plus_20,weight,166f5fcc-1cc4-4cf5-9e52-59e7ce1557c6,30,31,1,6.809,6.758,-0.051000000000000156,119,False
SK,nuscale_voygr6,w_EP_plus_20,weight,1719d38b-61e8-4b01-844b-3a2f85c8a186,3,3,0,6.741,6.725,-0.016000000000000014,5,False
MK,nuscale_voygr6,w_EP_plus_20,weight,1739b1b7-a6f3-466c-9dfa-3d1de9d5b6db,1,1,0,6.812,6.794,-0.018000000000000682,3,False
TR,nuscale_voygr6,w_EP_plus_20,weight,17568f0f-91fd-4efe-b4df-2c7cc5d80b7d,117,117,0,5.237,5.267,0.03000000000000025,119,False
CZ,nuscale_voygr6,w_EP_plus_20,weight,180880c2-7284-4723-b02a-a62348b9b40b,9,9,0,6.672,6.672,0.0,29,False
TR,nuscale_voygr6,w_EP_plus_20,weight,1820429d-bd95-4e56-a6db-d9bb57e2ae07,56,56,0,6.451,6.456,0.005000000000000782,119,False
PL,nuscale_voygr6,w_EP_plus_20,weight,187b4fd7-6a61-4e94-8ed4-495ac6dfc317,30,30,0,6.266,6.259,-0.006999999999999673,61,False
RO,nuscale_voygr6,w_EP_plus_20,weight,18ecb024-ee4f-4045-8254-5e95d61dea8c,12,12,0,6.197,6.163,-0.03399999999999981,22,False
LV,nuscale_voygr6,w_EP_plus_20,weight,1a5b8f8f-f4be-4514-8738-755d25e19b41,1,1,0,6.603,6.59,-0.0129999999999999,1,True
CZ,nuscale_voygr6,w_EP_plus_20,weight,1c059a42-608c-4753-8fcf-ba797d94f900,24,24,0,5.809,5.813,0.0039999999999995595,29,False
TR,nuscale_voygr6,w_EP_plus_20,weight,1ce7624e-1d72-4293-8ff4-09096b56ddd2,115,115,0,5.394,5.406,0.011999999999999567,119,False
PL,nuscale_voygr6,w_EP_plus_20,weight,1d19dce6-c458-4656-901d-6a8d3c548761,12,12,0,6.934,6.929,-0.004999999999999893,61,False
RO,nuscale_voygr6,w_EP_plus_20,weight,1d8be6d0-f3a5-4b32-9d46-3526289731f8,22,22,0,5.391,5.339,-0.0519999999999996,22,False
TR,nuscale_voygr6,w_EP_plus_20,weight,1f305180-6bbf-4758-9a98-78bc9e96e195,97,97,0,5.971,5.986,0.01499999999999968,119,False
PL,nuscale_voygr6,w_EP_plus_20,weight,202d797d-b0f9-4cd0-bbac-d7bb06805c09,39,39,0,5.969,5.969,0.0,61,False
CZ,nuscale_voygr6,w_EP_plus_20,weight,20bce4f5-ca0b-4145-87e5-0a0694343f31,17,17,0,6.201,6.196,-0.004999999999999893,29,False
CZ,nuscale_voygr6,w_EP_plus_20,weight,20c9d02d-e9e8-40b3-a11e-7a2e01018d8c,13,13,0,6.438,6.443,0.004999999999999893,29,False
TR,nuscale_voygr6,w_EP_plus_20,weight,21ccc44f-3244-4e7f-9654-eae424288200,83,80,-3,6.201,6.196,-0.004999999999999893,119,False
TR,nuscale_voygr6,w_EP_plus_20,weight,225656d9-8709-4c2f-9992-1e4f20a6fce8,28,26,-2,6.862,6.873,0.01100000000000012,119,False
TR,nuscale_voygr6,w_EP_plus_20,weight,231565d3-4f56-43ee-a357-1f4451c6fbc3,49,52,3,6.562,6.513,-0.04900000000000038,119,False
TR,nuscale_voygr6,w_EP_plus_20,weight,2350bab4-9869-43f1-b62f-a4d5aea77ef5,66,68,2,6.306,6.299,-0.006999999999999673,119,False
PL,nuscale_voygr6,w_EP_plus_20,weight,239ea0eb-a9c4-43cc-ac5f-35271bdc6613,5,5,0,7.191,7.18,-0.01100000000000012,61,False
CZ,nuscale_voygr6,w_EP_plus_20,weight,274ec928-e527-44cf-86c5-b6eddc09d0f7,18,18,0,6.153,6.149,-0.0039999999999995595,29,False
PL,nuscale_voygr6,w_EP_plus_20,weight,27fc89b3-ee57-44ac-8073-a700bc8d12e8,54,55,1,5.653,5.611,-0.041999999999999815,61,False
CZ,nuscale_voygr6,w_EP_plus_20,weight,287cbb48-bb08-40dd-82c5-cfe1530dfbb9,1,1,0,7.095,7.086,-0.008999999999999453,29,False
TR,nuscale_voygr6,w_EP_plus_20,weight,28980273-0ba6-4c8c-b080-7ff9b33cc4c9,88,88,0,6.122,6.114,-0.008000000000000007,119,False
HU,nuscale_voygr6,w_EP_plus_20,weight,28b36531-865d-42ae-afb3-b8bad86f7014,6,6,0,6.23,6.189,-0.04100000000000037,11,False
PL,nuscale_voygr6,w_EP_plus_20,weight,29479c3f-8db8-4f62-90e8-59ad6739f90b,36,36,0,6.03,6.028,-0.002000000000000668,61,False
RS,nuscale_voygr6,w_EP_plus_20,weight,296282b1-d079-4c1e-b2df-12c25128b963,1,1,0,6.753,6.703,-0.04999999999999982,7,False
PL,nuscale_voygr6,w_EP_plus_20,weight,2981a12d-3444-4301-96ba-a63ef50bec3e,1,1,0,7.684,7.663,-0.020999999999999908,61,False
RO,nuscale_voygr6,w_EP_plus_20,weight,29836b52-a882-4921-95a7-6417e636d9a2,5,5,0,6.784,6.753,-0.030999999999999694,22,False
PL,nuscale_voygr6,w_EP_plus_20,weight,29a58981-aaf7-4450-ad41-49dd6d786168,52,52,0,5.678,5.684,0.006000000000000227,61,False
UA,nuscale_voygr6,w_EP_plus_20,weight,29b3a802-7ef1-4722-ad59-b1511b1b0075,1,1,0,7.455,7.405,-0.04999999999999982,20,False
TR,nuscale_voygr6,w_EP_plus_20,weight,2a3aad60-2bff-4206-8275-f6e2029f9278,12,12,0,7.121,7.127,0.005999999999999339,119,False
RS,nuscale_voygr6,w_EP_plus_20,weight,2b03f2e2-64ac-4262-bbff-7a536bda5722,2,2,0,6.716,6.7,-0.016000000000000014,7,False
TR,nuscale_voygr6,w_EP_plus_20,weight,2b6a65d3-efb0-44d8-b88b-9aad311f4ac4,14,14,0,7.107,7.113,0.006000000000000227,119,False
PL,nuscale_voygr6,w_EP_plus_20,weight,2da9dab9-7b4e-46e7-b1c8-70eeb329c177,44,42,-2,5.891,5.892,0.001000000000000334,61,False
AT,nuscale_voygr6,w_EP_plus_20,weight,2dcd2c6d-f375-4408-9492-7910662fac03,2,2,0,7.016,6.96,-0.05600000000000005,6,False
TR,nuscale_voygr6,w_EP_plus_20,weight,2ec95392-978d-4a43-85b9-af3282c212ba,7,7,0,7.276,7.263,-0.0129999999999999,119,False
TR,nuscale_voygr6,w_EP_plus_20,weight,2ed9363f-a9fe-46e5-8b92-c50b47a9077a,68,62,-6,6.299,6.323,0.02400000000000002,119,False
BG,nuscale_voygr6,w_EP_plus_20,weight,2fb27566-cc7b-4530-8ff9-e55e3a1985bd,6,6,0,6.578,6.565,-0.0129999999999999,8,False
CZ,nuscale_voygr6,w_EP_plus_20,weight,2fe0a0b3-4108-427e-8e54-f77e1ea7227c,5,6,1,6.916,6.896,-0.020000000000000462,29,False
BG,nuscale_voygr6,w_EP_plus_20,weight,30c9e377-b575-46fa-880f-922c46e6500a,2,2,0,7.428,7.398,-0.03000000000000025,8,False
CZ,nuscale_voygr6,w_EP_plus_20,weight,32484f7b-18a4-4b21-8e6a-6d68ae099d02,4,5,1,6.931,6.91,-0.020999999999999908,29,False
BG,nuscale_voygr6,w_EP_plus_20,weight,33a015dd-51e0-497e-b0d3-4b1b3f070438,8,8,0,5.875,5.862,-0.0129999999999999,8,False
BA,nuscale_voygr6,w_EP_plus_20,weight,344e0e9a-558e-4749-bb66-cd746be50cbd,4,4,0,6.572,6.545,-0.027000000000000135,6,False
RO,nuscale_voygr6,w_EP_plus_20,weight,345fb795-170a-4fb5-833c-f6bcf2eb450c,1,1,0,7.816,7.792,-0.02400000000000002,22,False
HU,nuscale_voygr6,w_EP_plus_20,weight,34d88ce8-d49c-4b19-af2d-6efcb1b72149,11,11,0,5.405,5.376,-0.028999999999999915,11,False
UA,nuscale_voygr6,w_EP_plus_20,weight,3657989a-61ae-4fe3-9e8b-6ba7e68f8c59,10,10,0,6.616,6.571,-0.04499999999999993,20,False
ME,nuscale_voygr6,w_EP_plus_20,weight,3795824b-cb76-48dd-a65c-764c757ddc76,1,1,0,6.023,6.006,-0.01699999999999946,2,True
TR,nuscale_voygr6,w_EP_plus_20,weight,381221dd-76da-4adf-9b19-5da9f0779c22,42,43,1,6.653,6.639,-0.013999999999999346,119,False
TR,nuscale_voygr6,w_EP_plus_20,weight,3819acc8-761d-49ba-89e7-967d3d37ec0e,61,60,-1,6.344,6.351,0.006999999999999673,119,False
PL,nuscale_voygr6,w_EP_plus_20,weight,399668d6-bfed-4e5b-bf38-9ee5902101c3,57,57,0,5.5,5.51,0.009999999999999787,61,False
TR,nuscale_voygr6,w_EP_plus_20,weight,3a06636d-c742-4b72-b9cd-21a4537c331b,106,108,2,5.756,5.712,-0.04400000000000048,119,False
BG,nuscale_voygr6,w_EP_plus_20,weight,3bb6666f-de2f-4c6f-a28e-c3bddb71b54a,4,4,0,7.009,6.988,-0.020999999999999908,8,False
TR,nuscale_voygr6,w_EP_plus_20,weight,3bc834ed-5c2b-47d6-b555-2e20b9044053,55,55,0,6.47,6.475,0.004999999999999893,119,False
UA,nuscale_voygr6,w_EP_plus_20,weight,3bd2a957-ff3b-4bfd-9dba-808279edccb9,14,15,1,6.192,6.104,-0.08800000000000008,20,False
RO,nuscale_voygr6,w_EP_plus_20,weight,3bef37a3-239e-498d-a160-77452a6a9b79,20,20,0,5.463,5.473,0.009999999999999787,22,False
PL,nuscale_voygr6,w_EP_plus_20,weight,3d2d4c37-eb9d-4b35-a8b1-b3f485bc3e3f,28,28,0,6.291,6.284,-0.007000000000000561,61,False
TR,nuscale_voygr6,w_EP_plus_20,weight,3e5f4317-6f40-44fb-bfa2-e21dc4d9922d,76,81,5,6.234,6.18,-0.05400000000000027,119,False
TR,nuscale_voygr6,w_EP_plus_20,weight,3f1ad930-cffb-4991-badd-773db74b890c,48,48,0,6.572,6.559,-0.0129999999999999,119,False
PL,nuscale_voygr6,w_EP_plus_20,weight,40650551-0c9c-45ea-bac6-befdb0cb5909,40,43,3,5.941,5.892,-0.04899999999999949,61,False
PL,nuscale_voygr6,w_EP_plus_20,weight,409dde58-5df1-44d9-b5ec-f8e2edd86786,38,38,0,5.978,5.978,0.0,61,False
PL,nuscale_voygr6,w_EP_plus_20,weight,40b4334a-7ba4-4ed8-aa8e-3c405599fbd7,31,31,0,6.141,6.122,-0.019000000000000128,61,False
PL,nuscale_voygr6,w_EP_plus_20,weight,416aab55-6fd9-4a0a-b8f8-796fb62d86a5,32,32,0,6.116,6.113,-0.0029999999999992255,61,False
TR,nuscale_voygr6,w_EP_plus_20,weight,42d5b3fd-7d07-409b-9154-4441695b7901,74,74,0,6.253,6.247,-0.006000000000000227,119,False
CZ,nuscale_voygr6,w_EP_plus_20,weight,43e5b2b4-2ccf-46ab-b01e-e3d480146455,29,29,0,5.378,5.341,-0.03699999999999992,29,False
TR,nuscale_voygr6,w_EP_plus_20,weight,43f99d45-6635-4392-a522-4a06445fdaf2,6,6,0,7.328,7.299,-0.028999999999999915,119,False
PL,nuscale_voygr6,w_EP_plus_20,weight,4411a22e-4e8a-4715-b000-1aae34494b68,19,21,2,6.797,6.731,-0.06599999999999984,61,False
TR,nuscale_voygr6,w_EP_plus_20,weight,44362378-9c74-44af-8a08-be4877f50e97,108,106,-2,5.741,5.76,0.019000000000000128,119,False
TR,nuscale_voygr6,w_EP_plus_20,weight,44698c12-3c50-4602-8104-dafa5fd215b6,98,98,0,5.966,5.917,-0.04900000000000038,119,False
UA,nuscale_voygr6,w_EP_plus_20,weight,447a9ea1-47fa-48a3-93f2-a77cbd629ac7,6,6,0,6.887,6.836,-0.05099999999999927,20,False
CZ,nuscale_voygr6,w_EP_plus_20,weight,44d40276-5847-41d1-ab9b-887bbdc1bcfe,25,27,2,5.74,5.694,-0.04600000000000026,29,False
UA,nuscale_voygr6,w_EP_plus_20,weight,46b96bc3-b190-4045-9c86-eb674e2ea35e,7,7,0,6.797,6.762,-0.03500000000000014,20,False
PL,nuscale_voygr6,w_EP_plus_20,weight,47be3ec4-7abe-4f4c-ac3d-b7f753b8514a,50,50,0,5.753,5.758,0.004999999999999893,61,False
TR,nuscale_voygr6,w_EP_plus_20,weight,48149515-0774-404d-b273-790b660a8d90,37,39,2,6.72,6.668,-0.0519999999999996,119,False
TR,nuscale_voygr6,w_EP_plus_20,weight,4b11cac9-4fe0-4a2a-9c09-4fe9a0ac6015,34,34,0,6.722,6.706,-0.016000000000000014,119,False
UA,nuscale_voygr6,w_EP_plus_20,weight,4e45df00-0d28-44d0-9697-3fa33d76fc88,9,9,0,6.788,6.739,-0.04900000000000038,20,False
CZ,nuscale_voygr6,w_EP_plus_20,weight,4eb7914c-e000-403c-b5a5-c350de67bb83,23,23,0,5.911,5.912,0.001000000000000334,29,False
TR,nuscale_voygr6,w_EP_plus_20,weight,5067ece3-b204-495e-81c1-90a523252547,113,113,0,5.464,5.49,0.0259999999999998,119,False
TR,nuscale_voygr6,w_EP_plus_20,weight,52028d4f-7796-4463-832e-cff2e439c96a,52,51,-1,6.523,6.542,0.019000000000000128,119,False
RO,nuscale_voygr6,w_EP_plus_20,weight,52a7babe-313f-493b-86b9-bd0c4aece4c3,4,4,0,7.016,6.979,-0.03699999999999992,22,False
PL,nuscale_voygr6,w_EP_plus_20,weight,52db4dae-b014-45a4-96c4-49f80c1fdd11,6,6,0,7.184,7.174,-0.009999999999999787,61,False
AT,nuscale_voygr6,w_EP_plus_20,weight,532bfb42-0d4c-42cf-a81a-287f2b3a75bf,3,3,0,6.616,6.602,-0.013999999999999346,6,False
TR,nuscale_voygr6,w_EP_plus_20,weight,53481b7f-5b85-4bab-be04-4866c2e72c12,104,104,0,5.812,5.83,0.017999999999999794,119,False
PL,nuscale_voygr6,w_EP_plus_20,weight,558e7bff-5b5d-4666-9ca3-ec02f2269aab,8,9,1,7.134,7.11,-0.02400000000000002,61,False
TR,nuscale_voygr6,w_EP_plus_20,weight,55cfe45b-6357-40f9-8623-e9916f91f839,27,27,0,6.872,6.867,-0.004999999999999893,119,False
TR,nuscale_voygr6,w_EP_plus_20,weight,56b8e2a3-1885-431f-9fd1-4cd3bebfad61,46,46,0,6.584,6.572,-0.011999999999999567,119,False
TR,nuscale_voygr6,w_EP_plus_20,weight,57c0c830-725f-46ee-9322-0a4a3ad9efda,22,22,0,6.938,6.933,-0.004999999999999893,119,False
TR,nuscale_voygr6,w_EP_plus_20,weight,5a19f424-1a15-44e6-bf1b-c2c5886ac1bf,53,53,0,6.509,6.513,0.0039999999999995595,119,False
RO,nuscale_voygr6,w_EP_plus_20,weight,5a33e5f0-6d86-4eab-adea-6c6bad7f3f45,19,19,0,5.903,5.89,-0.0129999999999999,22,False
PL,nuscale_voygr6,w_EP_plus_20,weight,5a57ae0a-6f91-46f4-a1f5-56a6b37596e9,59,59,0,5.341,5.354,0.0129999999999999,61,False
TR,nuscale_voygr6,w_EP_plus_20,weight,5b6be56c-d981-470c-a979-13a8764a34b8,50,49,-1,6.556,6.559,0.0030000000000001137,119,False
RS,nuscale_voygr6,w_EP_plus_20,weight,5d4aee8d-9e73-4987-907a-d092e0ba92ed,5,5,0,6.503,6.492,-0.01100000000000012,7,False
HU,nuscale_voygr6,w_EP_plus_20,weight,5de5f907-98e7-42d3-a7dd-cb65f839697b,4,4,0,6.778,6.776,-0.0019999999999997797,11,False
UA,nuscale_voygr6,w_EP_plus_20,weight,5ed0a674-a292-44bc-997f-5c1990da1235,2,2,0,7.372,7.328,-0.043999999999999595,20,False
TR,nuscale_voygr6,w_EP_plus_20,weight,5ed91c1b-0a1b-4a4c-9b2b-f6bdc8ff9770,91,89,-2,6.082,6.111,0.028999999999999915,119,False
CZ,nuscale_voygr6,w_EP_plus_20,weight,5f4ed23c-cea2-41ef-a3e8-ac863e1bdcd6,15,15,0,6.339,6.346,0.006999999999999673,29,False
TR,nuscale_voygr6,w_EP_plus_20,weight,5fa0dfa9-c272-444e-8e70-80ab55b5d36c,19,18,-1,7.009,7.017,0.008000000000000007,119,False
CZ,nuscale_voygr6,w_EP_plus_20,weight,60baaa73-dd8c-4865-bb18-6c73d63a4052,10,10,0,6.648,6.649,0.001000000000000334,29,False
CZ,nuscale_voygr6,w_EP_plus_20,weight,63601ccc-3f20-4cbd-95cb-0fbeaf821c6a,11,11,0,6.51,6.498,-0.011999999999999567,29,False
HU,nuscale_voygr6,w_EP_plus_20,weight,651839d3-4e8f-4214-89aa-1f96ea221121,7,7,0,5.967,5.967,0.0,11,False
AT,nuscale_voygr6,w_EP_plus_20,weight,660d9d71-6733-4294-951b-1c58614d58cf,1,1,0,7.159,7.149,-0.009999999999999787,6,False
PL,nuscale_voygr6,w_EP_plus_20,weight,66bdc30c-4179-480b-a55a-5d15be5ac66b,20,19,-1,6.775,6.758,-0.017000000000000348,61,False
CZ,nuscale_voygr6,w_EP_plus_20,weight,66c3f077-1ee6-41d7-8e6c-da374bb45139,28,28,0,5.622,5.629,0.006999999999999673,29,False
TR,nuscale_voygr6,w_EP_plus_20,weight,674deb4f-110c-4120-bea0-5f0711da3ea1,5,5,0,7.347,7.348,0.0009999999999994458,119,False
BY,nuscale_voygr6,w_EP_plus_20,weight,68aabff9-e662-4b9f-b37d-4c2ebc5f7539,2,2,0,6.991,6.969,-0.021999999999999353,2,True
RO,nuscale_voygr6,w_EP_plus_20,weight,693d9b73-f9fc-4502-9b94-be020c5d21fb,7,7,0,6.653,6.654,0.001000000000000334,22,False
RO,nuscale_voygr6,w_EP_plus_20,weight,6aed2eac-1c97-40c5-b842-fb15fd510f35,11,11,0,6.266,6.245,-0.020999999999999908,22,False
RO,nuscale_voygr6,w_EP_plus_20,weight,6c428b2a-ad09-448b-b24c-22465929d69c,21,21,0,5.428,5.454,0.0259999999999998,22,False
TR,nuscale_voygr6,w_EP_plus_20,weight,6c9571c4-5d3b-4f88-a7be-fa8c21425eeb,3,4,1,7.38,7.349,-0.030999999999999694,119,False
TR,nuscale_voygr6,w_EP_plus_20,weight,6ddc2960-3d72-4d5f-b358-56d1c54f47e0,70,70,0,6.278,6.272,-0.005999999999999339,119,False
AT,nuscale_voygr6,w_EP_plus_20,weight,6e7fc4d8-636d-411a-baef-e138a5a07acc,5,4,-1,6.544,6.561,0.017000000000000348,6,False
BG,nuscale_voygr6,w_EP_plus_20,weight,704ef487-f600-4f23-b06e-a0f81b627597,7,7,0,5.878,5.865,-0.0129999999999999,8,False
UA,nuscale_voygr6,w_EP_plus_20,weight,70781f2c-24c2-486c-8b32-310c36ba1238,15,14,-1,6.185,6.134,-0.05099999999999927,20,False
UA,nuscale_voygr6,w_EP_plus_20,weight,725406d6-860f-4ca0-9c6a-425675bac381,11,11,0,6.543,6.499,-0.04400000000000048,20,False
TR,nuscale_voygr6,w_EP_plus_20,weight,737b6d06-1d0c-4ae6-9683-ab3fea192b32,60,59,-1,6.355,6.362,0.006999999999999673,119,False
PL,nuscale_voygr6,w_EP_plus_20,weight,73fe8f06-c53b-4877-9c1d-5caf3d8f2749,60,60,0,5.332,5.331,-0.0009999999999994458,61,False
TR,nuscale_voygr6,w_EP_plus_20,weight,746fc66e-d31f-4c5d-bf5c-ab5031b04b15,89,87,-2,6.122,6.134,0.012000000000000455,119,False
MK,nuscale_voygr6,w_EP_plus_20,weight,756218bb-3f16-443e-b6c6-400cd0ce2f87,3,3,0,6.181,6.176,-0.004999999999999893,3,False
TR,nuscale_voygr6,w_EP_plus_20,weight,75f807aa-8278-43a3-8654-730713b96001,58,58,0,6.421,6.427,0.005999999999999339,119,False
TR,nuscale_voygr6,w_EP_plus_20,weight,76cd9b7f-7613-4fd4-95ab-bf534a2e2f5e,85,84,-1,6.153,6.164,0.01100000000000012,119,False
SK,nuscale_voygr6,w_EP_plus_20,weight,770f1d3c-e5fd-493c-a376-e708d2abec6c,1,1,0,7.022,6.985,-0.03699999999999992,5,False
TR,nuscale_voygr6,w_EP_plus_20,weight,772e2484-419b-47de-9739-924ac371ad10,51,50,-1,6.534,6.552,0.017999999999999794,119,False
TR,nuscale_voygr6,w_EP_plus_20,weight,778e0750-19f9-426e-a6c7-e0e30645fb97,10,10,0,7.185,7.189,0.004000000000000448,119,False
TR,nuscale_voygr6,w_EP_plus_20,weight,7a805295-0cd2-48be-972e-5282c996549c,79,78,-1,6.216,6.211,-0.004999999999999893,119,False
TR,nuscale_voygr6,w_EP_plus_20,weight,7b4d3f8f-a644-48a3-93f9-cd3c154dc5c2,107,107,0,5.747,5.752,0.004999999999999893,119,False
TR,nuscale_voygr6,w_EP_plus_20,weight,7cc9cffa-e4e4-4546-902d-c8f4800dbdb2,29,30,1,6.815,6.812,-0.0030000000000001137,119,False
PL,nuscale_voygr6,w_EP_plus_20,weight,7fc17ab0-ce24-4830-a938-b8424d1e9368,9,8,-1,7.116,7.121,0.005000000000000782,61,False
BA,nuscale_voygr6,w_EP_plus_20,weight,82011c29-a3d3-4a81-a27b-019d2649a251,6,6,0,5.934,5.857,-0.07699999999999996,6,False
RO,nuscale_voygr6,w_EP_plus_20,weight,825dc024-9a53-4237-bf59-cbe0af0cf87d,6,6,0,6.703,6.688,-0.015000000000000568,22,False
TR,nuscale_voygr6,w_EP_plus_20,weight,829f61ff-0ad1-4288-8dd9-e41abbd0b6a7,119,119,0,5.087,5.106,0.019000000000000128,119,False
TR,nuscale_voygr6,w_EP_plus_20,weight,82aac38c-3037-466c-9b37-bff9da707645,87,92,5,6.134,6.082,-0.05200000000000049,119,False
MK,nuscale_voygr6,w_EP_plus_20,weight,83d3abe4-2049-47ad-a66b-46034edb7569,2,2,0,6.707,6.691,-0.016000000000000014,3,False
UA,nuscale_voygr6,w_EP_plus_20,weight,83fede8b-5f92-429d-920d-9a8928a74780,4,4,0,7.166,7.122,-0.04400000000000048,20,False
BA,nuscale_voygr6,w_EP_plus_20,weight,85257083-08d1-4560-b198-a9df414da4a9,1,1,0,6.951,6.895,-0.05600000000000005,6,False
RO,nuscale_voygr6,w_EP_plus_20,weight,8781d874-5923-4795-9c9f-b2a6c709025a,18,18,0,5.941,5.927,-0.014000000000000234,22,False
TR,nuscale_voygr6,w_EP_plus_20,weight,8782d6f2-5f9f-4c67-b9f2-6756857bd200,92,91,-1,6.062,6.091,0.028999999999999915,119,False
TR,nuscale_voygr6,w_EP_plus_20,weight,8a5dc384-e272-41ed-9868-a0686ac3fc7e,47,47,0,6.584,6.572,-0.011999999999999567,119,False
PL,nuscale_voygr6,w_EP_plus_20,weight,8a9d5c87-7edc-49c3-85a2-d97727b9c9b2,27,27,0,6.297,6.29,-0.006999999999999673,61,False
TR,nuscale_voygr6,w_EP_plus_20,weight,8b16dc60-1a2b-4b2c-bcad-1c334d246ae3,102,100,-2,5.841,5.859,0.017999999999999794,119,False
TR,nuscale_voygr6,w_EP_plus_20,weight,8dd46a05-6e0c-4009-90ad-bd5909c25622,110,110,0,5.594,5.618,0.02400000000000002,119,False
PL,nuscale_voygr6,w_EP_plus_20,weight,8dd8db4c-b62d-4f6b-a2ee-70a9ed785e7a,48,48,0,5.816,5.819,0.0030000000000001137,61,False
PL,nuscale_voygr6,w_EP_plus_20,weight,8e485f8a-5c68-4541-ab1d-77783f6fcb2d,18,17,-1,6.806,6.803,-0.0030000000000001137,61,False
HU,nuscale_voygr6,w_EP_plus_20,weight,903d6b94-cd9d-4c32-b7e2-4bbfbee929df,5,5,0,6.641,6.627,-0.014000000000000234,11,False
AT,nuscale_voygr6,w_EP_plus_20,weight,90820fe3-9889-4faf-9906-7c528f8d7bc5,6,6,0,6.347,6.339,-0.008000000000000007,6,False
TR,nuscale_voygr6,w_EP_plus_20,weight,9163ca37-1b31-409d-974f-9e7ed5e5f33d,80,83,3,6.216,6.176,-0.040000000000000036,119,False
PL,nuscale_voygr6,w_EP_plus_20,weight,917008f5-fba1-4ef7-b82d-9aded2b69267,4,4,0,7.222,7.196,-0.02600000000000069,61,False
TR,nuscale_voygr6,w_EP_plus_20,weight,91f28dbb-16bd-449b-a20a-dc2b70cf2e66,94,95,1,6.028,6.027,-0.0009999999999994458,119,False
TR,nuscale_voygr6,w_EP_plus_20,weight,94a5c55f-c499-41b1-81da-deaa36686399,18,19,1,7.022,7.015,-0.007000000000000561,119,False
UA,nuscale_voygr6,w_EP_plus_20,weight,95872473-c476-4ceb-bcf5-54cfdf415e42,19,19,0,5.921,5.891,-0.03000000000000025,20,False
RO,nuscale_voygr6,w_EP_plus_20,weight,958e4d82-853a-41f1-a442-94b4c4314221,2,2,0,7.159,7.1,-0.05900000000000016,22,False
TR,nuscale_voygr6,w_EP_plus_20,weight,96129c93-83a6-4b1c-929b-bfccba86a796,77,75,-2,6.234,6.244,0.009999999999999787,119,False
TR,nuscale_voygr6,w_EP_plus_20,weight,9699244b-14c0-4e27-afd1-105494fccd60,21,20,-1,6.947,6.956,0.009000000000000341,119,False
CZ,nuscale_voygr6,w_EP_plus_20,weight,97ed917e-acfa-4002-be89-4ec44972ab45,20,20,0,6.016,6.015,-0.001000000000000334,29,False
TR,nuscale_voygr6,w_EP_plus_20,weight,98019711-a8c3-424a-870e-00d4fea75ed1,100,101,1,5.859,5.846,-0.0129999999999999,119,False
RO,nuscale_voygr6,w_EP_plus_20,weight,9825e28e-fd6e-460d-9caf-0342563f9060,10,10,0,6.441,6.367,-0.07399999999999984,22,False
RS,nuscale_voygr6,w_EP_plus_20,weight,993ccce2-d5e1-498d-827d-8dbfeb42582b,3,3,0,6.634,6.621,-0.0129999999999999,7,False
HU,nuscale_voygr6,w_EP_plus_20,weight,997474f6-9bfd-4abd-a2ac-d8618db8f0b4,1,1,0,7.584,7.565,-0.01899999999999924,11,False
AT,nuscale_voygr6,w_EP_plus_20,weight,99d712ac-7993-4186-8a0e-2e88bae7e90f,4,5,1,6.559,6.547,-0.012000000000000455,6,False
TR,nuscale_voygr6,w_EP_plus_20,weight,9a6447f2-2887-4cce-a115-dc773d7f6eb1,31,29,-2,6.809,6.821,0.011999999999999567,119,False
CZ,nuscale_voygr6,w_EP_plus_20,weight,9c4291f1-173b-467e-ae26-8cb01312c605,7,7,0,6.773,6.771,-0.0019999999999997797,29,False
TR,nuscale_voygr6,w_EP_plus_20,weight,9eb693f6-6994-4937-bc4d-e8213baa5d47,59,61,2,6.391,6.348,-0.04300000000000015,119,False
BG,nuscale_voygr6,w_EP_plus_20,weight,a064c7ae-e699-4a94-a18c-79bdfe42bce3,3,3,0,7.091,7.067,-0.02400000000000002,8,False
PL,nuscale_voygr6,w_EP_plus_20,weight,a19228ce-f25a-4ffd-a249-9d01403e6b81,11,11,0,6.953,6.947,-0.006000000000000227,61,False
BA,nuscale_voygr6,w_EP_plus_20,weight,a23d073a-cbbd-469a-b134-380945fd3f4c,5,5,0,6.458,6.432,-0.0259999999999998,6,False
SK,nuscale_voygr6,w_EP_plus_20,weight,a2d8261c-3d08-4015-946c-47dbddbd0b98,5,5,0,5.691,5.682,-0.008999999999999453,5,False
TR,nuscale_voygr6,w_EP_plus_20,weight,a4af3789-2c40-41fc-a3ec-3b8d2fc6c645,86,86,0,6.148,6.144,-0.0039999999999995595,119,False
RO,nuscale_voygr6,w_EP_plus_20,weight,a4fa3246-27d6-4740-898c-bdf9dadcb88c,14,14,0,6.078,6.061,-0.017000000000000348,22,False
PL,nuscale_voygr6,w_EP_plus_20,weight,a55e3643-8ed4-434b-b14f-2d549d09c0d9,10,10,0,6.984,6.961,-0.022999999999999687,61,False
TR,nuscale_voygr6,w_EP_plus_20,weight,a6478cb9-5b8c-4d64-bbe6-3d3ed6a3da2c,4,3,-1,7.354,7.355,0.001000000000000334,119,False
PL,nuscale_voygr6,w_EP_plus_20,weight,a67255dd-8134-418e-9377-e28516c53722,25,25,0,6.384,6.376,-0.008000000000000007,61,False
PL,nuscale_voygr6,w_EP_plus_20,weight,a6b51b4f-ba1d-49cd-bc99-8898acdbeb78,26,26,0,6.345,6.337,-0.008000000000000007,61,False
CZ,nuscale_voygr6,w_EP_plus_20,weight,a6bf9980-016e-47ea-b40a-82e384a9eb43,22,22,0,5.951,5.951,0.0,29,False
CZ,nuscale_voygr6,w_EP_plus_20,weight,a733fc13-11a4-4722-b62d-85c85a4f8ef3,21,21,0,6.016,5.966,-0.04999999999999982,29,False
PL,nuscale_voygr6,w_EP_plus_20,weight,a7eeee6e-e14a-40ba-80b6-75ed2e170b20,33,33,0,6.103,6.086,-0.01699999999999946,61,False
PL,nuscale_voygr6,w_EP_plus_20,weight,a91dfe3d-93e0-43a1-99d2-41abdd1fc2ce,53,53,0,5.678,5.684,0.006000000000000227,61,False
TR,nuscale_voygr6,w_EP_plus_20,weight,a96dc545-41a9-4b0d-a7a3-f40ef711e5e3,41,45,4,6.668,6.601,-0.06700000000000017,119,False
BA,nuscale_voygr6,w_EP_plus_20,weight,aa0bdb5e-45aa-4d15-8aee-cb5b0e14f5d9,3,3,0,6.622,6.594,-0.02799999999999958,6,False
TR,nuscale_voygr6,w_EP_plus_20,weight,aa336cdc-f6fe-4b08-b46d-69e852c501bf,62,63,1,6.328,6.321,-0.007000000000000561,119,False
CZ,nuscale_voygr6,w_EP_plus_20,weight,aa38441d-aec7-4ae9-b4c3-68c5bf567db3,16,16,0,6.214,6.208,-0.006000000000000227,29,False
HR,nuscale_voygr6,w_EP_plus_20,weight,ab151830-e5bd-46de-8400-01aa4c165366,1,1,0,6.214,6.224,0.009999999999999787,1,True
PL,nuscale_voygr6,w_EP_plus_20,weight,ab57f5c3-8699-46f9-970f-3007dfc58af4,23,23,0,6.503,6.521,0.017999999999999794,61,False
TR,nuscale_voygr6,w_EP_plus_20,weight,ad0c8590-c672-43f2-a813-1217a10f7d2d,1,1,0,7.784,7.775,-0.008999999999999453,119,False
PL,nuscale_voygr6,w_EP_plus_20,weight,ad7a9c00-0c75-411f-8f89-859e603df1e6,51,51,0,5.753,5.743,-0.009999999999999787,61,False
TR,nuscale_voygr6,w_EP_plus_20,weight,adeb10a5-aaae-4e2c-b426-3db1c3d9bd5b,93,93,0,6.053,6.051,-0.0019999999999997797,119,False
RO,nuscale_voygr6,w_EP_plus_20,weight,af7f107f-71b5-5a33-8125-9ccb7060f895,3,3,0,7.114,7.03,-0.08399999999999963,22,False
RO,nuscale_voygr6,w_EP_plus_20,weight,aff5ffe6-fe7a-4de7-afad-9d4645a64cd9,9,9,0,6.478,6.453,-0.024999999999999467,22,False
BG,nuscale_voygr6,w_EP_plus_20,weight,b01fe781-dbc7-40f8-a544-946288020042,5,5,0,6.984,6.949,-0.03500000000000014,8,False
CZ,nuscale_voygr6,w_EP_plus_20,weight,b0ba194f-3c80-4725-b1e7-fa5277b38833,2,2,0,7.016,7.009,-0.006999999999999673,29,False
PL,nuscale_voygr6,w_EP_plus_20,weight,b24c9876-5a4d-4b83-b442-af2f4b0d1047,45,45,0,5.866,5.868,0.002000000000000668,61,False
PL,nuscale_voygr6,w_EP_plus_20,weight,b24f9ac5-5ddf-4b19-ba95-76dafeca3d2c,2,2,0,7.284,7.257,-0.027000000000000135,61,False
MD,nuscale_voygr6,w_EP_plus_20,weight,b3eb5dd2-98cf-40c4-b9ee-2a86fd066093,1,1,0,6.959,6.924,-0.034999999999999254,1,True
TR,nuscale_voygr6,w_EP_plus_20,weight,b588126a-42d6-49dc-b227-9283af5a2578,35,35,0,6.722,6.706,-0.016000000000000014,119,False
TR,nuscale_voygr6,w_EP_plus_20,weight,b5a75ec8-a2fe-42ad-b33e-ea32e20ebdfb,45,44,-1,6.622,6.608,-0.014000000000000234,119,False
TR,nuscale_voygr6,w_EP_plus_20,weight,b5ff798e-e059-4d8b-a903-00a1fefc62ab,36,36,0,6.722,6.706,-0.016000000000000014,119,False
PL,nuscale_voygr6,w_EP_plus_20,weight,b789a244-7d29-4be3-afe4-2f45d7f11eab,47,47,0,5.819,5.822,0.0030000000000001137,61,False
TR,nuscale_voygr6,w_EP_plus_20,weight,b8875ff2-9e9d-4520-8879-c71468e9cc50,25,25,0,6.891,6.887,-0.004000000000000448,119,False
PL,nuscale_voygr6,w_EP_plus_20,weight,b8a00967-90a3-4a4e-9979-6b8651d87380,29,29,0,6.291,6.269,-0.02200000000000024,61,False
PL,nuscale_voygr6,w_EP_plus_20,weight,b8bc6544-1571-4906-95e0-314d62c78a24,15,15,0,6.853,6.835,-0.017999999999999794,61,False
TR,nuscale_voygr6,w_EP_plus_20,weight,b90e80f9-66f3-4290-8aa2-518b8422aba0,112,112,0,5.591,5.584,-0.007000000000000561,119,False
TR,nuscale_voygr6,w_EP_plus_20,weight,bac4a081-83dc-4aba-8076-b67bfc55f54c,95,94,-1,6.016,6.029,0.0129999999999999,119,False
TR,nuscale_voygr6,w_EP_plus_20,weight,bb2453b0-c76d-40ea-bcc4-870391f05b2f,118,118,0,5.2,5.201,0.0009999999999994458,119,False
TR,nuscale_voygr6,w_EP_plus_20,weight,bfadbe66-971d-4f64-b222-604a7ee6ac6b,16,17,1,7.072,7.049,-0.022999999999999687,119,False
RO,nuscale_voygr6,w_EP_plus_20,weight,c3790475-3d3b-4e2b-92ae-24503fe03e6b,8,8,0,6.491,6.48,-0.010999999999999233,22,False
PL,nuscale_voygr6,w_EP_plus_20,weight,c39819ef-6798-4c01-9a82-9eead65b5f56,22,22,0,6.691,6.705,0.014000000000000234,61,False
PL,nuscale_voygr6,w_EP_plus_20,weight,c42c5942-264d-43a1-a9eb-95b00480eb1a,49,49,0,5.816,5.819,0.0030000000000001137,61,False
UA,nuscale_voygr6,w_EP_plus_20,weight,c47eb6a3-49c1-4879-95b6-9bcd53b7af04,5,5,0,6.959,6.939,-0.019999999999999574,20,False
PL,nuscale_voygr6,w_EP_plus_20,weight,c4d7f628-c108-4496-ac02-6076ea3ae448,34,34,0,6.082,6.08,-0.0019999999999997797,61,False
TR,nuscale_voygr6,w_EP_plus_20,weight,c657c5c3-38a2-472d-8962-9e7cefcd2c1e,24,24,0,6.908,6.902,-0.006000000000000227,119,False
TR,nuscale_voygr6,w_EP_plus_20,weight,c6b846cb-3a01-4e17-9d51-da4b58fd1827,105,105,0,5.791,5.809,0.017999999999999794,119,False
TR,nuscale_voygr6,w_EP_plus_20,weight,c7afd455-7beb-4d23-8d3b-e9a102782d2b,109,109,0,5.706,5.712,0.005999999999999339,119,False
TR,nuscale_voygr6,w_EP_plus_20,weight,c8e1cc12-080a-4e01-925d-8fd6e4334856,96,96,0,6.016,6.0,-0.016000000000000014,119,False
RS,nuscale_voygr6,w_EP_plus_20,weight,c8f15aca-174b-4be6-a6d9-abfa4685d10d,7,7,0,6.453,6.443,-0.010000000000000675,7,False
SK,nuscale_voygr6,w_EP_plus_20,weight,c97125b3-20ed-4e21-a853-b928644ec7dd,2,2,0,6.978,6.908,-0.0699999999999994,5,False
TR,nuscale_voygr6,w_EP_plus_20,weight,c9c85786-eb26-4e7b-b280-83a54b7e834f,63,64,1,6.328,6.321,-0.007000000000000561,119,False
TR,nuscale_voygr6,w_EP_plus_20,weight,ca423571-d2ab-44d4-b5ce-3e649d9cc776,82,77,-5,6.209,6.219,0.010000000000000675,119,False
TR,nuscale_voygr6,w_EP_plus_20,weight,cb08e7b6-0af3-45d9-95c3-3832e7e2677c,44,41,-3,6.628,6.644,0.016000000000000014,119,False
TR,nuscale_voygr6,w_EP_plus_20,weight,cb825b0f-e315-4221-b194-43d5b472382d,90,90,0,6.084,6.097,0.013000000000000789,119,False
CZ,nuscale_voygr6,w_EP_plus_20,weight,cbd67443-4a4e-44fd-a9ed-20ba9574c99e,27,26,-1,5.701,5.707,0.006000000000000227,29,False
TR,nuscale_voygr6,w_EP_plus_20,weight,cc635340-954c-4428-9fa1-14383c7faceb,43,42,-1,6.641,6.641,0.0,119,False
PL,nuscale_voygr6,w_EP_plus_20,weight,ccc15bde-1c5a-40bf-8f09-2fcb1e896ce5,55,54,-1,5.622,5.629,0.006999999999999673,61,False
PL,nuscale_voygr6,w_EP_plus_20,weight,cd84938d-eea8-47a1-8ea6-2e9f943e5914,14,16,2,6.884,6.816,-0.0680000000000005,61,False
UA,nuscale_voygr6,w_EP_plus_20,weight,cdb6adfb-52ff-4631-939a-001080b20450,8,8,0,6.795,6.761,-0.03399999999999981,20,False
PL,nuscale_voygr6,w_EP_plus_20,weight,cdc888ad-fd51-4710-a5ab-3cd0fe9ddb48,21,20,-1,6.753,6.752,-0.001000000000000334,61,False
TR,nuscale_voygr6,w_EP_plus_20,weight,ce39538c-997e-4a7d-bc32-f164f50f9aa0,75,76,1,6.253,6.232,-0.020999999999999908,119,False
UA,nuscale_voygr6,w_EP_plus_20,weight,cec871bd-c7f6-4444-b0da-9b3a9ecc6963,3,3,0,7.197,7.171,-0.0259999999999998,20,False
TR,nuscale_voygr6,w_EP_plus_20,weight,cf9150af-0325-44d8-bbaf-493e742f2e2b,54,54,0,6.503,6.507,0.0039999999999995595,119,False
TR,nuscale_voygr6,w_EP_plus_20,weight,d020ac37-4f23-41b1-8f1e-b425b5769424,57,57,0,6.431,6.436,0.004999999999999893,119,False
TR,nuscale_voygr6,w_EP_plus_20,weight,d12e7ffc-4cd3-4ff4-81da-ae360d59409b,71,71,0,6.278,6.272,-0.005999999999999339,119,False
TR,nuscale_voygr6,w_EP_plus_20,weight,d1863136-5ff4-4b4d-a9c0-6219e92d637d,23,23,0,6.938,6.933,-0.004999999999999893,119,False
TR,nuscale_voygr6,w_EP_plus_20,weight,d21335d4-0a3d-4464-85e0-352745a38db4,81,79,-2,6.216,6.211,-0.004999999999999893,119,False
RS,nuscale_voygr6,w_EP_plus_20,weight,d30af109-79cb-4ab5-a878-6f574b58116a,6,6,0,6.472,6.476,0.0039999999999995595,7,False
PL,nuscale_voygr6,w_EP_plus_20,weight,d3b5a049-6bff-400b-9312-96985f03acea,58,58,0,5.48,5.491,0.010999999999999233,61,False
UA,nuscale_voygr6,w_EP_plus_20,weight,d3b9e403-7744-44c5-b5c3-999c4c1911d8,20,20,0,5.781,5.739,-0.041999999999999815,20,False
TR,nuscale_voygr6,w_EP_plus_20,weight,d3f986d9-a023-4d43-a0fb-03361f310873,33,32,-1,6.734,6.748,0.014000000000000234,119,False
TR,nuscale_voygr6,w_EP_plus_20,weight,d48d2f39-d58f-4299-9b2f-56d194d2d13b,73,69,-4,6.266,6.274,0.008000000000000007,119,False
RO,nuscale_voygr6,w_EP_plus_20,weight,d498ded8-449c-4672-8bb9-0ed6c8fef775,16,16,0,5.991,5.99,-0.0009999999999994458,22,False
TR,nuscale_voygr6,w_EP_plus_20,weight,d5151598-5a1a-4697-8147-592845ffef6c,72,67,-5,6.278,6.301,0.023000000000000576,119,False
PL,nuscale_voygr6,w_EP_plus_20,weight,d60b377c-9bb4-4fd5-adb7-a9a9ba98ae76,37,37,0,6.003,5.988,-0.01499999999999968,61,False
TR,nuscale_voygr6,w_EP_plus_20,weight,d6cb5642-d5ec-4a15-bc6b-8be4cb0a382e,17,15,-2,7.059,7.066,0.006999999999999673,119,False
CZ,nuscale_voygr6,w_EP_plus_20,weight,d762ceeb-514f-43a6-9f91-a2d422ed6c60,3,3,0,7.009,7.002,-0.007000000000000561,29,False
RO,nuscale_voygr6,w_EP_plus_20,weight,dac2a974-a2de-46c5-b581-03985a9ae7d0,17,17,0,5.978,5.978,0.0,22,False
PL,nuscale_voygr6,w_EP_plus_20,weight,dadadad9-b67e-44b8-a9ab-4cbf116da20b,7,7,0,7.153,7.143,-0.009999999999999787,61,False
TR,nuscale_voygr6,w_EP_plus_20,weight,db87ce6a-3802-44c5-945f-8a95d3cf111b,84,85,1,6.166,6.147,-0.019000000000000128,119,False
PL,nuscale_voygr6,w_EP_plus_20,weight,dc87cdf1-9936-4a59-a5e9-b5e360173490,41,41,0,5.928,5.914,-0.014000000000000234,61,False
TR,nuscale_voygr6,w_EP_plus_20,weight,dd413ee8-a6f2-4e7c-8e6c-6d0ed8637d83,26,28,2,6.88,6.822,-0.05799999999999983,119,False
TR,nuscale_voygr6,w_EP_plus_20,weight,ddc8bb9c-bf77-4075-b38c-600fb072acf8,8,9,1,7.263,7.25,-0.0129999999999999,119,False
PL,nuscale_voygr6,w_EP_plus_20,weight,de6735bd-7a79-43c8-baad-1fe23d50d6f0,24,24,0,6.441,6.431,-0.009999999999999787,61,False
TR,nuscale_voygr6,w_EP_plus_20,weight,e03c394f-1c08-4101-b1fe-f6662fe4b424,9,8,-1,7.26,7.263,0.0030000000000001137,119,False
RO,nuscale_voygr6,w_EP_plus_20,weight,e073b3f8-4312-4d34-b322-6289a3121af1,13,13,0,6.174,6.154,-0.020000000000000462,22,False
TR,nuscale_voygr6,w_EP_plus_20,weight,e10aae79-05b7-4ad9-9d69-60ce190b4444,64,65,1,6.328,6.321,-0.007000000000000561,119,False
HU,nuscale_voygr6,w_EP_plus_20,weight,e1649639-2e45-4226-9c7a-783d2dcb6724,10,9,-1,5.411,5.423,0.012000000000000455,11,False
CZ,nuscale_voygr6,w_EP_plus_20,weight,e299922a-1670-4aff-acda-fd80600af9af,8,8,0,6.716,6.715,-0.001000000000000334,29,False
PL,nuscale_voygr6,w_EP_plus_20,weight,e2c23866-db1e-4316-82b5-7e3fe50c3c09,35,35,0,6.053,6.051,-0.0019999999999997797,61,False
RO,nuscale_voygr6,w_EP_plus_20,weight,e43af28e-a3d3-4047-a9cf-f3b0990754b4,15,15,0,6.041,6.039,-0.002000000000000668,22,False
UA,nuscale_voygr6,w_EP_plus_20,weight,e4c6a713-99e6-4fdf-afaa-d456779c504c,17,17,0,6.126,6.091,-0.03500000000000014,20,False
PL,nuscale_voygr6,w_EP_plus_20,weight,e4e3b5f0-7038-47a5-84e3-04eb07b3c4d7,3,3,0,7.227,7.215,-0.012000000000000455,61,False
TR,nuscale_voygr6,w_EP_plus_20,weight,e71ec827-7143-48dd-8c8a-8e81705fa971,65,73,8,6.322,6.266,-0.05600000000000005,119,False
BA,nuscale_voygr6,w_EP_plus_20,weight,e75c63e5-ef2f-4e08-8f8c-3da41215af9d,2,2,0,6.747,6.716,-0.030999999999999694,6,False
ME,nuscale_voygr6,w_EP_plus_20,weight,e77a7e7f-11ba-4e61-98da-f44471bc52ab,2,2,0,6.023,5.97,-0.052999999999999936,2,True
TR,nuscale_voygr6,w_EP_plus_20,weight,e780e4ac-0506-4186-9b58-0f378f878345,13,13,0,7.116,7.121,0.005000000000000782,119,False
TR,nuscale_voygr6,w_EP_plus_20,weight,e894ba3e-e397-47c9-b0b9-a72cfb6bd680,99,99,0,5.928,5.865,-0.06299999999999972,119,False
TR,nuscale_voygr6,w_EP_plus_20,weight,e8b6e342-2011-4343-b415-a8bf08501499,103,103,0,5.834,5.837,0.0030000000000001137,119,False
PL,nuscale_voygr6,w_EP_plus_20,weight,e9a1ae49-ff79-462c-af4e-7c6843221d36,61,61,0,5.328,5.278,-0.05000000000000071,61,False
TR,nuscale_voygr6,w_EP_plus_20,weight,e9bc02be-cf10-4b27-9b8a-0d4a954720e4,32,33,1,6.74,6.723,-0.017000000000000348,119,False
PL,nuscale_voygr6,w_EP_plus_20,weight,ebc0f461-acfa-47da-8094-5b15ea3e25a0,17,18,1,6.822,6.789,-0.03300000000000036,61,False
BG,nuscale_voygr6,w_EP_plus_20,weight,ec5f337a-ca52-4b86-a0f4-4933eac349e3,1,1,0,7.709,7.673,-0.03599999999999959,8,False
PL,nuscale_voygr6,w_EP_plus_20,weight,ee332928-87b2-4e7b-9203-20e402bc551f,16,14,-2,6.853,6.849,-0.0039999999999995595,61,False
PL,nuscale_voygr6,w_EP_plus_20,weight,ef2ee2ae-e73e-490c-aa07-746543fe20e6,43,40,-3,5.916,5.917,0.0009999999999994458,61,False
HU,nuscale_voygr6,w_EP_plus_20,weight,ef325d90-6d2d-4f8f-89f2-3bc98beb149b,8,8,0,5.73,5.736,0.005999999999999339,11,False
CZ,nuscale_voygr6,w_EP_plus_20,weight,f1d2bca1-a7a9-4404-84c1-34fc8a59dab7,26,25,-1,5.703,5.709,0.005999999999999339,29,False
HU,nuscale_voygr6,w_EP_plus_20,weight,f2b3a729-602a-4b6b-acc9-004244f2e556,9,10,1,5.418,5.414,-0.004000000000000448,11,False
UA,nuscale_voygr6,w_EP_plus_20,weight,f2c061de-66ad-4fce-b911-7f1899f25b75,12,12,0,6.417,6.392,-0.024999999999999467,20,False
TR,nuscale_voygr6,w_EP_plus_20,weight,f2e65fcf-afc4-4443-ac14-f15c8ffe48f3,11,11,0,7.154,7.143,-0.01100000000000012,119,False
CZ,nuscale_voygr6,w_EP_plus_20,weight,f3523341-daaa-4573-a856-becb2e1bb9e3,6,4,-2,6.916,6.911,-0.005000000000000782,29,False
PL,nuscale_voygr6,w_EP_plus_20,weight,f5be4e73-938d-4fe2-b585-5090ec780670,42,44,2,5.922,5.874,-0.04800000000000004,61,False
HU,nuscale_voygr6,w_EP_plus_20,weight,f7dcdb63-26e6-44cd-b440-ec14fe507d90,2,2,0,6.941,6.935,-0.006000000000000227,11,False
PL,nuscale_voygr6,w_EP_plus_20,weight,f8f9f43d-6a3b-445d-818e-ca82a90ace65,56,56,0,5.603,5.611,0.008000000000000007,61,False
TR,nuscale_voygr6,w_EP_plus_20,weight,f92bc907-9b9b-4d21-92fd-1705bd71128c,69,72,3,6.291,6.269,-0.02200000000000024,119,False
TR,nuscale_voygr6,w_EP_plus_20,weight,fa6b7ac3-c1bf-478f-8d0a-1f357ea480cf,111,111,0,5.594,5.618,0.02400000000000002,119,False
BY,nuscale_voygr6,w_EP_plus_20,weight,fac3d0b5-36a5-48ae-8494-f2f08e4342f4,1,1,0,7.378,7.364,-0.014000000000000234,2,True
UA,nuscale_voygr6,w_EP_plus_20,weight,fb7d4d9a-3f27-4b50-9941-6a8fccd25e9a,16,16,0,6.153,6.1,-0.052999999999999936,20,False
TR,nuscale_voygr6,w_EP_plus_20,weight,fc307877-758b-4dbf-afbe-abfc4a778155,20,21,1,6.957,6.951,-0.006000000000000227,119,False
TR,nuscale_voygr6,w_EP_plus_20,weight,fecb62d9-6fb8-4f8d-83e3-78a7c75adb6e,40,38,-2,6.672,6.672,0.0,119,False
TR,nuscale_voygr6,w_HI_minus_20,weight,0049a899-af5f-41cd-86ae-2ba729b6365f,67,69,2,6.299,6.241,-0.05800000000000072,119,False
RS,nuscale_voygr6,w_HI_minus_20,weight,0182ec25-0df9-4e4b-9861-d76a332bc282,4,5,1,6.559,6.493,-0.06599999999999984,7,False
UA,nuscale_voygr6,w_HI_minus_20,weight,02253fcc-4fc6-42d4-a6a8-42365487302f,13,13,0,6.318,6.31,-0.008000000000000007,20,False
TR,nuscale_voygr6,w_HI_minus_20,weight,0248611c-b745-404f-ad50-c2870882c7a1,15,15,0,7.072,7.024,-0.04800000000000004,119,False
UA,nuscale_voygr6,w_HI_minus_20,weight,038d42e9-769b-4b22-9513-dccff48b42cd,18,18,0,6.02,6.01,-0.009999999999999787,20,False
HU,nuscale_voygr6,w_HI_minus_20,weight,059b3ad4-7196-4e6b-b169-8605ceeed841,3,3,0,6.872,6.865,-0.006999999999999673,11,False
CZ,nuscale_voygr6,w_HI_minus_20,weight,05daa6b2-bb29-4c26-a459-855626673955,12,11,-1,6.464,6.476,0.011999999999999567,29,False
PL,nuscale_voygr6,w_HI_minus_20,weight,06641fea-8997-4b69-a618-6afa34b82591,46,46,0,5.859,5.861,0.0019999999999997797,61,False
SK,nuscale_voygr6,w_HI_minus_20,weight,06defca3-9105-437f-afd4-52f5603d9b8e,4,4,0,6.303,6.307,0.004000000000000448,5,False
TR,nuscale_voygr6,w_HI_minus_20,weight,0947a4c8-4fc1-492f-9c66-2c9a993c7fb0,78,77,-1,6.216,6.156,-0.0600000000000005,119,False
CZ,nuscale_voygr6,w_HI_minus_20,weight,0ae8917b-a70b-41e5-82de-e4963a7686e3,19,19,0,6.089,6.07,-0.019000000000000128,29,False
PL,nuscale_voygr6,w_HI_minus_20,weight,0b187a1d-55de-47cf-96a3-06abc8ff2476,13,13,0,6.884,6.922,0.03799999999999937,61,False
TR,nuscale_voygr6,w_HI_minus_20,weight,0ca4ff78-4113-4ad9-ac04-0fd541d42338,101,103,2,5.845,5.757,-0.08800000000000008,119,False
TR,nuscale_voygr6,w_HI_minus_20,weight,0fec985c-c66e-40af-a123-a9ba4db269bb,39,40,1,6.681,6.617,-0.06400000000000006,119,False
TR,nuscale_voygr6,w_HI_minus_20,weight,1289753b-43db-4058-8fe1-6e38b5fb01b5,38,35,-3,6.719,6.657,-0.06200000000000028,119,False
TR,nuscale_voygr6,w_HI_minus_20,weight,142cad75-648a-495d-8c10-792351e72126,2,2,0,7.459,7.45,-0.008999999999999453,119,False
CZ,nuscale_voygr6,w_HI_minus_20,weight,14e88076-ce0e-4693-bca4-e80f3f013c7f,14,14,0,6.345,6.352,0.007000000000000561,29,False
TR,nuscale_voygr6,w_HI_minus_20,weight,161660e7-3ccf-4704-b452-b126599700a0,114,113,-1,5.444,5.408,-0.03599999999999959,119,False
TR,nuscale_voygr6,w_HI_minus_20,weight,1624a526-07d8-44a4-8ed7-3b035b748f03,116,116,0,5.369,5.33,-0.0389999999999997,119,False
TR,nuscale_voygr6,w_HI_minus_20,weight,166f5fcc-1cc4-4cf5-9e52-59e7ce1557c6,30,28,-2,6.809,6.801,-0.008000000000000007,119,False
SK,nuscale_voygr6,w_HI_minus_20,weight,1719d38b-61e8-4b01-844b-3a2f85c8a186,3,3,0,6.741,6.765,0.02400000000000002,5,False
MK,nuscale_voygr6,w_HI_minus_20,weight,1739b1b7-a6f3-466c-9dfa-3d1de9d5b6db,1,1,0,6.812,6.812,0.0,3,False
TR,nuscale_voygr6,w_HI_minus_20,weight,17568f0f-91fd-4efe-b4df-2c7cc5d80b7d,117,117,0,5.237,5.193,-0.04400000000000048,119,False
CZ,nuscale_voygr6,w_HI_minus_20,weight,180880c2-7284-4723-b02a-a62348b9b40b,9,9,0,6.672,6.681,0.009000000000000341,29,False
TR,nuscale_voygr6,w_HI_minus_20,weight,1820429d-bd95-4e56-a6db-d9bb57e2ae07,56,55,-1,6.451,6.404,-0.04699999999999971,119,False
PL,nuscale_voygr6,w_HI_minus_20,weight,187b4fd7-6a61-4e94-8ed4-495ac6dfc317,30,30,0,6.266,6.231,-0.03500000000000014,61,False
RO,nuscale_voygr6,w_HI_minus_20,weight,18ecb024-ee4f-4045-8254-5e95d61dea8c,12,12,0,6.197,6.197,0.0,22,False
LV,nuscale_voygr6,w_HI_minus_20,weight,1a5b8f8f-f4be-4514-8738-755d25e19b41,1,1,0,6.603,6.639,0.036000000000000476,1,True
CZ,nuscale_voygr6,w_HI_minus_20,weight,1c059a42-608c-4753-8fcf-ba797d94f900,24,24,0,5.809,5.791,-0.017999999999999794,29,False
TR,nuscale_voygr6,w_HI_minus_20,weight,1ce7624e-1d72-4293-8ff4-09096b56ddd2,115,115,0,5.394,5.339,-0.054999999999999716,119,False
PL,nuscale_voygr6,w_HI_minus_20,weight,1d19dce6-c458-4656-901d-6a8d3c548761,12,12,0,6.934,6.937,0.0030000000000001137,61,False
RO,nuscale_voygr6,w_HI_minus_20,weight,1d8be6d0-f3a5-4b32-9d46-3526289731f8,22,22,0,5.391,5.426,0.03500000000000014,22,False
TR,nuscale_voygr6,w_HI_minus_20,weight,1f305180-6bbf-4758-9a98-78bc9e96e195,97,97,0,5.971,5.911,-0.0600000000000005,119,False
PL,nuscale_voygr6,w_HI_minus_20,weight,202d797d-b0f9-4cd0-bbac-d7bb06805c09,39,39,0,5.969,5.958,-0.01100000000000012,61,False
CZ,nuscale_voygr6,w_HI_minus_20,weight,20bce4f5-ca0b-4145-87e5-0a0694343f31,17,16,-1,6.201,6.219,0.018000000000000682,29,False
CZ,nuscale_voygr6,w_HI_minus_20,weight,20c9d02d-e9e8-40b3-a11e-7a2e01018d8c,13,13,0,6.438,6.448,0.010000000000000675,29,False
TR,nuscale_voygr6,w_HI_minus_20,weight,21ccc44f-3244-4e7f-9654-eae424288200,83,83,0,6.201,6.108,-0.09299999999999997,119,False
TR,nuscale_voygr6,w_HI_minus_20,weight,225656d9-8709-4c2f-9992-1e4f20a6fce8,28,26,-2,6.862,6.825,-0.03699999999999992,119,False
TR,nuscale_voygr6,w_HI_minus_20,weight,231565d3-4f56-43ee-a357-1f4451c6fbc3,49,51,2,6.562,6.468,-0.0940000000000003,119,False
TR,nuscale_voygr6,w_HI_minus_20,weight,2350bab4-9869-43f1-b62f-a4d5aea77ef5,66,71,5,6.306,6.223,-0.08300000000000018,119,False
PL,nuscale_voygr6,w_HI_minus_20,weight,239ea0eb-a9c4-43cc-ac5f-35271bdc6613,5,7,2,7.191,7.18,-0.01100000000000012,61,False
CZ,nuscale_voygr6,w_HI_minus_20,weight,274ec928-e527-44cf-86c5-b6eddc09d0f7,18,18,0,6.153,6.15,-0.0029999999999992255,29,False
PL,nuscale_voygr6,w_HI_minus_20,weight,27fc89b3-ee57-44ac-8073-a700bc8d12e8,54,54,0,5.653,5.664,0.01100000000000012,61,False
CZ,nuscale_voygr6,w_HI_minus_20,weight,287cbb48-bb08-40dd-82c5-cfe1530dfbb9,1,1,0,7.095,7.138,0.04300000000000015,29,False
TR,nuscale_voygr6,w_HI_minus_20,weight,28980273-0ba6-4c8c-b080-7ff9b33cc4c9,88,89,1,6.122,6.041,-0.08099999999999952,119,False
HU,nuscale_voygr6,w_HI_minus_20,weight,28b36531-865d-42ae-afb3-b8bad86f7014,6,6,0,6.23,6.31,0.07999999999999918,11,False
PL,nuscale_voygr6,w_HI_minus_20,weight,29479c3f-8db8-4f62-90e8-59ad6739f90b,36,38,2,6.03,6.001,-0.028999999999999915,61,False
RS,nuscale_voygr6,w_HI_minus_20,weight,296282b1-d079-4c1e-b2df-12c25128b963,1,1,0,6.753,6.723,-0.03000000000000025,7,False
PL,nuscale_voygr6,w_HI_minus_20,weight,2981a12d-3444-4301-96ba-a63ef50bec3e,1,1,0,7.684,7.688,0.0039999999999995595,61,False
RO,nuscale_voygr6,w_HI_minus_20,weight,29836b52-a882-4921-95a7-6417e636d9a2,5,5,0,6.784,6.762,-0.02200000000000024,22,False
PL,nuscale_voygr6,w_HI_minus_20,weight,29a58981-aaf7-4450-ad41-49dd6d786168,52,52,0,5.678,5.708,0.03000000000000025,61,False
UA,nuscale_voygr6,w_HI_minus_20,weight,29b3a802-7ef1-4722-ad59-b1511b1b0075,1,1,0,7.455,7.393,-0.06200000000000028,20,False
TR,nuscale_voygr6,w_HI_minus_20,weight,2a3aad60-2bff-4206-8275-f6e2029f9278,12,14,2,7.121,7.036,-0.08500000000000085,119,False
RS,nuscale_voygr6,w_HI_minus_20,weight,2b03f2e2-64ac-4262-bbff-7a536bda5722,2,2,0,6.716,6.684,-0.03200000000000003,7,False
TR,nuscale_voygr6,w_HI_minus_20,weight,2b6a65d3-efb0-44d8-b88b-9aad311f4ac4,14,16,2,7.107,7.024,-0.08300000000000018,119,False
PL,nuscale_voygr6,w_HI_minus_20,weight,2da9dab9-7b4e-46e7-b1c8-70eeb329c177,44,44,0,5.891,5.912,0.020999999999999908,61,False
AT,nuscale_voygr6,w_HI_minus_20,weight,2dcd2c6d-f375-4408-9492-7910662fac03,2,2,0,7.016,6.997,-0.019000000000000128,6,False
TR,nuscale_voygr6,w_HI_minus_20,weight,2ec95392-978d-4a43-85b9-af3282c212ba,7,8,1,7.276,7.211,-0.0649999999999995,119,False
TR,nuscale_voygr6,w_HI_minus_20,weight,2ed9363f-a9fe-46e5-8b92-c50b47a9077a,68,63,-5,6.299,6.269,-0.03000000000000025,119,False
BG,nuscale_voygr6,w_HI_minus_20,weight,2fb27566-cc7b-4530-8ff9-e55e3a1985bd,6,6,0,6.578,6.59,0.011999999999999567,8,False
CZ,nuscale_voygr6,w_HI_minus_20,weight,2fe0a0b3-4108-427e-8e54-f77e1ea7227c,5,5,0,6.916,6.948,0.03200000000000003,29,False
BG,nuscale_voygr6,w_HI_minus_20,weight,30c9e377-b575-46fa-880f-922c46e6500a,2,2,0,7.428,7.424,-0.0039999999999995595,8,False
CZ,nuscale_voygr6,w_HI_minus_20,weight,32484f7b-18a4-4b21-8e6a-6d68ae099d02,4,4,0,6.931,6.953,0.02200000000000024,29,False
BG,nuscale_voygr6,w_HI_minus_20,weight,33a015dd-51e0-497e-b0d3-4b1b3f070438,8,7,-1,5.875,5.91,0.03500000000000014,8,False
BA,nuscale_voygr6,w_HI_minus_20,weight,344e0e9a-558e-4749-bb66-cd746be50cbd,4,3,-1,6.572,6.556,-0.016000000000000014,6,False
RO,nuscale_voygr6,w_HI_minus_20,weight,345fb795-170a-4fb5-833c-f6bcf2eb450c,1,1,0,7.816,7.829,0.0129999999999999,22,False
HU,nuscale_voygr6,w_HI_minus_20,weight,34d88ce8-d49c-4b19-af2d-6efcb1b72149,11,11,0,5.405,5.353,-0.05200000000000049,11,False
UA,nuscale_voygr6,w_HI_minus_20,weight,3657989a-61ae-4fe3-9e8b-6ba7e68f8c59,10,10,0,6.616,6.616,0.0,20,False
ME,nuscale_voygr6,w_HI_minus_20,weight,3795824b-cb76-48dd-a65c-764c757ddc76,1,2,1,6.023,5.956,-0.06699999999999928,2,True
TR,nuscale_voygr6,w_HI_minus_20,weight,381221dd-76da-4adf-9b19-5da9f0779c22,42,39,-3,6.653,6.618,-0.034999999999999254,119,False
TR,nuscale_voygr6,w_HI_minus_20,weight,3819acc8-761d-49ba-89e7-967d3d37ec0e,61,60,-1,6.344,6.295,-0.04900000000000038,119,False
PL,nuscale_voygr6,w_HI_minus_20,weight,399668d6-bfed-4e5b-bf38-9ee5902101c3,57,57,0,5.5,5.557,0.057000000000000384,61,False
TR,nuscale_voygr6,w_HI_minus_20,weight,3a06636d-c742-4b72-b9cd-21a4537c331b,106,109,3,5.756,5.663,-0.09299999999999997,119,False
BG,nuscale_voygr6,w_HI_minus_20,weight,3bb6666f-de2f-4c6f-a28e-c3bddb71b54a,4,5,1,7.009,6.979,-0.03000000000000025,8,False
TR,nuscale_voygr6,w_HI_minus_20,weight,3bc834ed-5c2b-47d6-b555-2e20b9044053,55,56,1,6.47,6.385,-0.08499999999999996,119,False
UA,nuscale_voygr6,w_HI_minus_20,weight,3bd2a957-ff3b-4bfd-9dba-808279edccb9,14,14,0,6.192,6.172,-0.020000000000000462,20,False
RO,nuscale_voygr6,w_HI_minus_20,weight,3bef37a3-239e-498d-a160-77452a6a9b79,20,21,1,5.463,5.483,0.019999999999999574,22,False
PL,nuscale_voygr6,w_HI_minus_20,weight,3d2d4c37-eb9d-4b35-a8b1-b3f485bc3e3f,28,29,1,6.291,6.258,-0.03300000000000036,61,False
TR,nuscale_voygr6,w_HI_minus_20,weight,3e5f4317-6f40-44fb-bfa2-e21dc4d9922d,76,79,3,6.234,6.153,-0.0810000000000004,119,False
TR,nuscale_voygr6,w_HI_minus_20,weight,3f1ad930-cffb-4991-badd-773db74b890c,48,49,1,6.572,6.495,-0.07699999999999996,119,False
PL,nuscale_voygr6,w_HI_minus_20,weight,40650551-0c9c-45ea-bac6-befdb0cb5909,40,42,2,5.941,5.928,-0.0129999999999999,61,False
PL,nuscale_voygr6,w_HI_minus_20,weight,409dde58-5df1-44d9-b5ec-f8e2edd86786,38,36,-2,5.978,6.041,0.06300000000000061,61,False
PL,nuscale_voygr6,w_HI_minus_20,weight,40b4334a-7ba4-4ed8-aa8e-3c405599fbd7,31,32,1,6.141,6.137,-0.004000000000000448,61,False
PL,nuscale_voygr6,w_HI_minus_20,weight,416aab55-6fd9-4a0a-b8f8-796fb62d86a5,32,31,-1,6.116,6.148,0.03200000000000003,61,False
TR,nuscale_voygr6,w_HI_minus_20,weight,42d5b3fd-7d07-409b-9154-4441695b7901,74,73,-1,6.253,6.195,-0.05799999999999983,119,False
CZ,nuscale_voygr6,w_HI_minus_20,weight,43e5b2b4-2ccf-46ab-b01e-e3d480146455,29,29,0,5.378,5.34,-0.038000000000000256,29,False
TR,nuscale_voygr6,w_HI_minus_20,weight,43f99d45-6635-4392-a522-4a06445fdaf2,6,6,0,7.328,7.259,-0.06899999999999995,119,False
PL,nuscale_voygr6,w_HI_minus_20,weight,4411a22e-4e8a-4715-b000-1aae34494b68,19,19,0,6.797,6.833,0.036000000000000476,61,False
TR,nuscale_voygr6,w_HI_minus_20,weight,44362378-9c74-44af-8a08-be4877f50e97,108,106,-2,5.741,5.702,-0.0389999999999997,119,False
TR,nuscale_voygr6,w_HI_minus_20,weight,44698c12-3c50-4602-8104-dafa5fd215b6,98,99,1,5.966,5.861,-0.10500000000000043,119,False
UA,nuscale_voygr6,w_HI_minus_20,weight,447a9ea1-47fa-48a3-93f2-a77cbd629ac7,6,6,0,6.887,6.849,-0.03799999999999937,20,False
CZ,nuscale_voygr6,w_HI_minus_20,weight,44d40276-5847-41d1-ab9b-887bbdc1bcfe,25,25,0,5.74,5.717,-0.023000000000000576,29,False
UA,nuscale_voygr6,w_HI_minus_20,weight,46b96bc3-b190-4045-9c86-eb674e2ea35e,7,7,0,6.797,6.776,-0.020999999999999908,20,False
PL,nuscale_voygr6,w_HI_minus_20,weight,47be3ec4-7abe-4f4c-ac3d-b7f753b8514a,50,49,-1,5.753,5.8,0.04699999999999971,61,False
TR,nuscale_voygr6,w_HI_minus_20,weight,48149515-0774-404d-b273-790b660a8d90,37,34,-3,6.72,6.658,-0.06199999999999939,119,False
TR,nuscale_voygr6,w_HI_minus_20,weight,4b11cac9-4fe0-4a2a-9c09-4fe9a0ac6015,34,36,2,6.722,6.652,-0.07000000000000028,119,False
UA,nuscale_voygr6,w_HI_minus_20,weight,4e45df00-0d28-44d0-9697-3fa33d76fc88,9,9,0,6.788,6.758,-0.03000000000000025,20,False
CZ,nuscale_voygr6,w_HI_minus_20,weight,4eb7914c-e000-403c-b5a5-c350de67bb83,23,23,0,5.911,5.897,-0.013999999999999346,29,False
TR,nuscale_voygr6,w_HI_minus_20,weight,5067ece3-b204-495e-81c1-90a523252547,113,114,1,5.464,5.379,-0.08500000000000085,119,False
TR,nuscale_voygr6,w_HI_minus_20,weight,52028d4f-7796-4463-832e-cff2e439c96a,52,54,2,6.523,6.44,-0.0829999999999993,119,False
RO,nuscale_voygr6,w_HI_minus_20,weight,52a7babe-313f-493b-86b9-bd0c4aece4c3,4,4,0,7.016,7.052,0.03599999999999959,22,False
PL,nuscale_voygr6,w_HI_minus_20,weight,52db4dae-b014-45a4-96c4-49f80c1fdd11,6,4,-2,7.184,7.23,0.04600000000000026,61,False
AT,nuscale_voygr6,w_HI_minus_20,weight,532bfb42-0d4c-42cf-a81a-287f2b3a75bf,3,3,0,6.616,6.652,0.036000000000000476,6,False
TR,nuscale_voygr6,w_HI_minus_20,weight,53481b7f-5b85-4bab-be04-4866c2e72c12,104,100,-4,5.812,5.794,-0.018000000000000682,119,False
PL,nuscale_voygr6,w_HI_minus_20,weight,558e7bff-5b5d-4666-9ca3-ec02f2269aab,8,8,0,7.134,7.146,0.011999999999999567,61,False
TR,nuscale_voygr6,w_HI_minus_20,weight,55cfe45b-6357-40f9-8623-e9916f91f839,27,24,-3,6.872,6.846,-0.0259999999999998,119,False
TR,nuscale_voygr6,w_HI_minus_20,weight,56b8e2a3-1885-431f-9fd1-4cd3bebfad61,46,46,0,6.584,6.519,-0.0649999999999995,119,False
TR,nuscale_voygr6,w_HI_minus_20,weight,57c0c830-725f-46ee-9322-0a4a3ad9efda,22,22,0,6.938,6.86,-0.0779999999999994,119,False
TR,nuscale_voygr6,w_HI_minus_20,weight,5a19f424-1a15-44e6-bf1b-c2c5886ac1bf,53,53,0,6.509,6.451,-0.05800000000000072,119,False
RO,nuscale_voygr6,w_HI_minus_20,weight,5a33e5f0-6d86-4eab-adea-6c6bad7f3f45,19,19,0,5.903,5.92,0.017000000000000348,22,False
PL,nuscale_voygr6,w_HI_minus_20,weight,5a57ae0a-6f91-46f4-a1f5-56a6b37596e9,59,60,1,5.341,5.337,-0.004000000000000448,61,False
TR,nuscale_voygr6,w_HI_minus_20,weight,5b6be56c-d981-470c-a979-13a8764a34b8,50,48,-2,6.556,6.514,-0.041999999999999815,119,False
RS,nuscale_voygr6,w_HI_minus_20,weight,5d4aee8d-9e73-4987-907a-d092e0ba92ed,5,4,-1,6.503,6.535,0.03200000000000003,7,False
HU,nuscale_voygr6,w_HI_minus_20,weight,5de5f907-98e7-42d3-a7dd-cb65f839697b,4,4,0,6.778,6.804,0.02600000000000069,11,False
UA,nuscale_voygr6,w_HI_minus_20,weight,5ed0a674-a292-44bc-997f-5c1990da1235,2,2,0,7.372,7.358,-0.014000000000000234,20,False
TR,nuscale_voygr6,w_HI_minus_20,weight,5ed91c1b-0a1b-4a4c-9b2b-f6bdc8ff9770,91,91,0,6.082,6.006,-0.07599999999999962,119,False
CZ,nuscale_voygr6,w_HI_minus_20,weight,5f4ed23c-cea2-41ef-a3e8-ac863e1bdcd6,15,15,0,6.339,6.332,-0.007000000000000561,29,False
TR,nuscale_voygr6,w_HI_minus_20,weight,5fa0dfa9-c272-444e-8e70-80ab55b5d36c,19,18,-1,7.009,6.995,-0.014000000000000234,119,False
CZ,nuscale_voygr6,w_HI_minus_20,weight,60baaa73-dd8c-4865-bb18-6c73d63a4052,10,10,0,6.648,6.669,0.020999999999999908,29,False
CZ,nuscale_voygr6,w_HI_minus_20,weight,63601ccc-3f20-4cbd-95cb-0fbeaf821c6a,11,12,1,6.51,6.454,-0.05600000000000005,29,False
HU,nuscale_voygr6,w_HI_minus_20,weight,651839d3-4e8f-4214-89aa-1f96ea221121,7,7,0,5.967,6.034,0.06700000000000017,11,False
AT,nuscale_voygr6,w_HI_minus_20,weight,660d9d71-6733-4294-951b-1c58614d58cf,1,1,0,7.159,7.157,-0.0019999999999997797,6,False
PL,nuscale_voygr6,w_HI_minus_20,weight,66bdc30c-4179-480b-a55a-5d15be5ac66b,20,20,0,6.775,6.833,0.05799999999999983,61,False
CZ,nuscale_voygr6,w_HI_minus_20,weight,66c3f077-1ee6-41d7-8e6c-da374bb45139,28,28,0,5.622,5.593,-0.028999999999999915,29,False
TR,nuscale_voygr6,w_HI_minus_20,weight,674deb4f-110c-4120-bea0-5f0711da3ea1,5,3,-2,7.347,7.311,-0.036000000000000476,119,False
BY,nuscale_voygr6,w_HI_minus_20,weight,68aabff9-e662-4b9f-b37d-4c2ebc5f7539,2,2,0,6.991,7.008,0.017000000000000348,2,True
RO,nuscale_voygr6,w_HI_minus_20,weight,693d9b73-f9fc-4502-9b94-be020c5d21fb,7,6,-1,6.653,6.723,0.07000000000000028,22,False
RO,nuscale_voygr6,w_HI_minus_20,weight,6aed2eac-1c97-40c5-b842-fb15fd510f35,11,11,0,6.266,6.242,-0.02400000000000002,22,False
RO,nuscale_voygr6,w_HI_minus_20,weight,6c428b2a-ad09-448b-b24c-22465929d69c,21,20,-1,5.428,5.484,0.05600000000000005,22,False
TR,nuscale_voygr6,w_HI_minus_20,weight,6c9571c4-5d3b-4f88-a7be-fa8c21425eeb,3,4,1,7.38,7.308,-0.07200000000000006,119,False
TR,nuscale_voygr6,w_HI_minus_20,weight,6ddc2960-3d72-4d5f-b358-56d1c54f47e0,70,74,4,6.278,6.188,-0.08999999999999986,119,False
AT,nuscale_voygr6,w_HI_minus_20,weight,6e7fc4d8-636d-411a-baef-e138a5a07acc,5,4,-1,6.544,6.579,0.03500000000000014,6,False
BG,nuscale_voygr6,w_HI_minus_20,weight,704ef487-f600-4f23-b06e-a0f81b627597,7,8,1,5.878,5.876,-0.0019999999999997797,8,False
UA,nuscale_voygr6,w_HI_minus_20,weight,70781f2c-24c2-486c-8b32-310c36ba1238,15,15,0,6.185,6.147,-0.03799999999999937,20,False
UA,nuscale_voygr6,w_HI_minus_20,weight,725406d6-860f-4ca0-9c6a-425675bac381,11,11,0,6.543,6.472,-0.07099999999999973,20,False
TR,nuscale_voygr6,w_HI_minus_20,weight,737b6d06-1d0c-4ae6-9683-ab3fea192b32,60,61,1,6.355,6.294,-0.06100000000000083,119,False
PL,nuscale_voygr6,w_HI_minus_20,weight,73fe8f06-c53b-4877-9c1d-5caf3d8f2749,60,61,1,5.332,5.309,-0.022999999999999687,61,False
TR,nuscale_voygr6,w_HI_minus_20,weight,746fc66e-d31f-4c5d-bf5c-ab5031b04b15,89,90,1,6.122,6.03,-0.09199999999999964,119,False
MK,nuscale_voygr6,w_HI_minus_20,weight,756218bb-3f16-443e-b6c6-400cd0ce2f87,3,3,0,6.181,6.109,-0.07200000000000006,3,False
TR,nuscale_voygr6,w_HI_minus_20,weight,75f807aa-8278-43a3-8654-730713b96001,58,58,0,6.421,6.35,-0.07100000000000062,119,False
TR,nuscale_voygr6,w_HI_minus_20,weight,76cd9b7f-7613-4fd4-95ab-bf534a2e2f5e,85,86,1,6.153,6.058,-0.09499999999999975,119,False
SK,nuscale_voygr6,w_HI_minus_20,weight,770f1d3c-e5fd-493c-a376-e708d2abec6c,1,1,0,7.022,7.01,-0.012000000000000455,5,False
TR,nuscale_voygr6,w_HI_minus_20,weight,772e2484-419b-47de-9739-924ac371ad10,51,50,-1,6.534,6.477,-0.056999999999999496,119,False
TR,nuscale_voygr6,w_HI_minus_20,weight,778e0750-19f9-426e-a6c7-e0e30645fb97,10,10,0,7.185,7.111,-0.07399999999999984,119,False
TR,nuscale_voygr6,w_HI_minus_20,weight,7a805295-0cd2-48be-972e-5282c996549c,79,81,2,6.216,6.123,-0.09299999999999997,119,False
TR,nuscale_voygr6,w_HI_minus_20,weight,7b4d3f8f-a644-48a3-93f9-cd3c154dc5c2,107,108,1,5.747,5.672,-0.07500000000000018,119,False
TR,nuscale_voygr6,w_HI_minus_20,weight,7cc9cffa-e4e4-4546-902d-c8f4800dbdb2,29,31,2,6.815,6.731,-0.08400000000000052,119,False
PL,nuscale_voygr6,w_HI_minus_20,weight,7fc17ab0-ce24-4830-a938-b8424d1e9368,9,9,0,7.116,7.102,-0.013999999999999346,61,False
BA,nuscale_voygr6,w_HI_minus_20,weight,82011c29-a3d3-4a81-a27b-019d2649a251,6,6,0,5.934,5.863,-0.07099999999999973,6,False
RO,nuscale_voygr6,w_HI_minus_20,weight,825dc024-9a53-4237-bf59-cbe0af0cf87d,6,7,1,6.703,6.665,-0.038000000000000256,22,False
TR,nuscale_voygr6,w_HI_minus_20,weight,829f61ff-0ad1-4288-8dd9-e41abbd0b6a7,119,119,0,5.087,4.999,-0.08800000000000008,119,False
TR,nuscale_voygr6,w_HI_minus_20,weight,82aac38c-3037-466c-9b37-bff9da707645,87,88,1,6.134,6.048,-0.0860000000000003,119,False
MK,nuscale_voygr6,w_HI_minus_20,weight,83d3abe4-2049-47ad-a66b-46034edb7569,2,2,0,6.707,6.713,0.006000000000000227,3,False
UA,nuscale_voygr6,w_HI_minus_20,weight,83fede8b-5f92-429d-920d-9a8928a74780,4,4,0,7.166,7.091,-0.07500000000000018,20,False
BA,nuscale_voygr6,w_HI_minus_20,weight,85257083-08d1-4560-b198-a9df414da4a9,1,1,0,6.951,6.857,-0.09399999999999942,6,False
RO,nuscale_voygr6,w_HI_minus_20,weight,8781d874-5923-4795-9c9f-b2a6c709025a,18,18,0,5.941,5.946,0.004999999999999893,22,False
TR,nuscale_voygr6,w_HI_minus_20,weight,8782d6f2-5f9f-4c67-b9f2-6756857bd200,92,94,2,6.062,5.963,-0.0990000000000002,119,False
TR,nuscale_voygr6,w_HI_minus_20,weight,8a5dc384-e272-41ed-9868-a0686ac3fc7e,47,47,0,6.584,6.519,-0.0649999999999995,119,False
PL,nuscale_voygr6,w_HI_minus_20,weight,8a9d5c87-7edc-49c3-85a2-d97727b9c9b2,27,27,0,6.297,6.307,0.010000000000000675,61,False
TR,nuscale_voygr6,w_HI_minus_20,weight,8b16dc60-1a2b-4b2c-bcad-1c334d246ae3,102,102,0,5.841,5.776,-0.06500000000000039,119,False
TR,nuscale_voygr6,w_HI_minus_20,weight,8dd46a05-6e0c-4009-90ad-bd5909c25622,110,111,1,5.594,5.52,-0.07400000000000073,119,False
PL,nuscale_voygr6,w_HI_minus_20,weight,8dd8db4c-b62d-4f6b-a2ee-70a9ed785e7a,48,47,-1,5.816,5.852,0.036000000000000476,61,False
PL,nuscale_voygr6,w_HI_minus_20,weight,8e485f8a-5c68-4541-ab1d-77783f6fcb2d,18,18,0,6.806,6.834,0.02799999999999958,61,False
HU,nuscale_voygr6,w_HI_minus_20,weight,903d6b94-cd9d-4c32-b7e2-4bbfbee929df,5,5,0,6.641,6.611,-0.03000000000000025,11,False
AT,nuscale_voygr6,w_HI_minus_20,weight,90820fe3-9889-4faf-9906-7c528f8d7bc5,6,6,0,6.347,6.378,0.030999999999999694,6,False
TR,nuscale_voygr6,w_HI_minus_20,weight,9163ca37-1b31-409d-974f-9e7ed5e5f33d,80,78,-2,6.216,6.156,-0.0600000000000005,119,False
PL,nuscale_voygr6,w_HI_minus_20,weight,917008f5-fba1-4ef7-b82d-9aded2b69267,4,3,-1,7.222,7.256,0.03399999999999981,61,False
TR,nuscale_voygr6,w_HI_minus_20,weight,91f28dbb-16bd-449b-a20a-dc2b70cf2e66,94,96,2,6.028,5.953,-0.07499999999999929,119,False
TR,nuscale_voygr6,w_HI_minus_20,weight,94a5c55f-c499-41b1-81da-deaa36686399,18,19,1,7.022,6.99,-0.03200000000000003,119,False
UA,nuscale_voygr6,w_HI_minus_20,weight,95872473-c476-4ceb-bcf5-54cfdf415e42,19,19,0,5.921,5.894,-0.027000000000000135,20,False
RO,nuscale_voygr6,w_HI_minus_20,weight,958e4d82-853a-41f1-a442-94b4c4314221,2,2,0,7.159,7.125,-0.03399999999999981,22,False
TR,nuscale_voygr6,w_HI_minus_20,weight,96129c93-83a6-4b1c-929b-bfccba86a796,77,75,-2,6.234,6.169,-0.06500000000000039,119,False
TR,nuscale_voygr6,w_HI_minus_20,weight,9699244b-14c0-4e27-afd1-105494fccd60,21,20,-1,6.947,6.942,-0.004999999999999893,119,False
CZ,nuscale_voygr6,w_HI_minus_20,weight,97ed917e-acfa-4002-be89-4ec44972ab45,20,21,1,6.016,6.007,-0.009000000000000341,29,False
TR,nuscale_voygr6,w_HI_minus_20,weight,98019711-a8c3-424a-870e-00d4fea75ed1,100,101,1,5.859,5.783,-0.07599999999999962,119,False
RO,nuscale_voygr6,w_HI_minus_20,weight,9825e28e-fd6e-460d-9caf-0342563f9060,10,10,0,6.441,6.396,-0.04499999999999993,22,False
RS,nuscale_voygr6,w_HI_minus_20,weight,993ccce2-d5e1-498d-827d-8dbfeb42582b,3,3,0,6.634,6.642,0.008000000000000007,7,False
HU,nuscale_voygr6,w_HI_minus_20,weight,997474f6-9bfd-4abd-a2ac-d8618db8f0b4,1,1,0,7.584,7.583,-0.0009999999999994458,11,False
AT,nuscale_voygr6,w_HI_minus_20,weight,99d712ac-7993-4186-8a0e-2e88bae7e90f,4,5,1,6.559,6.529,-0.03000000000000025,6,False
TR,nuscale_voygr6,w_HI_minus_20,weight,9a6447f2-2887-4cce-a115-dc773d7f6eb1,31,30,-1,6.809,6.749,-0.0600000000000005,119,False
CZ,nuscale_voygr6,w_HI_minus_20,weight,9c4291f1-173b-467e-ae26-8cb01312c605,7,7,0,6.773,6.788,0.015000000000000568,29,False
TR,nuscale_voygr6,w_HI_minus_20,weight,9eb693f6-6994-4937-bc4d-e8213baa5d47,59,59,0,6.391,6.344,-0.04699999999999971,119,False
BG,nuscale_voygr6,w_HI_minus_20,weight,a064c7ae-e699-4a94-a18c-79bdfe42bce3,3,3,0,7.091,7.076,-0.015000000000000568,8,False
PL,nuscale_voygr6,w_HI_minus_20,weight,a19228ce-f25a-4ffd-a249-9d01403e6b81,11,11,0,6.953,6.969,0.016000000000000014,61,False
BA,nuscale_voygr6,w_HI_minus_20,weight,a23d073a-cbbd-469a-b134-380945fd3f4c,5,5,0,6.458,6.413,-0.04499999999999993,6,False
SK,nuscale_voygr6,w_HI_minus_20,weight,a2d8261c-3d08-4015-946c-47dbddbd0b98,5,5,0,5.691,5.667,-0.02400000000000002,5,False
TR,nuscale_voygr6,w_HI_minus_20,weight,a4af3789-2c40-41fc-a3ec-3b8d2fc6c645,86,87,1,6.148,6.058,-0.08999999999999986,119,False
RO,nuscale_voygr6,w_HI_minus_20,weight,a4fa3246-27d6-4740-898c-bdf9dadcb88c,14,14,0,6.078,6.085,0.006999999999999673,22,False
PL,nuscale_voygr6,w_HI_minus_20,weight,a55e3643-8ed4-434b-b14f-2d549d09c0d9,10,10,0,6.984,6.97,-0.014000000000000234,61,False
TR,nuscale_voygr6,w_HI_minus_20,weight,a6478cb9-5b8c-4d64-bbe6-3d3ed6a3da2c,4,5,1,7.354,7.291,-0.06299999999999972,119,False
PL,nuscale_voygr6,w_HI_minus_20,weight,a67255dd-8134-418e-9377-e28516c53722,25,25,0,6.384,6.392,0.008000000000000007,61,False
PL,nuscale_voygr6,w_HI_minus_20,weight,a6b51b4f-ba1d-49cd-bc99-8898acdbeb78,26,26,0,6.345,6.371,0.02600000000000069,61,False
CZ,nuscale_voygr6,w_HI_minus_20,weight,a6bf9980-016e-47ea-b40a-82e384a9eb43,22,22,0,5.951,5.938,-0.0129999999999999,29,False
CZ,nuscale_voygr6,w_HI_minus_20,weight,a733fc13-11a4-4722-b62d-85c85a4f8ef3,21,20,-1,6.016,6.025,0.009000000000000341,29,False
PL,nuscale_voygr6,w_HI_minus_20,weight,a7eeee6e-e14a-40ba-80b6-75ed2e170b20,33,33,0,6.103,6.116,0.0129999999999999,61,False
PL,nuscale_voygr6,w_HI_minus_20,weight,a91dfe3d-93e0-43a1-99d2-41abdd1fc2ce,53,53,0,5.678,5.671,-0.006999999999999673,61,False
TR,nuscale_voygr6,w_HI_minus_20,weight,a96dc545-41a9-4b0d-a7a3-f40ef711e5e3,41,43,2,6.668,6.603,-0.06500000000000039,119,False
BA,nuscale_voygr6,w_HI_minus_20,weight,aa0bdb5e-45aa-4d15-8aee-cb5b0e14f5d9,3,4,1,6.622,6.553,-0.06899999999999995,6,False
TR,nuscale_voygr6,w_HI_minus_20,weight,aa336cdc-f6fe-4b08-b46d-69e852c501bf,62,65,3,6.328,6.256,-0.07200000000000006,119,False
CZ,nuscale_voygr6,w_HI_minus_20,weight,aa38441d-aec7-4ae9-b4c3-68c5bf567db3,16,17,1,6.214,6.214,0.0,29,False
HR,nuscale_voygr6,w_HI_minus_20,weight,ab151830-e5bd-46de-8400-01aa4c165366,1,1,0,6.214,6.156,-0.05800000000000072,1,True
PL,nuscale_voygr6,w_HI_minus_20,weight,ab57f5c3-8699-46f9-970f-3007dfc58af4,23,23,0,6.503,6.516,0.0129999999999999,61,False
TR,nuscale_voygr6,w_HI_minus_20,weight,ad0c8590-c672-43f2-a813-1217a10f7d2d,1,1,0,7.784,7.725,-0.05900000000000016,119,False
PL,nuscale_voygr6,w_HI_minus_20,weight,ad7a9c00-0c75-411f-8f89-859e603df1e6,51,51,0,5.753,5.731,-0.02200000000000024,61,False
TR,nuscale_voygr6,w_HI_minus_20,weight,adeb10a5-aaae-4e2c-b426-3db1c3d9bd5b,93,95,2,6.053,5.958,-0.09499999999999975,119,False
RO,nuscale_voygr6,w_HI_minus_20,weight,af7f107f-71b5-5a33-8125-9ccb7060f895,3,3,0,7.114,7.071,-0.04300000000000015,22,False
RO,nuscale_voygr6,w_HI_minus_20,weight,aff5ffe6-fe7a-4de7-afad-9d4645a64cd9,9,9,0,6.478,6.485,0.007000000000000561,22,False
BG,nuscale_voygr6,w_HI_minus_20,weight,b01fe781-dbc7-40f8-a544-946288020042,5,4,-1,6.984,7.026,0.041999999999999815,8,False
CZ,nuscale_voygr6,w_HI_minus_20,weight,b0ba194f-3c80-4725-b1e7-fa5277b38833,2,2,0,7.016,7.055,0.0389999999999997,29,False
PL,nuscale_voygr6,w_HI_minus_20,weight,b24c9876-5a4d-4b83-b442-af2f4b0d1047,45,45,0,5.866,5.886,0.020000000000000462,61,False
PL,nuscale_voygr6,w_HI_minus_20,weight,b24f9ac5-5ddf-4b19-ba95-76dafeca3d2c,2,2,0,7.284,7.303,0.019000000000000128,61,False
MD,nuscale_voygr6,w_HI_minus_20,weight,b3eb5dd2-98cf-40c4-b9ee-2a86fd066093,1,1,0,6.959,6.982,0.023000000000000576,1,True
TR,nuscale_voygr6,w_HI_minus_20,weight,b588126a-42d6-49dc-b227-9283af5a2578,35,37,2,6.722,6.652,-0.07000000000000028,119,False
TR,nuscale_voygr6,w_HI_minus_20,weight,b5a75ec8-a2fe-42ad-b33e-ea32e20ebdfb,45,45,0,6.622,6.553,-0.06899999999999995,119,False
TR,nuscale_voygr6,w_HI_minus_20,weight,b5ff798e-e059-4d8b-a903-00a1fefc62ab,36,38,2,6.722,6.652,-0.07000000000000028,119,False
PL,nuscale_voygr6,w_HI_minus_20,weight,b789a244-7d29-4be3-afe4-2f45d7f11eab,47,50,3,5.819,5.8,-0.019000000000000128,61,False
TR,nuscale_voygr6,w_HI_minus_20,weight,b8875ff2-9e9d-4520-8879-c71468e9cc50,25,25,0,6.891,6.832,-0.05900000000000016,119,False
PL,nuscale_voygr6,w_HI_minus_20,weight,b8a00967-90a3-4a4e-9979-6b8651d87380,29,28,-1,6.291,6.276,-0.015000000000000568,61,False
PL,nuscale_voygr6,w_HI_minus_20,weight,b8bc6544-1571-4906-95e0-314d62c78a24,15,16,1,6.853,6.882,0.028999999999999915,61,False
TR,nuscale_voygr6,w_HI_minus_20,weight,b90e80f9-66f3-4290-8aa2-518b8422aba0,112,110,-2,5.591,5.562,-0.028999999999999915,119,False
TR,nuscale_voygr6,w_HI_minus_20,weight,bac4a081-83dc-4aba-8076-b67bfc55f54c,95,92,-3,6.016,5.97,-0.04600000000000026,119,False
TR,nuscale_voygr6,w_HI_minus_20,weight,bb2453b0-c76d-40ea-bcc4-870391f05b2f,118,118,0,5.2,5.154,-0.04600000000000026,119,False
TR,nuscale_voygr6,w_HI_minus_20,weight,bfadbe66-971d-4f64-b222-604a7ee6ac6b,16,17,1,7.072,7.024,-0.04800000000000004,119,False
RO,nuscale_voygr6,w_HI_minus_20,weight,c3790475-3d3b-4e2b-92ae-24503fe03e6b,8,8,0,6.491,6.516,0.025000000000000355,22,False
PL,nuscale_voygr6,w_HI_minus_20,weight,c39819ef-6798-4c01-9a82-9eead65b5f56,22,22,0,6.691,6.658,-0.032999999999999474,61,False
PL,nuscale_voygr6,w_HI_minus_20,weight,c42c5942-264d-43a1-a9eb-95b00480eb1a,49,48,-1,5.816,5.816,0.0,61,False
UA,nuscale_voygr6,w_HI_minus_20,weight,c47eb6a3-49c1-4879-95b6-9bcd53b7af04,5,5,0,6.959,6.906,-0.052999999999999936,20,False
PL,nuscale_voygr6,w_HI_minus_20,weight,c4d7f628-c108-4496-ac02-6076ea3ae448,34,35,1,6.082,6.092,0.009999999999999787,61,False
TR,nuscale_voygr6,w_HI_minus_20,weight,c657c5c3-38a2-472d-8962-9e7cefcd2c1e,24,27,3,6.908,6.817,-0.09100000000000019,119,False
TR,nuscale_voygr6,w_HI_minus_20,weight,c6b846cb-3a01-4e17-9d51-da4b58fd1827,105,104,-1,5.791,5.754,-0.03700000000000081,119,False
TR,nuscale_voygr6,w_HI_minus_20,weight,c7afd455-7beb-4d23-8d3b-e9a102782d2b,109,107,-2,5.706,5.678,-0.02800000000000047,119,False
TR,nuscale_voygr6,w_HI_minus_20,weight,c8e1cc12-080a-4e01-925d-8fd6e4334856,96,93,-3,6.016,5.97,-0.04600000000000026,119,False
RS,nuscale_voygr6,w_HI_minus_20,weight,c8f15aca-174b-4be6-a6d9-abfa4685d10d,7,6,-1,6.453,6.464,0.01100000000000012,7,False
SK,nuscale_voygr6,w_HI_minus_20,weight,c97125b3-20ed-4e21-a853-b928644ec7dd,2,2,0,6.978,6.958,-0.019999999999999574,5,False
TR,nuscale_voygr6,w_HI_minus_20,weight,c9c85786-eb26-4e7b-b280-83a54b7e834f,63,68,5,6.328,6.246,-0.08199999999999985,119,False
TR,nuscale_voygr6,w_HI_minus_20,weight,ca423571-d2ab-44d4-b5ce-3e649d9cc776,82,80,-2,6.209,6.132,-0.07699999999999996,119,False
TR,nuscale_voygr6,w_HI_minus_20,weight,cb08e7b6-0af3-45d9-95c3-3832e7e2677c,44,41,-3,6.628,6.614,-0.014000000000000234,119,False
TR,nuscale_voygr6,w_HI_minus_20,weight,cb825b0f-e315-4221-b194-43d5b472382d,90,85,-5,6.084,6.061,-0.022999999999999687,119,False
CZ,nuscale_voygr6,w_HI_minus_20,weight,cbd67443-4a4e-44fd-a9ed-20ba9574c99e,27,27,0,5.701,5.637,-0.06400000000000006,29,False
TR,nuscale_voygr6,w_HI_minus_20,weight,cc635340-954c-4428-9fa1-14383c7faceb,43,44,1,6.641,6.578,-0.06299999999999972,119,False
PL,nuscale_voygr6,w_HI_minus_20,weight,ccc15bde-1c5a-40bf-8f09-2fcb1e896ce5,55,56,1,5.622,5.632,0.009999999999999787,61,False
PL,nuscale_voygr6,w_HI_minus_20,weight,cd84938d-eea8-47a1-8ea6-2e9f943e5914,14,14,0,6.884,6.903,0.01899999999999924,61,False
UA,nuscale_voygr6,w_HI_minus_20,weight,cdb6adfb-52ff-4631-939a-001080b20450,8,8,0,6.795,6.772,-0.022999999999999687,20,False
PL,nuscale_voygr6,w_HI_minus_20,weight,cdc888ad-fd51-4710-a5ab-3cd0fe9ddb48,21,21,0,6.753,6.759,0.006000000000000227,61,False
TR,nuscale_voygr6,w_HI_minus_20,weight,ce39538c-997e-4a7d-bc32-f164f50f9aa0,75,76,1,6.253,6.163,-0.08999999999999986,119,False
UA,nuscale_voygr6,w_HI_minus_20,weight,cec871bd-c7f6-4444-b0da-9b3a9ecc6963,3,3,0,7.197,7.175,-0.02200000000000024,20,False
TR,nuscale_voygr6,w_HI_minus_20,weight,cf9150af-0325-44d8-bbaf-493e742f2e2b,54,52,-2,6.503,6.456,-0.04699999999999971,119,False
TR,nuscale_voygr6,w_HI_minus_20,weight,d020ac37-4f23-41b1-8f1e-b425b5769424,57,57,0,6.431,6.354,-0.07699999999999996,119,False
TR,nuscale_voygr6,w_HI_minus_20,weight,d12e7ffc-4cd3-4ff4-81da-ae360d59409b,71,62,-9,6.278,6.281,0.0030000000000001137,119,False
TR,nuscale_voygr6,w_HI_minus_20,weight,d1863136-5ff4-4b4d-a9c0-6219e92d637d,23,23,0,6.938,6.86,-0.0779999999999994,119,False
TR,nuscale_voygr6,w_HI_minus_20,weight,d21335d4-0a3d-4464-85e0-352745a38db4,81,82,1,6.216,6.123,-0.09299999999999997,119,False
RS,nuscale_voygr6,w_HI_minus_20,weight,d30af109-79cb-4ab5-a878-6f574b58116a,6,7,1,6.472,6.401,-0.07100000000000062,7,False
PL,nuscale_voygr6,w_HI_minus_20,weight,d3b5a049-6bff-400b-9312-96985f03acea,58,58,0,5.48,5.464,-0.016000000000000014,61,False
UA,nuscale_voygr6,w_HI_minus_20,weight,d3b9e403-7744-44c5-b5c3-999c4c1911d8,20,20,0,5.781,5.76,-0.020999999999999908,20,False
TR,nuscale_voygr6,w_HI_minus_20,weight,d3f986d9-a023-4d43-a0fb-03361f310873,33,33,0,6.734,6.692,-0.041999999999999815,119,False
TR,nuscale_voygr6,w_HI_minus_20,weight,d48d2f39-d58f-4299-9b2f-56d194d2d13b,73,67,-6,6.266,6.25,-0.016000000000000014,119,False
RO,nuscale_voygr6,w_HI_minus_20,weight,d498ded8-449c-4672-8bb9-0ed6c8fef775,16,16,0,5.991,5.993,0.002000000000000668,22,False
TR,nuscale_voygr6,w_HI_minus_20,weight,d5151598-5a1a-4697-8147-592845ffef6c,72,72,0,6.278,6.214,-0.06399999999999917,119,False
PL,nuscale_voygr6,w_HI_minus_20,weight,d60b377c-9bb4-4fd5-adb7-a9a9ba98ae76,37,37,0,6.003,6.03,0.027000000000000135,61,False
TR,nuscale_voygr6,w_HI_minus_20,weight,d6cb5642-d5ec-4a15-bc6b-8be4cb0a382e,17,13,-4,7.059,7.037,-0.02200000000000024,119,False
CZ,nuscale_voygr6,w_HI_minus_20,weight,d762ceeb-514f-43a6-9f91-a2d422ed6c60,3,3,0,7.009,7.034,0.024999999999999467,29,False
RO,nuscale_voygr6,w_HI_minus_20,weight,dac2a974-a2de-46c5-b581-03985a9ae7d0,17,17,0,5.978,5.986,0.008000000000000007,22,False
PL,nuscale_voygr6,w_HI_minus_20,weight,dadadad9-b67e-44b8-a9ab-4cbf116da20b,7,6,-1,7.153,7.209,0.05600000000000005,61,False
TR,nuscale_voygr6,w_HI_minus_20,weight,db87ce6a-3802-44c5-945f-8a95d3cf111b,84,84,0,6.166,6.108,-0.05800000000000072,119,False
PL,nuscale_voygr6,w_HI_minus_20,weight,dc87cdf1-9936-4a59-a5e9-b5e360173490,41,41,0,5.928,5.933,0.004999999999999893,61,False
TR,nuscale_voygr6,w_HI_minus_20,weight,dd413ee8-a6f2-4e7c-8e6c-6d0ed8637d83,26,29,3,6.88,6.789,-0.09100000000000019,119,False
TR,nuscale_voygr6,w_HI_minus_20,weight,ddc8bb9c-bf77-4075-b38c-600fb072acf8,8,9,1,7.263,7.181,-0.08199999999999985,119,False
PL,nuscale_voygr6,w_HI_minus_20,weight,de6735bd-7a79-43c8-baad-1fe23d50d6f0,24,24,0,6.441,6.433,-0.008000000000000007,61,False
TR,nuscale_voygr6,w_HI_minus_20,weight,e03c394f-1c08-4101-b1fe-f6662fe4b424,9,7,-2,7.26,7.243,-0.01699999999999946,119,False
RO,nuscale_voygr6,w_HI_minus_20,weight,e073b3f8-4312-4d34-b322-6289a3121af1,13,13,0,6.174,6.172,-0.002000000000000668,22,False
TR,nuscale_voygr6,w_HI_minus_20,weight,e10aae79-05b7-4ad9-9d69-60ce190b4444,64,66,2,6.328,6.256,-0.07200000000000006,119,False
HU,nuscale_voygr6,w_HI_minus_20,weight,e1649639-2e45-4226-9c7a-783d2dcb6724,10,10,0,5.411,5.411,0.0,11,False
CZ,nuscale_voygr6,w_HI_minus_20,weight,e299922a-1670-4aff-acda-fd80600af9af,8,8,0,6.716,6.739,0.022999999999999687,29,False
PL,nuscale_voygr6,w_HI_minus_20,weight,e2c23866-db1e-4316-82b5-7e3fe50c3c09,35,34,-1,6.053,6.101,0.04800000000000004,61,False
RO,nuscale_voygr6,w_HI_minus_20,weight,e43af28e-a3d3-4047-a9cf-f3b0990754b4,15,15,0,6.041,6.027,-0.014000000000000234,22,False
UA,nuscale_voygr6,w_HI_minus_20,weight,e4c6a713-99e6-4fdf-afaa-d456779c504c,17,17,0,6.126,6.058,-0.0680000000000005,20,False
PL,nuscale_voygr6,w_HI_minus_20,weight,e4e3b5f0-7038-47a5-84e3-04eb07b3c4d7,3,5,2,7.227,7.218,-0.009000000000000341,61,False
TR,nuscale_voygr6,w_HI_minus_20,weight,e71ec827-7143-48dd-8c8a-8e81705fa971,65,70,5,6.322,6.239,-0.08300000000000018,119,False
BA,nuscale_voygr6,w_HI_minus_20,weight,e75c63e5-ef2f-4e08-8f8c-3da41215af9d,2,2,0,6.747,6.694,-0.052999999999999936,6,False
ME,nuscale_voygr6,w_HI_minus_20,weight,e77a7e7f-11ba-4e61-98da-f44471bc52ab,2,1,-1,6.023,6.001,-0.021999999999999353,2,True
TR,nuscale_voygr6,w_HI_minus_20,weight,e780e4ac-0506-4186-9b58-0f378f878345,13,11,-2,7.116,7.082,-0.03399999999999981,119,False
TR,nuscale_voygr6,w_HI_minus_20,weight,e894ba3e-e397-47c9-b0b9-a72cfb6bd680,99,98,-1,5.928,5.878,-0.04999999999999982,119,False
TR,nuscale_voygr6,w_HI_minus_20,weight,e8b6e342-2011-4343-b415-a8bf08501499,103,105,2,5.834,5.75,-0.08399999999999963,119,False
PL,nuscale_voygr6,w_HI_minus_20,weight,e9a1ae49-ff79-462c-af4e-7c6843221d36,61,59,-2,5.328,5.392,0.06400000000000006,61,False
TR,nuscale_voygr6,w_HI_minus_20,weight,e9bc02be-cf10-4b27-9b8a-0d4a954720e4,32,32,0,6.74,6.702,-0.038000000000000256,119,False
PL,nuscale_voygr6,w_HI_minus_20,weight,ebc0f461-acfa-47da-8094-5b15ea3e25a0,17,17,0,6.822,6.856,0.03399999999999981,61,False
BG,nuscale_voygr6,w_HI_minus_20,weight,ec5f337a-ca52-4b86-a0f4-4933eac349e3,1,1,0,7.709,7.714,0.005000000000000782,8,False
PL,nuscale_voygr6,w_HI_minus_20,weight,ee332928-87b2-4e7b-9203-20e402bc551f,16,15,-1,6.853,6.901,0.04800000000000004,61,False
PL,nuscale_voygr6,w_HI_minus_20,weight,ef2ee2ae-e73e-490c-aa07-746543fe20e6,43,40,-3,5.916,5.939,0.022999999999999687,61,False
HU,nuscale_voygr6,w_HI_minus_20,weight,ef325d90-6d2d-4f8f-89f2-3bc98beb149b,8,8,0,5.73,5.786,0.05599999999999916,11,False
CZ,nuscale_voygr6,w_HI_minus_20,weight,f1d2bca1-a7a9-4404-84c1-34fc8a59dab7,26,26,0,5.703,5.68,-0.023000000000000576,29,False
HU,nuscale_voygr6,w_HI_minus_20,weight,f2b3a729-602a-4b6b-acc9-004244f2e556,9,9,0,5.418,5.425,0.006999999999999673,11,False
UA,nuscale_voygr6,w_HI_minus_20,weight,f2c061de-66ad-4fce-b911-7f1899f25b75,12,12,0,6.417,6.369,-0.04800000000000004,20,False
TR,nuscale_voygr6,w_HI_minus_20,weight,f2e65fcf-afc4-4443-ac14-f15c8ffe48f3,11,12,1,7.154,7.074,-0.08000000000000007,119,False
CZ,nuscale_voygr6,w_HI_minus_20,weight,f3523341-daaa-4573-a856-becb2e1bb9e3,6,6,0,6.916,6.948,0.03200000000000003,29,False
PL,nuscale_voygr6,w_HI_minus_20,weight,f5be4e73-938d-4fe2-b585-5090ec780670,42,43,1,5.922,5.915,-0.006999999999999673,61,False
HU,nuscale_voygr6,w_HI_minus_20,weight,f7dcdb63-26e6-44cd-b440-ec14fe507d90,2,2,0,6.941,6.992,0.051000000000000156,11,False
PL,nuscale_voygr6,w_HI_minus_20,weight,f8f9f43d-6a3b-445d-818e-ca82a90ace65,56,55,-1,5.603,5.648,0.04499999999999993,61,False
TR,nuscale_voygr6,w_HI_minus_20,weight,f92bc907-9b9b-4d21-92fd-1705bd71128c,69,64,-5,6.291,6.258,-0.03300000000000036,119,False
TR,nuscale_voygr6,w_HI_minus_20,weight,fa6b7ac3-c1bf-478f-8d0a-1f357ea480cf,111,112,1,5.594,5.514,-0.08000000000000007,119,False
BY,nuscale_voygr6,w_HI_minus_20,weight,fac3d0b5-36a5-48ae-8494-f2f08e4342f4,1,1,0,7.378,7.376,-0.0019999999999997797,2,True
UA,nuscale_voygr6,w_HI_minus_20,weight,fb7d4d9a-3f27-4b50-9941-6a8fccd25e9a,16,16,0,6.153,6.095,-0.05799999999999983,20,False
TR,nuscale_voygr6,w_HI_minus_20,weight,fc307877-758b-4dbf-afbe-abfc4a778155,20,21,1,6.957,6.901,-0.05600000000000005,119,False
TR,nuscale_voygr6,w_HI_minus_20,weight,fecb62d9-6fb8-4f8d-83e3-78a7c75adb6e,40,42,2,6.672,6.605,-0.06699999999999928,119,False
TR,nuscale_voygr6,w_HI_plus_20,weight,0049a899-af5f-41cd-86ae-2ba729b6365f,67,68,1,6.299,6.352,0.052999999999999936,119,False
RS,nuscale_voygr6,w_HI_plus_20,weight,0182ec25-0df9-4e4b-9861-d76a332bc282,4,4,0,6.559,6.62,0.06099999999999994,7,False
UA,nuscale_voygr6,w_HI_plus_20,weight,02253fcc-4fc6-42d4-a6a8-42365487302f,13,13,0,6.318,6.325,0.007000000000000561,20,False
TR,nuscale_voygr6,w_HI_plus_20,weight,0248611c-b745-404f-ad50-c2870882c7a1,15,15,0,7.072,7.116,0.043999999999999595,119,False
UA,nuscale_voygr6,w_HI_plus_20,weight,038d42e9-769b-4b22-9513-dccff48b42cd,18,18,0,6.02,6.028,0.008000000000000007,20,False
HU,nuscale_voygr6,w_HI_plus_20,weight,059b3ad4-7196-4e6b-b169-8605ceeed841,3,3,0,6.872,6.878,0.006000000000000227,11,False
CZ,nuscale_voygr6,w_HI_plus_20,weight,05daa6b2-bb29-4c26-a459-855626673955,12,12,0,6.464,6.453,-0.01100000000000012,29,False
PL,nuscale_voygr6,w_HI_plus_20,weight,06641fea-8997-4b69-a618-6afa34b82591,46,45,-1,5.859,5.857,-0.0019999999999997797,61,False
SK,nuscale_voygr6,w_HI_plus_20,weight,06defca3-9105-437f-afd4-52f5603d9b8e,4,4,0,6.303,6.299,-0.0039999999999995595,5,False
TR,nuscale_voygr6,w_HI_plus_20,weight,0947a4c8-4fc1-492f-9c66-2c9a993c7fb0,78,82,4,6.216,6.271,0.054999999999999716,119,False
CZ,nuscale_voygr6,w_HI_plus_20,weight,0ae8917b-a70b-41e5-82de-e4963a7686e3,19,19,0,6.089,6.106,0.01699999999999946,29,False
PL,nuscale_voygr6,w_HI_plus_20,weight,0b187a1d-55de-47cf-96a3-06abc8ff2476,13,14,1,6.884,6.85,-0.034000000000000696,61,False
TR,nuscale_voygr6,w_HI_plus_20,weight,0ca4ff78-4113-4ad9-ac04-0fd541d42338,101,101,0,5.845,5.926,0.0810000000000004,119,False
TR,nuscale_voygr6,w_HI_plus_20,weight,0fec985c-c66e-40af-a123-a9ba4db269bb,39,39,0,6.681,6.74,0.05900000000000016,119,False
TR,nuscale_voygr6,w_HI_plus_20,weight,1289753b-43db-4058-8fe1-6e38b5fb01b5,38,36,-2,6.719,6.775,0.05600000000000005,119,False
TR,nuscale_voygr6,w_HI_plus_20,weight,142cad75-648a-495d-8c10-792351e72126,2,2,0,7.459,7.468,0.009000000000000341,119,False
CZ,nuscale_voygr6,w_HI_plus_20,weight,14e88076-ce0e-4693-bca4-e80f3f013c7f,14,15,1,6.345,6.34,-0.004999999999999893,29,False
TR,nuscale_voygr6,w_HI_plus_20,weight,161660e7-3ccf-4704-b452-b126599700a0,114,114,0,5.444,5.476,0.03200000000000003,119,False
TR,nuscale_voygr6,w_HI_plus_20,weight,1624a526-07d8-44a4-8ed7-3b035b748f03,116,116,0,5.369,5.404,0.03500000000000014,119,False
TR,nuscale_voygr6,w_HI_plus_20,weight,166f5fcc-1cc4-4cf5-9e52-59e7ce1557c6,30,31,1,6.809,6.817,0.008000000000000007,119,False
SK,nuscale_voygr6,w_HI_plus_20,weight,1719d38b-61e8-4b01-844b-3a2f85c8a186,3,3,0,6.741,6.719,-0.021999999999999353,5,False
MK,nuscale_voygr6,w_HI_plus_20,weight,1739b1b7-a6f3-466c-9dfa-3d1de9d5b6db,1,1,0,6.812,6.813,0.0009999999999994458,3,False
TR,nuscale_voygr6,w_HI_plus_20,weight,17568f0f-91fd-4efe-b4df-2c7cc5d80b7d,117,117,0,5.237,5.278,0.04099999999999948,119,False
CZ,nuscale_voygr6,w_HI_plus_20,weight,180880c2-7284-4723-b02a-a62348b9b40b,9,9,0,6.672,6.663,-0.008999999999999453,29,False
TR,nuscale_voygr6,w_HI_plus_20,weight,1820429d-bd95-4e56-a6db-d9bb57e2ae07,56,57,1,6.451,6.493,0.0420000000000007,119,False
PL,nuscale_voygr6,w_HI_plus_20,weight,187b4fd7-6a61-4e94-8ed4-495ac6dfc317,30,29,-1,6.266,6.297,0.030999999999999694,61,False
RO,nuscale_voygr6,w_HI_plus_20,weight,18ecb024-ee4f-4045-8254-5e95d61dea8c,12,12,0,6.197,6.196,-0.001000000000000334,22,False
LV,nuscale_voygr6,w_HI_plus_20,weight,1a5b8f8f-f4be-4514-8738-755d25e19b41,1,1,0,6.603,6.57,-0.032999999999999474,1,True
CZ,nuscale_voygr6,w_HI_plus_20,weight,1c059a42-608c-4753-8fcf-ba797d94f900,24,24,0,5.809,5.826,0.01699999999999946,29,False
TR,nuscale_voygr6,w_HI_plus_20,weight,1ce7624e-1d72-4293-8ff4-09096b56ddd2,115,115,0,5.394,5.444,0.04999999999999982,119,False
PL,nuscale_voygr6,w_HI_plus_20,weight,1d19dce6-c458-4656-901d-6a8d3c548761,12,12,0,6.934,6.932,-0.0019999999999997797,61,False
RO,nuscale_voygr6,w_HI_plus_20,weight,1d8be6d0-f3a5-4b32-9d46-3526289731f8,22,22,0,5.391,5.358,-0.03300000000000036,22,False
TR,nuscale_voygr6,w_HI_plus_20,weight,1f305180-6bbf-4758-9a98-78bc9e96e195,97,98,1,5.971,6.026,0.054999999999999716,119,False
PL,nuscale_voygr6,w_HI_plus_20,weight,202d797d-b0f9-4cd0-bbac-d7bb06805c09,39,37,-2,5.969,5.979,0.009999999999999787,61,False
CZ,nuscale_voygr6,w_HI_plus_20,weight,20bce4f5-ca0b-4145-87e5-0a0694343f31,17,17,0,6.201,6.184,-0.01699999999999946,29,False
CZ,nuscale_voygr6,w_HI_plus_20,weight,20c9d02d-e9e8-40b3-a11e-7a2e01018d8c,13,13,0,6.438,6.428,-0.009999999999999787,29,False
TR,nuscale_voygr6,w_HI_plus_20,weight,21ccc44f-3244-4e7f-9654-eae424288200,83,78,-5,6.201,6.286,0.08499999999999996,119,False
TR,nuscale_voygr6,w_HI_plus_20,weight,225656d9-8709-4c2f-9992-1e4f20a6fce8,28,27,-1,6.862,6.896,0.03399999999999981,119,False
TR,nuscale_voygr6,w_HI_plus_20,weight,231565d3-4f56-43ee-a357-1f4451c6fbc3,49,45,-4,6.562,6.648,0.08599999999999941,119,False
TR,nuscale_voygr6,w_HI_plus_20,weight,2350bab4-9869-43f1-b62f-a4d5aea77ef5,66,66,0,6.306,6.381,0.07500000000000018,119,False
PL,nuscale_voygr6,w_HI_plus_20,weight,239ea0eb-a9c4-43cc-ac5f-35271bdc6613,5,4,-1,7.191,7.2,0.009000000000000341,61,False
CZ,nuscale_voygr6,w_HI_plus_20,weight,274ec928-e527-44cf-86c5-b6eddc09d0f7,18,18,0,6.153,6.156,0.0030000000000001137,29,False
PL,nuscale_voygr6,w_HI_plus_20,weight,27fc89b3-ee57-44ac-8073-a700bc8d12e8,54,54,0,5.653,5.643,-0.009999999999999787,61,False
CZ,nuscale_voygr6,w_HI_plus_20,weight,287cbb48-bb08-40dd-82c5-cfe1530dfbb9,1,1,0,7.095,7.057,-0.03799999999999937,29,False
TR,nuscale_voygr6,w_HI_plus_20,weight,28980273-0ba6-4c8c-b080-7ff9b33cc4c9,88,89,1,6.122,6.196,0.07399999999999984,119,False
HU,nuscale_voygr6,w_HI_plus_20,weight,28b36531-865d-42ae-afb3-b8bad86f7014,6,6,0,6.23,6.157,-0.0730000000000004,11,False
PL,nuscale_voygr6,w_HI_plus_20,weight,29479c3f-8db8-4f62-90e8-59ad6739f90b,36,35,-1,6.03,6.055,0.024999999999999467,61,False
RS,nuscale_voygr6,w_HI_plus_20,weight,296282b1-d079-4c1e-b2df-12c25128b963,1,1,0,6.753,6.781,0.02799999999999958,7,False
PL,nuscale_voygr6,w_HI_plus_20,weight,2981a12d-3444-4301-96ba-a63ef50bec3e,1,1,0,7.684,7.681,-0.0030000000000001137,61,False
RO,nuscale_voygr6,w_HI_plus_20,weight,29836b52-a882-4921-95a7-6417e636d9a2,5,5,0,6.784,6.805,0.020999999999999908,22,False
PL,nuscale_voygr6,w_HI_plus_20,weight,29a58981-aaf7-4450-ad41-49dd6d786168,52,53,1,5.678,5.65,-0.02799999999999958,61,False
UA,nuscale_voygr6,w_HI_plus_20,weight,29b3a802-7ef1-4722-ad59-b1511b1b0075,1,1,0,7.455,7.513,0.05799999999999983,20,False
TR,nuscale_voygr6,w_HI_plus_20,weight,2a3aad60-2bff-4206-8275-f6e2029f9278,12,12,0,7.121,7.2,0.07899999999999974,119,False
RS,nuscale_voygr6,w_HI_plus_20,weight,2b03f2e2-64ac-4262-bbff-7a536bda5722,2,2,0,6.716,6.745,0.028999999999999915,7,False
TR,nuscale_voygr6,w_HI_plus_20,weight,2b6a65d3-efb0-44d8-b88b-9aad311f4ac4,14,13,-1,7.107,7.184,0.07699999999999996,119,False
PL,nuscale_voygr6,w_HI_plus_20,weight,2da9dab9-7b4e-46e7-b1c8-70eeb329c177,44,44,0,5.891,5.871,-0.019999999999999574,61,False
AT,nuscale_voygr6,w_HI_plus_20,weight,2dcd2c6d-f375-4408-9492-7910662fac03,2,2,0,7.016,7.032,0.016000000000000014,6,False
TR,nuscale_voygr6,w_HI_plus_20,weight,2ec95392-978d-4a43-85b9-af3282c212ba,7,8,1,7.276,7.337,0.06099999999999994,119,False
TR,nuscale_voygr6,w_HI_plus_20,weight,2ed9363f-a9fe-46e5-8b92-c50b47a9077a,68,71,3,6.299,6.327,0.02799999999999958,119,False
BG,nuscale_voygr6,w_HI_plus_20,weight,2fb27566-cc7b-4530-8ff9-e55e3a1985bd,6,6,0,6.578,6.568,-0.010000000000000675,8,False
CZ,nuscale_voygr6,w_HI_plus_20,weight,2fe0a0b3-4108-427e-8e54-f77e1ea7227c,5,5,0,6.916,6.886,-0.03000000000000025,29,False
BG,nuscale_voygr6,w_HI_plus_20,weight,30c9e377-b575-46fa-880f-922c46e6500a,2,2,0,7.428,7.432,0.004000000000000448,8,False
CZ,nuscale_voygr6,w_HI_plus_20,weight,32484f7b-18a4-4b21-8e6a-6d68ae099d02,4,4,0,6.931,6.911,-0.020000000000000462,29,False
BG,nuscale_voygr6,w_HI_plus_20,weight,33a015dd-51e0-497e-b0d3-4b1b3f070438,8,8,0,5.875,5.843,-0.03200000000000003,8,False
BA,nuscale_voygr6,w_HI_plus_20,weight,344e0e9a-558e-4749-bb66-cd746be50cbd,4,4,0,6.572,6.587,0.01499999999999968,6,False
RO,nuscale_voygr6,w_HI_plus_20,weight,345fb795-170a-4fb5-833c-f6bcf2eb450c,1,1,0,7.816,7.804,-0.011999999999999567,22,False
HU,nuscale_voygr6,w_HI_plus_20,weight,34d88ce8-d49c-4b19-af2d-6efcb1b72149,11,9,-2,5.405,5.452,0.04699999999999971,11,False
UA,nuscale_voygr6,w_HI_plus_20,weight,3657989a-61ae-4fe3-9e8b-6ba7e68f8c59,10,10,0,6.616,6.616,0.0,20,False
ME,nuscale_voygr6,w_HI_plus_20,weight,3795824b-cb76-48dd-a65c-764c757ddc76,1,1,0,6.023,6.084,0.06099999999999994,2,True
TR,nuscale_voygr6,w_HI_plus_20,weight,381221dd-76da-4adf-9b19-5da9f0779c22,42,43,1,6.653,6.685,0.03200000000000003,119,False
TR,nuscale_voygr6,w_HI_plus_20,weight,3819acc8-761d-49ba-89e7-967d3d37ec0e,61,65,4,6.344,6.389,0.04499999999999993,119,False
PL,nuscale_voygr6,w_HI_plus_20,weight,399668d6-bfed-4e5b-bf38-9ee5902101c3,57,58,1,5.5,5.448,-0.0519999999999996,61,False
TR,nuscale_voygr6,w_HI_plus_20,weight,3a06636d-c742-4b72-b9cd-21a4537c331b,106,104,-2,5.756,5.841,0.08499999999999996,119,False
BG,nuscale_voygr6,w_HI_plus_20,weight,3bb6666f-de2f-4c6f-a28e-c3bddb71b54a,4,4,0,7.009,7.037,0.02799999999999958,8,False
TR,nuscale_voygr6,w_HI_plus_20,weight,3bc834ed-5c2b-47d6-b555-2e20b9044053,55,54,-1,6.47,6.548,0.07800000000000029,119,False
UA,nuscale_voygr6,w_HI_plus_20,weight,3bd2a957-ff3b-4bfd-9dba-808279edccb9,14,15,1,6.192,6.211,0.019000000000000128,20,False
RO,nuscale_voygr6,w_HI_plus_20,weight,3bef37a3-239e-498d-a160-77452a6a9b79,20,20,0,5.463,5.444,-0.019000000000000128,22,False
PL,nuscale_voygr6,w_HI_plus_20,weight,3d2d4c37-eb9d-4b35-a8b1-b3f485bc3e3f,28,27,-1,6.291,6.321,0.02999999999999936,61,False
TR,nuscale_voygr6,w_HI_plus_20,weight,3e5f4317-6f40-44fb-bfa2-e21dc4d9922d,76,73,-3,6.234,6.309,0.07500000000000018,119,False
TR,nuscale_voygr6,w_HI_plus_20,weight,3f1ad930-cffb-4991-badd-773db74b890c,48,48,0,6.572,6.642,0.07000000000000028,119,False
PL,nuscale_voygr6,w_HI_plus_20,weight,40650551-0c9c-45ea-bac6-befdb0cb5909,40,39,-1,5.941,5.952,0.01100000000000012,61,False
PL,nuscale_voygr6,w_HI_plus_20,weight,409dde58-5df1-44d9-b5ec-f8e2edd86786,38,42,4,5.978,5.921,-0.056999999999999496,61,False
PL,nuscale_voygr6,w_HI_plus_20,weight,40b4334a-7ba4-4ed8-aa8e-3c405599fbd7,31,31,0,6.141,6.144,0.0030000000000001137,61,False
PL,nuscale_voygr6,w_HI_plus_20,weight,416aab55-6fd9-4a0a-b8f8-796fb62d86a5,32,33,1,6.116,6.086,-0.02999999999999936,61,False
TR,nuscale_voygr6,w_HI_plus_20,weight,42d5b3fd-7d07-409b-9154-4441695b7901,74,74,0,6.253,6.307,0.05400000000000027,119,False
CZ,nuscale_voygr6,w_HI_plus_20,weight,43e5b2b4-2ccf-46ab-b01e-e3d480146455,29,29,0,5.378,5.413,0.03500000000000014,29,False
TR,nuscale_voygr6,w_HI_plus_20,weight,43f99d45-6635-4392-a522-4a06445fdaf2,6,5,-1,7.328,7.392,0.06400000000000006,119,False
PL,nuscale_voygr6,w_HI_plus_20,weight,4411a22e-4e8a-4715-b000-1aae34494b68,19,19,0,6.797,6.764,-0.032999999999999474,61,False
TR,nuscale_voygr6,w_HI_plus_20,weight,44362378-9c74-44af-8a08-be4877f50e97,108,108,0,5.741,5.776,0.03500000000000014,119,False
TR,nuscale_voygr6,w_HI_plus_20,weight,44698c12-3c50-4602-8104-dafa5fd215b6,98,95,-3,5.966,6.061,0.09499999999999975,119,False
UA,nuscale_voygr6,w_HI_plus_20,weight,447a9ea1-47fa-48a3-93f2-a77cbd629ac7,6,6,0,6.887,6.922,0.03500000000000014,20,False
CZ,nuscale_voygr6,w_HI_plus_20,weight,44d40276-5847-41d1-ab9b-887bbdc1bcfe,25,25,0,5.74,5.761,0.020999999999999908,29,False
UA,nuscale_voygr6,w_HI_plus_20,weight,46b96bc3-b190-4045-9c86-eb674e2ea35e,7,7,0,6.797,6.817,0.020000000000000462,20,False
PL,nuscale_voygr6,w_HI_plus_20,weight,47be3ec4-7abe-4f4c-ac3d-b7f753b8514a,50,51,1,5.753,5.71,-0.04300000000000015,61,False
TR,nuscale_voygr6,w_HI_plus_20,weight,48149515-0774-404d-b273-790b660a8d90,37,35,-2,6.72,6.777,0.057000000000000384,119,False
TR,nuscale_voygr6,w_HI_plus_20,weight,4b11cac9-4fe0-4a2a-9c09-4fe9a0ac6015,34,32,-2,6.722,6.786,0.06399999999999917,119,False
UA,nuscale_voygr6,w_HI_plus_20,weight,4e45df00-0d28-44d0-9697-3fa33d76fc88,9,8,-1,6.788,6.816,0.02799999999999958,20,False
CZ,nuscale_voygr6,w_HI_plus_20,weight,4eb7914c-e000-403c-b5a5-c350de67bb83,23,23,0,5.911,5.925,0.014000000000000234,29,False
TR,nuscale_voygr6,w_HI_plus_20,weight,5067ece3-b204-495e-81c1-90a523252547,113,113,0,5.464,5.543,0.07899999999999974,119,False
TR,nuscale_voygr6,w_HI_plus_20,weight,52028d4f-7796-4463-832e-cff2e439c96a,52,50,-2,6.523,6.599,0.07600000000000051,119,False
RO,nuscale_voygr6,w_HI_plus_20,weight,52a7babe-313f-493b-86b9-bd0c4aece4c3,4,4,0,7.016,6.982,-0.03399999999999981,22,False
PL,nuscale_voygr6,w_HI_plus_20,weight,52db4dae-b014-45a4-96c4-49f80c1fdd11,6,6,0,7.184,7.143,-0.04100000000000037,61,False
AT,nuscale_voygr6,w_HI_plus_20,weight,532bfb42-0d4c-42cf-a81a-287f2b3a75bf,3,4,1,6.616,6.582,-0.03399999999999981,6,False
TR,nuscale_voygr6,w_HI_plus_20,weight,53481b7f-5b85-4bab-be04-4866c2e72c12,104,105,1,5.812,5.829,0.01699999999999946,119,False
PL,nuscale_voygr6,w_HI_plus_20,weight,558e7bff-5b5d-4666-9ca3-ec02f2269aab,8,8,0,7.134,7.123,-0.01100000000000012,61,False
TR,nuscale_voygr6,w_HI_plus_20,weight,55cfe45b-6357-40f9-8623-e9916f91f839,27,28,1,6.872,6.896,0.02400000000000002,119,False
TR,nuscale_voygr6,w_HI_plus_20,weight,56b8e2a3-1885-431f-9fd1-4cd3bebfad61,46,46,0,6.584,6.644,0.0600000000000005,119,False
TR,nuscale_voygr6,w_HI_plus_20,weight,57c0c830-725f-46ee-9322-0a4a3ad9efda,22,20,-2,6.938,7.011,0.0730000000000004,119,False
TR,nuscale_voygr6,w_HI_plus_20,weight,5a19f424-1a15-44e6-bf1b-c2c5886ac1bf,53,53,0,6.509,6.563,0.05399999999999938,119,False
RO,nuscale_voygr6,w_HI_plus_20,weight,5a33e5f0-6d86-4eab-adea-6c6bad7f3f45,19,19,0,5.903,5.887,-0.016000000000000014,22,False
PL,nuscale_voygr6,w_HI_plus_20,weight,5a57ae0a-6f91-46f4-a1f5-56a6b37596e9,59,60,1,5.341,5.344,0.0030000000000001137,61,False
TR,nuscale_voygr6,w_HI_plus_20,weight,5b6be56c-d981-470c-a979-13a8764a34b8,50,51,1,6.556,6.594,0.038000000000000256,119,False
RS,nuscale_voygr6,w_HI_plus_20,weight,5d4aee8d-9e73-4987-907a-d092e0ba92ed,5,6,1,6.503,6.474,-0.028999999999999915,7,False
HU,nuscale_voygr6,w_HI_plus_20,weight,5de5f907-98e7-42d3-a7dd-cb65f839697b,4,4,0,6.778,6.754,-0.02400000000000002,11,False
UA,nuscale_voygr6,w_HI_plus_20,weight,5ed0a674-a292-44bc-997f-5c1990da1235,2,2,0,7.372,7.384,0.012000000000000455,20,False
TR,nuscale_voygr6,w_HI_plus_20,weight,5ed91c1b-0a1b-4a4c-9b2b-f6bdc8ff9770,91,91,0,6.082,6.152,0.07000000000000028,119,False
CZ,nuscale_voygr6,w_HI_plus_20,weight,5f4ed23c-cea2-41ef-a3e8-ac863e1bdcd6,15,14,-1,6.339,6.345,0.005999999999999339,29,False
TR,nuscale_voygr6,w_HI_plus_20,weight,5fa0dfa9-c272-444e-8e70-80ab55b5d36c,19,19,0,7.009,7.023,0.013999999999999346,119,False
CZ,nuscale_voygr6,w_HI_plus_20,weight,60baaa73-dd8c-4865-bb18-6c73d63a4052,10,10,0,6.648,6.629,-0.019000000000000128,29,False
CZ,nuscale_voygr6,w_HI_plus_20,weight,63601ccc-3f20-4cbd-95cb-0fbeaf821c6a,11,11,0,6.51,6.561,0.051000000000000156,29,False
HU,nuscale_voygr6,w_HI_plus_20,weight,651839d3-4e8f-4214-89aa-1f96ea221121,7,7,0,5.967,5.906,-0.06099999999999994,11,False
AT,nuscale_voygr6,w_HI_plus_20,weight,660d9d71-6733-4294-951b-1c58614d58cf,1,1,0,7.159,7.162,0.0030000000000001137,6,False
PL,nuscale_voygr6,w_HI_plus_20,weight,66bdc30c-4179-480b-a55a-5d15be5ac66b,20,21,1,6.775,6.722,-0.052999999999999936,61,False
CZ,nuscale_voygr6,w_HI_plus_20,weight,66c3f077-1ee6-41d7-8e6c-da374bb45139,28,28,0,5.622,5.648,0.0259999999999998,29,False
TR,nuscale_voygr6,w_HI_plus_20,weight,674deb4f-110c-4120-bea0-5f0711da3ea1,5,6,1,7.347,7.38,0.032999999999999474,119,False
BY,nuscale_voygr6,w_HI_plus_20,weight,68aabff9-e662-4b9f-b37d-4c2ebc5f7539,2,2,0,6.991,6.975,-0.016000000000000014,2,True
RO,nuscale_voygr6,w_HI_plus_20,weight,693d9b73-f9fc-4502-9b94-be020c5d21fb,7,7,0,6.653,6.589,-0.06399999999999917,22,False
RO,nuscale_voygr6,w_HI_plus_20,weight,6aed2eac-1c97-40c5-b842-fb15fd510f35,11,11,0,6.266,6.287,0.020999999999999908,22,False
RO,nuscale_voygr6,w_HI_plus_20,weight,6c428b2a-ad09-448b-b24c-22465929d69c,21,21,0,5.428,5.377,-0.051000000000000156,22,False
TR,nuscale_voygr6,w_HI_plus_20,weight,6c9571c4-5d3b-4f88-a7be-fa8c21425eeb,3,3,0,7.38,7.447,0.06700000000000017,119,False
TR,nuscale_voygr6,w_HI_plus_20,weight,6ddc2960-3d72-4d5f-b358-56d1c54f47e0,70,67,-3,6.278,6.36,0.08200000000000074,119,False
AT,nuscale_voygr6,w_HI_plus_20,weight,6e7fc4d8-636d-411a-baef-e138a5a07acc,5,5,0,6.544,6.511,-0.032999999999999474,6,False
BG,nuscale_voygr6,w_HI_plus_20,weight,704ef487-f600-4f23-b06e-a0f81b627597,7,7,0,5.878,5.88,0.0019999999999997797,8,False
UA,nuscale_voygr6,w_HI_plus_20,weight,70781f2c-24c2-486c-8b32-310c36ba1238,15,14,-1,6.185,6.221,0.036000000000000476,20,False
UA,nuscale_voygr6,w_HI_plus_20,weight,725406d6-860f-4ca0-9c6a-425675bac381,11,11,0,6.543,6.608,0.0649999999999995,20,False
TR,nuscale_voygr6,w_HI_plus_20,weight,737b6d06-1d0c-4ae6-9683-ab3fea192b32,60,60,0,6.355,6.411,0.05599999999999916,119,False
PL,nuscale_voygr6,w_HI_plus_20,weight,73fe8f06-c53b-4877-9c1d-5caf3d8f2749,60,59,-1,5.332,5.353,0.020999999999999908,61,False
TR,nuscale_voygr6,w_HI_plus_20,weight,746fc66e-d31f-4c5d-bf5c-ab5031b04b15,89,88,-1,6.122,6.205,0.08300000000000018,119,False
MK,nuscale_voygr6,w_HI_plus_20,weight,756218bb-3f16-443e-b6c6-400cd0ce2f87,3,3,0,6.181,6.247,0.06599999999999984,3,False
TR,nuscale_voygr6,w_HI_plus_20,weight,75f807aa-8278-43a3-8654-730713b96001,58,58,0,6.421,6.486,0.0649999999999995,119,False
TR,nuscale_voygr6,w_HI_plus_20,weight,76cd9b7f-7613-4fd4-95ab-bf534a2e2f5e,85,84,-1,6.153,6.241,0.08800000000000008,119,False
SK,nuscale_voygr6,w_HI_plus_20,weight,770f1d3c-e5fd-493c-a376-e708d2abec6c,1,1,0,7.022,7.032,0.009999999999999787,5,False
TR,nuscale_voygr6,w_HI_plus_20,weight,772e2484-419b-47de-9739-924ac371ad10,51,52,1,6.534,6.587,0.052999999999999936,119,False
TR,nuscale_voygr6,w_HI_plus_20,weight,778e0750-19f9-426e-a6c7-e0e30645fb97,10,10,0,7.185,7.254,0.06899999999999995,119,False
TR,nuscale_voygr6,w_HI_plus_20,weight,7a805295-0cd2-48be-972e-5282c996549c,79,75,-4,6.216,6.301,0.08499999999999996,119,False
TR,nuscale_voygr6,w_HI_plus_20,weight,7b4d3f8f-a644-48a3-93f9-cd3c154dc5c2,107,107,0,5.747,5.816,0.06899999999999995,119,False
TR,nuscale_voygr6,w_HI_plus_20,weight,7cc9cffa-e4e4-4546-902d-c8f4800dbdb2,29,29,0,6.815,6.892,0.07699999999999996,119,False
PL,nuscale_voygr6,w_HI_plus_20,weight,7fc17ab0-ce24-4830-a938-b8424d1e9368,9,7,-2,7.116,7.128,0.012000000000000455,61,False
BA,nuscale_voygr6,w_HI_plus_20,weight,82011c29-a3d3-4a81-a27b-019d2649a251,6,6,0,5.934,6.0,0.06599999999999984,6,False
RO,nuscale_voygr6,w_HI_plus_20,weight,825dc024-9a53-4237-bf59-cbe0af0cf87d,6,6,0,6.703,6.738,0.03500000000000014,22,False
TR,nuscale_voygr6,w_HI_plus_20,weight,829f61ff-0ad1-4288-8dd9-e41abbd0b6a7,119,119,0,5.087,5.168,0.0810000000000004,119,False
TR,nuscale_voygr6,w_HI_plus_20,weight,82aac38c-3037-466c-9b37-bff9da707645,87,87,0,6.134,6.213,0.07899999999999974,119,False
MK,nuscale_voygr6,w_HI_plus_20,weight,83d3abe4-2049-47ad-a66b-46034edb7569,2,2,0,6.707,6.702,-0.004999999999999893,3,False
UA,nuscale_voygr6,w_HI_plus_20,weight,83fede8b-5f92-429d-920d-9a8928a74780,4,3,-1,7.166,7.234,0.06799999999999962,20,False
BA,nuscale_voygr6,w_HI_plus_20,weight,85257083-08d1-4560-b198-a9df414da4a9,1,1,0,6.951,7.039,0.08800000000000008,6,False
RO,nuscale_voygr6,w_HI_plus_20,weight,8781d874-5923-4795-9c9f-b2a6c709025a,18,18,0,5.941,5.935,-0.006000000000000227,22,False
TR,nuscale_voygr6,w_HI_plus_20,weight,8782d6f2-5f9f-4c67-b9f2-6756857bd200,92,90,-2,6.062,6.153,0.0909999999999993,119,False
TR,nuscale_voygr6,w_HI_plus_20,weight,8a5dc384-e272-41ed-9868-a0686ac3fc7e,47,47,0,6.584,6.644,0.0600000000000005,119,False
PL,nuscale_voygr6,w_HI_plus_20,weight,8a9d5c87-7edc-49c3-85a2-d97727b9c9b2,27,30,3,6.297,6.287,-0.009999999999999787,61,False
TR,nuscale_voygr6,w_HI_plus_20,weight,8b16dc60-1a2b-4b2c-bcad-1c334d246ae3,102,103,1,5.841,5.901,0.05999999999999961,119,False
TR,nuscale_voygr6,w_HI_plus_20,weight,8dd46a05-6e0c-4009-90ad-bd5909c25622,110,111,1,5.594,5.663,0.06899999999999995,119,False
PL,nuscale_voygr6,w_HI_plus_20,weight,8dd8db4c-b62d-4f6b-a2ee-70a9ed785e7a,48,49,1,5.816,5.782,-0.03399999999999981,61,False
PL,nuscale_voygr6,w_HI_plus_20,weight,8e485f8a-5c68-4541-ab1d-77783f6fcb2d,18,18,0,6.806,6.78,-0.0259999999999998,61,False
HU,nuscale_voygr6,w_HI_plus_20,weight,903d6b94-cd9d-4c32-b7e2-4bbfbee929df,5,5,0,6.641,6.669,0.02799999999999958,11,False
AT,nuscale_voygr6,w_HI_plus_20,weight,90820fe3-9889-4faf-9906-7c528f8d7bc5,6,6,0,6.347,6.319,-0.02800000000000047,6,False
TR,nuscale_voygr6,w_HI_plus_20,weight,9163ca37-1b31-409d-974f-9e7ed5e5f33d,80,83,3,6.216,6.271,0.054999999999999716,119,False
PL,nuscale_voygr6,w_HI_plus_20,weight,917008f5-fba1-4ef7-b82d-9aded2b69267,4,5,1,7.222,7.19,-0.03200000000000003,61,False
TR,nuscale_voygr6,w_HI_plus_20,weight,91f28dbb-16bd-449b-a20a-dc2b70cf2e66,94,94,0,6.028,6.097,0.06900000000000084,119,False
TR,nuscale_voygr6,w_HI_plus_20,weight,94a5c55f-c499-41b1-81da-deaa36686399,18,18,0,7.022,7.051,0.028999999999999915,119,False
UA,nuscale_voygr6,w_HI_plus_20,weight,95872473-c476-4ceb-bcf5-54cfdf415e42,19,19,0,5.921,5.945,0.02400000000000002,20,False
RO,nuscale_voygr6,w_HI_plus_20,weight,958e4d82-853a-41f1-a442-94b4c4314221,2,2,0,7.159,7.19,0.031000000000000583,22,False
TR,nuscale_voygr6,w_HI_plus_20,weight,96129c93-83a6-4b1c-929b-bfccba86a796,77,77,0,6.234,6.295,0.06099999999999994,119,False
TR,nuscale_voygr6,w_HI_plus_20,weight,9699244b-14c0-4e27-afd1-105494fccd60,21,25,4,6.947,6.951,0.0039999999999995595,119,False
CZ,nuscale_voygr6,w_HI_plus_20,weight,97ed917e-acfa-4002-be89-4ec44972ab45,20,20,0,6.016,6.025,0.009000000000000341,29,False
TR,nuscale_voygr6,w_HI_plus_20,weight,98019711-a8c3-424a-870e-00d4fea75ed1,100,100,0,5.859,5.927,0.06799999999999962,119,False
RO,nuscale_voygr6,w_HI_plus_20,weight,9825e28e-fd6e-460d-9caf-0342563f9060,10,8,-2,6.441,6.481,0.040000000000000036,22,False
RS,nuscale_voygr6,w_HI_plus_20,weight,993ccce2-d5e1-498d-827d-8dbfeb42582b,3,3,0,6.634,6.628,-0.006000000000000227,7,False
HU,nuscale_voygr6,w_HI_plus_20,weight,997474f6-9bfd-4abd-a2ac-d8618db8f0b4,1,1,0,7.584,7.586,0.002000000000000668,11,False
AT,nuscale_voygr6,w_HI_plus_20,weight,99d712ac-7993-4186-8a0e-2e88bae7e90f,4,3,-1,6.559,6.587,0.02799999999999958,6,False
TR,nuscale_voygr6,w_HI_plus_20,weight,9a6447f2-2887-4cce-a115-dc773d7f6eb1,31,30,-1,6.809,6.865,0.05600000000000005,119,False
CZ,nuscale_voygr6,w_HI_plus_20,weight,9c4291f1-173b-467e-ae26-8cb01312c605,7,7,0,6.773,6.76,-0.0129999999999999,29,False
TR,nuscale_voygr6,w_HI_plus_20,weight,9eb693f6-6994-4937-bc4d-e8213baa5d47,59,59,0,6.391,6.434,0.04300000000000015,119,False
BG,nuscale_voygr6,w_HI_plus_20,weight,a064c7ae-e699-4a94-a18c-79bdfe42bce3,3,3,0,7.091,7.104,0.0129999999999999,8,False
PL,nuscale_voygr6,w_HI_plus_20,weight,a19228ce-f25a-4ffd-a249-9d01403e6b81,11,11,0,6.953,6.939,-0.014000000000000234,61,False
BA,nuscale_voygr6,w_HI_plus_20,weight,a23d073a-cbbd-469a-b134-380945fd3f4c,5,5,0,6.458,6.499,0.04099999999999948,6,False
SK,nuscale_voygr6,w_HI_plus_20,weight,a2d8261c-3d08-4015-946c-47dbddbd0b98,5,5,0,5.691,5.713,0.02200000000000024,5,False
TR,nuscale_voygr6,w_HI_plus_20,weight,a4af3789-2c40-41fc-a3ec-3b8d2fc6c645,86,85,-1,6.148,6.23,0.08200000000000074,119,False
RO,nuscale_voygr6,w_HI_plus_20,weight,a4fa3246-27d6-4740-898c-bdf9dadcb88c,14,14,0,6.078,6.072,-0.006000000000000227,22,False
PL,nuscale_voygr6,w_HI_plus_20,weight,a55e3643-8ed4-434b-b14f-2d549d09c0d9,10,10,0,6.984,6.996,0.012000000000000455,61,False
TR,nuscale_voygr6,w_HI_plus_20,weight,a6478cb9-5b8c-4d64-bbe6-3d3ed6a3da2c,4,4,0,7.354,7.412,0.05799999999999983,119,False
PL,nuscale_voygr6,w_HI_plus_20,weight,a67255dd-8134-418e-9377-e28516c53722,25,25,0,6.384,6.377,-0.007000000000000561,61,False
PL,nuscale_voygr6,w_HI_plus_20,weight,a6b51b4f-ba1d-49cd-bc99-8898acdbeb78,26,26,0,6.345,6.322,-0.022999999999999687,61,False
CZ,nuscale_voygr6,w_HI_plus_20,weight,a6bf9980-016e-47ea-b40a-82e384a9eb43,22,22,0,5.951,5.962,0.01100000000000012,29,False
CZ,nuscale_voygr6,w_HI_plus_20,weight,a733fc13-11a4-4722-b62d-85c85a4f8ef3,21,21,0,6.016,6.007,-0.009000000000000341,29,False
PL,nuscale_voygr6,w_HI_plus_20,weight,a7eeee6e-e14a-40ba-80b6-75ed2e170b20,33,32,-1,6.103,6.091,-0.011999999999999567,61,False
PL,nuscale_voygr6,w_HI_plus_20,weight,a91dfe3d-93e0-43a1-99d2-41abdd1fc2ce,53,52,-1,5.678,5.684,0.006000000000000227,61,False
TR,nuscale_voygr6,w_HI_plus_20,weight,a96dc545-41a9-4b0d-a7a3-f40ef711e5e3,41,41,0,6.668,6.727,0.05900000000000016,119,False
BA,nuscale_voygr6,w_HI_plus_20,weight,aa0bdb5e-45aa-4d15-8aee-cb5b0e14f5d9,3,3,0,6.622,6.685,0.06299999999999972,6,False
TR,nuscale_voygr6,w_HI_plus_20,weight,aa336cdc-f6fe-4b08-b46d-69e852c501bf,62,63,1,6.328,6.394,0.06599999999999984,119,False
CZ,nuscale_voygr6,w_HI_plus_20,weight,aa38441d-aec7-4ae9-b4c3-68c5bf567db3,16,16,0,6.214,6.214,0.0,29,False
HR,nuscale_voygr6,w_HI_plus_20,weight,ab151830-e5bd-46de-8400-01aa4c165366,1,1,0,6.214,6.267,0.052999999999999936,1,True
PL,nuscale_voygr6,w_HI_plus_20,weight,ab57f5c3-8699-46f9-970f-3007dfc58af4,23,23,0,6.503,6.491,-0.012000000000000455,61,False
TR,nuscale_voygr6,w_HI_plus_20,weight,ad0c8590-c672-43f2-a813-1217a10f7d2d,1,1,0,7.784,7.839,0.055000000000000604,119,False
PL,nuscale_voygr6,w_HI_plus_20,weight,ad7a9c00-0c75-411f-8f89-859e603df1e6,51,50,-1,5.753,5.774,0.020999999999999908,61,False
TR,nuscale_voygr6,w_HI_plus_20,weight,adeb10a5-aaae-4e2c-b426-3db1c3d9bd5b,93,92,-1,6.053,6.14,0.08699999999999974,119,False
RO,nuscale_voygr6,w_HI_plus_20,weight,af7f107f-71b5-5a33-8125-9ccb7060f895,3,3,0,7.114,7.153,0.0389999999999997,22,False
RO,nuscale_voygr6,w_HI_plus_20,weight,aff5ffe6-fe7a-4de7-afad-9d4645a64cd9,9,9,0,6.478,6.472,-0.005999999999999339,22,False
BG,nuscale_voygr6,w_HI_plus_20,weight,b01fe781-dbc7-40f8-a544-946288020042,5,5,0,6.984,6.946,-0.038000000000000256,8,False
CZ,nuscale_voygr6,w_HI_plus_20,weight,b0ba194f-3c80-4725-b1e7-fa5277b38833,2,3,1,7.016,6.981,-0.03500000000000014,29,False
PL,nuscale_voygr6,w_HI_plus_20,weight,b24c9876-5a4d-4b83-b442-af2f4b0d1047,45,46,1,5.866,5.847,-0.01899999999999924,61,False
PL,nuscale_voygr6,w_HI_plus_20,weight,b24f9ac5-5ddf-4b19-ba95-76dafeca3d2c,2,2,0,7.284,7.267,-0.01699999999999946,61,False
MD,nuscale_voygr6,w_HI_plus_20,weight,b3eb5dd2-98cf-40c4-b9ee-2a86fd066093,1,1,0,6.959,6.939,-0.019999999999999574,1,True
TR,nuscale_voygr6,w_HI_plus_20,weight,b588126a-42d6-49dc-b227-9283af5a2578,35,33,-2,6.722,6.786,0.06399999999999917,119,False
TR,nuscale_voygr6,w_HI_plus_20,weight,b5a75ec8-a2fe-42ad-b33e-ea32e20ebdfb,45,44,-1,6.622,6.685,0.06299999999999972,119,False
TR,nuscale_voygr6,w_HI_plus_20,weight,b5ff798e-e059-4d8b-a903-00a1fefc62ab,36,34,-2,6.722,6.786,0.06399999999999917,119,False
PL,nuscale_voygr6,w_HI_plus_20,weight,b789a244-7d29-4be3-afe4-2f45d7f11eab,47,47,0,5.819,5.836,0.017000000000000348,61,False
TR,nuscale_voygr6,w_HI_plus_20,weight,b8875ff2-9e9d-4520-8879-c71468e9cc50,25,26,1,6.891,6.946,0.054999999999999716,119,False
PL,nuscale_voygr6,w_HI_plus_20,weight,b8a00967-90a3-4a4e-9979-6b8651d87380,29,28,-1,6.291,6.304,0.0129999999999999,61,False
PL,nuscale_voygr6,w_HI_plus_20,weight,b8bc6544-1571-4906-95e0-314d62c78a24,15,15,0,6.853,6.826,-0.027000000000000135,61,False
TR,nuscale_voygr6,w_HI_plus_20,weight,b90e80f9-66f3-4290-8aa2-518b8422aba0,112,112,0,5.591,5.617,0.0259999999999998,119,False
TR,nuscale_voygr6,w_HI_plus_20,weight,bac4a081-83dc-4aba-8076-b67bfc55f54c,95,96,1,6.016,6.057,0.04100000000000037,119,False
TR,nuscale_voygr6,w_HI_plus_20,weight,bb2453b0-c76d-40ea-bcc4-870391f05b2f,118,118,0,5.2,5.243,0.04300000000000015,119,False
TR,nuscale_voygr6,w_HI_plus_20,weight,bfadbe66-971d-4f64-b222-604a7ee6ac6b,16,16,0,7.072,7.116,0.043999999999999595,119,False
RO,nuscale_voygr6,w_HI_plus_20,weight,c3790475-3d3b-4e2b-92ae-24503fe03e6b,8,10,2,6.491,6.467,-0.02400000000000002,22,False
PL,nuscale_voygr6,w_HI_plus_20,weight,c39819ef-6798-4c01-9a82-9eead65b5f56,22,22,0,6.691,6.721,0.03000000000000025,61,False
PL,nuscale_voygr6,w_HI_plus_20,weight,c42c5942-264d-43a1-a9eb-95b00480eb1a,49,48,-1,5.816,5.816,0.0,61,False
UA,nuscale_voygr6,w_HI_plus_20,weight,c47eb6a3-49c1-4879-95b6-9bcd53b7af04,5,5,0,6.959,7.008,0.04900000000000038,20,False
PL,nuscale_voygr6,w_HI_plus_20,weight,c4d7f628-c108-4496-ac02-6076ea3ae448,34,34,0,6.082,6.073,-0.008999999999999453,61,False
TR,nuscale_voygr6,w_HI_plus_20,weight,c657c5c3-38a2-472d-8962-9e7cefcd2c1e,24,23,-1,6.908,6.991,0.0829999999999993,119,False
TR,nuscale_voygr6,w_HI_plus_20,weight,c6b846cb-3a01-4e17-9d51-da4b58fd1827,105,106,1,5.791,5.824,0.032999999999999474,119,False
TR,nuscale_voygr6,w_HI_plus_20,weight,c7afd455-7beb-4d23-8d3b-e9a102782d2b,109,109,0,5.706,5.732,0.0259999999999998,119,False
TR,nuscale_voygr6,w_HI_plus_20,weight,c8e1cc12-080a-4e01-925d-8fd6e4334856,96,97,1,6.016,6.057,0.04100000000000037,119,False
RS,nuscale_voygr6,w_HI_plus_20,weight,c8f15aca-174b-4be6-a6d9-abfa4685d10d,7,7,0,6.453,6.443,-0.010000000000000675,7,False
SK,nuscale_voygr6,w_HI_plus_20,weight,c97125b3-20ed-4e21-a853-b928644ec7dd,2,2,0,6.978,6.996,0.018000000000000682,5,False
TR,nuscale_voygr6,w_HI_plus_20,weight,c9c85786-eb26-4e7b-b280-83a54b7e834f,63,61,-2,6.328,6.404,0.07599999999999962,119,False
TR,nuscale_voygr6,w_HI_plus_20,weight,ca423571-d2ab-44d4-b5ce-3e649d9cc776,82,79,-3,6.209,6.28,0.07100000000000062,119,False
TR,nuscale_voygr6,w_HI_plus_20,weight,cb08e7b6-0af3-45d9-95c3-3832e7e2677c,44,49,5,6.628,6.641,0.0129999999999999,119,False
TR,nuscale_voygr6,w_HI_plus_20,weight,cb825b0f-e315-4221-b194-43d5b472382d,90,93,3,6.084,6.105,0.021000000000000796,119,False
CZ,nuscale_voygr6,w_HI_plus_20,weight,cbd67443-4a4e-44fd-a9ed-20ba9574c99e,27,26,-1,5.701,5.758,0.057000000000000384,29,False
TR,nuscale_voygr6,w_HI_plus_20,weight,cc635340-954c-4428-9fa1-14383c7faceb,43,42,-1,6.641,6.698,0.057000000000000384,119,False
PL,nuscale_voygr6,w_HI_plus_20,weight,ccc15bde-1c5a-40bf-8f09-2fcb1e896ce5,55,55,0,5.622,5.613,-0.008999999999999453,61,False
PL,nuscale_voygr6,w_HI_plus_20,weight,cd84938d-eea8-47a1-8ea6-2e9f943e5914,14,13,-1,6.884,6.867,-0.017000000000000348,61,False
UA,nuscale_voygr6,w_HI_plus_20,weight,cdb6adfb-52ff-4631-939a-001080b20450,8,9,1,6.795,6.816,0.020999999999999908,20,False
PL,nuscale_voygr6,w_HI_plus_20,weight,cdc888ad-fd51-4710-a5ab-3cd0fe9ddb48,21,20,-1,6.753,6.747,-0.006000000000000227,61,False
TR,nuscale_voygr6,w_HI_plus_20,weight,ce39538c-997e-4a7d-bc32-f164f50f9aa0,75,70,-5,6.253,6.336,0.08300000000000018,119,False
UA,nuscale_voygr6,w_HI_plus_20,weight,cec871bd-c7f6-4444-b0da-9b3a9ecc6963,3,4,1,7.197,7.217,0.019999999999999574,20,False
TR,nuscale_voygr6,w_HI_plus_20,weight,cf9150af-0325-44d8-bbaf-493e742f2e2b,54,55,1,6.503,6.546,0.04300000000000015,119,False
TR,nuscale_voygr6,w_HI_plus_20,weight,d020ac37-4f23-41b1-8f1e-b425b5769424,57,56,-1,6.431,6.502,0.07099999999999973,119,False
TR,nuscale_voygr6,w_HI_plus_20,weight,d12e7ffc-4cd3-4ff4-81da-ae360d59409b,71,81,10,6.278,6.275,-0.0029999999999992255,119,False
TR,nuscale_voygr6,w_HI_plus_20,weight,d1863136-5ff4-4b4d-a9c0-6219e92d637d,23,21,-2,6.938,7.011,0.0730000000000004,119,False
TR,nuscale_voygr6,w_HI_plus_20,weight,d21335d4-0a3d-4464-85e0-352745a38db4,81,76,-5,6.216,6.301,0.08499999999999996,119,False
RS,nuscale_voygr6,w_HI_plus_20,weight,d30af109-79cb-4ab5-a878-6f574b58116a,6,5,-1,6.472,6.537,0.0649999999999995,7,False
PL,nuscale_voygr6,w_HI_plus_20,weight,d3b5a049-6bff-400b-9312-96985f03acea,58,57,-1,5.48,5.495,0.01499999999999968,61,False
UA,nuscale_voygr6,w_HI_plus_20,weight,d3b9e403-7744-44c5-b5c3-999c4c1911d8,20,20,0,5.781,5.801,0.020000000000000462,20,False
TR,nuscale_voygr6,w_HI_plus_20,weight,d3f986d9-a023-4d43-a0fb-03361f310873,33,38,5,6.734,6.774,0.040000000000000036,119,False
TR,nuscale_voygr6,w_HI_plus_20,weight,d48d2f39-d58f-4299-9b2f-56d194d2d13b,73,80,7,6.266,6.28,0.014000000000000234,119,False
RO,nuscale_voygr6,w_HI_plus_20,weight,d498ded8-449c-4672-8bb9-0ed6c8fef775,16,16,0,5.991,5.988,-0.0029999999999992255,22,False
TR,nuscale_voygr6,w_HI_plus_20,weight,d5151598-5a1a-4697-8147-592845ffef6c,72,69,-3,6.278,6.337,0.05900000000000016,119,False
PL,nuscale_voygr6,w_HI_plus_20,weight,d60b377c-9bb4-4fd5-adb7-a9a9ba98ae76,37,38,1,6.003,5.978,-0.025000000000000355,61,False
TR,nuscale_voygr6,w_HI_plus_20,weight,d6cb5642-d5ec-4a15-bc6b-8be4cb0a382e,17,17,0,7.059,7.08,0.020999999999999908,119,False
CZ,nuscale_voygr6,w_HI_plus_20,weight,d762ceeb-514f-43a6-9f91-a2d422ed6c60,3,2,-1,7.009,6.987,-0.02200000000000024,29,False
RO,nuscale_voygr6,w_HI_plus_20,weight,dac2a974-a2de-46c5-b581-03985a9ae7d0,17,17,0,5.978,5.971,-0.006999999999999673,22,False
PL,nuscale_voygr6,w_HI_plus_20,weight,dadadad9-b67e-44b8-a9ab-4cbf116da20b,7,9,2,7.153,7.102,-0.05099999999999927,61,False
TR,nuscale_voygr6,w_HI_plus_20,weight,db87ce6a-3802-44c5-945f-8a95d3cf111b,84,86,2,6.166,6.218,0.0519999999999996,119,False
PL,nuscale_voygr6,w_HI_plus_20,weight,dc87cdf1-9936-4a59-a5e9-b5e360173490,41,41,0,5.928,5.923,-0.004999999999999893,61,False
TR,nuscale_voygr6,w_HI_plus_20,weight,dd413ee8-a6f2-4e7c-8e6c-6d0ed8637d83,26,24,-2,6.88,6.964,0.08400000000000052,119,False
TR,nuscale_voygr6,w_HI_plus_20,weight,ddc8bb9c-bf77-4075-b38c-600fb072acf8,8,7,-1,7.263,7.339,0.07600000000000051,119,False
PL,nuscale_voygr6,w_HI_plus_20,weight,de6735bd-7a79-43c8-baad-1fe23d50d6f0,24,24,0,6.441,6.448,0.007000000000000561,61,False
TR,nuscale_voygr6,w_HI_plus_20,weight,e03c394f-1c08-4101-b1fe-f6662fe4b424,9,9,0,7.26,7.275,0.015000000000000568,119,False
RO,nuscale_voygr6,w_HI_plus_20,weight,e073b3f8-4312-4d34-b322-6289a3121af1,13,13,0,6.174,6.176,0.0019999999999997797,22,False
TR,nuscale_voygr6,w_HI_plus_20,weight,e10aae79-05b7-4ad9-9d69-60ce190b4444,64,64,0,6.328,6.394,0.06599999999999984,119,False
HU,nuscale_voygr6,w_HI_plus_20,weight,e1649639-2e45-4226-9c7a-783d2dcb6724,10,10,0,5.411,5.411,0.0,11,False
CZ,nuscale_voygr6,w_HI_plus_20,weight,e299922a-1670-4aff-acda-fd80600af9af,8,8,0,6.716,6.695,-0.020999999999999908,29,False
PL,nuscale_voygr6,w_HI_plus_20,weight,e2c23866-db1e-4316-82b5-7e3fe50c3c09,35,36,1,6.053,6.01,-0.04300000000000015,61,False
RO,nuscale_voygr6,w_HI_plus_20,weight,e43af28e-a3d3-4047-a9cf-f3b0990754b4,15,15,0,6.041,6.053,0.011999999999999567,22,False
UA,nuscale_voygr6,w_HI_plus_20,weight,e4c6a713-99e6-4fdf-afaa-d456779c504c,17,17,0,6.126,6.188,0.06199999999999939,20,False
PL,nuscale_voygr6,w_HI_plus_20,weight,e4e3b5f0-7038-47a5-84e3-04eb07b3c4d7,3,3,0,7.227,7.235,0.008000000000000007,61,False
TR,nuscale_voygr6,w_HI_plus_20,weight,e71ec827-7143-48dd-8c8a-8e81705fa971,65,62,-3,6.322,6.398,0.07599999999999962,119,False
BA,nuscale_voygr6,w_HI_plus_20,weight,e75c63e5-ef2f-4e08-8f8c-3da41215af9d,2,2,0,6.747,6.795,0.04800000000000004,6,False
ME,nuscale_voygr6,w_HI_plus_20,weight,e77a7e7f-11ba-4e61-98da-f44471bc52ab,2,2,0,6.023,6.043,0.020000000000000462,2,True
TR,nuscale_voygr6,w_HI_plus_20,weight,e780e4ac-0506-4186-9b58-0f378f878345,13,14,1,7.116,7.146,0.03000000000000025,119,False
TR,nuscale_voygr6,w_HI_plus_20,weight,e894ba3e-e397-47c9-b0b9-a72cfb6bd680,99,99,0,5.928,5.974,0.04600000000000026,119,False
TR,nuscale_voygr6,w_HI_plus_20,weight,e8b6e342-2011-4343-b415-a8bf08501499,103,102,-1,5.834,5.911,0.07699999999999996,119,False
PL,nuscale_voygr6,w_HI_plus_20,weight,e9a1ae49-ff79-462c-af4e-7c6843221d36,61,61,0,5.328,5.269,-0.05900000000000016,61,False
TR,nuscale_voygr6,w_HI_plus_20,weight,e9bc02be-cf10-4b27-9b8a-0d4a954720e4,32,37,5,6.74,6.775,0.03500000000000014,119,False
PL,nuscale_voygr6,w_HI_plus_20,weight,ebc0f461-acfa-47da-8094-5b15ea3e25a0,17,17,0,6.822,6.79,-0.03200000000000003,61,False
BG,nuscale_voygr6,w_HI_plus_20,weight,ec5f337a-ca52-4b86-a0f4-4933eac349e3,1,1,0,7.709,7.705,-0.0039999999999995595,8,False
PL,nuscale_voygr6,w_HI_plus_20,weight,ee332928-87b2-4e7b-9203-20e402bc551f,16,16,0,6.853,6.81,-0.04300000000000015,61,False
PL,nuscale_voygr6,w_HI_plus_20,weight,ef2ee2ae-e73e-490c-aa07-746543fe20e6,43,43,0,5.916,5.895,-0.021000000000000796,61,False
HU,nuscale_voygr6,w_HI_plus_20,weight,ef325d90-6d2d-4f8f-89f2-3bc98beb149b,8,8,0,5.73,5.679,-0.051000000000000156,11,False
CZ,nuscale_voygr6,w_HI_plus_20,weight,f1d2bca1-a7a9-4404-84c1-34fc8a59dab7,26,27,1,5.703,5.725,0.021999999999999353,29,False
HU,nuscale_voygr6,w_HI_plus_20,weight,f2b3a729-602a-4b6b-acc9-004244f2e556,9,11,2,5.418,5.411,-0.007000000000000561,11,False
UA,nuscale_voygr6,w_HI_plus_20,weight,f2c061de-66ad-4fce-b911-7f1899f25b75,12,12,0,6.417,6.461,0.04400000000000048,20,False
TR,nuscale_voygr6,w_HI_plus_20,weight,f2e65fcf-afc4-4443-ac14-f15c8ffe48f3,11,11,0,7.154,7.228,0.07399999999999984,119,False
CZ,nuscale_voygr6,w_HI_plus_20,weight,f3523341-daaa-4573-a856-becb2e1bb9e3,6,6,0,6.916,6.886,-0.03000000000000025,29,False
PL,nuscale_voygr6,w_HI_plus_20,weight,f5be4e73-938d-4fe2-b585-5090ec780670,42,40,-2,5.922,5.928,0.006000000000000227,61,False
HU,nuscale_voygr6,w_HI_plus_20,weight,f7dcdb63-26e6-44cd-b440-ec14fe507d90,2,2,0,6.941,6.893,-0.04800000000000004,11,False
PL,nuscale_voygr6,w_HI_plus_20,weight,f8f9f43d-6a3b-445d-818e-ca82a90ace65,56,56,0,5.603,5.562,-0.04099999999999948,61,False
TR,nuscale_voygr6,w_HI_plus_20,weight,f92bc907-9b9b-4d21-92fd-1705bd71128c,69,72,3,6.291,6.321,0.02999999999999936,119,False
TR,nuscale_voygr6,w_HI_plus_20,weight,fa6b7ac3-c1bf-478f-8d0a-1f357ea480cf,111,110,-1,5.594,5.668,0.07399999999999984,119,False
BY,nuscale_voygr6,w_HI_plus_20,weight,fac3d0b5-36a5-48ae-8494-f2f08e4342f4,1,1,0,7.378,7.38,0.0019999999999997797,2,True
UA,nuscale_voygr6,w_HI_plus_20,weight,fb7d4d9a-3f27-4b50-9941-6a8fccd25e9a,16,16,0,6.153,6.206,0.053000000000000824,20,False
TR,nuscale_voygr6,w_HI_plus_20,weight,fc307877-758b-4dbf-afbe-abfc4a778155,20,22,2,6.957,7.009,0.05200000000000049,119,False
TR,nuscale_voygr6,w_HI_plus_20,weight,fecb62d9-6fb8-4f8d-83e3-78a7c75adb6e,40,40,0,6.672,6.733,0.06099999999999994,119,False
TR,nuscale_voygr6,w_NH_minus_20,weight,0049a899-af5f-41cd-86ae-2ba729b6365f,67,67,0,6.299,6.297,-0.002000000000000668,119,False
RS,nuscale_voygr6,w_NH_minus_20,weight,0182ec25-0df9-4e4b-9861-d76a332bc282,4,4,0,6.559,6.525,-0.03399999999999981,7,False
UA,nuscale_voygr6,w_NH_minus_20,weight,02253fcc-4fc6-42d4-a6a8-42365487302f,13,13,0,6.318,6.282,-0.03599999999999959,20,False
TR,nuscale_voygr6,w_NH_minus_20,weight,0248611c-b745-404f-ad50-c2870882c7a1,15,14,-1,7.072,7.119,0.04699999999999971,119,False
UA,nuscale_voygr6,w_NH_minus_20,weight,038d42e9-769b-4b22-9513-dccff48b42cd,18,18,0,6.02,5.966,-0.05399999999999938,20,False
HU,nuscale_voygr6,w_NH_minus_20,weight,059b3ad4-7196-4e6b-b169-8605ceeed841,3,3,0,6.872,6.833,-0.0389999999999997,11,False
CZ,nuscale_voygr6,w_NH_minus_20,weight,05daa6b2-bb29-4c26-a459-855626673955,12,12,0,6.464,6.416,-0.04800000000000004,29,False
PL,nuscale_voygr6,w_NH_minus_20,weight,06641fea-8997-4b69-a618-6afa34b82591,46,48,2,5.859,5.72,-0.13900000000000023,61,False
SK,nuscale_voygr6,w_NH_minus_20,weight,06defca3-9105-437f-afd4-52f5603d9b8e,4,4,0,6.303,6.315,0.012000000000000455,5,False
TR,nuscale_voygr6,w_NH_minus_20,weight,0947a4c8-4fc1-492f-9c66-2c9a993c7fb0,78,84,6,6.216,6.153,-0.06300000000000061,119,False
CZ,nuscale_voygr6,w_NH_minus_20,weight,0ae8917b-a70b-41e5-82de-e4963a7686e3,19,19,0,6.089,6.045,-0.04400000000000048,29,False
PL,nuscale_voygr6,w_NH_minus_20,weight,0b187a1d-55de-47cf-96a3-06abc8ff2476,13,13,0,6.884,6.851,-0.03300000000000036,61,False
TR,nuscale_voygr6,w_NH_minus_20,weight,0ca4ff78-4113-4ad9-ac04-0fd541d42338,101,99,-2,5.845,5.889,0.04400000000000048,119,False
TR,nuscale_voygr6,w_NH_minus_20,weight,0fec985c-c66e-40af-a123-a9ba4db269bb,39,42,3,6.681,6.664,-0.017000000000000348,119,False
TR,nuscale_voygr6,w_NH_minus_20,weight,1289753b-43db-4058-8fe1-6e38b5fb01b5,38,32,-6,6.719,6.785,0.06599999999999984,119,False
TR,nuscale_voygr6,w_NH_minus_20,weight,142cad75-648a-495d-8c10-792351e72126,2,2,0,7.459,7.463,0.004000000000000448,119,False
CZ,nuscale_voygr6,w_NH_minus_20,weight,14e88076-ce0e-4693-bca4-e80f3f013c7f,14,15,1,6.345,6.338,-0.006999999999999673,29,False
TR,nuscale_voygr6,w_NH_minus_20,weight,161660e7-3ccf-4704-b452-b126599700a0,114,114,0,5.444,5.419,-0.025000000000000355,119,False
TR,nuscale_voygr6,w_NH_minus_20,weight,1624a526-07d8-44a4-8ed7-3b035b748f03,116,116,0,5.369,5.356,-0.0129999999999999,119,False
TR,nuscale_voygr6,w_NH_minus_20,weight,166f5fcc-1cc4-4cf5-9e52-59e7ce1557c6,30,31,1,6.809,6.79,-0.019000000000000128,119,False
SK,nuscale_voygr6,w_NH_minus_20,weight,1719d38b-61e8-4b01-844b-3a2f85c8a186,3,3,0,6.741,6.715,-0.0259999999999998,5,False
MK,nuscale_voygr6,w_NH_minus_20,weight,1739b1b7-a6f3-466c-9dfa-3d1de9d5b6db,1,1,0,6.812,6.784,-0.02800000000000047,3,False
TR,nuscale_voygr6,w_NH_minus_20,weight,17568f0f-91fd-4efe-b4df-2c7cc5d80b7d,117,117,0,5.237,5.26,0.022999999999999687,119,False
CZ,nuscale_voygr6,w_NH_minus_20,weight,180880c2-7284-4723-b02a-a62348b9b40b,9,9,0,6.672,6.66,-0.011999999999999567,29,False
TR,nuscale_voygr6,w_NH_minus_20,weight,1820429d-bd95-4e56-a6db-d9bb57e2ae07,56,58,2,6.451,6.441,-0.009999999999999787,119,False
PL,nuscale_voygr6,w_NH_minus_20,weight,187b4fd7-6a61-4e94-8ed4-495ac6dfc317,30,29,-1,6.266,6.217,-0.04900000000000038,61,False
RO,nuscale_voygr6,w_NH_minus_20,weight,18ecb024-ee4f-4045-8254-5e95d61dea8c,12,12,0,6.197,6.154,-0.04300000000000015,22,False
LV,nuscale_voygr6,w_NH_minus_20,weight,1a5b8f8f-f4be-4514-8738-755d25e19b41,1,1,0,6.603,6.574,-0.028999999999999915,1,True
CZ,nuscale_voygr6,w_NH_minus_20,weight,1c059a42-608c-4753-8fcf-ba797d94f900,24,24,0,5.809,5.746,-0.06299999999999972,29,False
TR,nuscale_voygr6,w_NH_minus_20,weight,1ce7624e-1d72-4293-8ff4-09096b56ddd2,115,115,0,5.394,5.405,0.01100000000000012,119,False
PL,nuscale_voygr6,w_NH_minus_20,weight,1d19dce6-c458-4656-901d-6a8d3c548761,12,11,-1,6.934,6.904,-0.03000000000000025,61,False
RO,nuscale_voygr6,w_NH_minus_20,weight,1d8be6d0-f3a5-4b32-9d46-3526289731f8,22,22,0,5.391,5.287,-0.10400000000000009,22,False
TR,nuscale_voygr6,w_NH_minus_20,weight,1f305180-6bbf-4758-9a98-78bc9e96e195,97,98,1,5.971,5.952,-0.019000000000000128,119,False
PL,nuscale_voygr6,w_NH_minus_20,weight,202d797d-b0f9-4cd0-bbac-d7bb06805c09,39,38,-1,5.969,5.917,-0.05200000000000049,61,False
CZ,nuscale_voygr6,w_NH_minus_20,weight,20bce4f5-ca0b-4145-87e5-0a0694343f31,17,17,0,6.201,6.15,-0.05099999999999927,29,False
CZ,nuscale_voygr6,w_NH_minus_20,weight,20c9d02d-e9e8-40b3-a11e-7a2e01018d8c,13,13,0,6.438,6.388,-0.04999999999999982,29,False
TR,nuscale_voygr6,w_NH_minus_20,weight,21ccc44f-3244-4e7f-9654-eae424288200,83,74,-9,6.201,6.247,0.04600000000000026,119,False
TR,nuscale_voygr6,w_NH_minus_20,weight,225656d9-8709-4c2f-9992-1e4f20a6fce8,28,24,-4,6.862,6.912,0.04999999999999982,119,False
TR,nuscale_voygr6,w_NH_minus_20,weight,231565d3-4f56-43ee-a357-1f4451c6fbc3,49,51,2,6.562,6.512,-0.05000000000000071,119,False
TR,nuscale_voygr6,w_NH_minus_20,weight,2350bab4-9869-43f1-b62f-a4d5aea77ef5,66,66,0,6.306,6.345,0.0389999999999997,119,False
PL,nuscale_voygr6,w_NH_minus_20,weight,239ea0eb-a9c4-43cc-ac5f-35271bdc6613,5,6,1,7.191,7.138,-0.052999999999999936,61,False
CZ,nuscale_voygr6,w_NH_minus_20,weight,274ec928-e527-44cf-86c5-b6eddc09d0f7,18,18,0,6.153,6.071,-0.08199999999999985,29,False
PL,nuscale_voygr6,w_NH_minus_20,weight,27fc89b3-ee57-44ac-8073-a700bc8d12e8,54,54,0,5.653,5.546,-0.10699999999999932,61,False
CZ,nuscale_voygr6,w_NH_minus_20,weight,287cbb48-bb08-40dd-82c5-cfe1530dfbb9,1,1,0,7.095,7.085,-0.009999999999999787,29,False
TR,nuscale_voygr6,w_NH_minus_20,weight,28980273-0ba6-4c8c-b080-7ff9b33cc4c9,88,88,0,6.122,6.112,-0.009999999999999787,119,False
HU,nuscale_voygr6,w_NH_minus_20,weight,28b36531-865d-42ae-afb3-b8bad86f7014,6,6,0,6.23,6.151,-0.07900000000000063,11,False
PL,nuscale_voygr6,w_NH_minus_20,weight,29479c3f-8db8-4f62-90e8-59ad6739f90b,36,36,0,6.03,5.949,-0.0810000000000004,61,False
RS,nuscale_voygr6,w_NH_minus_20,weight,296282b1-d079-4c1e-b2df-12c25128b963,1,1,0,6.753,6.746,-0.006999999999999673,7,False
PL,nuscale_voygr6,w_NH_minus_20,weight,2981a12d-3444-4301-96ba-a63ef50bec3e,1,1,0,7.684,7.699,0.01499999999999968,61,False
RO,nuscale_voygr6,w_NH_minus_20,weight,29836b52-a882-4921-95a7-6417e636d9a2,5,5,0,6.784,6.745,-0.0389999999999997,22,False
PL,nuscale_voygr6,w_NH_minus_20,weight,29a58981-aaf7-4450-ad41-49dd6d786168,52,53,1,5.678,5.552,-0.12600000000000033,61,False
UA,nuscale_voygr6,w_NH_minus_20,weight,29b3a802-7ef1-4722-ad59-b1511b1b0075,1,1,0,7.455,7.465,0.009999999999999787,20,False
TR,nuscale_voygr6,w_NH_minus_20,weight,2a3aad60-2bff-4206-8275-f6e2029f9278,12,13,1,7.121,7.154,0.032999999999999474,119,False
RS,nuscale_voygr6,w_NH_minus_20,weight,2b03f2e2-64ac-4262-bbff-7a536bda5722,2,2,0,6.716,6.68,-0.036000000000000476,7,False
TR,nuscale_voygr6,w_NH_minus_20,weight,2b6a65d3-efb0-44d8-b88b-9aad311f4ac4,14,16,2,7.107,7.1,-0.007000000000000561,119,False
PL,nuscale_voygr6,w_NH_minus_20,weight,2da9dab9-7b4e-46e7-b1c8-70eeb329c177,44,40,-4,5.891,5.825,-0.06599999999999984,61,False
AT,nuscale_voygr6,w_NH_minus_20,weight,2dcd2c6d-f375-4408-9492-7910662fac03,2,2,0,7.016,6.969,-0.04699999999999971,6,False
TR,nuscale_voygr6,w_NH_minus_20,weight,2ec95392-978d-4a43-85b9-af3282c212ba,7,8,1,7.276,7.271,-0.004999999999999893,119,False
TR,nuscale_voygr6,w_NH_minus_20,weight,2ed9363f-a9fe-46e5-8b92-c50b47a9077a,68,73,5,6.299,6.255,-0.04400000000000048,119,False
BG,nuscale_voygr6,w_NH_minus_20,weight,2fb27566-cc7b-4530-8ff9-e55e3a1985bd,6,6,0,6.578,6.526,-0.05200000000000049,8,False
CZ,nuscale_voygr6,w_NH_minus_20,weight,2fe0a0b3-4108-427e-8e54-f77e1ea7227c,5,5,0,6.916,6.884,-0.03200000000000003,29,False
BG,nuscale_voygr6,w_NH_minus_20,weight,30c9e377-b575-46fa-880f-922c46e6500a,2,2,0,7.428,7.403,-0.025000000000000355,8,False
CZ,nuscale_voygr6,w_NH_minus_20,weight,32484f7b-18a4-4b21-8e6a-6d68ae099d02,4,4,0,6.931,6.918,-0.0129999999999999,29,False
BG,nuscale_voygr6,w_NH_minus_20,weight,33a015dd-51e0-497e-b0d3-4b1b3f070438,8,8,0,5.875,5.768,-0.1070000000000002,8,False
BA,nuscale_voygr6,w_NH_minus_20,weight,344e0e9a-558e-4749-bb66-cd746be50cbd,4,4,0,6.572,6.56,-0.012000000000000455,6,False
RO,nuscale_voygr6,w_NH_minus_20,weight,345fb795-170a-4fb5-833c-f6bcf2eb450c,1,1,0,7.816,7.817,0.001000000000000334,22,False
HU,nuscale_voygr6,w_NH_minus_20,weight,34d88ce8-d49c-4b19-af2d-6efcb1b72149,11,10,-1,5.405,5.318,-0.08700000000000063,11,False
UA,nuscale_voygr6,w_NH_minus_20,weight,3657989a-61ae-4fe3-9e8b-6ba7e68f8c59,10,10,0,6.616,6.597,-0.01899999999999924,20,False
ME,nuscale_voygr6,w_NH_minus_20,weight,3795824b-cb76-48dd-a65c-764c757ddc76,1,1,0,6.023,6.1,0.07699999999999996,2,True
TR,nuscale_voygr6,w_NH_minus_20,weight,381221dd-76da-4adf-9b19-5da9f0779c22,42,43,1,6.653,6.654,0.001000000000000334,119,False
TR,nuscale_voygr6,w_NH_minus_20,weight,3819acc8-761d-49ba-89e7-967d3d37ec0e,61,63,2,6.344,6.355,0.01100000000000012,119,False
PL,nuscale_voygr6,w_NH_minus_20,weight,399668d6-bfed-4e5b-bf38-9ee5902101c3,57,58,1,5.5,5.386,-0.11399999999999988,61,False
TR,nuscale_voygr6,w_NH_minus_20,weight,3a06636d-c742-4b72-b9cd-21a4537c331b,106,105,-1,5.756,5.786,0.02999999999999936,119,False
BG,nuscale_voygr6,w_NH_minus_20,weight,3bb6666f-de2f-4c6f-a28e-c3bddb71b54a,4,4,0,7.009,6.978,-0.031000000000000583,8,False
TR,nuscale_voygr6,w_NH_minus_20,weight,3bc834ed-5c2b-47d6-b555-2e20b9044053,55,56,1,6.47,6.448,-0.021999999999999353,119,False
UA,nuscale_voygr6,w_NH_minus_20,weight,3bd2a957-ff3b-4bfd-9dba-808279edccb9,14,15,1,6.192,6.147,-0.04499999999999993,20,False
RO,nuscale_voygr6,w_NH_minus_20,weight,3bef37a3-239e-498d-a160-77452a6a9b79,20,20,0,5.463,5.358,-0.10500000000000043,22,False
PL,nuscale_voygr6,w_NH_minus_20,weight,3d2d4c37-eb9d-4b35-a8b1-b3f485bc3e3f,28,30,2,6.291,6.201,-0.09000000000000075,61,False
TR,nuscale_voygr6,w_NH_minus_20,weight,3e5f4317-6f40-44fb-bfa2-e21dc4d9922d,76,78,2,6.234,6.228,-0.006000000000000227,119,False
TR,nuscale_voygr6,w_NH_minus_20,weight,3f1ad930-cffb-4991-badd-773db74b890c,48,49,1,6.572,6.546,-0.0259999999999998,119,False
PL,nuscale_voygr6,w_NH_minus_20,weight,40650551-0c9c-45ea-bac6-befdb0cb5909,40,42,2,5.941,5.822,-0.11899999999999977,61,False
PL,nuscale_voygr6,w_NH_minus_20,weight,409dde58-5df1-44d9-b5ec-f8e2edd86786,38,39,1,5.978,5.875,-0.10299999999999976,61,False
PL,nuscale_voygr6,w_NH_minus_20,weight,40b4334a-7ba4-4ed8-aa8e-3c405599fbd7,31,31,0,6.141,6.026,-0.11500000000000021,61,False
PL,nuscale_voygr6,w_NH_minus_20,weight,416aab55-6fd9-4a0a-b8f8-796fb62d86a5,32,32,0,6.116,6.026,-0.08999999999999986,61,False
TR,nuscale_voygr6,w_NH_minus_20,weight,42d5b3fd-7d07-409b-9154-4441695b7901,74,79,5,6.253,6.201,-0.05200000000000049,119,False
CZ,nuscale_voygr6,w_NH_minus_20,weight,43e5b2b4-2ccf-46ab-b01e-e3d480146455,29,29,0,5.378,5.332,-0.04600000000000026,29,False
TR,nuscale_voygr6,w_NH_minus_20,weight,43f99d45-6635-4392-a522-4a06445fdaf2,6,5,-1,7.328,7.37,0.041999999999999815,119,False
PL,nuscale_voygr6,w_NH_minus_20,weight,4411a22e-4e8a-4715-b000-1aae34494b68,19,19,0,6.797,6.721,-0.07599999999999962,61,False
TR,nuscale_voygr6,w_NH_minus_20,weight,44362378-9c74-44af-8a08-be4877f50e97,108,107,-1,5.741,5.736,-0.004999999999999893,119,False
TR,nuscale_voygr6,w_NH_minus_20,weight,44698c12-3c50-4602-8104-dafa5fd215b6,98,96,-2,5.966,5.979,0.0129999999999999,119,False
UA,nuscale_voygr6,w_NH_minus_20,weight,447a9ea1-47fa-48a3-93f2-a77cbd629ac7,6,6,0,6.887,6.869,-0.017999999999999794,20,False
CZ,nuscale_voygr6,w_NH_minus_20,weight,44d40276-5847-41d1-ab9b-887bbdc1bcfe,25,27,2,5.74,5.613,-0.12699999999999978,29,False
UA,nuscale_voygr6,w_NH_minus_20,weight,46b96bc3-b190-4045-9c86-eb674e2ea35e,7,7,0,6.797,6.808,0.01100000000000012,20,False
PL,nuscale_voygr6,w_NH_minus_20,weight,47be3ec4-7abe-4f4c-ac3d-b7f753b8514a,50,50,0,5.753,5.66,-0.09299999999999997,61,False
TR,nuscale_voygr6,w_NH_minus_20,weight,48149515-0774-404d-b273-790b660a8d90,37,35,-2,6.72,6.708,-0.011999999999999567,119,False
TR,nuscale_voygr6,w_NH_minus_20,weight,4b11cac9-4fe0-4a2a-9c09-4fe9a0ac6015,34,36,2,6.722,6.705,-0.017000000000000348,119,False
UA,nuscale_voygr6,w_NH_minus_20,weight,4e45df00-0d28-44d0-9697-3fa33d76fc88,9,8,-1,6.788,6.798,0.009999999999999787,20,False
CZ,nuscale_voygr6,w_NH_minus_20,weight,4eb7914c-e000-403c-b5a5-c350de67bb83,23,23,0,5.911,5.829,-0.08199999999999985,29,False
TR,nuscale_voygr6,w_NH_minus_20,weight,5067ece3-b204-495e-81c1-90a523252547,113,113,0,5.464,5.426,-0.038000000000000256,119,False
TR,nuscale_voygr6,w_NH_minus_20,weight,52028d4f-7796-4463-832e-cff2e439c96a,52,50,-2,6.523,6.518,-0.004999999999999893,119,False
RO,nuscale_voygr6,w_NH_minus_20,weight,52a7babe-313f-493b-86b9-bd0c4aece4c3,4,4,0,7.016,6.972,-0.043999999999999595,22,False
PL,nuscale_voygr6,w_NH_minus_20,weight,52db4dae-b014-45a4-96c4-49f80c1fdd11,6,5,-1,7.184,7.14,-0.04400000000000048,61,False
AT,nuscale_voygr6,w_NH_minus_20,weight,532bfb42-0d4c-42cf-a81a-287f2b3a75bf,3,3,0,6.616,6.532,-0.08399999999999963,6,False
TR,nuscale_voygr6,w_NH_minus_20,weight,53481b7f-5b85-4bab-be04-4866c2e72c12,104,101,-3,5.812,5.856,0.043999999999999595,119,False
PL,nuscale_voygr6,w_NH_minus_20,weight,558e7bff-5b5d-4666-9ca3-ec02f2269aab,8,8,0,7.134,7.103,-0.031000000000000583,61,False
TR,nuscale_voygr6,w_NH_minus_20,weight,55cfe45b-6357-40f9-8623-e9916f91f839,27,28,1,6.872,6.866,-0.006000000000000227,119,False
TR,nuscale_voygr6,w_NH_minus_20,weight,56b8e2a3-1885-431f-9fd1-4cd3bebfad61,46,46,0,6.584,6.589,0.005000000000000782,119,False
TR,nuscale_voygr6,w_NH_minus_20,weight,57c0c830-725f-46ee-9322-0a4a3ad9efda,22,21,-1,6.938,6.943,0.004999999999999893,119,False
TR,nuscale_voygr6,w_NH_minus_20,weight,5a19f424-1a15-44e6-bf1b-c2c5886ac1bf,53,52,-1,6.509,6.488,-0.020999999999999908,119,False
RO,nuscale_voygr6,w_NH_minus_20,weight,5a33e5f0-6d86-4eab-adea-6c6bad7f3f45,19,19,0,5.903,5.825,-0.0779999999999994,22,False
PL,nuscale_voygr6,w_NH_minus_20,weight,5a57ae0a-6f91-46f4-a1f5-56a6b37596e9,59,60,1,5.341,5.236,-0.10500000000000043,61,False
TR,nuscale_voygr6,w_NH_minus_20,weight,5b6be56c-d981-470c-a979-13a8764a34b8,50,48,-2,6.556,6.553,-0.0030000000000001137,119,False
RS,nuscale_voygr6,w_NH_minus_20,weight,5d4aee8d-9e73-4987-907a-d092e0ba92ed,5,5,0,6.503,6.471,-0.03200000000000003,7,False
HU,nuscale_voygr6,w_NH_minus_20,weight,5de5f907-98e7-42d3-a7dd-cb65f839697b,4,4,0,6.778,6.717,-0.06099999999999994,11,False
UA,nuscale_voygr6,w_NH_minus_20,weight,5ed0a674-a292-44bc-997f-5c1990da1235,2,2,0,7.372,7.368,-0.0039999999999995595,20,False
TR,nuscale_voygr6,w_NH_minus_20,weight,5ed91c1b-0a1b-4a4c-9b2b-f6bdc8ff9770,91,86,-5,6.082,6.146,0.06400000000000006,119,False
CZ,nuscale_voygr6,w_NH_minus_20,weight,5f4ed23c-cea2-41ef-a3e8-ac863e1bdcd6,15,14,-1,6.339,6.364,0.024999999999999467,29,False
TR,nuscale_voygr6,w_NH_minus_20,weight,5fa0dfa9-c272-444e-8e70-80ab55b5d36c,19,18,-1,7.009,7.05,0.04099999999999948,119,False
CZ,nuscale_voygr6,w_NH_minus_20,weight,60baaa73-dd8c-4865-bb18-6c73d63a4052,10,10,0,6.648,6.598,-0.04999999999999982,29,False
CZ,nuscale_voygr6,w_NH_minus_20,weight,63601ccc-3f20-4cbd-95cb-0fbeaf821c6a,11,11,0,6.51,6.482,-0.02799999999999958,29,False
HU,nuscale_voygr6,w_NH_minus_20,weight,651839d3-4e8f-4214-89aa-1f96ea221121,7,7,0,5.967,5.916,-0.05099999999999927,11,False
AT,nuscale_voygr6,w_NH_minus_20,weight,660d9d71-6733-4294-951b-1c58614d58cf,1,1,0,7.159,7.1,-0.05900000000000016,6,False
PL,nuscale_voygr6,w_NH_minus_20,weight,66bdc30c-4179-480b-a55a-5d15be5ac66b,20,20,0,6.775,6.698,-0.07699999999999996,61,False
CZ,nuscale_voygr6,w_NH_minus_20,weight,66c3f077-1ee6-41d7-8e6c-da374bb45139,28,28,0,5.622,5.577,-0.04499999999999993,29,False
TR,nuscale_voygr6,w_NH_minus_20,weight,674deb4f-110c-4120-bea0-5f0711da3ea1,5,4,-1,7.347,7.373,0.0259999999999998,119,False
BY,nuscale_voygr6,w_NH_minus_20,weight,68aabff9-e662-4b9f-b37d-4c2ebc5f7539,2,2,0,6.991,6.945,-0.045999999999999375,2,True
RO,nuscale_voygr6,w_NH_minus_20,weight,693d9b73-f9fc-4502-9b94-be020c5d21fb,7,7,0,6.653,6.614,-0.0389999999999997,22,False
RO,nuscale_voygr6,w_NH_minus_20,weight,6aed2eac-1c97-40c5-b842-fb15fd510f35,11,11,0,6.266,6.209,-0.057000000000000384,22,False
RO,nuscale_voygr6,w_NH_minus_20,weight,6c428b2a-ad09-448b-b24c-22465929d69c,21,21,0,5.428,5.34,-0.08800000000000008,22,False
TR,nuscale_voygr6,w_NH_minus_20,weight,6c9571c4-5d3b-4f88-a7be-fa8c21425eeb,3,3,0,7.38,7.387,0.006999999999999673,119,False
TR,nuscale_voygr6,w_NH_minus_20,weight,6ddc2960-3d72-4d5f-b358-56d1c54f47e0,70,68,-2,6.278,6.297,0.019000000000000128,119,False
AT,nuscale_voygr6,w_NH_minus_20,weight,6e7fc4d8-636d-411a-baef-e138a5a07acc,5,5,0,6.544,6.509,-0.034999999999999254,6,False
BG,nuscale_voygr6,w_NH_minus_20,weight,704ef487-f600-4f23-b06e-a0f81b627597,7,7,0,5.878,5.806,-0.07200000000000006,8,False
UA,nuscale_voygr6,w_NH_minus_20,weight,70781f2c-24c2-486c-8b32-310c36ba1238,15,14,-1,6.185,6.17,-0.01499999999999968,20,False
UA,nuscale_voygr6,w_NH_minus_20,weight,725406d6-860f-4ca0-9c6a-425675bac381,11,11,0,6.543,6.493,-0.04999999999999982,20,False
TR,nuscale_voygr6,w_NH_minus_20,weight,737b6d06-1d0c-4ae6-9683-ab3fea192b32,60,60,0,6.355,6.376,0.020999999999999908,119,False
PL,nuscale_voygr6,w_NH_minus_20,weight,73fe8f06-c53b-4877-9c1d-5caf3d8f2749,60,59,-1,5.332,5.264,-0.06799999999999962,61,False
TR,nuscale_voygr6,w_NH_minus_20,weight,746fc66e-d31f-4c5d-bf5c-ab5031b04b15,89,81,-8,6.122,6.163,0.04100000000000037,119,False
MK,nuscale_voygr6,w_NH_minus_20,weight,756218bb-3f16-443e-b6c6-400cd0ce2f87,3,3,0,6.181,6.155,-0.0259999999999998,3,False
TR,nuscale_voygr6,w_NH_minus_20,weight,75f807aa-8278-43a3-8654-730713b96001,58,57,-1,6.421,6.448,0.027000000000000135,119,False
TR,nuscale_voygr6,w_NH_minus_20,weight,76cd9b7f-7613-4fd4-95ab-bf534a2e2f5e,85,82,-3,6.153,6.162,0.009000000000000341,119,False
SK,nuscale_voygr6,w_NH_minus_20,weight,770f1d3c-e5fd-493c-a376-e708d2abec6c,1,1,0,7.022,7.036,0.013999999999999346,5,False
TR,nuscale_voygr6,w_NH_minus_20,weight,772e2484-419b-47de-9739-924ac371ad10,51,53,2,6.534,6.483,-0.051000000000000156,119,False
TR,nuscale_voygr6,w_NH_minus_20,weight,778e0750-19f9-426e-a6c7-e0e30645fb97,10,11,1,7.185,7.169,-0.016000000000000014,119,False
TR,nuscale_voygr6,w_NH_minus_20,weight,7a805295-0cd2-48be-972e-5282c996549c,79,75,-4,6.216,6.244,0.02799999999999958,119,False
TR,nuscale_voygr6,w_NH_minus_20,weight,7b4d3f8f-a644-48a3-93f9-cd3c154dc5c2,107,109,2,5.747,5.672,-0.07500000000000018,119,False
TR,nuscale_voygr6,w_NH_minus_20,weight,7cc9cffa-e4e4-4546-902d-c8f4800dbdb2,29,29,0,6.815,6.866,0.05099999999999927,119,False
PL,nuscale_voygr6,w_NH_minus_20,weight,7fc17ab0-ce24-4830-a938-b8424d1e9368,9,9,0,7.116,7.067,-0.04899999999999949,61,False
BA,nuscale_voygr6,w_NH_minus_20,weight,82011c29-a3d3-4a81-a27b-019d2649a251,6,6,0,5.934,5.866,-0.0680000000000005,6,False
RO,nuscale_voygr6,w_NH_minus_20,weight,825dc024-9a53-4237-bf59-cbe0af0cf87d,6,6,0,6.703,6.654,-0.04900000000000038,22,False
TR,nuscale_voygr6,w_NH_minus_20,weight,829f61ff-0ad1-4288-8dd9-e41abbd0b6a7,119,119,0,5.087,5.109,0.02200000000000024,119,False
TR,nuscale_voygr6,w_NH_minus_20,weight,82aac38c-3037-466c-9b37-bff9da707645,87,89,2,6.134,6.112,-0.02200000000000024,119,False
MK,nuscale_voygr6,w_NH_minus_20,weight,83d3abe4-2049-47ad-a66b-46034edb7569,2,2,0,6.707,6.647,-0.05999999999999961,3,False
UA,nuscale_voygr6,w_NH_minus_20,weight,83fede8b-5f92-429d-920d-9a8928a74780,4,3,-1,7.166,7.187,0.020999999999999908,20,False
BA,nuscale_voygr6,w_NH_minus_20,weight,85257083-08d1-4560-b198-a9df414da4a9,1,1,0,6.951,7.014,0.06300000000000061,6,False
RO,nuscale_voygr6,w_NH_minus_20,weight,8781d874-5923-4795-9c9f-b2a6c709025a,18,18,0,5.941,5.88,-0.06099999999999994,22,False
TR,nuscale_voygr6,w_NH_minus_20,weight,8782d6f2-5f9f-4c67-b9f2-6756857bd200,92,92,0,6.062,6.054,-0.008000000000000007,119,False
TR,nuscale_voygr6,w_NH_minus_20,weight,8a5dc384-e272-41ed-9868-a0686ac3fc7e,47,47,0,6.584,6.589,0.005000000000000782,119,False
PL,nuscale_voygr6,w_NH_minus_20,weight,8a9d5c87-7edc-49c3-85a2-d97727b9c9b2,27,28,1,6.297,6.231,-0.06599999999999984,61,False
TR,nuscale_voygr6,w_NH_minus_20,weight,8b16dc60-1a2b-4b2c-bcad-1c334d246ae3,102,102,0,5.841,5.828,-0.0129999999999999,119,False
TR,nuscale_voygr6,w_NH_minus_20,weight,8dd46a05-6e0c-4009-90ad-bd5909c25622,110,111,1,5.594,5.552,-0.0420000000000007,119,False
PL,nuscale_voygr6,w_NH_minus_20,weight,8dd8db4c-b62d-4f6b-a2ee-70a9ed785e7a,48,49,1,5.816,5.684,-0.13199999999999967,61,False
PL,nuscale_voygr6,w_NH_minus_20,weight,8e485f8a-5c68-4541-ab1d-77783f6fcb2d,18,15,-3,6.806,6.788,-0.017999999999999794,61,False
HU,nuscale_voygr6,w_NH_minus_20,weight,903d6b94-cd9d-4c32-b7e2-4bbfbee929df,5,5,0,6.641,6.627,-0.014000000000000234,11,False
AT,nuscale_voygr6,w_NH_minus_20,weight,90820fe3-9889-4faf-9906-7c528f8d7bc5,6,6,0,6.347,6.268,-0.07900000000000063,6,False
TR,nuscale_voygr6,w_NH_minus_20,weight,9163ca37-1b31-409d-974f-9e7ed5e5f33d,80,85,5,6.216,6.153,-0.06300000000000061,119,False
PL,nuscale_voygr6,w_NH_minus_20,weight,917008f5-fba1-4ef7-b82d-9aded2b69267,4,3,-1,7.222,7.201,-0.021000000000000796,61,False
TR,nuscale_voygr6,w_NH_minus_20,weight,91f28dbb-16bd-449b-a20a-dc2b70cf2e66,94,93,-1,6.028,6.046,0.018000000000000682,119,False
TR,nuscale_voygr6,w_NH_minus_20,weight,94a5c55f-c499-41b1-81da-deaa36686399,18,19,1,7.022,6.999,-0.023000000000000576,119,False
UA,nuscale_voygr6,w_NH_minus_20,weight,95872473-c476-4ceb-bcf5-54cfdf415e42,19,19,0,5.921,5.873,-0.04800000000000004,20,False
RO,nuscale_voygr6,w_NH_minus_20,weight,958e4d82-853a-41f1-a442-94b4c4314221,2,2,0,7.159,7.137,-0.02200000000000024,22,False
TR,nuscale_voygr6,w_NH_minus_20,weight,96129c93-83a6-4b1c-929b-bfccba86a796,77,80,3,6.234,6.197,-0.03699999999999992,119,False
TR,nuscale_voygr6,w_NH_minus_20,weight,9699244b-14c0-4e27-afd1-105494fccd60,21,23,2,6.947,6.936,-0.01100000000000012,119,False
CZ,nuscale_voygr6,w_NH_minus_20,weight,97ed917e-acfa-4002-be89-4ec44972ab45,20,21,1,6.016,5.929,-0.08699999999999974,29,False
TR,nuscale_voygr6,w_NH_minus_20,weight,98019711-a8c3-424a-870e-00d4fea75ed1,100,106,6,5.859,5.778,-0.0810000000000004,119,False
RO,nuscale_voygr6,w_NH_minus_20,weight,9825e28e-fd6e-460d-9caf-0342563f9060,10,10,0,6.441,6.383,-0.05799999999999983,22,False
RS,nuscale_voygr6,w_NH_minus_20,weight,993ccce2-d5e1-498d-827d-8dbfeb42582b,3,3,0,6.634,6.597,-0.03699999999999992,7,False
HU,nuscale_voygr6,w_NH_minus_20,weight,997474f6-9bfd-4abd-a2ac-d8618db8f0b4,1,1,0,7.584,7.574,-0.009999999999999787,11,False
AT,nuscale_voygr6,w_NH_minus_20,weight,99d712ac-7993-4186-8a0e-2e88bae7e90f,4,4,0,6.559,6.523,-0.036000000000000476,6,False
TR,nuscale_voygr6,w_NH_minus_20,weight,9a6447f2-2887-4cce-a115-dc773d7f6eb1,31,30,-1,6.809,6.814,0.004999999999999893,119,False
CZ,nuscale_voygr6,w_NH_minus_20,weight,9c4291f1-173b-467e-ae26-8cb01312c605,7,7,0,6.773,6.706,-0.06699999999999928,29,False
TR,nuscale_voygr6,w_NH_minus_20,weight,9eb693f6-6994-4937-bc4d-e8213baa5d47,59,59,0,6.391,6.394,0.0030000000000001137,119,False
BG,nuscale_voygr6,w_NH_minus_20,weight,a064c7ae-e699-4a94-a18c-79bdfe42bce3,3,3,0,7.091,7.075,-0.016000000000000014,8,False
PL,nuscale_voygr6,w_NH_minus_20,weight,a19228ce-f25a-4ffd-a249-9d01403e6b81,11,12,1,6.953,6.887,-0.06600000000000072,61,False
BA,nuscale_voygr6,w_NH_minus_20,weight,a23d073a-cbbd-469a-b134-380945fd3f4c,5,5,0,6.458,6.449,-0.009000000000000341,6,False
SK,nuscale_voygr6,w_NH_minus_20,weight,a2d8261c-3d08-4015-946c-47dbddbd0b98,5,5,0,5.691,5.621,-0.0699999999999994,5,False
TR,nuscale_voygr6,w_NH_minus_20,weight,a4af3789-2c40-41fc-a3ec-3b8d2fc6c645,86,83,-3,6.148,6.16,0.012000000000000455,119,False
RO,nuscale_voygr6,w_NH_minus_20,weight,a4fa3246-27d6-4740-898c-bdf9dadcb88c,14,14,0,6.078,5.986,-0.09200000000000053,22,False
PL,nuscale_voygr6,w_NH_minus_20,weight,a55e3643-8ed4-434b-b14f-2d549d09c0d9,10,10,0,6.984,6.952,-0.03200000000000003,61,False
TR,nuscale_voygr6,w_NH_minus_20,weight,a6478cb9-5b8c-4d64-bbe6-3d3ed6a3da2c,4,6,2,7.354,7.37,0.016000000000000014,119,False
PL,nuscale_voygr6,w_NH_minus_20,weight,a67255dd-8134-418e-9377-e28516c53722,25,25,0,6.384,6.284,-0.10000000000000053,61,False
PL,nuscale_voygr6,w_NH_minus_20,weight,a6b51b4f-ba1d-49cd-bc99-8898acdbeb78,26,26,0,6.345,6.279,-0.06599999999999984,61,False
CZ,nuscale_voygr6,w_NH_minus_20,weight,a6bf9980-016e-47ea-b40a-82e384a9eb43,22,22,0,5.951,5.873,-0.0779999999999994,29,False
CZ,nuscale_voygr6,w_NH_minus_20,weight,a733fc13-11a4-4722-b62d-85c85a4f8ef3,21,20,-1,6.016,5.999,-0.017000000000000348,29,False
PL,nuscale_voygr6,w_NH_minus_20,weight,a7eeee6e-e14a-40ba-80b6-75ed2e170b20,33,34,1,6.103,5.986,-0.11699999999999999,61,False
PL,nuscale_voygr6,w_NH_minus_20,weight,a91dfe3d-93e0-43a1-99d2-41abdd1fc2ce,53,52,-1,5.678,5.613,-0.0649999999999995,61,False
TR,nuscale_voygr6,w_NH_minus_20,weight,a96dc545-41a9-4b0d-a7a3-f40ef711e5e3,41,44,3,6.668,6.65,-0.017999999999999794,119,False
BA,nuscale_voygr6,w_NH_minus_20,weight,aa0bdb5e-45aa-4d15-8aee-cb5b0e14f5d9,3,3,0,6.622,6.674,0.05200000000000049,6,False
TR,nuscale_voygr6,w_NH_minus_20,weight,aa336cdc-f6fe-4b08-b46d-69e852c501bf,62,61,-1,6.328,6.364,0.03599999999999959,119,False
CZ,nuscale_voygr6,w_NH_minus_20,weight,aa38441d-aec7-4ae9-b4c3-68c5bf567db3,16,16,0,6.214,6.153,-0.06100000000000083,29,False
HR,nuscale_voygr6,w_NH_minus_20,weight,ab151830-e5bd-46de-8400-01aa4c165366,1,1,0,6.214,6.279,0.0649999999999995,1,True
PL,nuscale_voygr6,w_NH_minus_20,weight,ab57f5c3-8699-46f9-970f-3007dfc58af4,23,23,0,6.503,6.418,-0.08499999999999996,61,False
TR,nuscale_voygr6,w_NH_minus_20,weight,ad0c8590-c672-43f2-a813-1217a10f7d2d,1,1,0,7.784,7.807,0.023000000000000576,119,False
PL,nuscale_voygr6,w_NH_minus_20,weight,ad7a9c00-0c75-411f-8f89-859e603df1e6,51,51,0,5.753,5.652,-0.10099999999999998,61,False
TR,nuscale_voygr6,w_NH_minus_20,weight,adeb10a5-aaae-4e2c-b426-3db1c3d9bd5b,93,91,-2,6.053,6.059,0.006000000000000227,119,False
RO,nuscale_voygr6,w_NH_minus_20,weight,af7f107f-71b5-5a33-8125-9ccb7060f895,3,3,0,7.114,7.136,0.02200000000000024,22,False
RO,nuscale_voygr6,w_NH_minus_20,weight,aff5ffe6-fe7a-4de7-afad-9d4645a64cd9,9,9,0,6.478,6.415,-0.06299999999999972,22,False
BG,nuscale_voygr6,w_NH_minus_20,weight,b01fe781-dbc7-40f8-a544-946288020042,5,5,0,6.984,6.944,-0.040000000000000036,8,False
CZ,nuscale_voygr6,w_NH_minus_20,weight,b0ba194f-3c80-4725-b1e7-fa5277b38833,2,3,1,7.016,7.001,-0.01499999999999968,29,False
PL,nuscale_voygr6,w_NH_minus_20,weight,b24c9876-5a4d-4b83-b442-af2f4b0d1047,45,45,0,5.866,5.779,-0.08699999999999974,61,False
PL,nuscale_voygr6,w_NH_minus_20,weight,b24f9ac5-5ddf-4b19-ba95-76dafeca3d2c,2,2,0,7.284,7.24,-0.043999999999999595,61,False
MD,nuscale_voygr6,w_NH_minus_20,weight,b3eb5dd2-98cf-40c4-b9ee-2a86fd066093,1,1,0,6.959,6.944,-0.01499999999999968,1,True
TR,nuscale_voygr6,w_NH_minus_20,weight,b588126a-42d6-49dc-b227-9283af5a2578,35,37,2,6.722,6.705,-0.017000000000000348,119,False
TR,nuscale_voygr6,w_NH_minus_20,weight,b5a75ec8-a2fe-42ad-b33e-ea32e20ebdfb,45,45,0,6.622,6.591,-0.030999999999999694,119,False
TR,nuscale_voygr6,w_NH_minus_20,weight,b5ff798e-e059-4d8b-a903-00a1fefc62ab,36,38,2,6.722,6.705,-0.017000000000000348,119,False
PL,nuscale_voygr6,w_NH_minus_20,weight,b789a244-7d29-4be3-afe4-2f45d7f11eab,47,47,0,5.819,5.739,-0.08000000000000007,61,False
TR,nuscale_voygr6,w_NH_minus_20,weight,b8875ff2-9e9d-4520-8879-c71468e9cc50,25,27,2,6.891,6.896,0.004999999999999893,119,False
PL,nuscale_voygr6,w_NH_minus_20,weight,b8a00967-90a3-4a4e-9979-6b8651d87380,29,27,-2,6.291,6.259,-0.03200000000000003,61,False
PL,nuscale_voygr6,w_NH_minus_20,weight,b8bc6544-1571-4906-95e0-314d62c78a24,15,17,2,6.853,6.781,-0.07200000000000006,61,False
TR,nuscale_voygr6,w_NH_minus_20,weight,b90e80f9-66f3-4290-8aa2-518b8422aba0,112,112,0,5.591,5.541,-0.04999999999999982,119,False
TR,nuscale_voygr6,w_NH_minus_20,weight,bac4a081-83dc-4aba-8076-b67bfc55f54c,95,97,2,6.016,5.965,-0.051000000000000156,119,False
TR,nuscale_voygr6,w_NH_minus_20,weight,bb2453b0-c76d-40ea-bcc4-870391f05b2f,118,118,0,5.2,5.239,0.0389999999999997,119,False
TR,nuscale_voygr6,w_NH_minus_20,weight,bfadbe66-971d-4f64-b222-604a7ee6ac6b,16,17,1,7.072,7.097,0.025000000000000355,119,False
RO,nuscale_voygr6,w_NH_minus_20,weight,c3790475-3d3b-4e2b-92ae-24503fe03e6b,8,8,0,6.491,6.428,-0.06299999999999972,22,False
PL,nuscale_voygr6,w_NH_minus_20,weight,c39819ef-6798-4c01-9a82-9eead65b5f56,22,22,0,6.691,6.617,-0.07399999999999984,61,False
PL,nuscale_voygr6,w_NH_minus_20,weight,c42c5942-264d-43a1-a9eb-95b00480eb1a,49,46,-3,5.816,5.74,-0.07599999999999962,61,False
UA,nuscale_voygr6,w_NH_minus_20,weight,c47eb6a3-49c1-4879-95b6-9bcd53b7af04,5,5,0,6.959,6.991,0.03200000000000003,20,False
PL,nuscale_voygr6,w_NH_minus_20,weight,c4d7f628-c108-4496-ac02-6076ea3ae448,34,33,-1,6.082,6.01,-0.07200000000000006,61,False
TR,nuscale_voygr6,w_NH_minus_20,weight,c657c5c3-38a2-472d-8962-9e7cefcd2c1e,24,25,1,6.908,6.899,-0.009000000000000341,119,False
TR,nuscale_voygr6,w_NH_minus_20,weight,c6b846cb-3a01-4e17-9d51-da4b58fd1827,105,104,-1,5.791,5.789,-0.002000000000000668,119,False
TR,nuscale_voygr6,w_NH_minus_20,weight,c7afd455-7beb-4d23-8d3b-e9a102782d2b,109,108,-1,5.706,5.687,-0.019000000000000128,119,False
TR,nuscale_voygr6,w_NH_minus_20,weight,c8e1cc12-080a-4e01-925d-8fd6e4334856,96,94,-2,6.016,6.039,0.022999999999999687,119,False
RS,nuscale_voygr6,w_NH_minus_20,weight,c8f15aca-174b-4be6-a6d9-abfa4685d10d,7,7,0,6.453,6.402,-0.051000000000000156,7,False
SK,nuscale_voygr6,w_NH_minus_20,weight,c97125b3-20ed-4e21-a853-b928644ec7dd,2,2,0,6.978,6.948,-0.02999999999999936,5,False
TR,nuscale_voygr6,w_NH_minus_20,weight,c9c85786-eb26-4e7b-b280-83a54b7e834f,63,64,1,6.328,6.35,0.021999999999999353,119,False
TR,nuscale_voygr6,w_NH_minus_20,weight,ca423571-d2ab-44d4-b5ce-3e649d9cc776,82,87,5,6.209,6.133,-0.07599999999999962,119,False
TR,nuscale_voygr6,w_NH_minus_20,weight,cb08e7b6-0af3-45d9-95c3-3832e7e2677c,44,41,-3,6.628,6.671,0.04300000000000015,119,False
TR,nuscale_voygr6,w_NH_minus_20,weight,cb825b0f-e315-4221-b194-43d5b472382d,90,95,5,6.084,6.03,-0.05399999999999938,119,False
CZ,nuscale_voygr6,w_NH_minus_20,weight,cbd67443-4a4e-44fd-a9ed-20ba9574c99e,27,25,-2,5.701,5.683,-0.017999999999999794,29,False
TR,nuscale_voygr6,w_NH_minus_20,weight,cc635340-954c-4428-9fa1-14383c7faceb,43,39,-4,6.641,6.697,0.05600000000000005,119,False
PL,nuscale_voygr6,w_NH_minus_20,weight,ccc15bde-1c5a-40bf-8f09-2fcb1e896ce5,55,55,0,5.622,5.515,-0.1070000000000002,61,False
PL,nuscale_voygr6,w_NH_minus_20,weight,cd84938d-eea8-47a1-8ea6-2e9f943e5914,14,14,0,6.884,6.843,-0.04100000000000037,61,False
UA,nuscale_voygr6,w_NH_minus_20,weight,cdb6adfb-52ff-4631-939a-001080b20450,8,9,1,6.795,6.785,-0.009999999999999787,20,False
PL,nuscale_voygr6,w_NH_minus_20,weight,cdc888ad-fd51-4710-a5ab-3cd0fe9ddb48,21,21,0,6.753,6.675,-0.07800000000000029,61,False
TR,nuscale_voygr6,w_NH_minus_20,weight,ce39538c-997e-4a7d-bc32-f164f50f9aa0,75,69,-6,6.253,6.289,0.03599999999999959,119,False
UA,nuscale_voygr6,w_NH_minus_20,weight,cec871bd-c7f6-4444-b0da-9b3a9ecc6963,3,4,1,7.197,7.179,-0.017999999999999794,20,False
TR,nuscale_voygr6,w_NH_minus_20,weight,cf9150af-0325-44d8-bbaf-493e742f2e2b,54,54,0,6.503,6.481,-0.02200000000000024,119,False
TR,nuscale_voygr6,w_NH_minus_20,weight,d020ac37-4f23-41b1-8f1e-b425b5769424,57,55,-2,6.431,6.475,0.043999999999999595,119,False
TR,nuscale_voygr6,w_NH_minus_20,weight,d12e7ffc-4cd3-4ff4-81da-ae360d59409b,71,72,1,6.278,6.27,-0.008000000000000007,119,False
TR,nuscale_voygr6,w_NH_minus_20,weight,d1863136-5ff4-4b4d-a9c0-6219e92d637d,23,22,-1,6.938,6.943,0.004999999999999893,119,False
TR,nuscale_voygr6,w_NH_minus_20,weight,d21335d4-0a3d-4464-85e0-352745a38db4,81,76,-5,6.216,6.244,0.02799999999999958,119,False
RS,nuscale_voygr6,w_NH_minus_20,weight,d30af109-79cb-4ab5-a878-6f574b58116a,6,6,0,6.472,6.451,-0.021000000000000796,7,False
PL,nuscale_voygr6,w_NH_minus_20,weight,d3b5a049-6bff-400b-9312-96985f03acea,58,57,-1,5.48,5.415,-0.06500000000000039,61,False
UA,nuscale_voygr6,w_NH_minus_20,weight,d3b9e403-7744-44c5-b5c3-999c4c1911d8,20,20,0,5.781,5.727,-0.05399999999999938,20,False
TR,nuscale_voygr6,w_NH_minus_20,weight,d3f986d9-a023-4d43-a0fb-03361f310873,33,33,0,6.734,6.737,0.0030000000000001137,119,False
TR,nuscale_voygr6,w_NH_minus_20,weight,d48d2f39-d58f-4299-9b2f-56d194d2d13b,73,70,-3,6.266,6.275,0.009000000000000341,119,False
RO,nuscale_voygr6,w_NH_minus_20,weight,d498ded8-449c-4672-8bb9-0ed6c8fef775,16,16,0,5.991,5.917,-0.07399999999999984,22,False
TR,nuscale_voygr6,w_NH_minus_20,weight,d5151598-5a1a-4697-8147-592845ffef6c,72,65,-7,6.278,6.35,0.07200000000000006,119,False
PL,nuscale_voygr6,w_NH_minus_20,weight,d60b377c-9bb4-4fd5-adb7-a9a9ba98ae76,37,37,0,6.003,5.93,-0.0730000000000004,61,False
TR,nuscale_voygr6,w_NH_minus_20,weight,d6cb5642-d5ec-4a15-bc6b-8be4cb0a382e,17,15,-2,7.059,7.103,0.043999999999999595,119,False
CZ,nuscale_voygr6,w_NH_minus_20,weight,d762ceeb-514f-43a6-9f91-a2d422ed6c60,3,2,-1,7.009,7.028,0.01899999999999924,29,False
RO,nuscale_voygr6,w_NH_minus_20,weight,dac2a974-a2de-46c5-b581-03985a9ae7d0,17,17,0,5.978,5.899,-0.07899999999999974,22,False
PL,nuscale_voygr6,w_NH_minus_20,weight,dadadad9-b67e-44b8-a9ab-4cbf116da20b,7,7,0,7.153,7.136,-0.01699999999999946,61,False
TR,nuscale_voygr6,w_NH_minus_20,weight,db87ce6a-3802-44c5-945f-8a95d3cf111b,84,90,6,6.166,6.108,-0.05800000000000072,119,False
PL,nuscale_voygr6,w_NH_minus_20,weight,dc87cdf1-9936-4a59-a5e9-b5e360173490,41,43,2,5.928,5.817,-0.11099999999999977,61,False
TR,nuscale_voygr6,w_NH_minus_20,weight,dd413ee8-a6f2-4e7c-8e6c-6d0ed8637d83,26,26,0,6.88,6.899,0.019000000000000128,119,False
TR,nuscale_voygr6,w_NH_minus_20,weight,ddc8bb9c-bf77-4075-b38c-600fb072acf8,8,7,-1,7.263,7.274,0.01100000000000012,119,False
PL,nuscale_voygr6,w_NH_minus_20,weight,de6735bd-7a79-43c8-baad-1fe23d50d6f0,24,24,0,6.441,6.352,-0.08899999999999952,61,False
TR,nuscale_voygr6,w_NH_minus_20,weight,e03c394f-1c08-4101-b1fe-f6662fe4b424,9,9,0,7.26,7.259,-0.0009999999999994458,119,False
RO,nuscale_voygr6,w_NH_minus_20,weight,e073b3f8-4312-4d34-b322-6289a3121af1,13,13,0,6.174,6.083,-0.09100000000000019,22,False
TR,nuscale_voygr6,w_NH_minus_20,weight,e10aae79-05b7-4ad9-9d69-60ce190b4444,64,62,-2,6.328,6.364,0.03599999999999959,119,False
HU,nuscale_voygr6,w_NH_minus_20,weight,e1649639-2e45-4226-9c7a-783d2dcb6724,10,11,1,5.411,5.272,-0.13899999999999935,11,False
CZ,nuscale_voygr6,w_NH_minus_20,weight,e299922a-1670-4aff-acda-fd80600af9af,8,8,0,6.716,6.685,-0.031000000000000583,29,False
PL,nuscale_voygr6,w_NH_minus_20,weight,e2c23866-db1e-4316-82b5-7e3fe50c3c09,35,35,0,6.053,5.952,-0.10099999999999998,61,False
RO,nuscale_voygr6,w_NH_minus_20,weight,e43af28e-a3d3-4047-a9cf-f3b0990754b4,15,15,0,6.041,5.965,-0.07600000000000051,22,False
UA,nuscale_voygr6,w_NH_minus_20,weight,e4c6a713-99e6-4fdf-afaa-d456779c504c,17,16,-1,6.126,6.086,-0.040000000000000036,20,False
PL,nuscale_voygr6,w_NH_minus_20,weight,e4e3b5f0-7038-47a5-84e3-04eb07b3c4d7,3,4,1,7.227,7.183,-0.04400000000000048,61,False
TR,nuscale_voygr6,w_NH_minus_20,weight,e71ec827-7143-48dd-8c8a-8e81705fa971,65,71,6,6.322,6.274,-0.04800000000000004,119,False
BA,nuscale_voygr6,w_NH_minus_20,weight,e75c63e5-ef2f-4e08-8f8c-3da41215af9d,2,2,0,6.747,6.764,0.017000000000000348,6,False
ME,nuscale_voygr6,w_NH_minus_20,weight,e77a7e7f-11ba-4e61-98da-f44471bc52ab,2,2,0,6.023,6.003,-0.019999999999999574,2,True
TR,nuscale_voygr6,w_NH_minus_20,weight,e780e4ac-0506-4186-9b58-0f378f878345,13,12,-1,7.116,7.166,0.05000000000000071,119,False
TR,nuscale_voygr6,w_NH_minus_20,weight,e894ba3e-e397-47c9-b0b9-a72cfb6bd680,99,100,1,5.928,5.87,-0.05799999999999983,119,False
TR,nuscale_voygr6,w_NH_minus_20,weight,e8b6e342-2011-4343-b415-a8bf08501499,103,103,0,5.834,5.805,-0.028999999999999915,119,False
PL,nuscale_voygr6,w_NH_minus_20,weight,e9a1ae49-ff79-462c-af4e-7c6843221d36,61,61,0,5.328,5.205,-0.12300000000000022,61,False
TR,nuscale_voygr6,w_NH_minus_20,weight,e9bc02be-cf10-4b27-9b8a-0d4a954720e4,32,34,2,6.74,6.727,-0.0129999999999999,119,False
PL,nuscale_voygr6,w_NH_minus_20,weight,ebc0f461-acfa-47da-8094-5b15ea3e25a0,17,16,-1,6.822,6.785,-0.03699999999999992,61,False
BG,nuscale_voygr6,w_NH_minus_20,weight,ec5f337a-ca52-4b86-a0f4-4933eac349e3,1,1,0,7.709,7.733,0.02400000000000002,8,False
PL,nuscale_voygr6,w_NH_minus_20,weight,ee332928-87b2-4e7b-9203-20e402bc551f,16,18,2,6.853,6.781,-0.07200000000000006,61,False
PL,nuscale_voygr6,w_NH_minus_20,weight,ef2ee2ae-e73e-490c-aa07-746543fe20e6,43,44,1,5.916,5.79,-0.12600000000000033,61,False
HU,nuscale_voygr6,w_NH_minus_20,weight,ef325d90-6d2d-4f8f-89f2-3bc98beb149b,8,8,0,5.73,5.673,-0.057000000000000384,11,False
CZ,nuscale_voygr6,w_NH_minus_20,weight,f1d2bca1-a7a9-4404-84c1-34fc8a59dab7,26,26,0,5.703,5.631,-0.07200000000000006,29,False
HU,nuscale_voygr6,w_NH_minus_20,weight,f2b3a729-602a-4b6b-acc9-004244f2e556,9,9,0,5.418,5.332,-0.0860000000000003,11,False
UA,nuscale_voygr6,w_NH_minus_20,weight,f2c061de-66ad-4fce-b911-7f1899f25b75,12,12,0,6.417,6.403,-0.014000000000000234,20,False
TR,nuscale_voygr6,w_NH_minus_20,weight,f2e65fcf-afc4-4443-ac14-f15c8ffe48f3,11,10,-1,7.154,7.191,0.03699999999999992,119,False
CZ,nuscale_voygr6,w_NH_minus_20,weight,f3523341-daaa-4573-a856-becb2e1bb9e3,6,6,0,6.916,6.884,-0.03200000000000003,29,False
PL,nuscale_voygr6,w_NH_minus_20,weight,f5be4e73-938d-4fe2-b585-5090ec780670,42,41,-1,5.922,5.823,-0.09899999999999931,61,False
HU,nuscale_voygr6,w_NH_minus_20,weight,f7dcdb63-26e6-44cd-b440-ec14fe507d90,2,2,0,6.941,6.908,-0.032999999999999474,11,False
PL,nuscale_voygr6,w_NH_minus_20,weight,f8f9f43d-6a3b-445d-818e-ca82a90ace65,56,56,0,5.603,5.496,-0.10699999999999932,61,False
TR,nuscale_voygr6,w_NH_minus_20,weight,f92bc907-9b9b-4d21-92fd-1705bd71128c,69,77,8,6.291,6.232,-0.05900000000000016,119,False
TR,nuscale_voygr6,w_NH_minus_20,weight,fa6b7ac3-c1bf-478f-8d0a-1f357ea480cf,111,110,-1,5.594,5.563,-0.031000000000000583,119,False
BY,nuscale_voygr6,w_NH_minus_20,weight,fac3d0b5-36a5-48ae-8494-f2f08e4342f4,1,1,0,7.378,7.382,0.0039999999999995595,2,True
UA,nuscale_voygr6,w_NH_minus_20,weight,fb7d4d9a-3f27-4b50-9941-6a8fccd25e9a,16,17,1,6.153,6.079,-0.07399999999999984,20,False
TR,nuscale_voygr6,w_NH_minus_20,weight,fc307877-758b-4dbf-afbe-abfc4a778155,20,20,0,6.957,6.955,-0.0019999999999997797,119,False
TR,nuscale_voygr6,w_NH_minus_20,weight,fecb62d9-6fb8-4f8d-83e3-78a7c75adb6e,40,40,0,6.672,6.676,0.004000000000000448,119,False
TR,nuscale_voygr6,w_NH_plus_20,weight,0049a899-af5f-41cd-86ae-2ba729b6365f,67,66,-1,6.299,6.301,0.0019999999999997797,119,False
RS,nuscale_voygr6,w_NH_plus_20,weight,0182ec25-0df9-4e4b-9861-d76a332bc282,4,4,0,6.559,6.59,0.030999999999999694,7,False
UA,nuscale_voygr6,w_NH_plus_20,weight,02253fcc-4fc6-42d4-a6a8-42365487302f,13,13,0,6.318,6.351,0.03300000000000036,20,False
TR,nuscale_voygr6,w_NH_plus_20,weight,0248611c-b745-404f-ad50-c2870882c7a1,15,17,2,7.072,7.03,-0.041999999999999815,119,False
UA,nuscale_voygr6,w_NH_plus_20,weight,038d42e9-769b-4b22-9513-dccff48b42cd,18,18,0,6.02,6.069,0.04900000000000038,20,False
HU,nuscale_voygr6,w_NH_plus_20,weight,059b3ad4-7196-4e6b-b169-8605ceeed841,3,3,0,6.872,6.906,0.03399999999999981,11,False
CZ,nuscale_voygr6,w_NH_plus_20,weight,05daa6b2-bb29-4c26-a459-855626673955,12,12,0,6.464,6.506,0.041999999999999815,29,False
PL,nuscale_voygr6,w_NH_plus_20,weight,06641fea-8997-4b69-a618-6afa34b82591,46,44,-2,5.859,5.982,0.12300000000000022,61,False
SK,nuscale_voygr6,w_NH_plus_20,weight,06defca3-9105-437f-afd4-52f5603d9b8e,4,4,0,6.303,6.293,-0.009999999999999787,5,False
TR,nuscale_voygr6,w_NH_plus_20,weight,0947a4c8-4fc1-492f-9c66-2c9a993c7fb0,78,72,-6,6.216,6.272,0.05600000000000005,119,False
CZ,nuscale_voygr6,w_NH_plus_20,weight,0ae8917b-a70b-41e5-82de-e4963a7686e3,19,19,0,6.089,6.127,0.03799999999999937,29,False
PL,nuscale_voygr6,w_NH_plus_20,weight,0b187a1d-55de-47cf-96a3-06abc8ff2476,13,16,3,6.884,6.914,0.02999999999999936,61,False
TR,nuscale_voygr6,w_NH_plus_20,weight,0ca4ff78-4113-4ad9-ac04-0fd541d42338,101,104,3,5.845,5.807,-0.03799999999999937,119,False
TR,nuscale_voygr6,w_NH_plus_20,weight,0fec985c-c66e-40af-a123-a9ba4db269bb,39,38,-1,6.681,6.696,0.01499999999999968,119,False
TR,nuscale_voygr6,w_NH_plus_20,weight,1289753b-43db-4058-8fe1-6e38b5fb01b5,38,41,3,6.719,6.66,-0.05900000000000016,119,False
TR,nuscale_voygr6,w_NH_plus_20,weight,142cad75-648a-495d-8c10-792351e72126,2,2,0,7.459,7.456,-0.0029999999999992255,119,False
CZ,nuscale_voygr6,w_NH_plus_20,weight,14e88076-ce0e-4693-bca4-e80f3f013c7f,14,14,0,6.345,6.352,0.007000000000000561,29,False
TR,nuscale_voygr6,w_NH_plus_20,weight,161660e7-3ccf-4704-b452-b126599700a0,114,114,0,5.444,5.466,0.02200000000000024,119,False
TR,nuscale_voygr6,w_NH_plus_20,weight,1624a526-07d8-44a4-8ed7-3b035b748f03,116,116,0,5.369,5.38,0.01100000000000012,119,False
TR,nuscale_voygr6,w_NH_plus_20,weight,166f5fcc-1cc4-4cf5-9e52-59e7ce1557c6,30,28,-2,6.809,6.827,0.017999999999999794,119,False
SK,nuscale_voygr6,w_NH_plus_20,weight,1719d38b-61e8-4b01-844b-3a2f85c8a186,3,3,0,6.741,6.764,0.023000000000000576,5,False
MK,nuscale_voygr6,w_NH_plus_20,weight,1739b1b7-a6f3-466c-9dfa-3d1de9d5b6db,1,1,0,6.812,6.838,0.0259999999999998,3,False
TR,nuscale_voygr6,w_NH_plus_20,weight,17568f0f-91fd-4efe-b4df-2c7cc5d80b7d,117,117,0,5.237,5.217,-0.020000000000000462,119,False
CZ,nuscale_voygr6,w_NH_plus_20,weight,180880c2-7284-4723-b02a-a62348b9b40b,9,10,1,6.672,6.682,0.010000000000000675,29,False
TR,nuscale_voygr6,w_NH_plus_20,weight,1820429d-bd95-4e56-a6db-d9bb57e2ae07,56,56,0,6.451,6.459,0.008000000000000007,119,False
PL,nuscale_voygr6,w_NH_plus_20,weight,187b4fd7-6a61-4e94-8ed4-495ac6dfc317,30,30,0,6.266,6.309,0.04300000000000015,61,False
RO,nuscale_voygr6,w_NH_plus_20,weight,18ecb024-ee4f-4045-8254-5e95d61dea8c,12,13,1,6.197,6.235,0.038000000000000256,22,False
LV,nuscale_voygr6,w_NH_plus_20,weight,1a5b8f8f-f4be-4514-8738-755d25e19b41,1,1,0,6.603,6.629,0.0259999999999998,1,True
CZ,nuscale_voygr6,w_NH_plus_20,weight,1c059a42-608c-4753-8fcf-ba797d94f900,24,24,0,5.809,5.866,0.056999999999999496,29,False
TR,nuscale_voygr6,w_NH_plus_20,weight,1ce7624e-1d72-4293-8ff4-09096b56ddd2,115,115,0,5.394,5.384,-0.009999999999999787,119,False
PL,nuscale_voygr6,w_NH_plus_20,weight,1d19dce6-c458-4656-901d-6a8d3c548761,12,12,0,6.934,6.962,0.02799999999999958,61,False
RO,nuscale_voygr6,w_NH_plus_20,weight,1d8be6d0-f3a5-4b32-9d46-3526289731f8,22,22,0,5.391,5.483,0.09199999999999964,22,False
TR,nuscale_voygr6,w_NH_plus_20,weight,1f305180-6bbf-4758-9a98-78bc9e96e195,97,97,0,5.971,5.987,0.016000000000000014,119,False
PL,nuscale_voygr6,w_NH_plus_20,weight,202d797d-b0f9-4cd0-bbac-d7bb06805c09,39,42,3,5.969,6.015,0.045999999999999375,61,False
CZ,nuscale_voygr6,w_NH_plus_20,weight,20bce4f5-ca0b-4145-87e5-0a0694343f31,17,17,0,6.201,6.245,0.04400000000000048,29,False
CZ,nuscale_voygr6,w_NH_plus_20,weight,20c9d02d-e9e8-40b3-a11e-7a2e01018d8c,13,13,0,6.438,6.481,0.04300000000000015,29,False
TR,nuscale_voygr6,w_NH_plus_20,weight,21ccc44f-3244-4e7f-9654-eae424288200,83,84,1,6.201,6.16,-0.04099999999999948,119,False
TR,nuscale_voygr6,w_NH_plus_20,weight,225656d9-8709-4c2f-9992-1e4f20a6fce8,28,29,1,6.862,6.818,-0.04400000000000048,119,False
TR,nuscale_voygr6,w_NH_plus_20,weight,231565d3-4f56-43ee-a357-1f4451c6fbc3,49,44,-5,6.562,6.606,0.043999999999999595,119,False
TR,nuscale_voygr6,w_NH_plus_20,weight,2350bab4-9869-43f1-b62f-a4d5aea77ef5,66,74,8,6.306,6.271,-0.03500000000000014,119,False
PL,nuscale_voygr6,w_NH_plus_20,weight,239ea0eb-a9c4-43cc-ac5f-35271bdc6613,5,5,0,7.191,7.237,0.04600000000000026,61,False
CZ,nuscale_voygr6,w_NH_plus_20,weight,274ec928-e527-44cf-86c5-b6eddc09d0f7,18,18,0,6.153,6.227,0.07400000000000073,29,False
PL,nuscale_voygr6,w_NH_plus_20,weight,27fc89b3-ee57-44ac-8073-a700bc8d12e8,54,53,-1,5.653,5.749,0.09600000000000009,61,False
CZ,nuscale_voygr6,w_NH_plus_20,weight,287cbb48-bb08-40dd-82c5-cfe1530dfbb9,1,1,0,7.095,7.105,0.010000000000000675,29,False
TR,nuscale_voygr6,w_NH_plus_20,weight,28980273-0ba6-4c8c-b080-7ff9b33cc4c9,88,89,1,6.122,6.131,0.009000000000000341,119,False
HU,nuscale_voygr6,w_NH_plus_20,weight,28b36531-865d-42ae-afb3-b8bad86f7014,6,6,0,6.23,6.301,0.07099999999999973,11,False
PL,nuscale_voygr6,w_NH_plus_20,weight,29479c3f-8db8-4f62-90e8-59ad6739f90b,36,36,0,6.03,6.101,0.07099999999999973,61,False
RS,nuscale_voygr6,w_NH_plus_20,weight,296282b1-d079-4c1e-b2df-12c25128b963,1,1,0,6.753,6.759,0.006000000000000227,7,False
PL,nuscale_voygr6,w_NH_plus_20,weight,2981a12d-3444-4301-96ba-a63ef50bec3e,1,1,0,7.684,7.672,-0.012000000000000455,61,False
RO,nuscale_voygr6,w_NH_plus_20,weight,29836b52-a882-4921-95a7-6417e636d9a2,5,5,0,6.784,6.82,0.036000000000000476,22,False
PL,nuscale_voygr6,w_NH_plus_20,weight,29a58981-aaf7-4450-ad41-49dd6d786168,52,52,0,5.678,5.791,0.11300000000000043,61,False
UA,nuscale_voygr6,w_NH_plus_20,weight,29b3a802-7ef1-4722-ad59-b1511b1b0075,1,1,0,7.455,7.446,-0.009000000000000341,20,False
TR,nuscale_voygr6,w_NH_plus_20,weight,2a3aad60-2bff-4206-8275-f6e2029f9278,12,13,1,7.121,7.091,-0.03000000000000025,119,False
RS,nuscale_voygr6,w_NH_plus_20,weight,2b03f2e2-64ac-4262-bbff-7a536bda5722,2,2,0,6.716,6.747,0.030999999999999694,7,False
TR,nuscale_voygr6,w_NH_plus_20,weight,2b6a65d3-efb0-44d8-b88b-9aad311f4ac4,14,12,-2,7.107,7.113,0.006000000000000227,119,False
PL,nuscale_voygr6,w_NH_plus_20,weight,2da9dab9-7b4e-46e7-b1c8-70eeb329c177,44,45,1,5.891,5.95,0.05900000000000016,61,False
AT,nuscale_voygr6,w_NH_plus_20,weight,2dcd2c6d-f375-4408-9492-7910662fac03,2,2,0,7.016,7.057,0.04100000000000037,6,False
TR,nuscale_voygr6,w_NH_plus_20,weight,2ec95392-978d-4a43-85b9-af3282c212ba,7,7,0,7.276,7.28,0.004000000000000448,119,False
TR,nuscale_voygr6,w_NH_plus_20,weight,2ed9363f-a9fe-46e5-8b92-c50b47a9077a,68,62,-6,6.299,6.339,0.040000000000000036,119,False
BG,nuscale_voygr6,w_NH_plus_20,weight,2fb27566-cc7b-4530-8ff9-e55e3a1985bd,6,6,0,6.578,6.624,0.045999999999999375,8,False
CZ,nuscale_voygr6,w_NH_plus_20,weight,2fe0a0b3-4108-427e-8e54-f77e1ea7227c,5,4,-1,6.916,6.944,0.02799999999999958,29,False
BG,nuscale_voygr6,w_NH_plus_20,weight,30c9e377-b575-46fa-880f-922c46e6500a,2,2,0,7.428,7.45,0.02200000000000024,8,False
CZ,nuscale_voygr6,w_NH_plus_20,weight,32484f7b-18a4-4b21-8e6a-6d68ae099d02,4,6,2,6.931,6.942,0.01100000000000012,29,False
BG,nuscale_voygr6,w_NH_plus_20,weight,33a015dd-51e0-497e-b0d3-4b1b3f070438,8,7,-1,5.875,5.97,0.09499999999999975,8,False
BA,nuscale_voygr6,w_NH_plus_20,weight,344e0e9a-558e-4749-bb66-cd746be50cbd,4,3,-1,6.572,6.583,0.01100000000000012,6,False
RO,nuscale_voygr6,w_NH_plus_20,weight,345fb795-170a-4fb5-833c-f6bcf2eb450c,1,1,0,7.816,7.815,-0.0009999999999994458,22,False
HU,nuscale_voygr6,w_NH_plus_20,weight,34d88ce8-d49c-4b19-af2d-6efcb1b72149,11,11,0,5.405,5.481,0.07599999999999962,11,False
UA,nuscale_voygr6,w_NH_plus_20,weight,3657989a-61ae-4fe3-9e8b-6ba7e68f8c59,10,10,0,6.616,6.633,0.017000000000000348,20,False
ME,nuscale_voygr6,w_NH_plus_20,weight,3795824b-cb76-48dd-a65c-764c757ddc76,1,2,1,6.023,5.955,-0.06799999999999962,2,True
TR,nuscale_voygr6,w_NH_plus_20,weight,381221dd-76da-4adf-9b19-5da9f0779c22,42,42,0,6.653,6.653,0.0,119,False
TR,nuscale_voygr6,w_NH_plus_20,weight,3819acc8-761d-49ba-89e7-967d3d37ec0e,61,64,3,6.344,6.334,-0.010000000000000675,119,False
PL,nuscale_voygr6,w_NH_plus_20,weight,399668d6-bfed-4e5b-bf38-9ee5902101c3,57,57,0,5.5,5.601,0.10099999999999998,61,False
TR,nuscale_voygr6,w_NH_plus_20,weight,3a06636d-c742-4b72-b9cd-21a4537c331b,106,108,2,5.756,5.73,-0.0259999999999998,119,False
BG,nuscale_voygr6,w_NH_plus_20,weight,3bb6666f-de2f-4c6f-a28e-c3bddb71b54a,4,4,0,7.009,7.037,0.02799999999999958,8,False
TR,nuscale_voygr6,w_NH_plus_20,weight,3bc834ed-5c2b-47d6-b555-2e20b9044053,55,55,0,6.47,6.49,0.020000000000000462,119,False
UA,nuscale_voygr6,w_NH_plus_20,weight,3bd2a957-ff3b-4bfd-9dba-808279edccb9,14,14,0,6.192,6.233,0.04099999999999948,20,False
RO,nuscale_voygr6,w_NH_plus_20,weight,3bef37a3-239e-498d-a160-77452a6a9b79,20,20,0,5.463,5.556,0.09299999999999997,22,False
PL,nuscale_voygr6,w_NH_plus_20,weight,3d2d4c37-eb9d-4b35-a8b1-b3f485bc3e3f,28,27,-1,6.291,6.371,0.08000000000000007,61,False
TR,nuscale_voygr6,w_NH_plus_20,weight,3e5f4317-6f40-44fb-bfa2-e21dc4d9922d,76,78,2,6.234,6.24,0.006000000000000227,119,False
TR,nuscale_voygr6,w_NH_plus_20,weight,3f1ad930-cffb-4991-badd-773db74b890c,48,45,-3,6.572,6.595,0.022999999999999687,119,False
PL,nuscale_voygr6,w_NH_plus_20,weight,40650551-0c9c-45ea-bac6-befdb0cb5909,40,39,-1,5.941,6.047,0.10599999999999987,61,False
PL,nuscale_voygr6,w_NH_plus_20,weight,409dde58-5df1-44d9-b5ec-f8e2edd86786,38,37,-1,5.978,6.07,0.09200000000000053,61,False
PL,nuscale_voygr6,w_NH_plus_20,weight,40b4334a-7ba4-4ed8-aa8e-3c405599fbd7,31,31,0,6.141,6.243,0.10200000000000031,61,False
PL,nuscale_voygr6,w_NH_plus_20,weight,416aab55-6fd9-4a0a-b8f8-796fb62d86a5,32,33,1,6.116,6.196,0.08000000000000007,61,False
TR,nuscale_voygr6,w_NH_plus_20,weight,42d5b3fd-7d07-409b-9154-4441695b7901,74,67,-7,6.253,6.3,0.04699999999999971,119,False
CZ,nuscale_voygr6,w_NH_plus_20,weight,43e5b2b4-2ccf-46ab-b01e-e3d480146455,29,29,0,5.378,5.42,0.041999999999999815,29,False
TR,nuscale_voygr6,w_NH_plus_20,weight,43f99d45-6635-4392-a522-4a06445fdaf2,6,6,0,7.328,7.29,-0.038000000000000256,119,False
PL,nuscale_voygr6,w_NH_plus_20,weight,4411a22e-4e8a-4715-b000-1aae34494b68,19,17,-2,6.797,6.864,0.06700000000000017,61,False
TR,nuscale_voygr6,w_NH_plus_20,weight,44362378-9c74-44af-8a08-be4877f50e97,108,107,-1,5.741,5.745,0.004000000000000448,119,False
TR,nuscale_voygr6,w_NH_plus_20,weight,44698c12-3c50-4602-8104-dafa5fd215b6,98,99,1,5.966,5.953,-0.0129999999999999,119,False
UA,nuscale_voygr6,w_NH_plus_20,weight,447a9ea1-47fa-48a3-93f2-a77cbd629ac7,6,6,0,6.887,6.905,0.018000000000000682,20,False
CZ,nuscale_voygr6,w_NH_plus_20,weight,44d40276-5847-41d1-ab9b-887bbdc1bcfe,25,25,0,5.74,5.853,0.11299999999999955,29,False
UA,nuscale_voygr6,w_NH_plus_20,weight,46b96bc3-b190-4045-9c86-eb674e2ea35e,7,8,1,6.797,6.788,-0.008999999999999453,20,False
PL,nuscale_voygr6,w_NH_plus_20,weight,47be3ec4-7abe-4f4c-ac3d-b7f753b8514a,50,51,1,5.753,5.836,0.08300000000000018,61,False
TR,nuscale_voygr6,w_NH_plus_20,weight,48149515-0774-404d-b273-790b660a8d90,37,37,0,6.72,6.731,0.01100000000000012,119,False
TR,nuscale_voygr6,w_NH_plus_20,weight,4b11cac9-4fe0-4a2a-9c09-4fe9a0ac6015,34,33,-1,6.722,6.737,0.01499999999999968,119,False
UA,nuscale_voygr6,w_NH_plus_20,weight,4e45df00-0d28-44d0-9697-3fa33d76fc88,9,9,0,6.788,6.779,-0.009000000000000341,20,False
CZ,nuscale_voygr6,w_NH_plus_20,weight,4eb7914c-e000-403c-b5a5-c350de67bb83,23,23,0,5.911,5.984,0.0730000000000004,29,False
TR,nuscale_voygr6,w_NH_plus_20,weight,5067ece3-b204-495e-81c1-90a523252547,113,113,0,5.464,5.499,0.034999999999999254,119,False
TR,nuscale_voygr6,w_NH_plus_20,weight,52028d4f-7796-4463-832e-cff2e439c96a,52,53,1,6.523,6.527,0.004000000000000448,119,False
RO,nuscale_voygr6,w_NH_plus_20,weight,52a7babe-313f-493b-86b9-bd0c4aece4c3,4,4,0,7.016,7.055,0.0389999999999997,22,False
PL,nuscale_voygr6,w_NH_plus_20,weight,52db4dae-b014-45a4-96c4-49f80c1fdd11,6,6,0,7.184,7.224,0.040000000000000036,61,False
AT,nuscale_voygr6,w_NH_plus_20,weight,532bfb42-0d4c-42cf-a81a-287f2b3a75bf,3,3,0,6.616,6.691,0.07500000000000018,6,False
TR,nuscale_voygr6,w_NH_plus_20,weight,53481b7f-5b85-4bab-be04-4866c2e72c12,104,106,2,5.812,5.773,-0.03900000000000059,119,False
PL,nuscale_voygr6,w_NH_plus_20,weight,558e7bff-5b5d-4666-9ca3-ec02f2269aab,8,8,0,7.134,7.163,0.028999999999999915,61,False
TR,nuscale_voygr6,w_NH_plus_20,weight,55cfe45b-6357-40f9-8623-e9916f91f839,27,26,-1,6.872,6.876,0.004000000000000448,119,False
TR,nuscale_voygr6,w_NH_plus_20,weight,56b8e2a3-1885-431f-9fd1-4cd3bebfad61,46,48,2,6.584,6.58,-0.0039999999999995595,119,False
TR,nuscale_voygr6,w_NH_plus_20,weight,57c0c830-725f-46ee-9322-0a4a3ad9efda,22,22,0,6.938,6.934,-0.0039999999999995595,119,False
TR,nuscale_voygr6,w_NH_plus_20,weight,5a19f424-1a15-44e6-bf1b-c2c5886ac1bf,53,52,-1,6.509,6.528,0.01899999999999924,119,False
RO,nuscale_voygr6,w_NH_plus_20,weight,5a33e5f0-6d86-4eab-adea-6c6bad7f3f45,19,19,0,5.903,5.973,0.07000000000000028,22,False
PL,nuscale_voygr6,w_NH_plus_20,weight,5a57ae0a-6f91-46f4-a1f5-56a6b37596e9,59,60,1,5.341,5.434,0.09299999999999997,61,False
TR,nuscale_voygr6,w_NH_plus_20,weight,5b6be56c-d981-470c-a979-13a8764a34b8,50,51,1,6.556,6.558,0.0019999999999997797,119,False
RS,nuscale_voygr6,w_NH_plus_20,weight,5d4aee8d-9e73-4987-907a-d092e0ba92ed,5,5,0,6.503,6.532,0.028999999999999915,7,False
HU,nuscale_voygr6,w_NH_plus_20,weight,5de5f907-98e7-42d3-a7dd-cb65f839697b,4,4,0,6.778,6.833,0.055000000000000604,11,False
UA,nuscale_voygr6,w_NH_plus_20,weight,5ed0a674-a292-44bc-997f-5c1990da1235,2,2,0,7.372,7.376,0.004000000000000448,20,False
TR,nuscale_voygr6,w_NH_plus_20,weight,5ed91c1b-0a1b-4a4c-9b2b-f6bdc8ff9770,91,94,3,6.082,6.025,-0.056999999999999496,119,False
CZ,nuscale_voygr6,w_NH_plus_20,weight,5f4ed23c-cea2-41ef-a3e8-ac863e1bdcd6,15,15,0,6.339,6.316,-0.023000000000000576,29,False
TR,nuscale_voygr6,w_NH_plus_20,weight,5fa0dfa9-c272-444e-8e70-80ab55b5d36c,19,19,0,7.009,6.973,-0.036000000000000476,119,False
CZ,nuscale_voygr6,w_NH_plus_20,weight,60baaa73-dd8c-4865-bb18-6c73d63a4052,10,9,-1,6.648,6.693,0.04499999999999993,29,False
CZ,nuscale_voygr6,w_NH_plus_20,weight,63601ccc-3f20-4cbd-95cb-0fbeaf821c6a,11,11,0,6.51,6.535,0.025000000000000355,29,False
HU,nuscale_voygr6,w_NH_plus_20,weight,651839d3-4e8f-4214-89aa-1f96ea221121,7,7,0,5.967,6.012,0.04499999999999993,11,False
AT,nuscale_voygr6,w_NH_plus_20,weight,660d9d71-6733-4294-951b-1c58614d58cf,1,1,0,7.159,7.212,0.052999999999999936,6,False
PL,nuscale_voygr6,w_NH_plus_20,weight,66bdc30c-4179-480b-a55a-5d15be5ac66b,20,19,-1,6.775,6.844,0.06899999999999995,61,False
CZ,nuscale_voygr6,w_NH_plus_20,weight,66c3f077-1ee6-41d7-8e6c-da374bb45139,28,28,0,5.622,5.661,0.0389999999999997,29,False
TR,nuscale_voygr6,w_NH_plus_20,weight,674deb4f-110c-4120-bea0-5f0711da3ea1,5,5,0,7.347,7.324,-0.023000000000000576,119,False
BY,nuscale_voygr6,w_NH_plus_20,weight,68aabff9-e662-4b9f-b37d-4c2ebc5f7539,2,2,0,6.991,7.031,0.040000000000000036,2,True
RO,nuscale_voygr6,w_NH_plus_20,weight,693d9b73-f9fc-4502-9b94-be020c5d21fb,7,7,0,6.653,6.688,0.03500000000000014,22,False
RO,nuscale_voygr6,w_NH_plus_20,weight,6aed2eac-1c97-40c5-b842-fb15fd510f35,11,11,0,6.266,6.317,0.051000000000000156,22,False
RO,nuscale_voygr6,w_NH_plus_20,weight,6c428b2a-ad09-448b-b24c-22465929d69c,21,21,0,5.428,5.507,0.07899999999999974,22,False
TR,nuscale_voygr6,w_NH_plus_20,weight,6c9571c4-5d3b-4f88-a7be-fa8c21425eeb,3,3,0,7.38,7.374,-0.006000000000000227,119,False
TR,nuscale_voygr6,w_NH_plus_20,weight,6ddc2960-3d72-4d5f-b358-56d1c54f47e0,70,76,6,6.278,6.261,-0.01699999999999946,119,False
AT,nuscale_voygr6,w_NH_plus_20,weight,6e7fc4d8-636d-411a-baef-e138a5a07acc,5,5,0,6.544,6.575,0.031000000000000583,6,False
BG,nuscale_voygr6,w_NH_plus_20,weight,704ef487-f600-4f23-b06e-a0f81b627597,7,8,1,5.878,5.943,0.0649999999999995,8,False
UA,nuscale_voygr6,w_NH_plus_20,weight,70781f2c-24c2-486c-8b32-310c36ba1238,15,16,1,6.185,6.199,0.014000000000000234,20,False
UA,nuscale_voygr6,w_NH_plus_20,weight,725406d6-860f-4ca0-9c6a-425675bac381,11,11,0,6.543,6.588,0.04499999999999993,20,False
TR,nuscale_voygr6,w_NH_plus_20,weight,737b6d06-1d0c-4ae6-9683-ab3fea192b32,60,63,3,6.355,6.337,-0.018000000000000682,119,False
PL,nuscale_voygr6,w_NH_plus_20,weight,73fe8f06-c53b-4877-9c1d-5caf3d8f2749,60,61,1,5.332,5.393,0.06099999999999994,61,False
TR,nuscale_voygr6,w_NH_plus_20,weight,746fc66e-d31f-4c5d-bf5c-ab5031b04b15,89,90,1,6.122,6.085,-0.03699999999999992,119,False
MK,nuscale_voygr6,w_NH_plus_20,weight,756218bb-3f16-443e-b6c6-400cd0ce2f87,3,3,0,6.181,6.204,0.022999999999999687,3,False
TR,nuscale_voygr6,w_NH_plus_20,weight,75f807aa-8278-43a3-8654-730713b96001,58,57,-1,6.421,6.397,-0.02400000000000002,119,False
TR,nuscale_voygr6,w_NH_plus_20,weight,76cd9b7f-7613-4fd4-95ab-bf534a2e2f5e,85,86,1,6.153,6.145,-0.008000000000000007,119,False
SK,nuscale_voygr6,w_NH_plus_20,weight,770f1d3c-e5fd-493c-a376-e708d2abec6c,1,1,0,7.022,7.009,-0.0129999999999999,5,False
TR,nuscale_voygr6,w_NH_plus_20,weight,772e2484-419b-47de-9739-924ac371ad10,51,49,-2,6.534,6.58,0.04600000000000026,119,False
TR,nuscale_voygr6,w_NH_plus_20,weight,778e0750-19f9-426e-a6c7-e0e30645fb97,10,10,0,7.185,7.199,0.014000000000000234,119,False
TR,nuscale_voygr6,w_NH_plus_20,weight,7a805295-0cd2-48be-972e-5282c996549c,79,82,3,6.216,6.19,-0.0259999999999998,119,False
TR,nuscale_voygr6,w_NH_plus_20,weight,7b4d3f8f-a644-48a3-93f9-cd3c154dc5c2,107,103,-4,5.747,5.814,0.06700000000000017,119,False
TR,nuscale_voygr6,w_NH_plus_20,weight,7cc9cffa-e4e4-4546-902d-c8f4800dbdb2,29,31,2,6.815,6.77,-0.04500000000000082,119,False
PL,nuscale_voygr6,w_NH_plus_20,weight,7fc17ab0-ce24-4830-a938-b8424d1e9368,9,9,0,7.116,7.159,0.04300000000000015,61,False
BA,nuscale_voygr6,w_NH_plus_20,weight,82011c29-a3d3-4a81-a27b-019d2649a251,6,6,0,5.934,5.996,0.06200000000000028,6,False
RO,nuscale_voygr6,w_NH_plus_20,weight,825dc024-9a53-4237-bf59-cbe0af0cf87d,6,6,0,6.703,6.747,0.043999999999999595,22,False
TR,nuscale_voygr6,w_NH_plus_20,weight,829f61ff-0ad1-4288-8dd9-e41abbd0b6a7,119,119,0,5.087,5.068,-0.019000000000000128,119,False
TR,nuscale_voygr6,w_NH_plus_20,weight,82aac38c-3037-466c-9b37-bff9da707645,87,85,-2,6.134,6.154,0.019999999999999574,119,False
MK,nuscale_voygr6,w_NH_plus_20,weight,83d3abe4-2049-47ad-a66b-46034edb7569,2,2,0,6.707,6.761,0.05400000000000027,3,False
UA,nuscale_voygr6,w_NH_plus_20,weight,83fede8b-5f92-429d-920d-9a8928a74780,4,4,0,7.166,7.147,-0.019000000000000128,20,False
BA,nuscale_voygr6,w_NH_plus_20,weight,85257083-08d1-4560-b198-a9df414da4a9,1,1,0,6.951,6.895,-0.05600000000000005,6,False
RO,nuscale_voygr6,w_NH_plus_20,weight,8781d874-5923-4795-9c9f-b2a6c709025a,18,18,0,5.941,5.995,0.05400000000000027,22,False
TR,nuscale_voygr6,w_NH_plus_20,weight,8782d6f2-5f9f-4c67-b9f2-6756857bd200,92,91,-1,6.062,6.07,0.008000000000000007,119,False
TR,nuscale_voygr6,w_NH_plus_20,weight,8a5dc384-e272-41ed-9868-a0686ac3fc7e,47,50,3,6.584,6.58,-0.0039999999999995595,119,False
PL,nuscale_voygr6,w_NH_plus_20,weight,8a9d5c87-7edc-49c3-85a2-d97727b9c9b2,27,28,1,6.297,6.356,0.05900000000000016,61,False
TR,nuscale_voygr6,w_NH_plus_20,weight,8b16dc60-1a2b-4b2c-bcad-1c334d246ae3,102,102,0,5.841,5.852,0.01100000000000012,119,False
TR,nuscale_voygr6,w_NH_plus_20,weight,8dd46a05-6e0c-4009-90ad-bd5909c25622,110,111,1,5.594,5.631,0.03699999999999992,119,False
PL,nuscale_voygr6,w_NH_plus_20,weight,8dd8db4c-b62d-4f6b-a2ee-70a9ed785e7a,48,47,-1,5.816,5.933,0.11699999999999999,61,False
PL,nuscale_voygr6,w_NH_plus_20,weight,8e485f8a-5c68-4541-ab1d-77783f6fcb2d,18,21,3,6.806,6.822,0.016000000000000014,61,False
HU,nuscale_voygr6,w_NH_plus_20,weight,903d6b94-cd9d-4c32-b7e2-4bbfbee929df,5,5,0,6.641,6.654,0.0129999999999999,11,False
AT,nuscale_voygr6,w_NH_plus_20,weight,90820fe3-9889-4faf-9906-7c528f8d7bc5,6,6,0,6.347,6.417,0.0699999999999994,6,False
TR,nuscale_voygr6,w_NH_plus_20,weight,9163ca37-1b31-409d-974f-9e7ed5e5f33d,80,73,-7,6.216,6.272,0.05600000000000005,119,False
PL,nuscale_voygr6,w_NH_plus_20,weight,917008f5-fba1-4ef7-b82d-9aded2b69267,4,4,0,7.222,7.241,0.01899999999999924,61,False
TR,nuscale_voygr6,w_NH_plus_20,weight,91f28dbb-16bd-449b-a20a-dc2b70cf2e66,94,95,1,6.028,6.012,-0.016000000000000014,119,False
TR,nuscale_voygr6,w_NH_plus_20,weight,94a5c55f-c499-41b1-81da-deaa36686399,18,16,-2,7.022,7.042,0.019999999999999574,119,False
UA,nuscale_voygr6,w_NH_plus_20,weight,95872473-c476-4ceb-bcf5-54cfdf415e42,19,19,0,5.921,5.964,0.04300000000000015,20,False
RO,nuscale_voygr6,w_NH_plus_20,weight,958e4d82-853a-41f1-a442-94b4c4314221,2,2,0,7.159,7.179,0.020000000000000462,22,False
TR,nuscale_voygr6,w_NH_plus_20,weight,96129c93-83a6-4b1c-929b-bfccba86a796,77,75,-2,6.234,6.268,0.03399999999999981,119,False
TR,nuscale_voygr6,w_NH_plus_20,weight,9699244b-14c0-4e27-afd1-105494fccd60,21,21,0,6.947,6.957,0.009999999999999787,119,False
CZ,nuscale_voygr6,w_NH_plus_20,weight,97ed917e-acfa-4002-be89-4ec44972ab45,20,20,0,6.016,6.094,0.07800000000000029,29,False
TR,nuscale_voygr6,w_NH_plus_20,weight,98019711-a8c3-424a-870e-00d4fea75ed1,100,100,0,5.859,5.93,0.07099999999999973,119,False
RO,nuscale_voygr6,w_NH_plus_20,weight,9825e28e-fd6e-460d-9caf-0342563f9060,10,10,0,6.441,6.492,0.051000000000000156,22,False
RS,nuscale_voygr6,w_NH_plus_20,weight,993ccce2-d5e1-498d-827d-8dbfeb42582b,3,3,0,6.634,6.668,0.03399999999999981,7,False
HU,nuscale_voygr6,w_NH_plus_20,weight,997474f6-9bfd-4abd-a2ac-d8618db8f0b4,1,1,0,7.584,7.593,0.009000000000000341,11,False
AT,nuscale_voygr6,w_NH_plus_20,weight,99d712ac-7993-4186-8a0e-2e88bae7e90f,4,4,0,6.559,6.592,0.032999999999999474,6,False
TR,nuscale_voygr6,w_NH_plus_20,weight,9a6447f2-2887-4cce-a115-dc773d7f6eb1,31,30,-1,6.809,6.805,-0.004000000000000448,119,False
CZ,nuscale_voygr6,w_NH_plus_20,weight,9c4291f1-173b-467e-ae26-8cb01312c605,7,7,0,6.773,6.833,0.0600000000000005,29,False
TR,nuscale_voygr6,w_NH_plus_20,weight,9eb693f6-6994-4937-bc4d-e8213baa5d47,59,59,0,6.391,6.388,-0.0030000000000001137,119,False
BG,nuscale_voygr6,w_NH_plus_20,weight,a064c7ae-e699-4a94-a18c-79bdfe42bce3,3,3,0,7.091,7.105,0.014000000000000234,8,False
PL,nuscale_voygr6,w_NH_plus_20,weight,a19228ce-f25a-4ffd-a249-9d01403e6b81,11,10,-1,6.953,7.012,0.058999999999999275,61,False
BA,nuscale_voygr6,w_NH_plus_20,weight,a23d073a-cbbd-469a-b134-380945fd3f4c,5,5,0,6.458,6.466,0.008000000000000007,6,False
SK,nuscale_voygr6,w_NH_plus_20,weight,a2d8261c-3d08-4015-946c-47dbddbd0b98,5,5,0,5.691,5.753,0.06200000000000028,5,False
TR,nuscale_voygr6,w_NH_plus_20,weight,a4af3789-2c40-41fc-a3ec-3b8d2fc6c645,86,87,1,6.148,6.137,-0.01100000000000012,119,False
RO,nuscale_voygr6,w_NH_plus_20,weight,a4fa3246-27d6-4740-898c-bdf9dadcb88c,14,14,0,6.078,6.16,0.08199999999999985,22,False
PL,nuscale_voygr6,w_NH_plus_20,weight,a55e3643-8ed4-434b-b14f-2d549d09c0d9,10,11,1,6.984,7.012,0.02799999999999958,61,False
TR,nuscale_voygr6,w_NH_plus_20,weight,a6478cb9-5b8c-4d64-bbe6-3d3ed6a3da2c,4,4,0,7.354,7.339,-0.01499999999999968,119,False
PL,nuscale_voygr6,w_NH_plus_20,weight,a67255dd-8134-418e-9377-e28516c53722,25,25,0,6.384,6.474,0.08999999999999986,61,False
PL,nuscale_voygr6,w_NH_plus_20,weight,a6b51b4f-ba1d-49cd-bc99-8898acdbeb78,26,26,0,6.345,6.404,0.05900000000000016,61,False
CZ,nuscale_voygr6,w_NH_plus_20,weight,a6bf9980-016e-47ea-b40a-82e384a9eb43,22,22,0,5.951,6.019,0.0680000000000005,29,False
CZ,nuscale_voygr6,w_NH_plus_20,weight,a733fc13-11a4-4722-b62d-85c85a4f8ef3,21,21,0,6.016,6.03,0.014000000000000234,29,False
PL,nuscale_voygr6,w_NH_plus_20,weight,a7eeee6e-e14a-40ba-80b6-75ed2e170b20,33,32,-1,6.103,6.208,0.10500000000000043,61,False
PL,nuscale_voygr6,w_NH_plus_20,weight,a91dfe3d-93e0-43a1-99d2-41abdd1fc2ce,53,54,1,5.678,5.735,0.057000000000000384,61,False
TR,nuscale_voygr6,w_NH_plus_20,weight,a96dc545-41a9-4b0d-a7a3-f40ef711e5e3,41,39,-2,6.668,6.684,0.016000000000000014,119,False
BA,nuscale_voygr6,w_NH_plus_20,weight,aa0bdb5e-45aa-4d15-8aee-cb5b0e14f5d9,3,4,1,6.622,6.576,-0.04600000000000026,6,False
TR,nuscale_voygr6,w_NH_plus_20,weight,aa336cdc-f6fe-4b08-b46d-69e852c501bf,62,68,6,6.328,6.296,-0.03200000000000003,119,False
CZ,nuscale_voygr6,w_NH_plus_20,weight,aa38441d-aec7-4ae9-b4c3-68c5bf567db3,16,16,0,6.214,6.268,0.05399999999999938,29,False
HR,nuscale_voygr6,w_NH_plus_20,weight,ab151830-e5bd-46de-8400-01aa4c165366,1,1,0,6.214,6.156,-0.05800000000000072,1,True
PL,nuscale_voygr6,w_NH_plus_20,weight,ab57f5c3-8699-46f9-970f-3007dfc58af4,23,23,0,6.503,6.579,0.07599999999999962,61,False
TR,nuscale_voygr6,w_NH_plus_20,weight,ad0c8590-c672-43f2-a813-1217a10f7d2d,1,1,0,7.784,7.765,-0.019000000000000128,119,False
PL,nuscale_voygr6,w_NH_plus_20,weight,ad7a9c00-0c75-411f-8f89-859e603df1e6,51,50,-1,5.753,5.843,0.08999999999999986,61,False
TR,nuscale_voygr6,w_NH_plus_20,weight,adeb10a5-aaae-4e2c-b426-3db1c3d9bd5b,93,93,0,6.053,6.048,-0.004999999999999893,119,False
RO,nuscale_voygr6,w_NH_plus_20,weight,af7f107f-71b5-5a33-8125-9ccb7060f895,3,3,0,7.114,7.093,-0.020999999999999908,22,False
RO,nuscale_voygr6,w_NH_plus_20,weight,aff5ffe6-fe7a-4de7-afad-9d4645a64cd9,9,9,0,6.478,6.534,0.05600000000000005,22,False
BG,nuscale_voygr6,w_NH_plus_20,weight,b01fe781-dbc7-40f8-a544-946288020042,5,5,0,6.984,7.021,0.03699999999999992,8,False
CZ,nuscale_voygr6,w_NH_plus_20,weight,b0ba194f-3c80-4725-b1e7-fa5277b38833,2,2,0,7.016,7.03,0.014000000000000234,29,False
PL,nuscale_voygr6,w_NH_plus_20,weight,b24c9876-5a4d-4b83-b442-af2f4b0d1047,45,46,1,5.866,5.943,0.07699999999999996,61,False
PL,nuscale_voygr6,w_NH_plus_20,weight,b24f9ac5-5ddf-4b19-ba95-76dafeca3d2c,2,2,0,7.284,7.324,0.040000000000000036,61,False
MD,nuscale_voygr6,w_NH_plus_20,weight,b3eb5dd2-98cf-40c4-b9ee-2a86fd066093,1,1,0,6.959,6.973,0.014000000000000234,1,True
TR,nuscale_voygr6,w_NH_plus_20,weight,b588126a-42d6-49dc-b227-9283af5a2578,35,34,-1,6.722,6.737,0.01499999999999968,119,False
TR,nuscale_voygr6,w_NH_plus_20,weight,b5a75ec8-a2fe-42ad-b33e-ea32e20ebdfb,45,43,-2,6.622,6.649,0.027000000000000135,119,False
TR,nuscale_voygr6,w_NH_plus_20,weight,b5ff798e-e059-4d8b-a903-00a1fefc62ab,36,35,-1,6.722,6.737,0.01499999999999968,119,False
PL,nuscale_voygr6,w_NH_plus_20,weight,b789a244-7d29-4be3-afe4-2f45d7f11eab,47,48,1,5.819,5.89,0.07099999999999973,61,False
TR,nuscale_voygr6,w_NH_plus_20,weight,b8875ff2-9e9d-4520-8879-c71468e9cc50,25,25,0,6.891,6.888,-0.0030000000000001137,119,False
PL,nuscale_voygr6,w_NH_plus_20,weight,b8a00967-90a3-4a4e-9979-6b8651d87380,29,29,0,6.291,6.319,0.02799999999999958,61,False
PL,nuscale_voygr6,w_NH_plus_20,weight,b8bc6544-1571-4906-95e0-314d62c78a24,15,14,-1,6.853,6.918,0.06500000000000039,61,False
TR,nuscale_voygr6,w_NH_plus_20,weight,b90e80f9-66f3-4290-8aa2-518b8422aba0,112,110,-2,5.591,5.635,0.043999999999999595,119,False
TR,nuscale_voygr6,w_NH_plus_20,weight,bac4a081-83dc-4aba-8076-b67bfc55f54c,95,92,-3,6.016,6.061,0.04499999999999993,119,False
TR,nuscale_voygr6,w_NH_plus_20,weight,bb2453b0-c76d-40ea-bcc4-870391f05b2f,118,118,0,5.2,5.165,-0.03500000000000014,119,False
TR,nuscale_voygr6,w_NH_plus_20,weight,bfadbe66-971d-4f64-b222-604a7ee6ac6b,16,15,-1,7.072,7.049,-0.022999999999999687,119,False
RO,nuscale_voygr6,w_NH_plus_20,weight,c3790475-3d3b-4e2b-92ae-24503fe03e6b,8,8,0,6.491,6.546,0.055000000000000604,22,False
PL,nuscale_voygr6,w_NH_plus_20,weight,c39819ef-6798-4c01-9a82-9eead65b5f56,22,22,0,6.691,6.757,0.06599999999999984,61,False
PL,nuscale_voygr6,w_NH_plus_20,weight,c42c5942-264d-43a1-a9eb-95b00480eb1a,49,49,0,5.816,5.883,0.06700000000000017,61,False
UA,nuscale_voygr6,w_NH_plus_20,weight,c47eb6a3-49c1-4879-95b6-9bcd53b7af04,5,5,0,6.959,6.931,-0.02799999999999958,20,False
PL,nuscale_voygr6,w_NH_plus_20,weight,c4d7f628-c108-4496-ac02-6076ea3ae448,34,34,0,6.082,6.146,0.06400000000000006,61,False
TR,nuscale_voygr6,w_NH_plus_20,weight,c657c5c3-38a2-472d-8962-9e7cefcd2c1e,24,24,0,6.908,6.915,0.006999999999999673,119,False
TR,nuscale_voygr6,w_NH_plus_20,weight,c6b846cb-3a01-4e17-9d51-da4b58fd1827,105,105,0,5.791,5.792,0.0009999999999994458,119,False
TR,nuscale_voygr6,w_NH_plus_20,weight,c7afd455-7beb-4d23-8d3b-e9a102782d2b,109,109,0,5.706,5.724,0.017999999999999794,119,False
TR,nuscale_voygr6,w_NH_plus_20,weight,c8e1cc12-080a-4e01-925d-8fd6e4334856,96,96,0,6.016,5.995,-0.020999999999999908,119,False
RS,nuscale_voygr6,w_NH_plus_20,weight,c8f15aca-174b-4be6-a6d9-abfa4685d10d,7,6,-1,6.453,6.499,0.045999999999999375,7,False
SK,nuscale_voygr6,w_NH_plus_20,weight,c97125b3-20ed-4e21-a853-b928644ec7dd,2,2,0,6.978,7.005,0.027000000000000135,5,False
TR,nuscale_voygr6,w_NH_plus_20,weight,c9c85786-eb26-4e7b-b280-83a54b7e834f,63,65,2,6.328,6.308,-0.020000000000000462,119,False
TR,nuscale_voygr6,w_NH_plus_20,weight,ca423571-d2ab-44d4-b5ce-3e649d9cc776,82,71,-11,6.209,6.278,0.06899999999999995,119,False
TR,nuscale_voygr6,w_NH_plus_20,weight,cb08e7b6-0af3-45d9-95c3-3832e7e2677c,44,46,2,6.628,6.59,-0.038000000000000256,119,False
TR,nuscale_voygr6,w_NH_plus_20,weight,cb825b0f-e315-4221-b194-43d5b472382d,90,88,-2,6.084,6.133,0.04900000000000038,119,False
CZ,nuscale_voygr6,w_NH_plus_20,weight,cbd67443-4a4e-44fd-a9ed-20ba9574c99e,27,27,0,5.701,5.716,0.015000000000000568,29,False
TR,nuscale_voygr6,w_NH_plus_20,weight,cc635340-954c-4428-9fa1-14383c7faceb,43,47,4,6.641,6.59,-0.051000000000000156,119,False
PL,nuscale_voygr6,w_NH_plus_20,weight,ccc15bde-1c5a-40bf-8f09-2fcb1e896ce5,55,55,0,5.622,5.716,0.0940000000000003,61,False
PL,nuscale_voygr6,w_NH_plus_20,weight,cd84938d-eea8-47a1-8ea6-2e9f943e5914,14,13,-1,6.884,6.921,0.03699999999999992,61,False
UA,nuscale_voygr6,w_NH_plus_20,weight,cdb6adfb-52ff-4631-939a-001080b20450,8,7,-1,6.795,6.803,0.008000000000000007,20,False
PL,nuscale_voygr6,w_NH_plus_20,weight,cdc888ad-fd51-4710-a5ab-3cd0fe9ddb48,21,20,-1,6.753,6.823,0.07000000000000028,61,False
TR,nuscale_voygr6,w_NH_plus_20,weight,ce39538c-997e-4a7d-bc32-f164f50f9aa0,75,79,4,6.253,6.222,-0.030999999999999694,119,False
UA,nuscale_voygr6,w_NH_plus_20,weight,cec871bd-c7f6-4444-b0da-9b3a9ecc6963,3,3,0,7.197,7.212,0.01499999999999968,20,False
TR,nuscale_voygr6,w_NH_plus_20,weight,cf9150af-0325-44d8-bbaf-493e742f2e2b,54,54,0,6.503,6.522,0.019000000000000128,119,False
TR,nuscale_voygr6,w_NH_plus_20,weight,d020ac37-4f23-41b1-8f1e-b425b5769424,57,58,1,6.431,6.392,-0.0389999999999997,119,False
TR,nuscale_voygr6,w_NH_plus_20,weight,d12e7ffc-4cd3-4ff4-81da-ae360d59409b,71,70,-1,6.278,6.286,0.008000000000000007,119,False
TR,nuscale_voygr6,w_NH_plus_20,weight,d1863136-5ff4-4b4d-a9c0-6219e92d637d,23,23,0,6.938,6.934,-0.0039999999999995595,119,False
TR,nuscale_voygr6,w_NH_plus_20,weight,d21335d4-0a3d-4464-85e0-352745a38db4,81,83,2,6.216,6.19,-0.0259999999999998,119,False
RS,nuscale_voygr6,w_NH_plus_20,weight,d30af109-79cb-4ab5-a878-6f574b58116a,6,7,1,6.472,6.491,0.01899999999999924,7,False
PL,nuscale_voygr6,w_NH_plus_20,weight,d3b5a049-6bff-400b-9312-96985f03acea,58,58,0,5.48,5.539,0.058999999999999275,61,False
UA,nuscale_voygr6,w_NH_plus_20,weight,d3b9e403-7744-44c5-b5c3-999c4c1911d8,20,20,0,5.781,5.831,0.05000000000000071,20,False
TR,nuscale_voygr6,w_NH_plus_20,weight,d3f986d9-a023-4d43-a0fb-03361f310873,33,36,3,6.734,6.732,-0.0019999999999997797,119,False
TR,nuscale_voygr6,w_NH_plus_20,weight,d48d2f39-d58f-4299-9b2f-56d194d2d13b,73,77,4,6.266,6.257,-0.009000000000000341,119,False
RO,nuscale_voygr6,w_NH_plus_20,weight,d498ded8-449c-4672-8bb9-0ed6c8fef775,16,16,0,5.991,6.056,0.06500000000000039,22,False
TR,nuscale_voygr6,w_NH_plus_20,weight,d5151598-5a1a-4697-8147-592845ffef6c,72,81,9,6.278,6.214,-0.06399999999999917,119,False
PL,nuscale_voygr6,w_NH_plus_20,weight,d60b377c-9bb4-4fd5-adb7-a9a9ba98ae76,37,38,1,6.003,6.068,0.0649999999999995,61,False
TR,nuscale_voygr6,w_NH_plus_20,weight,d6cb5642-d5ec-4a15-bc6b-8be4cb0a382e,17,18,1,7.059,7.021,-0.038000000000000256,119,False
CZ,nuscale_voygr6,w_NH_plus_20,weight,d762ceeb-514f-43a6-9f91-a2d422ed6c60,3,3,0,7.009,6.992,-0.017000000000000348,29,False
RO,nuscale_voygr6,w_NH_plus_20,weight,dac2a974-a2de-46c5-b581-03985a9ae7d0,17,17,0,5.978,6.049,0.07100000000000062,22,False
PL,nuscale_voygr6,w_NH_plus_20,weight,dadadad9-b67e-44b8-a9ab-4cbf116da20b,7,7,0,7.153,7.169,0.016000000000000014,61,False
TR,nuscale_voygr6,w_NH_plus_20,weight,db87ce6a-3802-44c5-945f-8a95d3cf111b,84,80,-4,6.166,6.217,0.05099999999999927,119,False
PL,nuscale_voygr6,w_NH_plus_20,weight,dc87cdf1-9936-4a59-a5e9-b5e360173490,41,40,-1,5.928,6.028,0.09999999999999964,61,False
TR,nuscale_voygr6,w_NH_plus_20,weight,dd413ee8-a6f2-4e7c-8e6c-6d0ed8637d83,26,27,1,6.88,6.864,-0.016000000000000014,119,False
TR,nuscale_voygr6,w_NH_plus_20,weight,ddc8bb9c-bf77-4075-b38c-600fb072acf8,8,9,1,7.263,7.253,-0.009999999999999787,119,False
PL,nuscale_voygr6,w_NH_plus_20,weight,de6735bd-7a79-43c8-baad-1fe23d50d6f0,24,24,0,6.441,6.52,0.07899999999999974,61,False
TR,nuscale_voygr6,w_NH_plus_20,weight,e03c394f-1c08-4101-b1fe-f6662fe4b424,9,8,-1,7.26,7.26,0.0,119,False
RO,nuscale_voygr6,w_NH_plus_20,weight,e073b3f8-4312-4d34-b322-6289a3121af1,13,12,-1,6.174,6.255,0.08099999999999952,22,False
TR,nuscale_voygr6,w_NH_plus_20,weight,e10aae79-05b7-4ad9-9d69-60ce190b4444,64,69,5,6.328,6.296,-0.03200000000000003,119,False
HU,nuscale_voygr6,w_NH_plus_20,weight,e1649639-2e45-4226-9c7a-783d2dcb6724,10,9,-1,5.411,5.535,0.12400000000000055,11,False
CZ,nuscale_voygr6,w_NH_plus_20,weight,e299922a-1670-4aff-acda-fd80600af9af,8,8,0,6.716,6.743,0.027000000000000135,29,False
PL,nuscale_voygr6,w_NH_plus_20,weight,e2c23866-db1e-4316-82b5-7e3fe50c3c09,35,35,0,6.053,6.144,0.09100000000000019,61,False
RO,nuscale_voygr6,w_NH_plus_20,weight,e43af28e-a3d3-4047-a9cf-f3b0990754b4,15,15,0,6.041,6.108,0.06699999999999928,22,False
UA,nuscale_voygr6,w_NH_plus_20,weight,e4c6a713-99e6-4fdf-afaa-d456779c504c,17,17,0,6.126,6.162,0.03599999999999959,20,False
PL,nuscale_voygr6,w_NH_plus_20,weight,e4e3b5f0-7038-47a5-84e3-04eb07b3c4d7,3,3,0,7.227,7.266,0.0389999999999997,61,False
TR,nuscale_voygr6,w_NH_plus_20,weight,e71ec827-7143-48dd-8c8a-8e81705fa971,65,60,-5,6.322,6.365,0.04300000000000015,119,False
BA,nuscale_voygr6,w_NH_plus_20,weight,e75c63e5-ef2f-4e08-8f8c-3da41215af9d,2,2,0,6.747,6.732,-0.01499999999999968,6,False
ME,nuscale_voygr6,w_NH_plus_20,weight,e77a7e7f-11ba-4e61-98da-f44471bc52ab,2,1,-1,6.023,6.04,0.017000000000000348,2,True
TR,nuscale_voygr6,w_NH_plus_20,weight,e780e4ac-0506-4186-9b58-0f378f878345,13,14,1,7.116,7.07,-0.045999999999999375,119,False
TR,nuscale_voygr6,w_NH_plus_20,weight,e894ba3e-e397-47c9-b0b9-a72cfb6bd680,99,98,-1,5.928,5.98,0.05200000000000049,119,False
TR,nuscale_voygr6,w_NH_plus_20,weight,e8b6e342-2011-4343-b415-a8bf08501499,103,101,-2,5.834,5.861,0.027000000000000135,119,False
PL,nuscale_voygr6,w_NH_plus_20,weight,e9a1ae49-ff79-462c-af4e-7c6843221d36,61,59,-2,5.328,5.438,0.10999999999999943,61,False
TR,nuscale_voygr6,w_NH_plus_20,weight,e9bc02be-cf10-4b27-9b8a-0d4a954720e4,32,32,0,6.74,6.752,0.011999999999999567,119,False
PL,nuscale_voygr6,w_NH_plus_20,weight,ebc0f461-acfa-47da-8094-5b15ea3e25a0,17,18,1,6.822,6.855,0.03300000000000036,61,False
BG,nuscale_voygr6,w_NH_plus_20,weight,ec5f337a-ca52-4b86-a0f4-4933eac349e3,1,1,0,7.709,7.688,-0.020999999999999908,8,False
PL,nuscale_voygr6,w_NH_plus_20,weight,ee332928-87b2-4e7b-9203-20e402bc551f,16,15,-1,6.853,6.918,0.06500000000000039,61,False
PL,nuscale_voygr6,w_NH_plus_20,weight,ef2ee2ae-e73e-490c-aa07-746543fe20e6,43,41,-2,5.916,6.028,0.11199999999999921,61,False
HU,nuscale_voygr6,w_NH_plus_20,weight,ef325d90-6d2d-4f8f-89f2-3bc98beb149b,8,8,0,5.73,5.781,0.05099999999999927,11,False
CZ,nuscale_voygr6,w_NH_plus_20,weight,f1d2bca1-a7a9-4404-84c1-34fc8a59dab7,26,26,0,5.703,5.767,0.06400000000000006,29,False
HU,nuscale_voygr6,w_NH_plus_20,weight,f2b3a729-602a-4b6b-acc9-004244f2e556,9,10,1,5.418,5.494,0.07599999999999962,11,False
UA,nuscale_voygr6,w_NH_plus_20,weight,f2c061de-66ad-4fce-b911-7f1899f25b75,12,12,0,6.417,6.43,0.0129999999999999,20,False
TR,nuscale_voygr6,w_NH_plus_20,weight,f2e65fcf-afc4-4443-ac14-f15c8ffe48f3,11,11,0,7.154,7.122,-0.03200000000000003,119,False
CZ,nuscale_voygr6,w_NH_plus_20,weight,f3523341-daaa-4573-a856-becb2e1bb9e3,6,5,-1,6.916,6.944,0.02799999999999958,29,False
PL,nuscale_voygr6,w_NH_plus_20,weight,f5be4e73-938d-4fe2-b585-5090ec780670,42,43,1,5.922,6.01,0.08800000000000008,61,False
HU,nuscale_voygr6,w_NH_plus_20,weight,f7dcdb63-26e6-44cd-b440-ec14fe507d90,2,2,0,6.941,6.97,0.028999999999999915,11,False
PL,nuscale_voygr6,w_NH_plus_20,weight,f8f9f43d-6a3b-445d-818e-ca82a90ace65,56,56,0,5.603,5.699,0.09600000000000009,61,False
TR,nuscale_voygr6,w_NH_plus_20,weight,f92bc907-9b9b-4d21-92fd-1705bd71128c,69,61,-8,6.291,6.343,0.0519999999999996,119,False
TR,nuscale_voygr6,w_NH_plus_20,weight,fa6b7ac3-c1bf-478f-8d0a-1f357ea480cf,111,112,1,5.594,5.621,0.027000000000000135,119,False
BY,nuscale_voygr6,w_NH_plus_20,weight,fac3d0b5-36a5-48ae-8494-f2f08e4342f4,1,1,0,7.378,7.375,-0.0030000000000001137,2,True
UA,nuscale_voygr6,w_NH_plus_20,weight,fb7d4d9a-3f27-4b50-9941-6a8fccd25e9a,16,15,-1,6.153,6.22,0.06700000000000017,20,False
TR,nuscale_voygr6,w_NH_plus_20,weight,fc307877-758b-4dbf-afbe-abfc4a778155,20,20,0,6.957,6.96,0.0030000000000001137,119,False
TR,nuscale_voygr6,w_NH_plus_20,weight,fecb62d9-6fb8-4f8d-83e3-78a7c75adb6e,40,40,0,6.672,6.668,-0.0039999999999995595,119,False
TR,nuscale_voygr6,w_NS_minus_20,weight,0049a899-af5f-41cd-86ae-2ba729b6365f,67,62,-5,6.299,6.386,0.08699999999999974,119,False
RS,nuscale_voygr6,w_NS_minus_20,weight,0182ec25-0df9-4e4b-9861-d76a332bc282,4,4,0,6.559,6.59,0.030999999999999694,7,False
UA,nuscale_voygr6,w_NS_minus_20,weight,02253fcc-4fc6-42d4-a6a8-42365487302f,13,13,0,6.318,6.247,-0.07099999999999973,20,False
TR,nuscale_voygr6,w_NS_minus_20,weight,0248611c-b745-404f-ad50-c2870882c7a1,15,16,1,7.072,7.105,0.03300000000000036,119,False
UA,nuscale_voygr6,w_NS_minus_20,weight,038d42e9-769b-4b22-9513-dccff48b42cd,18,18,0,6.02,5.99,-0.02999999999999936,20,False
HU,nuscale_voygr6,w_NS_minus_20,weight,059b3ad4-7196-4e6b-b169-8605ceeed841,3,3,0,6.872,6.862,-0.009999999999999787,11,False
CZ,nuscale_voygr6,w_NS_minus_20,weight,05daa6b2-bb29-4c26-a459-855626673955,12,12,0,6.464,6.486,0.021999999999999353,29,False
PL,nuscale_voygr6,w_NS_minus_20,weight,06641fea-8997-4b69-a618-6afa34b82591,46,43,-3,5.859,5.866,0.006999999999999673,61,False
SK,nuscale_voygr6,w_NS_minus_20,weight,06defca3-9105-437f-afd4-52f5603d9b8e,4,4,0,6.303,6.261,-0.041999999999999815,5,False
TR,nuscale_voygr6,w_NS_minus_20,weight,0947a4c8-4fc1-492f-9c66-2c9a993c7fb0,78,78,0,6.216,6.23,0.014000000000000234,119,False
CZ,nuscale_voygr6,w_NS_minus_20,weight,0ae8917b-a70b-41e5-82de-e4963a7686e3,19,19,0,6.089,6.119,0.02999999999999936,29,False
PL,nuscale_voygr6,w_NS_minus_20,weight,0b187a1d-55de-47cf-96a3-06abc8ff2476,13,15,2,6.884,6.838,-0.04600000000000026,61,False
TR,nuscale_voygr6,w_NS_minus_20,weight,0ca4ff78-4113-4ad9-ac04-0fd541d42338,101,99,-2,5.845,5.88,0.03500000000000014,119,False
TR,nuscale_voygr6,w_NS_minus_20,weight,0fec985c-c66e-40af-a123-a9ba4db269bb,39,33,-6,6.681,6.749,0.06799999999999962,119,False
TR,nuscale_voygr6,w_NS_minus_20,weight,1289753b-43db-4058-8fe1-6e38b5fb01b5,38,37,-1,6.719,6.712,-0.007000000000000561,119,False
TR,nuscale_voygr6,w_NS_minus_20,weight,142cad75-648a-495d-8c10-792351e72126,2,2,0,7.459,7.45,-0.008999999999999453,119,False
CZ,nuscale_voygr6,w_NS_minus_20,weight,14e88076-ce0e-4693-bca4-e80f3f013c7f,14,14,0,6.345,6.368,0.023000000000000576,29,False
TR,nuscale_voygr6,w_NS_minus_20,weight,161660e7-3ccf-4704-b452-b126599700a0,114,114,0,5.444,5.412,-0.03200000000000003,119,False
TR,nuscale_voygr6,w_NS_minus_20,weight,1624a526-07d8-44a4-8ed7-3b035b748f03,116,116,0,5.369,5.305,-0.06400000000000006,119,False
TR,nuscale_voygr6,w_NS_minus_20,weight,166f5fcc-1cc4-4cf5-9e52-59e7ce1557c6,30,29,-1,6.809,6.854,0.04499999999999993,119,False
SK,nuscale_voygr6,w_NS_minus_20,weight,1719d38b-61e8-4b01-844b-3a2f85c8a186,3,3,0,6.741,6.711,-0.02999999999999936,5,False
MK,nuscale_voygr6,w_NS_minus_20,weight,1739b1b7-a6f3-466c-9dfa-3d1de9d5b6db,1,1,0,6.812,6.806,-0.006000000000000227,3,False
TR,nuscale_voygr6,w_NS_minus_20,weight,17568f0f-91fd-4efe-b4df-2c7cc5d80b7d,117,117,0,5.237,5.28,0.04300000000000015,119,False
CZ,nuscale_voygr6,w_NS_minus_20,weight,180880c2-7284-4723-b02a-a62348b9b40b,9,9,0,6.672,6.689,0.017000000000000348,29,False
TR,nuscale_voygr6,w_NS_minus_20,weight,1820429d-bd95-4e56-a6db-d9bb57e2ae07,56,55,-1,6.451,6.516,0.06500000000000039,119,False
PL,nuscale_voygr6,w_NS_minus_20,weight,187b4fd7-6a61-4e94-8ed4-495ac6dfc317,30,29,-1,6.266,6.233,-0.03300000000000036,61,False
RO,nuscale_voygr6,w_NS_minus_20,weight,18ecb024-ee4f-4045-8254-5e95d61dea8c,12,12,0,6.197,6.176,-0.020999999999999908,22,False
LV,nuscale_voygr6,w_NS_minus_20,weight,1a5b8f8f-f4be-4514-8738-755d25e19b41,1,1,0,6.603,6.599,-0.0039999999999995595,1,True
CZ,nuscale_voygr6,w_NS_minus_20,weight,1c059a42-608c-4753-8fcf-ba797d94f900,24,24,0,5.809,5.756,-0.052999999999999936,29,False
TR,nuscale_voygr6,w_NS_minus_20,weight,1ce7624e-1d72-4293-8ff4-09096b56ddd2,115,115,0,5.394,5.36,-0.03399999999999981,119,False
PL,nuscale_voygr6,w_NS_minus_20,weight,1d19dce6-c458-4656-901d-6a8d3c548761,12,13,1,6.934,6.864,-0.07000000000000028,61,False
RO,nuscale_voygr6,w_NS_minus_20,weight,1d8be6d0-f3a5-4b32-9d46-3526289731f8,22,22,0,5.391,5.346,-0.04499999999999993,22,False
TR,nuscale_voygr6,w_NS_minus_20,weight,1f305180-6bbf-4758-9a98-78bc9e96e195,97,97,0,5.971,5.958,-0.0129999999999999,119,False
PL,nuscale_voygr6,w_NS_minus_20,weight,202d797d-b0f9-4cd0-bbac-d7bb06805c09,39,37,-2,5.969,5.933,-0.036000000000000476,61,False
CZ,nuscale_voygr6,w_NS_minus_20,weight,20bce4f5-ca0b-4145-87e5-0a0694343f31,17,17,0,6.201,6.259,0.05800000000000072,29,False
CZ,nuscale_voygr6,w_NS_minus_20,weight,20c9d02d-e9e8-40b3-a11e-7a2e01018d8c,13,13,0,6.438,6.442,0.004000000000000448,29,False
TR,nuscale_voygr6,w_NS_minus_20,weight,21ccc44f-3244-4e7f-9654-eae424288200,83,74,-9,6.201,6.265,0.06400000000000006,119,False
TR,nuscale_voygr6,w_NS_minus_20,weight,225656d9-8709-4c2f-9992-1e4f20a6fce8,28,30,2,6.862,6.846,-0.016000000000000014,119,False
TR,nuscale_voygr6,w_NS_minus_20,weight,231565d3-4f56-43ee-a357-1f4451c6fbc3,49,46,-3,6.562,6.604,0.041999999999999815,119,False
TR,nuscale_voygr6,w_NS_minus_20,weight,2350bab4-9869-43f1-b62f-a4d5aea77ef5,66,63,-3,6.306,6.36,0.05400000000000027,119,False
PL,nuscale_voygr6,w_NS_minus_20,weight,239ea0eb-a9c4-43cc-ac5f-35271bdc6613,5,4,-1,7.191,7.229,0.038000000000000256,61,False
CZ,nuscale_voygr6,w_NS_minus_20,weight,274ec928-e527-44cf-86c5-b6eddc09d0f7,18,18,0,6.153,6.149,-0.0039999999999995595,29,False
PL,nuscale_voygr6,w_NS_minus_20,weight,27fc89b3-ee57-44ac-8073-a700bc8d12e8,54,55,1,5.653,5.616,-0.03699999999999992,61,False
CZ,nuscale_voygr6,w_NS_minus_20,weight,287cbb48-bb08-40dd-82c5-cfe1530dfbb9,1,1,0,7.095,7.04,-0.054999999999999716,29,False
TR,nuscale_voygr6,w_NS_minus_20,weight,28980273-0ba6-4c8c-b080-7ff9b33cc4c9,88,85,-3,6.122,6.19,0.0680000000000005,119,False
HU,nuscale_voygr6,w_NS_minus_20,weight,28b36531-865d-42ae-afb3-b8bad86f7014,6,6,0,6.23,6.224,-0.006000000000000227,11,False
PL,nuscale_voygr6,w_NS_minus_20,weight,29479c3f-8db8-4f62-90e8-59ad6739f90b,36,35,-1,6.03,6.03,0.0,61,False
RS,nuscale_voygr6,w_NS_minus_20,weight,296282b1-d079-4c1e-b2df-12c25128b963,1,1,0,6.753,6.769,0.016000000000000014,7,False
PL,nuscale_voygr6,w_NS_minus_20,weight,2981a12d-3444-4301-96ba-a63ef50bec3e,1,1,0,7.684,7.643,-0.04100000000000037,61,False
RO,nuscale_voygr6,w_NS_minus_20,weight,29836b52-a882-4921-95a7-6417e636d9a2,5,5,0,6.784,6.752,-0.03200000000000003,22,False
PL,nuscale_voygr6,w_NS_minus_20,weight,29a58981-aaf7-4450-ad41-49dd6d786168,52,52,0,5.678,5.692,0.014000000000000234,61,False
UA,nuscale_voygr6,w_NS_minus_20,weight,29b3a802-7ef1-4722-ad59-b1511b1b0075,1,1,0,7.455,7.462,0.006999999999999673,20,False
TR,nuscale_voygr6,w_NS_minus_20,weight,2a3aad60-2bff-4206-8275-f6e2029f9278,12,13,1,7.121,7.161,0.03999999999999915,119,False
RS,nuscale_voygr6,w_NS_minus_20,weight,2b03f2e2-64ac-4262-bbff-7a536bda5722,2,2,0,6.716,6.748,0.03200000000000003,7,False
TR,nuscale_voygr6,w_NS_minus_20,weight,2b6a65d3-efb0-44d8-b88b-9aad311f4ac4,14,11,-3,7.107,7.184,0.07699999999999996,119,False
PL,nuscale_voygr6,w_NS_minus_20,weight,2da9dab9-7b4e-46e7-b1c8-70eeb329c177,44,46,2,5.891,5.841,-0.04999999999999982,61,False
AT,nuscale_voygr6,w_NS_minus_20,weight,2dcd2c6d-f375-4408-9492-7910662fac03,2,2,0,7.016,7.03,0.014000000000000234,6,False
TR,nuscale_voygr6,w_NS_minus_20,weight,2ec95392-978d-4a43-85b9-af3282c212ba,7,9,2,7.276,7.257,-0.019000000000000128,119,False
TR,nuscale_voygr6,w_NS_minus_20,weight,2ed9363f-a9fe-46e5-8b92-c50b47a9077a,68,65,-3,6.299,6.34,0.04099999999999948,119,False
BG,nuscale_voygr6,w_NS_minus_20,weight,2fb27566-cc7b-4530-8ff9-e55e3a1985bd,6,6,0,6.578,6.596,0.017999999999999794,8,False
CZ,nuscale_voygr6,w_NS_minus_20,weight,2fe0a0b3-4108-427e-8e54-f77e1ea7227c,5,4,-1,6.916,6.899,-0.017000000000000348,29,False
BG,nuscale_voygr6,w_NS_minus_20,weight,30c9e377-b575-46fa-880f-922c46e6500a,2,2,0,7.428,7.433,0.004999999999999893,8,False
CZ,nuscale_voygr6,w_NS_minus_20,weight,32484f7b-18a4-4b21-8e6a-6d68ae099d02,4,6,2,6.931,6.864,-0.06700000000000017,29,False
BG,nuscale_voygr6,w_NS_minus_20,weight,33a015dd-51e0-497e-b0d3-4b1b3f070438,8,7,-1,5.875,5.85,-0.025000000000000355,8,False
BA,nuscale_voygr6,w_NS_minus_20,weight,344e0e9a-558e-4749-bb66-cd746be50cbd,4,4,0,6.572,6.59,0.017999999999999794,6,False
RO,nuscale_voygr6,w_NS_minus_20,weight,345fb795-170a-4fb5-833c-f6bcf2eb450c,1,1,0,7.816,7.791,-0.024999999999999467,22,False
HU,nuscale_voygr6,w_NS_minus_20,weight,34d88ce8-d49c-4b19-af2d-6efcb1b72149,11,9,-2,5.405,5.499,0.09399999999999942,11,False
UA,nuscale_voygr6,w_NS_minus_20,weight,3657989a-61ae-4fe3-9e8b-6ba7e68f8c59,10,10,0,6.616,6.603,-0.0129999999999999,20,False
ME,nuscale_voygr6,w_NS_minus_20,weight,3795824b-cb76-48dd-a65c-764c757ddc76,1,2,1,6.023,6.01,-0.0129999999999999,2,True
TR,nuscale_voygr6,w_NS_minus_20,weight,381221dd-76da-4adf-9b19-5da9f0779c22,42,42,0,6.653,6.669,0.016000000000000014,119,False
TR,nuscale_voygr6,w_NS_minus_20,weight,3819acc8-761d-49ba-89e7-967d3d37ec0e,61,61,0,6.344,6.397,0.052999999999999936,119,False
PL,nuscale_voygr6,w_NS_minus_20,weight,399668d6-bfed-4e5b-bf38-9ee5902101c3,57,58,1,5.5,5.481,-0.019000000000000128,61,False
TR,nuscale_voygr6,w_NS_minus_20,weight,3a06636d-c742-4b72-b9cd-21a4537c331b,106,107,1,5.756,5.729,-0.027000000000000135,119,False
BG,nuscale_voygr6,w_NS_minus_20,weight,3bb6666f-de2f-4c6f-a28e-c3bddb71b54a,4,4,0,7.009,7.063,0.05399999999999938,8,False
TR,nuscale_voygr6,w_NS_minus_20,weight,3bc834ed-5c2b-47d6-b555-2e20b9044053,55,51,-4,6.47,6.55,0.08000000000000007,119,False
UA,nuscale_voygr6,w_NS_minus_20,weight,3bd2a957-ff3b-4bfd-9dba-808279edccb9,14,14,0,6.192,6.198,0.006000000000000227,20,False
RO,nuscale_voygr6,w_NS_minus_20,weight,3bef37a3-239e-498d-a160-77452a6a9b79,20,20,0,5.463,5.444,-0.019000000000000128,22,False
PL,nuscale_voygr6,w_NS_minus_20,weight,3d2d4c37-eb9d-4b35-a8b1-b3f485bc3e3f,28,27,-1,6.291,6.295,0.0039999999999995595,61,False
TR,nuscale_voygr6,w_NS_minus_20,weight,3e5f4317-6f40-44fb-bfa2-e21dc4d9922d,76,84,8,6.234,6.195,-0.0389999999999997,119,False
TR,nuscale_voygr6,w_NS_minus_20,weight,3f1ad930-cffb-4991-badd-773db74b890c,48,49,1,6.572,6.579,0.006999999999999673,119,False
PL,nuscale_voygr6,w_NS_minus_20,weight,40650551-0c9c-45ea-bac6-befdb0cb5909,40,40,0,5.941,5.908,-0.032999999999999474,61,False
PL,nuscale_voygr6,w_NS_minus_20,weight,409dde58-5df1-44d9-b5ec-f8e2edd86786,38,42,4,5.978,5.893,-0.08499999999999996,61,False
PL,nuscale_voygr6,w_NS_minus_20,weight,40b4334a-7ba4-4ed8-aa8e-3c405599fbd7,31,31,0,6.141,6.107,-0.03399999999999981,61,False
PL,nuscale_voygr6,w_NS_minus_20,weight,416aab55-6fd9-4a0a-b8f8-796fb62d86a5,32,32,0,6.116,6.078,-0.03799999999999937,61,False
TR,nuscale_voygr6,w_NS_minus_20,weight,42d5b3fd-7d07-409b-9154-4441695b7901,74,75,1,6.253,6.256,0.0030000000000001137,119,False
CZ,nuscale_voygr6,w_NS_minus_20,weight,43e5b2b4-2ccf-46ab-b01e-e3d480146455,29,29,0,5.378,5.346,-0.03200000000000003,29,False
TR,nuscale_voygr6,w_NS_minus_20,weight,43f99d45-6635-4392-a522-4a06445fdaf2,6,8,2,7.328,7.322,-0.006000000000000227,119,False
PL,nuscale_voygr6,w_NS_minus_20,weight,4411a22e-4e8a-4715-b000-1aae34494b68,19,20,1,6.797,6.762,-0.03500000000000014,61,False
TR,nuscale_voygr6,w_NS_minus_20,weight,44362378-9c74-44af-8a08-be4877f50e97,108,108,0,5.741,5.702,-0.0389999999999997,119,False
TR,nuscale_voygr6,w_NS_minus_20,weight,44698c12-3c50-4602-8104-dafa5fd215b6,98,98,0,5.966,5.945,-0.020999999999999908,119,False
UA,nuscale_voygr6,w_NS_minus_20,weight,447a9ea1-47fa-48a3-93f2-a77cbd629ac7,6,6,0,6.887,6.877,-0.009999999999999787,20,False
CZ,nuscale_voygr6,w_NS_minus_20,weight,44d40276-5847-41d1-ab9b-887bbdc1bcfe,25,25,0,5.74,5.744,0.0039999999999995595,29,False
UA,nuscale_voygr6,w_NS_minus_20,weight,46b96bc3-b190-4045-9c86-eb674e2ea35e,7,8,1,6.797,6.761,-0.03599999999999959,20,False
PL,nuscale_voygr6,w_NS_minus_20,weight,47be3ec4-7abe-4f4c-ac3d-b7f753b8514a,50,50,0,5.753,5.765,0.011999999999999567,61,False
TR,nuscale_voygr6,w_NS_minus_20,weight,48149515-0774-404d-b273-790b660a8d90,37,32,-5,6.72,6.754,0.03399999999999981,119,False
TR,nuscale_voygr6,w_NS_minus_20,weight,4b11cac9-4fe0-4a2a-9c09-4fe9a0ac6015,34,39,5,6.722,6.705,-0.017000000000000348,119,False
UA,nuscale_voygr6,w_NS_minus_20,weight,4e45df00-0d28-44d0-9697-3fa33d76fc88,9,7,-2,6.788,6.79,0.0019999999999997797,20,False
CZ,nuscale_voygr6,w_NS_minus_20,weight,4eb7914c-e000-403c-b5a5-c350de67bb83,23,23,0,5.911,5.921,0.010000000000000675,29,False
TR,nuscale_voygr6,w_NS_minus_20,weight,5067ece3-b204-495e-81c1-90a523252547,113,113,0,5.464,5.506,0.041999999999999815,119,False
TR,nuscale_voygr6,w_NS_minus_20,weight,52028d4f-7796-4463-832e-cff2e439c96a,52,45,-7,6.523,6.632,0.10899999999999999,119,False
RO,nuscale_voygr6,w_NS_minus_20,weight,52a7babe-313f-493b-86b9-bd0c4aece4c3,4,4,0,7.016,6.975,-0.04100000000000037,22,False
PL,nuscale_voygr6,w_NS_minus_20,weight,52db4dae-b014-45a4-96c4-49f80c1fdd11,6,5,-1,7.184,7.162,-0.02200000000000024,61,False
AT,nuscale_voygr6,w_NS_minus_20,weight,532bfb42-0d4c-42cf-a81a-287f2b3a75bf,3,4,1,6.616,6.559,-0.056999999999999496,6,False
TR,nuscale_voygr6,w_NS_minus_20,weight,53481b7f-5b85-4bab-be04-4866c2e72c12,104,104,0,5.812,5.814,0.0019999999999997797,119,False
PL,nuscale_voygr6,w_NS_minus_20,weight,558e7bff-5b5d-4666-9ca3-ec02f2269aab,8,8,0,7.134,7.12,-0.014000000000000234,61,False
TR,nuscale_voygr6,w_NS_minus_20,weight,55cfe45b-6357-40f9-8623-e9916f91f839,27,28,1,6.872,6.868,-0.0039999999999995595,119,False
TR,nuscale_voygr6,w_NS_minus_20,weight,56b8e2a3-1885-431f-9fd1-4cd3bebfad61,46,52,6,6.584,6.55,-0.03399999999999981,119,False
TR,nuscale_voygr6,w_NS_minus_20,weight,57c0c830-725f-46ee-9322-0a4a3ad9efda,22,23,1,6.938,6.952,0.014000000000000234,119,False
TR,nuscale_voygr6,w_NS_minus_20,weight,5a19f424-1a15-44e6-bf1b-c2c5886ac1bf,53,54,1,6.509,6.529,0.019999999999999574,119,False
RO,nuscale_voygr6,w_NS_minus_20,weight,5a33e5f0-6d86-4eab-adea-6c6bad7f3f45,19,19,0,5.903,5.854,-0.04899999999999949,22,False
PL,nuscale_voygr6,w_NS_minus_20,weight,5a57ae0a-6f91-46f4-a1f5-56a6b37596e9,59,59,0,5.341,5.386,0.04499999999999993,61,False
TR,nuscale_voygr6,w_NS_minus_20,weight,5b6be56c-d981-470c-a979-13a8764a34b8,50,47,-3,6.556,6.603,0.04699999999999971,119,False
RS,nuscale_voygr6,w_NS_minus_20,weight,5d4aee8d-9e73-4987-907a-d092e0ba92ed,5,6,1,6.503,6.455,-0.04800000000000004,7,False
HU,nuscale_voygr6,w_NS_minus_20,weight,5de5f907-98e7-42d3-a7dd-cb65f839697b,4,4,0,6.778,6.816,0.038000000000000256,11,False
UA,nuscale_voygr6,w_NS_minus_20,weight,5ed0a674-a292-44bc-997f-5c1990da1235,2,2,0,7.372,7.353,-0.019000000000000128,20,False
TR,nuscale_voygr6,w_NS_minus_20,weight,5ed91c1b-0a1b-4a4c-9b2b-f6bdc8ff9770,91,91,0,6.082,6.104,0.02200000000000024,119,False
CZ,nuscale_voygr6,w_NS_minus_20,weight,5f4ed23c-cea2-41ef-a3e8-ac863e1bdcd6,15,15,0,6.339,6.364,0.024999999999999467,29,False
TR,nuscale_voygr6,w_NS_minus_20,weight,5fa0dfa9-c272-444e-8e70-80ab55b5d36c,19,19,0,7.009,7.037,0.02799999999999958,119,False
CZ,nuscale_voygr6,w_NS_minus_20,weight,60baaa73-dd8c-4865-bb18-6c73d63a4052,10,10,0,6.648,6.658,0.010000000000000675,29,False
CZ,nuscale_voygr6,w_NS_minus_20,weight,63601ccc-3f20-4cbd-95cb-0fbeaf821c6a,11,11,0,6.51,6.566,0.05600000000000005,29,False
HU,nuscale_voygr6,w_NS_minus_20,weight,651839d3-4e8f-4214-89aa-1f96ea221121,7,7,0,5.967,5.992,0.025000000000000355,11,False
AT,nuscale_voygr6,w_NS_minus_20,weight,660d9d71-6733-4294-951b-1c58614d58cf,1,1,0,7.159,7.214,0.055000000000000604,6,False
PL,nuscale_voygr6,w_NS_minus_20,weight,66bdc30c-4179-480b-a55a-5d15be5ac66b,20,21,1,6.775,6.752,-0.023000000000000576,61,False
CZ,nuscale_voygr6,w_NS_minus_20,weight,66c3f077-1ee6-41d7-8e6c-da374bb45139,28,28,0,5.622,5.613,-0.008999999999999453,29,False
TR,nuscale_voygr6,w_NS_minus_20,weight,674deb4f-110c-4120-bea0-5f0711da3ea1,5,6,1,7.347,7.329,-0.018000000000000682,119,False
BY,nuscale_voygr6,w_NS_minus_20,weight,68aabff9-e662-4b9f-b37d-4c2ebc5f7539,2,2,0,6.991,7.02,0.028999999999999915,2,True
RO,nuscale_voygr6,w_NS_minus_20,weight,693d9b73-f9fc-4502-9b94-be020c5d21fb,7,7,0,6.653,6.617,-0.03599999999999959,22,False
RO,nuscale_voygr6,w_NS_minus_20,weight,6aed2eac-1c97-40c5-b842-fb15fd510f35,11,11,0,6.266,6.254,-0.012000000000000455,22,False
RO,nuscale_voygr6,w_NS_minus_20,weight,6c428b2a-ad09-448b-b24c-22465929d69c,21,21,0,5.428,5.396,-0.03200000000000003,22,False
TR,nuscale_voygr6,w_NS_minus_20,weight,6c9571c4-5d3b-4f88-a7be-fa8c21425eeb,3,3,0,7.38,7.431,0.051000000000000156,119,False
TR,nuscale_voygr6,w_NS_minus_20,weight,6ddc2960-3d72-4d5f-b358-56d1c54f47e0,70,69,-1,6.278,6.272,-0.005999999999999339,119,False
AT,nuscale_voygr6,w_NS_minus_20,weight,6e7fc4d8-636d-411a-baef-e138a5a07acc,5,5,0,6.544,6.45,-0.09399999999999942,6,False
BG,nuscale_voygr6,w_NS_minus_20,weight,704ef487-f600-4f23-b06e-a0f81b627597,7,8,1,5.878,5.83,-0.04800000000000004,8,False
UA,nuscale_voygr6,w_NS_minus_20,weight,70781f2c-24c2-486c-8b32-310c36ba1238,15,16,1,6.185,6.135,-0.04999999999999982,20,False
UA,nuscale_voygr6,w_NS_minus_20,weight,725406d6-860f-4ca0-9c6a-425675bac381,11,11,0,6.543,6.505,-0.038000000000000256,20,False
TR,nuscale_voygr6,w_NS_minus_20,weight,737b6d06-1d0c-4ae6-9683-ab3fea192b32,60,60,0,6.355,6.42,0.0649999999999995,119,False
PL,nuscale_voygr6,w_NS_minus_20,weight,73fe8f06-c53b-4877-9c1d-5caf3d8f2749,60,60,0,5.332,5.329,-0.0030000000000001137,61,False
TR,nuscale_voygr6,w_NS_minus_20,weight,746fc66e-d31f-4c5d-bf5c-ab5031b04b15,89,83,-6,6.122,6.202,0.08000000000000007,119,False
MK,nuscale_voygr6,w_NS_minus_20,weight,756218bb-3f16-443e-b6c6-400cd0ce2f87,3,3,0,6.181,6.261,0.08000000000000007,3,False
TR,nuscale_voygr6,w_NS_minus_20,weight,75f807aa-8278-43a3-8654-730713b96001,58,58,0,6.421,6.499,0.0779999999999994,119,False
TR,nuscale_voygr6,w_NS_minus_20,weight,76cd9b7f-7613-4fd4-95ab-bf534a2e2f5e,85,86,1,6.153,6.188,0.03500000000000014,119,False
SK,nuscale_voygr6,w_NS_minus_20,weight,770f1d3c-e5fd-493c-a376-e708d2abec6c,1,1,0,7.022,6.99,-0.03200000000000003,5,False
TR,nuscale_voygr6,w_NS_minus_20,weight,772e2484-419b-47de-9739-924ac371ad10,51,48,-3,6.534,6.597,0.06300000000000061,119,False
TR,nuscale_voygr6,w_NS_minus_20,weight,778e0750-19f9-426e-a6c7-e0e30645fb97,10,10,0,7.185,7.216,0.031000000000000583,119,False
TR,nuscale_voygr6,w_NS_minus_20,weight,7a805295-0cd2-48be-972e-5282c996549c,79,80,1,6.216,6.207,-0.009000000000000341,119,False
TR,nuscale_voygr6,w_NS_minus_20,weight,7b4d3f8f-a644-48a3-93f9-cd3c154dc5c2,107,105,-2,5.747,5.784,0.03699999999999992,119,False
TR,nuscale_voygr6,w_NS_minus_20,weight,7cc9cffa-e4e4-4546-902d-c8f4800dbdb2,29,31,2,6.815,6.801,-0.014000000000000234,119,False
PL,nuscale_voygr6,w_NS_minus_20,weight,7fc17ab0-ce24-4830-a938-b8424d1e9368,9,7,-2,7.116,7.156,0.040000000000000036,61,False
BA,nuscale_voygr6,w_NS_minus_20,weight,82011c29-a3d3-4a81-a27b-019d2649a251,6,6,0,5.934,5.962,0.02799999999999958,6,False
RO,nuscale_voygr6,w_NS_minus_20,weight,825dc024-9a53-4237-bf59-cbe0af0cf87d,6,6,0,6.703,6.682,-0.020999999999999908,22,False
TR,nuscale_voygr6,w_NS_minus_20,weight,829f61ff-0ad1-4288-8dd9-e41abbd0b6a7,119,119,0,5.087,5.069,-0.017999999999999794,119,False
TR,nuscale_voygr6,w_NS_minus_20,weight,82aac38c-3037-466c-9b37-bff9da707645,87,90,3,6.134,6.122,-0.012000000000000455,119,False
MK,nuscale_voygr6,w_NS_minus_20,weight,83d3abe4-2049-47ad-a66b-46034edb7569,2,2,0,6.707,6.724,0.017000000000000348,3,False
UA,nuscale_voygr6,w_NS_minus_20,weight,83fede8b-5f92-429d-920d-9a8928a74780,4,4,0,7.166,7.192,0.0259999999999998,20,False
BA,nuscale_voygr6,w_NS_minus_20,weight,85257083-08d1-4560-b198-a9df414da4a9,1,1,0,6.951,6.971,0.020000000000000462,6,False
RO,nuscale_voygr6,w_NS_minus_20,weight,8781d874-5923-4795-9c9f-b2a6c709025a,18,18,0,5.941,5.882,-0.05900000000000016,22,False
TR,nuscale_voygr6,w_NS_minus_20,weight,8782d6f2-5f9f-4c67-b9f2-6756857bd200,92,88,-4,6.062,6.151,0.08899999999999952,119,False
TR,nuscale_voygr6,w_NS_minus_20,weight,8a5dc384-e272-41ed-9868-a0686ac3fc7e,47,53,6,6.584,6.55,-0.03399999999999981,119,False
PL,nuscale_voygr6,w_NS_minus_20,weight,8a9d5c87-7edc-49c3-85a2-d97727b9c9b2,27,28,1,6.297,6.247,-0.04999999999999982,61,False
TR,nuscale_voygr6,w_NS_minus_20,weight,8b16dc60-1a2b-4b2c-bcad-1c334d246ae3,102,103,1,5.841,5.835,-0.006000000000000227,119,False
TR,nuscale_voygr6,w_NS_minus_20,weight,8dd46a05-6e0c-4009-90ad-bd5909c25622,110,110,0,5.594,5.642,0.04800000000000004,119,False
PL,nuscale_voygr6,w_NS_minus_20,weight,8dd8db4c-b62d-4f6b-a2ee-70a9ed785e7a,48,48,0,5.816,5.82,0.004000000000000448,61,False
PL,nuscale_voygr6,w_NS_minus_20,weight,8e485f8a-5c68-4541-ab1d-77783f6fcb2d,18,17,-1,6.806,6.81,0.0039999999999995595,61,False
HU,nuscale_voygr6,w_NS_minus_20,weight,903d6b94-cd9d-4c32-b7e2-4bbfbee929df,5,5,0,6.641,6.694,0.052999999999999936,11,False
AT,nuscale_voygr6,w_NS_minus_20,weight,90820fe3-9889-4faf-9906-7c528f8d7bc5,6,6,0,6.347,6.341,-0.006000000000000227,6,False
TR,nuscale_voygr6,w_NS_minus_20,weight,9163ca37-1b31-409d-974f-9e7ed5e5f33d,80,79,-1,6.216,6.23,0.014000000000000234,119,False
PL,nuscale_voygr6,w_NS_minus_20,weight,917008f5-fba1-4ef7-b82d-9aded2b69267,4,6,2,7.222,7.162,-0.0600000000000005,61,False
TR,nuscale_voygr6,w_NS_minus_20,weight,91f28dbb-16bd-449b-a20a-dc2b70cf2e66,94,95,1,6.028,6.01,-0.017999999999999794,119,False
TR,nuscale_voygr6,w_NS_minus_20,weight,94a5c55f-c499-41b1-81da-deaa36686399,18,18,0,7.022,7.078,0.05600000000000005,119,False
UA,nuscale_voygr6,w_NS_minus_20,weight,95872473-c476-4ceb-bcf5-54cfdf415e42,19,19,0,5.921,5.902,-0.019000000000000128,20,False
RO,nuscale_voygr6,w_NS_minus_20,weight,958e4d82-853a-41f1-a442-94b4c4314221,2,2,0,7.159,7.157,-0.0019999999999997797,22,False
TR,nuscale_voygr6,w_NS_minus_20,weight,96129c93-83a6-4b1c-929b-bfccba86a796,77,76,-1,6.234,6.252,0.017999999999999794,119,False
TR,nuscale_voygr6,w_NS_minus_20,weight,9699244b-14c0-4e27-afd1-105494fccd60,21,21,0,6.947,6.966,0.019000000000000128,119,False
CZ,nuscale_voygr6,w_NS_minus_20,weight,97ed917e-acfa-4002-be89-4ec44972ab45,20,20,0,6.016,5.992,-0.02400000000000002,29,False
TR,nuscale_voygr6,w_NS_minus_20,weight,98019711-a8c3-424a-870e-00d4fea75ed1,100,100,0,5.859,5.88,0.020999999999999908,119,False
RO,nuscale_voygr6,w_NS_minus_20,weight,9825e28e-fd6e-460d-9caf-0342563f9060,10,8,-2,6.441,6.473,0.03200000000000003,22,False
RS,nuscale_voygr6,w_NS_minus_20,weight,993ccce2-d5e1-498d-827d-8dbfeb42582b,3,3,0,6.634,6.634,0.0,7,False
HU,nuscale_voygr6,w_NS_minus_20,weight,997474f6-9bfd-4abd-a2ac-d8618db8f0b4,1,1,0,7.584,7.578,-0.005999999999999339,11,False
AT,nuscale_voygr6,w_NS_minus_20,weight,99d712ac-7993-4186-8a0e-2e88bae7e90f,4,3,-1,6.559,6.587,0.02799999999999958,6,False
TR,nuscale_voygr6,w_NS_minus_20,weight,9a6447f2-2887-4cce-a115-dc773d7f6eb1,31,27,-4,6.809,6.869,0.05999999999999961,119,False
CZ,nuscale_voygr6,w_NS_minus_20,weight,9c4291f1-173b-467e-ae26-8cb01312c605,7,7,0,6.773,6.834,0.06099999999999994,29,False
TR,nuscale_voygr6,w_NS_minus_20,weight,9eb693f6-6994-4937-bc4d-e8213baa5d47,59,59,0,6.391,6.442,0.051000000000000156,119,False
BG,nuscale_voygr6,w_NS_minus_20,weight,a064c7ae-e699-4a94-a18c-79bdfe42bce3,3,3,0,7.091,7.116,0.024999999999999467,8,False
PL,nuscale_voygr6,w_NS_minus_20,weight,a19228ce-f25a-4ffd-a249-9d01403e6b81,11,11,0,6.953,6.967,0.013999999999999346,61,False
BA,nuscale_voygr6,w_NS_minus_20,weight,a23d073a-cbbd-469a-b134-380945fd3f4c,5,5,0,6.458,6.495,0.03699999999999992,6,False
SK,nuscale_voygr6,w_NS_minus_20,weight,a2d8261c-3d08-4015-946c-47dbddbd0b98,5,5,0,5.691,5.681,-0.009999999999999787,5,False
TR,nuscale_voygr6,w_NS_minus_20,weight,a4af3789-2c40-41fc-a3ec-3b8d2fc6c645,86,89,3,6.148,6.139,-0.008999999999999453,119,False
RO,nuscale_voygr6,w_NS_minus_20,weight,a4fa3246-27d6-4740-898c-bdf9dadcb88c,14,14,0,6.078,6.042,-0.036000000000000476,22,False
PL,nuscale_voygr6,w_NS_minus_20,weight,a55e3643-8ed4-434b-b14f-2d549d09c0d9,10,10,0,6.984,6.989,0.004999999999999893,61,False
TR,nuscale_voygr6,w_NS_minus_20,weight,a6478cb9-5b8c-4d64-bbe6-3d3ed6a3da2c,4,4,0,7.354,7.377,0.022999999999999687,119,False
PL,nuscale_voygr6,w_NS_minus_20,weight,a67255dd-8134-418e-9377-e28516c53722,25,25,0,6.384,6.307,-0.07699999999999996,61,False
PL,nuscale_voygr6,w_NS_minus_20,weight,a6b51b4f-ba1d-49cd-bc99-8898acdbeb78,26,26,0,6.345,6.3,-0.04499999999999993,61,False
CZ,nuscale_voygr6,w_NS_minus_20,weight,a6bf9980-016e-47ea-b40a-82e384a9eb43,22,22,0,5.951,5.924,-0.026999999999999247,29,False
CZ,nuscale_voygr6,w_NS_minus_20,weight,a733fc13-11a4-4722-b62d-85c85a4f8ef3,21,21,0,6.016,5.948,-0.06799999999999962,29,False
PL,nuscale_voygr6,w_NS_minus_20,weight,a7eeee6e-e14a-40ba-80b6-75ed2e170b20,33,34,1,6.103,6.058,-0.04499999999999993,61,False
PL,nuscale_voygr6,w_NS_minus_20,weight,a91dfe3d-93e0-43a1-99d2-41abdd1fc2ce,53,53,0,5.678,5.662,-0.016000000000000014,61,False
TR,nuscale_voygr6,w_NS_minus_20,weight,a96dc545-41a9-4b0d-a7a3-f40ef711e5e3,41,38,-3,6.668,6.711,0.04300000000000015,119,False
BA,nuscale_voygr6,w_NS_minus_20,weight,aa0bdb5e-45aa-4d15-8aee-cb5b0e14f5d9,3,3,0,6.622,6.668,0.04600000000000026,6,False
TR,nuscale_voygr6,w_NS_minus_20,weight,aa336cdc-f6fe-4b08-b46d-69e852c501bf,62,70,8,6.328,6.272,-0.05600000000000005,119,False
CZ,nuscale_voygr6,w_NS_minus_20,weight,aa38441d-aec7-4ae9-b4c3-68c5bf567db3,16,16,0,6.214,6.265,0.05099999999999927,29,False
HR,nuscale_voygr6,w_NS_minus_20,weight,ab151830-e5bd-46de-8400-01aa4c165366,1,1,0,6.214,6.254,0.03999999999999915,1,True
PL,nuscale_voygr6,w_NS_minus_20,weight,ab57f5c3-8699-46f9-970f-3007dfc58af4,23,23,0,6.503,6.518,0.01499999999999968,61,False
TR,nuscale_voygr6,w_NS_minus_20,weight,ad0c8590-c672-43f2-a813-1217a10f7d2d,1,1,0,7.784,7.815,0.031000000000000583,119,False
PL,nuscale_voygr6,w_NS_minus_20,weight,ad7a9c00-0c75-411f-8f89-859e603df1e6,51,51,0,5.753,5.741,-0.012000000000000455,61,False
TR,nuscale_voygr6,w_NS_minus_20,weight,adeb10a5-aaae-4e2c-b426-3db1c3d9bd5b,93,93,0,6.053,6.078,0.025000000000000355,119,False
RO,nuscale_voygr6,w_NS_minus_20,weight,af7f107f-71b5-5a33-8125-9ccb7060f895,3,3,0,7.114,7.068,-0.04600000000000026,22,False
RO,nuscale_voygr6,w_NS_minus_20,weight,aff5ffe6-fe7a-4de7-afad-9d4645a64cd9,9,9,0,6.478,6.463,-0.01499999999999968,22,False
BG,nuscale_voygr6,w_NS_minus_20,weight,b01fe781-dbc7-40f8-a544-946288020042,5,5,0,6.984,6.982,-0.0019999999999997797,8,False
CZ,nuscale_voygr6,w_NS_minus_20,weight,b0ba194f-3c80-4725-b1e7-fa5277b38833,2,2,0,7.016,6.974,-0.041999999999999815,29,False
PL,nuscale_voygr6,w_NS_minus_20,weight,b24c9876-5a4d-4b83-b442-af2f4b0d1047,45,45,0,5.866,5.851,-0.01499999999999968,61,False
PL,nuscale_voygr6,w_NS_minus_20,weight,b24f9ac5-5ddf-4b19-ba95-76dafeca3d2c,2,2,0,7.284,7.267,-0.01699999999999946,61,False
MD,nuscale_voygr6,w_NS_minus_20,weight,b3eb5dd2-98cf-40c4-b9ee-2a86fd066093,1,1,0,6.959,6.927,-0.03200000000000003,1,True
TR,nuscale_voygr6,w_NS_minus_20,weight,b588126a-42d6-49dc-b227-9283af5a2578,35,40,5,6.722,6.705,-0.017000000000000348,119,False
TR,nuscale_voygr6,w_NS_minus_20,weight,b5a75ec8-a2fe-42ad-b33e-ea32e20ebdfb,45,44,-1,6.622,6.658,0.036000000000000476,119,False
TR,nuscale_voygr6,w_NS_minus_20,weight,b5ff798e-e059-4d8b-a903-00a1fefc62ab,36,41,5,6.722,6.705,-0.017000000000000348,119,False
PL,nuscale_voygr6,w_NS_minus_20,weight,b789a244-7d29-4be3-afe4-2f45d7f11eab,47,47,0,5.819,5.823,0.004000000000000448,61,False
TR,nuscale_voygr6,w_NS_minus_20,weight,b8875ff2-9e9d-4520-8879-c71468e9cc50,25,22,-3,6.891,6.965,0.07399999999999984,119,False
PL,nuscale_voygr6,w_NS_minus_20,weight,b8a00967-90a3-4a4e-9979-6b8651d87380,29,30,1,6.291,6.217,-0.07400000000000073,61,False
PL,nuscale_voygr6,w_NS_minus_20,weight,b8bc6544-1571-4906-95e0-314d62c78a24,15,16,1,6.853,6.837,-0.016000000000000014,61,False
TR,nuscale_voygr6,w_NS_minus_20,weight,b90e80f9-66f3-4290-8aa2-518b8422aba0,112,112,0,5.591,5.576,-0.015000000000000568,119,False
TR,nuscale_voygr6,w_NS_minus_20,weight,bac4a081-83dc-4aba-8076-b67bfc55f54c,95,94,-1,6.016,6.073,0.057000000000000384,119,False
TR,nuscale_voygr6,w_NS_minus_20,weight,bb2453b0-c76d-40ea-bcc4-870391f05b2f,118,118,0,5.2,5.139,-0.06099999999999994,119,False
TR,nuscale_voygr6,w_NS_minus_20,weight,bfadbe66-971d-4f64-b222-604a7ee6ac6b,16,15,-1,7.072,7.125,0.052999999999999936,119,False
RO,nuscale_voygr6,w_NS_minus_20,weight,c3790475-3d3b-4e2b-92ae-24503fe03e6b,8,10,2,6.491,6.431,-0.05999999999999961,22,False
PL,nuscale_voygr6,w_NS_minus_20,weight,c39819ef-6798-4c01-9a82-9eead65b5f56,22,22,0,6.691,6.742,0.051000000000000156,61,False
PL,nuscale_voygr6,w_NS_minus_20,weight,c42c5942-264d-43a1-a9eb-95b00480eb1a,49,49,0,5.816,5.801,-0.01499999999999968,61,False
UA,nuscale_voygr6,w_NS_minus_20,weight,c47eb6a3-49c1-4879-95b6-9bcd53b7af04,5,5,0,6.959,6.932,-0.026999999999999247,20,False
PL,nuscale_voygr6,w_NS_minus_20,weight,c4d7f628-c108-4496-ac02-6076ea3ae448,34,33,-1,6.082,6.06,-0.02200000000000024,61,False
TR,nuscale_voygr6,w_NS_minus_20,weight,c657c5c3-38a2-472d-8962-9e7cefcd2c1e,24,25,1,6.908,6.939,0.030999999999999694,119,False
TR,nuscale_voygr6,w_NS_minus_20,weight,c6b846cb-3a01-4e17-9d51-da4b58fd1827,105,106,1,5.791,5.744,-0.0470000000000006,119,False
TR,nuscale_voygr6,w_NS_minus_20,weight,c7afd455-7beb-4d23-8d3b-e9a102782d2b,109,109,0,5.706,5.684,-0.02200000000000024,119,False
TR,nuscale_voygr6,w_NS_minus_20,weight,c8e1cc12-080a-4e01-925d-8fd6e4334856,96,96,0,6.016,5.982,-0.03399999999999981,119,False
RS,nuscale_voygr6,w_NS_minus_20,weight,c8f15aca-174b-4be6-a6d9-abfa4685d10d,7,7,0,6.453,6.392,-0.06099999999999994,7,False
SK,nuscale_voygr6,w_NS_minus_20,weight,c97125b3-20ed-4e21-a853-b928644ec7dd,2,2,0,6.978,6.978,0.0,5,False
TR,nuscale_voygr6,w_NS_minus_20,weight,c9c85786-eb26-4e7b-b280-83a54b7e834f,63,66,3,6.328,6.308,-0.020000000000000462,119,False
TR,nuscale_voygr6,w_NS_minus_20,weight,ca423571-d2ab-44d4-b5ce-3e649d9cc776,82,67,-15,6.209,6.307,0.09800000000000075,119,False
TR,nuscale_voygr6,w_NS_minus_20,weight,cb08e7b6-0af3-45d9-95c3-3832e7e2677c,44,50,6,6.628,6.575,-0.052999999999999936,119,False
TR,nuscale_voygr6,w_NS_minus_20,weight,cb825b0f-e315-4221-b194-43d5b472382d,90,92,2,6.084,6.08,-0.0039999999999995595,119,False
CZ,nuscale_voygr6,w_NS_minus_20,weight,cbd67443-4a4e-44fd-a9ed-20ba9574c99e,27,26,-1,5.701,5.694,-0.006999999999999673,29,False
TR,nuscale_voygr6,w_NS_minus_20,weight,cc635340-954c-4428-9fa1-14383c7faceb,43,43,0,6.641,6.667,0.0259999999999998,119,False
PL,nuscale_voygr6,w_NS_minus_20,weight,ccc15bde-1c5a-40bf-8f09-2fcb1e896ce5,55,54,-1,5.622,5.656,0.03399999999999981,61,False
PL,nuscale_voygr6,w_NS_minus_20,weight,cd84938d-eea8-47a1-8ea6-2e9f943e5914,14,14,0,6.884,6.848,-0.036000000000000476,61,False
UA,nuscale_voygr6,w_NS_minus_20,weight,cdb6adfb-52ff-4631-939a-001080b20450,8,9,1,6.795,6.747,-0.04800000000000004,20,False
PL,nuscale_voygr6,w_NS_minus_20,weight,cdc888ad-fd51-4710-a5ab-3cd0fe9ddb48,21,18,-3,6.753,6.8,0.04699999999999971,61,False
TR,nuscale_voygr6,w_NS_minus_20,weight,ce39538c-997e-4a7d-bc32-f164f50f9aa0,75,68,-7,6.253,6.306,0.052999999999999936,119,False
UA,nuscale_voygr6,w_NS_minus_20,weight,cec871bd-c7f6-4444-b0da-9b3a9ecc6963,3,3,0,7.197,7.238,0.04100000000000037,20,False
TR,nuscale_voygr6,w_NS_minus_20,weight,cf9150af-0325-44d8-bbaf-493e742f2e2b,54,56,2,6.503,6.512,0.008999999999999453,119,False
TR,nuscale_voygr6,w_NS_minus_20,weight,d020ac37-4f23-41b1-8f1e-b425b5769424,57,57,0,6.431,6.51,0.07899999999999974,119,False
TR,nuscale_voygr6,w_NS_minus_20,weight,d12e7ffc-4cd3-4ff4-81da-ae360d59409b,71,81,10,6.278,6.207,-0.07099999999999973,119,False
TR,nuscale_voygr6,w_NS_minus_20,weight,d1863136-5ff4-4b4d-a9c0-6219e92d637d,23,24,1,6.938,6.952,0.014000000000000234,119,False
TR,nuscale_voygr6,w_NS_minus_20,weight,d21335d4-0a3d-4464-85e0-352745a38db4,81,82,1,6.216,6.207,-0.009000000000000341,119,False
RS,nuscale_voygr6,w_NS_minus_20,weight,d30af109-79cb-4ab5-a878-6f574b58116a,6,5,-1,6.472,6.498,0.0259999999999998,7,False
PL,nuscale_voygr6,w_NS_minus_20,weight,d3b5a049-6bff-400b-9312-96985f03acea,58,57,-1,5.48,5.488,0.008000000000000007,61,False
UA,nuscale_voygr6,w_NS_minus_20,weight,d3b9e403-7744-44c5-b5c3-999c4c1911d8,20,20,0,5.781,5.756,-0.024999999999999467,20,False
TR,nuscale_voygr6,w_NS_minus_20,weight,d3f986d9-a023-4d43-a0fb-03361f310873,33,35,2,6.734,6.744,0.009999999999999787,119,False
TR,nuscale_voygr6,w_NS_minus_20,weight,d48d2f39-d58f-4299-9b2f-56d194d2d13b,73,77,4,6.266,6.238,-0.02799999999999958,119,False
RO,nuscale_voygr6,w_NS_minus_20,weight,d498ded8-449c-4672-8bb9-0ed6c8fef775,16,16,0,5.991,5.974,-0.01699999999999946,22,False
TR,nuscale_voygr6,w_NS_minus_20,weight,d5151598-5a1a-4697-8147-592845ffef6c,72,73,1,6.278,6.267,-0.010999999999999233,119,False
PL,nuscale_voygr6,w_NS_minus_20,weight,d60b377c-9bb4-4fd5-adb7-a9a9ba98ae76,37,38,1,6.003,5.932,-0.07099999999999973,61,False
TR,nuscale_voygr6,w_NS_minus_20,weight,d6cb5642-d5ec-4a15-bc6b-8be4cb0a382e,17,17,0,7.059,7.089,0.03000000000000025,119,False
CZ,nuscale_voygr6,w_NS_minus_20,weight,d762ceeb-514f-43a6-9f91-a2d422ed6c60,3,3,0,7.009,6.948,-0.06099999999999994,29,False
RO,nuscale_voygr6,w_NS_minus_20,weight,dac2a974-a2de-46c5-b581-03985a9ae7d0,17,17,0,5.978,5.963,-0.01499999999999968,22,False
PL,nuscale_voygr6,w_NS_minus_20,weight,dadadad9-b67e-44b8-a9ab-4cbf116da20b,7,9,2,7.153,7.108,-0.04499999999999993,61,False
TR,nuscale_voygr6,w_NS_minus_20,weight,db87ce6a-3802-44c5-945f-8a95d3cf111b,84,87,3,6.166,6.154,-0.012000000000000455,119,False
PL,nuscale_voygr6,w_NS_minus_20,weight,dc87cdf1-9936-4a59-a5e9-b5e360173490,41,41,0,5.928,5.895,-0.03300000000000036,61,False
TR,nuscale_voygr6,w_NS_minus_20,weight,dd413ee8-a6f2-4e7c-8e6c-6d0ed8637d83,26,26,0,6.88,6.899,0.019000000000000128,119,False
TR,nuscale_voygr6,w_NS_minus_20,weight,ddc8bb9c-bf77-4075-b38c-600fb072acf8,8,5,-3,7.263,7.358,0.09499999999999975,119,False
PL,nuscale_voygr6,w_NS_minus_20,weight,de6735bd-7a79-43c8-baad-1fe23d50d6f0,24,24,0,6.441,6.424,-0.01699999999999946,61,False
TR,nuscale_voygr6,w_NS_minus_20,weight,e03c394f-1c08-4101-b1fe-f6662fe4b424,9,7,-2,7.26,7.325,0.06500000000000039,119,False
RO,nuscale_voygr6,w_NS_minus_20,weight,e073b3f8-4312-4d34-b322-6289a3121af1,13,13,0,6.174,6.156,-0.018000000000000682,22,False
TR,nuscale_voygr6,w_NS_minus_20,weight,e10aae79-05b7-4ad9-9d69-60ce190b4444,64,71,7,6.328,6.272,-0.05600000000000005,119,False
HU,nuscale_voygr6,w_NS_minus_20,weight,e1649639-2e45-4226-9c7a-783d2dcb6724,10,10,0,5.411,5.479,0.0680000000000005,11,False
CZ,nuscale_voygr6,w_NS_minus_20,weight,e299922a-1670-4aff-acda-fd80600af9af,8,8,0,6.716,6.708,-0.008000000000000007,29,False
PL,nuscale_voygr6,w_NS_minus_20,weight,e2c23866-db1e-4316-82b5-7e3fe50c3c09,35,36,1,6.053,5.99,-0.06299999999999972,61,False
RO,nuscale_voygr6,w_NS_minus_20,weight,e43af28e-a3d3-4047-a9cf-f3b0990754b4,15,15,0,6.041,6.026,-0.015000000000000568,22,False
UA,nuscale_voygr6,w_NS_minus_20,weight,e4c6a713-99e6-4fdf-afaa-d456779c504c,17,17,0,6.126,6.128,0.0019999999999997797,20,False
PL,nuscale_voygr6,w_NS_minus_20,weight,e4e3b5f0-7038-47a5-84e3-04eb07b3c4d7,3,3,0,7.227,7.247,0.019999999999999574,61,False
TR,nuscale_voygr6,w_NS_minus_20,weight,e71ec827-7143-48dd-8c8a-8e81705fa971,65,64,-1,6.322,6.341,0.019000000000000128,119,False
BA,nuscale_voygr6,w_NS_minus_20,weight,e75c63e5-ef2f-4e08-8f8c-3da41215af9d,2,2,0,6.747,6.783,0.036000000000000476,6,False
ME,nuscale_voygr6,w_NS_minus_20,weight,e77a7e7f-11ba-4e61-98da-f44471bc52ab,2,1,-1,6.023,6.048,0.025000000000000355,2,True
TR,nuscale_voygr6,w_NS_minus_20,weight,e780e4ac-0506-4186-9b58-0f378f878345,13,14,1,7.116,7.132,0.016000000000000014,119,False
TR,nuscale_voygr6,w_NS_minus_20,weight,e894ba3e-e397-47c9-b0b9-a72cfb6bd680,99,102,3,5.928,5.859,-0.06899999999999995,119,False
TR,nuscale_voygr6,w_NS_minus_20,weight,e8b6e342-2011-4343-b415-a8bf08501499,103,101,-2,5.834,5.865,0.031000000000000583,119,False
PL,nuscale_voygr6,w_NS_minus_20,weight,e9a1ae49-ff79-462c-af4e-7c6843221d36,61,61,0,5.328,5.231,-0.09700000000000042,61,False
TR,nuscale_voygr6,w_NS_minus_20,weight,e9bc02be-cf10-4b27-9b8a-0d4a954720e4,32,34,2,6.74,6.748,0.008000000000000007,119,False
PL,nuscale_voygr6,w_NS_minus_20,weight,ebc0f461-acfa-47da-8094-5b15ea3e25a0,17,19,2,6.822,6.786,-0.036000000000000476,61,False
BG,nuscale_voygr6,w_NS_minus_20,weight,ec5f337a-ca52-4b86-a0f4-4933eac349e3,1,1,0,7.709,7.675,-0.03399999999999981,8,False
PL,nuscale_voygr6,w_NS_minus_20,weight,ee332928-87b2-4e7b-9203-20e402bc551f,16,12,-4,6.853,6.868,0.015000000000000568,61,False
PL,nuscale_voygr6,w_NS_minus_20,weight,ef2ee2ae-e73e-490c-aa07-746543fe20e6,43,39,-4,5.916,5.922,0.005999999999999339,61,False
HU,nuscale_voygr6,w_NS_minus_20,weight,ef325d90-6d2d-4f8f-89f2-3bc98beb149b,8,8,0,5.73,5.788,0.05799999999999983,11,False
CZ,nuscale_voygr6,w_NS_minus_20,weight,f1d2bca1-a7a9-4404-84c1-34fc8a59dab7,26,27,1,5.703,5.689,-0.014000000000000234,29,False
HU,nuscale_voygr6,w_NS_minus_20,weight,f2b3a729-602a-4b6b-acc9-004244f2e556,9,11,2,5.418,5.423,0.004999999999999893,11,False
UA,nuscale_voygr6,w_NS_minus_20,weight,f2c061de-66ad-4fce-b911-7f1899f25b75,12,12,0,6.417,6.395,-0.02200000000000024,20,False
TR,nuscale_voygr6,w_NS_minus_20,weight,f2e65fcf-afc4-4443-ac14-f15c8ffe48f3,11,12,1,7.154,7.183,0.028999999999999915,119,False
CZ,nuscale_voygr6,w_NS_minus_20,weight,f3523341-daaa-4573-a856-becb2e1bb9e3,6,5,-1,6.916,6.876,-0.040000000000000036,29,False
PL,nuscale_voygr6,w_NS_minus_20,weight,f5be4e73-938d-4fe2-b585-5090ec780670,42,44,2,5.922,5.865,-0.056999999999999496,61,False
HU,nuscale_voygr6,w_NS_minus_20,weight,f7dcdb63-26e6-44cd-b440-ec14fe507d90,2,2,0,6.941,6.915,-0.0259999999999998,11,False
PL,nuscale_voygr6,w_NS_minus_20,weight,f8f9f43d-6a3b-445d-818e-ca82a90ace65,56,56,0,5.603,5.574,-0.028999999999999915,61,False
TR,nuscale_voygr6,w_NS_minus_20,weight,f92bc907-9b9b-4d21-92fd-1705bd71128c,69,72,3,6.291,6.269,-0.02200000000000024,119,False
TR,nuscale_voygr6,w_NS_minus_20,weight,fa6b7ac3-c1bf-478f-8d0a-1f357ea480cf,111,111,0,5.594,5.615,0.020999999999999908,119,False
BY,nuscale_voygr6,w_NS_minus_20,weight,fac3d0b5-36a5-48ae-8494-f2f08e4342f4,1,1,0,7.378,7.391,0.0129999999999999,2,True
UA,nuscale_voygr6,w_NS_minus_20,weight,fb7d4d9a-3f27-4b50-9941-6a8fccd25e9a,16,15,-1,6.153,6.183,0.03000000000000025,20,False
TR,nuscale_voygr6,w_NS_minus_20,weight,fc307877-758b-4dbf-afbe-abfc4a778155,20,20,0,6.957,7.022,0.06500000000000039,119,False
TR,nuscale_voygr6,w_NS_minus_20,weight,fecb62d9-6fb8-4f8d-83e3-78a7c75adb6e,40,36,-4,6.672,6.731,0.05900000000000016,119,False
TR,nuscale_voygr6,w_NS_plus_20,weight,0049a899-af5f-41cd-86ae-2ba729b6365f,67,77,10,6.299,6.219,-0.08000000000000007,119,False
RS,nuscale_voygr6,w_NS_plus_20,weight,0182ec25-0df9-4e4b-9861-d76a332bc282,4,5,1,6.559,6.532,-0.027000000000000135,7,False
UA,nuscale_voygr6,w_NS_plus_20,weight,02253fcc-4fc6-42d4-a6a8-42365487302f,13,13,0,6.318,6.383,0.06500000000000039,20,False
TR,nuscale_voygr6,w_NS_plus_20,weight,0248611c-b745-404f-ad50-c2870882c7a1,15,14,-1,7.072,7.042,-0.03000000000000025,119,False
UA,nuscale_voygr6,w_NS_plus_20,weight,038d42e9-769b-4b22-9513-dccff48b42cd,18,18,0,6.02,6.047,0.027000000000000135,20,False
HU,nuscale_voygr6,w_NS_plus_20,weight,059b3ad4-7196-4e6b-b169-8605ceeed841,3,3,0,6.872,6.881,0.009000000000000341,11,False
CZ,nuscale_voygr6,w_NS_plus_20,weight,05daa6b2-bb29-4c26-a459-855626673955,12,12,0,6.464,6.443,-0.021000000000000796,29,False
PL,nuscale_voygr6,w_NS_plus_20,weight,06641fea-8997-4b69-a618-6afa34b82591,46,46,0,5.859,5.851,-0.008000000000000007,61,False
SK,nuscale_voygr6,w_NS_plus_20,weight,06defca3-9105-437f-afd4-52f5603d9b8e,4,4,0,6.303,6.341,0.038000000000000256,5,False
TR,nuscale_voygr6,w_NS_plus_20,weight,0947a4c8-4fc1-492f-9c66-2c9a993c7fb0,78,80,2,6.216,6.202,-0.014000000000000234,119,False
CZ,nuscale_voygr6,w_NS_plus_20,weight,0ae8917b-a70b-41e5-82de-e4963a7686e3,19,20,1,6.089,6.061,-0.02800000000000047,29,False
PL,nuscale_voygr6,w_NS_plus_20,weight,0b187a1d-55de-47cf-96a3-06abc8ff2476,13,13,0,6.884,6.927,0.04299999999999926,61,False
TR,nuscale_voygr6,w_NS_plus_20,weight,0ca4ff78-4113-4ad9-ac04-0fd541d42338,101,103,2,5.845,5.813,-0.03200000000000003,119,False
TR,nuscale_voygr6,w_NS_plus_20,weight,0fec985c-c66e-40af-a123-a9ba4db269bb,39,42,3,6.681,6.618,-0.06299999999999972,119,False
TR,nuscale_voygr6,w_NS_plus_20,weight,1289753b-43db-4058-8fe1-6e38b5fb01b5,38,37,-1,6.719,6.725,0.005999999999999339,119,False
TR,nuscale_voygr6,w_NS_plus_20,weight,142cad75-648a-495d-8c10-792351e72126,2,2,0,7.459,7.468,0.009000000000000341,119,False
CZ,nuscale_voygr6,w_NS_plus_20,weight,14e88076-ce0e-4693-bca4-e80f3f013c7f,14,14,0,6.345,6.324,-0.020999999999999908,29,False
TR,nuscale_voygr6,w_NS_plus_20,weight,161660e7-3ccf-4704-b452-b126599700a0,114,113,-1,5.444,5.472,0.02800000000000047,119,False
TR,nuscale_voygr6,w_NS_plus_20,weight,1624a526-07d8-44a4-8ed7-3b035b748f03,116,114,-2,5.369,5.427,0.05799999999999983,119,False
TR,nuscale_voygr6,w_NS_plus_20,weight,166f5fcc-1cc4-4cf5-9e52-59e7ce1557c6,30,30,0,6.809,6.769,-0.040000000000000036,119,False
SK,nuscale_voygr6,w_NS_plus_20,weight,1719d38b-61e8-4b01-844b-3a2f85c8a186,3,3,0,6.741,6.768,0.027000000000000135,5,False
MK,nuscale_voygr6,w_NS_plus_20,weight,1739b1b7-a6f3-466c-9dfa-3d1de9d5b6db,1,1,0,6.812,6.818,0.005999999999999339,3,False
TR,nuscale_voygr6,w_NS_plus_20,weight,17568f0f-91fd-4efe-b4df-2c7cc5d80b7d,117,118,1,5.237,5.198,-0.0389999999999997,119,False
CZ,nuscale_voygr6,w_NS_plus_20,weight,180880c2-7284-4723-b02a-a62348b9b40b,9,9,0,6.672,6.656,-0.016000000000000014,29,False
TR,nuscale_voygr6,w_NS_plus_20,weight,1820429d-bd95-4e56-a6db-d9bb57e2ae07,56,56,0,6.451,6.39,-0.06099999999999994,119,False
PL,nuscale_voygr6,w_NS_plus_20,weight,187b4fd7-6a61-4e94-8ed4-495ac6dfc317,30,29,-1,6.266,6.296,0.03000000000000025,61,False
RO,nuscale_voygr6,w_NS_plus_20,weight,18ecb024-ee4f-4045-8254-5e95d61dea8c,12,12,0,6.197,6.216,0.019000000000000128,22,False
LV,nuscale_voygr6,w_NS_plus_20,weight,1a5b8f8f-f4be-4514-8738-755d25e19b41,1,1,0,6.603,6.607,0.004000000000000448,1,True
CZ,nuscale_voygr6,w_NS_plus_20,weight,1c059a42-608c-4753-8fcf-ba797d94f900,24,24,0,5.809,5.859,0.04999999999999982,29,False
TR,nuscale_voygr6,w_NS_plus_20,weight,1ce7624e-1d72-4293-8ff4-09096b56ddd2,115,116,1,5.394,5.425,0.030999999999999694,119,False
PL,nuscale_voygr6,w_NS_plus_20,weight,1d19dce6-c458-4656-901d-6a8d3c548761,12,10,-2,6.934,6.999,0.0649999999999995,61,False
RO,nuscale_voygr6,w_NS_plus_20,weight,1d8be6d0-f3a5-4b32-9d46-3526289731f8,22,22,0,5.391,5.431,0.040000000000000036,22,False
TR,nuscale_voygr6,w_NS_plus_20,weight,1f305180-6bbf-4758-9a98-78bc9e96e195,97,97,0,5.971,5.983,0.011999999999999567,119,False
PL,nuscale_voygr6,w_NS_plus_20,weight,202d797d-b0f9-4cd0-bbac-d7bb06805c09,39,39,0,5.969,6.002,0.032999999999999474,61,False
CZ,nuscale_voygr6,w_NS_plus_20,weight,20bce4f5-ca0b-4145-87e5-0a0694343f31,17,18,1,6.201,6.146,-0.054999999999999716,29,False
CZ,nuscale_voygr6,w_NS_plus_20,weight,20c9d02d-e9e8-40b3-a11e-7a2e01018d8c,13,13,0,6.438,6.433,-0.004999999999999893,29,False
TR,nuscale_voygr6,w_NS_plus_20,weight,21ccc44f-3244-4e7f-9654-eae424288200,83,85,2,6.201,6.141,-0.05999999999999961,119,False
TR,nuscale_voygr6,w_NS_plus_20,weight,225656d9-8709-4c2f-9992-1e4f20a6fce8,28,25,-3,6.862,6.877,0.01499999999999968,119,False
TR,nuscale_voygr6,w_NS_plus_20,weight,231565d3-4f56-43ee-a357-1f4451c6fbc3,49,49,0,6.562,6.523,-0.03900000000000059,119,False
TR,nuscale_voygr6,w_NS_plus_20,weight,2350bab4-9869-43f1-b62f-a4d5aea77ef5,66,73,7,6.306,6.255,-0.051000000000000156,119,False
PL,nuscale_voygr6,w_NS_plus_20,weight,239ea0eb-a9c4-43cc-ac5f-35271bdc6613,5,7,2,7.191,7.156,-0.03500000000000014,61,False
CZ,nuscale_voygr6,w_NS_plus_20,weight,274ec928-e527-44cf-86c5-b6eddc09d0f7,18,17,-1,6.153,6.157,0.004000000000000448,29,False
PL,nuscale_voygr6,w_NS_plus_20,weight,27fc89b3-ee57-44ac-8073-a700bc8d12e8,54,53,-1,5.653,5.687,0.034000000000000696,61,False
CZ,nuscale_voygr6,w_NS_plus_20,weight,287cbb48-bb08-40dd-82c5-cfe1530dfbb9,1,1,0,7.095,7.147,0.05200000000000049,29,False
TR,nuscale_voygr6,w_NS_plus_20,weight,28980273-0ba6-4c8c-b080-7ff9b33cc4c9,88,90,2,6.122,6.06,-0.06200000000000028,119,False
HU,nuscale_voygr6,w_NS_plus_20,weight,28b36531-865d-42ae-afb3-b8bad86f7014,6,6,0,6.23,6.236,0.005999999999999339,11,False
PL,nuscale_voygr6,w_NS_plus_20,weight,29479c3f-8db8-4f62-90e8-59ad6739f90b,36,38,2,6.03,6.029,-0.001000000000000334,61,False
RS,nuscale_voygr6,w_NS_plus_20,weight,296282b1-d079-4c1e-b2df-12c25128b963,1,1,0,6.753,6.739,-0.014000000000000234,7,False
PL,nuscale_voygr6,w_NS_plus_20,weight,2981a12d-3444-4301-96ba-a63ef50bec3e,1,1,0,7.684,7.722,0.038000000000000256,61,False
RO,nuscale_voygr6,w_NS_plus_20,weight,29836b52-a882-4921-95a7-6417e636d9a2,5,5,0,6.784,6.814,0.03000000000000025,22,False
PL,nuscale_voygr6,w_NS_plus_20,weight,29a58981-aaf7-4450-ad41-49dd6d786168,52,54,2,5.678,5.666,-0.011999999999999567,61,False
UA,nuscale_voygr6,w_NS_plus_20,weight,29b3a802-7ef1-4722-ad59-b1511b1b0075,1,1,0,7.455,7.449,-0.006000000000000227,20,False
TR,nuscale_voygr6,w_NS_plus_20,weight,2a3aad60-2bff-4206-8275-f6e2029f9278,12,13,1,7.121,7.084,-0.03700000000000081,119,False
RS,nuscale_voygr6,w_NS_plus_20,weight,2b03f2e2-64ac-4262-bbff-7a536bda5722,2,2,0,6.716,6.686,-0.03000000000000025,7,False
TR,nuscale_voygr6,w_NS_plus_20,weight,2b6a65d3-efb0-44d8-b88b-9aad311f4ac4,14,15,1,7.107,7.037,-0.07000000000000028,119,False
PL,nuscale_voygr6,w_NS_plus_20,weight,2da9dab9-7b4e-46e7-b1c8-70eeb329c177,44,43,-1,5.891,5.937,0.04600000000000026,61,False
AT,nuscale_voygr6,w_NS_plus_20,weight,2dcd2c6d-f375-4408-9492-7910662fac03,2,2,0,7.016,7.002,-0.014000000000000234,6,False
TR,nuscale_voygr6,w_NS_plus_20,weight,2ec95392-978d-4a43-85b9-af3282c212ba,7,7,0,7.276,7.293,0.017000000000000348,119,False
TR,nuscale_voygr6,w_NS_plus_20,weight,2ed9363f-a9fe-46e5-8b92-c50b47a9077a,68,72,4,6.299,6.262,-0.03700000000000081,119,False
BG,nuscale_voygr6,w_NS_plus_20,weight,2fb27566-cc7b-4530-8ff9-e55e3a1985bd,6,6,0,6.578,6.562,-0.016000000000000014,8,False
CZ,nuscale_voygr6,w_NS_plus_20,weight,2fe0a0b3-4108-427e-8e54-f77e1ea7227c,5,6,1,6.916,6.931,0.01499999999999968,29,False
BG,nuscale_voygr6,w_NS_plus_20,weight,30c9e377-b575-46fa-880f-922c46e6500a,2,2,0,7.428,7.424,-0.0039999999999995595,8,False
CZ,nuscale_voygr6,w_NS_plus_20,weight,32484f7b-18a4-4b21-8e6a-6d68ae099d02,4,4,0,6.931,6.994,0.06299999999999972,29,False
BG,nuscale_voygr6,w_NS_plus_20,weight,33a015dd-51e0-497e-b0d3-4b1b3f070438,8,8,0,5.875,5.898,0.022999999999999687,8,False
BA,nuscale_voygr6,w_NS_plus_20,weight,344e0e9a-558e-4749-bb66-cd746be50cbd,4,4,0,6.572,6.556,-0.016000000000000014,6,False
RO,nuscale_voygr6,w_NS_plus_20,weight,345fb795-170a-4fb5-833c-f6bcf2eb450c,1,1,0,7.816,7.838,0.02200000000000024,22,False
HU,nuscale_voygr6,w_NS_plus_20,weight,34d88ce8-d49c-4b19-af2d-6efcb1b72149,11,11,0,5.405,5.316,-0.08900000000000041,11,False
UA,nuscale_voygr6,w_NS_plus_20,weight,3657989a-61ae-4fe3-9e8b-6ba7e68f8c59,10,10,0,6.616,6.627,0.01100000000000012,20,False
ME,nuscale_voygr6,w_NS_plus_20,weight,3795824b-cb76-48dd-a65c-764c757ddc76,1,1,0,6.023,6.036,0.0129999999999999,2,True
TR,nuscale_voygr6,w_NS_plus_20,weight,381221dd-76da-4adf-9b19-5da9f0779c22,42,40,-2,6.653,6.638,-0.01499999999999968,119,False
TR,nuscale_voygr6,w_NS_plus_20,weight,3819acc8-761d-49ba-89e7-967d3d37ec0e,61,66,5,6.344,6.295,-0.04900000000000038,119,False
PL,nuscale_voygr6,w_NS_plus_20,weight,399668d6-bfed-4e5b-bf38-9ee5902101c3,57,57,0,5.5,5.518,0.017999999999999794,61,False
TR,nuscale_voygr6,w_NS_plus_20,weight,3a06636d-c742-4b72-b9cd-21a4537c331b,106,106,0,5.756,5.781,0.024999999999999467,119,False
BG,nuscale_voygr6,w_NS_plus_20,weight,3bb6666f-de2f-4c6f-a28e-c3bddb71b54a,4,5,1,7.009,6.96,-0.04900000000000038,8,False
TR,nuscale_voygr6,w_NS_plus_20,weight,3bc834ed-5c2b-47d6-b555-2e20b9044053,55,55,0,6.47,6.396,-0.07399999999999984,119,False
UA,nuscale_voygr6,w_NS_plus_20,weight,3bd2a957-ff3b-4bfd-9dba-808279edccb9,14,15,1,6.192,6.187,-0.004999999999999893,20,False
RO,nuscale_voygr6,w_NS_plus_20,weight,3bef37a3-239e-498d-a160-77452a6a9b79,20,20,0,5.463,5.479,0.016000000000000014,22,False
PL,nuscale_voygr6,w_NS_plus_20,weight,3d2d4c37-eb9d-4b35-a8b1-b3f485bc3e3f,28,30,2,6.291,6.286,-0.005000000000000782,61,False
TR,nuscale_voygr6,w_NS_plus_20,weight,3e5f4317-6f40-44fb-bfa2-e21dc4d9922d,76,71,-5,6.234,6.271,0.03699999999999992,119,False
TR,nuscale_voygr6,w_NS_plus_20,weight,3f1ad930-cffb-4991-badd-773db74b890c,48,48,0,6.572,6.565,-0.006999999999999673,119,False
PL,nuscale_voygr6,w_NS_plus_20,weight,40650551-0c9c-45ea-bac6-befdb0cb5909,40,41,1,5.941,5.97,0.028999999999999915,61,False
PL,nuscale_voygr6,w_NS_plus_20,weight,409dde58-5df1-44d9-b5ec-f8e2edd86786,38,37,-1,5.978,6.056,0.07800000000000029,61,False
PL,nuscale_voygr6,w_NS_plus_20,weight,40b4334a-7ba4-4ed8-aa8e-3c405599fbd7,31,31,0,6.141,6.171,0.03000000000000025,61,False
PL,nuscale_voygr6,w_NS_plus_20,weight,416aab55-6fd9-4a0a-b8f8-796fb62d86a5,32,32,0,6.116,6.15,0.034000000000000696,61,False
TR,nuscale_voygr6,w_NS_plus_20,weight,42d5b3fd-7d07-409b-9154-4441695b7901,74,74,0,6.253,6.25,-0.0030000000000001137,119,False
CZ,nuscale_voygr6,w_NS_plus_20,weight,43e5b2b4-2ccf-46ab-b01e-e3d480146455,29,29,0,5.378,5.407,0.028999999999999915,29,False
TR,nuscale_voygr6,w_NS_plus_20,weight,43f99d45-6635-4392-a522-4a06445fdaf2,6,4,-2,7.328,7.333,0.004999999999999893,119,False
PL,nuscale_voygr6,w_NS_plus_20,weight,4411a22e-4e8a-4715-b000-1aae34494b68,19,18,-1,6.797,6.829,0.03200000000000003,61,False
TR,nuscale_voygr6,w_NS_plus_20,weight,44362378-9c74-44af-8a08-be4877f50e97,108,107,-1,5.741,5.776,0.03500000000000014,119,False
TR,nuscale_voygr6,w_NS_plus_20,weight,44698c12-3c50-4602-8104-dafa5fd215b6,98,96,-2,5.966,5.984,0.017999999999999794,119,False
UA,nuscale_voygr6,w_NS_plus_20,weight,447a9ea1-47fa-48a3-93f2-a77cbd629ac7,6,6,0,6.887,6.897,0.010000000000000675,20,False
CZ,nuscale_voygr6,w_NS_plus_20,weight,44d40276-5847-41d1-ab9b-887bbdc1bcfe,25,25,0,5.74,5.737,-0.0030000000000001137,29,False
UA,nuscale_voygr6,w_NS_plus_20,weight,46b96bc3-b190-4045-9c86-eb674e2ea35e,7,8,1,6.797,6.831,0.034000000000000696,20,False
PL,nuscale_voygr6,w_NS_plus_20,weight,47be3ec4-7abe-4f4c-ac3d-b7f753b8514a,50,51,1,5.753,5.743,-0.009999999999999787,61,False
TR,nuscale_voygr6,w_NS_plus_20,weight,48149515-0774-404d-b273-790b660a8d90,37,38,1,6.72,6.689,-0.030999999999999694,119,False
TR,nuscale_voygr6,w_NS_plus_20,weight,4b11cac9-4fe0-4a2a-9c09-4fe9a0ac6015,34,32,-2,6.722,6.738,0.016000000000000014,119,False
UA,nuscale_voygr6,w_NS_plus_20,weight,4e45df00-0d28-44d0-9697-3fa33d76fc88,9,9,0,6.788,6.787,-0.001000000000000334,20,False
CZ,nuscale_voygr6,w_NS_plus_20,weight,4eb7914c-e000-403c-b5a5-c350de67bb83,23,23,0,5.911,5.902,-0.008999999999999453,29,False
TR,nuscale_voygr6,w_NS_plus_20,weight,5067ece3-b204-495e-81c1-90a523252547,113,115,2,5.464,5.426,-0.038000000000000256,119,False
TR,nuscale_voygr6,w_NS_plus_20,weight,52028d4f-7796-4463-832e-cff2e439c96a,52,54,2,6.523,6.422,-0.10099999999999998,119,False
RO,nuscale_voygr6,w_NS_plus_20,weight,52a7babe-313f-493b-86b9-bd0c4aece4c3,4,4,0,7.016,7.053,0.03699999999999992,22,False
PL,nuscale_voygr6,w_NS_plus_20,weight,52db4dae-b014-45a4-96c4-49f80c1fdd11,6,5,-1,7.184,7.205,0.020999999999999908,61,False
AT,nuscale_voygr6,w_NS_plus_20,weight,532bfb42-0d4c-42cf-a81a-287f2b3a75bf,3,3,0,6.616,6.667,0.051000000000000156,6,False
TR,nuscale_voygr6,w_NS_plus_20,weight,53481b7f-5b85-4bab-be04-4866c2e72c12,104,104,0,5.812,5.811,-0.001000000000000334,119,False
PL,nuscale_voygr6,w_NS_plus_20,weight,558e7bff-5b5d-4666-9ca3-ec02f2269aab,8,8,0,7.134,7.147,0.0129999999999999,61,False
TR,nuscale_voygr6,w_NS_plus_20,weight,55cfe45b-6357-40f9-8623-e9916f91f839,27,26,-1,6.872,6.875,0.0030000000000001137,119,False
TR,nuscale_voygr6,w_NS_plus_20,weight,56b8e2a3-1885-431f-9fd1-4cd3bebfad61,46,45,-1,6.584,6.616,0.03200000000000003,119,False
TR,nuscale_voygr6,w_NS_plus_20,weight,57c0c830-725f-46ee-9322-0a4a3ad9efda,22,21,-1,6.938,6.925,-0.0129999999999999,119,False
TR,nuscale_voygr6,w_NS_plus_20,weight,5a19f424-1a15-44e6-bf1b-c2c5886ac1bf,53,52,-1,6.509,6.491,-0.018000000000000682,119,False
RO,nuscale_voygr6,w_NS_plus_20,weight,5a33e5f0-6d86-4eab-adea-6c6bad7f3f45,19,19,0,5.903,5.949,0.04600000000000026,22,False
PL,nuscale_voygr6,w_NS_plus_20,weight,5a57ae0a-6f91-46f4-a1f5-56a6b37596e9,59,61,2,5.341,5.299,-0.041999999999999815,61,False
TR,nuscale_voygr6,w_NS_plus_20,weight,5b6be56c-d981-470c-a979-13a8764a34b8,50,50,0,6.556,6.512,-0.04400000000000048,119,False
RS,nuscale_voygr6,w_NS_plus_20,weight,5d4aee8d-9e73-4987-907a-d092e0ba92ed,5,4,-1,6.503,6.547,0.043999999999999595,7,False
HU,nuscale_voygr6,w_NS_plus_20,weight,5de5f907-98e7-42d3-a7dd-cb65f839697b,4,4,0,6.778,6.744,-0.03399999999999981,11,False
UA,nuscale_voygr6,w_NS_plus_20,weight,5ed0a674-a292-44bc-997f-5c1990da1235,2,2,0,7.372,7.389,0.017000000000000348,20,False
TR,nuscale_voygr6,w_NS_plus_20,weight,5ed91c1b-0a1b-4a4c-9b2b-f6bdc8ff9770,91,89,-2,6.082,6.062,-0.019999999999999574,119,False
CZ,nuscale_voygr6,w_NS_plus_20,weight,5f4ed23c-cea2-41ef-a3e8-ac863e1bdcd6,15,15,0,6.339,6.315,-0.02400000000000002,29,False
TR,nuscale_voygr6,w_NS_plus_20,weight,5fa0dfa9-c272-444e-8e70-80ab55b5d36c,19,18,-1,7.009,6.984,-0.025000000000000355,119,False
CZ,nuscale_voygr6,w_NS_plus_20,weight,60baaa73-dd8c-4865-bb18-6c73d63a4052,10,10,0,6.648,6.639,-0.008999999999999453,29,False
CZ,nuscale_voygr6,w_NS_plus_20,weight,63601ccc-3f20-4cbd-95cb-0fbeaf821c6a,11,11,0,6.51,6.457,-0.052999999999999936,29,False
HU,nuscale_voygr6,w_NS_plus_20,weight,651839d3-4e8f-4214-89aa-1f96ea221121,7,7,0,5.967,5.943,-0.02400000000000002,11,False
AT,nuscale_voygr6,w_NS_plus_20,weight,660d9d71-6733-4294-951b-1c58614d58cf,1,1,0,7.159,7.109,-0.04999999999999982,6,False
PL,nuscale_voygr6,w_NS_plus_20,weight,66bdc30c-4179-480b-a55a-5d15be5ac66b,20,20,0,6.775,6.796,0.020999999999999908,61,False
CZ,nuscale_voygr6,w_NS_plus_20,weight,66c3f077-1ee6-41d7-8e6c-da374bb45139,28,28,0,5.622,5.63,0.008000000000000007,29,False
TR,nuscale_voygr6,w_NS_plus_20,weight,674deb4f-110c-4120-bea0-5f0711da3ea1,5,3,-2,7.347,7.363,0.016000000000000014,119,False
BY,nuscale_voygr6,w_NS_plus_20,weight,68aabff9-e662-4b9f-b37d-4c2ebc5f7539,2,2,0,6.991,6.964,-0.026999999999999247,2,True
RO,nuscale_voygr6,w_NS_plus_20,weight,693d9b73-f9fc-4502-9b94-be020c5d21fb,7,7,0,6.653,6.686,0.03300000000000036,22,False
RO,nuscale_voygr6,w_NS_plus_20,weight,6aed2eac-1c97-40c5-b842-fb15fd510f35,11,11,0,6.266,6.277,0.01100000000000012,22,False
RO,nuscale_voygr6,w_NS_plus_20,weight,6c428b2a-ad09-448b-b24c-22465929d69c,21,21,0,5.428,5.457,0.028999999999999915,22,False
TR,nuscale_voygr6,w_NS_plus_20,weight,6c9571c4-5d3b-4f88-a7be-fa8c21425eeb,3,5,2,7.38,7.333,-0.04699999999999971,119,False
TR,nuscale_voygr6,w_NS_plus_20,weight,6ddc2960-3d72-4d5f-b358-56d1c54f47e0,70,70,0,6.278,6.284,0.006000000000000227,119,False
AT,nuscale_voygr6,w_NS_plus_20,weight,6e7fc4d8-636d-411a-baef-e138a5a07acc,5,4,-1,6.544,6.629,0.08499999999999996,6,False
BG,nuscale_voygr6,w_NS_plus_20,weight,704ef487-f600-4f23-b06e-a0f81b627597,7,7,0,5.878,5.922,0.043999999999999595,8,False
UA,nuscale_voygr6,w_NS_plus_20,weight,70781f2c-24c2-486c-8b32-310c36ba1238,15,14,-1,6.185,6.231,0.04600000000000026,20,False
UA,nuscale_voygr6,w_NS_plus_20,weight,725406d6-860f-4ca0-9c6a-425675bac381,11,11,0,6.543,6.578,0.03500000000000014,20,False
TR,nuscale_voygr6,w_NS_plus_20,weight,737b6d06-1d0c-4ae6-9683-ab3fea192b32,60,67,7,6.355,6.295,-0.0600000000000005,119,False
PL,nuscale_voygr6,w_NS_plus_20,weight,73fe8f06-c53b-4877-9c1d-5caf3d8f2749,60,60,0,5.332,5.335,0.0030000000000001137,61,False
TR,nuscale_voygr6,w_NS_plus_20,weight,746fc66e-d31f-4c5d-bf5c-ab5031b04b15,89,91,2,6.122,6.047,-0.07500000000000018,119,False
MK,nuscale_voygr6,w_NS_plus_20,weight,756218bb-3f16-443e-b6c6-400cd0ce2f87,3,3,0,6.181,6.107,-0.07399999999999984,3,False
TR,nuscale_voygr6,w_NS_plus_20,weight,75f807aa-8278-43a3-8654-730713b96001,58,60,2,6.421,6.349,-0.07200000000000006,119,False
TR,nuscale_voygr6,w_NS_plus_20,weight,76cd9b7f-7613-4fd4-95ab-bf534a2e2f5e,85,86,1,6.153,6.121,-0.03199999999999914,119,False
SK,nuscale_voygr6,w_NS_plus_20,weight,770f1d3c-e5fd-493c-a376-e708d2abec6c,1,1,0,7.022,7.051,0.028999999999999915,5,False
TR,nuscale_voygr6,w_NS_plus_20,weight,772e2484-419b-47de-9739-924ac371ad10,51,53,2,6.534,6.477,-0.056999999999999496,119,False
TR,nuscale_voygr6,w_NS_plus_20,weight,778e0750-19f9-426e-a6c7-e0e30645fb97,10,10,0,7.185,7.157,-0.02799999999999958,119,False
TR,nuscale_voygr6,w_NS_plus_20,weight,7a805295-0cd2-48be-972e-5282c996549c,79,75,-4,6.216,6.224,0.008000000000000007,119,False
TR,nuscale_voygr6,w_NS_plus_20,weight,7b4d3f8f-a644-48a3-93f9-cd3c154dc5c2,107,109,2,5.747,5.713,-0.03399999999999981,119,False
TR,nuscale_voygr6,w_NS_plus_20,weight,7cc9cffa-e4e4-4546-902d-c8f4800dbdb2,29,28,-1,6.815,6.827,0.011999999999999567,119,False
PL,nuscale_voygr6,w_NS_plus_20,weight,7fc17ab0-ce24-4830-a938-b8424d1e9368,9,9,0,7.116,7.079,-0.03699999999999992,61,False
BA,nuscale_voygr6,w_NS_plus_20,weight,82011c29-a3d3-4a81-a27b-019d2649a251,6,6,0,5.934,5.909,-0.025000000000000355,6,False
RO,nuscale_voygr6,w_NS_plus_20,weight,825dc024-9a53-4237-bf59-cbe0af0cf87d,6,6,0,6.703,6.722,0.019000000000000128,22,False
TR,nuscale_voygr6,w_NS_plus_20,weight,829f61ff-0ad1-4288-8dd9-e41abbd0b6a7,119,119,0,5.087,5.105,0.018000000000000682,119,False
TR,nuscale_voygr6,w_NS_plus_20,weight,82aac38c-3037-466c-9b37-bff9da707645,87,84,-3,6.134,6.146,0.011999999999999567,119,False
MK,nuscale_voygr6,w_NS_plus_20,weight,83d3abe4-2049-47ad-a66b-46034edb7569,2,2,0,6.707,6.691,-0.016000000000000014,3,False
UA,nuscale_voygr6,w_NS_plus_20,weight,83fede8b-5f92-429d-920d-9a8928a74780,4,4,0,7.166,7.141,-0.025000000000000355,20,False
BA,nuscale_voygr6,w_NS_plus_20,weight,85257083-08d1-4560-b198-a9df414da4a9,1,1,0,6.951,6.933,-0.017999999999999794,6,False
RO,nuscale_voygr6,w_NS_plus_20,weight,8781d874-5923-4795-9c9f-b2a6c709025a,18,17,-1,5.941,5.994,0.052999999999999936,22,False
TR,nuscale_voygr6,w_NS_plus_20,weight,8782d6f2-5f9f-4c67-b9f2-6756857bd200,92,98,6,6.062,5.98,-0.08199999999999985,119,False
TR,nuscale_voygr6,w_NS_plus_20,weight,8a5dc384-e272-41ed-9868-a0686ac3fc7e,47,46,-1,6.584,6.616,0.03200000000000003,119,False
PL,nuscale_voygr6,w_NS_plus_20,weight,8a9d5c87-7edc-49c3-85a2-d97727b9c9b2,27,28,1,6.297,6.343,0.04600000000000026,61,False
TR,nuscale_voygr6,w_NS_plus_20,weight,8b16dc60-1a2b-4b2c-bcad-1c334d246ae3,102,100,-2,5.841,5.846,0.004999999999999893,119,False
TR,nuscale_voygr6,w_NS_plus_20,weight,8dd46a05-6e0c-4009-90ad-bd5909c25622,110,112,2,5.594,5.55,-0.04400000000000048,119,False
PL,nuscale_voygr6,w_NS_plus_20,weight,8dd8db4c-b62d-4f6b-a2ee-70a9ed785e7a,48,49,1,5.816,5.812,-0.0039999999999995595,61,False
PL,nuscale_voygr6,w_NS_plus_20,weight,8e485f8a-5c68-4541-ab1d-77783f6fcb2d,18,19,1,6.806,6.802,-0.004000000000000448,61,False
HU,nuscale_voygr6,w_NS_plus_20,weight,903d6b94-cd9d-4c32-b7e2-4bbfbee929df,5,5,0,6.641,6.592,-0.04900000000000038,11,False
AT,nuscale_voygr6,w_NS_plus_20,weight,90820fe3-9889-4faf-9906-7c528f8d7bc5,6,6,0,6.347,6.352,0.004999999999999893,6,False
TR,nuscale_voygr6,w_NS_plus_20,weight,9163ca37-1b31-409d-974f-9e7ed5e5f33d,80,81,1,6.216,6.202,-0.014000000000000234,119,False
PL,nuscale_voygr6,w_NS_plus_20,weight,917008f5-fba1-4ef7-b82d-9aded2b69267,4,3,-1,7.222,7.277,0.054999999999999716,61,False
TR,nuscale_voygr6,w_NS_plus_20,weight,91f28dbb-16bd-449b-a20a-dc2b70cf2e66,94,93,-1,6.028,6.044,0.016000000000000014,119,False
TR,nuscale_voygr6,w_NS_plus_20,weight,94a5c55f-c499-41b1-81da-deaa36686399,18,19,1,7.022,6.97,-0.05200000000000049,119,False
UA,nuscale_voygr6,w_NS_plus_20,weight,95872473-c476-4ceb-bcf5-54cfdf415e42,19,19,0,5.921,5.937,0.016000000000000014,20,False
RO,nuscale_voygr6,w_NS_plus_20,weight,958e4d82-853a-41f1-a442-94b4c4314221,2,2,0,7.159,7.162,0.0030000000000001137,22,False
TR,nuscale_voygr6,w_NS_plus_20,weight,96129c93-83a6-4b1c-929b-bfccba86a796,77,78,1,6.234,6.218,-0.016000000000000014,119,False
TR,nuscale_voygr6,w_NS_plus_20,weight,9699244b-14c0-4e27-afd1-105494fccd60,21,20,-1,6.947,6.929,-0.017999999999999794,119,False
CZ,nuscale_voygr6,w_NS_plus_20,weight,97ed917e-acfa-4002-be89-4ec44972ab45,20,21,1,6.016,6.039,0.022999999999999687,29,False
TR,nuscale_voygr6,w_NS_plus_20,weight,98019711-a8c3-424a-870e-00d4fea75ed1,100,101,1,5.859,5.839,-0.019999999999999574,119,False
RO,nuscale_voygr6,w_NS_plus_20,weight,9825e28e-fd6e-460d-9caf-0342563f9060,10,10,0,6.441,6.411,-0.03000000000000025,22,False
RS,nuscale_voygr6,w_NS_plus_20,weight,993ccce2-d5e1-498d-827d-8dbfeb42582b,3,3,0,6.634,6.635,0.0009999999999994458,7,False
HU,nuscale_voygr6,w_NS_plus_20,weight,997474f6-9bfd-4abd-a2ac-d8618db8f0b4,1,1,0,7.584,7.59,0.006000000000000227,11,False
AT,nuscale_voygr6,w_NS_plus_20,weight,99d712ac-7993-4186-8a0e-2e88bae7e90f,4,5,1,6.559,6.534,-0.025000000000000355,6,False
TR,nuscale_voygr6,w_NS_plus_20,weight,9a6447f2-2887-4cce-a115-dc773d7f6eb1,31,31,0,6.809,6.754,-0.055000000000000604,119,False
CZ,nuscale_voygr6,w_NS_plus_20,weight,9c4291f1-173b-467e-ae26-8cb01312c605,7,8,1,6.773,6.717,-0.05600000000000005,29,False
TR,nuscale_voygr6,w_NS_plus_20,weight,9eb693f6-6994-4937-bc4d-e8213baa5d47,59,62,3,6.391,6.344,-0.04699999999999971,119,False
BG,nuscale_voygr6,w_NS_plus_20,weight,a064c7ae-e699-4a94-a18c-79bdfe42bce3,3,3,0,7.091,7.067,-0.02400000000000002,8,False
PL,nuscale_voygr6,w_NS_plus_20,weight,a19228ce-f25a-4ffd-a249-9d01403e6b81,11,12,1,6.953,6.94,-0.0129999999999999,61,False
BA,nuscale_voygr6,w_NS_plus_20,weight,a23d073a-cbbd-469a-b134-380945fd3f4c,5,5,0,6.458,6.424,-0.03399999999999981,6,False
SK,nuscale_voygr6,w_NS_plus_20,weight,a2d8261c-3d08-4015-946c-47dbddbd0b98,5,5,0,5.691,5.699,0.008000000000000007,5,False
TR,nuscale_voygr6,w_NS_plus_20,weight,a4af3789-2c40-41fc-a3ec-3b8d2fc6c645,86,83,-3,6.148,6.156,0.008000000000000007,119,False
RO,nuscale_voygr6,w_NS_plus_20,weight,a4fa3246-27d6-4740-898c-bdf9dadcb88c,14,14,0,6.078,6.111,0.032999999999999474,22,False
PL,nuscale_voygr6,w_NS_plus_20,weight,a55e3643-8ed4-434b-b14f-2d549d09c0d9,10,11,1,6.984,6.978,-0.006000000000000227,61,False
TR,nuscale_voygr6,w_NS_plus_20,weight,a6478cb9-5b8c-4d64-bbe6-3d3ed6a3da2c,4,6,2,7.354,7.333,-0.020999999999999908,119,False
PL,nuscale_voygr6,w_NS_plus_20,weight,a67255dd-8134-418e-9377-e28516c53722,25,25,0,6.384,6.455,0.07099999999999973,61,False
PL,nuscale_voygr6,w_NS_plus_20,weight,a6b51b4f-ba1d-49cd-bc99-8898acdbeb78,26,26,0,6.345,6.388,0.04300000000000015,61,False
CZ,nuscale_voygr6,w_NS_plus_20,weight,a6bf9980-016e-47ea-b40a-82e384a9eb43,22,22,0,5.951,5.976,0.025000000000000355,29,False
CZ,nuscale_voygr6,w_NS_plus_20,weight,a733fc13-11a4-4722-b62d-85c85a4f8ef3,21,19,-2,6.016,6.078,0.06200000000000028,29,False
PL,nuscale_voygr6,w_NS_plus_20,weight,a7eeee6e-e14a-40ba-80b6-75ed2e170b20,33,33,0,6.103,6.145,0.041999999999999815,61,False
PL,nuscale_voygr6,w_NS_plus_20,weight,a91dfe3d-93e0-43a1-99d2-41abdd1fc2ce,53,52,-1,5.678,5.692,0.014000000000000234,61,False
TR,nuscale_voygr6,w_NS_plus_20,weight,a96dc545-41a9-4b0d-a7a3-f40ef711e5e3,41,41,0,6.668,6.628,-0.040000000000000036,119,False
BA,nuscale_voygr6,w_NS_plus_20,weight,aa0bdb5e-45aa-4d15-8aee-cb5b0e14f5d9,3,3,0,6.622,6.58,-0.041999999999999815,6,False
TR,nuscale_voygr6,w_NS_plus_20,weight,aa336cdc-f6fe-4b08-b46d-69e852c501bf,62,57,-5,6.328,6.38,0.0519999999999996,119,False
CZ,nuscale_voygr6,w_NS_plus_20,weight,aa38441d-aec7-4ae9-b4c3-68c5bf567db3,16,16,0,6.214,6.166,-0.04800000000000004,29,False
HR,nuscale_voygr6,w_NS_plus_20,weight,ab151830-e5bd-46de-8400-01aa4c165366,1,1,0,6.214,6.177,-0.03700000000000081,1,True
PL,nuscale_voygr6,w_NS_plus_20,weight,ab57f5c3-8699-46f9-970f-3007dfc58af4,23,23,0,6.503,6.49,-0.0129999999999999,61,False
TR,nuscale_voygr6,w_NS_plus_20,weight,ad0c8590-c672-43f2-a813-1217a10f7d2d,1,1,0,7.784,7.756,-0.02799999999999958,119,False
PL,nuscale_voygr6,w_NS_plus_20,weight,ad7a9c00-0c75-411f-8f89-859e603df1e6,51,50,-1,5.753,5.765,0.011999999999999567,61,False
TR,nuscale_voygr6,w_NS_plus_20,weight,adeb10a5-aaae-4e2c-b426-3db1c3d9bd5b,93,94,1,6.053,6.03,-0.022999999999999687,119,False
RO,nuscale_voygr6,w_NS_plus_20,weight,af7f107f-71b5-5a33-8125-9ccb7060f895,3,3,0,7.114,7.156,0.041999999999999815,22,False
RO,nuscale_voygr6,w_NS_plus_20,weight,aff5ffe6-fe7a-4de7-afad-9d4645a64cd9,9,9,0,6.478,6.492,0.014000000000000234,22,False
BG,nuscale_voygr6,w_NS_plus_20,weight,b01fe781-dbc7-40f8-a544-946288020042,5,4,-1,6.984,6.987,0.0030000000000001137,8,False
CZ,nuscale_voygr6,w_NS_plus_20,weight,b0ba194f-3c80-4725-b1e7-fa5277b38833,2,3,1,7.016,7.056,0.040000000000000036,29,False
PL,nuscale_voygr6,w_NS_plus_20,weight,b24c9876-5a4d-4b83-b442-af2f4b0d1047,45,45,0,5.866,5.879,0.0129999999999999,61,False
PL,nuscale_voygr6,w_NS_plus_20,weight,b24f9ac5-5ddf-4b19-ba95-76dafeca3d2c,2,2,0,7.284,7.301,0.017000000000000348,61,False
MD,nuscale_voygr6,w_NS_plus_20,weight,b3eb5dd2-98cf-40c4-b9ee-2a86fd066093,1,1,0,6.959,6.989,0.03000000000000025,1,True
TR,nuscale_voygr6,w_NS_plus_20,weight,b588126a-42d6-49dc-b227-9283af5a2578,35,33,-2,6.722,6.738,0.016000000000000014,119,False
TR,nuscale_voygr6,w_NS_plus_20,weight,b5a75ec8-a2fe-42ad-b33e-ea32e20ebdfb,45,47,2,6.622,6.589,-0.032999999999999474,119,False
TR,nuscale_voygr6,w_NS_plus_20,weight,b5ff798e-e059-4d8b-a903-00a1fefc62ab,36,34,-2,6.722,6.738,0.016000000000000014,119,False
PL,nuscale_voygr6,w_NS_plus_20,weight,b789a244-7d29-4be3-afe4-2f45d7f11eab,47,48,1,5.819,5.816,-0.0030000000000001137,61,False
TR,nuscale_voygr6,w_NS_plus_20,weight,b8875ff2-9e9d-4520-8879-c71468e9cc50,25,29,4,6.891,6.823,-0.06799999999999962,119,False
PL,nuscale_voygr6,w_NS_plus_20,weight,b8a00967-90a3-4a4e-9979-6b8651d87380,29,27,-2,6.291,6.358,0.06699999999999928,61,False
PL,nuscale_voygr6,w_NS_plus_20,weight,b8bc6544-1571-4906-95e0-314d62c78a24,15,15,0,6.853,6.868,0.015000000000000568,61,False
TR,nuscale_voygr6,w_NS_plus_20,weight,b90e80f9-66f3-4290-8aa2-518b8422aba0,112,110,-2,5.591,5.604,0.0129999999999999,119,False
TR,nuscale_voygr6,w_NS_plus_20,weight,bac4a081-83dc-4aba-8076-b67bfc55f54c,95,99,4,6.016,5.963,-0.052999999999999936,119,False
TR,nuscale_voygr6,w_NS_plus_20,weight,bb2453b0-c76d-40ea-bcc4-870391f05b2f,118,117,-1,5.2,5.256,0.05600000000000005,119,False
TR,nuscale_voygr6,w_NS_plus_20,weight,bfadbe66-971d-4f64-b222-604a7ee6ac6b,16,17,1,7.072,7.023,-0.04900000000000038,119,False
RO,nuscale_voygr6,w_NS_plus_20,weight,c3790475-3d3b-4e2b-92ae-24503fe03e6b,8,8,0,6.491,6.545,0.05400000000000027,22,False
PL,nuscale_voygr6,w_NS_plus_20,weight,c39819ef-6798-4c01-9a82-9eead65b5f56,22,22,0,6.691,6.643,-0.04800000000000004,61,False
PL,nuscale_voygr6,w_NS_plus_20,weight,c42c5942-264d-43a1-a9eb-95b00480eb1a,49,47,-2,5.816,5.829,0.0129999999999999,61,False
UA,nuscale_voygr6,w_NS_plus_20,weight,c47eb6a3-49c1-4879-95b6-9bcd53b7af04,5,5,0,6.959,6.984,0.025000000000000355,20,False
PL,nuscale_voygr6,w_NS_plus_20,weight,c4d7f628-c108-4496-ac02-6076ea3ae448,34,35,1,6.082,6.103,0.020999999999999908,61,False
TR,nuscale_voygr6,w_NS_plus_20,weight,c657c5c3-38a2-472d-8962-9e7cefcd2c1e,24,24,0,6.908,6.878,-0.03000000000000025,119,False
TR,nuscale_voygr6,w_NS_plus_20,weight,c6b846cb-3a01-4e17-9d51-da4b58fd1827,105,102,-3,5.791,5.834,0.04299999999999926,119,False
TR,nuscale_voygr6,w_NS_plus_20,weight,c7afd455-7beb-4d23-8d3b-e9a102782d2b,109,108,-1,5.706,5.726,0.019999999999999574,119,False
TR,nuscale_voygr6,w_NS_plus_20,weight,c8e1cc12-080a-4e01-925d-8fd6e4334856,96,92,-4,6.016,6.047,0.030999999999999694,119,False
RS,nuscale_voygr6,w_NS_plus_20,weight,c8f15aca-174b-4be6-a6d9-abfa4685d10d,7,6,-1,6.453,6.509,0.05600000000000005,7,False
SK,nuscale_voygr6,w_NS_plus_20,weight,c97125b3-20ed-4e21-a853-b928644ec7dd,2,2,0,6.978,6.978,0.0,5,False
TR,nuscale_voygr6,w_NS_plus_20,weight,c9c85786-eb26-4e7b-b280-83a54b7e834f,63,61,-2,6.328,6.346,0.017999999999999794,119,False
TR,nuscale_voygr6,w_NS_plus_20,weight,ca423571-d2ab-44d4-b5ce-3e649d9cc776,82,87,5,6.209,6.12,-0.08899999999999952,119,False
TR,nuscale_voygr6,w_NS_plus_20,weight,cb08e7b6-0af3-45d9-95c3-3832e7e2677c,44,39,-5,6.628,6.677,0.04899999999999949,119,False
TR,nuscale_voygr6,w_NS_plus_20,weight,cb825b0f-e315-4221-b194-43d5b472382d,90,88,-2,6.084,6.089,0.005000000000000782,119,False
CZ,nuscale_voygr6,w_NS_plus_20,weight,cbd67443-4a4e-44fd-a9ed-20ba9574c99e,27,27,0,5.701,5.706,0.005000000000000782,29,False
TR,nuscale_voygr6,w_NS_plus_20,weight,cc635340-954c-4428-9fa1-14383c7faceb,43,44,1,6.641,6.617,-0.02400000000000002,119,False
PL,nuscale_voygr6,w_NS_plus_20,weight,ccc15bde-1c5a-40bf-8f09-2fcb1e896ce5,55,56,1,5.622,5.59,-0.03200000000000003,61,False
PL,nuscale_voygr6,w_NS_plus_20,weight,cd84938d-eea8-47a1-8ea6-2e9f943e5914,14,14,0,6.884,6.917,0.032999999999999474,61,False
UA,nuscale_voygr6,w_NS_plus_20,weight,cdb6adfb-52ff-4631-939a-001080b20450,8,7,-1,6.795,6.839,0.04400000000000048,20,False
PL,nuscale_voygr6,w_NS_plus_20,weight,cdc888ad-fd51-4710-a5ab-3cd0fe9ddb48,21,21,0,6.753,6.71,-0.04300000000000015,61,False
TR,nuscale_voygr6,w_NS_plus_20,weight,ce39538c-997e-4a7d-bc32-f164f50f9aa0,75,79,4,6.253,6.205,-0.04800000000000004,119,False
UA,nuscale_voygr6,w_NS_plus_20,weight,cec871bd-c7f6-4444-b0da-9b3a9ecc6963,3,3,0,7.197,7.159,-0.038000000000000256,20,False
TR,nuscale_voygr6,w_NS_plus_20,weight,cf9150af-0325-44d8-bbaf-493e742f2e2b,54,51,-3,6.503,6.495,-0.008000000000000007,119,False
TR,nuscale_voygr6,w_NS_plus_20,weight,d020ac37-4f23-41b1-8f1e-b425b5769424,57,59,2,6.431,6.359,-0.07200000000000006,119,False
TR,nuscale_voygr6,w_NS_plus_20,weight,d12e7ffc-4cd3-4ff4-81da-ae360d59409b,71,63,-8,6.278,6.344,0.06600000000000072,119,False
TR,nuscale_voygr6,w_NS_plus_20,weight,d1863136-5ff4-4b4d-a9c0-6219e92d637d,23,22,-1,6.938,6.925,-0.0129999999999999,119,False
TR,nuscale_voygr6,w_NS_plus_20,weight,d21335d4-0a3d-4464-85e0-352745a38db4,81,76,-5,6.216,6.224,0.008000000000000007,119,False
RS,nuscale_voygr6,w_NS_plus_20,weight,d30af109-79cb-4ab5-a878-6f574b58116a,6,7,1,6.472,6.448,-0.02400000000000002,7,False
PL,nuscale_voygr6,w_NS_plus_20,weight,d3b5a049-6bff-400b-9312-96985f03acea,58,58,0,5.48,5.473,-0.007000000000000561,61,False
UA,nuscale_voygr6,w_NS_plus_20,weight,d3b9e403-7744-44c5-b5c3-999c4c1911d8,20,20,0,5.781,5.804,0.023000000000000576,20,False
TR,nuscale_voygr6,w_NS_plus_20,weight,d3f986d9-a023-4d43-a0fb-03361f310873,33,36,3,6.734,6.726,-0.008000000000000007,119,False
TR,nuscale_voygr6,w_NS_plus_20,weight,d48d2f39-d58f-4299-9b2f-56d194d2d13b,73,68,-5,6.266,6.291,0.025000000000000355,119,False
RO,nuscale_voygr6,w_NS_plus_20,weight,d498ded8-449c-4672-8bb9-0ed6c8fef775,16,16,0,5.991,6.006,0.015000000000000568,22,False
TR,nuscale_voygr6,w_NS_plus_20,weight,d5151598-5a1a-4697-8147-592845ffef6c,72,69,-3,6.278,6.289,0.01100000000000012,119,False
PL,nuscale_voygr6,w_NS_plus_20,weight,d60b377c-9bb4-4fd5-adb7-a9a9ba98ae76,37,36,-1,6.003,6.068,0.0649999999999995,61,False
TR,nuscale_voygr6,w_NS_plus_20,weight,d6cb5642-d5ec-4a15-bc6b-8be4cb0a382e,17,16,-1,7.059,7.032,-0.027000000000000135,119,False
CZ,nuscale_voygr6,w_NS_plus_20,weight,d762ceeb-514f-43a6-9f91-a2d422ed6c60,3,2,-1,7.009,7.066,0.056999999999999496,29,False
RO,nuscale_voygr6,w_NS_plus_20,weight,dac2a974-a2de-46c5-b581-03985a9ae7d0,17,18,1,5.978,5.992,0.014000000000000234,22,False
PL,nuscale_voygr6,w_NS_plus_20,weight,dadadad9-b67e-44b8-a9ab-4cbf116da20b,7,6,-1,7.153,7.194,0.04100000000000037,61,False
TR,nuscale_voygr6,w_NS_plus_20,weight,db87ce6a-3802-44c5-945f-8a95d3cf111b,84,82,-2,6.166,6.176,0.009999999999999787,119,False
PL,nuscale_voygr6,w_NS_plus_20,weight,dc87cdf1-9936-4a59-a5e9-b5e360173490,41,42,1,5.928,5.958,0.03000000000000025,61,False
TR,nuscale_voygr6,w_NS_plus_20,weight,dd413ee8-a6f2-4e7c-8e6c-6d0ed8637d83,26,27,1,6.88,6.863,-0.01699999999999946,119,False
TR,nuscale_voygr6,w_NS_plus_20,weight,ddc8bb9c-bf77-4075-b38c-600fb072acf8,8,9,1,7.263,7.176,-0.08699999999999974,119,False
PL,nuscale_voygr6,w_NS_plus_20,weight,de6735bd-7a79-43c8-baad-1fe23d50d6f0,24,24,0,6.441,6.456,0.015000000000000568,61,False
TR,nuscale_voygr6,w_NS_plus_20,weight,e03c394f-1c08-4101-b1fe-f6662fe4b424,9,8,-1,7.26,7.199,-0.06099999999999994,119,False
RO,nuscale_voygr6,w_NS_plus_20,weight,e073b3f8-4312-4d34-b322-6289a3121af1,13,13,0,6.174,6.192,0.017999999999999794,22,False
TR,nuscale_voygr6,w_NS_plus_20,weight,e10aae79-05b7-4ad9-9d69-60ce190b4444,64,58,-6,6.328,6.38,0.0519999999999996,119,False
HU,nuscale_voygr6,w_NS_plus_20,weight,e1649639-2e45-4226-9c7a-783d2dcb6724,10,10,0,5.411,5.348,-0.06299999999999972,11,False
CZ,nuscale_voygr6,w_NS_plus_20,weight,e299922a-1670-4aff-acda-fd80600af9af,8,7,-1,6.716,6.722,0.006000000000000227,29,False
PL,nuscale_voygr6,w_NS_plus_20,weight,e2c23866-db1e-4316-82b5-7e3fe50c3c09,35,34,-1,6.053,6.111,0.05799999999999983,61,False
RO,nuscale_voygr6,w_NS_plus_20,weight,e43af28e-a3d3-4047-a9cf-f3b0990754b4,15,15,0,6.041,6.054,0.0129999999999999,22,False
UA,nuscale_voygr6,w_NS_plus_20,weight,e4c6a713-99e6-4fdf-afaa-d456779c504c,17,17,0,6.126,6.123,-0.0030000000000001137,20,False
PL,nuscale_voygr6,w_NS_plus_20,weight,e4e3b5f0-7038-47a5-84e3-04eb07b3c4d7,3,4,1,7.227,7.208,-0.019000000000000128,61,False
TR,nuscale_voygr6,w_NS_plus_20,weight,e71ec827-7143-48dd-8c8a-8e81705fa971,65,65,0,6.322,6.304,-0.017999999999999794,119,False
BA,nuscale_voygr6,w_NS_plus_20,weight,e75c63e5-ef2f-4e08-8f8c-3da41215af9d,2,2,0,6.747,6.714,-0.032999999999999474,6,False
ME,nuscale_voygr6,w_NS_plus_20,weight,e77a7e7f-11ba-4e61-98da-f44471bc52ab,2,2,0,6.023,6.0,-0.022999999999999687,2,True
TR,nuscale_voygr6,w_NS_plus_20,weight,e780e4ac-0506-4186-9b58-0f378f878345,13,12,-1,7.116,7.101,-0.01499999999999968,119,False
TR,nuscale_voygr6,w_NS_plus_20,weight,e894ba3e-e397-47c9-b0b9-a72cfb6bd680,99,95,-4,5.928,5.992,0.06400000000000006,119,False
TR,nuscale_voygr6,w_NS_plus_20,weight,e8b6e342-2011-4343-b415-a8bf08501499,103,105,2,5.834,5.806,-0.02799999999999958,119,False
PL,nuscale_voygr6,w_NS_plus_20,weight,e9a1ae49-ff79-462c-af4e-7c6843221d36,61,59,-2,5.328,5.417,0.08899999999999952,61,False
TR,nuscale_voygr6,w_NS_plus_20,weight,e9bc02be-cf10-4b27-9b8a-0d4a954720e4,32,35,3,6.74,6.733,-0.007000000000000561,119,False
PL,nuscale_voygr6,w_NS_plus_20,weight,ebc0f461-acfa-47da-8094-5b15ea3e25a0,17,16,-1,6.822,6.855,0.03300000000000036,61,False
BG,nuscale_voygr6,w_NS_plus_20,weight,ec5f337a-ca52-4b86-a0f4-4933eac349e3,1,1,0,7.709,7.741,0.03200000000000003,8,False
PL,nuscale_voygr6,w_NS_plus_20,weight,ee332928-87b2-4e7b-9203-20e402bc551f,16,17,1,6.853,6.84,-0.0129999999999999,61,False
PL,nuscale_voygr6,w_NS_plus_20,weight,ef2ee2ae-e73e-490c-aa07-746543fe20e6,43,44,1,5.916,5.91,-0.006000000000000227,61,False
HU,nuscale_voygr6,w_NS_plus_20,weight,ef325d90-6d2d-4f8f-89f2-3bc98beb149b,8,8,0,5.73,5.677,-0.053000000000000824,11,False
CZ,nuscale_voygr6,w_NS_plus_20,weight,f1d2bca1-a7a9-4404-84c1-34fc8a59dab7,26,26,0,5.703,5.716,0.0129999999999999,29,False
HU,nuscale_voygr6,w_NS_plus_20,weight,f2b3a729-602a-4b6b-acc9-004244f2e556,9,9,0,5.418,5.413,-0.004999999999999893,11,False
UA,nuscale_voygr6,w_NS_plus_20,weight,f2c061de-66ad-4fce-b911-7f1899f25b75,12,12,0,6.417,6.437,0.020000000000000462,20,False
TR,nuscale_voygr6,w_NS_plus_20,weight,f2e65fcf-afc4-4443-ac14-f15c8ffe48f3,11,11,0,7.154,7.127,-0.027000000000000135,119,False
CZ,nuscale_voygr6,w_NS_plus_20,weight,f3523341-daaa-4573-a856-becb2e1bb9e3,6,5,-1,6.916,6.952,0.03599999999999959,29,False
PL,nuscale_voygr6,w_NS_plus_20,weight,f5be4e73-938d-4fe2-b585-5090ec780670,42,40,-2,5.922,5.974,0.05200000000000049,61,False
HU,nuscale_voygr6,w_NS_plus_20,weight,f7dcdb63-26e6-44cd-b440-ec14fe507d90,2,2,0,6.941,6.964,0.023000000000000576,11,False
PL,nuscale_voygr6,w_NS_plus_20,weight,f8f9f43d-6a3b-445d-818e-ca82a90ace65,56,55,-1,5.603,5.63,0.027000000000000135,61,False
TR,nuscale_voygr6,w_NS_plus_20,weight,f92bc907-9b9b-4d21-92fd-1705bd71128c,69,64,-5,6.291,6.31,0.01899999999999924,119,False
TR,nuscale_voygr6,w_NS_plus_20,weight,fa6b7ac3-c1bf-478f-8d0a-1f357ea480cf,111,111,0,5.594,5.575,-0.019000000000000128,119,False
BY,nuscale_voygr6,w_NS_plus_20,weight,fac3d0b5-36a5-48ae-8494-f2f08e4342f4,1,1,0,7.378,7.366,-0.012000000000000455,2,True
UA,nuscale_voygr6,w_NS_plus_20,weight,fb7d4d9a-3f27-4b50-9941-6a8fccd25e9a,16,16,0,6.153,6.126,-0.026999999999999247,20,False
TR,nuscale_voygr6,w_NS_plus_20,weight,fc307877-758b-4dbf-afbe-abfc4a778155,20,23,3,6.957,6.897,-0.05999999999999961,119,False
TR,nuscale_voygr6,w_NS_plus_20,weight,fecb62d9-6fb8-4f8d-83e3-78a7c75adb6e,40,43,3,6.672,6.618,-0.05399999999999938,119,False
TR,nuscale_voygr6,w_RI_minus_20,weight,0049a899-af5f-41cd-86ae-2ba729b6365f,67,78,11,6.299,6.281,-0.018000000000000682,119,False
RS,nuscale_voygr6,w_RI_minus_20,weight,0182ec25-0df9-4e4b-9861-d76a332bc282,4,4,0,6.559,6.631,0.07200000000000006,7,False
UA,nuscale_voygr6,w_RI_minus_20,weight,02253fcc-4fc6-42d4-a6a8-42365487302f,13,13,0,6.318,6.407,0.08900000000000041,20,False
TR,nuscale_voygr6,w_RI_minus_20,weight,0248611c-b745-404f-ad50-c2870882c7a1,15,15,0,7.072,7.017,-0.054999999999999716,119,False
UA,nuscale_voygr6,w_RI_minus_20,weight,038d42e9-769b-4b22-9513-dccff48b42cd,18,18,0,6.02,6.111,0.09100000000000019,20,False
HU,nuscale_voygr6,w_RI_minus_20,weight,059b3ad4-7196-4e6b-b169-8605ceeed841,3,3,0,6.872,6.938,0.06599999999999984,11,False
CZ,nuscale_voygr6,w_RI_minus_20,weight,05daa6b2-bb29-4c26-a459-855626673955,12,12,0,6.464,6.482,0.017999999999999794,29,False
PL,nuscale_voygr6,w_RI_minus_20,weight,06641fea-8997-4b69-a618-6afa34b82591,46,45,-1,5.859,5.971,0.1120000000000001,61,False
SK,nuscale_voygr6,w_RI_minus_20,weight,06defca3-9105-437f-afd4-52f5603d9b8e,4,4,0,6.303,6.322,0.019000000000000128,5,False
TR,nuscale_voygr6,w_RI_minus_20,weight,0947a4c8-4fc1-492f-9c66-2c9a993c7fb0,78,79,1,6.216,6.28,0.06400000000000006,119,False
CZ,nuscale_voygr6,w_RI_minus_20,weight,0ae8917b-a70b-41e5-82de-e4963a7686e3,19,20,1,6.089,6.079,-0.010000000000000675,29,False
PL,nuscale_voygr6,w_RI_minus_20,weight,0b187a1d-55de-47cf-96a3-06abc8ff2476,13,14,1,6.884,6.891,0.006999999999999673,61,False
TR,nuscale_voygr6,w_RI_minus_20,weight,0ca4ff78-4113-4ad9-ac04-0fd541d42338,101,105,4,5.845,5.85,0.004999999999999893,119,False
TR,nuscale_voygr6,w_RI_minus_20,weight,0fec985c-c66e-40af-a123-a9ba4db269bb,39,39,0,6.681,6.677,-0.004000000000000448,119,False
TR,nuscale_voygr6,w_RI_minus_20,weight,1289753b-43db-4058-8fe1-6e38b5fb01b5,38,38,0,6.719,6.685,-0.034000000000000696,119,False
TR,nuscale_voygr6,w_RI_minus_20,weight,142cad75-648a-495d-8c10-792351e72126,2,2,0,7.459,7.458,-0.0009999999999994458,119,False
CZ,nuscale_voygr6,w_RI_minus_20,weight,14e88076-ce0e-4693-bca4-e80f3f013c7f,14,14,0,6.345,6.331,-0.013999999999999346,29,False
TR,nuscale_voygr6,w_RI_minus_20,weight,161660e7-3ccf-4704-b452-b126599700a0,114,114,0,5.444,5.561,0.11699999999999999,119,False
TR,nuscale_voygr6,w_RI_minus_20,weight,1624a526-07d8-44a4-8ed7-3b035b748f03,116,116,0,5.369,5.444,0.07500000000000018,119,False
TR,nuscale_voygr6,w_RI_minus_20,weight,166f5fcc-1cc4-4cf5-9e52-59e7ce1557c6,30,36,6,6.809,6.738,-0.07099999999999973,119,False
SK,nuscale_voygr6,w_RI_minus_20,weight,1719d38b-61e8-4b01-844b-3a2f85c8a186,3,3,0,6.741,6.755,0.014000000000000234,5,False
MK,nuscale_voygr6,w_RI_minus_20,weight,1739b1b7-a6f3-466c-9dfa-3d1de9d5b6db,1,1,0,6.812,6.827,0.01499999999999968,3,False
TR,nuscale_voygr6,w_RI_minus_20,weight,17568f0f-91fd-4efe-b4df-2c7cc5d80b7d,117,118,1,5.237,5.249,0.011999999999999567,119,False
CZ,nuscale_voygr6,w_RI_minus_20,weight,180880c2-7284-4723-b02a-a62348b9b40b,9,10,1,6.672,6.657,-0.01499999999999968,29,False
TR,nuscale_voygr6,w_RI_minus_20,weight,1820429d-bd95-4e56-a6db-d9bb57e2ae07,56,56,0,6.451,6.446,-0.004999999999999893,119,False
PL,nuscale_voygr6,w_RI_minus_20,weight,187b4fd7-6a61-4e94-8ed4-495ac6dfc317,30,30,0,6.266,6.374,0.10799999999999965,61,False
RO,nuscale_voygr6,w_RI_minus_20,weight,18ecb024-ee4f-4045-8254-5e95d61dea8c,12,13,1,6.197,6.222,0.025000000000000355,22,False
LV,nuscale_voygr6,w_RI_minus_20,weight,1a5b8f8f-f4be-4514-8738-755d25e19b41,1,1,0,6.603,6.586,-0.01699999999999946,1,True
CZ,nuscale_voygr6,w_RI_minus_20,weight,1c059a42-608c-4753-8fcf-ba797d94f900,24,24,0,5.809,5.946,0.13699999999999957,29,False
TR,nuscale_voygr6,w_RI_minus_20,weight,1ce7624e-1d72-4293-8ff4-09096b56ddd2,115,115,0,5.394,5.483,0.08899999999999952,119,False
PL,nuscale_voygr6,w_RI_minus_20,weight,1d19dce6-c458-4656-901d-6a8d3c548761,12,10,-2,6.934,7.025,0.09100000000000019,61,False
RO,nuscale_voygr6,w_RI_minus_20,weight,1d8be6d0-f3a5-4b32-9d46-3526289731f8,22,22,0,5.391,5.446,0.054999999999999716,22,False
TR,nuscale_voygr6,w_RI_minus_20,weight,1f305180-6bbf-4758-9a98-78bc9e96e195,97,95,-2,5.971,6.077,0.10599999999999987,119,False
PL,nuscale_voygr6,w_RI_minus_20,weight,202d797d-b0f9-4cd0-bbac-d7bb06805c09,39,39,0,5.969,6.066,0.09699999999999953,61,False
CZ,nuscale_voygr6,w_RI_minus_20,weight,20bce4f5-ca0b-4145-87e5-0a0694343f31,17,18,1,6.201,6.167,-0.03399999999999981,29,False
CZ,nuscale_voygr6,w_RI_minus_20,weight,20c9d02d-e9e8-40b3-a11e-7a2e01018d8c,13,13,0,6.438,6.476,0.038000000000000256,29,False
TR,nuscale_voygr6,w_RI_minus_20,weight,21ccc44f-3244-4e7f-9654-eae424288200,83,87,4,6.201,6.178,-0.022999999999999687,119,False
TR,nuscale_voygr6,w_RI_minus_20,weight,225656d9-8709-4c2f-9992-1e4f20a6fce8,28,26,-2,6.862,6.878,0.016000000000000014,119,False
TR,nuscale_voygr6,w_RI_minus_20,weight,231565d3-4f56-43ee-a357-1f4451c6fbc3,49,49,0,6.562,6.61,0.04800000000000004,119,False
TR,nuscale_voygr6,w_RI_minus_20,weight,2350bab4-9869-43f1-b62f-a4d5aea77ef5,66,75,9,6.306,6.288,-0.017999999999999794,119,False
PL,nuscale_voygr6,w_RI_minus_20,weight,239ea0eb-a9c4-43cc-ac5f-35271bdc6613,5,5,0,7.191,7.203,0.012000000000000455,61,False
CZ,nuscale_voygr6,w_RI_minus_20,weight,274ec928-e527-44cf-86c5-b6eddc09d0f7,18,16,-2,6.153,6.236,0.08300000000000018,29,False
PL,nuscale_voygr6,w_RI_minus_20,weight,27fc89b3-ee57-44ac-8073-a700bc8d12e8,54,54,0,5.653,5.739,0.0860000000000003,61,False
CZ,nuscale_voygr6,w_RI_minus_20,weight,287cbb48-bb08-40dd-82c5-cfe1530dfbb9,1,1,0,7.095,7.11,0.015000000000000568,29,False
TR,nuscale_voygr6,w_RI_minus_20,weight,28980273-0ba6-4c8c-b080-7ff9b33cc4c9,88,89,1,6.122,6.137,0.01499999999999968,119,False
HU,nuscale_voygr6,w_RI_minus_20,weight,28b36531-865d-42ae-afb3-b8bad86f7014,6,6,0,6.23,6.19,-0.040000000000000036,11,False
PL,nuscale_voygr6,w_RI_minus_20,weight,29479c3f-8db8-4f62-90e8-59ad6739f90b,36,36,0,6.03,6.135,0.10499999999999954,61,False
RS,nuscale_voygr6,w_RI_minus_20,weight,296282b1-d079-4c1e-b2df-12c25128b963,1,2,1,6.753,6.721,-0.03200000000000003,7,False
PL,nuscale_voygr6,w_RI_minus_20,weight,2981a12d-3444-4301-96ba-a63ef50bec3e,1,1,0,7.684,7.686,0.0019999999999997797,61,False
RO,nuscale_voygr6,w_RI_minus_20,weight,29836b52-a882-4921-95a7-6417e636d9a2,5,5,0,6.784,6.844,0.0600000000000005,22,False
PL,nuscale_voygr6,w_RI_minus_20,weight,29a58981-aaf7-4450-ad41-49dd6d786168,52,53,1,5.678,5.765,0.08699999999999974,61,False
UA,nuscale_voygr6,w_RI_minus_20,weight,29b3a802-7ef1-4722-ad59-b1511b1b0075,1,1,0,7.455,7.448,-0.006999999999999673,20,False
TR,nuscale_voygr6,w_RI_minus_20,weight,2a3aad60-2bff-4206-8275-f6e2029f9278,12,12,0,7.121,7.139,0.017999999999999794,119,False
RS,nuscale_voygr6,w_RI_minus_20,weight,2b03f2e2-64ac-4262-bbff-7a536bda5722,2,1,-1,6.716,6.734,0.017999999999999794,7,False
TR,nuscale_voygr6,w_RI_minus_20,weight,2b6a65d3-efb0-44d8-b88b-9aad311f4ac4,14,13,-1,7.107,7.127,0.019999999999999574,119,False
PL,nuscale_voygr6,w_RI_minus_20,weight,2da9dab9-7b4e-46e7-b1c8-70eeb329c177,44,44,0,5.891,5.985,0.0940000000000003,61,False
AT,nuscale_voygr6,w_RI_minus_20,weight,2dcd2c6d-f375-4408-9492-7910662fac03,2,2,0,7.016,7.006,-0.009999999999999787,6,False
TR,nuscale_voygr6,w_RI_minus_20,weight,2ec95392-978d-4a43-85b9-af3282c212ba,7,6,-1,7.276,7.351,0.07500000000000018,119,False
TR,nuscale_voygr6,w_RI_minus_20,weight,2ed9363f-a9fe-46e5-8b92-c50b47a9077a,68,64,-4,6.299,6.357,0.05799999999999983,119,False
BG,nuscale_voygr6,w_RI_minus_20,weight,2fb27566-cc7b-4530-8ff9-e55e3a1985bd,6,6,0,6.578,6.586,0.008000000000000007,8,False
CZ,nuscale_voygr6,w_RI_minus_20,weight,2fe0a0b3-4108-427e-8e54-f77e1ea7227c,5,6,1,6.916,6.91,-0.006000000000000227,29,False
BG,nuscale_voygr6,w_RI_minus_20,weight,30c9e377-b575-46fa-880f-922c46e6500a,2,2,0,7.428,7.42,-0.008000000000000007,8,False
CZ,nuscale_voygr6,w_RI_minus_20,weight,32484f7b-18a4-4b21-8e6a-6d68ae099d02,4,4,0,6.931,6.967,0.03599999999999959,29,False
BG,nuscale_voygr6,w_RI_minus_20,weight,33a015dd-51e0-497e-b0d3-4b1b3f070438,8,8,0,5.875,5.956,0.0810000000000004,8,False
BA,nuscale_voygr6,w_RI_minus_20,weight,344e0e9a-558e-4749-bb66-cd746be50cbd,4,4,0,6.572,6.554,-0.017999999999999794,6,False
RO,nuscale_voygr6,w_RI_minus_20,weight,345fb795-170a-4fb5-833c-f6bcf2eb450c,1,1,0,7.816,7.801,-0.01499999999999968,22,False
HU,nuscale_voygr6,w_RI_minus_20,weight,34d88ce8-d49c-4b19-af2d-6efcb1b72149,11,11,0,5.405,5.415,0.009999999999999787,11,False
UA,nuscale_voygr6,w_RI_minus_20,weight,3657989a-61ae-4fe3-9e8b-6ba7e68f8c59,10,11,1,6.616,6.598,-0.017999999999999794,20,False
ME,nuscale_voygr6,w_RI_minus_20,weight,3795824b-cb76-48dd-a65c-764c757ddc76,1,1,0,6.023,6.01,-0.0129999999999999,2,True
TR,nuscale_voygr6,w_RI_minus_20,weight,381221dd-76da-4adf-9b19-5da9f0779c22,42,45,3,6.653,6.656,0.0030000000000001137,119,False
TR,nuscale_voygr6,w_RI_minus_20,weight,3819acc8-761d-49ba-89e7-967d3d37ec0e,61,70,9,6.344,6.335,-0.009000000000000341,119,False
PL,nuscale_voygr6,w_RI_minus_20,weight,399668d6-bfed-4e5b-bf38-9ee5902101c3,57,57,0,5.5,5.585,0.08499999999999996,61,False
TR,nuscale_voygr6,w_RI_minus_20,weight,3a06636d-c742-4b72-b9cd-21a4537c331b,106,108,2,5.756,5.799,0.04300000000000015,119,False
BG,nuscale_voygr6,w_RI_minus_20,weight,3bb6666f-de2f-4c6f-a28e-c3bddb71b54a,4,4,0,7.009,6.994,-0.015000000000000568,8,False
TR,nuscale_voygr6,w_RI_minus_20,weight,3bc834ed-5c2b-47d6-b555-2e20b9044053,55,55,0,6.47,6.502,0.03200000000000003,119,False
UA,nuscale_voygr6,w_RI_minus_20,weight,3bd2a957-ff3b-4bfd-9dba-808279edccb9,14,17,3,6.192,6.158,-0.03399999999999981,20,False
RO,nuscale_voygr6,w_RI_minus_20,weight,3bef37a3-239e-498d-a160-77452a6a9b79,20,20,0,5.463,5.574,0.11099999999999977,22,False
PL,nuscale_voygr6,w_RI_minus_20,weight,3d2d4c37-eb9d-4b35-a8b1-b3f485bc3e3f,28,27,-1,6.291,6.4,0.10899999999999999,61,False
TR,nuscale_voygr6,w_RI_minus_20,weight,3e5f4317-6f40-44fb-bfa2-e21dc4d9922d,76,74,-2,6.234,6.302,0.06799999999999962,119,False
TR,nuscale_voygr6,w_RI_minus_20,weight,3f1ad930-cffb-4991-badd-773db74b890c,48,46,-2,6.572,6.652,0.08000000000000007,119,False
PL,nuscale_voygr6,w_RI_minus_20,weight,40650551-0c9c-45ea-bac6-befdb0cb5909,40,40,0,5.941,6.05,0.10899999999999999,61,False
PL,nuscale_voygr6,w_RI_minus_20,weight,409dde58-5df1-44d9-b5ec-f8e2edd86786,38,37,-1,5.978,6.102,0.12400000000000055,61,False
PL,nuscale_voygr6,w_RI_minus_20,weight,40b4334a-7ba4-4ed8-aa8e-3c405599fbd7,31,31,0,6.141,6.27,0.12899999999999956,61,False
PL,nuscale_voygr6,w_RI_minus_20,weight,416aab55-6fd9-4a0a-b8f8-796fb62d86a5,32,33,1,6.116,6.205,0.08900000000000041,61,False
TR,nuscale_voygr6,w_RI_minus_20,weight,42d5b3fd-7d07-409b-9154-4441695b7901,74,65,-9,6.253,6.353,0.09999999999999964,119,False
CZ,nuscale_voygr6,w_RI_minus_20,weight,43e5b2b4-2ccf-46ab-b01e-e3d480146455,29,29,0,5.378,5.454,0.07599999999999962,29,False
TR,nuscale_voygr6,w_RI_minus_20,weight,43f99d45-6635-4392-a522-4a06445fdaf2,6,7,1,7.328,7.33,0.0019999999999997797,119,False
PL,nuscale_voygr6,w_RI_minus_20,weight,4411a22e-4e8a-4715-b000-1aae34494b68,19,18,-1,6.797,6.8,0.0030000000000001137,61,False
TR,nuscale_voygr6,w_RI_minus_20,weight,44362378-9c74-44af-8a08-be4877f50e97,108,106,-2,5.741,5.843,0.10200000000000031,119,False
TR,nuscale_voygr6,w_RI_minus_20,weight,44698c12-3c50-4602-8104-dafa5fd215b6,98,99,1,5.966,6.024,0.05799999999999983,119,False
UA,nuscale_voygr6,w_RI_minus_20,weight,447a9ea1-47fa-48a3-93f2-a77cbd629ac7,6,6,0,6.887,6.9,0.013000000000000789,20,False
CZ,nuscale_voygr6,w_RI_minus_20,weight,44d40276-5847-41d1-ab9b-887bbdc1bcfe,25,25,0,5.74,5.834,0.09399999999999942,29,False
UA,nuscale_voygr6,w_RI_minus_20,weight,46b96bc3-b190-4045-9c86-eb674e2ea35e,7,8,1,6.797,6.806,0.009000000000000341,20,False
PL,nuscale_voygr6,w_RI_minus_20,weight,47be3ec4-7abe-4f4c-ac3d-b7f753b8514a,50,51,1,5.753,5.791,0.038000000000000256,61,False
TR,nuscale_voygr6,w_RI_minus_20,weight,48149515-0774-404d-b273-790b660a8d90,37,37,0,6.72,6.704,-0.016000000000000014,119,False
TR,nuscale_voygr6,w_RI_minus_20,weight,4b11cac9-4fe0-4a2a-9c09-4fe9a0ac6015,34,31,-3,6.722,6.808,0.08599999999999941,119,False
UA,nuscale_voygr6,w_RI_minus_20,weight,4e45df00-0d28-44d0-9697-3fa33d76fc88,9,9,0,6.788,6.755,-0.03300000000000036,20,False
CZ,nuscale_voygr6,w_RI_minus_20,weight,4eb7914c-e000-403c-b5a5-c350de67bb83,23,23,0,5.911,5.998,0.08700000000000063,29,False
TR,nuscale_voygr6,w_RI_minus_20,weight,5067ece3-b204-495e-81c1-90a523252547,113,113,0,5.464,5.573,0.10899999999999999,119,False
TR,nuscale_voygr6,w_RI_minus_20,weight,52028d4f-7796-4463-832e-cff2e439c96a,52,54,2,6.523,6.521,-0.0019999999999997797,119,False
RO,nuscale_voygr6,w_RI_minus_20,weight,52a7babe-313f-493b-86b9-bd0c4aece4c3,4,4,0,7.016,7.024,0.008000000000000007,22,False
PL,nuscale_voygr6,w_RI_minus_20,weight,52db4dae-b014-45a4-96c4-49f80c1fdd11,6,6,0,7.184,7.194,0.009999999999999787,61,False
AT,nuscale_voygr6,w_RI_minus_20,weight,532bfb42-0d4c-42cf-a81a-287f2b3a75bf,3,3,0,6.616,6.703,0.08700000000000063,6,False
TR,nuscale_voygr6,w_RI_minus_20,weight,53481b7f-5b85-4bab-be04-4866c2e72c12,104,107,3,5.812,5.806,-0.006000000000000227,119,False
PL,nuscale_voygr6,w_RI_minus_20,weight,558e7bff-5b5d-4666-9ca3-ec02f2269aab,8,9,1,7.134,7.142,0.008000000000000007,61,False
TR,nuscale_voygr6,w_RI_minus_20,weight,55cfe45b-6357-40f9-8623-e9916f91f839,27,25,-2,6.872,6.902,0.03000000000000025,119,False
TR,nuscale_voygr6,w_RI_minus_20,weight,56b8e2a3-1885-431f-9fd1-4cd3bebfad61,46,43,-3,6.584,6.665,0.0810000000000004,119,False
TR,nuscale_voygr6,w_RI_minus_20,weight,57c0c830-725f-46ee-9322-0a4a3ad9efda,22,19,-3,6.938,6.993,0.055000000000000604,119,False
TR,nuscale_voygr6,w_RI_minus_20,weight,5a19f424-1a15-44e6-bf1b-c2c5886ac1bf,53,51,-2,6.509,6.572,0.06299999999999972,119,False
RO,nuscale_voygr6,w_RI_minus_20,weight,5a33e5f0-6d86-4eab-adea-6c6bad7f3f45,19,19,0,5.903,5.998,0.09500000000000064,22,False
PL,nuscale_voygr6,w_RI_minus_20,weight,5a57ae0a-6f91-46f4-a1f5-56a6b37596e9,59,61,2,5.341,5.415,0.07399999999999984,61,False
TR,nuscale_voygr6,w_RI_minus_20,weight,5b6be56c-d981-470c-a979-13a8764a34b8,50,53,3,6.556,6.555,-0.001000000000000334,119,False
RS,nuscale_voygr6,w_RI_minus_20,weight,5d4aee8d-9e73-4987-907a-d092e0ba92ed,5,7,2,6.503,6.54,0.03699999999999992,7,False
HU,nuscale_voygr6,w_RI_minus_20,weight,5de5f907-98e7-42d3-a7dd-cb65f839697b,4,4,0,6.778,6.773,-0.004999999999999893,11,False
UA,nuscale_voygr6,w_RI_minus_20,weight,5ed0a674-a292-44bc-997f-5c1990da1235,2,2,0,7.372,7.362,-0.009999999999999787,20,False
TR,nuscale_voygr6,w_RI_minus_20,weight,5ed91c1b-0a1b-4a4c-9b2b-f6bdc8ff9770,91,92,1,6.082,6.105,0.023000000000000576,119,False
CZ,nuscale_voygr6,w_RI_minus_20,weight,5f4ed23c-cea2-41ef-a3e8-ac863e1bdcd6,15,15,0,6.339,6.303,-0.036000000000000476,29,False
TR,nuscale_voygr6,w_RI_minus_20,weight,5fa0dfa9-c272-444e-8e70-80ab55b5d36c,19,22,3,7.009,6.966,-0.04300000000000015,119,False
CZ,nuscale_voygr6,w_RI_minus_20,weight,60baaa73-dd8c-4865-bb18-6c73d63a4052,10,9,-1,6.648,6.667,0.019000000000000128,29,False
CZ,nuscale_voygr6,w_RI_minus_20,weight,63601ccc-3f20-4cbd-95cb-0fbeaf821c6a,11,11,0,6.51,6.524,0.014000000000000234,29,False
HU,nuscale_voygr6,w_RI_minus_20,weight,651839d3-4e8f-4214-89aa-1f96ea221121,7,7,0,5.967,5.925,-0.041999999999999815,11,False
AT,nuscale_voygr6,w_RI_minus_20,weight,660d9d71-6733-4294-951b-1c58614d58cf,1,1,0,7.159,7.155,-0.0039999999999995595,6,False
PL,nuscale_voygr6,w_RI_minus_20,weight,66bdc30c-4179-480b-a55a-5d15be5ac66b,20,19,-1,6.775,6.798,0.022999999999999687,61,False
CZ,nuscale_voygr6,w_RI_minus_20,weight,66c3f077-1ee6-41d7-8e6c-da374bb45139,28,28,0,5.622,5.711,0.08900000000000041,29,False
TR,nuscale_voygr6,w_RI_minus_20,weight,674deb4f-110c-4120-bea0-5f0711da3ea1,5,4,-1,7.347,7.375,0.02799999999999958,119,False
BY,nuscale_voygr6,w_RI_minus_20,weight,68aabff9-e662-4b9f-b37d-4c2ebc5f7539,2,2,0,6.991,6.967,-0.02400000000000002,2,True
RO,nuscale_voygr6,w_RI_minus_20,weight,693d9b73-f9fc-4502-9b94-be020c5d21fb,7,7,0,6.653,6.659,0.006000000000000227,22,False
RO,nuscale_voygr6,w_RI_minus_20,weight,6aed2eac-1c97-40c5-b842-fb15fd510f35,11,11,0,6.266,6.335,0.06899999999999995,22,False
RO,nuscale_voygr6,w_RI_minus_20,weight,6c428b2a-ad09-448b-b24c-22465929d69c,21,21,0,5.428,5.519,0.09100000000000019,22,False
TR,nuscale_voygr6,w_RI_minus_20,weight,6c9571c4-5d3b-4f88-a7be-fa8c21425eeb,3,5,2,7.38,7.362,-0.017999999999999794,119,False
TR,nuscale_voygr6,w_RI_minus_20,weight,6ddc2960-3d72-4d5f-b358-56d1c54f47e0,70,66,-4,6.278,6.348,0.07000000000000028,119,False
AT,nuscale_voygr6,w_RI_minus_20,weight,6e7fc4d8-636d-411a-baef-e138a5a07acc,5,4,-1,6.544,6.654,0.11000000000000032,6,False
BG,nuscale_voygr6,w_RI_minus_20,weight,704ef487-f600-4f23-b06e-a0f81b627597,7,7,0,5.878,5.985,0.1070000000000002,8,False
UA,nuscale_voygr6,w_RI_minus_20,weight,70781f2c-24c2-486c-8b32-310c36ba1238,15,14,-1,6.185,6.234,0.04900000000000038,20,False
UA,nuscale_voygr6,w_RI_minus_20,weight,725406d6-860f-4ca0-9c6a-425675bac381,11,10,-1,6.543,6.655,0.1120000000000001,20,False
TR,nuscale_voygr6,w_RI_minus_20,weight,737b6d06-1d0c-4ae6-9683-ab3fea192b32,60,68,8,6.355,6.339,-0.016000000000000014,119,False
PL,nuscale_voygr6,w_RI_minus_20,weight,73fe8f06-c53b-4877-9c1d-5caf3d8f2749,60,60,0,5.332,5.424,0.09200000000000053,61,False
TR,nuscale_voygr6,w_RI_minus_20,weight,746fc66e-d31f-4c5d-bf5c-ab5031b04b15,89,93,4,6.122,6.105,-0.01699999999999946,119,False
MK,nuscale_voygr6,w_RI_minus_20,weight,756218bb-3f16-443e-b6c6-400cd0ce2f87,3,3,0,6.181,6.193,0.011999999999999567,3,False
TR,nuscale_voygr6,w_RI_minus_20,weight,75f807aa-8278-43a3-8654-730713b96001,58,60,2,6.421,6.393,-0.02800000000000047,119,False
TR,nuscale_voygr6,w_RI_minus_20,weight,76cd9b7f-7613-4fd4-95ab-bf534a2e2f5e,85,85,0,6.153,6.216,0.06300000000000061,119,False
SK,nuscale_voygr6,w_RI_minus_20,weight,770f1d3c-e5fd-493c-a376-e708d2abec6c,1,1,0,7.022,7.012,-0.010000000000000675,5,False
TR,nuscale_voygr6,w_RI_minus_20,weight,772e2484-419b-47de-9739-924ac371ad10,51,50,-1,6.534,6.598,0.06400000000000006,119,False
TR,nuscale_voygr6,w_RI_minus_20,weight,778e0750-19f9-426e-a6c7-e0e30645fb97,10,8,-2,7.185,7.249,0.06400000000000006,119,False
TR,nuscale_voygr6,w_RI_minus_20,weight,7a805295-0cd2-48be-972e-5282c996549c,79,76,-3,6.216,6.283,0.06700000000000017,119,False
TR,nuscale_voygr6,w_RI_minus_20,weight,7b4d3f8f-a644-48a3-93f9-cd3c154dc5c2,107,104,-3,5.747,5.862,0.11500000000000021,119,False
TR,nuscale_voygr6,w_RI_minus_20,weight,7cc9cffa-e4e4-4546-902d-c8f4800dbdb2,29,29,0,6.815,6.859,0.043999999999999595,119,False
PL,nuscale_voygr6,w_RI_minus_20,weight,7fc17ab0-ce24-4830-a938-b8424d1e9368,9,8,-1,7.116,7.143,0.027000000000000135,61,False
BA,nuscale_voygr6,w_RI_minus_20,weight,82011c29-a3d3-4a81-a27b-019d2649a251,6,6,0,5.934,5.963,0.028999999999999915,6,False
RO,nuscale_voygr6,w_RI_minus_20,weight,825dc024-9a53-4237-bf59-cbe0af0cf87d,6,6,0,6.703,6.793,0.08999999999999986,22,False
TR,nuscale_voygr6,w_RI_minus_20,weight,829f61ff-0ad1-4288-8dd9-e41abbd0b6a7,119,119,0,5.087,5.192,0.10500000000000043,119,False
TR,nuscale_voygr6,w_RI_minus_20,weight,82aac38c-3037-466c-9b37-bff9da707645,87,86,-1,6.134,6.199,0.0649999999999995,119,False
MK,nuscale_voygr6,w_RI_minus_20,weight,83d3abe4-2049-47ad-a66b-46034edb7569,2,2,0,6.707,6.726,0.019000000000000128,3,False
UA,nuscale_voygr6,w_RI_minus_20,weight,83fede8b-5f92-429d-920d-9a8928a74780,4,4,0,7.166,7.146,-0.020000000000000462,20,False
BA,nuscale_voygr6,w_RI_minus_20,weight,85257083-08d1-4560-b198-a9df414da4a9,1,1,0,6.951,6.904,-0.04699999999999971,6,False
RO,nuscale_voygr6,w_RI_minus_20,weight,8781d874-5923-4795-9c9f-b2a6c709025a,18,18,0,5.941,6.037,0.09600000000000009,22,False
TR,nuscale_voygr6,w_RI_minus_20,weight,8782d6f2-5f9f-4c67-b9f2-6756857bd200,92,91,-1,6.062,6.111,0.04899999999999949,119,False
TR,nuscale_voygr6,w_RI_minus_20,weight,8a5dc384-e272-41ed-9868-a0686ac3fc7e,47,44,-3,6.584,6.665,0.0810000000000004,119,False
PL,nuscale_voygr6,w_RI_minus_20,weight,8a9d5c87-7edc-49c3-85a2-d97727b9c9b2,27,28,1,6.297,6.393,0.09600000000000009,61,False
TR,nuscale_voygr6,w_RI_minus_20,weight,8b16dc60-1a2b-4b2c-bcad-1c334d246ae3,102,101,-1,5.841,5.943,0.10199999999999942,119,False
TR,nuscale_voygr6,w_RI_minus_20,weight,8dd46a05-6e0c-4009-90ad-bd5909c25622,110,111,1,5.594,5.687,0.09299999999999997,119,False
PL,nuscale_voygr6,w_RI_minus_20,weight,8dd8db4c-b62d-4f6b-a2ee-70a9ed785e7a,48,48,0,5.816,5.907,0.09100000000000019,61,False
PL,nuscale_voygr6,w_RI_minus_20,weight,8e485f8a-5c68-4541-ab1d-77783f6fcb2d,18,20,2,6.806,6.788,-0.017999999999999794,61,False
HU,nuscale_voygr6,w_RI_minus_20,weight,903d6b94-cd9d-4c32-b7e2-4bbfbee929df,5,5,0,6.641,6.617,-0.02400000000000002,11,False
AT,nuscale_voygr6,w_RI_minus_20,weight,90820fe3-9889-4faf-9906-7c528f8d7bc5,6,6,0,6.347,6.391,0.043999999999999595,6,False
TR,nuscale_voygr6,w_RI_minus_20,weight,9163ca37-1b31-409d-974f-9e7ed5e5f33d,80,80,0,6.216,6.28,0.06400000000000006,119,False
PL,nuscale_voygr6,w_RI_minus_20,weight,917008f5-fba1-4ef7-b82d-9aded2b69267,4,4,0,7.222,7.24,0.017999999999999794,61,False
TR,nuscale_voygr6,w_RI_minus_20,weight,91f28dbb-16bd-449b-a20a-dc2b70cf2e66,94,94,0,6.028,6.102,0.07400000000000073,119,False
TR,nuscale_voygr6,w_RI_minus_20,weight,94a5c55f-c499-41b1-81da-deaa36686399,18,18,0,7.022,7.012,-0.010000000000000675,119,False
UA,nuscale_voygr6,w_RI_minus_20,weight,95872473-c476-4ceb-bcf5-54cfdf415e42,19,19,0,5.921,5.981,0.05999999999999961,20,False
RO,nuscale_voygr6,w_RI_minus_20,weight,958e4d82-853a-41f1-a442-94b4c4314221,2,2,0,7.159,7.155,-0.0039999999999995595,22,False
TR,nuscale_voygr6,w_RI_minus_20,weight,96129c93-83a6-4b1c-929b-bfccba86a796,77,71,-6,6.234,6.328,0.0940000000000003,119,False
TR,nuscale_voygr6,w_RI_minus_20,weight,9699244b-14c0-4e27-afd1-105494fccd60,21,23,2,6.947,6.953,0.006000000000000227,119,False
CZ,nuscale_voygr6,w_RI_minus_20,weight,97ed917e-acfa-4002-be89-4ec44972ab45,20,19,-1,6.016,6.135,0.11899999999999977,29,False
TR,nuscale_voygr6,w_RI_minus_20,weight,98019711-a8c3-424a-870e-00d4fea75ed1,100,100,0,5.859,5.976,0.11699999999999999,119,False
RO,nuscale_voygr6,w_RI_minus_20,weight,9825e28e-fd6e-460d-9caf-0342563f9060,10,10,0,6.441,6.431,-0.009999999999999787,22,False
RS,nuscale_voygr6,w_RI_minus_20,weight,993ccce2-d5e1-498d-827d-8dbfeb42582b,3,3,0,6.634,6.65,0.016000000000000014,7,False
HU,nuscale_voygr6,w_RI_minus_20,weight,997474f6-9bfd-4abd-a2ac-d8618db8f0b4,1,1,0,7.584,7.582,-0.0019999999999997797,11,False
AT,nuscale_voygr6,w_RI_minus_20,weight,99d712ac-7993-4186-8a0e-2e88bae7e90f,4,5,1,6.559,6.585,0.0259999999999998,6,False
TR,nuscale_voygr6,w_RI_minus_20,weight,9a6447f2-2887-4cce-a115-dc773d7f6eb1,31,30,-1,6.809,6.818,0.008999999999999453,119,False
CZ,nuscale_voygr6,w_RI_minus_20,weight,9c4291f1-173b-467e-ae26-8cb01312c605,7,7,0,6.773,6.762,-0.01100000000000012,29,False
TR,nuscale_voygr6,w_RI_minus_20,weight,9eb693f6-6994-4937-bc4d-e8213baa5d47,59,69,10,6.391,6.337,-0.05400000000000027,119,False
BG,nuscale_voygr6,w_RI_minus_20,weight,a064c7ae-e699-4a94-a18c-79bdfe42bce3,3,3,0,7.091,7.071,-0.020000000000000462,8,False
PL,nuscale_voygr6,w_RI_minus_20,weight,a19228ce-f25a-4ffd-a249-9d01403e6b81,11,12,1,6.953,6.983,0.02999999999999936,61,False
BA,nuscale_voygr6,w_RI_minus_20,weight,a23d073a-cbbd-469a-b134-380945fd3f4c,5,5,0,6.458,6.447,-0.01100000000000012,6,False
SK,nuscale_voygr6,w_RI_minus_20,weight,a2d8261c-3d08-4015-946c-47dbddbd0b98,5,5,0,5.691,5.783,0.09200000000000053,5,False
TR,nuscale_voygr6,w_RI_minus_20,weight,a4af3789-2c40-41fc-a3ec-3b8d2fc6c645,86,84,-2,6.148,6.23,0.08200000000000074,119,False
RO,nuscale_voygr6,w_RI_minus_20,weight,a4fa3246-27d6-4740-898c-bdf9dadcb88c,14,14,0,6.078,6.179,0.10099999999999998,22,False
PL,nuscale_voygr6,w_RI_minus_20,weight,a55e3643-8ed4-434b-b14f-2d549d09c0d9,10,11,1,6.984,6.999,0.01499999999999968,61,False
TR,nuscale_voygr6,w_RI_minus_20,weight,a6478cb9-5b8c-4d64-bbe6-3d3ed6a3da2c,4,3,-1,7.354,7.378,0.02400000000000002,119,False
PL,nuscale_voygr6,w_RI_minus_20,weight,a67255dd-8134-418e-9377-e28516c53722,25,24,-1,6.384,6.542,0.15799999999999947,61,False
PL,nuscale_voygr6,w_RI_minus_20,weight,a6b51b4f-ba1d-49cd-bc99-8898acdbeb78,26,26,0,6.345,6.421,0.07600000000000051,61,False
CZ,nuscale_voygr6,w_RI_minus_20,weight,a6bf9980-016e-47ea-b40a-82e384a9eb43,22,21,-1,5.951,6.066,0.11500000000000021,29,False
CZ,nuscale_voygr6,w_RI_minus_20,weight,a733fc13-11a4-4722-b62d-85c85a4f8ef3,21,22,1,6.016,6.037,0.020999999999999908,29,False
PL,nuscale_voygr6,w_RI_minus_20,weight,a7eeee6e-e14a-40ba-80b6-75ed2e170b20,33,32,-1,6.103,6.231,0.1280000000000001,61,False
PL,nuscale_voygr6,w_RI_minus_20,weight,a91dfe3d-93e0-43a1-99d2-41abdd1fc2ce,53,52,-1,5.678,5.769,0.09100000000000019,61,False
TR,nuscale_voygr6,w_RI_minus_20,weight,a96dc545-41a9-4b0d-a7a3-f40ef711e5e3,41,47,6,6.668,6.636,-0.03200000000000003,119,False
BA,nuscale_voygr6,w_RI_minus_20,weight,aa0bdb5e-45aa-4d15-8aee-cb5b0e14f5d9,3,3,0,6.622,6.564,-0.05799999999999983,6,False
TR,nuscale_voygr6,w_RI_minus_20,weight,aa336cdc-f6fe-4b08-b46d-69e852c501bf,62,57,-5,6.328,6.413,0.08499999999999996,119,False
CZ,nuscale_voygr6,w_RI_minus_20,weight,aa38441d-aec7-4ae9-b4c3-68c5bf567db3,16,17,1,6.214,6.217,0.0029999999999992255,29,False
HR,nuscale_voygr6,w_RI_minus_20,weight,ab151830-e5bd-46de-8400-01aa4c165366,1,1,0,6.214,6.178,-0.036000000000000476,1,True
PL,nuscale_voygr6,w_RI_minus_20,weight,ab57f5c3-8699-46f9-970f-3007dfc58af4,23,23,0,6.503,6.578,0.07500000000000018,61,False
TR,nuscale_voygr6,w_RI_minus_20,weight,ad0c8590-c672-43f2-a813-1217a10f7d2d,1,1,0,7.784,7.781,-0.0030000000000001137,119,False
PL,nuscale_voygr6,w_RI_minus_20,weight,ad7a9c00-0c75-411f-8f89-859e603df1e6,51,50,-1,5.753,5.875,0.12199999999999989,61,False
TR,nuscale_voygr6,w_RI_minus_20,weight,adeb10a5-aaae-4e2c-b426-3db1c3d9bd5b,93,90,-3,6.053,6.115,0.06200000000000028,119,False
RO,nuscale_voygr6,w_RI_minus_20,weight,af7f107f-71b5-5a33-8125-9ccb7060f895,3,3,0,7.114,7.089,-0.024999999999999467,22,False
RO,nuscale_voygr6,w_RI_minus_20,weight,aff5ffe6-fe7a-4de7-afad-9d4645a64cd9,9,9,0,6.478,6.521,0.04300000000000015,22,False
BG,nuscale_voygr6,w_RI_minus_20,weight,b01fe781-dbc7-40f8-a544-946288020042,5,5,0,6.984,6.948,-0.03599999999999959,8,False
CZ,nuscale_voygr6,w_RI_minus_20,weight,b0ba194f-3c80-4725-b1e7-fa5277b38833,2,2,0,7.016,7.028,0.011999999999999567,29,False
PL,nuscale_voygr6,w_RI_minus_20,weight,b24c9876-5a4d-4b83-b442-af2f4b0d1047,45,46,1,5.866,5.946,0.08000000000000007,61,False
PL,nuscale_voygr6,w_RI_minus_20,weight,b24f9ac5-5ddf-4b19-ba95-76dafeca3d2c,2,2,0,7.284,7.297,0.0129999999999999,61,False
MD,nuscale_voygr6,w_RI_minus_20,weight,b3eb5dd2-98cf-40c4-b9ee-2a86fd066093,1,1,0,6.959,6.948,-0.010999999999999233,1,True
TR,nuscale_voygr6,w_RI_minus_20,weight,b588126a-42d6-49dc-b227-9283af5a2578,35,32,-3,6.722,6.808,0.08599999999999941,119,False
TR,nuscale_voygr6,w_RI_minus_20,weight,b5a75ec8-a2fe-42ad-b33e-ea32e20ebdfb,45,41,-4,6.622,6.67,0.04800000000000004,119,False
TR,nuscale_voygr6,w_RI_minus_20,weight,b5ff798e-e059-4d8b-a903-00a1fefc62ab,36,33,-3,6.722,6.808,0.08599999999999941,119,False
PL,nuscale_voygr6,w_RI_minus_20,weight,b789a244-7d29-4be3-afe4-2f45d7f11eab,47,47,0,5.819,5.916,0.09700000000000042,61,False
TR,nuscale_voygr6,w_RI_minus_20,weight,b8875ff2-9e9d-4520-8879-c71468e9cc50,25,28,3,6.891,6.868,-0.022999999999999687,119,False
PL,nuscale_voygr6,w_RI_minus_20,weight,b8a00967-90a3-4a4e-9979-6b8651d87380,29,29,0,6.291,6.387,0.0959999999999992,61,False
PL,nuscale_voygr6,w_RI_minus_20,weight,b8bc6544-1571-4906-95e0-314d62c78a24,15,13,-2,6.853,6.892,0.03900000000000059,61,False
TR,nuscale_voygr6,w_RI_minus_20,weight,b90e80f9-66f3-4290-8aa2-518b8422aba0,112,112,0,5.591,5.674,0.08300000000000018,119,False
TR,nuscale_voygr6,w_RI_minus_20,weight,bac4a081-83dc-4aba-8076-b67bfc55f54c,95,96,1,6.016,6.068,0.0519999999999996,119,False
TR,nuscale_voygr6,w_RI_minus_20,weight,bb2453b0-c76d-40ea-bcc4-870391f05b2f,118,117,-1,5.2,5.269,0.06899999999999995,119,False
TR,nuscale_voygr6,w_RI_minus_20,weight,bfadbe66-971d-4f64-b222-604a7ee6ac6b,16,16,0,7.072,7.017,-0.054999999999999716,119,False
RO,nuscale_voygr6,w_RI_minus_20,weight,c3790475-3d3b-4e2b-92ae-24503fe03e6b,8,8,0,6.491,6.573,0.08200000000000074,22,False
PL,nuscale_voygr6,w_RI_minus_20,weight,c39819ef-6798-4c01-9a82-9eead65b5f56,22,22,0,6.691,6.76,0.06899999999999995,61,False
PL,nuscale_voygr6,w_RI_minus_20,weight,c42c5942-264d-43a1-a9eb-95b00480eb1a,49,49,0,5.816,5.907,0.09100000000000019,61,False
UA,nuscale_voygr6,w_RI_minus_20,weight,c47eb6a3-49c1-4879-95b6-9bcd53b7af04,5,5,0,6.959,6.986,0.027000000000000135,20,False
PL,nuscale_voygr6,w_RI_minus_20,weight,c4d7f628-c108-4496-ac02-6076ea3ae448,34,35,1,6.082,6.162,0.08000000000000007,61,False
TR,nuscale_voygr6,w_RI_minus_20,weight,c657c5c3-38a2-472d-8962-9e7cefcd2c1e,24,21,-3,6.908,6.969,0.06099999999999994,119,False
TR,nuscale_voygr6,w_RI_minus_20,weight,c6b846cb-3a01-4e17-9d51-da4b58fd1827,105,103,-2,5.791,5.894,0.10299999999999976,119,False
TR,nuscale_voygr6,w_RI_minus_20,weight,c7afd455-7beb-4d23-8d3b-e9a102782d2b,109,109,0,5.706,5.781,0.07499999999999929,119,False
TR,nuscale_voygr6,w_RI_minus_20,weight,c8e1cc12-080a-4e01-925d-8fd6e4334856,96,97,1,6.016,6.055,0.0389999999999997,119,False
RS,nuscale_voygr6,w_RI_minus_20,weight,c8f15aca-174b-4be6-a6d9-abfa4685d10d,7,5,-2,6.453,6.542,0.08899999999999952,7,False
SK,nuscale_voygr6,w_RI_minus_20,weight,c97125b3-20ed-4e21-a853-b928644ec7dd,2,2,0,6.978,6.954,-0.02400000000000002,5,False
TR,nuscale_voygr6,w_RI_minus_20,weight,c9c85786-eb26-4e7b-b280-83a54b7e834f,63,59,-4,6.328,6.4,0.07200000000000006,119,False
TR,nuscale_voygr6,w_RI_minus_20,weight,ca423571-d2ab-44d4-b5ce-3e649d9cc776,82,81,-1,6.209,6.274,0.06500000000000039,119,False
TR,nuscale_voygr6,w_RI_minus_20,weight,cb08e7b6-0af3-45d9-95c3-3832e7e2677c,44,42,-2,6.628,6.669,0.04099999999999948,119,False
TR,nuscale_voygr6,w_RI_minus_20,weight,cb825b0f-e315-4221-b194-43d5b472382d,90,88,-2,6.084,6.178,0.0940000000000003,119,False
CZ,nuscale_voygr6,w_RI_minus_20,weight,cbd67443-4a4e-44fd-a9ed-20ba9574c99e,27,27,0,5.701,5.793,0.09200000000000053,29,False
TR,nuscale_voygr6,w_RI_minus_20,weight,cc635340-954c-4428-9fa1-14383c7faceb,43,48,5,6.641,6.622,-0.019000000000000128,119,False
PL,nuscale_voygr6,w_RI_minus_20,weight,ccc15bde-1c5a-40bf-8f09-2fcb1e896ce5,55,56,1,5.622,5.689,0.06700000000000017,61,False
PL,nuscale_voygr6,w_RI_minus_20,weight,cd84938d-eea8-47a1-8ea6-2e9f943e5914,14,15,1,6.884,6.87,-0.014000000000000234,61,False
UA,nuscale_voygr6,w_RI_minus_20,weight,cdb6adfb-52ff-4631-939a-001080b20450,8,7,-1,6.795,6.839,0.04400000000000048,20,False
PL,nuscale_voygr6,w_RI_minus_20,weight,cdc888ad-fd51-4710-a5ab-3cd0fe9ddb48,21,21,0,6.753,6.775,0.02200000000000024,61,False
TR,nuscale_voygr6,w_RI_minus_20,weight,ce39538c-997e-4a7d-bc32-f164f50f9aa0,75,83,8,6.253,6.233,-0.020000000000000462,119,False
UA,nuscale_voygr6,w_RI_minus_20,weight,cec871bd-c7f6-4444-b0da-9b3a9ecc6963,3,3,0,7.197,7.168,-0.028999999999999915,20,False
TR,nuscale_voygr6,w_RI_minus_20,weight,cf9150af-0325-44d8-bbaf-493e742f2e2b,54,52,-2,6.503,6.565,0.06200000000000028,119,False
TR,nuscale_voygr6,w_RI_minus_20,weight,d020ac37-4f23-41b1-8f1e-b425b5769424,57,61,4,6.431,6.392,-0.0389999999999997,119,False
TR,nuscale_voygr6,w_RI_minus_20,weight,d12e7ffc-4cd3-4ff4-81da-ae360d59409b,71,67,-4,6.278,6.348,0.07000000000000028,119,False
TR,nuscale_voygr6,w_RI_minus_20,weight,d1863136-5ff4-4b4d-a9c0-6219e92d637d,23,20,-3,6.938,6.993,0.055000000000000604,119,False
TR,nuscale_voygr6,w_RI_minus_20,weight,d21335d4-0a3d-4464-85e0-352745a38db4,81,77,-4,6.216,6.283,0.06700000000000017,119,False
RS,nuscale_voygr6,w_RI_minus_20,weight,d30af109-79cb-4ab5-a878-6f574b58116a,6,6,0,6.472,6.541,0.06899999999999995,7,False
PL,nuscale_voygr6,w_RI_minus_20,weight,d3b5a049-6bff-400b-9312-96985f03acea,58,58,0,5.48,5.564,0.08399999999999963,61,False
UA,nuscale_voygr6,w_RI_minus_20,weight,d3b9e403-7744-44c5-b5c3-999c4c1911d8,20,20,0,5.781,5.836,0.055000000000000604,20,False
TR,nuscale_voygr6,w_RI_minus_20,weight,d3f986d9-a023-4d43-a0fb-03361f310873,33,34,1,6.734,6.779,0.04499999999999993,119,False
TR,nuscale_voygr6,w_RI_minus_20,weight,d48d2f39-d58f-4299-9b2f-56d194d2d13b,73,72,-1,6.266,6.309,0.04300000000000015,119,False
RO,nuscale_voygr6,w_RI_minus_20,weight,d498ded8-449c-4672-8bb9-0ed6c8fef775,16,16,0,5.991,6.076,0.08499999999999996,22,False
TR,nuscale_voygr6,w_RI_minus_20,weight,d5151598-5a1a-4697-8147-592845ffef6c,72,73,1,6.278,6.306,0.02800000000000047,119,False
PL,nuscale_voygr6,w_RI_minus_20,weight,d60b377c-9bb4-4fd5-adb7-a9a9ba98ae76,37,38,1,6.003,6.102,0.0990000000000002,61,False
TR,nuscale_voygr6,w_RI_minus_20,weight,d6cb5642-d5ec-4a15-bc6b-8be4cb0a382e,17,17,0,7.059,7.017,-0.041999999999999815,119,False
CZ,nuscale_voygr6,w_RI_minus_20,weight,d762ceeb-514f-43a6-9f91-a2d422ed6c60,3,3,0,7.009,7.02,0.010999999999999233,29,False
RO,nuscale_voygr6,w_RI_minus_20,weight,dac2a974-a2de-46c5-b581-03985a9ae7d0,17,17,0,5.978,6.063,0.08499999999999996,22,False
PL,nuscale_voygr6,w_RI_minus_20,weight,dadadad9-b67e-44b8-a9ab-4cbf116da20b,7,7,0,7.153,7.148,-0.004999999999999893,61,False
TR,nuscale_voygr6,w_RI_minus_20,weight,db87ce6a-3802-44c5-945f-8a95d3cf111b,84,82,-2,6.166,6.27,0.1039999999999992,119,False
PL,nuscale_voygr6,w_RI_minus_20,weight,dc87cdf1-9936-4a59-a5e9-b5e360173490,41,41,0,5.928,6.05,0.12199999999999989,61,False
TR,nuscale_voygr6,w_RI_minus_20,weight,dd413ee8-a6f2-4e7c-8e6c-6d0ed8637d83,26,27,1,6.88,6.873,-0.006999999999999673,119,False
TR,nuscale_voygr6,w_RI_minus_20,weight,ddc8bb9c-bf77-4075-b38c-600fb072acf8,8,9,1,7.263,7.227,-0.03599999999999959,119,False
PL,nuscale_voygr6,w_RI_minus_20,weight,de6735bd-7a79-43c8-baad-1fe23d50d6f0,24,25,1,6.441,6.542,0.10099999999999998,61,False
TR,nuscale_voygr6,w_RI_minus_20,weight,e03c394f-1c08-4101-b1fe-f6662fe4b424,9,10,1,7.26,7.215,-0.04499999999999993,119,False
RO,nuscale_voygr6,w_RI_minus_20,weight,e073b3f8-4312-4d34-b322-6289a3121af1,13,12,-1,6.174,6.263,0.08899999999999952,22,False
TR,nuscale_voygr6,w_RI_minus_20,weight,e10aae79-05b7-4ad9-9d69-60ce190b4444,64,58,-6,6.328,6.413,0.08499999999999996,119,False
HU,nuscale_voygr6,w_RI_minus_20,weight,e1649639-2e45-4226-9c7a-783d2dcb6724,10,9,-1,5.411,5.492,0.0810000000000004,11,False
CZ,nuscale_voygr6,w_RI_minus_20,weight,e299922a-1670-4aff-acda-fd80600af9af,8,8,0,6.716,6.729,0.0129999999999999,29,False
PL,nuscale_voygr6,w_RI_minus_20,weight,e2c23866-db1e-4316-82b5-7e3fe50c3c09,35,34,-1,6.053,6.166,0.11300000000000043,61,False
RO,nuscale_voygr6,w_RI_minus_20,weight,e43af28e-a3d3-4047-a9cf-f3b0990754b4,15,15,0,6.041,6.141,0.09999999999999964,22,False
UA,nuscale_voygr6,w_RI_minus_20,weight,e4c6a713-99e6-4fdf-afaa-d456779c504c,17,16,-1,6.126,6.194,0.06799999999999962,20,False
PL,nuscale_voygr6,w_RI_minus_20,weight,e4e3b5f0-7038-47a5-84e3-04eb07b3c4d7,3,3,0,7.227,7.247,0.019999999999999574,61,False
TR,nuscale_voygr6,w_RI_minus_20,weight,e71ec827-7143-48dd-8c8a-8e81705fa971,65,63,-2,6.322,6.372,0.04999999999999982,119,False
BA,nuscale_voygr6,w_RI_minus_20,weight,e75c63e5-ef2f-4e08-8f8c-3da41215af9d,2,2,0,6.747,6.714,-0.032999999999999474,6,False
ME,nuscale_voygr6,w_RI_minus_20,weight,e77a7e7f-11ba-4e61-98da-f44471bc52ab,2,2,0,6.023,5.983,-0.040000000000000036,2,True
TR,nuscale_voygr6,w_RI_minus_20,weight,e780e4ac-0506-4186-9b58-0f378f878345,13,14,1,7.116,7.089,-0.026999999999999247,119,False
TR,nuscale_voygr6,w_RI_minus_20,weight,e894ba3e-e397-47c9-b0b9-a72cfb6bd680,99,98,-1,5.928,6.037,0.10899999999999999,119,False
TR,nuscale_voygr6,w_RI_minus_20,weight,e8b6e342-2011-4343-b415-a8bf08501499,103,102,-1,5.834,5.919,0.08499999999999996,119,False
PL,nuscale_voygr6,w_RI_minus_20,weight,e9a1ae49-ff79-462c-af4e-7c6843221d36,61,59,-2,5.328,5.428,0.09999999999999964,61,False
TR,nuscale_voygr6,w_RI_minus_20,weight,e9bc02be-cf10-4b27-9b8a-0d4a954720e4,32,35,3,6.74,6.766,0.0259999999999998,119,False
PL,nuscale_voygr6,w_RI_minus_20,weight,ebc0f461-acfa-47da-8094-5b15ea3e25a0,17,17,0,6.822,6.826,0.0039999999999995595,61,False
BG,nuscale_voygr6,w_RI_minus_20,weight,ec5f337a-ca52-4b86-a0f4-4933eac349e3,1,1,0,7.709,7.678,-0.030999999999999694,8,False
PL,nuscale_voygr6,w_RI_minus_20,weight,ee332928-87b2-4e7b-9203-20e402bc551f,16,16,0,6.853,6.858,0.004999999999999893,61,False
PL,nuscale_voygr6,w_RI_minus_20,weight,ef2ee2ae-e73e-490c-aa07-746543fe20e6,43,43,0,5.916,6.011,0.09499999999999975,61,False
HU,nuscale_voygr6,w_RI_minus_20,weight,ef325d90-6d2d-4f8f-89f2-3bc98beb149b,8,8,0,5.73,5.679,-0.051000000000000156,11,False
CZ,nuscale_voygr6,w_RI_minus_20,weight,f1d2bca1-a7a9-4404-84c1-34fc8a59dab7,26,26,0,5.703,5.817,0.11399999999999988,29,False
HU,nuscale_voygr6,w_RI_minus_20,weight,f2b3a729-602a-4b6b-acc9-004244f2e556,9,10,1,5.418,5.486,0.06799999999999962,11,False
UA,nuscale_voygr6,w_RI_minus_20,weight,f2c061de-66ad-4fce-b911-7f1899f25b75,12,12,0,6.417,6.475,0.05799999999999983,20,False
TR,nuscale_voygr6,w_RI_minus_20,weight,f2e65fcf-afc4-4443-ac14-f15c8ffe48f3,11,11,0,7.154,7.157,0.0030000000000001137,119,False
CZ,nuscale_voygr6,w_RI_minus_20,weight,f3523341-daaa-4573-a856-becb2e1bb9e3,6,5,-1,6.916,6.949,0.032999999999999474,29,False
PL,nuscale_voygr6,w_RI_minus_20,weight,f5be4e73-938d-4fe2-b585-5090ec780670,42,42,0,5.922,6.03,0.10800000000000054,61,False
HU,nuscale_voygr6,w_RI_minus_20,weight,f7dcdb63-26e6-44cd-b440-ec14fe507d90,2,2,0,6.941,6.941,0.0,11,False
PL,nuscale_voygr6,w_RI_minus_20,weight,f8f9f43d-6a3b-445d-818e-ca82a90ace65,56,55,-1,5.603,5.7,0.09700000000000042,61,False
TR,nuscale_voygr6,w_RI_minus_20,weight,f92bc907-9b9b-4d21-92fd-1705bd71128c,69,62,-7,6.291,6.379,0.08799999999999919,119,False
TR,nuscale_voygr6,w_RI_minus_20,weight,fa6b7ac3-c1bf-478f-8d0a-1f357ea480cf,111,110,-1,5.594,5.708,0.11399999999999988,119,False
BY,nuscale_voygr6,w_RI_minus_20,weight,fac3d0b5-36a5-48ae-8494-f2f08e4342f4,1,1,0,7.378,7.348,-0.03000000000000025,2,True
UA,nuscale_voygr6,w_RI_minus_20,weight,fb7d4d9a-3f27-4b50-9941-6a8fccd25e9a,16,15,-1,6.153,6.198,0.04500000000000082,20,False
TR,nuscale_voygr6,w_RI_minus_20,weight,fc307877-758b-4dbf-afbe-abfc4a778155,20,24,4,6.957,6.945,-0.011999999999999567,119,False
TR,nuscale_voygr6,w_RI_minus_20,weight,fecb62d9-6fb8-4f8d-83e3-78a7c75adb6e,40,40,0,6.672,6.676,0.004000000000000448,119,False
TR,nuscale_voygr6,w_RI_plus_20,weight,0049a899-af5f-41cd-86ae-2ba729b6365f,67,63,-4,6.299,6.317,0.017999999999999794,119,False
RS,nuscale_voygr6,w_RI_plus_20,weight,0182ec25-0df9-4e4b-9861-d76a332bc282,4,4,0,6.559,6.492,-0.06700000000000017,7,False
UA,nuscale_voygr6,w_RI_plus_20,weight,02253fcc-4fc6-42d4-a6a8-42365487302f,13,13,0,6.318,6.235,-0.0829999999999993,20,False
TR,nuscale_voygr6,w_RI_plus_20,weight,0248611c-b745-404f-ad50-c2870882c7a1,15,13,-2,7.072,7.123,0.051000000000000156,119,False
UA,nuscale_voygr6,w_RI_plus_20,weight,038d42e9-769b-4b22-9513-dccff48b42cd,18,18,0,6.02,5.935,-0.08499999999999996,20,False
HU,nuscale_voygr6,w_RI_plus_20,weight,059b3ad4-7196-4e6b-b169-8605ceeed841,3,3,0,6.872,6.81,-0.06200000000000028,11,False
CZ,nuscale_voygr6,w_RI_plus_20,weight,05daa6b2-bb29-4c26-a459-855626673955,12,12,0,6.464,6.447,-0.017000000000000348,29,False
PL,nuscale_voygr6,w_RI_plus_20,weight,06641fea-8997-4b69-a618-6afa34b82591,46,46,0,5.859,5.754,-0.10500000000000043,61,False
SK,nuscale_voygr6,w_RI_plus_20,weight,06defca3-9105-437f-afd4-52f5603d9b8e,4,4,0,6.303,6.286,-0.017000000000000348,5,False
TR,nuscale_voygr6,w_RI_plus_20,weight,0947a4c8-4fc1-492f-9c66-2c9a993c7fb0,78,78,0,6.216,6.155,-0.06099999999999994,119,False
CZ,nuscale_voygr6,w_RI_plus_20,weight,0ae8917b-a70b-41e5-82de-e4963a7686e3,19,18,-1,6.089,6.098,0.008999999999999453,29,False
PL,nuscale_voygr6,w_RI_plus_20,weight,0b187a1d-55de-47cf-96a3-06abc8ff2476,13,13,0,6.884,6.879,-0.005000000000000782,61,False
TR,nuscale_voygr6,w_RI_plus_20,weight,0ca4ff78-4113-4ad9-ac04-0fd541d42338,101,99,-2,5.845,5.841,-0.0039999999999995595,119,False
TR,nuscale_voygr6,w_RI_plus_20,weight,0fec985c-c66e-40af-a123-a9ba4db269bb,39,37,-2,6.681,6.685,0.0039999999999995595,119,False
TR,nuscale_voygr6,w_RI_plus_20,weight,1289753b-43db-4058-8fe1-6e38b5fb01b5,38,32,-6,6.719,6.75,0.030999999999999694,119,False
TR,nuscale_voygr6,w_RI_plus_20,weight,142cad75-648a-495d-8c10-792351e72126,2,2,0,7.459,7.461,0.002000000000000668,119,False
CZ,nuscale_voygr6,w_RI_plus_20,weight,14e88076-ce0e-4693-bca4-e80f3f013c7f,14,15,1,6.345,6.359,0.014000000000000234,29,False
TR,nuscale_voygr6,w_RI_plus_20,weight,161660e7-3ccf-4704-b452-b126599700a0,114,114,0,5.444,5.335,-0.10899999999999999,119,False
TR,nuscale_voygr6,w_RI_plus_20,weight,1624a526-07d8-44a4-8ed7-3b035b748f03,116,116,0,5.369,5.298,-0.07099999999999973,119,False
TR,nuscale_voygr6,w_RI_plus_20,weight,166f5fcc-1cc4-4cf5-9e52-59e7ce1557c6,30,26,-4,6.809,6.876,0.06700000000000017,119,False
SK,nuscale_voygr6,w_RI_plus_20,weight,1719d38b-61e8-4b01-844b-3a2f85c8a186,3,3,0,6.741,6.728,-0.0129999999999999,5,False
MK,nuscale_voygr6,w_RI_plus_20,weight,1739b1b7-a6f3-466c-9dfa-3d1de9d5b6db,1,1,0,6.812,6.799,-0.0129999999999999,3,False
TR,nuscale_voygr6,w_RI_plus_20,weight,17568f0f-91fd-4efe-b4df-2c7cc5d80b7d,117,117,0,5.237,5.227,-0.009999999999999787,119,False
CZ,nuscale_voygr6,w_RI_plus_20,weight,180880c2-7284-4723-b02a-a62348b9b40b,9,9,0,6.672,6.685,0.0129999999999999,29,False
TR,nuscale_voygr6,w_RI_plus_20,weight,1820429d-bd95-4e56-a6db-d9bb57e2ae07,56,54,-2,6.451,6.455,0.004000000000000448,119,False
PL,nuscale_voygr6,w_RI_plus_20,weight,187b4fd7-6a61-4e94-8ed4-495ac6dfc317,30,30,0,6.266,6.165,-0.10099999999999998,61,False
RO,nuscale_voygr6,w_RI_plus_20,weight,18ecb024-ee4f-4045-8254-5e95d61dea8c,12,12,0,6.197,6.173,-0.02400000000000002,22,False
LV,nuscale_voygr6,w_RI_plus_20,weight,1a5b8f8f-f4be-4514-8738-755d25e19b41,1,1,0,6.603,6.619,0.016000000000000014,1,True
CZ,nuscale_voygr6,w_RI_plus_20,weight,1c059a42-608c-4753-8fcf-ba797d94f900,24,24,0,5.809,5.682,-0.12699999999999978,29,False
TR,nuscale_voygr6,w_RI_plus_20,weight,1ce7624e-1d72-4293-8ff4-09096b56ddd2,115,115,0,5.394,5.31,-0.08400000000000052,119,False
PL,nuscale_voygr6,w_RI_plus_20,weight,1d19dce6-c458-4656-901d-6a8d3c548761,12,14,2,6.934,6.85,-0.08400000000000052,61,False
RO,nuscale_voygr6,w_RI_plus_20,weight,1d8be6d0-f3a5-4b32-9d46-3526289731f8,22,22,0,5.391,5.339,-0.0519999999999996,22,False
TR,nuscale_voygr6,w_RI_plus_20,weight,1f305180-6bbf-4758-9a98-78bc9e96e195,97,98,1,5.971,5.872,-0.0990000000000002,119,False
PL,nuscale_voygr6,w_RI_plus_20,weight,202d797d-b0f9-4cd0-bbac-d7bb06805c09,39,38,-1,5.969,5.878,-0.09100000000000019,61,False
CZ,nuscale_voygr6,w_RI_plus_20,weight,20bce4f5-ca0b-4145-87e5-0a0694343f31,17,16,-1,6.201,6.232,0.031000000000000583,29,False
CZ,nuscale_voygr6,w_RI_plus_20,weight,20c9d02d-e9e8-40b3-a11e-7a2e01018d8c,13,13,0,6.438,6.402,-0.03599999999999959,29,False
TR,nuscale_voygr6,w_RI_plus_20,weight,21ccc44f-3244-4e7f-9654-eae424288200,83,72,-11,6.201,6.221,0.020000000000000462,119,False
TR,nuscale_voygr6,w_RI_plus_20,weight,225656d9-8709-4c2f-9992-1e4f20a6fce8,28,28,0,6.862,6.848,-0.014000000000000234,119,False
TR,nuscale_voygr6,w_RI_plus_20,weight,231565d3-4f56-43ee-a357-1f4451c6fbc3,49,48,-1,6.562,6.517,-0.04499999999999993,119,False
TR,nuscale_voygr6,w_RI_plus_20,weight,2350bab4-9869-43f1-b62f-a4d5aea77ef5,66,62,-4,6.306,6.323,0.017000000000000348,119,False
PL,nuscale_voygr6,w_RI_plus_20,weight,239ea0eb-a9c4-43cc-ac5f-35271bdc6613,5,5,0,7.191,7.179,-0.011999999999999567,61,False
CZ,nuscale_voygr6,w_RI_plus_20,weight,274ec928-e527-44cf-86c5-b6eddc09d0f7,18,19,1,6.153,6.075,-0.0779999999999994,29,False
PL,nuscale_voygr6,w_RI_plus_20,weight,27fc89b3-ee57-44ac-8073-a700bc8d12e8,54,54,0,5.653,5.573,-0.07999999999999918,61,False
CZ,nuscale_voygr6,w_RI_plus_20,weight,287cbb48-bb08-40dd-82c5-cfe1530dfbb9,1,1,0,7.095,7.082,-0.0129999999999999,29,False
TR,nuscale_voygr6,w_RI_plus_20,weight,28980273-0ba6-4c8c-b080-7ff9b33cc4c9,88,85,-3,6.122,6.108,-0.014000000000000234,119,False
HU,nuscale_voygr6,w_RI_plus_20,weight,28b36531-865d-42ae-afb3-b8bad86f7014,6,6,0,6.23,6.268,0.03799999999999937,11,False
PL,nuscale_voygr6,w_RI_plus_20,weight,29479c3f-8db8-4f62-90e8-59ad6739f90b,36,36,0,6.03,5.932,-0.09799999999999986,61,False
RS,nuscale_voygr6,w_RI_plus_20,weight,296282b1-d079-4c1e-b2df-12c25128b963,1,1,0,6.753,6.783,0.03000000000000025,7,False
PL,nuscale_voygr6,w_RI_plus_20,weight,2981a12d-3444-4301-96ba-a63ef50bec3e,1,1,0,7.684,7.683,-0.001000000000000334,61,False
RO,nuscale_voygr6,w_RI_plus_20,weight,29836b52-a882-4921-95a7-6417e636d9a2,5,5,0,6.784,6.729,-0.054999999999999716,22,False
PL,nuscale_voygr6,w_RI_plus_20,weight,29a58981-aaf7-4450-ad41-49dd6d786168,52,52,0,5.678,5.597,-0.08099999999999952,61,False
UA,nuscale_voygr6,w_RI_plus_20,weight,29b3a802-7ef1-4722-ad59-b1511b1b0075,1,1,0,7.455,7.462,0.006999999999999673,20,False
TR,nuscale_voygr6,w_RI_plus_20,weight,2a3aad60-2bff-4206-8275-f6e2029f9278,12,15,3,7.121,7.104,-0.017000000000000348,119,False
RS,nuscale_voygr6,w_RI_plus_20,weight,2b03f2e2-64ac-4262-bbff-7a536bda5722,2,2,0,6.716,6.699,-0.017000000000000348,7,False
TR,nuscale_voygr6,w_RI_plus_20,weight,2b6a65d3-efb0-44d8-b88b-9aad311f4ac4,14,17,3,7.107,7.088,-0.019000000000000128,119,False
PL,nuscale_voygr6,w_RI_plus_20,weight,2da9dab9-7b4e-46e7-b1c8-70eeb329c177,44,44,0,5.891,5.803,-0.08800000000000008,61,False
AT,nuscale_voygr6,w_RI_plus_20,weight,2dcd2c6d-f375-4408-9492-7910662fac03,2,2,0,7.016,7.025,0.009000000000000341,6,False
TR,nuscale_voygr6,w_RI_plus_20,weight,2ec95392-978d-4a43-85b9-af3282c212ba,7,9,2,7.276,7.206,-0.0699999999999994,119,False
TR,nuscale_voygr6,w_RI_plus_20,weight,2ed9363f-a9fe-46e5-8b92-c50b47a9077a,68,70,2,6.299,6.246,-0.052999999999999936,119,False
BG,nuscale_voygr6,w_RI_plus_20,weight,2fb27566-cc7b-4530-8ff9-e55e3a1985bd,6,6,0,6.578,6.571,-0.007000000000000561,8,False
CZ,nuscale_voygr6,w_RI_plus_20,weight,2fe0a0b3-4108-427e-8e54-f77e1ea7227c,5,4,-1,6.916,6.921,0.004999999999999893,29,False
BG,nuscale_voygr6,w_RI_plus_20,weight,30c9e377-b575-46fa-880f-922c46e6500a,2,2,0,7.428,7.435,0.006999999999999673,8,False
CZ,nuscale_voygr6,w_RI_plus_20,weight,32484f7b-18a4-4b21-8e6a-6d68ae099d02,4,5,1,6.931,6.898,-0.03300000000000036,29,False
BG,nuscale_voygr6,w_RI_plus_20,weight,33a015dd-51e0-497e-b0d3-4b1b3f070438,8,7,-1,5.875,5.8,-0.07500000000000018,8,False
BA,nuscale_voygr6,w_RI_plus_20,weight,344e0e9a-558e-4749-bb66-cd746be50cbd,4,4,0,6.572,6.589,0.017000000000000348,6,False
RO,nuscale_voygr6,w_RI_plus_20,weight,345fb795-170a-4fb5-833c-f6bcf2eb450c,1,1,0,7.816,7.829,0.0129999999999999,22,False
HU,nuscale_voygr6,w_RI_plus_20,weight,34d88ce8-d49c-4b19-af2d-6efcb1b72149,11,9,-2,5.405,5.395,-0.010000000000000675,11,False
UA,nuscale_voygr6,w_RI_plus_20,weight,3657989a-61ae-4fe3-9e8b-6ba7e68f8c59,10,10,0,6.616,6.632,0.016000000000000014,20,False
ME,nuscale_voygr6,w_RI_plus_20,weight,3795824b-cb76-48dd-a65c-764c757ddc76,1,2,1,6.023,6.035,0.012000000000000455,2,True
TR,nuscale_voygr6,w_RI_plus_20,weight,381221dd-76da-4adf-9b19-5da9f0779c22,42,40,-2,6.653,6.65,-0.0029999999999992255,119,False
TR,nuscale_voygr6,w_RI_plus_20,weight,3819acc8-761d-49ba-89e7-967d3d37ec0e,61,61,0,6.344,6.351,0.006999999999999673,119,False
PL,nuscale_voygr6,w_RI_plus_20,weight,399668d6-bfed-4e5b-bf38-9ee5902101c3,57,57,0,5.5,5.421,-0.07899999999999974,61,False
TR,nuscale_voygr6,w_RI_plus_20,weight,3a06636d-c742-4b72-b9cd-21a4537c331b,106,105,-1,5.756,5.716,-0.040000000000000036,119,False
BG,nuscale_voygr6,w_RI_plus_20,weight,3bb6666f-de2f-4c6f-a28e-c3bddb71b54a,4,4,0,7.009,7.024,0.01499999999999968,8,False
TR,nuscale_voygr6,w_RI_plus_20,weight,3bc834ed-5c2b-47d6-b555-2e20b9044053,55,58,3,6.47,6.441,-0.028999999999999915,119,False
UA,nuscale_voygr6,w_RI_plus_20,weight,3bd2a957-ff3b-4bfd-9dba-808279edccb9,14,14,0,6.192,6.223,0.030999999999999694,20,False
RO,nuscale_voygr6,w_RI_plus_20,weight,3bef37a3-239e-498d-a160-77452a6a9b79,20,20,0,5.463,5.359,-0.10400000000000009,22,False
PL,nuscale_voygr6,w_RI_plus_20,weight,3d2d4c37-eb9d-4b35-a8b1-b3f485bc3e3f,28,29,1,6.291,6.189,-0.10200000000000031,61,False
TR,nuscale_voygr6,w_RI_plus_20,weight,3e5f4317-6f40-44fb-bfa2-e21dc4d9922d,76,76,0,6.234,6.171,-0.06299999999999972,119,False
TR,nuscale_voygr6,w_RI_plus_20,weight,3f1ad930-cffb-4991-badd-773db74b890c,48,51,3,6.572,6.497,-0.07500000000000018,119,False
PL,nuscale_voygr6,w_RI_plus_20,weight,40650551-0c9c-45ea-bac6-befdb0cb5909,40,40,0,5.941,5.839,-0.10199999999999942,61,False
PL,nuscale_voygr6,w_RI_plus_20,weight,409dde58-5df1-44d9-b5ec-f8e2edd86786,38,39,1,5.978,5.863,-0.11499999999999932,61,False
PL,nuscale_voygr6,w_RI_plus_20,weight,40b4334a-7ba4-4ed8-aa8e-3c405599fbd7,31,32,1,6.141,6.02,-0.12100000000000044,61,False
PL,nuscale_voygr6,w_RI_plus_20,weight,416aab55-6fd9-4a0a-b8f8-796fb62d86a5,32,31,-1,6.116,6.032,-0.08399999999999963,61,False
TR,nuscale_voygr6,w_RI_plus_20,weight,42d5b3fd-7d07-409b-9154-4441695b7901,74,77,3,6.253,6.16,-0.09299999999999997,119,False
CZ,nuscale_voygr6,w_RI_plus_20,weight,43e5b2b4-2ccf-46ab-b01e-e3d480146455,29,29,0,5.378,5.307,-0.07099999999999973,29,False
TR,nuscale_voygr6,w_RI_plus_20,weight,43f99d45-6635-4392-a522-4a06445fdaf2,6,5,-1,7.328,7.326,-0.002000000000000668,119,False
PL,nuscale_voygr6,w_RI_plus_20,weight,4411a22e-4e8a-4715-b000-1aae34494b68,19,19,0,6.797,6.794,-0.0030000000000001137,61,False
TR,nuscale_voygr6,w_RI_plus_20,weight,44362378-9c74-44af-8a08-be4877f50e97,108,107,-1,5.741,5.646,-0.09499999999999975,119,False
TR,nuscale_voygr6,w_RI_plus_20,weight,44698c12-3c50-4602-8104-dafa5fd215b6,98,97,-1,5.966,5.911,-0.055000000000000604,119,False
UA,nuscale_voygr6,w_RI_plus_20,weight,447a9ea1-47fa-48a3-93f2-a77cbd629ac7,6,6,0,6.887,6.876,-0.010999999999999233,20,False
CZ,nuscale_voygr6,w_RI_plus_20,weight,44d40276-5847-41d1-ab9b-887bbdc1bcfe,25,25,0,5.74,5.653,-0.08700000000000063,29,False
UA,nuscale_voygr6,w_RI_plus_20,weight,46b96bc3-b190-4045-9c86-eb674e2ea35e,7,8,1,6.797,6.789,-0.008000000000000007,20,False
PL,nuscale_voygr6,w_RI_plus_20,weight,47be3ec4-7abe-4f4c-ac3d-b7f753b8514a,50,50,0,5.753,5.718,-0.03500000000000014,61,False
TR,nuscale_voygr6,w_RI_plus_20,weight,48149515-0774-404d-b273-790b660a8d90,37,33,-4,6.72,6.735,0.015000000000000568,119,False
TR,nuscale_voygr6,w_RI_plus_20,weight,4b11cac9-4fe0-4a2a-9c09-4fe9a0ac6015,34,41,7,6.722,6.642,-0.08000000000000007,119,False
UA,nuscale_voygr6,w_RI_plus_20,weight,4e45df00-0d28-44d0-9697-3fa33d76fc88,9,7,-2,6.788,6.819,0.030999999999999694,20,False
CZ,nuscale_voygr6,w_RI_plus_20,weight,4eb7914c-e000-403c-b5a5-c350de67bb83,23,23,0,5.911,5.831,-0.07999999999999918,29,False
TR,nuscale_voygr6,w_RI_plus_20,weight,5067ece3-b204-495e-81c1-90a523252547,113,113,0,5.464,5.363,-0.10099999999999998,119,False
TR,nuscale_voygr6,w_RI_plus_20,weight,52028d4f-7796-4463-832e-cff2e439c96a,52,47,-5,6.523,6.525,0.002000000000000668,119,False
RO,nuscale_voygr6,w_RI_plus_20,weight,52a7babe-313f-493b-86b9-bd0c4aece4c3,4,4,0,7.016,7.008,-0.008000000000000007,22,False
PL,nuscale_voygr6,w_RI_plus_20,weight,52db4dae-b014-45a4-96c4-49f80c1fdd11,6,6,0,7.184,7.176,-0.008000000000000007,61,False
AT,nuscale_voygr6,w_RI_plus_20,weight,532bfb42-0d4c-42cf-a81a-287f2b3a75bf,3,4,1,6.616,6.534,-0.08199999999999985,6,False
TR,nuscale_voygr6,w_RI_plus_20,weight,53481b7f-5b85-4bab-be04-4866c2e72c12,104,101,-3,5.812,5.819,0.006999999999999673,119,False
PL,nuscale_voygr6,w_RI_plus_20,weight,558e7bff-5b5d-4666-9ca3-ec02f2269aab,8,8,0,7.134,7.127,-0.007000000000000561,61,False
TR,nuscale_voygr6,w_RI_plus_20,weight,55cfe45b-6357-40f9-8623-e9916f91f839,27,29,2,6.872,6.843,-0.028999999999999915,119,False
TR,nuscale_voygr6,w_RI_plus_20,weight,56b8e2a3-1885-431f-9fd1-4cd3bebfad61,46,49,3,6.584,6.509,-0.07499999999999929,119,False
TR,nuscale_voygr6,w_RI_plus_20,weight,57c0c830-725f-46ee-9322-0a4a3ad9efda,22,23,1,6.938,6.888,-0.04999999999999982,119,False
TR,nuscale_voygr6,w_RI_plus_20,weight,5a19f424-1a15-44e6-bf1b-c2c5886ac1bf,53,55,2,6.509,6.451,-0.05800000000000072,119,False
RO,nuscale_voygr6,w_RI_plus_20,weight,5a33e5f0-6d86-4eab-adea-6c6bad7f3f45,19,19,0,5.903,5.815,-0.08799999999999919,22,False
PL,nuscale_voygr6,w_RI_plus_20,weight,5a57ae0a-6f91-46f4-a1f5-56a6b37596e9,59,59,0,5.341,5.271,-0.07000000000000028,61,False
TR,nuscale_voygr6,w_RI_plus_20,weight,5b6be56c-d981-470c-a979-13a8764a34b8,50,46,-4,6.556,6.556,0.0,119,False
RS,nuscale_voygr6,w_RI_plus_20,weight,5d4aee8d-9e73-4987-907a-d092e0ba92ed,5,5,0,6.503,6.469,-0.03399999999999981,7,False
HU,nuscale_voygr6,w_RI_plus_20,weight,5de5f907-98e7-42d3-a7dd-cb65f839697b,4,4,0,6.778,6.783,0.005000000000000782,11,False
UA,nuscale_voygr6,w_RI_plus_20,weight,5ed0a674-a292-44bc-997f-5c1990da1235,2,2,0,7.372,7.381,0.009000000000000341,20,False
TR,nuscale_voygr6,w_RI_plus_20,weight,5ed91c1b-0a1b-4a4c-9b2b-f6bdc8ff9770,91,90,-1,6.082,6.062,-0.019999999999999574,119,False
CZ,nuscale_voygr6,w_RI_plus_20,weight,5f4ed23c-cea2-41ef-a3e8-ac863e1bdcd6,15,14,-1,6.339,6.372,0.032999999999999474,29,False
TR,nuscale_voygr6,w_RI_plus_20,weight,5fa0dfa9-c272-444e-8e70-80ab55b5d36c,19,18,-1,7.009,7.05,0.04099999999999948,119,False
CZ,nuscale_voygr6,w_RI_plus_20,weight,60baaa73-dd8c-4865-bb18-6c73d63a4052,10,10,0,6.648,6.63,-0.017999999999999794,29,False
CZ,nuscale_voygr6,w_RI_plus_20,weight,63601ccc-3f20-4cbd-95cb-0fbeaf821c6a,11,11,0,6.51,6.497,-0.0129999999999999,29,False
HU,nuscale_voygr6,w_RI_plus_20,weight,651839d3-4e8f-4214-89aa-1f96ea221121,7,7,0,5.967,6.006,0.03900000000000059,11,False
AT,nuscale_voygr6,w_RI_plus_20,weight,660d9d71-6733-4294-951b-1c58614d58cf,1,1,0,7.159,7.164,0.004999999999999893,6,False
PL,nuscale_voygr6,w_RI_plus_20,weight,66bdc30c-4179-480b-a55a-5d15be5ac66b,20,20,0,6.775,6.754,-0.021000000000000796,61,False
CZ,nuscale_voygr6,w_RI_plus_20,weight,66c3f077-1ee6-41d7-8e6c-da374bb45139,28,28,0,5.622,5.539,-0.08300000000000018,29,False
TR,nuscale_voygr6,w_RI_plus_20,weight,674deb4f-110c-4120-bea0-5f0711da3ea1,5,6,1,7.347,7.321,-0.02600000000000069,119,False
BY,nuscale_voygr6,w_RI_plus_20,weight,68aabff9-e662-4b9f-b37d-4c2ebc5f7539,2,2,0,6.991,7.013,0.02200000000000024,2,True
RO,nuscale_voygr6,w_RI_plus_20,weight,693d9b73-f9fc-4502-9b94-be020c5d21fb,7,6,-1,6.653,6.648,-0.004999999999999893,22,False
RO,nuscale_voygr6,w_RI_plus_20,weight,6aed2eac-1c97-40c5-b842-fb15fd510f35,11,11,0,6.266,6.201,-0.06500000000000039,22,False
RO,nuscale_voygr6,w_RI_plus_20,weight,6c428b2a-ad09-448b-b24c-22465929d69c,21,21,0,5.428,5.344,-0.08399999999999963,22,False
TR,nuscale_voygr6,w_RI_plus_20,weight,6c9571c4-5d3b-4f88-a7be-fa8c21425eeb,3,3,0,7.38,7.397,0.017000000000000348,119,False
TR,nuscale_voygr6,w_RI_plus_20,weight,6ddc2960-3d72-4d5f-b358-56d1c54f47e0,70,73,3,6.278,6.213,-0.0649999999999995,119,False
AT,nuscale_voygr6,w_RI_plus_20,weight,6e7fc4d8-636d-411a-baef-e138a5a07acc,5,5,0,6.544,6.441,-0.10299999999999976,6,False
BG,nuscale_voygr6,w_RI_plus_20,weight,704ef487-f600-4f23-b06e-a0f81b627597,7,8,1,5.878,5.778,-0.10000000000000053,8,False
UA,nuscale_voygr6,w_RI_plus_20,weight,70781f2c-24c2-486c-8b32-310c36ba1238,15,15,0,6.185,6.14,-0.04499999999999993,20,False
UA,nuscale_voygr6,w_RI_plus_20,weight,725406d6-860f-4ca0-9c6a-425675bac381,11,11,0,6.543,6.439,-0.10400000000000009,20,False
TR,nuscale_voygr6,w_RI_plus_20,weight,737b6d06-1d0c-4ae6-9683-ab3fea192b32,60,60,0,6.355,6.371,0.016000000000000014,119,False
PL,nuscale_voygr6,w_RI_plus_20,weight,73fe8f06-c53b-4877-9c1d-5caf3d8f2749,60,60,0,5.332,5.247,-0.08499999999999996,61,False
TR,nuscale_voygr6,w_RI_plus_20,weight,746fc66e-d31f-4c5d-bf5c-ab5031b04b15,89,84,-5,6.122,6.138,0.016000000000000014,119,False
MK,nuscale_voygr6,w_RI_plus_20,weight,756218bb-3f16-443e-b6c6-400cd0ce2f87,3,3,0,6.181,6.169,-0.012000000000000455,3,False
TR,nuscale_voygr6,w_RI_plus_20,weight,75f807aa-8278-43a3-8654-730713b96001,58,56,-2,6.421,6.447,0.0259999999999998,119,False
TR,nuscale_voygr6,w_RI_plus_20,weight,76cd9b7f-7613-4fd4-95ab-bf534a2e2f5e,85,86,1,6.153,6.095,-0.05799999999999983,119,False
SK,nuscale_voygr6,w_RI_plus_20,weight,770f1d3c-e5fd-493c-a376-e708d2abec6c,1,1,0,7.022,7.031,0.008999999999999453,5,False
TR,nuscale_voygr6,w_RI_plus_20,weight,772e2484-419b-47de-9739-924ac371ad10,51,52,1,6.534,6.475,-0.05900000000000016,119,False
TR,nuscale_voygr6,w_RI_plus_20,weight,778e0750-19f9-426e-a6c7-e0e30645fb97,10,12,2,7.185,7.126,-0.058999999999999275,119,False
TR,nuscale_voygr6,w_RI_plus_20,weight,7a805295-0cd2-48be-972e-5282c996549c,79,80,1,6.216,6.153,-0.06300000000000061,119,False
TR,nuscale_voygr6,w_RI_plus_20,weight,7b4d3f8f-a644-48a3-93f9-cd3c154dc5c2,107,108,1,5.747,5.639,-0.10799999999999965,119,False
TR,nuscale_voygr6,w_RI_plus_20,weight,7cc9cffa-e4e4-4546-902d-c8f4800dbdb2,29,31,2,6.815,6.774,-0.04100000000000037,119,False
PL,nuscale_voygr6,w_RI_plus_20,weight,7fc17ab0-ce24-4830-a938-b8424d1e9368,9,9,0,7.116,7.09,-0.0259999999999998,61,False
BA,nuscale_voygr6,w_RI_plus_20,weight,82011c29-a3d3-4a81-a27b-019d2649a251,6,6,0,5.934,5.908,-0.0259999999999998,6,False
RO,nuscale_voygr6,w_RI_plus_20,weight,825dc024-9a53-4237-bf59-cbe0af0cf87d,6,7,1,6.703,6.619,-0.08400000000000052,22,False
TR,nuscale_voygr6,w_RI_plus_20,weight,829f61ff-0ad1-4288-8dd9-e41abbd0b6a7,119,119,0,5.087,4.99,-0.09699999999999953,119,False
TR,nuscale_voygr6,w_RI_plus_20,weight,82aac38c-3037-466c-9b37-bff9da707645,87,87,0,6.134,6.074,-0.0600000000000005,119,False
MK,nuscale_voygr6,w_RI_plus_20,weight,83d3abe4-2049-47ad-a66b-46034edb7569,2,2,0,6.707,6.69,-0.01699999999999946,3,False
UA,nuscale_voygr6,w_RI_plus_20,weight,83fede8b-5f92-429d-920d-9a8928a74780,4,4,0,7.166,7.183,0.01699999999999946,20,False
BA,nuscale_voygr6,w_RI_plus_20,weight,85257083-08d1-4560-b198-a9df414da4a9,1,1,0,6.951,6.996,0.04500000000000082,6,False
RO,nuscale_voygr6,w_RI_plus_20,weight,8781d874-5923-4795-9c9f-b2a6c709025a,18,18,0,5.941,5.851,-0.08999999999999986,22,False
TR,nuscale_voygr6,w_RI_plus_20,weight,8782d6f2-5f9f-4c67-b9f2-6756857bd200,92,91,-1,6.062,6.017,-0.04499999999999993,119,False
TR,nuscale_voygr6,w_RI_plus_20,weight,8a5dc384-e272-41ed-9868-a0686ac3fc7e,47,50,3,6.584,6.509,-0.07499999999999929,119,False
PL,nuscale_voygr6,w_RI_plus_20,weight,8a9d5c87-7edc-49c3-85a2-d97727b9c9b2,27,27,0,6.297,6.207,-0.08999999999999986,61,False
TR,nuscale_voygr6,w_RI_plus_20,weight,8b16dc60-1a2b-4b2c-bcad-1c334d246ae3,102,104,2,5.841,5.746,-0.09499999999999975,119,False
TR,nuscale_voygr6,w_RI_plus_20,weight,8dd46a05-6e0c-4009-90ad-bd5909c25622,110,111,1,5.594,5.508,-0.0860000000000003,119,False
PL,nuscale_voygr6,w_RI_plus_20,weight,8dd8db4c-b62d-4f6b-a2ee-70a9ed785e7a,48,47,-1,5.816,5.73,-0.08599999999999941,61,False
PL,nuscale_voygr6,w_RI_plus_20,weight,8e485f8a-5c68-4541-ab1d-77783f6fcb2d,18,16,-2,6.806,6.823,0.017000000000000348,61,False
HU,nuscale_voygr6,w_RI_plus_20,weight,903d6b94-cd9d-4c32-b7e2-4bbfbee929df,5,5,0,6.641,6.664,0.022999999999999687,11,False
AT,nuscale_voygr6,w_RI_plus_20,weight,90820fe3-9889-4faf-9906-7c528f8d7bc5,6,6,0,6.347,6.306,-0.04100000000000037,6,False
TR,nuscale_voygr6,w_RI_plus_20,weight,9163ca37-1b31-409d-974f-9e7ed5e5f33d,80,79,-1,6.216,6.155,-0.06099999999999994,119,False
PL,nuscale_voygr6,w_RI_plus_20,weight,917008f5-fba1-4ef7-b82d-9aded2b69267,4,4,0,7.222,7.205,-0.017000000000000348,61,False
TR,nuscale_voygr6,w_RI_plus_20,weight,91f28dbb-16bd-449b-a20a-dc2b70cf2e66,94,96,2,6.028,5.96,-0.06799999999999962,119,False
TR,nuscale_voygr6,w_RI_plus_20,weight,94a5c55f-c499-41b1-81da-deaa36686399,18,19,1,7.022,7.031,0.008999999999999453,119,False
UA,nuscale_voygr6,w_RI_plus_20,weight,95872473-c476-4ceb-bcf5-54cfdf415e42,19,19,0,5.921,5.865,-0.05600000000000005,20,False
RO,nuscale_voygr6,w_RI_plus_20,weight,958e4d82-853a-41f1-a442-94b4c4314221,2,2,0,7.159,7.164,0.004999999999999893,22,False
TR,nuscale_voygr6,w_RI_plus_20,weight,96129c93-83a6-4b1c-929b-bfccba86a796,77,83,6,6.234,6.147,-0.08699999999999974,119,False
TR,nuscale_voygr6,w_RI_plus_20,weight,9699244b-14c0-4e27-afd1-105494fccd60,21,21,0,6.947,6.941,-0.006000000000000227,119,False
CZ,nuscale_voygr6,w_RI_plus_20,weight,97ed917e-acfa-4002-be89-4ec44972ab45,20,21,1,6.016,5.907,-0.10899999999999999,29,False
TR,nuscale_voygr6,w_RI_plus_20,weight,98019711-a8c3-424a-870e-00d4fea75ed1,100,103,3,5.859,5.749,-0.11000000000000032,119,False
RO,nuscale_voygr6,w_RI_plus_20,weight,9825e28e-fd6e-460d-9caf-0342563f9060,10,8,-2,6.441,6.45,0.009000000000000341,22,False
RS,nuscale_voygr6,w_RI_plus_20,weight,993ccce2-d5e1-498d-827d-8dbfeb42582b,3,3,0,6.634,6.62,-0.014000000000000234,7,False
HU,nuscale_voygr6,w_RI_plus_20,weight,997474f6-9bfd-4abd-a2ac-d8618db8f0b4,1,1,0,7.584,7.586,0.002000000000000668,11,False
AT,nuscale_voygr6,w_RI_plus_20,weight,99d712ac-7993-4186-8a0e-2e88bae7e90f,4,3,-1,6.559,6.536,-0.023000000000000576,6,False
TR,nuscale_voygr6,w_RI_plus_20,weight,9a6447f2-2887-4cce-a115-dc773d7f6eb1,31,30,-1,6.809,6.801,-0.008000000000000007,119,False
CZ,nuscale_voygr6,w_RI_plus_20,weight,9c4291f1-173b-467e-ae26-8cb01312c605,7,7,0,6.773,6.784,0.01100000000000012,29,False
TR,nuscale_voygr6,w_RI_plus_20,weight,9eb693f6-6994-4937-bc4d-e8213baa5d47,59,59,0,6.391,6.44,0.04900000000000038,119,False
BG,nuscale_voygr6,w_RI_plus_20,weight,a064c7ae-e699-4a94-a18c-79bdfe42bce3,3,3,0,7.091,7.109,0.017999999999999794,8,False
PL,nuscale_voygr6,w_RI_plus_20,weight,a19228ce-f25a-4ffd-a249-9d01403e6b81,11,11,0,6.953,6.926,-0.027000000000000135,61,False
BA,nuscale_voygr6,w_RI_plus_20,weight,a23d073a-cbbd-469a-b134-380945fd3f4c,5,5,0,6.458,6.468,0.009999999999999787,6,False
SK,nuscale_voygr6,w_RI_plus_20,weight,a2d8261c-3d08-4015-946c-47dbddbd0b98,5,5,0,5.691,5.604,-0.08699999999999974,5,False
TR,nuscale_voygr6,w_RI_plus_20,weight,a4af3789-2c40-41fc-a3ec-3b8d2fc6c645,86,88,2,6.148,6.072,-0.07599999999999962,119,False
RO,nuscale_voygr6,w_RI_plus_20,weight,a4fa3246-27d6-4740-898c-bdf9dadcb88c,14,14,0,6.078,5.984,-0.0940000000000003,22,False
PL,nuscale_voygr6,w_RI_plus_20,weight,a55e3643-8ed4-434b-b14f-2d549d09c0d9,10,10,0,6.984,6.969,-0.01499999999999968,61,False
TR,nuscale_voygr6,w_RI_plus_20,weight,a6478cb9-5b8c-4d64-bbe6-3d3ed6a3da2c,4,4,0,7.354,7.331,-0.022999999999999687,119,False
PL,nuscale_voygr6,w_RI_plus_20,weight,a67255dd-8134-418e-9377-e28516c53722,25,26,1,6.384,6.237,-0.14700000000000024,61,False
PL,nuscale_voygr6,w_RI_plus_20,weight,a6b51b4f-ba1d-49cd-bc99-8898acdbeb78,26,25,-1,6.345,6.275,-0.0699999999999994,61,False
CZ,nuscale_voygr6,w_RI_plus_20,weight,a6bf9980-016e-47ea-b40a-82e384a9eb43,22,22,0,5.951,5.843,-0.10799999999999965,29,False
CZ,nuscale_voygr6,w_RI_plus_20,weight,a733fc13-11a4-4722-b62d-85c85a4f8ef3,21,20,-1,6.016,5.996,-0.019999999999999574,29,False
PL,nuscale_voygr6,w_RI_plus_20,weight,a7eeee6e-e14a-40ba-80b6-75ed2e170b20,33,34,1,6.103,5.984,-0.11899999999999977,61,False
PL,nuscale_voygr6,w_RI_plus_20,weight,a91dfe3d-93e0-43a1-99d2-41abdd1fc2ce,53,53,0,5.678,5.593,-0.08499999999999996,61,False
TR,nuscale_voygr6,w_RI_plus_20,weight,a96dc545-41a9-4b0d-a7a3-f40ef711e5e3,41,35,-6,6.668,6.697,0.028999999999999915,119,False
BA,nuscale_voygr6,w_RI_plus_20,weight,aa0bdb5e-45aa-4d15-8aee-cb5b0e14f5d9,3,3,0,6.622,6.676,0.05400000000000027,6,False
TR,nuscale_voygr6,w_RI_plus_20,weight,aa336cdc-f6fe-4b08-b46d-69e852c501bf,62,68,6,6.328,6.249,-0.07900000000000063,119,False
CZ,nuscale_voygr6,w_RI_plus_20,weight,aa38441d-aec7-4ae9-b4c3-68c5bf567db3,16,17,1,6.214,6.211,-0.0030000000000001137,29,False
HR,nuscale_voygr6,w_RI_plus_20,weight,ab151830-e5bd-46de-8400-01aa4c165366,1,1,0,6.214,6.247,0.032999999999999474,1,True
PL,nuscale_voygr6,w_RI_plus_20,weight,ab57f5c3-8699-46f9-970f-3007dfc58af4,23,23,0,6.503,6.433,-0.07000000000000028,61,False
TR,nuscale_voygr6,w_RI_plus_20,weight,ad0c8590-c672-43f2-a813-1217a10f7d2d,1,1,0,7.784,7.787,0.0030000000000001137,119,False
PL,nuscale_voygr6,w_RI_plus_20,weight,ad7a9c00-0c75-411f-8f89-859e603df1e6,51,51,0,5.753,5.64,-0.11300000000000043,61,False
TR,nuscale_voygr6,w_RI_plus_20,weight,adeb10a5-aaae-4e2c-b426-3db1c3d9bd5b,93,93,0,6.053,5.996,-0.056999999999999496,119,False
RO,nuscale_voygr6,w_RI_plus_20,weight,af7f107f-71b5-5a33-8125-9ccb7060f895,3,3,0,7.114,7.136,0.02200000000000024,22,False
RO,nuscale_voygr6,w_RI_plus_20,weight,aff5ffe6-fe7a-4de7-afad-9d4645a64cd9,9,9,0,6.478,6.438,-0.040000000000000036,22,False
BG,nuscale_voygr6,w_RI_plus_20,weight,b01fe781-dbc7-40f8-a544-946288020042,5,5,0,6.984,7.019,0.03500000000000014,8,False
CZ,nuscale_voygr6,w_RI_plus_20,weight,b0ba194f-3c80-4725-b1e7-fa5277b38833,2,2,0,7.016,7.006,-0.009999999999999787,29,False
PL,nuscale_voygr6,w_RI_plus_20,weight,b24c9876-5a4d-4b83-b442-af2f4b0d1047,45,45,0,5.866,5.79,-0.07599999999999962,61,False
PL,nuscale_voygr6,w_RI_plus_20,weight,b24f9ac5-5ddf-4b19-ba95-76dafeca3d2c,2,2,0,7.284,7.272,-0.011999999999999567,61,False
MD,nuscale_voygr6,w_RI_plus_20,weight,b3eb5dd2-98cf-40c4-b9ee-2a86fd066093,1,1,0,6.959,6.97,0.01100000000000012,1,True
TR,nuscale_voygr6,w_RI_plus_20,weight,b588126a-42d6-49dc-b227-9283af5a2578,35,42,7,6.722,6.642,-0.08000000000000007,119,False
TR,nuscale_voygr6,w_RI_plus_20,weight,b5a75ec8-a2fe-42ad-b33e-ea32e20ebdfb,45,45,0,6.622,6.577,-0.04499999999999993,119,False
TR,nuscale_voygr6,w_RI_plus_20,weight,b5ff798e-e059-4d8b-a903-00a1fefc62ab,36,43,7,6.722,6.642,-0.08000000000000007,119,False
PL,nuscale_voygr6,w_RI_plus_20,weight,b789a244-7d29-4be3-afe4-2f45d7f11eab,47,49,2,5.819,5.729,-0.08999999999999986,61,False
TR,nuscale_voygr6,w_RI_plus_20,weight,b8875ff2-9e9d-4520-8879-c71468e9cc50,25,22,-3,6.891,6.913,0.02200000000000024,119,False
PL,nuscale_voygr6,w_RI_plus_20,weight,b8a00967-90a3-4a4e-9979-6b8651d87380,29,28,-1,6.291,6.201,-0.09000000000000075,61,False
PL,nuscale_voygr6,w_RI_plus_20,weight,b8bc6544-1571-4906-95e0-314d62c78a24,15,18,3,6.853,6.817,-0.03599999999999959,61,False
TR,nuscale_voygr6,w_RI_plus_20,weight,b90e80f9-66f3-4290-8aa2-518b8422aba0,112,110,-2,5.591,5.513,-0.07800000000000029,119,False
TR,nuscale_voygr6,w_RI_plus_20,weight,bac4a081-83dc-4aba-8076-b67bfc55f54c,95,95,0,6.016,5.967,-0.04900000000000038,119,False
TR,nuscale_voygr6,w_RI_plus_20,weight,bb2453b0-c76d-40ea-bcc4-870391f05b2f,118,118,0,5.2,5.135,-0.06500000000000039,119,False
TR,nuscale_voygr6,w_RI_plus_20,weight,bfadbe66-971d-4f64-b222-604a7ee6ac6b,16,14,-2,7.072,7.123,0.051000000000000156,119,False
RO,nuscale_voygr6,w_RI_plus_20,weight,c3790475-3d3b-4e2b-92ae-24503fe03e6b,8,10,2,6.491,6.414,-0.07699999999999996,22,False
PL,nuscale_voygr6,w_RI_plus_20,weight,c39819ef-6798-4c01-9a82-9eead65b5f56,22,22,0,6.691,6.626,-0.0649999999999995,61,False
PL,nuscale_voygr6,w_RI_plus_20,weight,c42c5942-264d-43a1-a9eb-95b00480eb1a,49,48,-1,5.816,5.73,-0.08599999999999941,61,False
UA,nuscale_voygr6,w_RI_plus_20,weight,c47eb6a3-49c1-4879-95b6-9bcd53b7af04,5,5,0,6.959,6.934,-0.024999999999999467,20,False
PL,nuscale_voygr6,w_RI_plus_20,weight,c4d7f628-c108-4496-ac02-6076ea3ae448,34,33,-1,6.082,6.008,-0.07399999999999984,61,False
TR,nuscale_voygr6,w_RI_plus_20,weight,c657c5c3-38a2-472d-8962-9e7cefcd2c1e,24,27,3,6.908,6.85,-0.05800000000000072,119,False
TR,nuscale_voygr6,w_RI_plus_20,weight,c6b846cb-3a01-4e17-9d51-da4b58fd1827,105,106,1,5.791,5.694,-0.09700000000000042,119,False
TR,nuscale_voygr6,w_RI_plus_20,weight,c7afd455-7beb-4d23-8d3b-e9a102782d2b,109,109,0,5.706,5.636,-0.07000000000000028,119,False
TR,nuscale_voygr6,w_RI_plus_20,weight,c8e1cc12-080a-4e01-925d-8fd6e4334856,96,94,-2,6.016,5.979,-0.03699999999999992,119,False
RS,nuscale_voygr6,w_RI_plus_20,weight,c8f15aca-174b-4be6-a6d9-abfa4685d10d,7,7,0,6.453,6.37,-0.08300000000000018,7,False
SK,nuscale_voygr6,w_RI_plus_20,weight,c97125b3-20ed-4e21-a853-b928644ec7dd,2,2,0,6.978,7.001,0.023000000000000576,5,False
TR,nuscale_voygr6,w_RI_plus_20,weight,c9c85786-eb26-4e7b-b280-83a54b7e834f,63,66,3,6.328,6.261,-0.06700000000000017,119,False
TR,nuscale_voygr6,w_RI_plus_20,weight,ca423571-d2ab-44d4-b5ce-3e649d9cc776,82,82,0,6.209,6.149,-0.05999999999999961,119,False
TR,nuscale_voygr6,w_RI_plus_20,weight,cb08e7b6-0af3-45d9-95c3-3832e7e2677c,44,44,0,6.628,6.59,-0.038000000000000256,119,False
TR,nuscale_voygr6,w_RI_plus_20,weight,cb825b0f-e315-4221-b194-43d5b472382d,90,92,2,6.084,5.997,-0.08699999999999974,119,False
CZ,nuscale_voygr6,w_RI_plus_20,weight,cbd67443-4a4e-44fd-a9ed-20ba9574c99e,27,26,-1,5.701,5.615,-0.08599999999999941,29,False
TR,nuscale_voygr6,w_RI_plus_20,weight,cc635340-954c-4428-9fa1-14383c7faceb,43,39,-4,6.641,6.658,0.017000000000000348,119,False
PL,nuscale_voygr6,w_RI_plus_20,weight,ccc15bde-1c5a-40bf-8f09-2fcb1e896ce5,55,55,0,5.622,5.559,-0.06299999999999972,61,False
PL,nuscale_voygr6,w_RI_plus_20,weight,cd84938d-eea8-47a1-8ea6-2e9f943e5914,14,12,-2,6.884,6.898,0.013999999999999346,61,False
UA,nuscale_voygr6,w_RI_plus_20,weight,cdb6adfb-52ff-4631-939a-001080b20450,8,9,1,6.795,6.754,-0.04100000000000037,20,False
PL,nuscale_voygr6,w_RI_plus_20,weight,cdc888ad-fd51-4710-a5ab-3cd0fe9ddb48,21,21,0,6.753,6.732,-0.020999999999999908,61,False
TR,nuscale_voygr6,w_RI_plus_20,weight,ce39538c-997e-4a7d-bc32-f164f50f9aa0,75,65,-10,6.253,6.272,0.019000000000000128,119,False
UA,nuscale_voygr6,w_RI_plus_20,weight,cec871bd-c7f6-4444-b0da-9b3a9ecc6963,3,3,0,7.197,7.224,0.027000000000000135,20,False
TR,nuscale_voygr6,w_RI_plus_20,weight,cf9150af-0325-44d8-bbaf-493e742f2e2b,54,57,3,6.503,6.445,-0.05799999999999983,119,False
TR,nuscale_voygr6,w_RI_plus_20,weight,d020ac37-4f23-41b1-8f1e-b425b5769424,57,53,-4,6.431,6.467,0.03599999999999959,119,False
TR,nuscale_voygr6,w_RI_plus_20,weight,d12e7ffc-4cd3-4ff4-81da-ae360d59409b,71,74,3,6.278,6.213,-0.0649999999999995,119,False
TR,nuscale_voygr6,w_RI_plus_20,weight,d1863136-5ff4-4b4d-a9c0-6219e92d637d,23,24,1,6.938,6.888,-0.04999999999999982,119,False
TR,nuscale_voygr6,w_RI_plus_20,weight,d21335d4-0a3d-4464-85e0-352745a38db4,81,81,0,6.216,6.153,-0.06300000000000061,119,False
RS,nuscale_voygr6,w_RI_plus_20,weight,d30af109-79cb-4ab5-a878-6f574b58116a,6,6,0,6.472,6.408,-0.06400000000000006,7,False
PL,nuscale_voygr6,w_RI_plus_20,weight,d3b5a049-6bff-400b-9312-96985f03acea,58,58,0,5.48,5.402,-0.07800000000000029,61,False
UA,nuscale_voygr6,w_RI_plus_20,weight,d3b9e403-7744-44c5-b5c3-999c4c1911d8,20,20,0,5.781,5.731,-0.04999999999999982,20,False
TR,nuscale_voygr6,w_RI_plus_20,weight,d3f986d9-a023-4d43-a0fb-03361f310873,33,36,3,6.734,6.693,-0.04100000000000037,119,False
TR,nuscale_voygr6,w_RI_plus_20,weight,d48d2f39-d58f-4299-9b2f-56d194d2d13b,73,71,-2,6.266,6.225,-0.04100000000000037,119,False
RO,nuscale_voygr6,w_RI_plus_20,weight,d498ded8-449c-4672-8bb9-0ed6c8fef775,16,16,0,5.991,5.911,-0.08000000000000007,22,False
TR,nuscale_voygr6,w_RI_plus_20,weight,d5151598-5a1a-4697-8147-592845ffef6c,72,67,-5,6.278,6.252,-0.0259999999999998,119,False
PL,nuscale_voygr6,w_RI_plus_20,weight,d60b377c-9bb4-4fd5-adb7-a9a9ba98ae76,37,37,0,6.003,5.911,-0.09200000000000053,61,False
TR,nuscale_voygr6,w_RI_plus_20,weight,d6cb5642-d5ec-4a15-bc6b-8be4cb0a382e,17,16,-1,7.059,7.098,0.0389999999999997,119,False
CZ,nuscale_voygr6,w_RI_plus_20,weight,d762ceeb-514f-43a6-9f91-a2d422ed6c60,3,3,0,7.009,6.999,-0.010000000000000675,29,False
RO,nuscale_voygr6,w_RI_plus_20,weight,dac2a974-a2de-46c5-b581-03985a9ae7d0,17,17,0,5.978,5.899,-0.07899999999999974,22,False
PL,nuscale_voygr6,w_RI_plus_20,weight,dadadad9-b67e-44b8-a9ab-4cbf116da20b,7,7,0,7.153,7.158,0.005000000000000782,61,False
TR,nuscale_voygr6,w_RI_plus_20,weight,db87ce6a-3802-44c5-945f-8a95d3cf111b,84,89,5,6.166,6.068,-0.09800000000000075,119,False
PL,nuscale_voygr6,w_RI_plus_20,weight,dc87cdf1-9936-4a59-a5e9-b5e360173490,41,43,2,5.928,5.815,-0.11299999999999955,61,False
TR,nuscale_voygr6,w_RI_plus_20,weight,dd413ee8-a6f2-4e7c-8e6c-6d0ed8637d83,26,25,-1,6.88,6.887,0.006999999999999673,119,False
TR,nuscale_voygr6,w_RI_plus_20,weight,ddc8bb9c-bf77-4075-b38c-600fb072acf8,8,8,0,7.263,7.296,0.03300000000000036,119,False
PL,nuscale_voygr6,w_RI_plus_20,weight,de6735bd-7a79-43c8-baad-1fe23d50d6f0,24,24,0,6.441,6.346,-0.09499999999999975,61,False
TR,nuscale_voygr6,w_RI_plus_20,weight,e03c394f-1c08-4101-b1fe-f6662fe4b424,9,7,-2,7.26,7.301,0.04100000000000037,119,False
RO,nuscale_voygr6,w_RI_plus_20,weight,e073b3f8-4312-4d34-b322-6289a3121af1,13,13,0,6.174,6.092,-0.08200000000000074,22,False
TR,nuscale_voygr6,w_RI_plus_20,weight,e10aae79-05b7-4ad9-9d69-60ce190b4444,64,69,5,6.328,6.249,-0.07900000000000063,119,False
HU,nuscale_voygr6,w_RI_plus_20,weight,e1649639-2e45-4226-9c7a-783d2dcb6724,10,11,1,5.411,5.336,-0.07499999999999929,11,False
CZ,nuscale_voygr6,w_RI_plus_20,weight,e299922a-1670-4aff-acda-fd80600af9af,8,8,0,6.716,6.704,-0.012000000000000455,29,False
PL,nuscale_voygr6,w_RI_plus_20,weight,e2c23866-db1e-4316-82b5-7e3fe50c3c09,35,35,0,6.053,5.947,-0.10599999999999987,61,False
RO,nuscale_voygr6,w_RI_plus_20,weight,e43af28e-a3d3-4047-a9cf-f3b0990754b4,15,15,0,6.041,5.947,-0.0940000000000003,22,False
UA,nuscale_voygr6,w_RI_plus_20,weight,e4c6a713-99e6-4fdf-afaa-d456779c504c,17,17,0,6.126,6.063,-0.06300000000000061,20,False
PL,nuscale_voygr6,w_RI_plus_20,weight,e4e3b5f0-7038-47a5-84e3-04eb07b3c4d7,3,3,0,7.227,7.209,-0.018000000000000682,61,False
TR,nuscale_voygr6,w_RI_plus_20,weight,e71ec827-7143-48dd-8c8a-8e81705fa971,65,64,-1,6.322,6.275,-0.04699999999999971,119,False
BA,nuscale_voygr6,w_RI_plus_20,weight,e75c63e5-ef2f-4e08-8f8c-3da41215af9d,2,2,0,6.747,6.777,0.03000000000000025,6,False
ME,nuscale_voygr6,w_RI_plus_20,weight,e77a7e7f-11ba-4e61-98da-f44471bc52ab,2,1,-1,6.023,6.06,0.03699999999999992,2,True
TR,nuscale_voygr6,w_RI_plus_20,weight,e780e4ac-0506-4186-9b58-0f378f878345,13,11,-2,7.116,7.141,0.025000000000000355,119,False
TR,nuscale_voygr6,w_RI_plus_20,weight,e894ba3e-e397-47c9-b0b9-a72cfb6bd680,99,100,1,5.928,5.827,-0.10099999999999998,119,False
TR,nuscale_voygr6,w_RI_plus_20,weight,e8b6e342-2011-4343-b415-a8bf08501499,103,102,-1,5.834,5.755,-0.07899999999999974,119,False
PL,nuscale_voygr6,w_RI_plus_20,weight,e9a1ae49-ff79-462c-af4e-7c6843221d36,61,61,0,5.328,5.235,-0.09299999999999997,61,False
TR,nuscale_voygr6,w_RI_plus_20,weight,e9bc02be-cf10-4b27-9b8a-0d4a954720e4,32,34,2,6.74,6.716,-0.02400000000000002,119,False
PL,nuscale_voygr6,w_RI_plus_20,weight,ebc0f461-acfa-47da-8094-5b15ea3e25a0,17,17,0,6.822,6.818,-0.004000000000000448,61,False
BG,nuscale_voygr6,w_RI_plus_20,weight,ec5f337a-ca52-4b86-a0f4-4933eac349e3,1,1,0,7.709,7.739,0.03000000000000025,8,False
PL,nuscale_voygr6,w_RI_plus_20,weight,ee332928-87b2-4e7b-9203-20e402bc551f,16,15,-1,6.853,6.848,-0.004999999999999893,61,False
PL,nuscale_voygr6,w_RI_plus_20,weight,ef2ee2ae-e73e-490c-aa07-746543fe20e6,43,41,-2,5.916,5.827,-0.08900000000000041,61,False
HU,nuscale_voygr6,w_RI_plus_20,weight,ef325d90-6d2d-4f8f-89f2-3bc98beb149b,8,8,0,5.73,5.778,0.047999999999999154,11,False
CZ,nuscale_voygr6,w_RI_plus_20,weight,f1d2bca1-a7a9-4404-84c1-34fc8a59dab7,26,27,1,5.703,5.597,-0.10599999999999987,29,False
HU,nuscale_voygr6,w_RI_plus_20,weight,f2b3a729-602a-4b6b-acc9-004244f2e556,9,10,1,5.418,5.355,-0.06299999999999972,11,False
UA,nuscale_voygr6,w_RI_plus_20,weight,f2c061de-66ad-4fce-b911-7f1899f25b75,12,12,0,6.417,6.364,-0.052999999999999936,20,False
TR,nuscale_voygr6,w_RI_plus_20,weight,f2e65fcf-afc4-4443-ac14-f15c8ffe48f3,11,10,-1,7.154,7.151,-0.0030000000000001137,119,False
CZ,nuscale_voygr6,w_RI_plus_20,weight,f3523341-daaa-4573-a856-becb2e1bb9e3,6,6,0,6.916,6.885,-0.031000000000000583,29,False
PL,nuscale_voygr6,w_RI_plus_20,weight,f5be4e73-938d-4fe2-b585-5090ec780670,42,42,0,5.922,5.821,-0.10099999999999998,61,False
HU,nuscale_voygr6,w_RI_plus_20,weight,f7dcdb63-26e6-44cd-b440-ec14fe507d90,2,2,0,6.941,6.94,-0.0009999999999994458,11,False
PL,nuscale_voygr6,w_RI_plus_20,weight,f8f9f43d-6a3b-445d-818e-ca82a90ace65,56,56,0,5.603,5.513,-0.08999999999999986,61,False
TR,nuscale_voygr6,w_RI_plus_20,weight,f92bc907-9b9b-4d21-92fd-1705bd71128c,69,75,6,6.291,6.208,-0.08300000000000018,119,False
TR,nuscale_voygr6,w_RI_plus_20,weight,fa6b7ac3-c1bf-478f-8d0a-1f357ea480cf,111,112,1,5.594,5.488,-0.10599999999999987,119,False
BY,nuscale_voygr6,w_RI_plus_20,weight,fac3d0b5-36a5-48ae-8494-f2f08e4342f4,1,1,0,7.378,7.406,0.02799999999999958,2,True
UA,nuscale_voygr6,w_RI_plus_20,weight,fb7d4d9a-3f27-4b50-9941-6a8fccd25e9a,16,16,0,6.153,6.112,-0.04099999999999948,20,False
TR,nuscale_voygr6,w_RI_plus_20,weight,fc307877-758b-4dbf-afbe-abfc4a778155,20,20,0,6.957,6.969,0.012000000000000455,119,False
TR,nuscale_voygr6,w_RI_plus_20,weight,fecb62d9-6fb8-4f8d-83e3-78a7c75adb6e,40,38,-2,6.672,6.668,-0.0039999999999995595,119,False
TR,nuscale_voygr6,w_swing,swing,0049a899-af5f-41cd-86ae-2ba729b6365f,67,61,-6,6.299,6.219,-0.08000000000000007,119,False
RS,nuscale_voygr6,w_swing,swing,0182ec25-0df9-4e4b-9861-d76a332bc282,4,6,2,6.559,6.368,-0.19099999999999984,7,False
UA,nuscale_voygr6,w_swing,swing,02253fcc-4fc6-42d4-a6a8-42365487302f,13,14,1,6.318,6.164,-0.15399999999999991,20,False
TR,nuscale_voygr6,w_swing,swing,0248611c-b745-404f-ad50-c2870882c7a1,15,10,-5,7.072,7.185,0.11299999999999955,119,False
UA,nuscale_voygr6,w_swing,swing,038d42e9-769b-4b22-9513-dccff48b42cd,18,18,0,6.02,5.808,-0.21199999999999974,20,False
HU,nuscale_voygr6,w_swing,swing,059b3ad4-7196-4e6b-b169-8605ceeed841,3,3,0,6.872,6.871,-0.0009999999999994458,11,False
CZ,nuscale_voygr6,w_swing,swing,05daa6b2-bb29-4c26-a459-855626673955,12,13,1,6.464,6.425,-0.03900000000000059,29,False
PL,nuscale_voygr6,w_swing,swing,06641fea-8997-4b69-a618-6afa34b82591,46,44,-2,5.859,5.689,-0.16999999999999993,61,False
SK,nuscale_voygr6,w_swing,swing,06defca3-9105-437f-afd4-52f5603d9b8e,4,4,0,6.303,6.261,-0.041999999999999815,5,False
TR,nuscale_voygr6,w_swing,swing,0947a4c8-4fc1-492f-9c66-2c9a993c7fb0,78,71,-7,6.216,6.126,-0.08999999999999986,119,False
CZ,nuscale_voygr6,w_swing,swing,0ae8917b-a70b-41e5-82de-e4963a7686e3,19,18,-1,6.089,6.054,-0.03500000000000014,29,False
PL,nuscale_voygr6,w_swing,swing,0b187a1d-55de-47cf-96a3-06abc8ff2476,13,14,1,6.884,6.933,0.04899999999999949,61,False
TR,nuscale_voygr6,w_swing,swing,0ca4ff78-4113-4ad9-ac04-0fd541d42338,101,102,1,5.845,5.63,-0.21499999999999986,119,False
TR,nuscale_voygr6,w_swing,swing,0fec985c-c66e-40af-a123-a9ba4db269bb,39,34,-5,6.681,6.668,-0.0129999999999999,119,False
TR,nuscale_voygr6,w_swing,swing,1289753b-43db-4058-8fe1-6e38b5fb01b5,38,38,0,6.719,6.636,-0.08300000000000018,119,False
TR,nuscale_voygr6,w_swing,swing,142cad75-648a-495d-8c10-792351e72126,2,2,0,7.459,7.533,0.07400000000000073,119,False
CZ,nuscale_voygr6,w_swing,swing,14e88076-ce0e-4693-bca4-e80f3f013c7f,14,14,0,6.345,6.335,-0.009999999999999787,29,False
TR,nuscale_voygr6,w_swing,swing,161660e7-3ccf-4704-b452-b126599700a0,114,115,1,5.444,5.104,-0.33999999999999986,119,False
TR,nuscale_voygr6,w_swing,swing,1624a526-07d8-44a4-8ed7-3b035b748f03,116,113,-3,5.369,5.136,-0.23299999999999965,119,False
TR,nuscale_voygr6,w_swing,swing,166f5fcc-1cc4-4cf5-9e52-59e7ce1557c6,30,27,-3,6.809,6.8,-0.009000000000000341,119,False
SK,nuscale_voygr6,w_swing,swing,1719d38b-61e8-4b01-844b-3a2f85c8a186,3,3,0,6.741,6.79,0.04900000000000038,5,False
MK,nuscale_voygr6,w_swing,swing,1739b1b7-a6f3-466c-9dfa-3d1de9d5b6db,1,1,0,6.812,6.833,0.020999999999999908,3,False
TR,nuscale_voygr6,w_swing,swing,17568f0f-91fd-4efe-b4df-2c7cc5d80b7d,117,118,1,5.237,4.803,-0.43400000000000016,119,False
CZ,nuscale_voygr6,w_swing,swing,180880c2-7284-4723-b02a-a62348b9b40b,9,10,1,6.672,6.603,-0.06899999999999995,29,False
TR,nuscale_voygr6,w_swing,swing,1820429d-bd95-4e56-a6db-d9bb57e2ae07,56,47,-9,6.451,6.476,0.025000000000000355,119,False
PL,nuscale_voygr6,w_swing,swing,187b4fd7-6a61-4e94-8ed4-495ac6dfc317,30,29,-1,6.266,6.113,-0.15299999999999958,61,False
RO,nuscale_voygr6,w_swing,swing,18ecb024-ee4f-4045-8254-5e95d61dea8c,12,13,1,6.197,6.019,-0.17799999999999994,22,False
LV,nuscale_voygr6,w_swing,swing,1a5b8f8f-f4be-4514-8738-755d25e19b41,1,1,0,6.603,6.54,-0.06299999999999972,1,True
CZ,nuscale_voygr6,w_swing,swing,1c059a42-608c-4753-8fcf-ba797d94f900,24,26,2,5.809,5.573,-0.23599999999999977,29,False
TR,nuscale_voygr6,w_swing,swing,1ce7624e-1d72-4293-8ff4-09096b56ddd2,115,114,-1,5.394,5.107,-0.2869999999999999,119,False
PL,nuscale_voygr6,w_swing,swing,1d19dce6-c458-4656-901d-6a8d3c548761,12,15,3,6.934,6.907,-0.027000000000000135,61,False
RO,nuscale_voygr6,w_swing,swing,1d8be6d0-f3a5-4b32-9d46-3526289731f8,22,22,0,5.391,5.06,-0.3310000000000004,22,False
TR,nuscale_voygr6,w_swing,swing,1f305180-6bbf-4758-9a98-78bc9e96e195,97,99,2,5.971,5.715,-0.2560000000000002,119,False
PL,nuscale_voygr6,w_swing,swing,202d797d-b0f9-4cd0-bbac-d7bb06805c09,39,35,-4,5.969,5.873,-0.09600000000000009,61,False
CZ,nuscale_voygr6,w_swing,swing,20bce4f5-ca0b-4145-87e5-0a0694343f31,17,17,0,6.201,6.129,-0.07200000000000006,29,False
CZ,nuscale_voygr6,w_swing,swing,20c9d02d-e9e8-40b3-a11e-7a2e01018d8c,13,12,-1,6.438,6.478,0.040000000000000036,29,False
TR,nuscale_voygr6,w_swing,swing,21ccc44f-3244-4e7f-9654-eae424288200,83,75,-8,6.201,6.075,-0.12599999999999945,119,False
TR,nuscale_voygr6,w_swing,swing,225656d9-8709-4c2f-9992-1e4f20a6fce8,28,31,3,6.862,6.753,-0.10899999999999999,119,False
TR,nuscale_voygr6,w_swing,swing,231565d3-4f56-43ee-a357-1f4451c6fbc3,49,58,9,6.562,6.278,-0.2840000000000007,119,False
TR,nuscale_voygr6,w_swing,swing,2350bab4-9869-43f1-b62f-a4d5aea77ef5,66,62,-4,6.306,6.203,-0.10299999999999976,119,False
PL,nuscale_voygr6,w_swing,swing,239ea0eb-a9c4-43cc-ac5f-35271bdc6613,5,6,1,7.191,7.245,0.05400000000000027,61,False
CZ,nuscale_voygr6,w_swing,swing,274ec928-e527-44cf-86c5-b6eddc09d0f7,18,19,1,6.153,5.957,-0.19599999999999973,29,False
PL,nuscale_voygr6,w_swing,swing,27fc89b3-ee57-44ac-8073-a700bc8d12e8,54,54,0,5.653,5.396,-0.2569999999999997,61,False
CZ,nuscale_voygr6,w_swing,swing,287cbb48-bb08-40dd-82c5-cfe1530dfbb9,1,1,0,7.095,7.265,0.16999999999999993,29,False
TR,nuscale_voygr6,w_swing,swing,28980273-0ba6-4c8c-b080-7ff9b33cc4c9,88,88,0,6.122,5.913,-0.20899999999999963,119,False
HU,nuscale_voygr6,w_swing,swing,28b36531-865d-42ae-afb3-b8bad86f7014,6,6,0,6.23,6.183,-0.0470000000000006,11,False
PL,nuscale_voygr6,w_swing,swing,29479c3f-8db8-4f62-90e8-59ad6739f90b,36,33,-3,6.03,5.9,-0.1299999999999999,61,False
RS,nuscale_voygr6,w_swing,swing,296282b1-d079-4c1e-b2df-12c25128b963,1,1,0,6.753,6.729,-0.02400000000000002,7,False
PL,nuscale_voygr6,w_swing,swing,2981a12d-3444-4301-96ba-a63ef50bec3e,1,1,0,7.684,7.788,0.10400000000000009,61,False
RO,nuscale_voygr6,w_swing,swing,29836b52-a882-4921-95a7-6417e636d9a2,5,5,0,6.784,6.728,-0.05600000000000005,22,False
PL,nuscale_voygr6,w_swing,swing,29a58981-aaf7-4450-ad41-49dd6d786168,52,55,3,5.678,5.389,-0.2889999999999997,61,False
UA,nuscale_voygr6,w_swing,swing,29b3a802-7ef1-4722-ad59-b1511b1b0075,1,1,0,7.455,7.56,0.10499999999999954,20,False
TR,nuscale_voygr6,w_swing,swing,2a3aad60-2bff-4206-8275-f6e2029f9278,12,19,7,7.121,6.975,-0.1460000000000008,119,False
RS,nuscale_voygr6,w_swing,swing,2b03f2e2-64ac-4262-bbff-7a536bda5722,2,2,0,6.716,6.617,-0.0990000000000002,7,False
TR,nuscale_voygr6,w_swing,swing,2b6a65d3-efb0-44d8-b88b-9aad311f4ac4,14,18,4,7.107,6.987,-0.1200000000000001,119,False
PL,nuscale_voygr6,w_swing,swing,2da9dab9-7b4e-46e7-b1c8-70eeb329c177,44,48,4,5.891,5.602,-0.2889999999999997,61,False
AT,nuscale_voygr6,w_swing,swing,2dcd2c6d-f375-4408-9492-7910662fac03,2,2,0,7.016,7.077,0.06099999999999994,6,False
TR,nuscale_voygr6,w_swing,swing,2ec95392-978d-4a43-85b9-af3282c212ba,7,9,2,7.276,7.189,-0.08699999999999974,119,False
TR,nuscale_voygr6,w_swing,swing,2ed9363f-a9fe-46e5-8b92-c50b47a9077a,68,76,8,6.299,6.074,-0.22500000000000053,119,False
BG,nuscale_voygr6,w_swing,swing,2fb27566-cc7b-4530-8ff9-e55e3a1985bd,6,6,0,6.578,6.625,0.04699999999999971,8,False
CZ,nuscale_voygr6,w_swing,swing,2fe0a0b3-4108-427e-8e54-f77e1ea7227c,5,6,1,6.916,6.965,0.04899999999999949,29,False
BG,nuscale_voygr6,w_swing,swing,30c9e377-b575-46fa-880f-922c46e6500a,2,2,0,7.428,7.58,0.15200000000000014,8,False
CZ,nuscale_voygr6,w_swing,swing,32484f7b-18a4-4b21-8e6a-6d68ae099d02,4,4,0,6.931,7.052,0.12099999999999955,29,False
BG,nuscale_voygr6,w_swing,swing,33a015dd-51e0-497e-b0d3-4b1b3f070438,8,8,0,5.875,5.548,-0.32699999999999996,8,False
BA,nuscale_voygr6,w_swing,swing,344e0e9a-558e-4749-bb66-cd746be50cbd,4,4,0,6.572,6.567,-0.004999999999999893,6,False
RO,nuscale_voygr6,w_swing,swing,345fb795-170a-4fb5-833c-f6bcf2eb450c,1,1,0,7.816,7.966,0.15000000000000036,22,False
HU,nuscale_voygr6,w_swing,swing,34d88ce8-d49c-4b19-af2d-6efcb1b72149,11,9,-2,5.405,5.179,-0.22599999999999998,11,False
UA,nuscale_voygr6,w_swing,swing,3657989a-61ae-4fe3-9e8b-6ba7e68f8c59,10,10,0,6.616,6.663,0.0470000000000006,20,False
ME,nuscale_voygr6,w_swing,swing,3795824b-cb76-48dd-a65c-764c757ddc76,1,2,1,6.023,5.938,-0.08499999999999996,2,True
TR,nuscale_voygr6,w_swing,swing,381221dd-76da-4adf-9b19-5da9f0779c22,42,32,-10,6.653,6.715,0.06200000000000028,119,False
TR,nuscale_voygr6,w_swing,swing,3819acc8-761d-49ba-89e7-967d3d37ec0e,61,64,3,6.344,6.164,-0.1800000000000006,119,False
PL,nuscale_voygr6,w_swing,swing,399668d6-bfed-4e5b-bf38-9ee5902101c3,57,58,1,5.5,5.218,-0.28200000000000003,61,False
TR,nuscale_voygr6,w_swing,swing,3a06636d-c742-4b72-b9cd-21a4537c331b,106,103,-3,5.756,5.602,-0.15399999999999991,119,False
BG,nuscale_voygr6,w_swing,swing,3bb6666f-de2f-4c6f-a28e-c3bddb71b54a,4,5,1,7.009,6.972,-0.03699999999999992,8,False
TR,nuscale_voygr6,w_swing,swing,3bc834ed-5c2b-47d6-b555-2e20b9044053,55,53,-2,6.47,6.401,-0.06899999999999995,119,False
UA,nuscale_voygr6,w_swing,swing,3bd2a957-ff3b-4bfd-9dba-808279edccb9,14,13,-1,6.192,6.221,0.028999999999999915,20,False
RO,nuscale_voygr6,w_swing,swing,3bef37a3-239e-498d-a160-77452a6a9b79,20,20,0,5.463,5.108,-0.3550000000000004,22,False
PL,nuscale_voygr6,w_swing,swing,3d2d4c37-eb9d-4b35-a8b1-b3f485bc3e3f,28,30,2,6.291,6.107,-0.18400000000000016,61,False
TR,nuscale_voygr6,w_swing,swing,3e5f4317-6f40-44fb-bfa2-e21dc4d9922d,76,79,3,6.234,6.036,-0.1980000000000004,119,False
TR,nuscale_voygr6,w_swing,swing,3f1ad930-cffb-4991-badd-773db74b890c,48,49,1,6.572,6.458,-0.11399999999999988,119,False
PL,nuscale_voygr6,w_swing,swing,40650551-0c9c-45ea-bac6-befdb0cb5909,40,40,0,5.941,5.753,-0.18799999999999972,61,False
PL,nuscale_voygr6,w_swing,swing,409dde58-5df1-44d9-b5ec-f8e2edd86786,38,42,4,5.978,5.708,-0.2699999999999996,61,False
PL,nuscale_voygr6,w_swing,swing,40b4334a-7ba4-4ed8-aa8e-3c405599fbd7,31,32,1,6.141,5.98,-0.1609999999999996,61,False
PL,nuscale_voygr6,w_swing,swing,416aab55-6fd9-4a0a-b8f8-796fb62d86a5,32,36,4,6.116,5.851,-0.2649999999999997,61,False
TR,nuscale_voygr6,w_swing,swing,42d5b3fd-7d07-409b-9154-4441695b7901,74,65,-9,6.253,6.159,-0.0940000000000003,119,False
CZ,nuscale_voygr6,w_swing,swing,43e5b2b4-2ccf-46ab-b01e-e3d480146455,29,29,0,5.378,5.113,-0.2649999999999997,29,False
TR,nuscale_voygr6,w_swing,swing,43f99d45-6635-4392-a522-4a06445fdaf2,6,7,1,7.328,7.281,-0.0470000000000006,119,False
PL,nuscale_voygr6,w_swing,swing,4411a22e-4e8a-4715-b000-1aae34494b68,19,19,0,6.797,6.77,-0.027000000000000135,61,False
TR,nuscale_voygr6,w_swing,swing,44362378-9c74-44af-8a08-be4877f50e97,108,109,1,5.741,5.454,-0.2869999999999999,119,False
TR,nuscale_voygr6,w_swing,swing,44698c12-3c50-4602-8104-dafa5fd215b6,98,100,2,5.966,5.71,-0.2560000000000002,119,False
UA,nuscale_voygr6,w_swing,swing,447a9ea1-47fa-48a3-93f2-a77cbd629ac7,6,6,0,6.887,6.927,0.040000000000000036,20,False
CZ,nuscale_voygr6,w_swing,swing,44d40276-5847-41d1-ab9b-887bbdc1bcfe,25,25,0,5.74,5.59,-0.15000000000000036,29,False
UA,nuscale_voygr6,w_swing,swing,46b96bc3-b190-4045-9c86-eb674e2ea35e,7,8,1,6.797,6.866,0.06899999999999995,20,False
PL,nuscale_voygr6,w_swing,swing,47be3ec4-7abe-4f4c-ac3d-b7f753b8514a,50,38,-12,5.753,5.781,0.02799999999999958,61,False
TR,nuscale_voygr6,w_swing,swing,48149515-0774-404d-b273-790b660a8d90,37,33,-4,6.72,6.677,-0.04300000000000015,119,False
TR,nuscale_voygr6,w_swing,swing,4b11cac9-4fe0-4a2a-9c09-4fe9a0ac6015,34,39,5,6.722,6.625,-0.09700000000000042,119,False
UA,nuscale_voygr6,w_swing,swing,4e45df00-0d28-44d0-9697-3fa33d76fc88,9,7,-2,6.788,6.9,0.1120000000000001,20,False
CZ,nuscale_voygr6,w_swing,swing,4eb7914c-e000-403c-b5a5-c350de67bb83,23,23,0,5.911,5.786,-0.125,29,False
TR,nuscale_voygr6,w_swing,swing,5067ece3-b204-495e-81c1-90a523252547,113,116,3,5.464,5.082,-0.38200000000000056,119,False
TR,nuscale_voygr6,w_swing,swing,52028d4f-7796-4463-832e-cff2e439c96a,52,54,2,6.523,6.4,-0.12299999999999933,119,False
RO,nuscale_voygr6,w_swing,swing,52a7babe-313f-493b-86b9-bd0c4aece4c3,4,4,0,7.016,6.962,-0.05400000000000027,22,False
PL,nuscale_voygr6,w_swing,swing,52db4dae-b014-45a4-96c4-49f80c1fdd11,6,5,-1,7.184,7.287,0.10299999999999976,61,False
AT,nuscale_voygr6,w_swing,swing,532bfb42-0d4c-42cf-a81a-287f2b3a75bf,3,3,0,6.616,6.477,-0.13899999999999935,6,False
TR,nuscale_voygr6,w_swing,swing,53481b7f-5b85-4bab-be04-4866c2e72c12,104,101,-3,5.812,5.65,-0.16199999999999992,119,False
PL,nuscale_voygr6,w_swing,swing,558e7bff-5b5d-4666-9ca3-ec02f2269aab,8,8,0,7.134,7.156,0.021999999999999353,61,False
TR,nuscale_voygr6,w_swing,swing,55cfe45b-6357-40f9-8623-e9916f91f839,27,22,-5,6.872,6.908,0.036000000000000476,119,False
TR,nuscale_voygr6,w_swing,swing,56b8e2a3-1885-431f-9fd1-4cd3bebfad61,46,50,4,6.584,6.404,-0.17999999999999972,119,False
TR,nuscale_voygr6,w_swing,swing,57c0c830-725f-46ee-9322-0a4a3ad9efda,22,25,3,6.938,6.802,-0.13600000000000012,119,False
TR,nuscale_voygr6,w_swing,swing,5a19f424-1a15-44e6-bf1b-c2c5886ac1bf,53,57,4,6.509,6.313,-0.19600000000000062,119,False
RO,nuscale_voygr6,w_swing,swing,5a33e5f0-6d86-4eab-adea-6c6bad7f3f45,19,19,0,5.903,5.693,-0.20999999999999996,22,False
PL,nuscale_voygr6,w_swing,swing,5a57ae0a-6f91-46f4-a1f5-56a6b37596e9,59,61,2,5.341,5.024,-0.31700000000000017,61,False
TR,nuscale_voygr6,w_swing,swing,5b6be56c-d981-470c-a979-13a8764a34b8,50,42,-8,6.556,6.613,0.057000000000000384,119,False
RS,nuscale_voygr6,w_swing,swing,5d4aee8d-9e73-4987-907a-d092e0ba92ed,5,4,-1,6.503,6.45,-0.052999999999999936,7,False
HU,nuscale_voygr6,w_swing,swing,5de5f907-98e7-42d3-a7dd-cb65f839697b,4,4,0,6.778,6.724,-0.05399999999999938,11,False
UA,nuscale_voygr6,w_swing,swing,5ed0a674-a292-44bc-997f-5c1990da1235,2,2,0,7.372,7.556,0.18400000000000016,20,False
TR,nuscale_voygr6,w_swing,swing,5ed91c1b-0a1b-4a4c-9b2b-f6bdc8ff9770,91,89,-2,6.082,5.904,-0.17799999999999994,119,False
CZ,nuscale_voygr6,w_swing,swing,5f4ed23c-cea2-41ef-a3e8-ac863e1bdcd6,15,15,0,6.339,6.329,-0.010000000000000675,29,False
TR,nuscale_voygr6,w_swing,swing,5fa0dfa9-c272-444e-8e70-80ab55b5d36c,19,20,1,7.009,6.972,-0.03699999999999992,119,False
CZ,nuscale_voygr6,w_swing,swing,60baaa73-dd8c-4865-bb18-6c73d63a4052,10,9,-1,6.648,6.697,0.04900000000000038,29,False
CZ,nuscale_voygr6,w_swing,swing,63601ccc-3f20-4cbd-95cb-0fbeaf821c6a,11,11,0,6.51,6.52,0.009999999999999787,29,False
HU,nuscale_voygr6,w_swing,swing,651839d3-4e8f-4214-89aa-1f96ea221121,7,7,0,5.967,5.814,-0.15299999999999958,11,False
AT,nuscale_voygr6,w_swing,swing,660d9d71-6733-4294-951b-1c58614d58cf,1,1,0,7.159,7.105,-0.05399999999999938,6,False
PL,nuscale_voygr6,w_swing,swing,66bdc30c-4179-480b-a55a-5d15be5ac66b,20,20,0,6.775,6.725,-0.05000000000000071,61,False
CZ,nuscale_voygr6,w_swing,swing,66c3f077-1ee6-41d7-8e6c-da374bb45139,28,28,0,5.622,5.421,-0.20099999999999962,29,False
TR,nuscale_voygr6,w_swing,swing,674deb4f-110c-4120-bea0-5f0711da3ea1,5,6,1,7.347,7.336,-0.01100000000000012,119,False
BY,nuscale_voygr6,w_swing,swing,68aabff9-e662-4b9f-b37d-4c2ebc5f7539,2,2,0,6.991,7.065,0.07400000000000073,2,True
RO,nuscale_voygr6,w_swing,swing,693d9b73-f9fc-4502-9b94-be020c5d21fb,7,6,-1,6.653,6.557,-0.0959999999999992,22,False
RO,nuscale_voygr6,w_swing,swing,6aed2eac-1c97-40c5-b842-fb15fd510f35,11,11,0,6.266,6.303,0.03699999999999992,22,False
RO,nuscale_voygr6,w_swing,swing,6c428b2a-ad09-448b-b24c-22465929d69c,21,21,0,5.428,5.068,-0.3600000000000003,22,False
TR,nuscale_voygr6,w_swing,swing,6c9571c4-5d3b-4f88-a7be-fa8c21425eeb,3,4,1,7.38,7.38,0.0,119,False
TR,nuscale_voygr6,w_swing,swing,6ddc2960-3d72-4d5f-b358-56d1c54f47e0,70,77,7,6.278,6.047,-0.23099999999999987,119,False
AT,nuscale_voygr6,w_swing,swing,6e7fc4d8-636d-411a-baef-e138a5a07acc,5,5,0,6.544,6.327,-0.21699999999999964,6,False
BG,nuscale_voygr6,w_swing,swing,704ef487-f600-4f23-b06e-a0f81b627597,7,7,0,5.878,5.897,0.019000000000000128,8,False
UA,nuscale_voygr6,w_swing,swing,70781f2c-24c2-486c-8b32-310c36ba1238,15,15,0,6.185,6.141,-0.043999999999999595,20,False
UA,nuscale_voygr6,w_swing,swing,725406d6-860f-4ca0-9c6a-425675bac381,11,11,0,6.543,6.569,0.0259999999999998,20,False
TR,nuscale_voygr6,w_swing,swing,737b6d06-1d0c-4ae6-9683-ab3fea192b32,60,59,-1,6.355,6.272,-0.08300000000000018,119,False
PL,nuscale_voygr6,w_swing,swing,73fe8f06-c53b-4877-9c1d-5caf3d8f2749,60,60,0,5.332,5.139,-0.19299999999999962,61,False
TR,nuscale_voygr6,w_swing,swing,746fc66e-d31f-4c5d-bf5c-ab5031b04b15,89,86,-3,6.122,5.935,-0.18700000000000028,119,False
MK,nuscale_voygr6,w_swing,swing,756218bb-3f16-443e-b6c6-400cd0ce2f87,3,3,0,6.181,6.057,-0.12399999999999967,3,False
TR,nuscale_voygr6,w_swing,swing,75f807aa-8278-43a3-8654-730713b96001,58,52,-6,6.421,6.403,-0.018000000000000682,119,False
TR,nuscale_voygr6,w_swing,swing,76cd9b7f-7613-4fd4-95ab-bf534a2e2f5e,85,85,0,6.153,5.962,-0.19099999999999984,119,False
SK,nuscale_voygr6,w_swing,swing,770f1d3c-e5fd-493c-a376-e708d2abec6c,1,1,0,7.022,7.023,0.0009999999999994458,5,False
TR,nuscale_voygr6,w_swing,swing,772e2484-419b-47de-9739-924ac371ad10,51,55,4,6.534,6.385,-0.14900000000000002,119,False
TR,nuscale_voygr6,w_swing,swing,778e0750-19f9-426e-a6c7-e0e30645fb97,10,11,1,7.185,7.081,-0.1039999999999992,119,False
TR,nuscale_voygr6,w_swing,swing,7a805295-0cd2-48be-972e-5282c996549c,79,81,2,6.216,5.988,-0.22799999999999976,119,False
TR,nuscale_voygr6,w_swing,swing,7b4d3f8f-a644-48a3-93f9-cd3c154dc5c2,107,108,1,5.747,5.473,-0.274,119,False
TR,nuscale_voygr6,w_swing,swing,7cc9cffa-e4e4-4546-902d-c8f4800dbdb2,29,37,8,6.815,6.641,-0.17400000000000038,119,False
PL,nuscale_voygr6,w_swing,swing,7fc17ab0-ce24-4830-a938-b8424d1e9368,9,9,0,7.116,7.156,0.040000000000000036,61,False
BA,nuscale_voygr6,w_swing,swing,82011c29-a3d3-4a81-a27b-019d2649a251,6,6,0,5.934,5.742,-0.19200000000000017,6,False
RO,nuscale_voygr6,w_swing,swing,825dc024-9a53-4237-bf59-cbe0af0cf87d,6,7,1,6.703,6.525,-0.17799999999999994,22,False
TR,nuscale_voygr6,w_swing,swing,829f61ff-0ad1-4288-8dd9-e41abbd0b6a7,119,119,0,5.087,4.668,-0.4189999999999996,119,False
TR,nuscale_voygr6,w_swing,swing,82aac38c-3037-466c-9b37-bff9da707645,87,91,4,6.134,5.861,-0.2730000000000006,119,False
MK,nuscale_voygr6,w_swing,swing,83d3abe4-2049-47ad-a66b-46034edb7569,2,2,0,6.707,6.663,-0.043999999999999595,3,False
UA,nuscale_voygr6,w_swing,swing,83fede8b-5f92-429d-920d-9a8928a74780,4,4,0,7.166,7.247,0.08099999999999952,20,False
BA,nuscale_voygr6,w_swing,swing,85257083-08d1-4560-b198-a9df414da4a9,1,1,0,6.951,6.868,-0.0829999999999993,6,False
RO,nuscale_voygr6,w_swing,swing,8781d874-5923-4795-9c9f-b2a6c709025a,18,16,-2,5.941,5.837,-0.10400000000000009,22,False
TR,nuscale_voygr6,w_swing,swing,8782d6f2-5f9f-4c67-b9f2-6756857bd200,92,92,0,6.062,5.859,-0.2030000000000003,119,False
TR,nuscale_voygr6,w_swing,swing,8a5dc384-e272-41ed-9868-a0686ac3fc7e,47,51,4,6.584,6.404,-0.17999999999999972,119,False
PL,nuscale_voygr6,w_swing,swing,8a9d5c87-7edc-49c3-85a2-d97727b9c9b2,27,28,1,6.297,6.162,-0.1349999999999998,61,False
TR,nuscale_voygr6,w_swing,swing,8b16dc60-1a2b-4b2c-bcad-1c334d246ae3,102,104,2,5.841,5.582,-0.25900000000000034,119,False
TR,nuscale_voygr6,w_swing,swing,8dd46a05-6e0c-4009-90ad-bd5909c25622,110,112,2,5.594,5.224,-0.3700000000000001,119,False
PL,nuscale_voygr6,w_swing,swing,8dd8db4c-b62d-4f6b-a2ee-70a9ed785e7a,48,51,3,5.816,5.535,-0.2809999999999997,61,False
PL,nuscale_voygr6,w_swing,swing,8e485f8a-5c68-4541-ab1d-77783f6fcb2d,18,11,-7,6.806,6.982,0.17600000000000016,61,False
HU,nuscale_voygr6,w_swing,swing,903d6b94-cd9d-4c32-b7e2-4bbfbee929df,5,5,0,6.641,6.661,0.019999999999999574,11,False
AT,nuscale_voygr6,w_swing,swing,90820fe3-9889-4faf-9906-7c528f8d7bc5,6,6,0,6.347,6.199,-0.14800000000000058,6,False
TR,nuscale_voygr6,w_swing,swing,9163ca37-1b31-409d-974f-9e7ed5e5f33d,80,72,-8,6.216,6.126,-0.08999999999999986,119,False
PL,nuscale_voygr6,w_swing,swing,917008f5-fba1-4ef7-b82d-9aded2b69267,4,2,-2,7.222,7.459,0.2369999999999992,61,False
TR,nuscale_voygr6,w_swing,swing,91f28dbb-16bd-449b-a20a-dc2b70cf2e66,94,96,2,6.028,5.769,-0.25899999999999945,119,False
TR,nuscale_voygr6,w_swing,swing,94a5c55f-c499-41b1-81da-deaa36686399,18,14,-4,7.022,7.047,0.024999999999999467,119,False
UA,nuscale_voygr6,w_swing,swing,95872473-c476-4ceb-bcf5-54cfdf415e42,19,19,0,5.921,5.743,-0.17799999999999994,20,False
RO,nuscale_voygr6,w_swing,swing,958e4d82-853a-41f1-a442-94b4c4314221,2,2,0,7.159,7.217,0.05799999999999983,22,False
TR,nuscale_voygr6,w_swing,swing,96129c93-83a6-4b1c-929b-bfccba86a796,77,83,6,6.234,5.981,-0.2530000000000001,119,False
TR,nuscale_voygr6,w_swing,swing,9699244b-14c0-4e27-afd1-105494fccd60,21,17,-4,6.947,7.009,0.06200000000000028,119,False
CZ,nuscale_voygr6,w_swing,swing,97ed917e-acfa-4002-be89-4ec44972ab45,20,20,0,6.016,5.89,-0.12600000000000033,29,False
TR,nuscale_voygr6,w_swing,swing,98019711-a8c3-424a-870e-00d4fea75ed1,100,93,-7,5.859,5.823,-0.03599999999999959,119,False
RO,nuscale_voygr6,w_swing,swing,9825e28e-fd6e-460d-9caf-0342563f9060,10,8,-2,6.441,6.424,-0.01699999999999946,22,False
RS,nuscale_voygr6,w_swing,swing,993ccce2-d5e1-498d-827d-8dbfeb42582b,3,3,0,6.634,6.616,-0.018000000000000682,7,False
HU,nuscale_voygr6,w_swing,swing,997474f6-9bfd-4abd-a2ac-d8618db8f0b4,1,1,0,7.584,7.636,0.05200000000000049,11,False
AT,nuscale_voygr6,w_swing,swing,99d712ac-7993-4186-8a0e-2e88bae7e90f,4,4,0,6.559,6.413,-0.1459999999999999,6,False
TR,nuscale_voygr6,w_swing,swing,9a6447f2-2887-4cce-a115-dc773d7f6eb1,31,24,-7,6.809,6.818,0.008999999999999453,119,False
CZ,nuscale_voygr6,w_swing,swing,9c4291f1-173b-467e-ae26-8cb01312c605,7,7,0,6.773,6.761,-0.011999999999999567,29,False
TR,nuscale_voygr6,w_swing,swing,9eb693f6-6994-4937-bc4d-e8213baa5d47,59,56,-3,6.391,6.316,-0.07500000000000018,119,False
BG,nuscale_voygr6,w_swing,swing,a064c7ae-e699-4a94-a18c-79bdfe42bce3,3,3,0,7.091,7.246,0.15500000000000025,8,False
PL,nuscale_voygr6,w_swing,swing,a19228ce-f25a-4ffd-a249-9d01403e6b81,11,12,1,6.953,6.974,0.020999999999999908,61,False
BA,nuscale_voygr6,w_swing,swing,a23d073a-cbbd-469a-b134-380945fd3f4c,5,5,0,6.458,6.381,-0.07699999999999996,6,False
SK,nuscale_voygr6,w_swing,swing,a2d8261c-3d08-4015-946c-47dbddbd0b98,5,5,0,5.691,5.43,-0.2610000000000001,5,False
TR,nuscale_voygr6,w_swing,swing,a4af3789-2c40-41fc-a3ec-3b8d2fc6c645,86,87,1,6.148,5.933,-0.21499999999999986,119,False
RO,nuscale_voygr6,w_swing,swing,a4fa3246-27d6-4740-898c-bdf9dadcb88c,14,15,1,6.078,5.943,-0.13500000000000068,22,False
PL,nuscale_voygr6,w_swing,swing,a55e3643-8ed4-434b-b14f-2d549d09c0d9,10,10,0,6.984,7.129,0.14499999999999957,61,False
TR,nuscale_voygr6,w_swing,swing,a6478cb9-5b8c-4d64-bbe6-3d3ed6a3da2c,4,3,-1,7.354,7.381,0.027000000000000135,119,False
PL,nuscale_voygr6,w_swing,swing,a67255dd-8134-418e-9377-e28516c53722,25,26,1,6.384,6.233,-0.1510000000000007,61,False
PL,nuscale_voygr6,w_swing,swing,a6b51b4f-ba1d-49cd-bc99-8898acdbeb78,26,24,-2,6.345,6.312,-0.032999999999999474,61,False
CZ,nuscale_voygr6,w_swing,swing,a6bf9980-016e-47ea-b40a-82e384a9eb43,22,22,0,5.951,5.84,-0.11099999999999977,29,False
CZ,nuscale_voygr6,w_swing,swing,a733fc13-11a4-4722-b62d-85c85a4f8ef3,21,21,0,6.016,5.886,-0.1299999999999999,29,False
PL,nuscale_voygr6,w_swing,swing,a7eeee6e-e14a-40ba-80b6-75ed2e170b20,33,34,1,6.103,5.9,-0.2029999999999994,61,False
PL,nuscale_voygr6,w_swing,swing,a91dfe3d-93e0-43a1-99d2-41abdd1fc2ce,53,52,-1,5.678,5.528,-0.15000000000000036,61,False
TR,nuscale_voygr6,w_swing,swing,a96dc545-41a9-4b0d-a7a3-f40ef711e5e3,41,36,-5,6.668,6.642,-0.0259999999999998,119,False
BA,nuscale_voygr6,w_swing,swing,aa0bdb5e-45aa-4d15-8aee-cb5b0e14f5d9,3,3,0,6.622,6.623,0.001000000000000334,6,False
TR,nuscale_voygr6,w_swing,swing,aa336cdc-f6fe-4b08-b46d-69e852c501bf,62,66,4,6.328,6.151,-0.1770000000000005,119,False
CZ,nuscale_voygr6,w_swing,swing,aa38441d-aec7-4ae9-b4c3-68c5bf567db3,16,16,0,6.214,6.203,-0.01100000000000012,29,False
HR,nuscale_voygr6,w_swing,swing,ab151830-e5bd-46de-8400-01aa4c165366,1,1,0,6.214,6.241,0.026999999999999247,1,True
PL,nuscale_voygr6,w_swing,swing,ab57f5c3-8699-46f9-970f-3007dfc58af4,23,23,0,6.503,6.418,-0.08499999999999996,61,False
TR,nuscale_voygr6,w_swing,swing,ad0c8590-c672-43f2-a813-1217a10f7d2d,1,1,0,7.784,7.868,0.08400000000000052,119,False
PL,nuscale_voygr6,w_swing,swing,ad7a9c00-0c75-411f-8f89-859e603df1e6,51,49,-2,5.753,5.568,-0.1850000000000005,61,False
TR,nuscale_voygr6,w_swing,swing,adeb10a5-aaae-4e2c-b426-3db1c3d9bd5b,93,98,5,6.053,5.755,-0.29800000000000004,119,False
RO,nuscale_voygr6,w_swing,swing,af7f107f-71b5-5a33-8125-9ccb7060f895,3,3,0,7.114,7.049,-0.0649999999999995,22,False
RO,nuscale_voygr6,w_swing,swing,aff5ffe6-fe7a-4de7-afad-9d4645a64cd9,9,9,0,6.478,6.356,-0.12199999999999989,22,False
BG,nuscale_voygr6,w_swing,swing,b01fe781-dbc7-40f8-a544-946288020042,5,4,-1,6.984,7.036,0.0519999999999996,8,False
CZ,nuscale_voygr6,w_swing,swing,b0ba194f-3c80-4725-b1e7-fa5277b38833,2,2,0,7.016,7.179,0.16300000000000026,29,False
PL,nuscale_voygr6,w_swing,swing,b24c9876-5a4d-4b83-b442-af2f4b0d1047,45,46,1,5.866,5.654,-0.21199999999999974,61,False
PL,nuscale_voygr6,w_swing,swing,b24f9ac5-5ddf-4b19-ba95-76dafeca3d2c,2,4,2,7.284,7.388,0.10400000000000009,61,False
MD,nuscale_voygr6,w_swing,swing,b3eb5dd2-98cf-40c4-b9ee-2a86fd066093,1,1,0,6.959,7.084,0.125,1,True
TR,nuscale_voygr6,w_swing,swing,b588126a-42d6-49dc-b227-9283af5a2578,35,40,5,6.722,6.625,-0.09700000000000042,119,False
TR,nuscale_voygr6,w_swing,swing,b5a75ec8-a2fe-42ad-b33e-ea32e20ebdfb,45,46,1,6.622,6.493,-0.12899999999999956,119,False
TR,nuscale_voygr6,w_swing,swing,b5ff798e-e059-4d8b-a903-00a1fefc62ab,36,41,5,6.722,6.625,-0.09700000000000042,119,False
PL,nuscale_voygr6,w_swing,swing,b789a244-7d29-4be3-afe4-2f45d7f11eab,47,47,0,5.819,5.651,-0.16800000000000015,61,False
TR,nuscale_voygr6,w_swing,swing,b8875ff2-9e9d-4520-8879-c71468e9cc50,25,23,-2,6.891,6.901,0.009999999999999787,119,False
PL,nuscale_voygr6,w_swing,swing,b8a00967-90a3-4a4e-9979-6b8651d87380,29,27,-2,6.291,6.203,-0.08800000000000008,61,False
PL,nuscale_voygr6,w_swing,swing,b8bc6544-1571-4906-95e0-314d62c78a24,15,16,1,6.853,6.859,0.006000000000000227,61,False
TR,nuscale_voygr6,w_swing,swing,b90e80f9-66f3-4290-8aa2-518b8422aba0,112,110,-2,5.591,5.302,-0.2890000000000006,119,False
TR,nuscale_voygr6,w_swing,swing,bac4a081-83dc-4aba-8076-b67bfc55f54c,95,97,2,6.016,5.76,-0.2560000000000002,119,False
TR,nuscale_voygr6,w_swing,swing,bb2453b0-c76d-40ea-bcc4-870391f05b2f,118,117,-1,5.2,4.915,-0.28500000000000014,119,False
TR,nuscale_voygr6,w_swing,swing,bfadbe66-971d-4f64-b222-604a7ee6ac6b,16,12,-4,7.072,7.08,0.008000000000000007,119,False
RO,nuscale_voygr6,w_swing,swing,c3790475-3d3b-4e2b-92ae-24503fe03e6b,8,10,2,6.491,6.312,-0.17899999999999938,22,False
PL,nuscale_voygr6,w_swing,swing,c39819ef-6798-4c01-9a82-9eead65b5f56,22,22,0,6.691,6.583,-0.10799999999999965,61,False
PL,nuscale_voygr6,w_swing,swing,c42c5942-264d-43a1-a9eb-95b00480eb1a,49,50,1,5.816,5.566,-0.25,61,False
UA,nuscale_voygr6,w_swing,swing,c47eb6a3-49c1-4879-95b6-9bcd53b7af04,5,5,0,6.959,6.934,-0.024999999999999467,20,False
PL,nuscale_voygr6,w_swing,swing,c4d7f628-c108-4496-ac02-6076ea3ae448,34,31,-3,6.082,6.107,0.025000000000000355,61,False
TR,nuscale_voygr6,w_swing,swing,c657c5c3-38a2-472d-8962-9e7cefcd2c1e,24,28,4,6.908,6.779,-0.12900000000000045,119,False
TR,nuscale_voygr6,w_swing,swing,c6b846cb-3a01-4e17-9d51-da4b58fd1827,105,107,2,5.791,5.488,-0.30299999999999994,119,False
TR,nuscale_voygr6,w_swing,swing,c7afd455-7beb-4d23-8d3b-e9a102782d2b,109,106,-3,5.706,5.495,-0.2110000000000003,119,False
TR,nuscale_voygr6,w_swing,swing,c8e1cc12-080a-4e01-925d-8fd6e4334856,96,95,-1,6.016,5.795,-0.22100000000000009,119,False
RS,nuscale_voygr6,w_swing,swing,c8f15aca-174b-4be6-a6d9-abfa4685d10d,7,5,-2,6.453,6.373,-0.08000000000000007,7,False
SK,nuscale_voygr6,w_swing,swing,c97125b3-20ed-4e21-a853-b928644ec7dd,2,2,0,6.978,7.019,0.04100000000000037,5,False
TR,nuscale_voygr6,w_swing,swing,c9c85786-eb26-4e7b-b280-83a54b7e834f,63,74,11,6.328,6.103,-0.22500000000000053,119,False
TR,nuscale_voygr6,w_swing,swing,ca423571-d2ab-44d4-b5ce-3e649d9cc776,82,80,-2,6.209,6.019,-0.1899999999999995,119,False
TR,nuscale_voygr6,w_swing,swing,cb08e7b6-0af3-45d9-95c3-3832e7e2677c,44,45,1,6.628,6.534,-0.0940000000000003,119,False
TR,nuscale_voygr6,w_swing,swing,cb825b0f-e315-4221-b194-43d5b472382d,90,90,0,6.084,5.885,-0.19899999999999984,119,False
CZ,nuscale_voygr6,w_swing,swing,cbd67443-4a4e-44fd-a9ed-20ba9574c99e,27,24,-3,5.701,5.594,-0.10699999999999932,29,False
TR,nuscale_voygr6,w_swing,swing,cc635340-954c-4428-9fa1-14383c7faceb,43,44,1,6.641,6.546,-0.09499999999999975,119,False
PL,nuscale_voygr6,w_swing,swing,ccc15bde-1c5a-40bf-8f09-2fcb1e896ce5,55,53,-2,5.622,5.462,-0.16000000000000014,61,False
PL,nuscale_voygr6,w_swing,swing,cd84938d-eea8-47a1-8ea6-2e9f943e5914,14,13,-1,6.884,6.947,0.06299999999999972,61,False
UA,nuscale_voygr6,w_swing,swing,cdb6adfb-52ff-4631-939a-001080b20450,8,9,1,6.795,6.776,-0.019000000000000128,20,False
PL,nuscale_voygr6,w_swing,swing,cdc888ad-fd51-4710-a5ab-3cd0fe9ddb48,21,21,0,6.753,6.709,-0.04400000000000048,61,False
TR,nuscale_voygr6,w_swing,swing,ce39538c-997e-4a7d-bc32-f164f50f9aa0,75,68,-7,6.253,6.145,-0.10800000000000054,119,False
UA,nuscale_voygr6,w_swing,swing,cec871bd-c7f6-4444-b0da-9b3a9ecc6963,3,3,0,7.197,7.319,0.12199999999999989,20,False
TR,nuscale_voygr6,w_swing,swing,cf9150af-0325-44d8-bbaf-493e742f2e2b,54,48,-6,6.503,6.473,-0.03000000000000025,119,False
TR,nuscale_voygr6,w_swing,swing,d020ac37-4f23-41b1-8f1e-b425b5769424,57,60,3,6.431,6.251,-0.17999999999999972,119,False
TR,nuscale_voygr6,w_swing,swing,d12e7ffc-4cd3-4ff4-81da-ae360d59409b,71,73,2,6.278,6.113,-0.16499999999999915,119,False
TR,nuscale_voygr6,w_swing,swing,d1863136-5ff4-4b4d-a9c0-6219e92d637d,23,26,3,6.938,6.802,-0.13600000000000012,119,False
TR,nuscale_voygr6,w_swing,swing,d21335d4-0a3d-4464-85e0-352745a38db4,81,82,1,6.216,5.988,-0.22799999999999976,119,False
RS,nuscale_voygr6,w_swing,swing,d30af109-79cb-4ab5-a878-6f574b58116a,6,7,1,6.472,6.271,-0.2010000000000005,7,False
PL,nuscale_voygr6,w_swing,swing,d3b5a049-6bff-400b-9312-96985f03acea,58,57,-1,5.48,5.264,-0.2160000000000002,61,False
UA,nuscale_voygr6,w_swing,swing,d3b9e403-7744-44c5-b5c3-999c4c1911d8,20,20,0,5.781,5.648,-0.133,20,False
TR,nuscale_voygr6,w_swing,swing,d3f986d9-a023-4d43-a0fb-03361f310873,33,43,10,6.734,6.574,-0.16000000000000014,119,False
TR,nuscale_voygr6,w_swing,swing,d48d2f39-d58f-4299-9b2f-56d194d2d13b,73,70,-3,6.266,6.127,-0.13900000000000023,119,False
RO,nuscale_voygr6,w_swing,swing,d498ded8-449c-4672-8bb9-0ed6c8fef775,16,14,-2,5.991,5.961,-0.02999999999999936,22,False
TR,nuscale_voygr6,w_swing,swing,d5151598-5a1a-4697-8147-592845ffef6c,72,78,6,6.278,6.046,-0.23199999999999932,119,False
PL,nuscale_voygr6,w_swing,swing,d60b377c-9bb4-4fd5-adb7-a9a9ba98ae76,37,37,0,6.003,5.828,-0.17499999999999982,61,False
TR,nuscale_voygr6,w_swing,swing,d6cb5642-d5ec-4a15-bc6b-8be4cb0a382e,17,15,-2,7.059,7.027,-0.03200000000000003,119,False
CZ,nuscale_voygr6,w_swing,swing,d762ceeb-514f-43a6-9f91-a2d422ed6c60,3,3,0,7.009,7.101,0.09199999999999964,29,False
RO,nuscale_voygr6,w_swing,swing,dac2a974-a2de-46c5-b581-03985a9ae7d0,17,18,1,5.978,5.708,-0.2699999999999996,22,False
PL,nuscale_voygr6,w_swing,swing,dadadad9-b67e-44b8-a9ab-4cbf116da20b,7,7,0,7.153,7.234,0.0810000000000004,61,False
TR,nuscale_voygr6,w_swing,swing,db87ce6a-3802-44c5-945f-8a95d3cf111b,84,84,0,6.166,5.97,-0.19600000000000062,119,False
PL,nuscale_voygr6,w_swing,swing,dc87cdf1-9936-4a59-a5e9-b5e360173490,41,41,0,5.928,5.725,-0.2030000000000003,61,False
TR,nuscale_voygr6,w_swing,swing,dd413ee8-a6f2-4e7c-8e6c-6d0ed8637d83,26,29,3,6.88,6.771,-0.10899999999999999,119,False
TR,nuscale_voygr6,w_swing,swing,ddc8bb9c-bf77-4075-b38c-600fb072acf8,8,8,0,7.263,7.249,-0.014000000000000234,119,False
PL,nuscale_voygr6,w_swing,swing,de6735bd-7a79-43c8-baad-1fe23d50d6f0,24,25,1,6.441,6.289,-0.15200000000000014,61,False
TR,nuscale_voygr6,w_swing,swing,e03c394f-1c08-4101-b1fe-f6662fe4b424,9,5,-4,7.26,7.366,0.10599999999999987,119,False
RO,nuscale_voygr6,w_swing,swing,e073b3f8-4312-4d34-b322-6289a3121af1,13,12,-1,6.174,6.082,-0.09200000000000053,22,False
TR,nuscale_voygr6,w_swing,swing,e10aae79-05b7-4ad9-9d69-60ce190b4444,64,67,3,6.328,6.151,-0.1770000000000005,119,False
HU,nuscale_voygr6,w_swing,swing,e1649639-2e45-4226-9c7a-783d2dcb6724,10,10,0,5.411,5.151,-0.2599999999999998,11,False
CZ,nuscale_voygr6,w_swing,swing,e299922a-1670-4aff-acda-fd80600af9af,8,8,0,6.716,6.76,0.043999999999999595,29,False
PL,nuscale_voygr6,w_swing,swing,e2c23866-db1e-4316-82b5-7e3fe50c3c09,35,39,4,6.053,5.781,-0.27200000000000024,61,False
RO,nuscale_voygr6,w_swing,swing,e43af28e-a3d3-4047-a9cf-f3b0990754b4,15,17,2,6.041,5.826,-0.21500000000000075,22,False
UA,nuscale_voygr6,w_swing,swing,e4c6a713-99e6-4fdf-afaa-d456779c504c,17,17,0,6.126,5.986,-0.14000000000000057,20,False
PL,nuscale_voygr6,w_swing,swing,e4e3b5f0-7038-47a5-84e3-04eb07b3c4d7,3,3,0,7.227,7.405,0.17799999999999994,61,False
TR,nuscale_voygr6,w_swing,swing,e71ec827-7143-48dd-8c8a-8e81705fa971,65,63,-2,6.322,6.193,-0.12900000000000045,119,False
BA,nuscale_voygr6,w_swing,swing,e75c63e5-ef2f-4e08-8f8c-3da41215af9d,2,2,0,6.747,6.73,-0.01699999999999946,6,False
ME,nuscale_voygr6,w_swing,swing,e77a7e7f-11ba-4e61-98da-f44471bc52ab,2,1,-1,6.023,5.975,-0.04800000000000004,2,True
TR,nuscale_voygr6,w_swing,swing,e780e4ac-0506-4186-9b58-0f378f878345,13,16,3,7.116,7.021,-0.09499999999999975,119,False
TR,nuscale_voygr6,w_swing,swing,e894ba3e-e397-47c9-b0b9-a72cfb6bd680,99,94,-5,5.928,5.808,-0.1200000000000001,119,False
TR,nuscale_voygr6,w_swing,swing,e8b6e342-2011-4343-b415-a8bf08501499,103,105,2,5.834,5.56,-0.274,119,False
PL,nuscale_voygr6,w_swing,swing,e9a1ae49-ff79-462c-af4e-7c6843221d36,61,59,-2,5.328,5.18,-0.14800000000000058,61,False
TR,nuscale_voygr6,w_swing,swing,e9bc02be-cf10-4b27-9b8a-0d4a954720e4,32,30,-2,6.74,6.764,0.02400000000000002,119,False
PL,nuscale_voygr6,w_swing,swing,ebc0f461-acfa-47da-8094-5b15ea3e25a0,17,18,1,6.822,6.85,0.02799999999999958,61,False
BG,nuscale_voygr6,w_swing,swing,ec5f337a-ca52-4b86-a0f4-4933eac349e3,1,1,0,7.709,7.815,0.10600000000000076,8,False
PL,nuscale_voygr6,w_swing,swing,ee332928-87b2-4e7b-9203-20e402bc551f,16,17,1,6.853,6.859,0.006000000000000227,61,False
PL,nuscale_voygr6,w_swing,swing,ef2ee2ae-e73e-490c-aa07-746543fe20e6,43,43,0,5.916,5.698,-0.21799999999999997,61,False
HU,nuscale_voygr6,w_swing,swing,ef325d90-6d2d-4f8f-89f2-3bc98beb149b,8,8,0,5.73,5.561,-0.16900000000000048,11,False
CZ,nuscale_voygr6,w_swing,swing,f1d2bca1-a7a9-4404-84c1-34fc8a59dab7,26,27,1,5.703,5.49,-0.21300000000000008,29,False
HU,nuscale_voygr6,w_swing,swing,f2b3a729-602a-4b6b-acc9-004244f2e556,9,11,2,5.418,5.104,-0.31400000000000006,11,False
UA,nuscale_voygr6,w_swing,swing,f2c061de-66ad-4fce-b911-7f1899f25b75,12,12,0,6.417,6.369,-0.04800000000000004,20,False
TR,nuscale_voygr6,w_swing,swing,f2e65fcf-afc4-4443-ac14-f15c8ffe48f3,11,13,2,7.154,7.067,-0.08699999999999974,119,False
CZ,nuscale_voygr6,w_swing,swing,f3523341-daaa-4573-a856-becb2e1bb9e3,6,5,-1,6.916,7.002,0.08599999999999941,29,False
PL,nuscale_voygr6,w_swing,swing,f5be4e73-938d-4fe2-b585-5090ec780670,42,45,3,5.922,5.662,-0.2599999999999998,61,False
HU,nuscale_voygr6,w_swing,swing,f7dcdb63-26e6-44cd-b440-ec14fe507d90,2,2,0,6.941,6.893,-0.04800000000000004,11,False
PL,nuscale_voygr6,w_swing,swing,f8f9f43d-6a3b-445d-818e-ca82a90ace65,56,56,0,5.603,5.307,-0.2959999999999994,61,False
TR,nuscale_voygr6,w_swing,swing,f92bc907-9b9b-4d21-92fd-1705bd71128c,69,69,0,6.291,6.137,-0.1540000000000008,119,False
TR,nuscale_voygr6,w_swing,swing,fa6b7ac3-c1bf-478f-8d0a-1f357ea480cf,111,111,0,5.594,5.252,-0.3420000000000005,119,False
BY,nuscale_voygr6,w_swing,swing,fac3d0b5-36a5-48ae-8494-f2f08e4342f4,1,1,0,7.378,7.503,0.125,2,True
UA,nuscale_voygr6,w_swing,swing,fb7d4d9a-3f27-4b50-9941-6a8fccd25e9a,16,16,0,6.153,6.098,-0.054999999999999716,20,False
TR,nuscale_voygr6,w_swing,swing,fc307877-758b-4dbf-afbe-abfc4a778155,20,21,1,6.957,6.959,0.0019999999999997797,119,False
TR,nuscale_voygr6,w_swing,swing,fecb62d9-6fb8-4f8d-83e3-78a7c75adb6e,40,35,-5,6.672,6.644,-0.02799999999999958,119,False
