country_code,smr_key,weight_profile,scenario_family,site_id,baseline_national_rank,scenario_national_rank,rank_delta,baseline_score,scenario_score,score_delta,eligible_pair_count,small_n
TR,nuscale_voygr6,mc_10000,mc_summary,0049a899-af5f-41cd-86ae-2ba729b6365f,93,93,0,5.942,5.434,-0.508,110,False
RS,nuscale_voygr6,mc_10000,mc_summary,0182ec25-0df9-4e4b-9861-d76a332bc282,1,4,3,6.715,5.935,-0.7800000000000002,6,False
UA,nuscale_voygr6,mc_10000,mc_summary,02253fcc-4fc6-42d4-a6a8-42365487302f,13,11,-2,6.148,5.748,-0.39999999999999947,20,False
TR,nuscale_voygr6,mc_10000,mc_summary,0248611c-b745-404f-ad50-c2870882c7a1,18,31,13,6.832,5.944,-0.8879999999999999,110,False
UA,nuscale_voygr6,mc_10000,mc_summary,038d42e9-769b-4b22-9513-dccff48b42cd,15,17,2,5.93,5.508,-0.4219999999999997,20,False
HU,nuscale_voygr6,mc_10000,mc_summary,059b3ad4-7196-4e6b-b169-8605ceeed841,4,4,0,6.601,6.089,-0.5119999999999996,11,False
CZ,nuscale_voygr6,mc_10000,mc_summary,05daa6b2-bb29-4c26-a459-855626673955,13,13,0,6.34,5.926,-0.4139999999999997,29,False
PL,nuscale_voygr6,mc_10000,mc_summary,06641fea-8997-4b69-a618-6afa34b82591,44,46,2,5.912,5.515,-0.39700000000000024,61,False
SK,nuscale_voygr6,mc_10000,mc_summary,06defca3-9105-437f-afd4-52f5603d9b8e,4,4,0,6.272,5.788,-0.484,5,False
TR,nuscale_voygr6,mc_10000,mc_summary,0947a4c8-4fc1-492f-9c66-2c9a993c7fb0,54,54,0,6.445,5.757,-0.6880000000000006,110,False
CZ,nuscale_voygr6,mc_10000,mc_summary,0ae8917b-a70b-41e5-82de-e4963a7686e3,16,16,0,6.265,5.739,-0.5259999999999998,29,False
PL,nuscale_voygr6,mc_10000,mc_summary,0b187a1d-55de-47cf-96a3-06abc8ff2476,18,18,0,6.662,6.047,-0.6150000000000002,61,False
TR,nuscale_voygr6,mc_10000,mc_summary,0ca4ff78-4113-4ad9-ac04-0fd541d42338,78,86,8,6.123,5.49,-0.633,110,False
TR,nuscale_voygr6,mc_10000,mc_summary,0fec985c-c66e-40af-a123-a9ba4db269bb,63,61,-2,6.35,5.701,-0.649,110,False
TR,nuscale_voygr6,mc_10000,mc_summary,1289753b-43db-4058-8fe1-6e38b5fb01b5,27,21,-6,6.726,6.01,-0.7160000000000002,110,False
TR,nuscale_voygr6,mc_10000,mc_summary,142cad75-648a-495d-8c10-792351e72126,4,4,0,7.153,6.232,-0.9209999999999994,110,False
CZ,nuscale_voygr6,mc_10000,mc_summary,14e88076-ce0e-4693-bca4-e80f3f013c7f,18,17,-1,6.259,5.709,-0.5500000000000007,29,False
TR,nuscale_voygr6,mc_10000,mc_summary,1624a526-07d8-44a4-8ed7-3b035b748f03,105,97,-8,5.653,5.402,-0.25099999999999945,110,False
TR,nuscale_voygr6,mc_10000,mc_summary,166f5fcc-1cc4-4cf5-9e52-59e7ce1557c6,23,11,-12,6.759,6.162,-0.5970000000000004,110,False
SK,nuscale_voygr6,mc_10000,mc_summary,1719d38b-61e8-4b01-844b-3a2f85c8a186,3,3,0,6.503,5.84,-0.6630000000000003,5,False
MK,nuscale_voygr6,mc_10000,mc_summary,1739b1b7-a6f3-466c-9dfa-3d1de9d5b6db,1,1,0,6.391,5.803,-0.5880000000000001,3,False
TR,nuscale_voygr6,mc_10000,mc_summary,17568f0f-91fd-4efe-b4df-2c7cc5d80b7d,110,110,0,5.073,4.781,-0.2920000000000007,110,False
CZ,nuscale_voygr6,mc_10000,mc_summary,180880c2-7284-4723-b02a-a62348b9b40b,9,12,3,6.633,5.956,-0.6769999999999996,29,False
TR,nuscale_voygr6,mc_10000,mc_summary,1820429d-bd95-4e56-a6db-d9bb57e2ae07,96,102,6,5.865,5.355,-0.5099999999999998,110,False
PL,nuscale_voygr6,mc_10000,mc_summary,187b4fd7-6a61-4e94-8ed4-495ac6dfc317,25,27,2,6.419,5.828,-0.5909999999999993,61,False
RO,nuscale_voygr6,mc_10000,mc_summary,18ecb024-ee4f-4045-8254-5e95d61dea8c,15,17,2,5.958,5.563,-0.39500000000000046,21,False
LV,nuscale_voygr6,mc_10000,mc_summary,1a5b8f8f-f4be-4514-8738-755d25e19b41,1,1,0,6.728,6.04,-0.6879999999999997,1,True
CZ,nuscale_voygr6,mc_10000,mc_summary,1c059a42-608c-4753-8fcf-ba797d94f900,24,22,-2,5.68,5.469,-0.2109999999999994,29,False
TR,nuscale_voygr6,mc_10000,mc_summary,1ce7624e-1d72-4293-8ff4-09096b56ddd2,109,109,0,5.401,5.084,-0.31700000000000017,110,False
PL,nuscale_voygr6,mc_10000,mc_summary,1d19dce6-c458-4656-901d-6a8d3c548761,9,6,-3,7.075,6.486,-0.5890000000000004,61,False
RO,nuscale_voygr6,mc_10000,mc_summary,1d8be6d0-f3a5-4b32-9d46-3526289731f8,21,18,-3,5.375,5.322,-0.052999999999999936,21,False
TR,nuscale_voygr6,mc_10000,mc_summary,1f305180-6bbf-4758-9a98-78bc9e96e195,46,57,11,6.528,5.738,-0.7899999999999991,110,False
PL,nuscale_voygr6,mc_10000,mc_summary,202d797d-b0f9-4cd0-bbac-d7bb06805c09,37,34,-3,6.071,5.691,-0.3799999999999999,61,False
CZ,nuscale_voygr6,mc_10000,mc_summary,20bce4f5-ca0b-4145-87e5-0a0694343f31,17,19,2,6.263,5.638,-0.625,29,False
CZ,nuscale_voygr6,mc_10000,mc_summary,20c9d02d-e9e8-40b3-a11e-7a2e01018d8c,14,15,1,6.34,5.761,-0.5789999999999997,29,False
TR,nuscale_voygr6,mc_10000,mc_summary,21ccc44f-3244-4e7f-9654-eae424288200,76,80,4,6.13,5.51,-0.6200000000000001,110,False
TR,nuscale_voygr6,mc_10000,mc_summary,231565d3-4f56-43ee-a357-1f4451c6fbc3,37,56,19,6.588,5.739,-0.8490000000000002,110,False
TR,nuscale_voygr6,mc_10000,mc_summary,2350bab4-9869-43f1-b62f-a4d5aea77ef5,77,79,2,6.13,5.519,-0.6109999999999998,110,False
PL,nuscale_voygr6,mc_10000,mc_summary,239ea0eb-a9c4-43cc-ac5f-35271bdc6613,7,13,6,7.102,6.247,-0.8550000000000004,61,False
CZ,nuscale_voygr6,mc_10000,mc_summary,274ec928-e527-44cf-86c5-b6eddc09d0f7,20,21,1,5.918,5.526,-0.39200000000000035,29,False
PL,nuscale_voygr6,mc_10000,mc_summary,27fc89b3-ee57-44ac-8073-a700bc8d12e8,41,41,0,6.003,5.585,-0.41800000000000015,61,False
CZ,nuscale_voygr6,mc_10000,mc_summary,287cbb48-bb08-40dd-82c5-cfe1530dfbb9,1,3,2,7.075,6.396,-0.6790000000000003,29,False
HU,nuscale_voygr6,mc_10000,mc_summary,28b36531-865d-42ae-afb3-b8bad86f7014,6,6,0,6.305,5.718,-0.5869999999999997,11,False
PL,nuscale_voygr6,mc_10000,mc_summary,29479c3f-8db8-4f62-90e8-59ad6739f90b,34,37,3,6.12,5.671,-0.44899999999999984,61,False
RS,nuscale_voygr6,mc_10000,mc_summary,296282b1-d079-4c1e-b2df-12c25128b963,6,6,0,6.259,5.547,-0.7120000000000006,6,False
PL,nuscale_voygr6,mc_10000,mc_summary,2981a12d-3444-4301-96ba-a63ef50bec3e,1,1,0,7.516,6.788,-0.7279999999999998,61,False
RO,nuscale_voygr6,mc_10000,mc_summary,29836b52-a882-4921-95a7-6417e636d9a2,3,3,0,6.76,6.23,-0.5299999999999994,21,False
PL,nuscale_voygr6,mc_10000,mc_summary,29a58981-aaf7-4450-ad41-49dd6d786168,48,54,6,5.782,5.324,-0.4580000000000002,61,False
UA,nuscale_voygr6,mc_10000,mc_summary,29b3a802-7ef1-4722-ad59-b1511b1b0075,1,3,2,7.046,6.057,-0.9889999999999999,20,False
TR,nuscale_voygr6,mc_10000,mc_summary,2a3aad60-2bff-4206-8275-f6e2029f9278,66,81,15,6.252,5.506,-0.7459999999999996,110,False
TR,nuscale_voygr6,mc_10000,mc_summary,2b6a65d3-efb0-44d8-b88b-9aad311f4ac4,31,58,27,6.664,5.722,-0.9419999999999993,110,False
PL,nuscale_voygr6,mc_10000,mc_summary,2da9dab9-7b4e-46e7-b1c8-70eeb329c177,56,59,3,5.614,5.246,-0.36799999999999944,61,False
AT,nuscale_voygr6,mc_10000,mc_summary,2dcd2c6d-f375-4408-9492-7910662fac03,1,2,1,7.333,6.362,-0.9710000000000001,6,False
TR,nuscale_voygr6,mc_10000,mc_summary,2ec95392-978d-4a43-85b9-af3282c212ba,2,2,0,7.305,6.322,-0.9829999999999997,110,False
TR,nuscale_voygr6,mc_10000,mc_summary,2ed9363f-a9fe-46e5-8b92-c50b47a9077a,68,45,-23,6.237,5.821,-0.41600000000000037,110,False
BG,nuscale_voygr6,mc_10000,mc_summary,2fb27566-cc7b-4530-8ff9-e55e3a1985bd,5,5,0,6.504,6.142,-0.3619999999999992,7,False
CZ,nuscale_voygr6,mc_10000,mc_summary,2fe0a0b3-4108-427e-8e54-f77e1ea7227c,3,6,3,6.939,6.248,-0.6909999999999998,29,False
BG,nuscale_voygr6,mc_10000,mc_summary,30c9e377-b575-46fa-880f-922c46e6500a,1,3,2,7.102,6.213,-0.8890000000000002,7,False
CZ,nuscale_voygr6,mc_10000,mc_summary,32484f7b-18a4-4b21-8e6a-6d68ae099d02,5,4,-1,6.85,6.296,-0.5539999999999994,29,False
BG,nuscale_voygr6,mc_10000,mc_summary,33a015dd-51e0-497e-b0d3-4b1b3f070438,6,6,0,5.792,5.504,-0.28800000000000026,7,False
BA,nuscale_voygr6,mc_10000,mc_summary,344e0e9a-558e-4749-bb66-cd746be50cbd,5,5,0,5.556,5.2,-0.35599999999999987,5,False
RO,nuscale_voygr6,mc_10000,mc_summary,345fb795-170a-4fb5-833c-f6bcf2eb450c,1,1,0,7.633,6.744,-0.8890000000000002,21,False
HU,nuscale_voygr6,mc_10000,mc_summary,34d88ce8-d49c-4b19-af2d-6efcb1b72149,11,11,0,5.308,5.089,-0.21899999999999942,11,False
UA,nuscale_voygr6,mc_10000,mc_summary,3657989a-61ae-4fe3-9e8b-6ba7e68f8c59,14,16,2,6.017,5.57,-0.44700000000000006,20,False
ME,nuscale_voygr6,mc_10000,mc_summary,3795824b-cb76-48dd-a65c-764c757ddc76,1,1,0,5.242,4.961,-0.2809999999999997,1,True
TR,nuscale_voygr6,mc_10000,mc_summary,381221dd-76da-4adf-9b19-5da9f0779c22,80,65,-15,6.109,5.67,-0.43900000000000006,110,False
TR,nuscale_voygr6,mc_10000,mc_summary,3819acc8-761d-49ba-89e7-967d3d37ec0e,98,99,1,5.851,5.39,-0.4610000000000003,110,False
PL,nuscale_voygr6,mc_10000,mc_summary,399668d6-bfed-4e5b-bf38-9ee5902101c3,57,58,1,5.597,5.287,-0.3100000000000005,61,False
TR,nuscale_voygr6,mc_10000,mc_summary,3a06636d-c742-4b72-b9cd-21a4537c331b,84,90,6,6.073,5.466,-0.6070000000000002,110,False
BG,nuscale_voygr6,mc_10000,mc_summary,3bb6666f-de2f-4c6f-a28e-c3bddb71b54a,3,4,1,6.891,6.165,-0.726,7,False
UA,nuscale_voygr6,mc_10000,mc_summary,3bd2a957-ff3b-4bfd-9dba-808279edccb9,18,18,0,5.739,5.43,-0.30900000000000016,20,False
RO,nuscale_voygr6,mc_10000,mc_summary,3bef37a3-239e-498d-a160-77452a6a9b79,20,21,1,5.442,5.113,-0.32899999999999974,21,False
PL,nuscale_voygr6,mc_10000,mc_summary,3d2d4c37-eb9d-4b35-a8b1-b3f485bc3e3f,32,39,7,6.146,5.628,-0.5179999999999998,61,False
TR,nuscale_voygr6,mc_10000,mc_summary,3e5f4317-6f40-44fb-bfa2-e21dc4d9922d,34,36,2,6.618,5.89,-0.7280000000000006,110,False
TR,nuscale_voygr6,mc_10000,mc_summary,3f1ad930-cffb-4991-badd-773db74b890c,43,37,-6,6.569,5.884,-0.6849999999999996,110,False
PL,nuscale_voygr6,mc_10000,mc_summary,40650551-0c9c-45ea-bac6-befdb0cb5909,31,29,-2,6.19,5.761,-0.42900000000000027,61,False
PL,nuscale_voygr6,mc_10000,mc_summary,409dde58-5df1-44d9-b5ec-f8e2edd86786,35,31,-4,6.12,5.724,-0.3959999999999999,61,False
PL,nuscale_voygr6,mc_10000,mc_summary,40b4334a-7ba4-4ed8-aa8e-3c405599fbd7,45,45,0,5.891,5.518,-0.3730000000000002,61,False
PL,nuscale_voygr6,mc_10000,mc_summary,416aab55-6fd9-4a0a-b8f8-796fb62d86a5,30,30,0,6.198,5.733,-0.46500000000000075,61,False
TR,nuscale_voygr6,mc_10000,mc_summary,42d5b3fd-7d07-409b-9154-4441695b7901,67,60,-7,6.241,5.705,-0.5359999999999996,110,False
CZ,nuscale_voygr6,mc_10000,mc_summary,43e5b2b4-2ccf-46ab-b01e-e3d480146455,27,24,-3,5.551,5.361,-0.1900000000000004,29,False
TR,nuscale_voygr6,mc_10000,mc_summary,43f99d45-6635-4392-a522-4a06445fdaf2,39,55,16,6.576,5.747,-0.8289999999999997,110,False
PL,nuscale_voygr6,mc_10000,mc_summary,4411a22e-4e8a-4715-b000-1aae34494b68,8,9,1,7.088,6.407,-0.681,61,False
TR,nuscale_voygr6,mc_10000,mc_summary,44362378-9c74-44af-8a08-be4877f50e97,92,85,-7,5.977,5.499,-0.47800000000000065,110,False
TR,nuscale_voygr6,mc_10000,mc_summary,44698c12-3c50-4602-8104-dafa5fd215b6,56,48,-8,6.435,5.787,-0.6479999999999997,110,False
UA,nuscale_voygr6,mc_10000,mc_summary,447a9ea1-47fa-48a3-93f2-a77cbd629ac7,10,12,2,6.304,5.678,-0.6260000000000003,20,False
CZ,nuscale_voygr6,mc_10000,mc_summary,44d40276-5847-41d1-ab9b-887bbdc1bcfe,22,23,1,5.823,5.431,-0.39200000000000035,29,False
UA,nuscale_voygr6,mc_10000,mc_summary,46b96bc3-b190-4045-9c86-eb674e2ea35e,8,9,1,6.426,5.766,-0.6600000000000001,20,False
PL,nuscale_voygr6,mc_10000,mc_summary,47be3ec4-7abe-4f4c-ac3d-b7f753b8514a,46,42,-4,5.886,5.576,-0.3100000000000005,61,False
TR,nuscale_voygr6,mc_10000,mc_summary,48149515-0774-404d-b273-790b660a8d90,44,18,-26,6.555,6.04,-0.5149999999999997,110,False
TR,nuscale_voygr6,mc_10000,mc_summary,4b11cac9-4fe0-4a2a-9c09-4fe9a0ac6015,24,28,4,6.745,5.989,-0.7560000000000002,110,False
UA,nuscale_voygr6,mc_10000,mc_summary,4e45df00-0d28-44d0-9697-3fa33d76fc88,11,8,-3,6.278,5.787,-0.49099999999999966,20,False
CZ,nuscale_voygr6,mc_10000,mc_summary,4eb7914c-e000-403c-b5a5-c350de67bb83,23,25,2,5.728,5.344,-0.38399999999999945,29,False
TR,nuscale_voygr6,mc_10000,mc_summary,5067ece3-b204-495e-81c1-90a523252547,103,106,3,5.776,5.233,-0.5430000000000001,110,False
TR,nuscale_voygr6,mc_10000,mc_summary,52028d4f-7796-4463-832e-cff2e439c96a,82,89,7,6.102,5.468,-0.6340000000000003,110,False
RO,nuscale_voygr6,mc_10000,mc_summary,52a7babe-313f-493b-86b9-bd0c4aece4c3,5,6,1,6.597,5.965,-0.6320000000000006,21,False
PL,nuscale_voygr6,mc_10000,mc_summary,52db4dae-b014-45a4-96c4-49f80c1fdd11,6,3,-3,7.125,6.596,-0.5289999999999999,61,False
AT,nuscale_voygr6,mc_10000,mc_summary,532bfb42-0d4c-42cf-a81a-287f2b3a75bf,4,3,-1,6.562,6.115,-0.44700000000000006,6,False
TR,nuscale_voygr6,mc_10000,mc_summary,53481b7f-5b85-4bab-be04-4866c2e72c12,108,101,-7,5.5,5.365,-0.1349999999999998,110,False
PL,nuscale_voygr6,mc_10000,mc_summary,558e7bff-5b5d-4666-9ca3-ec02f2269aab,2,2,0,7.314,6.726,-0.5880000000000001,61,False
TR,nuscale_voygr6,mc_10000,mc_summary,55cfe45b-6357-40f9-8623-e9916f91f839,22,17,-5,6.781,6.044,-0.7370000000000001,110,False
TR,nuscale_voygr6,mc_10000,mc_summary,56b8e2a3-1885-431f-9fd1-4cd3bebfad61,32,39,7,6.664,5.873,-0.7909999999999995,110,False
TR,nuscale_voygr6,mc_10000,mc_summary,57c0c830-725f-46ee-9322-0a4a3ad9efda,5,5,0,7.107,6.184,-0.923,110,False
TR,nuscale_voygr6,mc_10000,mc_summary,5a19f424-1a15-44e6-bf1b-c2c5886ac1bf,72,66,-6,6.19,5.668,-0.5220000000000002,110,False
RO,nuscale_voygr6,mc_10000,mc_summary,5a33e5f0-6d86-4eab-adea-6c6bad7f3f45,16,9,-7,5.925,5.759,-0.16599999999999948,21,False
PL,nuscale_voygr6,mc_10000,mc_summary,5a57ae0a-6f91-46f4-a1f5-56a6b37596e9,61,61,0,5.458,5.141,-0.31700000000000017,61,False
TR,nuscale_voygr6,mc_10000,mc_summary,5b6be56c-d981-470c-a979-13a8764a34b8,91,94,3,5.982,5.425,-0.5570000000000004,110,False
RS,nuscale_voygr6,mc_10000,mc_summary,5d4aee8d-9e73-4987-907a-d092e0ba92ed,5,3,-2,6.524,5.964,-0.5599999999999996,6,False
HU,nuscale_voygr6,mc_10000,mc_summary,5de5f907-98e7-42d3-a7dd-cb65f839697b,3,3,0,6.873,6.306,-0.5670000000000002,11,False
UA,nuscale_voygr6,mc_10000,mc_summary,5ed0a674-a292-44bc-997f-5c1990da1235,2,1,-1,6.966,6.198,-0.7679999999999998,20,False
TR,nuscale_voygr6,mc_10000,mc_summary,5ed91c1b-0a1b-4a4c-9b2b-f6bdc8ff9770,102,105,3,5.79,5.308,-0.4820000000000002,110,False
CZ,nuscale_voygr6,mc_10000,mc_summary,5f4ed23c-cea2-41ef-a3e8-ac863e1bdcd6,15,14,-1,6.293,5.87,-0.42300000000000004,29,False
TR,nuscale_voygr6,mc_10000,mc_summary,5fa0dfa9-c272-444e-8e70-80ab55b5d36c,16,12,-4,6.847,6.099,-0.7480000000000002,110,False
CZ,nuscale_voygr6,mc_10000,mc_summary,60baaa73-dd8c-4865-bb18-6c73d63a4052,10,8,-2,6.49,6.048,-0.44200000000000017,29,False
CZ,nuscale_voygr6,mc_10000,mc_summary,63601ccc-3f20-4cbd-95cb-0fbeaf821c6a,11,11,0,6.469,5.973,-0.49600000000000044,29,False
HU,nuscale_voygr6,mc_10000,mc_summary,651839d3-4e8f-4214-89aa-1f96ea221121,7,7,0,5.981,5.595,-0.3860000000000001,11,False
AT,nuscale_voygr6,mc_10000,mc_summary,660d9d71-6733-4294-951b-1c58614d58cf,2,1,-1,7.101,6.371,-0.7299999999999995,6,False
PL,nuscale_voygr6,mc_10000,mc_summary,66bdc30c-4179-480b-a55a-5d15be5ac66b,21,15,-6,6.636,6.165,-0.4710000000000001,61,False
CZ,nuscale_voygr6,mc_10000,mc_summary,66c3f077-1ee6-41d7-8e6c-da374bb45139,28,28,0,5.551,5.274,-0.27700000000000014,29,False
TR,nuscale_voygr6,mc_10000,mc_summary,674deb4f-110c-4120-bea0-5f0711da3ea1,12,22,10,6.891,6.005,-0.8860000000000001,110,False
BY,nuscale_voygr6,mc_10000,mc_summary,68aabff9-e662-4b9f-b37d-4c2ebc5f7539,2,2,0,6.399,5.616,-0.7830000000000004,2,True
RO,nuscale_voygr6,mc_10000,mc_summary,693d9b73-f9fc-4502-9b94-be020c5d21fb,4,4,0,6.679,6.168,-0.5110000000000001,21,False
RO,nuscale_voygr6,mc_10000,mc_summary,6aed2eac-1c97-40c5-b842-fb15fd510f35,9,8,-1,6.149,5.907,-0.242,21,False
RO,nuscale_voygr6,mc_10000,mc_summary,6c428b2a-ad09-448b-b24c-22465929d69c,19,20,1,5.458,5.185,-0.2730000000000006,21,False
TR,nuscale_voygr6,mc_10000,mc_summary,6c9571c4-5d3b-4f88-a7be-fa8c21425eeb,8,6,-2,7.031,6.183,-0.8479999999999999,110,False
TR,nuscale_voygr6,mc_10000,mc_summary,6ddc2960-3d72-4d5f-b358-56d1c54f47e0,57,49,-8,6.435,5.786,-0.649,110,False
AT,nuscale_voygr6,mc_10000,mc_summary,6e7fc4d8-636d-411a-baef-e138a5a07acc,5,5,0,6.513,6.039,-0.4740000000000002,6,False
BG,nuscale_voygr6,mc_10000,mc_summary,704ef487-f600-4f23-b06e-a0f81b627597,7,7,0,5.646,5.5,-0.1459999999999999,7,False
UA,nuscale_voygr6,mc_10000,mc_summary,70781f2c-24c2-486c-8b32-310c36ba1238,17,15,-2,5.887,5.618,-0.26899999999999924,20,False
UA,nuscale_voygr6,mc_10000,mc_summary,725406d6-860f-4ca0-9c6a-425675bac381,7,6,-1,6.44,5.896,-0.5440000000000005,20,False
TR,nuscale_voygr6,mc_10000,mc_summary,737b6d06-1d0c-4ae6-9683-ab3fea192b32,86,78,-8,6.062,5.526,-0.5360000000000005,110,False
PL,nuscale_voygr6,mc_10000,mc_summary,73fe8f06-c53b-4877-9c1d-5caf3d8f2749,60,52,-8,5.51,5.351,-0.1589999999999998,61,False
TR,nuscale_voygr6,mc_10000,mc_summary,746fc66e-d31f-4c5d-bf5c-ab5031b04b15,75,87,12,6.145,5.484,-0.6609999999999996,110,False
MK,nuscale_voygr6,mc_10000,mc_summary,756218bb-3f16-443e-b6c6-400cd0ce2f87,3,3,0,5.294,5.011,-0.2829999999999995,3,False
TR,nuscale_voygr6,mc_10000,mc_summary,76cd9b7f-7613-4fd4-95ab-bf534a2e2f5e,73,91,18,6.176,5.464,-0.7119999999999997,110,False
SK,nuscale_voygr6,mc_10000,mc_summary,770f1d3c-e5fd-493c-a376-e708d2abec6c,2,2,0,6.864,6.27,-0.5940000000000003,5,False
TR,nuscale_voygr6,mc_10000,mc_summary,772e2484-419b-47de-9739-924ac371ad10,61,71,10,6.409,5.614,-0.7949999999999999,110,False
TR,nuscale_voygr6,mc_10000,mc_summary,778e0750-19f9-426e-a6c7-e0e30645fb97,3,3,0,7.198,6.271,-0.9270000000000005,110,False
TR,nuscale_voygr6,mc_10000,mc_summary,7a805295-0cd2-48be-972e-5282c996549c,58,50,-8,6.435,5.786,-0.649,110,False
TR,nuscale_voygr6,mc_10000,mc_summary,7b4d3f8f-a644-48a3-93f9-cd3c154dc5c2,104,84,-20,5.766,5.5,-0.266,110,False
TR,nuscale_voygr6,mc_10000,mc_summary,7cc9cffa-e4e4-4546-902d-c8f4800dbdb2,30,33,3,6.672,5.939,-0.7329999999999997,110,False
PL,nuscale_voygr6,mc_10000,mc_summary,7fc17ab0-ce24-4830-a938-b8424d1e9368,13,12,-1,6.957,6.29,-0.6669999999999998,61,False
BA,nuscale_voygr6,mc_10000,mc_summary,82011c29-a3d3-4a81-a27b-019d2649a251,1,3,2,5.907,5.419,-0.48800000000000043,5,False
RO,nuscale_voygr6,mc_10000,mc_summary,825dc024-9a53-4237-bf59-cbe0af0cf87d,10,13,3,6.082,5.656,-0.42600000000000016,21,False
TR,nuscale_voygr6,mc_10000,mc_summary,82aac38c-3037-466c-9b37-bff9da707645,40,46,6,6.573,5.821,-0.7520000000000007,110,False
MK,nuscale_voygr6,mc_10000,mc_summary,83d3abe4-2049-47ad-a66b-46034edb7569,2,2,0,5.827,5.393,-0.43400000000000016,3,False
UA,nuscale_voygr6,mc_10000,mc_summary,83fede8b-5f92-429d-920d-9a8928a74780,4,7,3,6.697,5.805,-0.8920000000000003,20,False
RO,nuscale_voygr6,mc_10000,mc_summary,8781d874-5923-4795-9c9f-b2a6c709025a,17,16,-1,5.811,5.567,-0.24399999999999977,21,False
TR,nuscale_voygr6,mc_10000,mc_summary,8a5dc384-e272-41ed-9868-a0686ac3fc7e,33,40,7,6.664,5.873,-0.7909999999999995,110,False
PL,nuscale_voygr6,mc_10000,mc_summary,8a9d5c87-7edc-49c3-85a2-d97727b9c9b2,24,24,0,6.425,5.946,-0.4790000000000001,61,False
TR,nuscale_voygr6,mc_10000,mc_summary,8b16dc60-1a2b-4b2c-bcad-1c334d246ae3,65,88,23,6.288,5.471,-0.8170000000000002,110,False
TR,nuscale_voygr6,mc_10000,mc_summary,8dd46a05-6e0c-4009-90ad-bd5909c25622,90,104,14,5.984,5.312,-0.6719999999999997,110,False
PL,nuscale_voygr6,mc_10000,mc_summary,8dd8db4c-b62d-4f6b-a2ee-70a9ed785e7a,43,49,6,5.925,5.481,-0.44399999999999995,61,False
PL,nuscale_voygr6,mc_10000,mc_summary,8e485f8a-5c68-4541-ab1d-77783f6fcb2d,17,16,-1,6.762,6.143,-0.6189999999999998,61,False
HU,nuscale_voygr6,mc_10000,mc_summary,903d6b94-cd9d-4c32-b7e2-4bbfbee929df,5,5,0,6.338,5.77,-0.5680000000000005,11,False
AT,nuscale_voygr6,mc_10000,mc_summary,90820fe3-9889-4faf-9906-7c528f8d7bc5,6,6,0,6.399,5.919,-0.4800000000000004,6,False
TR,nuscale_voygr6,mc_10000,mc_summary,9163ca37-1b31-409d-974f-9e7ed5e5f33d,55,53,-2,6.445,5.758,-0.6870000000000003,110,False
PL,nuscale_voygr6,mc_10000,mc_summary,917008f5-fba1-4ef7-b82d-9aded2b69267,16,20,4,6.812,6.039,-0.7730000000000006,61,False
TR,nuscale_voygr6,mc_10000,mc_summary,91f28dbb-16bd-449b-a20a-dc2b70cf2e66,69,63,-6,6.206,5.673,-0.5330000000000004,110,False
TR,nuscale_voygr6,mc_10000,mc_summary,94a5c55f-c499-41b1-81da-deaa36686399,21,23,2,6.803,5.997,-0.806,110,False
UA,nuscale_voygr6,mc_10000,mc_summary,95872473-c476-4ceb-bcf5-54cfdf415e42,19,19,0,5.574,5.287,-0.2869999999999999,20,False
RO,nuscale_voygr6,mc_10000,mc_summary,958e4d82-853a-41f1-a442-94b4c4314221,2,2,0,7.272,6.444,-0.8280000000000003,21,False
TR,nuscale_voygr6,mc_10000,mc_summary,96129c93-83a6-4b1c-929b-bfccba86a796,70,83,13,6.204,5.503,-0.7009999999999996,110,False
TR,nuscale_voygr6,mc_10000,mc_summary,9699244b-14c0-4e27-afd1-105494fccd60,38,20,-18,6.584,6.014,-0.5699999999999994,110,False
CZ,nuscale_voygr6,mc_10000,mc_summary,97ed917e-acfa-4002-be89-4ec44972ab45,21,18,-3,5.85,5.64,-0.20999999999999996,29,False
TR,nuscale_voygr6,mc_10000,mc_summary,98019711-a8c3-424a-870e-00d4fea75ed1,88,72,-16,6.036,5.601,-0.4349999999999996,110,False
RO,nuscale_voygr6,mc_10000,mc_summary,9825e28e-fd6e-460d-9caf-0342563f9060,6,7,1,6.422,5.952,-0.46999999999999975,21,False
RS,nuscale_voygr6,mc_10000,mc_summary,993ccce2-d5e1-498d-827d-8dbfeb42582b,3,2,-1,6.584,5.99,-0.5939999999999994,6,False
HU,nuscale_voygr6,mc_10000,mc_summary,997474f6-9bfd-4abd-a2ac-d8618db8f0b4,1,1,0,7.568,6.779,-0.7889999999999997,11,False
AT,nuscale_voygr6,mc_10000,mc_summary,99d712ac-7993-4186-8a0e-2e88bae7e90f,3,4,1,6.646,6.042,-0.6040000000000001,6,False
TR,nuscale_voygr6,mc_10000,mc_summary,9a6447f2-2887-4cce-a115-dc773d7f6eb1,48,41,-7,6.511,5.85,-0.6610000000000005,110,False
CZ,nuscale_voygr6,mc_10000,mc_summary,9c4291f1-173b-467e-ae26-8cb01312c605,8,9,1,6.66,6.008,-0.6520000000000001,29,False
TR,nuscale_voygr6,mc_10000,mc_summary,9eb693f6-6994-4937-bc4d-e8213baa5d47,29,42,13,6.702,5.838,-0.8639999999999999,110,False
BG,nuscale_voygr6,mc_10000,mc_summary,a064c7ae-e699-4a94-a18c-79bdfe42bce3,4,1,-3,6.83,6.367,-0.4630000000000001,7,False
PL,nuscale_voygr6,mc_10000,mc_summary,a19228ce-f25a-4ffd-a249-9d01403e6b81,11,11,0,7.045,6.34,-0.7050000000000001,61,False
BA,nuscale_voygr6,mc_10000,mc_summary,a23d073a-cbbd-469a-b134-380945fd3f4c,4,2,-2,5.84,5.428,-0.4119999999999999,5,False
SK,nuscale_voygr6,mc_10000,mc_summary,a2d8261c-3d08-4015-946c-47dbddbd0b98,5,5,0,5.565,5.161,-0.4040000000000008,5,False
TR,nuscale_voygr6,mc_10000,mc_summary,a4af3789-2c40-41fc-a3ec-3b8d2fc6c645,62,52,-10,6.389,5.759,-0.6299999999999999,110,False
RO,nuscale_voygr6,mc_10000,mc_summary,a4fa3246-27d6-4740-898c-bdf9dadcb88c,13,15,2,6.014,5.648,-0.36600000000000055,21,False
PL,nuscale_voygr6,mc_10000,mc_summary,a55e3643-8ed4-434b-b14f-2d549d09c0d9,20,25,5,6.642,5.926,-0.7160000000000002,61,False
TR,nuscale_voygr6,mc_10000,mc_summary,a6478cb9-5b8c-4d64-bbe6-3d3ed6a3da2c,7,8,1,7.061,6.175,-0.8860000000000001,110,False
PL,nuscale_voygr6,mc_10000,mc_summary,a67255dd-8134-418e-9377-e28516c53722,27,21,-6,6.361,6.026,-0.33499999999999996,61,False
PL,nuscale_voygr6,mc_10000,mc_summary,a6b51b4f-ba1d-49cd-bc99-8898acdbeb78,29,33,4,6.211,5.715,-0.49600000000000044,61,False
CZ,nuscale_voygr6,mc_10000,mc_summary,a6bf9980-016e-47ea-b40a-82e384a9eb43,26,27,1,5.578,5.3,-0.27800000000000047,29,False
CZ,nuscale_voygr6,mc_10000,mc_summary,a733fc13-11a4-4722-b62d-85c85a4f8ef3,12,10,-2,6.419,5.976,-0.4429999999999996,29,False
PL,nuscale_voygr6,mc_10000,mc_summary,a7eeee6e-e14a-40ba-80b6-75ed2e170b20,42,40,-2,5.951,5.603,-0.34799999999999986,61,False
PL,nuscale_voygr6,mc_10000,mc_summary,a91dfe3d-93e0-43a1-99d2-41abdd1fc2ce,58,51,-7,5.591,5.413,-0.17799999999999994,61,False
TR,nuscale_voygr6,mc_10000,mc_summary,a96dc545-41a9-4b0d-a7a3-f40ef711e5e3,45,34,-11,6.555,5.919,-0.6360000000000001,110,False
BA,nuscale_voygr6,mc_10000,mc_summary,aa0bdb5e-45aa-4d15-8aee-cb5b0e14f5d9,3,1,-2,5.901,5.484,-0.4169999999999998,5,False
TR,nuscale_voygr6,mc_10000,mc_summary,aa336cdc-f6fe-4b08-b46d-69e852c501bf,41,25,-16,6.573,5.995,-0.5780000000000003,110,False
CZ,nuscale_voygr6,mc_10000,mc_summary,aa38441d-aec7-4ae9-b4c3-68c5bf567db3,19,20,1,6.122,5.596,-0.5259999999999998,29,False
HR,nuscale_voygr6,mc_10000,mc_summary,ab151830-e5bd-46de-8400-01aa4c165366,1,1,0,6.433,5.751,-0.6819999999999995,1,True
PL,nuscale_voygr6,mc_10000,mc_summary,ab57f5c3-8699-46f9-970f-3007dfc58af4,23,26,3,6.463,5.9,-0.5629999999999997,61,False
TR,nuscale_voygr6,mc_10000,mc_summary,ad0c8590-c672-43f2-a813-1217a10f7d2d,1,1,0,7.473,6.435,-1.0380000000000003,110,False
PL,nuscale_voygr6,mc_10000,mc_summary,ad7a9c00-0c75-411f-8f89-859e603df1e6,54,48,-6,5.695,5.497,-0.1980000000000004,61,False
TR,nuscale_voygr6,mc_10000,mc_summary,adeb10a5-aaae-4e2c-b426-3db1c3d9bd5b,71,70,-1,6.191,5.647,-0.5439999999999996,110,False
RO,nuscale_voygr6,mc_10000,mc_summary,aff5ffe6-fe7a-4de7-afad-9d4645a64cd9,8,14,6,6.201,5.656,-0.5449999999999999,21,False
BG,nuscale_voygr6,mc_10000,mc_summary,b01fe781-dbc7-40f8-a544-946288020042,2,2,0,7.01,6.355,-0.6549999999999994,7,False
CZ,nuscale_voygr6,mc_10000,mc_summary,b0ba194f-3c80-4725-b1e7-fa5277b38833,6,7,1,6.748,6.179,-0.569,29,False
PL,nuscale_voygr6,mc_10000,mc_summary,b24c9876-5a4d-4b83-b442-af2f4b0d1047,50,55,5,5.744,5.323,-0.4209999999999994,61,False
PL,nuscale_voygr6,mc_10000,mc_summary,b24f9ac5-5ddf-4b19-ba95-76dafeca3d2c,5,10,5,7.192,6.371,-0.8209999999999997,61,False
MD,nuscale_voygr6,mc_10000,mc_summary,b3eb5dd2-98cf-40c4-b9ee-2a86fd066093,1,1,0,6.456,5.881,-0.5750000000000002,1,True
TR,nuscale_voygr6,mc_10000,mc_summary,b588126a-42d6-49dc-b227-9283af5a2578,25,29,4,6.745,5.988,-0.7569999999999997,110,False
TR,nuscale_voygr6,mc_10000,mc_summary,b5a75ec8-a2fe-42ad-b33e-ea32e20ebdfb,51,68,17,6.467,5.648,-0.819,110,False
TR,nuscale_voygr6,mc_10000,mc_summary,b5ff798e-e059-4d8b-a903-00a1fefc62ab,26,30,4,6.745,5.988,-0.7569999999999997,110,False
PL,nuscale_voygr6,mc_10000,mc_summary,b789a244-7d29-4be3-afe4-2f45d7f11eab,52,53,1,5.718,5.333,-0.3849999999999998,61,False
TR,nuscale_voygr6,mc_10000,mc_summary,b8875ff2-9e9d-4520-8879-c71468e9cc50,60,64,4,6.413,5.673,-0.7400000000000002,110,False
PL,nuscale_voygr6,mc_10000,mc_summary,b8a00967-90a3-4a4e-9979-6b8651d87380,33,44,11,6.146,5.568,-0.5780000000000003,61,False
PL,nuscale_voygr6,mc_10000,mc_summary,b8bc6544-1571-4906-95e0-314d62c78a24,10,8,-2,7.055,6.42,-0.6349999999999998,61,False
TR,nuscale_voygr6,mc_10000,mc_summary,bac4a081-83dc-4aba-8076-b67bfc55f54c,106,107,1,5.617,5.181,-0.43599999999999994,110,False
TR,nuscale_voygr6,mc_10000,mc_summary,bfadbe66-971d-4f64-b222-604a7ee6ac6b,28,38,10,6.715,5.875,-0.8399999999999999,110,False
RO,nuscale_voygr6,mc_10000,mc_summary,c3790475-3d3b-4e2b-92ae-24503fe03e6b,7,5,-2,6.237,6.021,-0.2160000000000002,21,False
PL,nuscale_voygr6,mc_10000,mc_summary,c39819ef-6798-4c01-9a82-9eead65b5f56,26,28,2,6.381,5.795,-0.5860000000000003,61,False
PL,nuscale_voygr6,mc_10000,mc_summary,c42c5942-264d-43a1-a9eb-95b00480eb1a,49,56,7,5.756,5.306,-0.4500000000000002,61,False
UA,nuscale_voygr6,mc_10000,mc_summary,c47eb6a3-49c1-4879-95b6-9bcd53b7af04,5,5,0,6.617,5.941,-0.6760000000000002,20,False
PL,nuscale_voygr6,mc_10000,mc_summary,c4d7f628-c108-4496-ac02-6076ea3ae448,38,32,-6,6.068,5.724,-0.3439999999999994,61,False
TR,nuscale_voygr6,mc_10000,mc_summary,c657c5c3-38a2-472d-8962-9e7cefcd2c1e,10,19,9,6.908,6.036,-0.8720000000000008,110,False
TR,nuscale_voygr6,mc_10000,mc_summary,c6b846cb-3a01-4e17-9d51-da4b58fd1827,101,95,-6,5.794,5.412,-0.3819999999999997,110,False
TR,nuscale_voygr6,mc_10000,mc_summary,c7afd455-7beb-4d23-8d3b-e9a102782d2b,107,108,1,5.558,5.102,-0.4559999999999995,110,False
TR,nuscale_voygr6,mc_10000,mc_summary,c8e1cc12-080a-4e01-925d-8fd6e4334856,97,82,-15,5.863,5.505,-0.35800000000000054,110,False
RS,nuscale_voygr6,mc_10000,mc_summary,c8f15aca-174b-4be6-a6d9-abfa4685d10d,4,1,-3,6.562,6.011,-0.5510000000000002,6,False
SK,nuscale_voygr6,mc_10000,mc_summary,c97125b3-20ed-4e21-a853-b928644ec7dd,1,1,0,7.02,6.326,-0.694,5,False
TR,nuscale_voygr6,mc_10000,mc_summary,c9c85786-eb26-4e7b-b280-83a54b7e834f,47,43,-4,6.527,5.838,-0.6890000000000001,110,False
TR,nuscale_voygr6,mc_10000,mc_summary,ca423571-d2ab-44d4-b5ce-3e649d9cc776,74,77,3,6.175,5.527,-0.6479999999999997,110,False
TR,nuscale_voygr6,mc_10000,mc_summary,cb08e7b6-0af3-45d9-95c3-3832e7e2677c,13,10,-3,6.878,6.168,-0.71,110,False
TR,nuscale_voygr6,mc_10000,mc_summary,cb825b0f-e315-4221-b194-43d5b472382d,83,69,-14,6.088,5.648,-0.4400000000000004,110,False
CZ,nuscale_voygr6,mc_10000,mc_summary,cbd67443-4a4e-44fd-a9ed-20ba9574c99e,29,26,-3,5.551,5.317,-0.23399999999999999,29,False
TR,nuscale_voygr6,mc_10000,mc_summary,cc635340-954c-4428-9fa1-14383c7faceb,49,47,-2,6.496,5.821,-0.6750000000000007,110,False
PL,nuscale_voygr6,mc_10000,mc_summary,ccc15bde-1c5a-40bf-8f09-2fcb1e896ce5,53,57,4,5.718,5.298,-0.41999999999999993,61,False
PL,nuscale_voygr6,mc_10000,mc_summary,cd84938d-eea8-47a1-8ea6-2e9f943e5914,3,7,4,7.231,6.461,-0.7699999999999996,61,False
UA,nuscale_voygr6,mc_10000,mc_summary,cdb6adfb-52ff-4631-939a-001080b20450,6,4,-2,6.461,5.956,-0.5049999999999999,20,False
PL,nuscale_voygr6,mc_10000,mc_summary,cdc888ad-fd51-4710-a5ab-3cd0fe9ddb48,15,14,-1,6.838,6.199,-0.6390000000000002,61,False
TR,nuscale_voygr6,mc_10000,mc_summary,ce39538c-997e-4a7d-bc32-f164f50f9aa0,79,75,-4,6.115,5.545,-0.5700000000000003,110,False
UA,nuscale_voygr6,mc_10000,mc_summary,cec871bd-c7f6-4444-b0da-9b3a9ecc6963,3,2,-1,6.73,6.081,-0.649,20,False
TR,nuscale_voygr6,mc_10000,mc_summary,cf9150af-0325-44d8-bbaf-493e742f2e2b,50,44,-6,6.474,5.827,-0.6470000000000002,110,False
TR,nuscale_voygr6,mc_10000,mc_summary,d020ac37-4f23-41b1-8f1e-b425b5769424,53,73,20,6.456,5.592,-0.8640000000000008,110,False
TR,nuscale_voygr6,mc_10000,mc_summary,d12e7ffc-4cd3-4ff4-81da-ae360d59409b,85,74,-11,6.066,5.586,-0.47999999999999954,110,False
TR,nuscale_voygr6,mc_10000,mc_summary,d1863136-5ff4-4b4d-a9c0-6219e92d637d,6,7,1,7.107,6.183,-0.9240000000000004,110,False
TR,nuscale_voygr6,mc_10000,mc_summary,d21335d4-0a3d-4464-85e0-352745a38db4,59,51,-8,6.435,5.786,-0.649,110,False
RS,nuscale_voygr6,mc_10000,mc_summary,d30af109-79cb-4ab5-a878-6f574b58116a,2,5,3,6.613,5.901,-0.7120000000000006,6,False
PL,nuscale_voygr6,mc_10000,mc_summary,d3b5a049-6bff-400b-9312-96985f03acea,59,60,1,5.539,5.238,-0.30099999999999927,61,False
UA,nuscale_voygr6,mc_10000,mc_summary,d3b9e403-7744-44c5-b5c3-999c4c1911d8,20,20,0,5.252,5.248,-0.0039999999999995595,20,False
TR,nuscale_voygr6,mc_10000,mc_summary,d3f986d9-a023-4d43-a0fb-03361f310873,14,16,2,6.878,6.055,-0.8230000000000004,110,False
TR,nuscale_voygr6,mc_10000,mc_summary,d48d2f39-d58f-4299-9b2f-56d194d2d13b,87,76,-11,6.061,5.538,-0.5229999999999997,110,False
RO,nuscale_voygr6,mc_10000,mc_summary,d498ded8-449c-4672-8bb9-0ed6c8fef775,12,12,0,6.027,5.665,-0.3620000000000001,21,False
TR,nuscale_voygr6,mc_10000,mc_summary,d5151598-5a1a-4697-8147-592845ffef6c,94,98,4,5.917,5.394,-0.5229999999999997,110,False
PL,nuscale_voygr6,mc_10000,mc_summary,d60b377c-9bb4-4fd5-adb7-a9a9ba98ae76,36,38,2,6.107,5.646,-0.4610000000000003,61,False
TR,nuscale_voygr6,mc_10000,mc_summary,d6cb5642-d5ec-4a15-bc6b-8be4cb0a382e,17,13,-4,6.847,6.072,-0.7750000000000004,110,False
CZ,nuscale_voygr6,mc_10000,mc_summary,d762ceeb-514f-43a6-9f91-a2d422ed6c60,2,2,0,7.014,6.409,-0.6050000000000004,29,False
RO,nuscale_voygr6,mc_10000,mc_summary,dac2a974-a2de-46c5-b581-03985a9ae7d0,11,10,-1,6.054,5.752,-0.3020000000000005,21,False
PL,nuscale_voygr6,mc_10000,mc_summary,dadadad9-b67e-44b8-a9ab-4cbf116da20b,4,4,0,7.224,6.524,-0.7000000000000002,61,False
TR,nuscale_voygr6,mc_10000,mc_summary,db87ce6a-3802-44c5-945f-8a95d3cf111b,81,67,-14,6.109,5.662,-0.44700000000000006,110,False
PL,nuscale_voygr6,mc_10000,mc_summary,dc87cdf1-9936-4a59-a5e9-b5e360173490,39,35,-4,6.042,5.681,-0.36099999999999977,61,False
TR,nuscale_voygr6,mc_10000,mc_summary,dd413ee8-a6f2-4e7c-8e6c-6d0ed8637d83,19,26,7,6.817,5.995,-0.8220000000000001,110,False
TR,nuscale_voygr6,mc_10000,mc_summary,ddc8bb9c-bf77-4075-b38c-600fb072acf8,11,14,3,6.902,6.066,-0.8360000000000003,110,False
PL,nuscale_voygr6,mc_10000,mc_summary,de6735bd-7a79-43c8-baad-1fe23d50d6f0,22,23,1,6.536,5.95,-0.5859999999999994,61,False
TR,nuscale_voygr6,mc_10000,mc_summary,e03c394f-1c08-4101-b1fe-f6662fe4b424,15,15,0,6.861,6.058,-0.8029999999999999,110,False
RO,nuscale_voygr6,mc_10000,mc_summary,e073b3f8-4312-4d34-b322-6289a3121af1,14,11,-3,6.014,5.752,-0.26200000000000045,21,False
TR,nuscale_voygr6,mc_10000,mc_summary,e10aae79-05b7-4ad9-9d69-60ce190b4444,42,24,-18,6.573,5.996,-0.577,110,False
HU,nuscale_voygr6,mc_10000,mc_summary,e1649639-2e45-4226-9c7a-783d2dcb6724,10,9,-1,5.344,5.13,-0.2140000000000004,11,False
CZ,nuscale_voygr6,mc_10000,mc_summary,e299922a-1670-4aff-acda-fd80600af9af,7,5,-2,6.721,6.256,-0.46499999999999986,29,False
PL,nuscale_voygr6,mc_10000,mc_summary,e2c23866-db1e-4316-82b5-7e3fe50c3c09,47,43,-4,5.848,5.574,-0.274,61,False
RO,nuscale_voygr6,mc_10000,mc_summary,e43af28e-a3d3-4047-a9cf-f3b0990754b4,18,19,1,5.759,5.285,-0.4740000000000002,21,False
UA,nuscale_voygr6,mc_10000,mc_summary,e4c6a713-99e6-4fdf-afaa-d456779c504c,16,14,-2,5.913,5.639,-0.274,20,False
PL,nuscale_voygr6,mc_10000,mc_summary,e4e3b5f0-7038-47a5-84e3-04eb07b3c4d7,14,17,3,6.925,6.081,-0.8439999999999994,61,False
TR,nuscale_voygr6,mc_10000,mc_summary,e71ec827-7143-48dd-8c8a-8e81705fa971,52,59,7,6.467,5.71,-0.7569999999999997,110,False
BA,nuscale_voygr6,mc_10000,mc_summary,e75c63e5-ef2f-4e08-8f8c-3da41215af9d,2,4,2,5.907,5.351,-0.556,5,False
TR,nuscale_voygr6,mc_10000,mc_summary,e780e4ac-0506-4186-9b58-0f378f878345,9,9,0,6.969,6.169,-0.8000000000000007,110,False
TR,nuscale_voygr6,mc_10000,mc_summary,e894ba3e-e397-47c9-b0b9-a72cfb6bd680,95,103,8,5.876,5.314,-0.5620000000000003,110,False
TR,nuscale_voygr6,mc_10000,mc_summary,e8b6e342-2011-4343-b415-a8bf08501499,99,100,1,5.809,5.386,-0.42300000000000004,110,False
PL,nuscale_voygr6,mc_10000,mc_summary,e9a1ae49-ff79-462c-af4e-7c6843221d36,55,50,-5,5.645,5.452,-0.19299999999999962,61,False
TR,nuscale_voygr6,mc_10000,mc_summary,e9bc02be-cf10-4b27-9b8a-0d4a954720e4,36,32,-4,6.606,5.941,-0.665,110,False
PL,nuscale_voygr6,mc_10000,mc_summary,ebc0f461-acfa-47da-8094-5b15ea3e25a0,19,19,0,6.662,6.047,-0.6150000000000002,61,False
PL,nuscale_voygr6,mc_10000,mc_summary,ee332928-87b2-4e7b-9203-20e402bc551f,12,5,-7,6.99,6.507,-0.48300000000000054,61,False
PL,nuscale_voygr6,mc_10000,mc_summary,ef2ee2ae-e73e-490c-aa07-746543fe20e6,40,36,-4,6.029,5.68,-0.3490000000000002,61,False
HU,nuscale_voygr6,mc_10000,mc_summary,ef325d90-6d2d-4f8f-89f2-3bc98beb149b,8,8,0,5.812,5.36,-0.45199999999999996,11,False
CZ,nuscale_voygr6,mc_10000,mc_summary,f1d2bca1-a7a9-4404-84c1-34fc8a59dab7,25,29,4,5.619,5.231,-0.3879999999999999,29,False
HU,nuscale_voygr6,mc_10000,mc_summary,f2b3a729-602a-4b6b-acc9-004244f2e556,9,10,1,5.373,5.102,-0.2709999999999999,11,False
UA,nuscale_voygr6,mc_10000,mc_summary,f2c061de-66ad-4fce-b911-7f1899f25b75,12,13,1,6.278,5.665,-0.6129999999999995,20,False
TR,nuscale_voygr6,mc_10000,mc_summary,f2e65fcf-afc4-4443-ac14-f15c8ffe48f3,20,27,7,6.817,5.994,-0.8230000000000004,110,False
CZ,nuscale_voygr6,mc_10000,mc_summary,f3523341-daaa-4573-a856-becb2e1bb9e3,4,1,-3,6.939,6.422,-0.5170000000000003,29,False
PL,nuscale_voygr6,mc_10000,mc_summary,f5be4e73-938d-4fe2-b585-5090ec780670,28,22,-6,6.36,5.989,-0.37100000000000044,61,False
HU,nuscale_voygr6,mc_10000,mc_summary,f7dcdb63-26e6-44cd-b440-ec14fe507d90,2,2,0,7.042,6.454,-0.5880000000000001,11,False
PL,nuscale_voygr6,mc_10000,mc_summary,f8f9f43d-6a3b-445d-818e-ca82a90ace65,51,47,-4,5.74,5.505,-0.23500000000000032,61,False
TR,nuscale_voygr6,mc_10000,mc_summary,f92bc907-9b9b-4d21-92fd-1705bd71128c,89,96,7,6.036,5.409,-0.6269999999999998,110,False
TR,nuscale_voygr6,mc_10000,mc_summary,fa6b7ac3-c1bf-478f-8d0a-1f357ea480cf,100,92,-8,5.808,5.442,-0.36599999999999966,110,False
BY,nuscale_voygr6,mc_10000,mc_summary,fac3d0b5-36a5-48ae-8494-f2f08e4342f4,1,1,0,6.786,5.772,-1.0139999999999993,2,True
UA,nuscale_voygr6,mc_10000,mc_summary,fb7d4d9a-3f27-4b50-9941-6a8fccd25e9a,9,10,1,6.335,5.754,-0.5810000000000004,20,False
TR,nuscale_voygr6,mc_10000,mc_summary,fc307877-758b-4dbf-afbe-abfc4a778155,35,35,0,6.613,5.909,-0.7040000000000006,110,False
TR,nuscale_voygr6,mc_10000,mc_summary,fecb62d9-6fb8-4f8d-83e3-78a7c75adb6e,64,62,-2,6.321,5.701,-0.6200000000000001,110,False
TR,nuscale_voygr6,w_EP_minus_20,weight,0049a899-af5f-41cd-86ae-2ba729b6365f,93,93,0,5.942,5.949,0.006999999999999673,110,False
RS,nuscale_voygr6,w_EP_minus_20,weight,0182ec25-0df9-4e4b-9861-d76a332bc282,1,1,0,6.715,6.737,0.02200000000000024,6,False
UA,nuscale_voygr6,w_EP_minus_20,weight,02253fcc-4fc6-42d4-a6a8-42365487302f,13,13,0,6.148,6.204,0.05600000000000005,20,False
TR,nuscale_voygr6,w_EP_minus_20,weight,0248611c-b745-404f-ad50-c2870882c7a1,18,15,-3,6.832,6.874,0.041999999999999815,110,False
UA,nuscale_voygr6,w_EP_minus_20,weight,038d42e9-769b-4b22-9513-dccff48b42cd,15,17,2,5.93,5.961,0.031000000000000583,20,False
HU,nuscale_voygr6,w_EP_minus_20,weight,059b3ad4-7196-4e6b-b169-8605ceeed841,4,4,0,6.601,6.602,0.001000000000000334,11,False
CZ,nuscale_voygr6,w_EP_minus_20,weight,05daa6b2-bb29-4c26-a459-855626673955,13,13,0,6.34,6.354,0.014000000000000234,29,False
PL,nuscale_voygr6,w_EP_minus_20,weight,06641fea-8997-4b69-a618-6afa34b82591,44,43,-1,5.912,5.951,0.0389999999999997,61,False
SK,nuscale_voygr6,w_EP_minus_20,weight,06defca3-9105-437f-afd4-52f5603d9b8e,4,4,0,6.272,6.302,0.02999999999999936,5,False
TR,nuscale_voygr6,w_EP_minus_20,weight,0947a4c8-4fc1-492f-9c66-2c9a993c7fb0,54,58,4,6.445,6.462,0.01699999999999946,110,False
CZ,nuscale_voygr6,w_EP_minus_20,weight,0ae8917b-a70b-41e5-82de-e4963a7686e3,16,17,1,6.265,6.278,0.0129999999999999,29,False
PL,nuscale_voygr6,w_EP_minus_20,weight,0b187a1d-55de-47cf-96a3-06abc8ff2476,18,18,0,6.662,6.712,0.04999999999999982,61,False
TR,nuscale_voygr6,w_EP_minus_20,weight,0ca4ff78-4113-4ad9-ac04-0fd541d42338,78,81,3,6.123,6.116,-0.007000000000000561,110,False
TR,nuscale_voygr6,w_EP_minus_20,weight,0fec985c-c66e-40af-a123-a9ba4db269bb,63,63,0,6.35,6.383,0.03300000000000036,110,False
TR,nuscale_voygr6,w_EP_minus_20,weight,1289753b-43db-4058-8fe1-6e38b5fb01b5,27,28,1,6.726,6.73,0.004000000000000448,110,False
TR,nuscale_voygr6,w_EP_minus_20,weight,142cad75-648a-495d-8c10-792351e72126,4,4,0,7.153,7.183,0.03000000000000025,110,False
CZ,nuscale_voygr6,w_EP_minus_20,weight,14e88076-ce0e-4693-bca4-e80f3f013c7f,18,18,0,6.259,6.271,0.011999999999999567,29,False
TR,nuscale_voygr6,w_EP_minus_20,weight,1624a526-07d8-44a4-8ed7-3b035b748f03,105,105,0,5.653,5.674,0.021000000000000796,110,False
TR,nuscale_voygr6,w_EP_minus_20,weight,166f5fcc-1cc4-4cf5-9e52-59e7ce1557c6,23,26,3,6.759,6.782,0.022999999999999687,110,False
SK,nuscale_voygr6,w_EP_minus_20,weight,1719d38b-61e8-4b01-844b-3a2f85c8a186,3,3,0,6.503,6.537,0.03399999999999981,5,False
MK,nuscale_voygr6,w_EP_minus_20,weight,1739b1b7-a6f3-466c-9dfa-3d1de9d5b6db,1,1,0,6.391,6.428,0.03699999999999992,3,False
TR,nuscale_voygr6,w_EP_minus_20,weight,17568f0f-91fd-4efe-b4df-2c7cc5d80b7d,110,110,0,5.073,5.065,-0.008000000000000007,110,False
CZ,nuscale_voygr6,w_EP_minus_20,weight,180880c2-7284-4723-b02a-a62348b9b40b,9,9,0,6.633,6.651,0.017999999999999794,29,False
TR,nuscale_voygr6,w_EP_minus_20,weight,1820429d-bd95-4e56-a6db-d9bb57e2ae07,96,97,1,5.865,5.871,0.006000000000000227,110,False
PL,nuscale_voygr6,w_EP_minus_20,weight,187b4fd7-6a61-4e94-8ed4-495ac6dfc317,25,25,0,6.419,6.449,0.03000000000000025,61,False
RO,nuscale_voygr6,w_EP_minus_20,weight,18ecb024-ee4f-4045-8254-5e95d61dea8c,15,15,0,5.958,6.013,0.054999999999999716,21,False
LV,nuscale_voygr6,w_EP_minus_20,weight,1a5b8f8f-f4be-4514-8738-755d25e19b41,1,1,0,6.728,6.768,0.040000000000000036,1,True
CZ,nuscale_voygr6,w_EP_minus_20,weight,1c059a42-608c-4753-8fcf-ba797d94f900,24,24,0,5.68,5.7,0.020000000000000462,29,False
TR,nuscale_voygr6,w_EP_minus_20,weight,1ce7624e-1d72-4293-8ff4-09096b56ddd2,109,109,0,5.401,5.418,0.017000000000000348,110,False
PL,nuscale_voygr6,w_EP_minus_20,weight,1d19dce6-c458-4656-901d-6a8d3c548761,9,9,0,7.075,7.1,0.024999999999999467,61,False
RO,nuscale_voygr6,w_EP_minus_20,weight,1d8be6d0-f3a5-4b32-9d46-3526289731f8,21,21,0,5.375,5.406,0.030999999999999694,21,False
TR,nuscale_voygr6,w_EP_minus_20,weight,1f305180-6bbf-4758-9a98-78bc9e96e195,46,47,1,6.528,6.548,0.020000000000000462,110,False
PL,nuscale_voygr6,w_EP_minus_20,weight,202d797d-b0f9-4cd0-bbac-d7bb06805c09,37,37,0,6.071,6.096,0.025000000000000355,61,False
CZ,nuscale_voygr6,w_EP_minus_20,weight,20bce4f5-ca0b-4145-87e5-0a0694343f31,17,16,-1,6.263,6.291,0.02800000000000047,29,False
CZ,nuscale_voygr6,w_EP_minus_20,weight,20c9d02d-e9e8-40b3-a11e-7a2e01018d8c,14,14,0,6.34,6.354,0.014000000000000234,29,False
TR,nuscale_voygr6,w_EP_minus_20,weight,21ccc44f-3244-4e7f-9654-eae424288200,76,76,0,6.13,6.16,0.03000000000000025,110,False
TR,nuscale_voygr6,w_EP_minus_20,weight,231565d3-4f56-43ee-a357-1f4451c6fbc3,37,41,4,6.588,6.608,0.019999999999999574,110,False
TR,nuscale_voygr6,w_EP_minus_20,weight,2350bab4-9869-43f1-b62f-a4d5aea77ef5,77,77,0,6.13,6.16,0.03000000000000025,110,False
PL,nuscale_voygr6,w_EP_minus_20,weight,239ea0eb-a9c4-43cc-ac5f-35271bdc6613,7,7,0,7.102,7.129,0.026999999999999247,61,False
CZ,nuscale_voygr6,w_EP_minus_20,weight,274ec928-e527-44cf-86c5-b6eddc09d0f7,20,20,0,5.918,5.942,0.02400000000000002,29,False
PL,nuscale_voygr6,w_EP_minus_20,weight,27fc89b3-ee57-44ac-8073-a700bc8d12e8,41,41,0,6.003,6.027,0.02400000000000002,61,False
CZ,nuscale_voygr6,w_EP_minus_20,weight,287cbb48-bb08-40dd-82c5-cfe1530dfbb9,1,1,0,7.075,7.101,0.0259999999999998,29,False
HU,nuscale_voygr6,w_EP_minus_20,weight,28b36531-865d-42ae-afb3-b8bad86f7014,6,6,0,6.305,6.318,0.0129999999999999,11,False
PL,nuscale_voygr6,w_EP_minus_20,weight,29479c3f-8db8-4f62-90e8-59ad6739f90b,34,35,1,6.12,6.146,0.0259999999999998,61,False
RS,nuscale_voygr6,w_EP_minus_20,weight,296282b1-d079-4c1e-b2df-12c25128b963,6,6,0,6.259,6.273,0.013999999999999346,6,False
PL,nuscale_voygr6,w_EP_minus_20,weight,2981a12d-3444-4301-96ba-a63ef50bec3e,1,1,0,7.516,7.548,0.03200000000000003,61,False
RO,nuscale_voygr6,w_EP_minus_20,weight,29836b52-a882-4921-95a7-6417e636d9a2,3,3,0,6.76,6.814,0.05400000000000027,21,False
PL,nuscale_voygr6,w_EP_minus_20,weight,29a58981-aaf7-4450-ad41-49dd6d786168,48,48,0,5.782,5.803,0.020999999999999908,61,False
UA,nuscale_voygr6,w_EP_minus_20,weight,29b3a802-7ef1-4722-ad59-b1511b1b0075,1,1,0,7.046,7.126,0.08000000000000007,20,False
TR,nuscale_voygr6,w_EP_minus_20,weight,2a3aad60-2bff-4206-8275-f6e2029f9278,66,67,1,6.252,6.247,-0.004999999999999893,110,False
TR,nuscale_voygr6,w_EP_minus_20,weight,2b6a65d3-efb0-44d8-b88b-9aad311f4ac4,31,33,2,6.664,6.667,0.0030000000000001137,110,False
PL,nuscale_voygr6,w_EP_minus_20,weight,2da9dab9-7b4e-46e7-b1c8-70eeb329c177,56,56,0,5.614,5.631,0.017000000000000348,61,False
AT,nuscale_voygr6,w_EP_minus_20,weight,2dcd2c6d-f375-4408-9492-7910662fac03,1,1,0,7.333,7.364,0.030999999999999694,6,False
TR,nuscale_voygr6,w_EP_minus_20,weight,2ec95392-978d-4a43-85b9-af3282c212ba,2,2,0,7.305,7.339,0.034000000000000696,110,False
TR,nuscale_voygr6,w_EP_minus_20,weight,2ed9363f-a9fe-46e5-8b92-c50b47a9077a,68,69,1,6.237,6.232,-0.004999999999999893,110,False
BG,nuscale_voygr6,w_EP_minus_20,weight,2fb27566-cc7b-4530-8ff9-e55e3a1985bd,5,5,0,6.504,6.538,0.034000000000000696,7,False
CZ,nuscale_voygr6,w_EP_minus_20,weight,2fe0a0b3-4108-427e-8e54-f77e1ea7227c,3,3,0,6.939,6.979,0.040000000000000036,29,False
BG,nuscale_voygr6,w_EP_minus_20,weight,30c9e377-b575-46fa-880f-922c46e6500a,1,1,0,7.102,7.145,0.04299999999999926,7,False
CZ,nuscale_voygr6,w_EP_minus_20,weight,32484f7b-18a4-4b21-8e6a-6d68ae099d02,5,5,0,6.85,6.889,0.03900000000000059,29,False
BG,nuscale_voygr6,w_EP_minus_20,weight,33a015dd-51e0-497e-b0d3-4b1b3f070438,6,6,0,5.792,5.828,0.036000000000000476,7,False
BA,nuscale_voygr6,w_EP_minus_20,weight,344e0e9a-558e-4749-bb66-cd746be50cbd,5,5,0,5.556,5.597,0.04100000000000037,5,False
RO,nuscale_voygr6,w_EP_minus_20,weight,345fb795-170a-4fb5-833c-f6bcf2eb450c,1,1,0,7.633,7.668,0.03500000000000014,21,False
HU,nuscale_voygr6,w_EP_minus_20,weight,34d88ce8-d49c-4b19-af2d-6efcb1b72149,11,11,0,5.308,5.337,0.028999999999999915,11,False
UA,nuscale_voygr6,w_EP_minus_20,weight,3657989a-61ae-4fe3-9e8b-6ba7e68f8c59,14,14,0,6.017,6.092,0.07499999999999929,20,False
ME,nuscale_voygr6,w_EP_minus_20,weight,3795824b-cb76-48dd-a65c-764c757ddc76,1,1,0,5.242,5.278,0.03599999999999959,1,True
TR,nuscale_voygr6,w_EP_minus_20,weight,381221dd-76da-4adf-9b19-5da9f0779c22,80,80,0,6.109,6.138,0.028999999999999915,110,False
TR,nuscale_voygr6,w_EP_minus_20,weight,3819acc8-761d-49ba-89e7-967d3d37ec0e,98,98,0,5.851,5.858,0.006999999999999673,110,False
PL,nuscale_voygr6,w_EP_minus_20,weight,399668d6-bfed-4e5b-bf38-9ee5902101c3,57,57,0,5.597,5.615,0.017999999999999794,61,False
TR,nuscale_voygr6,w_EP_minus_20,weight,3a06636d-c742-4b72-b9cd-21a4537c331b,84,82,-2,6.073,6.102,0.028999999999999915,110,False
BG,nuscale_voygr6,w_EP_minus_20,weight,3bb6666f-de2f-4c6f-a28e-c3bddb71b54a,3,3,0,6.891,6.931,0.040000000000000036,7,False
UA,nuscale_voygr6,w_EP_minus_20,weight,3bd2a957-ff3b-4bfd-9dba-808279edccb9,18,18,0,5.739,5.808,0.06899999999999995,20,False
RO,nuscale_voygr6,w_EP_minus_20,weight,3bef37a3-239e-498d-a160-77452a6a9b79,20,20,0,5.442,5.456,0.014000000000000234,21,False
PL,nuscale_voygr6,w_EP_minus_20,weight,3d2d4c37-eb9d-4b35-a8b1-b3f485bc3e3f,32,33,1,6.146,6.172,0.0259999999999998,61,False
TR,nuscale_voygr6,w_EP_minus_20,weight,3e5f4317-6f40-44fb-bfa2-e21dc4d9922d,34,34,0,6.618,6.658,0.040000000000000036,110,False
TR,nuscale_voygr6,w_EP_minus_20,weight,3f1ad930-cffb-4991-badd-773db74b890c,43,42,-1,6.569,6.606,0.03699999999999992,110,False
PL,nuscale_voygr6,w_EP_minus_20,weight,40650551-0c9c-45ea-bac6-befdb0cb5909,31,31,0,6.19,6.219,0.028999999999999915,61,False
PL,nuscale_voygr6,w_EP_minus_20,weight,409dde58-5df1-44d9-b5ec-f8e2edd86786,35,36,1,6.12,6.146,0.0259999999999998,61,False
PL,nuscale_voygr6,w_EP_minus_20,weight,40b4334a-7ba4-4ed8-aa8e-3c405599fbd7,45,45,0,5.891,5.931,0.040000000000000036,61,False
PL,nuscale_voygr6,w_EP_minus_20,weight,416aab55-6fd9-4a0a-b8f8-796fb62d86a5,30,30,0,6.198,6.225,0.026999999999999247,61,False
TR,nuscale_voygr6,w_EP_minus_20,weight,42d5b3fd-7d07-409b-9154-4441695b7901,67,66,-1,6.241,6.272,0.031000000000000583,110,False
CZ,nuscale_voygr6,w_EP_minus_20,weight,43e5b2b4-2ccf-46ab-b01e-e3d480146455,27,27,0,5.551,5.568,0.01699999999999946,29,False
TR,nuscale_voygr6,w_EP_minus_20,weight,43f99d45-6635-4392-a522-4a06445fdaf2,39,37,-2,6.576,6.615,0.03900000000000059,110,False
PL,nuscale_voygr6,w_EP_minus_20,weight,4411a22e-4e8a-4715-b000-1aae34494b68,8,8,0,7.088,7.129,0.04099999999999948,61,False
TR,nuscale_voygr6,w_EP_minus_20,weight,44362378-9c74-44af-8a08-be4877f50e97,92,92,0,5.977,5.986,0.008999999999999453,110,False
TR,nuscale_voygr6,w_EP_minus_20,weight,44698c12-3c50-4602-8104-dafa5fd215b6,56,54,-2,6.435,6.471,0.036000000000000476,110,False
UA,nuscale_voygr6,w_EP_minus_20,weight,447a9ea1-47fa-48a3-93f2-a77cbd629ac7,10,9,-1,6.304,6.385,0.08099999999999952,20,False
CZ,nuscale_voygr6,w_EP_minus_20,weight,44d40276-5847-41d1-ab9b-887bbdc1bcfe,22,22,0,5.823,5.845,0.021999999999999353,29,False
UA,nuscale_voygr6,w_EP_minus_20,weight,46b96bc3-b190-4045-9c86-eb674e2ea35e,8,8,0,6.426,6.488,0.06200000000000028,20,False
PL,nuscale_voygr6,w_EP_minus_20,weight,47be3ec4-7abe-4f4c-ac3d-b7f753b8514a,46,46,0,5.886,5.908,0.02200000000000024,61,False
TR,nuscale_voygr6,w_EP_minus_20,weight,48149515-0774-404d-b273-790b660a8d90,44,45,1,6.555,6.574,0.019000000000000128,110,False
TR,nuscale_voygr6,w_EP_minus_20,weight,4b11cac9-4fe0-4a2a-9c09-4fe9a0ac6015,24,23,-1,6.745,6.785,0.040000000000000036,110,False
UA,nuscale_voygr6,w_EP_minus_20,weight,4e45df00-0d28-44d0-9697-3fa33d76fc88,11,11,0,6.278,6.359,0.0810000000000004,20,False
CZ,nuscale_voygr6,w_EP_minus_20,weight,4eb7914c-e000-403c-b5a5-c350de67bb83,23,23,0,5.728,5.748,0.020000000000000462,29,False
TR,nuscale_voygr6,w_EP_minus_20,weight,5067ece3-b204-495e-81c1-90a523252547,103,103,0,5.776,5.781,0.004999999999999893,110,False
TR,nuscale_voygr6,w_EP_minus_20,weight,52028d4f-7796-4463-832e-cff2e439c96a,82,84,2,6.102,6.095,-0.007000000000000561,110,False
RO,nuscale_voygr6,w_EP_minus_20,weight,52a7babe-313f-493b-86b9-bd0c4aece4c3,5,5,0,6.597,6.65,0.052999999999999936,21,False
PL,nuscale_voygr6,w_EP_minus_20,weight,52db4dae-b014-45a4-96c4-49f80c1fdd11,6,6,0,7.125,7.152,0.027000000000000135,61,False
AT,nuscale_voygr6,w_EP_minus_20,weight,532bfb42-0d4c-42cf-a81a-287f2b3a75bf,4,4,0,6.562,6.594,0.03200000000000003,6,False
TR,nuscale_voygr6,w_EP_minus_20,weight,53481b7f-5b85-4bab-be04-4866c2e72c12,108,108,0,5.5,5.5,0.0,110,False
PL,nuscale_voygr6,w_EP_minus_20,weight,558e7bff-5b5d-4666-9ca3-ec02f2269aab,2,2,0,7.314,7.361,0.04699999999999971,61,False
TR,nuscale_voygr6,w_EP_minus_20,weight,55cfe45b-6357-40f9-8623-e9916f91f839,22,22,0,6.781,6.804,0.023000000000000576,110,False
TR,nuscale_voygr6,w_EP_minus_20,weight,56b8e2a3-1885-431f-9fd1-4cd3bebfad61,32,30,-2,6.664,6.705,0.04100000000000037,110,False
TR,nuscale_voygr6,w_EP_minus_20,weight,57c0c830-725f-46ee-9322-0a4a3ad9efda,5,5,0,7.107,7.137,0.02999999999999936,110,False
TR,nuscale_voygr6,w_EP_minus_20,weight,5a19f424-1a15-44e6-bf1b-c2c5886ac1bf,72,72,0,6.19,6.202,0.011999999999999567,110,False
RO,nuscale_voygr6,w_EP_minus_20,weight,5a33e5f0-6d86-4eab-adea-6c6bad7f3f45,16,16,0,5.925,5.964,0.03900000000000059,21,False
PL,nuscale_voygr6,w_EP_minus_20,weight,5a57ae0a-6f91-46f4-a1f5-56a6b37596e9,61,61,0,5.458,5.473,0.01499999999999968,61,False
TR,nuscale_voygr6,w_EP_minus_20,weight,5b6be56c-d981-470c-a979-13a8764a34b8,91,91,0,5.982,5.99,0.008000000000000007,110,False
RS,nuscale_voygr6,w_EP_minus_20,weight,5d4aee8d-9e73-4987-907a-d092e0ba92ed,5,5,0,6.524,6.559,0.03500000000000014,6,False
HU,nuscale_voygr6,w_EP_minus_20,weight,5de5f907-98e7-42d3-a7dd-cb65f839697b,3,3,0,6.873,6.895,0.021999999999999353,11,False
UA,nuscale_voygr6,w_EP_minus_20,weight,5ed0a674-a292-44bc-997f-5c1990da1235,2,2,0,6.966,7.03,0.06400000000000006,20,False
TR,nuscale_voygr6,w_EP_minus_20,weight,5ed91c1b-0a1b-4a4c-9b2b-f6bdc8ff9770,102,104,2,5.79,5.776,-0.014000000000000234,110,False
CZ,nuscale_voygr6,w_EP_minus_20,weight,5f4ed23c-cea2-41ef-a3e8-ac863e1bdcd6,15,15,0,6.293,6.306,0.0129999999999999,29,False
TR,nuscale_voygr6,w_EP_minus_20,weight,5fa0dfa9-c272-444e-8e70-80ab55b5d36c,16,17,1,6.847,6.854,0.006999999999999673,110,False
CZ,nuscale_voygr6,w_EP_minus_20,weight,60baaa73-dd8c-4865-bb18-6c73d63a4052,10,10,0,6.49,6.506,0.016000000000000014,29,False
CZ,nuscale_voygr6,w_EP_minus_20,weight,63601ccc-3f20-4cbd-95cb-0fbeaf821c6a,11,11,0,6.469,6.502,0.032999999999999474,29,False
HU,nuscale_voygr6,w_EP_minus_20,weight,651839d3-4e8f-4214-89aa-1f96ea221121,7,7,0,5.981,6.004,0.022999999999999687,11,False
AT,nuscale_voygr6,w_EP_minus_20,weight,660d9d71-6733-4294-951b-1c58614d58cf,2,2,0,7.101,7.126,0.025000000000000355,6,False
PL,nuscale_voygr6,w_EP_minus_20,weight,66bdc30c-4179-480b-a55a-5d15be5ac66b,21,21,0,6.636,6.67,0.03399999999999981,61,False
CZ,nuscale_voygr6,w_EP_minus_20,weight,66c3f077-1ee6-41d7-8e6c-da374bb45139,28,28,0,5.551,5.568,0.01699999999999946,29,False
TR,nuscale_voygr6,w_EP_minus_20,weight,674deb4f-110c-4120-bea0-5f0711da3ea1,12,12,0,6.891,6.897,0.006000000000000227,110,False
BY,nuscale_voygr6,w_EP_minus_20,weight,68aabff9-e662-4b9f-b37d-4c2ebc5f7539,2,2,0,6.399,6.437,0.038000000000000256,2,True
RO,nuscale_voygr6,w_EP_minus_20,weight,693d9b73-f9fc-4502-9b94-be020c5d21fb,4,4,0,6.679,6.697,0.017999999999999794,21,False
RO,nuscale_voygr6,w_EP_minus_20,weight,6aed2eac-1c97-40c5-b842-fb15fd510f35,9,9,0,6.149,6.195,0.04600000000000026,21,False
RO,nuscale_voygr6,w_EP_minus_20,weight,6c428b2a-ad09-448b-b24c-22465929d69c,19,19,0,5.458,5.457,-0.001000000000000334,21,False
TR,nuscale_voygr6,w_EP_minus_20,weight,6c9571c4-5d3b-4f88-a7be-fa8c21425eeb,8,7,-1,7.031,7.078,0.0470000000000006,110,False
TR,nuscale_voygr6,w_EP_minus_20,weight,6ddc2960-3d72-4d5f-b358-56d1c54f47e0,57,55,-2,6.435,6.471,0.036000000000000476,110,False
AT,nuscale_voygr6,w_EP_minus_20,weight,6e7fc4d8-636d-411a-baef-e138a5a07acc,5,5,0,6.513,6.513,0.0,6,False
BG,nuscale_voygr6,w_EP_minus_20,weight,704ef487-f600-4f23-b06e-a0f81b627597,7,7,0,5.646,5.682,0.036000000000000476,7,False
UA,nuscale_voygr6,w_EP_minus_20,weight,70781f2c-24c2-486c-8b32-310c36ba1238,17,16,-1,5.887,5.98,0.09300000000000086,20,False
UA,nuscale_voygr6,w_EP_minus_20,weight,725406d6-860f-4ca0-9c6a-425675bac381,7,6,-1,6.44,6.529,0.08899999999999952,20,False
TR,nuscale_voygr6,w_EP_minus_20,weight,737b6d06-1d0c-4ae6-9683-ab3fea192b32,86,88,2,6.062,6.072,0.009999999999999787,110,False
PL,nuscale_voygr6,w_EP_minus_20,weight,73fe8f06-c53b-4877-9c1d-5caf3d8f2749,60,60,0,5.51,5.542,0.03200000000000003,61,False
TR,nuscale_voygr6,w_EP_minus_20,weight,746fc66e-d31f-4c5d-bf5c-ab5031b04b15,75,78,3,6.145,6.157,0.012000000000000455,110,False
MK,nuscale_voygr6,w_EP_minus_20,weight,756218bb-3f16-443e-b6c6-400cd0ce2f87,3,3,0,5.294,5.31,0.016000000000000014,3,False
TR,nuscale_voygr6,w_EP_minus_20,weight,76cd9b7f-7613-4fd4-95ab-bf534a2e2f5e,73,73,0,6.176,6.188,0.011999999999999567,110,False
SK,nuscale_voygr6,w_EP_minus_20,weight,770f1d3c-e5fd-493c-a376-e708d2abec6c,2,2,0,6.864,6.92,0.05600000000000005,5,False
TR,nuscale_voygr6,w_EP_minus_20,weight,772e2484-419b-47de-9739-924ac371ad10,61,62,1,6.409,6.407,-0.0019999999999997797,110,False
TR,nuscale_voygr6,w_EP_minus_20,weight,778e0750-19f9-426e-a6c7-e0e30645fb97,3,3,0,7.198,7.212,0.013999999999999346,110,False
TR,nuscale_voygr6,w_EP_minus_20,weight,7a805295-0cd2-48be-972e-5282c996549c,58,56,-2,6.435,6.471,0.036000000000000476,110,False
TR,nuscale_voygr6,w_EP_minus_20,weight,7b4d3f8f-a644-48a3-93f9-cd3c154dc5c2,104,102,-2,5.766,5.789,0.022999999999999687,110,False
TR,nuscale_voygr6,w_EP_minus_20,weight,7cc9cffa-e4e4-4546-902d-c8f4800dbdb2,30,32,2,6.672,6.695,0.023000000000000576,110,False
PL,nuscale_voygr6,w_EP_minus_20,weight,7fc17ab0-ce24-4830-a938-b8424d1e9368,13,13,0,6.957,6.965,0.008000000000000007,61,False
BA,nuscale_voygr6,w_EP_minus_20,weight,82011c29-a3d3-4a81-a27b-019d2649a251,1,1,0,5.907,5.975,0.06799999999999962,5,False
RO,nuscale_voygr6,w_EP_minus_20,weight,825dc024-9a53-4237-bf59-cbe0af0cf87d,10,10,0,6.082,6.108,0.0259999999999998,21,False
TR,nuscale_voygr6,w_EP_minus_20,weight,82aac38c-3037-466c-9b37-bff9da707645,40,38,-2,6.573,6.611,0.03799999999999937,110,False
MK,nuscale_voygr6,w_EP_minus_20,weight,83d3abe4-2049-47ad-a66b-46034edb7569,2,2,0,5.827,5.853,0.0259999999999998,3,False
UA,nuscale_voygr6,w_EP_minus_20,weight,83fede8b-5f92-429d-920d-9a8928a74780,4,4,0,6.697,6.769,0.07200000000000006,20,False
RO,nuscale_voygr6,w_EP_minus_20,weight,8781d874-5923-4795-9c9f-b2a6c709025a,17,17,0,5.811,5.849,0.038000000000000256,21,False
TR,nuscale_voygr6,w_EP_minus_20,weight,8a5dc384-e272-41ed-9868-a0686ac3fc7e,33,31,-2,6.664,6.705,0.04100000000000037,110,False
PL,nuscale_voygr6,w_EP_minus_20,weight,8a9d5c87-7edc-49c3-85a2-d97727b9c9b2,24,24,0,6.425,6.456,0.031000000000000583,61,False
TR,nuscale_voygr6,w_EP_minus_20,weight,8b16dc60-1a2b-4b2c-bcad-1c334d246ae3,65,65,0,6.288,6.303,0.01499999999999968,110,False
TR,nuscale_voygr6,w_EP_minus_20,weight,8dd46a05-6e0c-4009-90ad-bd5909c25622,90,90,0,5.984,5.993,0.009000000000000341,110,False
PL,nuscale_voygr6,w_EP_minus_20,weight,8dd8db4c-b62d-4f6b-a2ee-70a9ed785e7a,43,44,1,5.925,5.948,0.023000000000000576,61,False
PL,nuscale_voygr6,w_EP_minus_20,weight,8e485f8a-5c68-4541-ab1d-77783f6fcb2d,17,17,0,6.762,6.783,0.021000000000000796,61,False
HU,nuscale_voygr6,w_EP_minus_20,weight,903d6b94-cd9d-4c32-b7e2-4bbfbee929df,5,5,0,6.338,6.367,0.028999999999999915,11,False
AT,nuscale_voygr6,w_EP_minus_20,weight,90820fe3-9889-4faf-9906-7c528f8d7bc5,6,6,0,6.399,6.429,0.03000000000000025,6,False
TR,nuscale_voygr6,w_EP_minus_20,weight,9163ca37-1b31-409d-974f-9e7ed5e5f33d,55,59,4,6.445,6.462,0.01699999999999946,110,False
PL,nuscale_voygr6,w_EP_minus_20,weight,917008f5-fba1-4ef7-b82d-9aded2b69267,16,16,0,6.812,6.852,0.040000000000000036,61,False
TR,nuscale_voygr6,w_EP_minus_20,weight,91f28dbb-16bd-449b-a20a-dc2b70cf2e66,69,68,-1,6.206,6.238,0.03200000000000003,110,False
TR,nuscale_voygr6,w_EP_minus_20,weight,94a5c55f-c499-41b1-81da-deaa36686399,21,21,0,6.803,6.826,0.022999999999999687,110,False
UA,nuscale_voygr6,w_EP_minus_20,weight,95872473-c476-4ceb-bcf5-54cfdf415e42,19,19,0,5.574,5.639,0.06500000000000039,20,False
RO,nuscale_voygr6,w_EP_minus_20,weight,958e4d82-853a-41f1-a442-94b4c4314221,2,2,0,7.272,7.302,0.02999999999999936,21,False
TR,nuscale_voygr6,w_EP_minus_20,weight,96129c93-83a6-4b1c-929b-bfccba86a796,70,71,1,6.204,6.217,0.0129999999999999,110,False
TR,nuscale_voygr6,w_EP_minus_20,weight,9699244b-14c0-4e27-afd1-105494fccd60,38,44,6,6.584,6.585,0.001000000000000334,110,False
CZ,nuscale_voygr6,w_EP_minus_20,weight,97ed917e-acfa-4002-be89-4ec44972ab45,21,21,0,5.85,5.873,0.023000000000000576,29,False
TR,nuscale_voygr6,w_EP_minus_20,weight,98019711-a8c3-424a-870e-00d4fea75ed1,88,86,-2,6.036,6.082,0.04600000000000026,110,False
RO,nuscale_voygr6,w_EP_minus_20,weight,9825e28e-fd6e-460d-9caf-0342563f9060,6,6,0,6.422,6.47,0.04800000000000004,21,False
RS,nuscale_voygr6,w_EP_minus_20,weight,993ccce2-d5e1-498d-827d-8dbfeb42582b,3,3,0,6.584,6.621,0.03700000000000081,6,False
HU,nuscale_voygr6,w_EP_minus_20,weight,997474f6-9bfd-4abd-a2ac-d8618db8f0b4,1,1,0,7.568,7.601,0.03300000000000036,11,False
AT,nuscale_voygr6,w_EP_minus_20,weight,99d712ac-7993-4186-8a0e-2e88bae7e90f,3,3,0,6.646,6.68,0.03399999999999981,6,False
TR,nuscale_voygr6,w_EP_minus_20,weight,9a6447f2-2887-4cce-a115-dc773d7f6eb1,48,49,1,6.511,6.511,0.0,110,False
CZ,nuscale_voygr6,w_EP_minus_20,weight,9c4291f1-173b-467e-ae26-8cb01312c605,8,8,0,6.66,6.679,0.019000000000000128,29,False
TR,nuscale_voygr6,w_EP_minus_20,weight,9eb693f6-6994-4937-bc4d-e8213baa5d47,29,29,0,6.702,6.723,0.020999999999999908,110,False
BG,nuscale_voygr6,w_EP_minus_20,weight,a064c7ae-e699-4a94-a18c-79bdfe42bce3,4,4,0,6.83,6.87,0.040000000000000036,7,False
PL,nuscale_voygr6,w_EP_minus_20,weight,a19228ce-f25a-4ffd-a249-9d01403e6b81,11,11,0,7.045,7.07,0.025000000000000355,61,False
BA,nuscale_voygr6,w_EP_minus_20,weight,a23d073a-cbbd-469a-b134-380945fd3f4c,4,4,0,5.84,5.882,0.041999999999999815,5,False
SK,nuscale_voygr6,w_EP_minus_20,weight,a2d8261c-3d08-4015-946c-47dbddbd0b98,5,5,0,5.565,5.599,0.03399999999999981,5,False
TR,nuscale_voygr6,w_EP_minus_20,weight,a4af3789-2c40-41fc-a3ec-3b8d2fc6c645,62,61,-1,6.389,6.425,0.03599999999999959,110,False
RO,nuscale_voygr6,w_EP_minus_20,weight,a4fa3246-27d6-4740-898c-bdf9dadcb88c,13,12,-1,6.014,6.055,0.04099999999999948,21,False
PL,nuscale_voygr6,w_EP_minus_20,weight,a55e3643-8ed4-434b-b14f-2d549d09c0d9,20,20,0,6.642,6.679,0.03699999999999992,61,False
TR,nuscale_voygr6,w_EP_minus_20,weight,a6478cb9-5b8c-4d64-bbe6-3d3ed6a3da2c,7,8,1,7.061,7.072,0.01100000000000012,110,False
PL,nuscale_voygr6,w_EP_minus_20,weight,a67255dd-8134-418e-9377-e28516c53722,27,26,-1,6.361,6.391,0.03000000000000025,61,False
PL,nuscale_voygr6,w_EP_minus_20,weight,a6b51b4f-ba1d-49cd-bc99-8898acdbeb78,29,29,0,6.211,6.238,0.027000000000000135,61,False
CZ,nuscale_voygr6,w_EP_minus_20,weight,a6bf9980-016e-47ea-b40a-82e384a9eb43,26,26,0,5.578,5.596,0.017999999999999794,29,False
CZ,nuscale_voygr6,w_EP_minus_20,weight,a733fc13-11a4-4722-b62d-85c85a4f8ef3,12,12,0,6.419,6.449,0.03000000000000025,29,False
PL,nuscale_voygr6,w_EP_minus_20,weight,a7eeee6e-e14a-40ba-80b6-75ed2e170b20,42,42,0,5.951,5.99,0.03900000000000059,61,False
PL,nuscale_voygr6,w_EP_minus_20,weight,a91dfe3d-93e0-43a1-99d2-41abdd1fc2ce,58,58,0,5.591,5.608,0.01699999999999946,61,False
TR,nuscale_voygr6,w_EP_minus_20,weight,a96dc545-41a9-4b0d-a7a3-f40ef711e5e3,45,43,-2,6.555,6.591,0.036000000000000476,110,False
BA,nuscale_voygr6,w_EP_minus_20,weight,aa0bdb5e-45aa-4d15-8aee-cb5b0e14f5d9,3,3,0,5.901,5.947,0.04600000000000026,5,False
TR,nuscale_voygr6,w_EP_minus_20,weight,aa336cdc-f6fe-4b08-b46d-69e852c501bf,41,39,-2,6.573,6.611,0.03799999999999937,110,False
CZ,nuscale_voygr6,w_EP_minus_20,weight,aa38441d-aec7-4ae9-b4c3-68c5bf567db3,19,19,0,6.122,6.149,0.027000000000000135,29,False
HR,nuscale_voygr6,w_EP_minus_20,weight,ab151830-e5bd-46de-8400-01aa4c165366,1,1,0,6.433,6.449,0.016000000000000014,1,True
PL,nuscale_voygr6,w_EP_minus_20,weight,ab57f5c3-8699-46f9-970f-3007dfc58af4,23,23,0,6.463,6.462,-0.001000000000000334,61,False
TR,nuscale_voygr6,w_EP_minus_20,weight,ad0c8590-c672-43f2-a813-1217a10f7d2d,1,1,0,7.473,7.491,0.017999999999999794,110,False
PL,nuscale_voygr6,w_EP_minus_20,weight,ad7a9c00-0c75-411f-8f89-859e603df1e6,54,54,0,5.695,5.733,0.03799999999999937,61,False
TR,nuscale_voygr6,w_EP_minus_20,weight,adeb10a5-aaae-4e2c-b426-3db1c3d9bd5b,71,70,-1,6.191,6.222,0.031000000000000583,110,False
RO,nuscale_voygr6,w_EP_minus_20,weight,aff5ffe6-fe7a-4de7-afad-9d4645a64cd9,8,8,0,6.201,6.244,0.04300000000000015,21,False
BG,nuscale_voygr6,w_EP_minus_20,weight,b01fe781-dbc7-40f8-a544-946288020042,2,2,0,7.01,7.065,0.055000000000000604,7,False
CZ,nuscale_voygr6,w_EP_minus_20,weight,b0ba194f-3c80-4725-b1e7-fa5277b38833,6,6,0,6.748,6.769,0.020999999999999908,29,False
PL,nuscale_voygr6,w_EP_minus_20,weight,b24c9876-5a4d-4b83-b442-af2f4b0d1047,50,50,0,5.744,5.763,0.019000000000000128,61,False
PL,nuscale_voygr6,w_EP_minus_20,weight,b24f9ac5-5ddf-4b19-ba95-76dafeca3d2c,5,5,0,7.192,7.234,0.041999999999999815,61,False
MD,nuscale_voygr6,w_EP_minus_20,weight,b3eb5dd2-98cf-40c4-b9ee-2a86fd066093,1,1,0,6.456,6.514,0.05799999999999983,1,True
TR,nuscale_voygr6,w_EP_minus_20,weight,b588126a-42d6-49dc-b227-9283af5a2578,25,24,-1,6.745,6.785,0.040000000000000036,110,False
TR,nuscale_voygr6,w_EP_minus_20,weight,b5a75ec8-a2fe-42ad-b33e-ea32e20ebdfb,51,50,-1,6.467,6.502,0.03500000000000014,110,False
TR,nuscale_voygr6,w_EP_minus_20,weight,b5ff798e-e059-4d8b-a903-00a1fefc62ab,26,25,-1,6.745,6.785,0.040000000000000036,110,False
PL,nuscale_voygr6,w_EP_minus_20,weight,b789a244-7d29-4be3-afe4-2f45d7f11eab,52,52,0,5.718,5.737,0.019000000000000128,61,False
TR,nuscale_voygr6,w_EP_minus_20,weight,b8875ff2-9e9d-4520-8879-c71468e9cc50,60,60,0,6.413,6.43,0.01699999999999946,110,False
PL,nuscale_voygr6,w_EP_minus_20,weight,b8a00967-90a3-4a4e-9979-6b8651d87380,33,32,-1,6.146,6.188,0.041999999999999815,61,False
PL,nuscale_voygr6,w_EP_minus_20,weight,b8bc6544-1571-4906-95e0-314d62c78a24,10,10,0,7.055,7.096,0.04100000000000037,61,False
TR,nuscale_voygr6,w_EP_minus_20,weight,bac4a081-83dc-4aba-8076-b67bfc55f54c,106,106,0,5.617,5.619,0.0019999999999997797,110,False
TR,nuscale_voygr6,w_EP_minus_20,weight,bfadbe66-971d-4f64-b222-604a7ee6ac6b,28,27,-1,6.715,6.755,0.040000000000000036,110,False
RO,nuscale_voygr6,w_EP_minus_20,weight,c3790475-3d3b-4e2b-92ae-24503fe03e6b,7,7,0,6.237,6.265,0.02799999999999958,21,False
PL,nuscale_voygr6,w_EP_minus_20,weight,c39819ef-6798-4c01-9a82-9eead65b5f56,26,28,2,6.381,6.379,-0.002000000000000668,61,False
PL,nuscale_voygr6,w_EP_minus_20,weight,c42c5942-264d-43a1-a9eb-95b00480eb1a,49,49,0,5.756,5.776,0.019999999999999574,61,False
UA,nuscale_voygr6,w_EP_minus_20,weight,c47eb6a3-49c1-4879-95b6-9bcd53b7af04,5,5,0,6.617,6.659,0.041999999999999815,20,False
PL,nuscale_voygr6,w_EP_minus_20,weight,c4d7f628-c108-4496-ac02-6076ea3ae448,38,38,0,6.068,6.093,0.025000000000000355,61,False
TR,nuscale_voygr6,w_EP_minus_20,weight,c657c5c3-38a2-472d-8962-9e7cefcd2c1e,10,10,0,6.908,6.935,0.026999999999999247,110,False
TR,nuscale_voygr6,w_EP_minus_20,weight,c6b846cb-3a01-4e17-9d51-da4b58fd1827,101,101,0,5.794,5.799,0.005000000000000782,110,False
TR,nuscale_voygr6,w_EP_minus_20,weight,c7afd455-7beb-4d23-8d3b-e9a102782d2b,107,107,0,5.558,5.577,0.019000000000000128,110,False
TR,nuscale_voygr6,w_EP_minus_20,weight,c8e1cc12-080a-4e01-925d-8fd6e4334856,97,95,-2,5.863,5.907,0.043999999999999595,110,False
RS,nuscale_voygr6,w_EP_minus_20,weight,c8f15aca-174b-4be6-a6d9-abfa4685d10d,4,4,0,6.562,6.599,0.03699999999999992,6,False
SK,nuscale_voygr6,w_EP_minus_20,weight,c97125b3-20ed-4e21-a853-b928644ec7dd,1,1,0,7.02,7.062,0.0420000000000007,5,False
TR,nuscale_voygr6,w_EP_minus_20,weight,c9c85786-eb26-4e7b-b280-83a54b7e834f,47,46,-1,6.527,6.565,0.038000000000000256,110,False
TR,nuscale_voygr6,w_EP_minus_20,weight,ca423571-d2ab-44d4-b5ce-3e649d9cc776,74,74,0,6.175,6.187,0.012000000000000455,110,False
TR,nuscale_voygr6,w_EP_minus_20,weight,cb08e7b6-0af3-45d9-95c3-3832e7e2677c,13,13,0,6.878,6.885,0.006999999999999673,110,False
TR,nuscale_voygr6,w_EP_minus_20,weight,cb825b0f-e315-4221-b194-43d5b472382d,83,83,0,6.088,6.098,0.009999999999999787,110,False
CZ,nuscale_voygr6,w_EP_minus_20,weight,cbd67443-4a4e-44fd-a9ed-20ba9574c99e,29,29,0,5.551,5.568,0.01699999999999946,29,False
TR,nuscale_voygr6,w_EP_minus_20,weight,cc635340-954c-4428-9fa1-14383c7faceb,49,48,-1,6.496,6.515,0.01899999999999924,110,False
PL,nuscale_voygr6,w_EP_minus_20,weight,ccc15bde-1c5a-40bf-8f09-2fcb1e896ce5,53,53,0,5.718,5.737,0.019000000000000128,61,False
PL,nuscale_voygr6,w_EP_minus_20,weight,cd84938d-eea8-47a1-8ea6-2e9f943e5914,3,3,0,7.231,7.277,0.04600000000000026,61,False
UA,nuscale_voygr6,w_EP_minus_20,weight,cdb6adfb-52ff-4631-939a-001080b20450,6,7,1,6.461,6.524,0.06299999999999972,20,False
PL,nuscale_voygr6,w_EP_minus_20,weight,cdc888ad-fd51-4710-a5ab-3cd0fe9ddb48,15,15,0,6.838,6.859,0.020999999999999908,61,False
TR,nuscale_voygr6,w_EP_minus_20,weight,ce39538c-997e-4a7d-bc32-f164f50f9aa0,79,75,-4,6.115,6.163,0.04800000000000004,110,False
UA,nuscale_voygr6,w_EP_minus_20,weight,cec871bd-c7f6-4444-b0da-9b3a9ecc6963,3,3,0,6.73,6.774,0.043999999999999595,20,False
TR,nuscale_voygr6,w_EP_minus_20,weight,cf9150af-0325-44d8-bbaf-493e742f2e2b,50,52,2,6.474,6.492,0.017999999999999794,110,False
TR,nuscale_voygr6,w_EP_minus_20,weight,d020ac37-4f23-41b1-8f1e-b425b5769424,53,53,0,6.456,6.475,0.01899999999999924,110,False
TR,nuscale_voygr6,w_EP_minus_20,weight,d12e7ffc-4cd3-4ff4-81da-ae360d59409b,85,85,0,6.066,6.094,0.02800000000000047,110,False
TR,nuscale_voygr6,w_EP_minus_20,weight,d1863136-5ff4-4b4d-a9c0-6219e92d637d,6,6,0,7.107,7.137,0.02999999999999936,110,False
TR,nuscale_voygr6,w_EP_minus_20,weight,d21335d4-0a3d-4464-85e0-352745a38db4,59,57,-2,6.435,6.471,0.036000000000000476,110,False
RS,nuscale_voygr6,w_EP_minus_20,weight,d30af109-79cb-4ab5-a878-6f574b58116a,2,2,0,6.613,6.633,0.019999999999999574,6,False
PL,nuscale_voygr6,w_EP_minus_20,weight,d3b5a049-6bff-400b-9312-96985f03acea,59,59,0,5.539,5.555,0.016000000000000014,61,False
UA,nuscale_voygr6,w_EP_minus_20,weight,d3b9e403-7744-44c5-b5c3-999c4c1911d8,20,20,0,5.252,5.332,0.08000000000000007,20,False
TR,nuscale_voygr6,w_EP_minus_20,weight,d3f986d9-a023-4d43-a0fb-03361f310873,14,14,0,6.878,6.885,0.006999999999999673,110,False
TR,nuscale_voygr6,w_EP_minus_20,weight,d48d2f39-d58f-4299-9b2f-56d194d2d13b,87,89,2,6.061,6.072,0.01100000000000012,110,False
RO,nuscale_voygr6,w_EP_minus_20,weight,d498ded8-449c-4672-8bb9-0ed6c8fef775,12,14,2,6.027,6.053,0.0259999999999998,21,False
TR,nuscale_voygr6,w_EP_minus_20,weight,d5151598-5a1a-4697-8147-592845ffef6c,94,96,2,5.917,5.905,-0.011999999999999567,110,False
PL,nuscale_voygr6,w_EP_minus_20,weight,d60b377c-9bb4-4fd5-adb7-a9a9ba98ae76,36,34,-2,6.107,6.148,0.04099999999999948,61,False
TR,nuscale_voygr6,w_EP_minus_20,weight,d6cb5642-d5ec-4a15-bc6b-8be4cb0a382e,17,18,1,6.847,6.854,0.006999999999999673,110,False
CZ,nuscale_voygr6,w_EP_minus_20,weight,d762ceeb-514f-43a6-9f91-a2d422ed6c60,2,2,0,7.014,7.039,0.024999999999999467,29,False
RO,nuscale_voygr6,w_EP_minus_20,weight,dac2a974-a2de-46c5-b581-03985a9ae7d0,11,11,0,6.054,6.08,0.0259999999999998,21,False
PL,nuscale_voygr6,w_EP_minus_20,weight,dadadad9-b67e-44b8-a9ab-4cbf116da20b,4,4,0,7.224,7.251,0.027000000000000135,61,False
TR,nuscale_voygr6,w_EP_minus_20,weight,db87ce6a-3802-44c5-945f-8a95d3cf111b,81,79,-2,6.109,6.156,0.04699999999999971,110,False
PL,nuscale_voygr6,w_EP_minus_20,weight,dc87cdf1-9936-4a59-a5e9-b5e360173490,39,39,0,6.042,6.082,0.040000000000000036,61,False
TR,nuscale_voygr6,w_EP_minus_20,weight,dd413ee8-a6f2-4e7c-8e6c-6d0ed8637d83,19,19,0,6.817,6.841,0.02400000000000002,110,False
TR,nuscale_voygr6,w_EP_minus_20,weight,ddc8bb9c-bf77-4075-b38c-600fb072acf8,11,11,0,6.902,6.928,0.0259999999999998,110,False
PL,nuscale_voygr6,w_EP_minus_20,weight,de6735bd-7a79-43c8-baad-1fe23d50d6f0,22,22,0,6.536,6.568,0.03200000000000003,61,False
TR,nuscale_voygr6,w_EP_minus_20,weight,e03c394f-1c08-4101-b1fe-f6662fe4b424,15,16,1,6.861,6.868,0.007000000000000561,110,False
RO,nuscale_voygr6,w_EP_minus_20,weight,e073b3f8-4312-4d34-b322-6289a3121af1,14,13,-1,6.014,6.055,0.04099999999999948,21,False
TR,nuscale_voygr6,w_EP_minus_20,weight,e10aae79-05b7-4ad9-9d69-60ce190b4444,42,40,-2,6.573,6.611,0.03799999999999937,110,False
HU,nuscale_voygr6,w_EP_minus_20,weight,e1649639-2e45-4226-9c7a-783d2dcb6724,10,10,0,5.344,5.358,0.013999999999999346,11,False
CZ,nuscale_voygr6,w_EP_minus_20,weight,e299922a-1670-4aff-acda-fd80600af9af,7,7,0,6.721,6.741,0.019999999999999574,29,False
PL,nuscale_voygr6,w_EP_minus_20,weight,e2c23866-db1e-4316-82b5-7e3fe50c3c09,47,47,0,5.848,5.87,0.02200000000000024,61,False
RO,nuscale_voygr6,w_EP_minus_20,weight,e43af28e-a3d3-4047-a9cf-f3b0990754b4,18,18,0,5.759,5.779,0.019999999999999574,21,False
UA,nuscale_voygr6,w_EP_minus_20,weight,e4c6a713-99e6-4fdf-afaa-d456779c504c,16,15,-1,5.913,5.986,0.07299999999999951,20,False
PL,nuscale_voygr6,w_EP_minus_20,weight,e4e3b5f0-7038-47a5-84e3-04eb07b3c4d7,14,14,0,6.925,6.949,0.02400000000000002,61,False
TR,nuscale_voygr6,w_EP_minus_20,weight,e71ec827-7143-48dd-8c8a-8e81705fa971,52,51,-1,6.467,6.502,0.03500000000000014,110,False
BA,nuscale_voygr6,w_EP_minus_20,weight,e75c63e5-ef2f-4e08-8f8c-3da41215af9d,2,2,0,5.907,5.955,0.04800000000000004,5,False
TR,nuscale_voygr6,w_EP_minus_20,weight,e780e4ac-0506-4186-9b58-0f378f878345,9,9,0,6.969,6.978,0.008999999999999453,110,False
TR,nuscale_voygr6,w_EP_minus_20,weight,e894ba3e-e397-47c9-b0b9-a72cfb6bd680,95,94,-1,5.876,5.918,0.041999999999999815,110,False
TR,nuscale_voygr6,w_EP_minus_20,weight,e8b6e342-2011-4343-b415-a8bf08501499,99,99,0,5.809,5.834,0.024999999999999467,110,False
PL,nuscale_voygr6,w_EP_minus_20,weight,e9a1ae49-ff79-462c-af4e-7c6843221d36,55,55,0,5.645,5.681,0.036000000000000476,61,False
TR,nuscale_voygr6,w_EP_minus_20,weight,e9bc02be-cf10-4b27-9b8a-0d4a954720e4,36,35,-1,6.606,6.643,0.03699999999999992,110,False
PL,nuscale_voygr6,w_EP_minus_20,weight,ebc0f461-acfa-47da-8094-5b15ea3e25a0,19,19,0,6.662,6.712,0.04999999999999982,61,False
PL,nuscale_voygr6,w_EP_minus_20,weight,ee332928-87b2-4e7b-9203-20e402bc551f,12,12,0,6.99,7.014,0.02400000000000002,61,False
PL,nuscale_voygr6,w_EP_minus_20,weight,ef2ee2ae-e73e-490c-aa07-746543fe20e6,40,40,0,6.029,6.053,0.02400000000000002,61,False
HU,nuscale_voygr6,w_EP_minus_20,weight,ef325d90-6d2d-4f8f-89f2-3bc98beb149b,8,8,0,5.812,5.832,0.019999999999999574,11,False
CZ,nuscale_voygr6,w_EP_minus_20,weight,f1d2bca1-a7a9-4404-84c1-34fc8a59dab7,25,25,0,5.619,5.638,0.019000000000000128,29,False
HU,nuscale_voygr6,w_EP_minus_20,weight,f2b3a729-602a-4b6b-acc9-004244f2e556,9,9,0,5.373,5.403,0.02999999999999936,11,False
UA,nuscale_voygr6,w_EP_minus_20,weight,f2c061de-66ad-4fce-b911-7f1899f25b75,12,12,0,6.278,6.337,0.05900000000000016,20,False
TR,nuscale_voygr6,w_EP_minus_20,weight,f2e65fcf-afc4-4443-ac14-f15c8ffe48f3,20,20,0,6.817,6.841,0.02400000000000002,110,False
CZ,nuscale_voygr6,w_EP_minus_20,weight,f3523341-daaa-4573-a856-becb2e1bb9e3,4,4,0,6.939,6.963,0.02400000000000002,29,False
PL,nuscale_voygr6,w_EP_minus_20,weight,f5be4e73-938d-4fe2-b585-5090ec780670,28,27,-1,6.36,6.39,0.02999999999999936,61,False
HU,nuscale_voygr6,w_EP_minus_20,weight,f7dcdb63-26e6-44cd-b440-ec14fe507d90,2,2,0,7.042,7.067,0.025000000000000355,11,False
PL,nuscale_voygr6,w_EP_minus_20,weight,f8f9f43d-6a3b-445d-818e-ca82a90ace65,51,51,0,5.74,5.76,0.019999999999999574,61,False
TR,nuscale_voygr6,w_EP_minus_20,weight,f92bc907-9b9b-4d21-92fd-1705bd71128c,89,87,-2,6.036,6.082,0.04600000000000026,110,False
TR,nuscale_voygr6,w_EP_minus_20,weight,fa6b7ac3-c1bf-478f-8d0a-1f357ea480cf,100,100,0,5.808,5.814,0.006000000000000227,110,False
BY,nuscale_voygr6,w_EP_minus_20,weight,fac3d0b5-36a5-48ae-8494-f2f08e4342f4,1,1,0,6.786,6.812,0.02600000000000069,2,True
UA,nuscale_voygr6,w_EP_minus_20,weight,fb7d4d9a-3f27-4b50-9941-6a8fccd25e9a,9,10,1,6.335,6.371,0.036000000000000476,20,False
TR,nuscale_voygr6,w_EP_minus_20,weight,fc307877-758b-4dbf-afbe-abfc4a778155,35,36,1,6.613,6.633,0.019999999999999574,110,False
TR,nuscale_voygr6,w_EP_minus_20,weight,fecb62d9-6fb8-4f8d-83e3-78a7c75adb6e,64,64,0,6.321,6.336,0.015000000000000568,110,False
TR,nuscale_voygr6,w_EP_plus_20,weight,0049a899-af5f-41cd-86ae-2ba729b6365f,93,93,0,5.942,5.934,-0.008000000000000007,110,False
RS,nuscale_voygr6,w_EP_plus_20,weight,0182ec25-0df9-4e4b-9861-d76a332bc282,1,1,0,6.715,6.694,-0.020999999999999908,6,False
UA,nuscale_voygr6,w_EP_plus_20,weight,02253fcc-4fc6-42d4-a6a8-42365487302f,13,13,0,6.148,6.094,-0.05399999999999938,20,False
TR,nuscale_voygr6,w_EP_plus_20,weight,0248611c-b745-404f-ad50-c2870882c7a1,18,20,2,6.832,6.792,-0.040000000000000036,110,False
UA,nuscale_voygr6,w_EP_plus_20,weight,038d42e9-769b-4b22-9513-dccff48b42cd,15,15,0,5.93,5.901,-0.028999999999999915,20,False
HU,nuscale_voygr6,w_EP_plus_20,weight,059b3ad4-7196-4e6b-b169-8605ceeed841,4,4,0,6.601,6.599,-0.0019999999999997797,11,False
CZ,nuscale_voygr6,w_EP_plus_20,weight,05daa6b2-bb29-4c26-a459-855626673955,13,13,0,6.34,6.327,-0.0129999999999999,29,False
PL,nuscale_voygr6,w_EP_plus_20,weight,06641fea-8997-4b69-a618-6afa34b82591,44,44,0,5.912,5.875,-0.03699999999999992,61,False
SK,nuscale_voygr6,w_EP_plus_20,weight,06defca3-9105-437f-afd4-52f5603d9b8e,4,4,0,6.272,6.244,-0.02800000000000047,5,False
TR,nuscale_voygr6,w_EP_plus_20,weight,0947a4c8-4fc1-492f-9c66-2c9a993c7fb0,54,54,0,6.445,6.429,-0.016000000000000014,110,False
CZ,nuscale_voygr6,w_EP_plus_20,weight,0ae8917b-a70b-41e5-82de-e4963a7686e3,16,16,0,6.265,6.253,-0.011999999999999567,29,False
PL,nuscale_voygr6,w_EP_plus_20,weight,0b187a1d-55de-47cf-96a3-06abc8ff2476,18,18,0,6.662,6.614,-0.04800000000000004,61,False
TR,nuscale_voygr6,w_EP_plus_20,weight,0ca4ff78-4113-4ad9-ac04-0fd541d42338,78,76,-2,6.123,6.13,0.006999999999999673,110,False
TR,nuscale_voygr6,w_EP_plus_20,weight,0fec985c-c66e-40af-a123-a9ba4db269bb,63,63,0,6.35,6.319,-0.030999999999999694,110,False
TR,nuscale_voygr6,w_EP_plus_20,weight,1289753b-43db-4058-8fe1-6e38b5fb01b5,27,24,-3,6.726,6.722,-0.0039999999999995595,110,False
TR,nuscale_voygr6,w_EP_plus_20,weight,142cad75-648a-495d-8c10-792351e72126,4,4,0,7.153,7.125,-0.02799999999999958,110,False
CZ,nuscale_voygr6,w_EP_plus_20,weight,14e88076-ce0e-4693-bca4-e80f3f013c7f,18,17,-1,6.259,6.246,-0.0129999999999999,29,False
TR,nuscale_voygr6,w_EP_plus_20,weight,1624a526-07d8-44a4-8ed7-3b035b748f03,105,105,0,5.653,5.632,-0.020999999999999908,110,False
TR,nuscale_voygr6,w_EP_plus_20,weight,166f5fcc-1cc4-4cf5-9e52-59e7ce1557c6,23,23,0,6.759,6.737,-0.02200000000000024,110,False
SK,nuscale_voygr6,w_EP_plus_20,weight,1719d38b-61e8-4b01-844b-3a2f85c8a186,3,3,0,6.503,6.471,-0.03200000000000003,5,False
MK,nuscale_voygr6,w_EP_plus_20,weight,1739b1b7-a6f3-466c-9dfa-3d1de9d5b6db,1,1,0,6.391,6.355,-0.03599999999999959,3,False
TR,nuscale_voygr6,w_EP_plus_20,weight,17568f0f-91fd-4efe-b4df-2c7cc5d80b7d,110,110,0,5.073,5.08,0.006999999999999673,110,False
CZ,nuscale_voygr6,w_EP_plus_20,weight,180880c2-7284-4723-b02a-a62348b9b40b,9,9,0,6.633,6.614,-0.019000000000000128,29,False
TR,nuscale_voygr6,w_EP_plus_20,weight,1820429d-bd95-4e56-a6db-d9bb57e2ae07,96,95,-1,5.865,5.859,-0.006000000000000227,110,False
PL,nuscale_voygr6,w_EP_plus_20,weight,187b4fd7-6a61-4e94-8ed4-495ac6dfc317,25,25,0,6.419,6.389,-0.02999999999999936,61,False
RO,nuscale_voygr6,w_EP_plus_20,weight,18ecb024-ee4f-4045-8254-5e95d61dea8c,15,15,0,5.958,5.905,-0.052999999999999936,21,False
LV,nuscale_voygr6,w_EP_plus_20,weight,1a5b8f8f-f4be-4514-8738-755d25e19b41,1,1,0,6.728,6.69,-0.03799999999999937,1,True
CZ,nuscale_voygr6,w_EP_plus_20,weight,1c059a42-608c-4753-8fcf-ba797d94f900,24,24,0,5.68,5.661,-0.019000000000000128,29,False
TR,nuscale_voygr6,w_EP_plus_20,weight,1ce7624e-1d72-4293-8ff4-09096b56ddd2,109,109,0,5.401,5.385,-0.016000000000000014,110,False
PL,nuscale_voygr6,w_EP_plus_20,weight,1d19dce6-c458-4656-901d-6a8d3c548761,9,8,-1,7.075,7.051,-0.02400000000000002,61,False
RO,nuscale_voygr6,w_EP_plus_20,weight,1d8be6d0-f3a5-4b32-9d46-3526289731f8,21,21,0,5.375,5.345,-0.03000000000000025,21,False
TR,nuscale_voygr6,w_EP_plus_20,weight,1f305180-6bbf-4758-9a98-78bc9e96e195,46,47,1,6.528,6.509,-0.01899999999999924,110,False
PL,nuscale_voygr6,w_EP_plus_20,weight,202d797d-b0f9-4cd0-bbac-d7bb06805c09,37,37,0,6.071,6.047,-0.02400000000000002,61,False
CZ,nuscale_voygr6,w_EP_plus_20,weight,20bce4f5-ca0b-4145-87e5-0a0694343f31,17,18,1,6.263,6.236,-0.027000000000000135,29,False
CZ,nuscale_voygr6,w_EP_plus_20,weight,20c9d02d-e9e8-40b3-a11e-7a2e01018d8c,14,14,0,6.34,6.327,-0.0129999999999999,29,False
TR,nuscale_voygr6,w_EP_plus_20,weight,21ccc44f-3244-4e7f-9654-eae424288200,76,78,2,6.13,6.1,-0.03000000000000025,110,False
TR,nuscale_voygr6,w_EP_plus_20,weight,231565d3-4f56-43ee-a357-1f4451c6fbc3,37,38,1,6.588,6.568,-0.020000000000000462,110,False
TR,nuscale_voygr6,w_EP_plus_20,weight,2350bab4-9869-43f1-b62f-a4d5aea77ef5,77,79,2,6.13,6.1,-0.03000000000000025,110,False
PL,nuscale_voygr6,w_EP_plus_20,weight,239ea0eb-a9c4-43cc-ac5f-35271bdc6613,7,7,0,7.102,7.076,-0.02600000000000069,61,False
CZ,nuscale_voygr6,w_EP_plus_20,weight,274ec928-e527-44cf-86c5-b6eddc09d0f7,20,20,0,5.918,5.896,-0.02200000000000024,29,False
PL,nuscale_voygr6,w_EP_plus_20,weight,27fc89b3-ee57-44ac-8073-a700bc8d12e8,41,41,0,6.003,5.98,-0.022999999999999687,61,False
CZ,nuscale_voygr6,w_EP_plus_20,weight,287cbb48-bb08-40dd-82c5-cfe1530dfbb9,1,1,0,7.075,7.05,-0.025000000000000355,29,False
HU,nuscale_voygr6,w_EP_plus_20,weight,28b36531-865d-42ae-afb3-b8bad86f7014,6,6,0,6.305,6.293,-0.011999999999999567,11,False
PL,nuscale_voygr6,w_EP_plus_20,weight,29479c3f-8db8-4f62-90e8-59ad6739f90b,34,34,0,6.12,6.095,-0.025000000000000355,61,False
RS,nuscale_voygr6,w_EP_plus_20,weight,296282b1-d079-4c1e-b2df-12c25128b963,6,6,0,6.259,6.246,-0.0129999999999999,6,False
PL,nuscale_voygr6,w_EP_plus_20,weight,2981a12d-3444-4301-96ba-a63ef50bec3e,1,1,0,7.516,7.485,-0.030999999999999694,61,False
RO,nuscale_voygr6,w_EP_plus_20,weight,29836b52-a882-4921-95a7-6417e636d9a2,3,3,0,6.76,6.708,-0.0519999999999996,21,False
PL,nuscale_voygr6,w_EP_plus_20,weight,29a58981-aaf7-4450-ad41-49dd6d786168,48,48,0,5.782,5.763,-0.019000000000000128,61,False
UA,nuscale_voygr6,w_EP_plus_20,weight,29b3a802-7ef1-4722-ad59-b1511b1b0075,1,1,0,7.046,6.969,-0.07699999999999996,20,False
TR,nuscale_voygr6,w_EP_plus_20,weight,2a3aad60-2bff-4206-8275-f6e2029f9278,66,66,0,6.252,6.256,0.004000000000000448,110,False
TR,nuscale_voygr6,w_EP_plus_20,weight,2b6a65d3-efb0-44d8-b88b-9aad311f4ac4,31,30,-1,6.664,6.661,-0.0030000000000001137,110,False
PL,nuscale_voygr6,w_EP_plus_20,weight,2da9dab9-7b4e-46e7-b1c8-70eeb329c177,56,56,0,5.614,5.597,-0.01699999999999946,61,False
AT,nuscale_voygr6,w_EP_plus_20,weight,2dcd2c6d-f375-4408-9492-7910662fac03,1,1,0,7.333,7.304,-0.028999999999999915,6,False
TR,nuscale_voygr6,w_EP_plus_20,weight,2ec95392-978d-4a43-85b9-af3282c212ba,2,2,0,7.305,7.273,-0.03200000000000003,110,False
TR,nuscale_voygr6,w_EP_plus_20,weight,2ed9363f-a9fe-46e5-8b92-c50b47a9077a,68,67,-1,6.237,6.241,0.0039999999999995595,110,False
BG,nuscale_voygr6,w_EP_plus_20,weight,2fb27566-cc7b-4530-8ff9-e55e3a1985bd,5,5,0,6.504,6.47,-0.03399999999999981,7,False
CZ,nuscale_voygr6,w_EP_plus_20,weight,2fe0a0b3-4108-427e-8e54-f77e1ea7227c,3,4,1,6.939,6.9,-0.0389999999999997,29,False
BG,nuscale_voygr6,w_EP_plus_20,weight,30c9e377-b575-46fa-880f-922c46e6500a,1,1,0,7.102,7.06,-0.0420000000000007,7,False
CZ,nuscale_voygr6,w_EP_plus_20,weight,32484f7b-18a4-4b21-8e6a-6d68ae099d02,5,5,0,6.85,6.813,-0.03699999999999992,29,False
BG,nuscale_voygr6,w_EP_plus_20,weight,33a015dd-51e0-497e-b0d3-4b1b3f070438,6,6,0,5.792,5.757,-0.03500000000000014,7,False
BA,nuscale_voygr6,w_EP_plus_20,weight,344e0e9a-558e-4749-bb66-cd746be50cbd,5,5,0,5.556,5.517,-0.0389999999999997,5,False
RO,nuscale_voygr6,w_EP_plus_20,weight,345fb795-170a-4fb5-833c-f6bcf2eb450c,1,1,0,7.633,7.598,-0.03500000000000014,21,False
HU,nuscale_voygr6,w_EP_plus_20,weight,34d88ce8-d49c-4b19-af2d-6efcb1b72149,11,11,0,5.308,5.281,-0.027000000000000135,11,False
UA,nuscale_voygr6,w_EP_plus_20,weight,3657989a-61ae-4fe3-9e8b-6ba7e68f8c59,14,14,0,6.017,5.945,-0.07200000000000006,20,False
ME,nuscale_voygr6,w_EP_plus_20,weight,3795824b-cb76-48dd-a65c-764c757ddc76,1,1,0,5.242,5.207,-0.03500000000000014,1,True
TR,nuscale_voygr6,w_EP_plus_20,weight,381221dd-76da-4adf-9b19-5da9f0779c22,80,80,0,6.109,6.082,-0.027000000000000135,110,False
TR,nuscale_voygr6,w_EP_plus_20,weight,3819acc8-761d-49ba-89e7-967d3d37ec0e,98,96,-2,5.851,5.845,-0.006000000000000227,110,False
PL,nuscale_voygr6,w_EP_plus_20,weight,399668d6-bfed-4e5b-bf38-9ee5902101c3,57,57,0,5.597,5.581,-0.016000000000000014,61,False
TR,nuscale_voygr6,w_EP_plus_20,weight,3a06636d-c742-4b72-b9cd-21a4537c331b,84,86,2,6.073,6.044,-0.029000000000000803,110,False
BG,nuscale_voygr6,w_EP_plus_20,weight,3bb6666f-de2f-4c6f-a28e-c3bddb71b54a,3,3,0,6.891,6.853,-0.038000000000000256,7,False
UA,nuscale_voygr6,w_EP_plus_20,weight,3bd2a957-ff3b-4bfd-9dba-808279edccb9,18,18,0,5.739,5.673,-0.06599999999999984,20,False
RO,nuscale_voygr6,w_EP_plus_20,weight,3bef37a3-239e-498d-a160-77452a6a9b79,20,20,0,5.442,5.427,-0.015000000000000568,21,False
PL,nuscale_voygr6,w_EP_plus_20,weight,3d2d4c37-eb9d-4b35-a8b1-b3f485bc3e3f,32,32,0,6.146,6.121,-0.024999999999999467,61,False
TR,nuscale_voygr6,w_EP_plus_20,weight,3e5f4317-6f40-44fb-bfa2-e21dc4d9922d,34,36,2,6.618,6.58,-0.038000000000000256,110,False
TR,nuscale_voygr6,w_EP_plus_20,weight,3f1ad930-cffb-4991-badd-773db74b890c,43,44,1,6.569,6.534,-0.03500000000000014,110,False
PL,nuscale_voygr6,w_EP_plus_20,weight,40650551-0c9c-45ea-bac6-befdb0cb5909,31,31,0,6.19,6.163,-0.027000000000000135,61,False
PL,nuscale_voygr6,w_EP_plus_20,weight,409dde58-5df1-44d9-b5ec-f8e2edd86786,35,35,0,6.12,6.095,-0.025000000000000355,61,False
PL,nuscale_voygr6,w_EP_plus_20,weight,40b4334a-7ba4-4ed8-aa8e-3c405599fbd7,45,46,1,5.891,5.853,-0.038000000000000256,61,False
PL,nuscale_voygr6,w_EP_plus_20,weight,416aab55-6fd9-4a0a-b8f8-796fb62d86a5,30,30,0,6.198,6.172,-0.02600000000000069,61,False
TR,nuscale_voygr6,w_EP_plus_20,weight,42d5b3fd-7d07-409b-9154-4441695b7901,67,68,1,6.241,6.211,-0.02999999999999936,110,False
CZ,nuscale_voygr6,w_EP_plus_20,weight,43e5b2b4-2ccf-46ab-b01e-e3d480146455,27,27,0,5.551,5.534,-0.017000000000000348,29,False
TR,nuscale_voygr6,w_EP_plus_20,weight,43f99d45-6635-4392-a522-4a06445fdaf2,39,39,0,6.576,6.539,-0.03699999999999992,110,False
PL,nuscale_voygr6,w_EP_plus_20,weight,4411a22e-4e8a-4715-b000-1aae34494b68,8,9,1,7.088,7.048,-0.040000000000000036,61,False
TR,nuscale_voygr6,w_EP_plus_20,weight,44362378-9c74-44af-8a08-be4877f50e97,92,92,0,5.977,5.969,-0.008000000000000007,110,False
TR,nuscale_voygr6,w_EP_plus_20,weight,44698c12-3c50-4602-8104-dafa5fd215b6,56,57,1,6.435,6.4,-0.034999999999999254,110,False
UA,nuscale_voygr6,w_EP_plus_20,weight,447a9ea1-47fa-48a3-93f2-a77cbd629ac7,10,10,0,6.304,6.227,-0.07699999999999996,20,False
CZ,nuscale_voygr6,w_EP_plus_20,weight,44d40276-5847-41d1-ab9b-887bbdc1bcfe,22,22,0,5.823,5.802,-0.021000000000000796,29,False
UA,nuscale_voygr6,w_EP_plus_20,weight,46b96bc3-b190-4045-9c86-eb674e2ea35e,8,7,-1,6.426,6.366,-0.0600000000000005,20,False
PL,nuscale_voygr6,w_EP_plus_20,weight,47be3ec4-7abe-4f4c-ac3d-b7f753b8514a,46,45,-1,5.886,5.865,-0.020999999999999908,61,False
TR,nuscale_voygr6,w_EP_plus_20,weight,48149515-0774-404d-b273-790b660a8d90,44,40,-4,6.555,6.537,-0.017999999999999794,110,False
TR,nuscale_voygr6,w_EP_plus_20,weight,4b11cac9-4fe0-4a2a-9c09-4fe9a0ac6015,24,25,1,6.745,6.706,-0.0389999999999997,110,False
UA,nuscale_voygr6,w_EP_plus_20,weight,4e45df00-0d28-44d0-9697-3fa33d76fc88,11,12,1,6.278,6.201,-0.07699999999999996,20,False
CZ,nuscale_voygr6,w_EP_plus_20,weight,4eb7914c-e000-403c-b5a5-c350de67bb83,23,23,0,5.728,5.708,-0.019999999999999574,29,False
TR,nuscale_voygr6,w_EP_plus_20,weight,5067ece3-b204-495e-81c1-90a523252547,103,103,0,5.776,5.771,-0.004999999999999893,110,False
TR,nuscale_voygr6,w_EP_plus_20,weight,52028d4f-7796-4463-832e-cff2e439c96a,82,77,-5,6.102,6.109,0.006999999999999673,110,False
RO,nuscale_voygr6,w_EP_plus_20,weight,52a7babe-313f-493b-86b9-bd0c4aece4c3,5,5,0,6.597,6.546,-0.051000000000000156,21,False
PL,nuscale_voygr6,w_EP_plus_20,weight,52db4dae-b014-45a4-96c4-49f80c1fdd11,6,6,0,7.125,7.099,-0.0259999999999998,61,False
AT,nuscale_voygr6,w_EP_plus_20,weight,532bfb42-0d4c-42cf-a81a-287f2b3a75bf,4,4,0,6.562,6.53,-0.03200000000000003,6,False
TR,nuscale_voygr6,w_EP_plus_20,weight,53481b7f-5b85-4bab-be04-4866c2e72c12,108,108,0,5.5,5.5,0.0,110,False
PL,nuscale_voygr6,w_EP_plus_20,weight,558e7bff-5b5d-4666-9ca3-ec02f2269aab,2,2,0,7.314,7.269,-0.04499999999999993,61,False
TR,nuscale_voygr6,w_EP_plus_20,weight,55cfe45b-6357-40f9-8623-e9916f91f839,22,22,0,6.781,6.759,-0.021999999999999353,110,False
TR,nuscale_voygr6,w_EP_plus_20,weight,56b8e2a3-1885-431f-9fd1-4cd3bebfad61,32,32,0,6.664,6.625,-0.0389999999999997,110,False
TR,nuscale_voygr6,w_EP_plus_20,weight,57c0c830-725f-46ee-9322-0a4a3ad9efda,5,5,0,7.107,7.078,-0.028999999999999915,110,False
TR,nuscale_voygr6,w_EP_plus_20,weight,5a19f424-1a15-44e6-bf1b-c2c5886ac1bf,72,70,-2,6.19,6.178,-0.012000000000000455,110,False
RO,nuscale_voygr6,w_EP_plus_20,weight,5a33e5f0-6d86-4eab-adea-6c6bad7f3f45,16,16,0,5.925,5.888,-0.03699999999999992,21,False
PL,nuscale_voygr6,w_EP_plus_20,weight,5a57ae0a-6f91-46f4-a1f5-56a6b37596e9,61,61,0,5.458,5.443,-0.015000000000000568,61,False
TR,nuscale_voygr6,w_EP_plus_20,weight,5b6be56c-d981-470c-a979-13a8764a34b8,91,91,0,5.982,5.973,-0.009000000000000341,110,False
RS,nuscale_voygr6,w_EP_plus_20,weight,5d4aee8d-9e73-4987-907a-d092e0ba92ed,5,5,0,6.524,6.491,-0.03300000000000036,6,False
HU,nuscale_voygr6,w_EP_plus_20,weight,5de5f907-98e7-42d3-a7dd-cb65f839697b,3,3,0,6.873,6.852,-0.020999999999999908,11,False
UA,nuscale_voygr6,w_EP_plus_20,weight,5ed0a674-a292-44bc-997f-5c1990da1235,2,2,0,6.966,6.905,-0.06099999999999994,20,False
TR,nuscale_voygr6,w_EP_plus_20,weight,5ed91c1b-0a1b-4a4c-9b2b-f6bdc8ff9770,102,99,-3,5.79,5.803,0.0129999999999999,110,False
CZ,nuscale_voygr6,w_EP_plus_20,weight,5f4ed23c-cea2-41ef-a3e8-ac863e1bdcd6,15,15,0,6.293,6.28,-0.0129999999999999,29,False
TR,nuscale_voygr6,w_EP_plus_20,weight,5fa0dfa9-c272-444e-8e70-80ab55b5d36c,16,16,0,6.847,6.841,-0.006000000000000227,110,False
CZ,nuscale_voygr6,w_EP_plus_20,weight,60baaa73-dd8c-4865-bb18-6c73d63a4052,10,10,0,6.49,6.474,-0.016000000000000014,29,False
CZ,nuscale_voygr6,w_EP_plus_20,weight,63601ccc-3f20-4cbd-95cb-0fbeaf821c6a,11,11,0,6.469,6.438,-0.031000000000000583,29,False
HU,nuscale_voygr6,w_EP_plus_20,weight,651839d3-4e8f-4214-89aa-1f96ea221121,7,7,0,5.981,5.958,-0.022999999999999687,11,False
AT,nuscale_voygr6,w_EP_plus_20,weight,660d9d71-6733-4294-951b-1c58614d58cf,2,2,0,7.101,7.076,-0.025000000000000355,6,False
PL,nuscale_voygr6,w_EP_plus_20,weight,66bdc30c-4179-480b-a55a-5d15be5ac66b,21,21,0,6.636,6.604,-0.03200000000000003,61,False
CZ,nuscale_voygr6,w_EP_plus_20,weight,66c3f077-1ee6-41d7-8e6c-da374bb45139,28,28,0,5.551,5.534,-0.017000000000000348,29,False
TR,nuscale_voygr6,w_EP_plus_20,weight,674deb4f-110c-4120-bea0-5f0711da3ea1,12,10,-2,6.891,6.884,-0.006999999999999673,110,False
BY,nuscale_voygr6,w_EP_plus_20,weight,68aabff9-e662-4b9f-b37d-4c2ebc5f7539,2,2,0,6.399,6.363,-0.03599999999999959,2,True
RO,nuscale_voygr6,w_EP_plus_20,weight,693d9b73-f9fc-4502-9b94-be020c5d21fb,4,4,0,6.679,6.66,-0.019000000000000128,21,False
RO,nuscale_voygr6,w_EP_plus_20,weight,6aed2eac-1c97-40c5-b842-fb15fd510f35,9,9,0,6.149,6.105,-0.043999999999999595,21,False
RO,nuscale_voygr6,w_EP_plus_20,weight,6c428b2a-ad09-448b-b24c-22465929d69c,19,19,0,5.458,5.458,0.0,21,False
TR,nuscale_voygr6,w_EP_plus_20,weight,6c9571c4-5d3b-4f88-a7be-fa8c21425eeb,8,8,0,7.031,6.985,-0.045999999999999375,110,False
TR,nuscale_voygr6,w_EP_plus_20,weight,6ddc2960-3d72-4d5f-b358-56d1c54f47e0,57,58,1,6.435,6.4,-0.034999999999999254,110,False
AT,nuscale_voygr6,w_EP_plus_20,weight,6e7fc4d8-636d-411a-baef-e138a5a07acc,5,5,0,6.513,6.513,0.0,6,False
BG,nuscale_voygr6,w_EP_plus_20,weight,704ef487-f600-4f23-b06e-a0f81b627597,7,7,0,5.646,5.612,-0.03399999999999981,7,False
UA,nuscale_voygr6,w_EP_plus_20,weight,70781f2c-24c2-486c-8b32-310c36ba1238,17,17,0,5.887,5.797,-0.08999999999999986,20,False
UA,nuscale_voygr6,w_EP_plus_20,weight,725406d6-860f-4ca0-9c6a-425675bac381,7,8,1,6.44,6.355,-0.08499999999999996,20,False
TR,nuscale_voygr6,w_EP_plus_20,weight,737b6d06-1d0c-4ae6-9683-ab3fea192b32,86,84,-2,6.062,6.052,-0.010000000000000675,110,False
PL,nuscale_voygr6,w_EP_plus_20,weight,73fe8f06-c53b-4877-9c1d-5caf3d8f2749,60,60,0,5.51,5.479,-0.030999999999999694,61,False
TR,nuscale_voygr6,w_EP_plus_20,weight,746fc66e-d31f-4c5d-bf5c-ab5031b04b15,75,75,0,6.145,6.133,-0.011999999999999567,110,False
MK,nuscale_voygr6,w_EP_plus_20,weight,756218bb-3f16-443e-b6c6-400cd0ce2f87,3,3,0,5.294,5.279,-0.01499999999999968,3,False
TR,nuscale_voygr6,w_EP_plus_20,weight,76cd9b7f-7613-4fd4-95ab-bf534a2e2f5e,73,73,0,6.176,6.163,-0.0129999999999999,110,False
SK,nuscale_voygr6,w_EP_plus_20,weight,770f1d3c-e5fd-493c-a376-e708d2abec6c,2,2,0,6.864,6.81,-0.05400000000000027,5,False
TR,nuscale_voygr6,w_EP_plus_20,weight,772e2484-419b-47de-9739-924ac371ad10,61,56,-5,6.409,6.41,0.001000000000000334,110,False
TR,nuscale_voygr6,w_EP_plus_20,weight,778e0750-19f9-426e-a6c7-e0e30645fb97,3,3,0,7.198,7.186,-0.012000000000000455,110,False
TR,nuscale_voygr6,w_EP_plus_20,weight,7a805295-0cd2-48be-972e-5282c996549c,58,59,1,6.435,6.4,-0.034999999999999254,110,False
TR,nuscale_voygr6,w_EP_plus_20,weight,7b4d3f8f-a644-48a3-93f9-cd3c154dc5c2,104,104,0,5.766,5.745,-0.020999999999999908,110,False
TR,nuscale_voygr6,w_EP_plus_20,weight,7cc9cffa-e4e4-4546-902d-c8f4800dbdb2,30,31,1,6.672,6.65,-0.021999999999999353,110,False
PL,nuscale_voygr6,w_EP_plus_20,weight,7fc17ab0-ce24-4830-a938-b8424d1e9368,13,13,0,6.957,6.95,-0.006999999999999673,61,False
BA,nuscale_voygr6,w_EP_plus_20,weight,82011c29-a3d3-4a81-a27b-019d2649a251,1,3,2,5.907,5.843,-0.06400000000000006,5,False
RO,nuscale_voygr6,w_EP_plus_20,weight,825dc024-9a53-4237-bf59-cbe0af0cf87d,10,10,0,6.082,6.056,-0.0259999999999998,21,False
TR,nuscale_voygr6,w_EP_plus_20,weight,82aac38c-3037-466c-9b37-bff9da707645,40,41,1,6.573,6.535,-0.038000000000000256,110,False
MK,nuscale_voygr6,w_EP_plus_20,weight,83d3abe4-2049-47ad-a66b-46034edb7569,2,2,0,5.827,5.801,-0.0259999999999998,3,False
UA,nuscale_voygr6,w_EP_plus_20,weight,83fede8b-5f92-429d-920d-9a8928a74780,4,4,0,6.697,6.628,-0.06899999999999995,20,False
RO,nuscale_voygr6,w_EP_plus_20,weight,8781d874-5923-4795-9c9f-b2a6c709025a,17,17,0,5.811,5.774,-0.03699999999999992,21,False
TR,nuscale_voygr6,w_EP_plus_20,weight,8a5dc384-e272-41ed-9868-a0686ac3fc7e,33,33,0,6.664,6.625,-0.0389999999999997,110,False
PL,nuscale_voygr6,w_EP_plus_20,weight,8a9d5c87-7edc-49c3-85a2-d97727b9c9b2,24,24,0,6.425,6.396,-0.028999999999999915,61,False
TR,nuscale_voygr6,w_EP_plus_20,weight,8b16dc60-1a2b-4b2c-bcad-1c334d246ae3,65,65,0,6.288,6.273,-0.015000000000000568,110,False
TR,nuscale_voygr6,w_EP_plus_20,weight,8dd46a05-6e0c-4009-90ad-bd5909c25622,90,90,0,5.984,5.975,-0.009000000000000341,110,False
PL,nuscale_voygr6,w_EP_plus_20,weight,8dd8db4c-b62d-4f6b-a2ee-70a9ed785e7a,43,43,0,5.925,5.903,-0.02200000000000024,61,False
PL,nuscale_voygr6,w_EP_plus_20,weight,8e485f8a-5c68-4541-ab1d-77783f6fcb2d,17,17,0,6.762,6.742,-0.019999999999999574,61,False
HU,nuscale_voygr6,w_EP_plus_20,weight,903d6b94-cd9d-4c32-b7e2-4bbfbee929df,5,5,0,6.338,6.309,-0.028999999999999915,11,False
AT,nuscale_voygr6,w_EP_plus_20,weight,90820fe3-9889-4faf-9906-7c528f8d7bc5,6,6,0,6.399,6.37,-0.028999999999999915,6,False
TR,nuscale_voygr6,w_EP_plus_20,weight,9163ca37-1b31-409d-974f-9e7ed5e5f33d,55,55,0,6.445,6.429,-0.016000000000000014,110,False
PL,nuscale_voygr6,w_EP_plus_20,weight,917008f5-fba1-4ef7-b82d-9aded2b69267,16,16,0,6.812,6.773,-0.03900000000000059,61,False
TR,nuscale_voygr6,w_EP_plus_20,weight,91f28dbb-16bd-449b-a20a-dc2b70cf2e66,69,71,2,6.206,6.175,-0.031000000000000583,110,False
TR,nuscale_voygr6,w_EP_plus_20,weight,94a5c55f-c499-41b1-81da-deaa36686399,21,21,0,6.803,6.78,-0.022999999999999687,110,False
UA,nuscale_voygr6,w_EP_plus_20,weight,95872473-c476-4ceb-bcf5-54cfdf415e42,19,19,0,5.574,5.511,-0.06299999999999972,20,False
RO,nuscale_voygr6,w_EP_plus_20,weight,958e4d82-853a-41f1-a442-94b4c4314221,2,2,0,7.272,7.244,-0.02800000000000047,21,False
TR,nuscale_voygr6,w_EP_plus_20,weight,96129c93-83a6-4b1c-929b-bfccba86a796,70,69,-1,6.204,6.192,-0.011999999999999567,110,False
TR,nuscale_voygr6,w_EP_plus_20,weight,9699244b-14c0-4e27-afd1-105494fccd60,38,35,-3,6.584,6.582,-0.0019999999999997797,110,False
CZ,nuscale_voygr6,w_EP_plus_20,weight,97ed917e-acfa-4002-be89-4ec44972ab45,21,21,0,5.85,5.829,-0.020999999999999908,29,False
TR,nuscale_voygr6,w_EP_plus_20,weight,98019711-a8c3-424a-870e-00d4fea75ed1,88,88,0,6.036,5.993,-0.04299999999999926,110,False
RO,nuscale_voygr6,w_EP_plus_20,weight,9825e28e-fd6e-460d-9caf-0342563f9060,6,6,0,6.422,6.375,-0.04699999999999971,21,False
RS,nuscale_voygr6,w_EP_plus_20,weight,993ccce2-d5e1-498d-827d-8dbfeb42582b,3,3,0,6.584,6.548,-0.03599999999999959,6,False
HU,nuscale_voygr6,w_EP_plus_20,weight,997474f6-9bfd-4abd-a2ac-d8618db8f0b4,1,1,0,7.568,7.536,-0.03200000000000003,11,False
AT,nuscale_voygr6,w_EP_plus_20,weight,99d712ac-7993-4186-8a0e-2e88bae7e90f,3,3,0,6.646,6.613,-0.032999999999999474,6,False
TR,nuscale_voygr6,w_EP_plus_20,weight,9a6447f2-2887-4cce-a115-dc773d7f6eb1,48,46,-2,6.511,6.511,0.0,110,False
CZ,nuscale_voygr6,w_EP_plus_20,weight,9c4291f1-173b-467e-ae26-8cb01312c605,8,8,0,6.66,6.641,-0.019000000000000128,29,False
TR,nuscale_voygr6,w_EP_plus_20,weight,9eb693f6-6994-4937-bc4d-e8213baa5d47,29,28,-1,6.702,6.682,-0.019999999999999574,110,False
BG,nuscale_voygr6,w_EP_plus_20,weight,a064c7ae-e699-4a94-a18c-79bdfe42bce3,4,4,0,6.83,6.791,-0.0389999999999997,7,False
PL,nuscale_voygr6,w_EP_plus_20,weight,a19228ce-f25a-4ffd-a249-9d01403e6b81,11,10,-1,7.045,7.022,-0.022999999999999687,61,False
BA,nuscale_voygr6,w_EP_plus_20,weight,a23d073a-cbbd-469a-b134-380945fd3f4c,4,4,0,5.84,5.798,-0.041999999999999815,5,False
SK,nuscale_voygr6,w_EP_plus_20,weight,a2d8261c-3d08-4015-946c-47dbddbd0b98,5,5,0,5.565,5.531,-0.034000000000000696,5,False
TR,nuscale_voygr6,w_EP_plus_20,weight,a4af3789-2c40-41fc-a3ec-3b8d2fc6c645,62,62,0,6.389,6.355,-0.03399999999999981,110,False
RO,nuscale_voygr6,w_EP_plus_20,weight,a4fa3246-27d6-4740-898c-bdf9dadcb88c,13,13,0,6.014,5.973,-0.04100000000000037,21,False
PL,nuscale_voygr6,w_EP_plus_20,weight,a55e3643-8ed4-434b-b14f-2d549d09c0d9,20,20,0,6.642,6.606,-0.036000000000000476,61,False
TR,nuscale_voygr6,w_EP_plus_20,weight,a6478cb9-5b8c-4d64-bbe6-3d3ed6a3da2c,7,7,0,7.061,7.051,-0.009999999999999787,110,False
PL,nuscale_voygr6,w_EP_plus_20,weight,a67255dd-8134-418e-9377-e28516c53722,27,28,1,6.361,6.331,-0.02999999999999936,61,False
PL,nuscale_voygr6,w_EP_plus_20,weight,a6b51b4f-ba1d-49cd-bc99-8898acdbeb78,29,29,0,6.211,6.185,-0.02600000000000069,61,False
CZ,nuscale_voygr6,w_EP_plus_20,weight,a6bf9980-016e-47ea-b40a-82e384a9eb43,26,26,0,5.578,5.561,-0.017000000000000348,29,False
CZ,nuscale_voygr6,w_EP_plus_20,weight,a733fc13-11a4-4722-b62d-85c85a4f8ef3,12,12,0,6.419,6.389,-0.02999999999999936,29,False
PL,nuscale_voygr6,w_EP_plus_20,weight,a7eeee6e-e14a-40ba-80b6-75ed2e170b20,42,42,0,5.951,5.914,-0.03699999999999992,61,False
PL,nuscale_voygr6,w_EP_plus_20,weight,a91dfe3d-93e0-43a1-99d2-41abdd1fc2ce,58,58,0,5.591,5.574,-0.017000000000000348,61,False
TR,nuscale_voygr6,w_EP_plus_20,weight,a96dc545-41a9-4b0d-a7a3-f40ef711e5e3,45,45,0,6.555,6.519,-0.03599999999999959,110,False
BA,nuscale_voygr6,w_EP_plus_20,weight,aa0bdb5e-45aa-4d15-8aee-cb5b0e14f5d9,3,2,-1,5.901,5.856,-0.04499999999999993,5,False
TR,nuscale_voygr6,w_EP_plus_20,weight,aa336cdc-f6fe-4b08-b46d-69e852c501bf,41,42,1,6.573,6.535,-0.038000000000000256,110,False
CZ,nuscale_voygr6,w_EP_plus_20,weight,aa38441d-aec7-4ae9-b4c3-68c5bf567db3,19,19,0,6.122,6.096,-0.0259999999999998,29,False
HR,nuscale_voygr6,w_EP_plus_20,weight,ab151830-e5bd-46de-8400-01aa4c165366,1,1,0,6.433,6.417,-0.016000000000000014,1,True
PL,nuscale_voygr6,w_EP_plus_20,weight,ab57f5c3-8699-46f9-970f-3007dfc58af4,23,23,0,6.463,6.463,0.0,61,False
TR,nuscale_voygr6,w_EP_plus_20,weight,ad0c8590-c672-43f2-a813-1217a10f7d2d,1,1,0,7.473,7.456,-0.01699999999999946,110,False
PL,nuscale_voygr6,w_EP_plus_20,weight,ad7a9c00-0c75-411f-8f89-859e603df1e6,54,54,0,5.695,5.658,-0.03699999999999992,61,False
TR,nuscale_voygr6,w_EP_plus_20,weight,adeb10a5-aaae-4e2c-b426-3db1c3d9bd5b,71,74,3,6.191,6.16,-0.030999999999999694,110,False
RO,nuscale_voygr6,w_EP_plus_20,weight,aff5ffe6-fe7a-4de7-afad-9d4645a64cd9,8,8,0,6.201,6.16,-0.04099999999999948,21,False
BG,nuscale_voygr6,w_EP_plus_20,weight,b01fe781-dbc7-40f8-a544-946288020042,2,2,0,7.01,6.956,-0.05399999999999938,7,False
CZ,nuscale_voygr6,w_EP_plus_20,weight,b0ba194f-3c80-4725-b1e7-fa5277b38833,6,6,0,6.748,6.728,-0.020000000000000462,29,False
PL,nuscale_voygr6,w_EP_plus_20,weight,b24c9876-5a4d-4b83-b442-af2f4b0d1047,50,50,0,5.744,5.724,-0.019999999999999574,61,False
PL,nuscale_voygr6,w_EP_plus_20,weight,b24f9ac5-5ddf-4b19-ba95-76dafeca3d2c,5,5,0,7.192,7.15,-0.041999999999999815,61,False
MD,nuscale_voygr6,w_EP_plus_20,weight,b3eb5dd2-98cf-40c4-b9ee-2a86fd066093,1,1,0,6.456,6.4,-0.05600000000000005,1,True
TR,nuscale_voygr6,w_EP_plus_20,weight,b588126a-42d6-49dc-b227-9283af5a2578,25,26,1,6.745,6.706,-0.0389999999999997,110,False
TR,nuscale_voygr6,w_EP_plus_20,weight,b5a75ec8-a2fe-42ad-b33e-ea32e20ebdfb,51,52,1,6.467,6.433,-0.03399999999999981,110,False
TR,nuscale_voygr6,w_EP_plus_20,weight,b5ff798e-e059-4d8b-a903-00a1fefc62ab,26,27,1,6.745,6.706,-0.0389999999999997,110,False
PL,nuscale_voygr6,w_EP_plus_20,weight,b789a244-7d29-4be3-afe4-2f45d7f11eab,52,52,0,5.718,5.699,-0.019000000000000128,61,False
TR,nuscale_voygr6,w_EP_plus_20,weight,b8875ff2-9e9d-4520-8879-c71468e9cc50,60,61,1,6.413,6.397,-0.016000000000000014,110,False
PL,nuscale_voygr6,w_EP_plus_20,weight,b8a00967-90a3-4a4e-9979-6b8651d87380,33,33,0,6.146,6.105,-0.04099999999999948,61,False
PL,nuscale_voygr6,w_EP_plus_20,weight,b8bc6544-1571-4906-95e0-314d62c78a24,10,11,1,7.055,7.016,-0.0389999999999997,61,False
TR,nuscale_voygr6,w_EP_plus_20,weight,bac4a081-83dc-4aba-8076-b67bfc55f54c,106,106,0,5.617,5.615,-0.0019999999999997797,110,False
TR,nuscale_voygr6,w_EP_plus_20,weight,bfadbe66-971d-4f64-b222-604a7ee6ac6b,28,29,1,6.715,6.677,-0.038000000000000256,110,False
RO,nuscale_voygr6,w_EP_plus_20,weight,c3790475-3d3b-4e2b-92ae-24503fe03e6b,7,7,0,6.237,6.21,-0.027000000000000135,21,False
PL,nuscale_voygr6,w_EP_plus_20,weight,c39819ef-6798-4c01-9a82-9eead65b5f56,26,26,0,6.381,6.383,0.0019999999999997797,61,False
PL,nuscale_voygr6,w_EP_plus_20,weight,c42c5942-264d-43a1-a9eb-95b00480eb1a,49,49,0,5.756,5.737,-0.019000000000000128,61,False
UA,nuscale_voygr6,w_EP_plus_20,weight,c47eb6a3-49c1-4879-95b6-9bcd53b7af04,5,5,0,6.617,6.577,-0.040000000000000036,20,False
PL,nuscale_voygr6,w_EP_plus_20,weight,c4d7f628-c108-4496-ac02-6076ea3ae448,38,38,0,6.068,6.044,-0.02400000000000002,61,False
TR,nuscale_voygr6,w_EP_plus_20,weight,c657c5c3-38a2-472d-8962-9e7cefcd2c1e,10,11,1,6.908,6.883,-0.025000000000000355,110,False
TR,nuscale_voygr6,w_EP_plus_20,weight,c6b846cb-3a01-4e17-9d51-da4b58fd1827,101,101,0,5.794,5.789,-0.004999999999999893,110,False
TR,nuscale_voygr6,w_EP_plus_20,weight,c7afd455-7beb-4d23-8d3b-e9a102782d2b,107,107,0,5.558,5.54,-0.017999999999999794,110,False
TR,nuscale_voygr6,w_EP_plus_20,weight,c8e1cc12-080a-4e01-925d-8fd6e4334856,97,98,1,5.863,5.82,-0.04300000000000015,110,False
RS,nuscale_voygr6,w_EP_plus_20,weight,c8f15aca-174b-4be6-a6d9-abfa4685d10d,4,4,0,6.562,6.527,-0.03500000000000014,6,False
SK,nuscale_voygr6,w_EP_plus_20,weight,c97125b3-20ed-4e21-a853-b928644ec7dd,1,1,0,7.02,6.98,-0.03999999999999915,5,False
TR,nuscale_voygr6,w_EP_plus_20,weight,c9c85786-eb26-4e7b-b280-83a54b7e834f,47,48,1,6.527,6.49,-0.03699999999999992,110,False
TR,nuscale_voygr6,w_EP_plus_20,weight,ca423571-d2ab-44d4-b5ce-3e649d9cc776,74,72,-2,6.175,6.164,-0.01100000000000012,110,False
TR,nuscale_voygr6,w_EP_plus_20,weight,cb08e7b6-0af3-45d9-95c3-3832e7e2677c,13,13,0,6.878,6.871,-0.006999999999999673,110,False
TR,nuscale_voygr6,w_EP_plus_20,weight,cb825b0f-e315-4221-b194-43d5b472382d,83,81,-2,6.088,6.077,-0.01100000000000012,110,False
CZ,nuscale_voygr6,w_EP_plus_20,weight,cbd67443-4a4e-44fd-a9ed-20ba9574c99e,29,29,0,5.551,5.534,-0.017000000000000348,29,False
TR,nuscale_voygr6,w_EP_plus_20,weight,cc635340-954c-4428-9fa1-14383c7faceb,49,49,0,6.496,6.478,-0.018000000000000682,110,False
PL,nuscale_voygr6,w_EP_plus_20,weight,ccc15bde-1c5a-40bf-8f09-2fcb1e896ce5,53,53,0,5.718,5.699,-0.019000000000000128,61,False
PL,nuscale_voygr6,w_EP_plus_20,weight,cd84938d-eea8-47a1-8ea6-2e9f943e5914,3,4,1,7.231,7.187,-0.043999999999999595,61,False
UA,nuscale_voygr6,w_EP_plus_20,weight,cdb6adfb-52ff-4631-939a-001080b20450,6,6,0,6.461,6.4,-0.06099999999999994,20,False
PL,nuscale_voygr6,w_EP_plus_20,weight,cdc888ad-fd51-4710-a5ab-3cd0fe9ddb48,15,15,0,6.838,6.817,-0.020999999999999908,61,False
TR,nuscale_voygr6,w_EP_plus_20,weight,ce39538c-997e-4a7d-bc32-f164f50f9aa0,79,82,3,6.115,6.067,-0.04800000000000004,110,False
UA,nuscale_voygr6,w_EP_plus_20,weight,cec871bd-c7f6-4444-b0da-9b3a9ecc6963,3,3,0,6.73,6.688,-0.0420000000000007,20,False
TR,nuscale_voygr6,w_EP_plus_20,weight,cf9150af-0325-44d8-bbaf-493e742f2e2b,50,50,0,6.474,6.458,-0.016000000000000014,110,False
TR,nuscale_voygr6,w_EP_plus_20,weight,d020ac37-4f23-41b1-8f1e-b425b5769424,53,51,-2,6.456,6.438,-0.018000000000000682,110,False
TR,nuscale_voygr6,w_EP_plus_20,weight,d12e7ffc-4cd3-4ff4-81da-ae360d59409b,85,87,2,6.066,6.039,-0.027000000000000135,110,False
TR,nuscale_voygr6,w_EP_plus_20,weight,d1863136-5ff4-4b4d-a9c0-6219e92d637d,6,6,0,7.107,7.078,-0.028999999999999915,110,False
TR,nuscale_voygr6,w_EP_plus_20,weight,d21335d4-0a3d-4464-85e0-352745a38db4,59,60,1,6.435,6.4,-0.034999999999999254,110,False
RS,nuscale_voygr6,w_EP_plus_20,weight,d30af109-79cb-4ab5-a878-6f574b58116a,2,2,0,6.613,6.594,-0.019000000000000128,6,False
PL,nuscale_voygr6,w_EP_plus_20,weight,d3b5a049-6bff-400b-9312-96985f03acea,59,59,0,5.539,5.523,-0.016000000000000014,61,False
UA,nuscale_voygr6,w_EP_plus_20,weight,d3b9e403-7744-44c5-b5c3-999c4c1911d8,20,20,0,5.252,5.175,-0.07699999999999996,20,False
TR,nuscale_voygr6,w_EP_plus_20,weight,d3f986d9-a023-4d43-a0fb-03361f310873,14,14,0,6.878,6.871,-0.006999999999999673,110,False
TR,nuscale_voygr6,w_EP_plus_20,weight,d48d2f39-d58f-4299-9b2f-56d194d2d13b,87,85,-2,6.061,6.051,-0.009999999999999787,110,False
RO,nuscale_voygr6,w_EP_plus_20,weight,d498ded8-449c-4672-8bb9-0ed6c8fef775,12,12,0,6.027,6.003,-0.02400000000000002,21,False
TR,nuscale_voygr6,w_EP_plus_20,weight,d5151598-5a1a-4697-8147-592845ffef6c,94,94,0,5.917,5.928,0.01100000000000012,110,False
PL,nuscale_voygr6,w_EP_plus_20,weight,d60b377c-9bb4-4fd5-adb7-a9a9ba98ae76,36,36,0,6.107,6.067,-0.040000000000000036,61,False
TR,nuscale_voygr6,w_EP_plus_20,weight,d6cb5642-d5ec-4a15-bc6b-8be4cb0a382e,17,17,0,6.847,6.841,-0.006000000000000227,110,False
CZ,nuscale_voygr6,w_EP_plus_20,weight,d762ceeb-514f-43a6-9f91-a2d422ed6c60,2,2,0,7.014,6.989,-0.025000000000000355,29,False
RO,nuscale_voygr6,w_EP_plus_20,weight,dac2a974-a2de-46c5-b581-03985a9ae7d0,11,11,0,6.054,6.029,-0.025000000000000355,21,False
PL,nuscale_voygr6,w_EP_plus_20,weight,dadadad9-b67e-44b8-a9ab-4cbf116da20b,4,3,-1,7.224,7.198,-0.0259999999999998,61,False
TR,nuscale_voygr6,w_EP_plus_20,weight,db87ce6a-3802-44c5-945f-8a95d3cf111b,81,83,2,6.109,6.065,-0.043999999999999595,110,False
PL,nuscale_voygr6,w_EP_plus_20,weight,dc87cdf1-9936-4a59-a5e9-b5e360173490,39,40,1,6.042,6.003,-0.0389999999999997,61,False
TR,nuscale_voygr6,w_EP_plus_20,weight,dd413ee8-a6f2-4e7c-8e6c-6d0ed8637d83,19,18,-1,6.817,6.793,-0.02400000000000002,110,False
TR,nuscale_voygr6,w_EP_plus_20,weight,ddc8bb9c-bf77-4075-b38c-600fb072acf8,11,12,1,6.902,6.877,-0.025000000000000355,110,False
PL,nuscale_voygr6,w_EP_plus_20,weight,de6735bd-7a79-43c8-baad-1fe23d50d6f0,22,22,0,6.536,6.504,-0.03200000000000003,61,False
TR,nuscale_voygr6,w_EP_plus_20,weight,e03c394f-1c08-4101-b1fe-f6662fe4b424,15,15,0,6.861,6.855,-0.005999999999999339,110,False
RO,nuscale_voygr6,w_EP_plus_20,weight,e073b3f8-4312-4d34-b322-6289a3121af1,14,14,0,6.014,5.973,-0.04100000000000037,21,False
TR,nuscale_voygr6,w_EP_plus_20,weight,e10aae79-05b7-4ad9-9d69-60ce190b4444,42,43,1,6.573,6.535,-0.038000000000000256,110,False
HU,nuscale_voygr6,w_EP_plus_20,weight,e1649639-2e45-4226-9c7a-783d2dcb6724,10,10,0,5.344,5.331,-0.0129999999999999,11,False
CZ,nuscale_voygr6,w_EP_plus_20,weight,e299922a-1670-4aff-acda-fd80600af9af,7,7,0,6.721,6.701,-0.020000000000000462,29,False
PL,nuscale_voygr6,w_EP_plus_20,weight,e2c23866-db1e-4316-82b5-7e3fe50c3c09,47,47,0,5.848,5.826,-0.02200000000000024,61,False
RO,nuscale_voygr6,w_EP_plus_20,weight,e43af28e-a3d3-4047-a9cf-f3b0990754b4,18,18,0,5.759,5.738,-0.020999999999999908,21,False
UA,nuscale_voygr6,w_EP_plus_20,weight,e4c6a713-99e6-4fdf-afaa-d456779c504c,16,16,0,5.913,5.843,-0.07000000000000028,20,False
PL,nuscale_voygr6,w_EP_plus_20,weight,e4e3b5f0-7038-47a5-84e3-04eb07b3c4d7,14,14,0,6.925,6.902,-0.022999999999999687,61,False
TR,nuscale_voygr6,w_EP_plus_20,weight,e71ec827-7143-48dd-8c8a-8e81705fa971,52,53,1,6.467,6.433,-0.03399999999999981,110,False
BA,nuscale_voygr6,w_EP_plus_20,weight,e75c63e5-ef2f-4e08-8f8c-3da41215af9d,2,1,-1,5.907,5.862,-0.04499999999999993,5,False
TR,nuscale_voygr6,w_EP_plus_20,weight,e780e4ac-0506-4186-9b58-0f378f878345,9,9,0,6.969,6.961,-0.008000000000000007,110,False
TR,nuscale_voygr6,w_EP_plus_20,weight,e894ba3e-e397-47c9-b0b9-a72cfb6bd680,95,97,2,5.876,5.835,-0.04100000000000037,110,False
TR,nuscale_voygr6,w_EP_plus_20,weight,e8b6e342-2011-4343-b415-a8bf08501499,99,102,3,5.809,5.786,-0.023000000000000576,110,False
PL,nuscale_voygr6,w_EP_plus_20,weight,e9a1ae49-ff79-462c-af4e-7c6843221d36,55,55,0,5.645,5.611,-0.03399999999999981,61,False
TR,nuscale_voygr6,w_EP_plus_20,weight,e9bc02be-cf10-4b27-9b8a-0d4a954720e4,36,37,1,6.606,6.57,-0.03599999999999959,110,False
PL,nuscale_voygr6,w_EP_plus_20,weight,ebc0f461-acfa-47da-8094-5b15ea3e25a0,19,19,0,6.662,6.614,-0.04800000000000004,61,False
PL,nuscale_voygr6,w_EP_plus_20,weight,ee332928-87b2-4e7b-9203-20e402bc551f,12,12,0,6.99,6.967,-0.023000000000000576,61,False
PL,nuscale_voygr6,w_EP_plus_20,weight,ef2ee2ae-e73e-490c-aa07-746543fe20e6,40,39,-1,6.029,6.006,-0.022999999999999687,61,False
HU,nuscale_voygr6,w_EP_plus_20,weight,ef325d90-6d2d-4f8f-89f2-3bc98beb149b,8,8,0,5.812,5.792,-0.020000000000000462,11,False
CZ,nuscale_voygr6,w_EP_plus_20,weight,f1d2bca1-a7a9-4404-84c1-34fc8a59dab7,25,25,0,5.619,5.601,-0.017999999999999794,29,False
HU,nuscale_voygr6,w_EP_plus_20,weight,f2b3a729-602a-4b6b-acc9-004244f2e556,9,9,0,5.373,5.345,-0.02800000000000047,11,False
UA,nuscale_voygr6,w_EP_plus_20,weight,f2c061de-66ad-4fce-b911-7f1899f25b75,12,11,-1,6.278,6.221,-0.056999999999999496,20,False
TR,nuscale_voygr6,w_EP_plus_20,weight,f2e65fcf-afc4-4443-ac14-f15c8ffe48f3,20,19,-1,6.817,6.793,-0.02400000000000002,110,False
CZ,nuscale_voygr6,w_EP_plus_20,weight,f3523341-daaa-4573-a856-becb2e1bb9e3,4,3,-1,6.939,6.916,-0.022999999999999687,29,False
PL,nuscale_voygr6,w_EP_plus_20,weight,f5be4e73-938d-4fe2-b585-5090ec780670,28,27,-1,6.36,6.332,-0.02800000000000047,61,False
HU,nuscale_voygr6,w_EP_plus_20,weight,f7dcdb63-26e6-44cd-b440-ec14fe507d90,2,2,0,7.042,7.019,-0.022999999999999687,11,False
PL,nuscale_voygr6,w_EP_plus_20,weight,f8f9f43d-6a3b-445d-818e-ca82a90ace65,51,51,0,5.74,5.72,-0.020000000000000462,61,False
TR,nuscale_voygr6,w_EP_plus_20,weight,f92bc907-9b9b-4d21-92fd-1705bd71128c,89,89,0,6.036,5.993,-0.04299999999999926,110,False
TR,nuscale_voygr6,w_EP_plus_20,weight,fa6b7ac3-c1bf-478f-8d0a-1f357ea480cf,100,100,0,5.808,5.802,-0.006000000000000227,110,False
BY,nuscale_voygr6,w_EP_plus_20,weight,fac3d0b5-36a5-48ae-8494-f2f08e4342f4,1,1,0,6.786,6.762,-0.02400000000000002,2,True
UA,nuscale_voygr6,w_EP_plus_20,weight,fb7d4d9a-3f27-4b50-9941-6a8fccd25e9a,9,9,0,6.335,6.3,-0.03500000000000014,20,False
TR,nuscale_voygr6,w_EP_plus_20,weight,fc307877-758b-4dbf-afbe-abfc4a778155,35,34,-1,6.613,6.594,-0.019000000000000128,110,False
TR,nuscale_voygr6,w_EP_plus_20,weight,fecb62d9-6fb8-4f8d-83e3-78a7c75adb6e,64,64,0,6.321,6.307,-0.013999999999999346,110,False
TR,nuscale_voygr6,w_HI_minus_20,weight,0049a899-af5f-41cd-86ae-2ba729b6365f,93,94,1,5.942,5.895,-0.0470000000000006,110,False
RS,nuscale_voygr6,w_HI_minus_20,weight,0182ec25-0df9-4e4b-9861-d76a332bc282,1,1,0,6.715,6.66,-0.054999999999999716,6,False
UA,nuscale_voygr6,w_HI_minus_20,weight,02253fcc-4fc6-42d4-a6a8-42365487302f,13,13,0,6.148,6.23,0.08200000000000074,20,False
TR,nuscale_voygr6,w_HI_minus_20,weight,0248611c-b745-404f-ad50-c2870882c7a1,18,18,0,6.832,6.781,-0.051000000000000156,110,False
UA,nuscale_voygr6,w_HI_minus_20,weight,038d42e9-769b-4b22-9513-dccff48b42cd,15,15,0,5.93,6.024,0.0940000000000003,20,False
HU,nuscale_voygr6,w_HI_minus_20,weight,059b3ad4-7196-4e6b-b169-8605ceeed841,4,4,0,6.601,6.624,0.022999999999999687,11,False
CZ,nuscale_voygr6,w_HI_minus_20,weight,05daa6b2-bb29-4c26-a459-855626673955,13,13,0,6.34,6.364,0.02400000000000002,29,False
PL,nuscale_voygr6,w_HI_minus_20,weight,06641fea-8997-4b69-a618-6afa34b82591,44,45,1,5.912,5.905,-0.006999999999999673,61,False
SK,nuscale_voygr6,w_HI_minus_20,weight,06defca3-9105-437f-afd4-52f5603d9b8e,4,4,0,6.272,6.293,0.020999999999999908,5,False
TR,nuscale_voygr6,w_HI_minus_20,weight,0947a4c8-4fc1-492f-9c66-2c9a993c7fb0,54,51,-3,6.445,6.411,-0.034000000000000696,110,False
CZ,nuscale_voygr6,w_HI_minus_20,weight,0ae8917b-a70b-41e5-82de-e4963a7686e3,16,17,1,6.265,6.274,0.009000000000000341,29,False
PL,nuscale_voygr6,w_HI_minus_20,weight,0b187a1d-55de-47cf-96a3-06abc8ff2476,18,19,1,6.662,6.676,0.014000000000000234,61,False
TR,nuscale_voygr6,w_HI_minus_20,weight,0ca4ff78-4113-4ad9-ac04-0fd541d42338,78,80,2,6.123,6.057,-0.06599999999999984,110,False
TR,nuscale_voygr6,w_HI_minus_20,weight,0fec985c-c66e-40af-a123-a9ba4db269bb,63,63,0,6.35,6.281,-0.06899999999999995,110,False
TR,nuscale_voygr6,w_HI_minus_20,weight,1289753b-43db-4058-8fe1-6e38b5fb01b5,27,24,-3,6.726,6.695,-0.030999999999999694,110,False
TR,nuscale_voygr6,w_HI_minus_20,weight,142cad75-648a-495d-8c10-792351e72126,4,3,-1,7.153,7.134,-0.01899999999999924,110,False
CZ,nuscale_voygr6,w_HI_minus_20,weight,14e88076-ce0e-4693-bca4-e80f3f013c7f,18,16,-2,6.259,6.279,0.019999999999999574,29,False
TR,nuscale_voygr6,w_HI_minus_20,weight,1624a526-07d8-44a4-8ed7-3b035b748f03,105,105,0,5.653,5.651,-0.0019999999999997797,110,False
TR,nuscale_voygr6,w_HI_minus_20,weight,166f5fcc-1cc4-4cf5-9e52-59e7ce1557c6,23,20,-3,6.759,6.766,0.006999999999999673,110,False
SK,nuscale_voygr6,w_HI_minus_20,weight,1719d38b-61e8-4b01-844b-3a2f85c8a186,3,3,0,6.503,6.533,0.03000000000000025,5,False
MK,nuscale_voygr6,w_HI_minus_20,weight,1739b1b7-a6f3-466c-9dfa-3d1de9d5b6db,1,1,0,6.391,6.453,0.06200000000000028,3,False
TR,nuscale_voygr6,w_HI_minus_20,weight,17568f0f-91fd-4efe-b4df-2c7cc5d80b7d,110,110,0,5.073,5.047,-0.02600000000000069,110,False
CZ,nuscale_voygr6,w_HI_minus_20,weight,180880c2-7284-4723-b02a-a62348b9b40b,9,9,0,6.633,6.654,0.020999999999999908,29,False
TR,nuscale_voygr6,w_HI_minus_20,weight,1820429d-bd95-4e56-a6db-d9bb57e2ae07,96,97,1,5.865,5.808,-0.057000000000000384,110,False
PL,nuscale_voygr6,w_HI_minus_20,weight,187b4fd7-6a61-4e94-8ed4-495ac6dfc317,25,27,2,6.419,6.377,-0.041999999999999815,61,False
RO,nuscale_voygr6,w_HI_minus_20,weight,18ecb024-ee4f-4045-8254-5e95d61dea8c,15,15,0,5.958,5.94,-0.017999999999999794,21,False
LV,nuscale_voygr6,w_HI_minus_20,weight,1a5b8f8f-f4be-4514-8738-755d25e19b41,1,1,0,6.728,6.761,0.03300000000000036,1,True
CZ,nuscale_voygr6,w_HI_minus_20,weight,1c059a42-608c-4753-8fcf-ba797d94f900,24,24,0,5.68,5.68,0.0,29,False
TR,nuscale_voygr6,w_HI_minus_20,weight,1ce7624e-1d72-4293-8ff4-09096b56ddd2,109,109,0,5.401,5.374,-0.027000000000000135,110,False
PL,nuscale_voygr6,w_HI_minus_20,weight,1d19dce6-c458-4656-901d-6a8d3c548761,9,10,1,7.075,7.069,-0.006000000000000227,61,False
RO,nuscale_voygr6,w_HI_minus_20,weight,1d8be6d0-f3a5-4b32-9d46-3526289731f8,21,21,0,5.375,5.402,0.027000000000000135,21,False
TR,nuscale_voygr6,w_HI_minus_20,weight,1f305180-6bbf-4758-9a98-78bc9e96e195,46,42,-4,6.528,6.499,-0.028999999999999915,110,False
PL,nuscale_voygr6,w_HI_minus_20,weight,202d797d-b0f9-4cd0-bbac-d7bb06805c09,37,38,1,6.071,6.052,-0.019000000000000128,61,False
CZ,nuscale_voygr6,w_HI_minus_20,weight,20bce4f5-ca0b-4145-87e5-0a0694343f31,17,18,1,6.263,6.271,0.008000000000000007,29,False
CZ,nuscale_voygr6,w_HI_minus_20,weight,20c9d02d-e9e8-40b3-a11e-7a2e01018d8c,14,14,0,6.34,6.364,0.02400000000000002,29,False
TR,nuscale_voygr6,w_HI_minus_20,weight,21ccc44f-3244-4e7f-9654-eae424288200,76,82,6,6.13,6.048,-0.08199999999999985,110,False
TR,nuscale_voygr6,w_HI_minus_20,weight,231565d3-4f56-43ee-a357-1f4451c6fbc3,37,43,6,6.588,6.496,-0.09199999999999964,110,False
TR,nuscale_voygr6,w_HI_minus_20,weight,2350bab4-9869-43f1-b62f-a4d5aea77ef5,77,83,6,6.13,6.048,-0.08199999999999985,110,False
PL,nuscale_voygr6,w_HI_minus_20,weight,239ea0eb-a9c4-43cc-ac5f-35271bdc6613,7,8,1,7.102,7.094,-0.008000000000000007,61,False
CZ,nuscale_voygr6,w_HI_minus_20,weight,274ec928-e527-44cf-86c5-b6eddc09d0f7,20,20,0,5.918,5.927,0.008999999999999453,29,False
PL,nuscale_voygr6,w_HI_minus_20,weight,27fc89b3-ee57-44ac-8073-a700bc8d12e8,41,41,0,6.003,6.019,0.016000000000000014,61,False
CZ,nuscale_voygr6,w_HI_minus_20,weight,287cbb48-bb08-40dd-82c5-cfe1530dfbb9,1,1,0,7.075,7.126,0.051000000000000156,29,False
HU,nuscale_voygr6,w_HI_minus_20,weight,28b36531-865d-42ae-afb3-b8bad86f7014,6,5,-1,6.305,6.374,0.06899999999999995,11,False
PL,nuscale_voygr6,w_HI_minus_20,weight,29479c3f-8db8-4f62-90e8-59ad6739f90b,34,36,2,6.12,6.084,-0.036000000000000476,61,False
RS,nuscale_voygr6,w_HI_minus_20,weight,296282b1-d079-4c1e-b2df-12c25128b963,6,6,0,6.259,6.218,-0.04100000000000037,6,False
PL,nuscale_voygr6,w_HI_minus_20,weight,2981a12d-3444-4301-96ba-a63ef50bec3e,1,1,0,7.516,7.552,0.03599999999999959,61,False
RO,nuscale_voygr6,w_HI_minus_20,weight,29836b52-a882-4921-95a7-6417e636d9a2,3,4,1,6.76,6.72,-0.040000000000000036,21,False
PL,nuscale_voygr6,w_HI_minus_20,weight,29a58981-aaf7-4450-ad41-49dd6d786168,48,48,0,5.782,5.807,0.025000000000000355,61,False
UA,nuscale_voygr6,w_HI_minus_20,weight,29b3a802-7ef1-4722-ad59-b1511b1b0075,1,1,0,7.046,7.014,-0.03200000000000003,20,False
TR,nuscale_voygr6,w_HI_minus_20,weight,2a3aad60-2bff-4206-8275-f6e2029f9278,66,69,3,6.252,6.15,-0.10199999999999942,110,False
TR,nuscale_voygr6,w_HI_minus_20,weight,2b6a65d3-efb0-44d8-b88b-9aad311f4ac4,31,35,4,6.664,6.575,-0.08899999999999952,110,False
PL,nuscale_voygr6,w_HI_minus_20,weight,2da9dab9-7b4e-46e7-b1c8-70eeb329c177,56,57,1,5.614,5.612,-0.0019999999999997797,61,False
AT,nuscale_voygr6,w_HI_minus_20,weight,2dcd2c6d-f375-4408-9492-7910662fac03,1,1,0,7.333,7.334,0.0009999999999994458,6,False
TR,nuscale_voygr6,w_HI_minus_20,weight,2ec95392-978d-4a43-85b9-af3282c212ba,2,2,0,7.305,7.236,-0.06899999999999995,110,False
TR,nuscale_voygr6,w_HI_minus_20,weight,2ed9363f-a9fe-46e5-8b92-c50b47a9077a,68,66,-2,6.237,6.226,-0.01100000000000012,110,False
BG,nuscale_voygr6,w_HI_minus_20,weight,2fb27566-cc7b-4530-8ff9-e55e3a1985bd,5,5,0,6.504,6.535,0.031000000000000583,7,False
CZ,nuscale_voygr6,w_HI_minus_20,weight,2fe0a0b3-4108-427e-8e54-f77e1ea7227c,3,3,0,6.939,6.984,0.04499999999999993,29,False
BG,nuscale_voygr6,w_HI_minus_20,weight,30c9e377-b575-46fa-880f-922c46e6500a,1,1,0,7.102,7.094,-0.008000000000000007,7,False
CZ,nuscale_voygr6,w_HI_minus_20,weight,32484f7b-18a4-4b21-8e6a-6d68ae099d02,5,5,0,6.85,6.88,0.03000000000000025,29,False
BG,nuscale_voygr6,w_HI_minus_20,weight,33a015dd-51e0-497e-b0d3-4b1b3f070438,6,6,0,5.792,5.813,0.020999999999999908,7,False
BA,nuscale_voygr6,w_HI_minus_20,weight,344e0e9a-558e-4749-bb66-cd746be50cbd,5,5,0,5.556,5.6,0.043999999999999595,5,False
RO,nuscale_voygr6,w_HI_minus_20,weight,345fb795-170a-4fb5-833c-f6bcf2eb450c,1,1,0,7.633,7.645,0.011999999999999567,21,False
HU,nuscale_voygr6,w_HI_minus_20,weight,34d88ce8-d49c-4b19-af2d-6efcb1b72149,11,11,0,5.308,5.281,-0.027000000000000135,11,False
UA,nuscale_voygr6,w_HI_minus_20,weight,3657989a-61ae-4fe3-9e8b-6ba7e68f8c59,14,14,0,6.017,6.088,0.07099999999999973,20,False
ME,nuscale_voygr6,w_HI_minus_20,weight,3795824b-cb76-48dd-a65c-764c757ddc76,1,1,0,5.242,5.244,0.0019999999999997797,1,True
TR,nuscale_voygr6,w_HI_minus_20,weight,381221dd-76da-4adf-9b19-5da9f0779c22,80,78,-2,6.109,6.062,-0.04699999999999971,110,False
TR,nuscale_voygr6,w_HI_minus_20,weight,3819acc8-761d-49ba-89e7-967d3d37ec0e,98,98,0,5.851,5.791,-0.05999999999999961,110,False
PL,nuscale_voygr6,w_HI_minus_20,weight,399668d6-bfed-4e5b-bf38-9ee5902101c3,57,56,-1,5.597,5.647,0.04999999999999982,61,False
TR,nuscale_voygr6,w_HI_minus_20,weight,3a06636d-c742-4b72-b9cd-21a4537c331b,84,87,3,6.073,6.007,-0.06600000000000072,110,False
BG,nuscale_voygr6,w_HI_minus_20,weight,3bb6666f-de2f-4c6f-a28e-c3bddb71b54a,3,4,1,6.891,6.863,-0.02799999999999958,7,False
UA,nuscale_voygr6,w_HI_minus_20,weight,3bd2a957-ff3b-4bfd-9dba-808279edccb9,18,18,0,5.739,5.803,0.06400000000000006,20,False
RO,nuscale_voygr6,w_HI_minus_20,weight,3bef37a3-239e-498d-a160-77452a6a9b79,20,20,0,5.442,5.451,0.008999999999999453,21,False
PL,nuscale_voygr6,w_HI_minus_20,weight,3d2d4c37-eb9d-4b35-a8b1-b3f485bc3e3f,32,33,1,6.146,6.149,0.0030000000000001137,61,False
TR,nuscale_voygr6,w_HI_minus_20,weight,3e5f4317-6f40-44fb-bfa2-e21dc4d9922d,34,36,2,6.618,6.556,-0.06200000000000028,110,False
TR,nuscale_voygr6,w_HI_minus_20,weight,3f1ad930-cffb-4991-badd-773db74b890c,43,41,-2,6.569,6.508,-0.06099999999999994,110,False
PL,nuscale_voygr6,w_HI_minus_20,weight,40650551-0c9c-45ea-bac6-befdb0cb5909,31,31,0,6.19,6.209,0.01899999999999924,61,False
PL,nuscale_voygr6,w_HI_minus_20,weight,409dde58-5df1-44d9-b5ec-f8e2edd86786,35,32,-3,6.12,6.179,0.05900000000000016,61,False
PL,nuscale_voygr6,w_HI_minus_20,weight,40b4334a-7ba4-4ed8-aa8e-3c405599fbd7,45,46,1,5.891,5.898,0.006999999999999673,61,False
PL,nuscale_voygr6,w_HI_minus_20,weight,416aab55-6fd9-4a0a-b8f8-796fb62d86a5,30,29,-1,6.198,6.223,0.024999999999999467,61,False
TR,nuscale_voygr6,w_HI_minus_20,weight,42d5b3fd-7d07-409b-9154-4441695b7901,67,67,0,6.241,6.199,-0.041999999999999815,110,False
CZ,nuscale_voygr6,w_HI_minus_20,weight,43e5b2b4-2ccf-46ab-b01e-e3d480146455,27,27,0,5.551,5.546,-0.004999999999999893,29,False
TR,nuscale_voygr6,w_HI_minus_20,weight,43f99d45-6635-4392-a522-4a06445fdaf2,39,46,7,6.576,6.484,-0.09199999999999964,110,False
PL,nuscale_voygr6,w_HI_minus_20,weight,4411a22e-4e8a-4715-b000-1aae34494b68,8,7,-1,7.088,7.123,0.03500000000000014,61,False
TR,nuscale_voygr6,w_HI_minus_20,weight,44362378-9c74-44af-8a08-be4877f50e97,92,90,-2,5.977,5.975,-0.002000000000000668,110,False
TR,nuscale_voygr6,w_HI_minus_20,weight,44698c12-3c50-4602-8104-dafa5fd215b6,56,56,0,6.435,6.366,-0.06899999999999995,110,False
UA,nuscale_voygr6,w_HI_minus_20,weight,447a9ea1-47fa-48a3-93f2-a77cbd629ac7,10,9,-1,6.304,6.391,0.08699999999999974,20,False
CZ,nuscale_voygr6,w_HI_minus_20,weight,44d40276-5847-41d1-ab9b-887bbdc1bcfe,22,22,0,5.823,5.828,0.004999999999999893,29,False
UA,nuscale_voygr6,w_HI_minus_20,weight,46b96bc3-b190-4045-9c86-eb674e2ea35e,8,7,-1,6.426,6.469,0.04300000000000015,20,False
PL,nuscale_voygr6,w_HI_minus_20,weight,47be3ec4-7abe-4f4c-ac3d-b7f753b8514a,46,44,-2,5.886,5.929,0.04300000000000015,61,False
TR,nuscale_voygr6,w_HI_minus_20,weight,48149515-0774-404d-b273-790b660a8d90,44,44,0,6.555,6.493,-0.06199999999999939,110,False
TR,nuscale_voygr6,w_HI_minus_20,weight,4b11cac9-4fe0-4a2a-9c09-4fe9a0ac6015,24,25,1,6.745,6.69,-0.054999999999999716,110,False
UA,nuscale_voygr6,w_HI_minus_20,weight,4e45df00-0d28-44d0-9697-3fa33d76fc88,11,11,0,6.278,6.305,0.027000000000000135,20,False
CZ,nuscale_voygr6,w_HI_minus_20,weight,4eb7914c-e000-403c-b5a5-c350de67bb83,23,23,0,5.728,5.729,0.001000000000000334,29,False
TR,nuscale_voygr6,w_HI_minus_20,weight,5067ece3-b204-495e-81c1-90a523252547,103,103,0,5.776,5.722,-0.05399999999999938,110,False
TR,nuscale_voygr6,w_HI_minus_20,weight,52028d4f-7796-4463-832e-cff2e439c96a,82,85,3,6.102,6.023,-0.07900000000000063,110,False
RO,nuscale_voygr6,w_HI_minus_20,weight,52a7babe-313f-493b-86b9-bd0c4aece4c3,5,5,0,6.597,6.602,0.004999999999999893,21,False
PL,nuscale_voygr6,w_HI_minus_20,weight,52db4dae-b014-45a4-96c4-49f80c1fdd11,6,6,0,7.125,7.161,0.03599999999999959,61,False
AT,nuscale_voygr6,w_HI_minus_20,weight,532bfb42-0d4c-42cf-a81a-287f2b3a75bf,4,4,0,6.562,6.583,0.020999999999999908,6,False
TR,nuscale_voygr6,w_HI_minus_20,weight,53481b7f-5b85-4bab-be04-4866c2e72c12,108,108,0,5.5,5.492,-0.008000000000000007,110,False
PL,nuscale_voygr6,w_HI_minus_20,weight,558e7bff-5b5d-4666-9ca3-ec02f2269aab,2,2,0,7.314,7.32,0.006000000000000227,61,False
TR,nuscale_voygr6,w_HI_minus_20,weight,55cfe45b-6357-40f9-8623-e9916f91f839,22,21,-1,6.781,6.76,-0.020999999999999908,110,False
TR,nuscale_voygr6,w_HI_minus_20,weight,56b8e2a3-1885-431f-9fd1-4cd3bebfad61,32,30,-2,6.664,6.604,-0.05999999999999961,110,False
TR,nuscale_voygr6,w_HI_minus_20,weight,57c0c830-725f-46ee-9322-0a4a3ad9efda,5,5,0,7.107,7.031,-0.07600000000000051,110,False
TR,nuscale_voygr6,w_HI_minus_20,weight,5a19f424-1a15-44e6-bf1b-c2c5886ac1bf,72,68,-4,6.19,6.196,0.005999999999999339,110,False
RO,nuscale_voygr6,w_HI_minus_20,weight,5a33e5f0-6d86-4eab-adea-6c6bad7f3f45,16,16,0,5.925,5.938,0.0129999999999999,21,False
PL,nuscale_voygr6,w_HI_minus_20,weight,5a57ae0a-6f91-46f4-a1f5-56a6b37596e9,61,61,0,5.458,5.449,-0.009000000000000341,61,False
TR,nuscale_voygr6,w_HI_minus_20,weight,5b6be56c-d981-470c-a979-13a8764a34b8,91,92,1,5.982,5.929,-0.052999999999999936,110,False
RS,nuscale_voygr6,w_HI_minus_20,weight,5d4aee8d-9e73-4987-907a-d092e0ba92ed,5,5,0,6.524,6.546,0.02200000000000024,6,False
HU,nuscale_voygr6,w_HI_minus_20,weight,5de5f907-98e7-42d3-a7dd-cb65f839697b,3,3,0,6.873,6.89,0.01699999999999946,11,False
UA,nuscale_voygr6,w_HI_minus_20,weight,5ed0a674-a292-44bc-997f-5c1990da1235,2,2,0,6.966,6.989,0.022999999999999687,20,False
TR,nuscale_voygr6,w_HI_minus_20,weight,5ed91c1b-0a1b-4a4c-9b2b-f6bdc8ff9770,102,100,-2,5.79,5.779,-0.01100000000000012,110,False
CZ,nuscale_voygr6,w_HI_minus_20,weight,5f4ed23c-cea2-41ef-a3e8-ac863e1bdcd6,15,15,0,6.293,6.302,0.008999999999999453,29,False
TR,nuscale_voygr6,w_HI_minus_20,weight,5fa0dfa9-c272-444e-8e70-80ab55b5d36c,16,14,-2,6.847,6.839,-0.008000000000000007,110,False
CZ,nuscale_voygr6,w_HI_minus_20,weight,60baaa73-dd8c-4865-bb18-6c73d63a4052,10,10,0,6.49,6.519,0.028999999999999915,29,False
CZ,nuscale_voygr6,w_HI_minus_20,weight,63601ccc-3f20-4cbd-95cb-0fbeaf821c6a,11,12,1,6.469,6.426,-0.04300000000000015,29,False
HU,nuscale_voygr6,w_HI_minus_20,weight,651839d3-4e8f-4214-89aa-1f96ea221121,7,7,0,5.981,6.035,0.05400000000000027,11,False
AT,nuscale_voygr6,w_HI_minus_20,weight,660d9d71-6733-4294-951b-1c58614d58cf,2,2,0,7.101,7.08,-0.020999999999999908,6,False
PL,nuscale_voygr6,w_HI_minus_20,weight,66bdc30c-4179-480b-a55a-5d15be5ac66b,21,18,-3,6.636,6.733,0.09699999999999953,61,False
CZ,nuscale_voygr6,w_HI_minus_20,weight,66c3f077-1ee6-41d7-8e6c-da374bb45139,28,28,0,5.551,5.546,-0.004999999999999893,29,False
TR,nuscale_voygr6,w_HI_minus_20,weight,674deb4f-110c-4120-bea0-5f0711da3ea1,12,13,1,6.891,6.842,-0.04900000000000038,110,False
BY,nuscale_voygr6,w_HI_minus_20,weight,68aabff9-e662-4b9f-b37d-4c2ebc5f7539,2,2,0,6.399,6.473,0.07399999999999984,2,True
RO,nuscale_voygr6,w_HI_minus_20,weight,693d9b73-f9fc-4502-9b94-be020c5d21fb,4,3,-1,6.679,6.744,0.0649999999999995,21,False
RO,nuscale_voygr6,w_HI_minus_20,weight,6aed2eac-1c97-40c5-b842-fb15fd510f35,9,9,0,6.149,6.143,-0.006000000000000227,21,False
RO,nuscale_voygr6,w_HI_minus_20,weight,6c428b2a-ad09-448b-b24c-22465929d69c,19,19,0,5.458,5.506,0.04800000000000004,21,False
TR,nuscale_voygr6,w_HI_minus_20,weight,6c9571c4-5d3b-4f88-a7be-fa8c21425eeb,8,8,0,7.031,6.953,-0.0779999999999994,110,False
TR,nuscale_voygr6,w_HI_minus_20,weight,6ddc2960-3d72-4d5f-b358-56d1c54f47e0,57,57,0,6.435,6.366,-0.06899999999999995,110,False
AT,nuscale_voygr6,w_HI_minus_20,weight,6e7fc4d8-636d-411a-baef-e138a5a07acc,5,5,0,6.513,6.535,0.02200000000000024,6,False
BG,nuscale_voygr6,w_HI_minus_20,weight,704ef487-f600-4f23-b06e-a0f81b627597,7,7,0,5.646,5.718,0.07200000000000006,7,False
UA,nuscale_voygr6,w_HI_minus_20,weight,70781f2c-24c2-486c-8b32-310c36ba1238,17,16,-1,5.887,5.939,0.05200000000000049,20,False
UA,nuscale_voygr6,w_HI_minus_20,weight,725406d6-860f-4ca0-9c6a-425675bac381,7,8,1,6.44,6.433,-0.007000000000000561,20,False
TR,nuscale_voygr6,w_HI_minus_20,weight,737b6d06-1d0c-4ae6-9683-ab3fea192b32,86,88,2,6.062,6.002,-0.0600000000000005,110,False
PL,nuscale_voygr6,w_HI_minus_20,weight,73fe8f06-c53b-4877-9c1d-5caf3d8f2749,60,60,0,5.51,5.484,-0.0259999999999998,61,False
TR,nuscale_voygr6,w_HI_minus_20,weight,746fc66e-d31f-4c5d-bf5c-ab5031b04b15,75,77,2,6.145,6.064,-0.08099999999999952,110,False
MK,nuscale_voygr6,w_HI_minus_20,weight,756218bb-3f16-443e-b6c6-400cd0ce2f87,3,3,0,5.294,5.353,0.05900000000000016,3,False
TR,nuscale_voygr6,w_HI_minus_20,weight,76cd9b7f-7613-4fd4-95ab-bf534a2e2f5e,73,74,1,6.176,6.095,-0.0810000000000004,110,False
SK,nuscale_voygr6,w_HI_minus_20,weight,770f1d3c-e5fd-493c-a376-e708d2abec6c,2,2,0,6.864,6.855,-0.008999999999999453,5,False
TR,nuscale_voygr6,w_HI_minus_20,weight,772e2484-419b-47de-9739-924ac371ad10,61,60,-1,6.409,6.36,-0.04899999999999949,110,False
TR,nuscale_voygr6,w_HI_minus_20,weight,778e0750-19f9-426e-a6c7-e0e30645fb97,3,4,1,7.198,7.126,-0.07200000000000006,110,False
TR,nuscale_voygr6,w_HI_minus_20,weight,7a805295-0cd2-48be-972e-5282c996549c,58,58,0,6.435,6.366,-0.06899999999999995,110,False
TR,nuscale_voygr6,w_HI_minus_20,weight,7b4d3f8f-a644-48a3-93f9-cd3c154dc5c2,104,104,0,5.766,5.713,-0.052999999999999936,110,False
TR,nuscale_voygr6,w_HI_minus_20,weight,7cc9cffa-e4e4-4546-902d-c8f4800dbdb2,30,33,3,6.672,6.579,-0.09299999999999997,110,False
PL,nuscale_voygr6,w_HI_minus_20,weight,7fc17ab0-ce24-4830-a938-b8424d1e9368,13,13,0,6.957,6.944,-0.0129999999999999,61,False
BA,nuscale_voygr6,w_HI_minus_20,weight,82011c29-a3d3-4a81-a27b-019d2649a251,1,1,0,5.907,5.932,0.025000000000000355,5,False
RO,nuscale_voygr6,w_HI_minus_20,weight,825dc024-9a53-4237-bf59-cbe0af0cf87d,10,10,0,6.082,6.096,0.014000000000000234,21,False
TR,nuscale_voygr6,w_HI_minus_20,weight,82aac38c-3037-466c-9b37-bff9da707645,40,40,0,6.573,6.509,-0.06400000000000006,110,False
MK,nuscale_voygr6,w_HI_minus_20,weight,83d3abe4-2049-47ad-a66b-46034edb7569,2,2,0,5.827,5.896,0.06899999999999995,3,False
UA,nuscale_voygr6,w_HI_minus_20,weight,83fede8b-5f92-429d-920d-9a8928a74780,4,4,0,6.697,6.661,-0.036000000000000476,20,False
RO,nuscale_voygr6,w_HI_minus_20,weight,8781d874-5923-4795-9c9f-b2a6c709025a,17,17,0,5.811,5.798,-0.0129999999999999,21,False
TR,nuscale_voygr6,w_HI_minus_20,weight,8a5dc384-e272-41ed-9868-a0686ac3fc7e,33,31,-2,6.664,6.604,-0.05999999999999961,110,False
PL,nuscale_voygr6,w_HI_minus_20,weight,8a9d5c87-7edc-49c3-85a2-d97727b9c9b2,24,24,0,6.425,6.429,0.004000000000000448,61,False
TR,nuscale_voygr6,w_HI_minus_20,weight,8b16dc60-1a2b-4b2c-bcad-1c334d246ae3,65,64,-1,6.288,6.251,-0.03699999999999992,110,False
TR,nuscale_voygr6,w_HI_minus_20,weight,8dd46a05-6e0c-4009-90ad-bd5909c25622,90,91,1,5.984,5.937,-0.04699999999999971,110,False
PL,nuscale_voygr6,w_HI_minus_20,weight,8dd8db4c-b62d-4f6b-a2ee-70a9ed785e7a,43,42,-1,5.925,5.957,0.03200000000000003,61,False
PL,nuscale_voygr6,w_HI_minus_20,weight,8e485f8a-5c68-4541-ab1d-77783f6fcb2d,17,17,0,6.762,6.801,0.03900000000000059,61,False
HU,nuscale_voygr6,w_HI_minus_20,weight,903d6b94-cd9d-4c32-b7e2-4bbfbee929df,5,6,1,6.338,6.28,-0.05799999999999983,11,False
AT,nuscale_voygr6,w_HI_minus_20,weight,90820fe3-9889-4faf-9906-7c528f8d7bc5,6,6,0,6.399,6.421,0.02200000000000024,6,False
TR,nuscale_voygr6,w_HI_minus_20,weight,9163ca37-1b31-409d-974f-9e7ed5e5f33d,55,52,-3,6.445,6.411,-0.034000000000000696,110,False
PL,nuscale_voygr6,w_HI_minus_20,weight,917008f5-fba1-4ef7-b82d-9aded2b69267,16,15,-1,6.812,6.842,0.02999999999999936,61,False
TR,nuscale_voygr6,w_HI_minus_20,weight,91f28dbb-16bd-449b-a20a-dc2b70cf2e66,69,71,2,6.206,6.146,-0.0600000000000005,110,False
TR,nuscale_voygr6,w_HI_minus_20,weight,94a5c55f-c499-41b1-81da-deaa36686399,21,19,-2,6.803,6.772,-0.030999999999999694,110,False
UA,nuscale_voygr6,w_HI_minus_20,weight,95872473-c476-4ceb-bcf5-54cfdf415e42,19,19,0,5.574,5.643,0.06899999999999995,20,False
RO,nuscale_voygr6,w_HI_minus_20,weight,958e4d82-853a-41f1-a442-94b4c4314221,2,2,0,7.272,7.258,-0.014000000000000234,21,False
TR,nuscale_voygr6,w_HI_minus_20,weight,96129c93-83a6-4b1c-929b-bfccba86a796,70,70,0,6.204,6.147,-0.056999999999999496,110,False
TR,nuscale_voygr6,w_HI_minus_20,weight,9699244b-14c0-4e27-afd1-105494fccd60,38,32,-6,6.584,6.587,0.0030000000000001137,110,False
CZ,nuscale_voygr6,w_HI_minus_20,weight,97ed917e-acfa-4002-be89-4ec44972ab45,21,21,0,5.85,5.856,0.006000000000000227,29,False
TR,nuscale_voygr6,w_HI_minus_20,weight,98019711-a8c3-424a-870e-00d4fea75ed1,88,89,1,6.036,5.986,-0.04999999999999982,110,False
RO,nuscale_voygr6,w_HI_minus_20,weight,9825e28e-fd6e-460d-9caf-0342563f9060,6,6,0,6.422,6.389,-0.032999999999999474,21,False
RS,nuscale_voygr6,w_HI_minus_20,weight,993ccce2-d5e1-498d-827d-8dbfeb42582b,3,2,-1,6.584,6.605,0.021000000000000796,6,False
HU,nuscale_voygr6,w_HI_minus_20,weight,997474f6-9bfd-4abd-a2ac-d8618db8f0b4,1,1,0,7.568,7.55,-0.017999999999999794,11,False
AT,nuscale_voygr6,w_HI_minus_20,weight,99d712ac-7993-4186-8a0e-2e88bae7e90f,3,3,0,6.646,6.605,-0.04099999999999948,6,False
TR,nuscale_voygr6,w_HI_minus_20,weight,9a6447f2-2887-4cce-a115-dc773d7f6eb1,48,48,0,6.511,6.448,-0.06299999999999972,110,False
CZ,nuscale_voygr6,w_HI_minus_20,weight,9c4291f1-173b-467e-ae26-8cb01312c605,8,8,0,6.66,6.683,0.022999999999999687,29,False
TR,nuscale_voygr6,w_HI_minus_20,weight,9eb693f6-6994-4937-bc4d-e8213baa5d47,29,28,-1,6.702,6.679,-0.022999999999999687,110,False
BG,nuscale_voygr6,w_HI_minus_20,weight,a064c7ae-e699-4a94-a18c-79bdfe42bce3,4,3,-1,6.83,6.873,0.04300000000000015,7,False
PL,nuscale_voygr6,w_HI_minus_20,weight,a19228ce-f25a-4ffd-a249-9d01403e6b81,11,11,0,7.045,7.051,0.006000000000000227,61,False
BA,nuscale_voygr6,w_HI_minus_20,weight,a23d073a-cbbd-469a-b134-380945fd3f4c,4,4,0,5.84,5.854,0.014000000000000234,5,False
SK,nuscale_voygr6,w_HI_minus_20,weight,a2d8261c-3d08-4015-946c-47dbddbd0b98,5,5,0,5.565,5.56,-0.005000000000000782,5,False
TR,nuscale_voygr6,w_HI_minus_20,weight,a4af3789-2c40-41fc-a3ec-3b8d2fc6c645,62,62,0,6.389,6.318,-0.07100000000000062,110,False
RO,nuscale_voygr6,w_HI_minus_20,weight,a4fa3246-27d6-4740-898c-bdf9dadcb88c,13,13,0,6.014,6.045,0.030999999999999694,21,False
PL,nuscale_voygr6,w_HI_minus_20,weight,a55e3643-8ed4-434b-b14f-2d549d09c0d9,20,21,1,6.642,6.624,-0.018000000000000682,61,False
TR,nuscale_voygr6,w_HI_minus_20,weight,a6478cb9-5b8c-4d64-bbe6-3d3ed6a3da2c,7,7,0,7.061,6.984,-0.07699999999999996,110,False
PL,nuscale_voygr6,w_HI_minus_20,weight,a67255dd-8134-418e-9377-e28516c53722,27,26,-1,6.361,6.385,0.02400000000000002,61,False
PL,nuscale_voygr6,w_HI_minus_20,weight,a6b51b4f-ba1d-49cd-bc99-8898acdbeb78,29,30,1,6.211,6.217,0.005999999999999339,61,False
CZ,nuscale_voygr6,w_HI_minus_20,weight,a6bf9980-016e-47ea-b40a-82e384a9eb43,26,26,0,5.578,5.574,-0.004000000000000448,29,False
CZ,nuscale_voygr6,w_HI_minus_20,weight,a733fc13-11a4-4722-b62d-85c85a4f8ef3,12,11,-1,6.419,6.434,0.015000000000000568,29,False
PL,nuscale_voygr6,w_HI_minus_20,weight,a7eeee6e-e14a-40ba-80b6-75ed2e170b20,42,43,1,5.951,5.946,-0.004999999999999893,61,False
PL,nuscale_voygr6,w_HI_minus_20,weight,a91dfe3d-93e0-43a1-99d2-41abdd1fc2ce,58,58,0,5.591,5.607,0.016000000000000014,61,False
TR,nuscale_voygr6,w_HI_minus_20,weight,a96dc545-41a9-4b0d-a7a3-f40ef711e5e3,45,45,0,6.555,6.493,-0.06199999999999939,110,False
BA,nuscale_voygr6,w_HI_minus_20,weight,aa0bdb5e-45aa-4d15-8aee-cb5b0e14f5d9,3,3,0,5.901,5.904,0.0030000000000001137,5,False
TR,nuscale_voygr6,w_HI_minus_20,weight,aa336cdc-f6fe-4b08-b46d-69e852c501bf,41,38,-3,6.573,6.528,-0.04500000000000082,110,False
CZ,nuscale_voygr6,w_HI_minus_20,weight,aa38441d-aec7-4ae9-b4c3-68c5bf567db3,19,19,0,6.122,6.138,0.016000000000000014,29,False
HR,nuscale_voygr6,w_HI_minus_20,weight,ab151830-e5bd-46de-8400-01aa4c165366,1,1,0,6.433,6.399,-0.03399999999999981,1,True
PL,nuscale_voygr6,w_HI_minus_20,weight,ab57f5c3-8699-46f9-970f-3007dfc58af4,23,23,0,6.463,6.491,0.02799999999999958,61,False
TR,nuscale_voygr6,w_HI_minus_20,weight,ad0c8590-c672-43f2-a813-1217a10f7d2d,1,1,0,7.473,7.409,-0.06400000000000006,110,False
PL,nuscale_voygr6,w_HI_minus_20,weight,ad7a9c00-0c75-411f-8f89-859e603df1e6,54,54,0,5.695,5.695,0.0,61,False
TR,nuscale_voygr6,w_HI_minus_20,weight,adeb10a5-aaae-4e2c-b426-3db1c3d9bd5b,71,73,2,6.191,6.111,-0.08000000000000007,110,False
RO,nuscale_voygr6,w_HI_minus_20,weight,aff5ffe6-fe7a-4de7-afad-9d4645a64cd9,8,8,0,6.201,6.188,-0.0129999999999999,21,False
BG,nuscale_voygr6,w_HI_minus_20,weight,b01fe781-dbc7-40f8-a544-946288020042,2,2,0,7.01,7.039,0.028999999999999915,7,False
CZ,nuscale_voygr6,w_HI_minus_20,weight,b0ba194f-3c80-4725-b1e7-fa5277b38833,6,6,0,6.748,6.787,0.0389999999999997,29,False
PL,nuscale_voygr6,w_HI_minus_20,weight,b24c9876-5a4d-4b83-b442-af2f4b0d1047,50,50,0,5.744,5.748,0.004000000000000448,61,False
PL,nuscale_voygr6,w_HI_minus_20,weight,b24f9ac5-5ddf-4b19-ba95-76dafeca3d2c,5,5,0,7.192,7.191,-0.001000000000000334,61,False
MD,nuscale_voygr6,w_HI_minus_20,weight,b3eb5dd2-98cf-40c4-b9ee-2a86fd066093,1,1,0,6.456,6.539,0.0829999999999993,1,True
TR,nuscale_voygr6,w_HI_minus_20,weight,b588126a-42d6-49dc-b227-9283af5a2578,25,26,1,6.745,6.69,-0.054999999999999716,110,False
TR,nuscale_voygr6,w_HI_minus_20,weight,b5a75ec8-a2fe-42ad-b33e-ea32e20ebdfb,51,53,2,6.467,6.402,-0.0649999999999995,110,False
TR,nuscale_voygr6,w_HI_minus_20,weight,b5ff798e-e059-4d8b-a903-00a1fefc62ab,26,27,1,6.745,6.69,-0.054999999999999716,110,False
PL,nuscale_voygr6,w_HI_minus_20,weight,b789a244-7d29-4be3-afe4-2f45d7f11eab,52,55,3,5.718,5.682,-0.03599999999999959,61,False
TR,nuscale_voygr6,w_HI_minus_20,weight,b8875ff2-9e9d-4520-8879-c71468e9cc50,60,61,1,6.413,6.343,-0.07000000000000028,110,False
PL,nuscale_voygr6,w_HI_minus_20,weight,b8a00967-90a3-4a4e-9979-6b8651d87380,33,35,2,6.146,6.111,-0.03500000000000014,61,False
PL,nuscale_voygr6,w_HI_minus_20,weight,b8bc6544-1571-4906-95e0-314d62c78a24,10,9,-1,7.055,7.08,0.025000000000000355,61,False
TR,nuscale_voygr6,w_HI_minus_20,weight,bac4a081-83dc-4aba-8076-b67bfc55f54c,106,106,0,5.617,5.571,-0.04600000000000026,110,False
TR,nuscale_voygr6,w_HI_minus_20,weight,bfadbe66-971d-4f64-b222-604a7ee6ac6b,28,29,1,6.715,6.66,-0.054999999999999716,110,False
RO,nuscale_voygr6,w_HI_minus_20,weight,c3790475-3d3b-4e2b-92ae-24503fe03e6b,7,7,0,6.237,6.301,0.06400000000000006,21,False
PL,nuscale_voygr6,w_HI_minus_20,weight,c39819ef-6798-4c01-9a82-9eead65b5f56,26,25,-1,6.381,6.406,0.024999999999999467,61,False
PL,nuscale_voygr6,w_HI_minus_20,weight,c42c5942-264d-43a1-a9eb-95b00480eb1a,49,51,2,5.756,5.742,-0.014000000000000234,61,False
UA,nuscale_voygr6,w_HI_minus_20,weight,c47eb6a3-49c1-4879-95b6-9bcd53b7af04,5,5,0,6.617,6.614,-0.0030000000000001137,20,False
PL,nuscale_voygr6,w_HI_minus_20,weight,c4d7f628-c108-4496-ac02-6076ea3ae448,38,37,-1,6.068,6.065,-0.0029999999999992255,61,False
TR,nuscale_voygr6,w_HI_minus_20,weight,c657c5c3-38a2-472d-8962-9e7cefcd2c1e,10,16,6,6.908,6.827,-0.0810000000000004,110,False
TR,nuscale_voygr6,w_HI_minus_20,weight,c6b846cb-3a01-4e17-9d51-da4b58fd1827,101,99,-2,5.794,5.784,-0.009999999999999787,110,False
TR,nuscale_voygr6,w_HI_minus_20,weight,c7afd455-7beb-4d23-8d3b-e9a102782d2b,107,107,0,5.558,5.553,-0.004999999999999893,110,False
TR,nuscale_voygr6,w_HI_minus_20,weight,c8e1cc12-080a-4e01-925d-8fd6e4334856,97,96,-1,5.863,5.825,-0.038000000000000256,110,False
RS,nuscale_voygr6,w_HI_minus_20,weight,c8f15aca-174b-4be6-a6d9-abfa4685d10d,4,3,-1,6.562,6.596,0.03399999999999981,6,False
SK,nuscale_voygr6,w_HI_minus_20,weight,c97125b3-20ed-4e21-a853-b928644ec7dd,1,1,0,7.02,7.069,0.04900000000000038,5,False
TR,nuscale_voygr6,w_HI_minus_20,weight,c9c85786-eb26-4e7b-b280-83a54b7e834f,47,47,0,6.527,6.461,-0.06599999999999984,110,False
TR,nuscale_voygr6,w_HI_minus_20,weight,ca423571-d2ab-44d4-b5ce-3e649d9cc776,74,72,-2,6.175,6.117,-0.05799999999999983,110,False
TR,nuscale_voygr6,w_HI_minus_20,weight,cb08e7b6-0af3-45d9-95c3-3832e7e2677c,13,10,-3,6.878,6.893,0.01499999999999968,110,False
TR,nuscale_voygr6,w_HI_minus_20,weight,cb825b0f-e315-4221-b194-43d5b472382d,83,75,-8,6.088,6.09,0.0019999999999997797,110,False
CZ,nuscale_voygr6,w_HI_minus_20,weight,cbd67443-4a4e-44fd-a9ed-20ba9574c99e,29,29,0,5.551,5.546,-0.004999999999999893,29,False
TR,nuscale_voygr6,w_HI_minus_20,weight,cc635340-954c-4428-9fa1-14383c7faceb,49,50,1,6.496,6.429,-0.06700000000000017,110,False
PL,nuscale_voygr6,w_HI_minus_20,weight,ccc15bde-1c5a-40bf-8f09-2fcb1e896ce5,53,52,-1,5.718,5.72,0.0019999999999997797,61,False
PL,nuscale_voygr6,w_HI_minus_20,weight,cd84938d-eea8-47a1-8ea6-2e9f943e5914,3,3,0,7.231,7.275,0.04400000000000048,61,False
UA,nuscale_voygr6,w_HI_minus_20,weight,cdb6adfb-52ff-4631-939a-001080b20450,6,6,0,6.461,6.501,0.040000000000000036,20,False
PL,nuscale_voygr6,w_HI_minus_20,weight,cdc888ad-fd51-4710-a5ab-3cd0fe9ddb48,15,16,1,6.838,6.834,-0.004000000000000448,61,False
TR,nuscale_voygr6,w_HI_minus_20,weight,ce39538c-997e-4a7d-bc32-f164f50f9aa0,79,84,5,6.115,6.032,-0.08300000000000018,110,False
UA,nuscale_voygr6,w_HI_minus_20,weight,cec871bd-c7f6-4444-b0da-9b3a9ecc6963,3,3,0,6.73,6.75,0.019999999999999574,20,False
TR,nuscale_voygr6,w_HI_minus_20,weight,cf9150af-0325-44d8-bbaf-493e742f2e2b,50,49,-1,6.474,6.442,-0.03200000000000003,110,False
TR,nuscale_voygr6,w_HI_minus_20,weight,d020ac37-4f23-41b1-8f1e-b425b5769424,53,55,2,6.456,6.385,-0.07100000000000062,110,False
TR,nuscale_voygr6,w_HI_minus_20,weight,d12e7ffc-4cd3-4ff4-81da-ae360d59409b,85,76,-9,6.066,6.08,0.014000000000000234,110,False
TR,nuscale_voygr6,w_HI_minus_20,weight,d1863136-5ff4-4b4d-a9c0-6219e92d637d,6,6,0,7.107,7.031,-0.07600000000000051,110,False
TR,nuscale_voygr6,w_HI_minus_20,weight,d21335d4-0a3d-4464-85e0-352745a38db4,59,59,0,6.435,6.366,-0.06899999999999995,110,False
RS,nuscale_voygr6,w_HI_minus_20,weight,d30af109-79cb-4ab5-a878-6f574b58116a,2,4,2,6.613,6.554,-0.05900000000000016,6,False
PL,nuscale_voygr6,w_HI_minus_20,weight,d3b5a049-6bff-400b-9312-96985f03acea,59,59,0,5.539,5.515,-0.02400000000000002,61,False
UA,nuscale_voygr6,w_HI_minus_20,weight,d3b9e403-7744-44c5-b5c3-999c4c1911d8,20,20,0,5.252,5.33,0.07800000000000029,20,False
TR,nuscale_voygr6,w_HI_minus_20,weight,d3f986d9-a023-4d43-a0fb-03361f310873,14,12,-2,6.878,6.846,-0.03200000000000003,110,False
TR,nuscale_voygr6,w_HI_minus_20,weight,d48d2f39-d58f-4299-9b2f-56d194d2d13b,87,81,-6,6.061,6.054,-0.006999999999999673,110,False
RO,nuscale_voygr6,w_HI_minus_20,weight,d498ded8-449c-4672-8bb9-0ed6c8fef775,12,12,0,6.027,6.054,0.027000000000000135,21,False
TR,nuscale_voygr6,w_HI_minus_20,weight,d5151598-5a1a-4697-8147-592845ffef6c,94,93,-1,5.917,5.911,-0.006000000000000227,110,False
PL,nuscale_voygr6,w_HI_minus_20,weight,d60b377c-9bb4-4fd5-adb7-a9a9ba98ae76,36,34,-2,6.107,6.128,0.020999999999999908,61,False
TR,nuscale_voygr6,w_HI_minus_20,weight,d6cb5642-d5ec-4a15-bc6b-8be4cb0a382e,17,15,-2,6.847,6.839,-0.008000000000000007,110,False
CZ,nuscale_voygr6,w_HI_minus_20,weight,d762ceeb-514f-43a6-9f91-a2d422ed6c60,2,2,0,7.014,7.049,0.03500000000000014,29,False
RO,nuscale_voygr6,w_HI_minus_20,weight,dac2a974-a2de-46c5-b581-03985a9ae7d0,11,11,0,6.054,6.087,0.032999999999999474,21,False
PL,nuscale_voygr6,w_HI_minus_20,weight,dadadad9-b67e-44b8-a9ab-4cbf116da20b,4,4,0,7.224,7.275,0.051000000000000156,61,False
TR,nuscale_voygr6,w_HI_minus_20,weight,db87ce6a-3802-44c5-945f-8a95d3cf111b,81,79,-2,6.109,6.062,-0.04699999999999971,110,False
PL,nuscale_voygr6,w_HI_minus_20,weight,dc87cdf1-9936-4a59-a5e9-b5e360173490,39,40,1,6.042,6.041,-0.0009999999999994458,61,False
TR,nuscale_voygr6,w_HI_minus_20,weight,dd413ee8-a6f2-4e7c-8e6c-6d0ed8637d83,19,22,3,6.817,6.732,-0.08499999999999996,110,False
TR,nuscale_voygr6,w_HI_minus_20,weight,ddc8bb9c-bf77-4075-b38c-600fb072acf8,11,17,6,6.902,6.826,-0.07600000000000051,110,False
PL,nuscale_voygr6,w_HI_minus_20,weight,de6735bd-7a79-43c8-baad-1fe23d50d6f0,22,22,0,6.536,6.518,-0.017999999999999794,61,False
TR,nuscale_voygr6,w_HI_minus_20,weight,e03c394f-1c08-4101-b1fe-f6662fe4b424,15,11,-4,6.861,6.851,-0.009999999999999787,110,False
RO,nuscale_voygr6,w_HI_minus_20,weight,e073b3f8-4312-4d34-b322-6289a3121af1,14,14,0,6.014,6.025,0.01100000000000012,21,False
TR,nuscale_voygr6,w_HI_minus_20,weight,e10aae79-05b7-4ad9-9d69-60ce190b4444,42,39,-3,6.573,6.528,-0.04500000000000082,110,False
HU,nuscale_voygr6,w_HI_minus_20,weight,e1649639-2e45-4226-9c7a-783d2dcb6724,10,10,0,5.344,5.33,-0.014000000000000234,11,False
CZ,nuscale_voygr6,w_HI_minus_20,weight,e299922a-1670-4aff-acda-fd80600af9af,7,7,0,6.721,6.759,0.038000000000000256,29,False
PL,nuscale_voygr6,w_HI_minus_20,weight,e2c23866-db1e-4316-82b5-7e3fe50c3c09,47,47,0,5.848,5.877,0.028999999999999915,61,False
RO,nuscale_voygr6,w_HI_minus_20,weight,e43af28e-a3d3-4047-a9cf-f3b0990754b4,18,18,0,5.759,5.761,0.0019999999999997797,21,False
UA,nuscale_voygr6,w_HI_minus_20,weight,e4c6a713-99e6-4fdf-afaa-d456779c504c,16,17,1,5.913,5.931,0.017999999999999794,20,False
PL,nuscale_voygr6,w_HI_minus_20,weight,e4e3b5f0-7038-47a5-84e3-04eb07b3c4d7,14,14,0,6.925,6.911,-0.014000000000000234,61,False
TR,nuscale_voygr6,w_HI_minus_20,weight,e71ec827-7143-48dd-8c8a-8e81705fa971,52,54,2,6.467,6.402,-0.0649999999999995,110,False
BA,nuscale_voygr6,w_HI_minus_20,weight,e75c63e5-ef2f-4e08-8f8c-3da41215af9d,2,2,0,5.907,5.909,0.0019999999999997797,5,False
TR,nuscale_voygr6,w_HI_minus_20,weight,e780e4ac-0506-4186-9b58-0f378f878345,9,9,0,6.969,6.944,-0.025000000000000355,110,False
TR,nuscale_voygr6,w_HI_minus_20,weight,e894ba3e-e397-47c9-b0b9-a72cfb6bd680,95,95,0,5.876,5.883,0.006999999999999673,110,False
TR,nuscale_voygr6,w_HI_minus_20,weight,e8b6e342-2011-4343-b415-a8bf08501499,99,102,3,5.809,5.733,-0.07600000000000051,110,False
PL,nuscale_voygr6,w_HI_minus_20,weight,e9a1ae49-ff79-462c-af4e-7c6843221d36,55,53,-2,5.645,5.719,0.07400000000000073,61,False
TR,nuscale_voygr6,w_HI_minus_20,weight,e9bc02be-cf10-4b27-9b8a-0d4a954720e4,36,34,-2,6.606,6.578,-0.02799999999999958,110,False
PL,nuscale_voygr6,w_HI_minus_20,weight,ebc0f461-acfa-47da-8094-5b15ea3e25a0,19,20,1,6.662,6.676,0.014000000000000234,61,False
PL,nuscale_voygr6,w_HI_minus_20,weight,ee332928-87b2-4e7b-9203-20e402bc551f,12,12,0,6.99,7.031,0.04099999999999948,61,False
PL,nuscale_voygr6,w_HI_minus_20,weight,ef2ee2ae-e73e-490c-aa07-746543fe20e6,40,39,-1,6.029,6.046,0.017000000000000348,61,False
HU,nuscale_voygr6,w_HI_minus_20,weight,ef325d90-6d2d-4f8f-89f2-3bc98beb149b,8,8,0,5.812,5.859,0.04699999999999971,11,False
CZ,nuscale_voygr6,w_HI_minus_20,weight,f1d2bca1-a7a9-4404-84c1-34fc8a59dab7,25,25,0,5.619,5.616,-0.0030000000000001137,29,False
HU,nuscale_voygr6,w_HI_minus_20,weight,f2b3a729-602a-4b6b-acc9-004244f2e556,9,9,0,5.373,5.368,-0.004999999999999893,11,False
UA,nuscale_voygr6,w_HI_minus_20,weight,f2c061de-66ad-4fce-b911-7f1899f25b75,12,12,0,6.278,6.305,0.027000000000000135,20,False
TR,nuscale_voygr6,w_HI_minus_20,weight,f2e65fcf-afc4-4443-ac14-f15c8ffe48f3,20,23,3,6.817,6.732,-0.08499999999999996,110,False
CZ,nuscale_voygr6,w_HI_minus_20,weight,f3523341-daaa-4573-a856-becb2e1bb9e3,4,4,0,6.939,6.984,0.04499999999999993,29,False
PL,nuscale_voygr6,w_HI_minus_20,weight,f5be4e73-938d-4fe2-b585-5090ec780670,28,28,0,6.36,6.361,0.0009999999999994458,61,False
HU,nuscale_voygr6,w_HI_minus_20,weight,f7dcdb63-26e6-44cd-b440-ec14fe507d90,2,2,0,7.042,7.085,0.04300000000000015,11,False
PL,nuscale_voygr6,w_HI_minus_20,weight,f8f9f43d-6a3b-445d-818e-ca82a90ace65,51,49,-2,5.74,5.784,0.043999999999999595,61,False
TR,nuscale_voygr6,w_HI_minus_20,weight,f92bc907-9b9b-4d21-92fd-1705bd71128c,89,86,-3,6.036,6.008,-0.02799999999999958,110,False
TR,nuscale_voygr6,w_HI_minus_20,weight,fa6b7ac3-c1bf-478f-8d0a-1f357ea480cf,100,101,1,5.808,5.755,-0.052999999999999936,110,False
BY,nuscale_voygr6,w_HI_minus_20,weight,fac3d0b5-36a5-48ae-8494-f2f08e4342f4,1,1,0,6.786,6.822,0.036000000000000476,2,True
UA,nuscale_voygr6,w_HI_minus_20,weight,fb7d4d9a-3f27-4b50-9941-6a8fccd25e9a,9,10,1,6.335,6.361,0.0259999999999998,20,False
TR,nuscale_voygr6,w_HI_minus_20,weight,fc307877-758b-4dbf-afbe-abfc4a778155,35,37,2,6.613,6.554,-0.05900000000000016,110,False
TR,nuscale_voygr6,w_HI_minus_20,weight,fecb62d9-6fb8-4f8d-83e3-78a7c75adb6e,64,65,1,6.321,6.25,-0.07099999999999973,110,False
TR,nuscale_voygr6,w_HI_plus_20,weight,0049a899-af5f-41cd-86ae-2ba729b6365f,93,92,-1,5.942,5.985,0.04300000000000015,110,False
RS,nuscale_voygr6,w_HI_plus_20,weight,0182ec25-0df9-4e4b-9861-d76a332bc282,1,1,0,6.715,6.767,0.05200000000000049,6,False
UA,nuscale_voygr6,w_HI_plus_20,weight,02253fcc-4fc6-42d4-a6a8-42365487302f,13,13,0,6.148,6.069,-0.07899999999999974,20,False
TR,nuscale_voygr6,w_HI_plus_20,weight,0248611c-b745-404f-ad50-c2870882c7a1,18,16,-2,6.832,6.879,0.04699999999999971,110,False
UA,nuscale_voygr6,w_HI_plus_20,weight,038d42e9-769b-4b22-9513-dccff48b42cd,15,16,1,5.93,5.841,-0.08899999999999952,20,False
HU,nuscale_voygr6,w_HI_plus_20,weight,059b3ad4-7196-4e6b-b169-8605ceeed841,4,4,0,6.601,6.579,-0.02200000000000024,11,False
CZ,nuscale_voygr6,w_HI_plus_20,weight,05daa6b2-bb29-4c26-a459-855626673955,13,13,0,6.34,6.318,-0.02200000000000024,29,False
PL,nuscale_voygr6,w_HI_plus_20,weight,06641fea-8997-4b69-a618-6afa34b82591,44,43,-1,5.912,5.919,0.006999999999999673,61,False
SK,nuscale_voygr6,w_HI_plus_20,weight,06defca3-9105-437f-afd4-52f5603d9b8e,4,4,0,6.272,6.252,-0.020000000000000462,5,False
TR,nuscale_voygr6,w_HI_plus_20,weight,0947a4c8-4fc1-492f-9c66-2c9a993c7fb0,54,58,4,6.445,6.477,0.03200000000000003,110,False
CZ,nuscale_voygr6,w_HI_plus_20,weight,0ae8917b-a70b-41e5-82de-e4963a7686e3,16,16,0,6.265,6.258,-0.006999999999999673,29,False
PL,nuscale_voygr6,w_HI_plus_20,weight,0b187a1d-55de-47cf-96a3-06abc8ff2476,18,19,1,6.662,6.649,-0.0129999999999999,61,False
TR,nuscale_voygr6,w_HI_plus_20,weight,0ca4ff78-4113-4ad9-ac04-0fd541d42338,78,78,0,6.123,6.184,0.06099999999999994,110,False
TR,nuscale_voygr6,w_HI_plus_20,weight,0fec985c-c66e-40af-a123-a9ba4db269bb,63,63,0,6.35,6.415,0.06500000000000039,110,False
TR,nuscale_voygr6,w_HI_plus_20,weight,1289753b-43db-4058-8fe1-6e38b5fb01b5,27,28,1,6.726,6.754,0.02799999999999958,110,False
TR,nuscale_voygr6,w_HI_plus_20,weight,142cad75-648a-495d-8c10-792351e72126,4,6,2,7.153,7.172,0.019000000000000128,110,False
CZ,nuscale_voygr6,w_HI_plus_20,weight,14e88076-ce0e-4693-bca4-e80f3f013c7f,18,18,0,6.259,6.239,-0.020000000000000462,29,False
TR,nuscale_voygr6,w_HI_plus_20,weight,1624a526-07d8-44a4-8ed7-3b035b748f03,105,106,1,5.653,5.654,0.001000000000000334,110,False
TR,nuscale_voygr6,w_HI_plus_20,weight,166f5fcc-1cc4-4cf5-9e52-59e7ce1557c6,23,29,6,6.759,6.752,-0.007000000000000561,110,False
SK,nuscale_voygr6,w_HI_plus_20,weight,1719d38b-61e8-4b01-844b-3a2f85c8a186,3,3,0,6.503,6.476,-0.027000000000000135,5,False
MK,nuscale_voygr6,w_HI_plus_20,weight,1739b1b7-a6f3-466c-9dfa-3d1de9d5b6db,1,1,0,6.391,6.332,-0.05900000000000016,3,False
TR,nuscale_voygr6,w_HI_plus_20,weight,17568f0f-91fd-4efe-b4df-2c7cc5d80b7d,110,110,0,5.073,5.096,0.022999999999999687,110,False
CZ,nuscale_voygr6,w_HI_plus_20,weight,180880c2-7284-4723-b02a-a62348b9b40b,9,9,0,6.633,6.612,-0.020999999999999908,29,False
TR,nuscale_voygr6,w_HI_plus_20,weight,1820429d-bd95-4e56-a6db-d9bb57e2ae07,96,95,-1,5.865,5.918,0.052999999999999936,110,False
PL,nuscale_voygr6,w_HI_plus_20,weight,187b4fd7-6a61-4e94-8ed4-495ac6dfc317,25,23,-2,6.419,6.457,0.038000000000000256,61,False
RO,nuscale_voygr6,w_HI_plus_20,weight,18ecb024-ee4f-4045-8254-5e95d61dea8c,15,15,0,5.958,5.974,0.016000000000000014,21,False
LV,nuscale_voygr6,w_HI_plus_20,weight,1a5b8f8f-f4be-4514-8738-755d25e19b41,1,1,0,6.728,6.698,-0.02999999999999936,1,True
CZ,nuscale_voygr6,w_HI_plus_20,weight,1c059a42-608c-4753-8fcf-ba797d94f900,24,24,0,5.68,5.681,0.001000000000000334,29,False
TR,nuscale_voygr6,w_HI_plus_20,weight,1ce7624e-1d72-4293-8ff4-09096b56ddd2,109,109,0,5.401,5.425,0.02400000000000002,110,False
PL,nuscale_voygr6,w_HI_plus_20,weight,1d19dce6-c458-4656-901d-6a8d3c548761,9,8,-1,7.075,7.08,0.004999999999999893,61,False
RO,nuscale_voygr6,w_HI_plus_20,weight,1d8be6d0-f3a5-4b32-9d46-3526289731f8,21,21,0,5.375,5.351,-0.02400000000000002,21,False
TR,nuscale_voygr6,w_HI_plus_20,weight,1f305180-6bbf-4758-9a98-78bc9e96e195,46,49,3,6.528,6.555,0.027000000000000135,110,False
PL,nuscale_voygr6,w_HI_plus_20,weight,202d797d-b0f9-4cd0-bbac-d7bb06805c09,37,35,-2,6.071,6.089,0.018000000000000682,61,False
CZ,nuscale_voygr6,w_HI_plus_20,weight,20bce4f5-ca0b-4145-87e5-0a0694343f31,17,17,0,6.263,6.255,-0.008000000000000007,29,False
CZ,nuscale_voygr6,w_HI_plus_20,weight,20c9d02d-e9e8-40b3-a11e-7a2e01018d8c,14,14,0,6.34,6.318,-0.02200000000000024,29,False
TR,nuscale_voygr6,w_HI_plus_20,weight,21ccc44f-3244-4e7f-9654-eae424288200,76,75,-1,6.13,6.206,0.07600000000000051,110,False
TR,nuscale_voygr6,w_HI_plus_20,weight,231565d3-4f56-43ee-a357-1f4451c6fbc3,37,35,-2,6.588,6.674,0.0860000000000003,110,False
TR,nuscale_voygr6,w_HI_plus_20,weight,2350bab4-9869-43f1-b62f-a4d5aea77ef5,77,76,-1,6.13,6.206,0.07600000000000051,110,False
PL,nuscale_voygr6,w_HI_plus_20,weight,239ea0eb-a9c4-43cc-ac5f-35271bdc6613,7,6,-1,7.102,7.109,0.006999999999999673,61,False
CZ,nuscale_voygr6,w_HI_plus_20,weight,274ec928-e527-44cf-86c5-b6eddc09d0f7,20,20,0,5.918,5.911,-0.007000000000000561,29,False
PL,nuscale_voygr6,w_HI_plus_20,weight,27fc89b3-ee57-44ac-8073-a700bc8d12e8,41,41,0,6.003,5.989,-0.014000000000000234,61,False
CZ,nuscale_voygr6,w_HI_plus_20,weight,287cbb48-bb08-40dd-82c5-cfe1530dfbb9,1,1,0,7.075,7.028,-0.0470000000000006,29,False
HU,nuscale_voygr6,w_HI_plus_20,weight,28b36531-865d-42ae-afb3-b8bad86f7014,6,6,0,6.305,6.242,-0.06299999999999972,11,False
PL,nuscale_voygr6,w_HI_plus_20,weight,29479c3f-8db8-4f62-90e8-59ad6739f90b,34,33,-1,6.12,6.153,0.032999999999999474,61,False
RS,nuscale_voygr6,w_HI_plus_20,weight,296282b1-d079-4c1e-b2df-12c25128b963,6,6,0,6.259,6.297,0.03799999999999937,6,False
PL,nuscale_voygr6,w_HI_plus_20,weight,2981a12d-3444-4301-96ba-a63ef50bec3e,1,1,0,7.516,7.483,-0.03300000000000036,61,False
RO,nuscale_voygr6,w_HI_plus_20,weight,29836b52-a882-4921-95a7-6417e636d9a2,3,3,0,6.76,6.797,0.03699999999999992,21,False
PL,nuscale_voygr6,w_HI_plus_20,weight,29a58981-aaf7-4450-ad41-49dd6d786168,48,49,1,5.782,5.76,-0.02200000000000024,61,False
UA,nuscale_voygr6,w_HI_plus_20,weight,29b3a802-7ef1-4722-ad59-b1511b1b0075,1,1,0,7.046,7.077,0.030999999999999694,20,False
TR,nuscale_voygr6,w_HI_plus_20,weight,2a3aad60-2bff-4206-8275-f6e2029f9278,66,65,-1,6.252,6.348,0.09600000000000009,110,False
TR,nuscale_voygr6,w_HI_plus_20,weight,2b6a65d3-efb0-44d8-b88b-9aad311f4ac4,31,30,-1,6.664,6.748,0.08400000000000052,110,False
PL,nuscale_voygr6,w_HI_plus_20,weight,2da9dab9-7b4e-46e7-b1c8-70eeb329c177,56,55,-1,5.614,5.615,0.001000000000000334,61,False
AT,nuscale_voygr6,w_HI_plus_20,weight,2dcd2c6d-f375-4408-9492-7910662fac03,1,1,0,7.333,7.332,-0.001000000000000334,6,False
TR,nuscale_voygr6,w_HI_plus_20,weight,2ec95392-978d-4a43-85b9-af3282c212ba,2,2,0,7.305,7.37,0.06500000000000039,110,False
TR,nuscale_voygr6,w_HI_plus_20,weight,2ed9363f-a9fe-46e5-8b92-c50b47a9077a,68,72,4,6.237,6.247,0.009999999999999787,110,False
BG,nuscale_voygr6,w_HI_plus_20,weight,2fb27566-cc7b-4530-8ff9-e55e3a1985bd,5,5,0,6.504,6.475,-0.028999999999999915,7,False
CZ,nuscale_voygr6,w_HI_plus_20,weight,2fe0a0b3-4108-427e-8e54-f77e1ea7227c,3,3,0,6.939,6.896,-0.04300000000000015,29,False
BG,nuscale_voygr6,w_HI_plus_20,weight,30c9e377-b575-46fa-880f-922c46e6500a,1,1,0,7.102,7.109,0.006999999999999673,7,False
CZ,nuscale_voygr6,w_HI_plus_20,weight,32484f7b-18a4-4b21-8e6a-6d68ae099d02,5,5,0,6.85,6.823,-0.026999999999999247,29,False
BG,nuscale_voygr6,w_HI_plus_20,weight,33a015dd-51e0-497e-b0d3-4b1b3f070438,6,6,0,5.792,5.773,-0.019000000000000128,7,False
BA,nuscale_voygr6,w_HI_plus_20,weight,344e0e9a-558e-4749-bb66-cd746be50cbd,5,5,0,5.556,5.514,-0.041999999999999815,5,False
RO,nuscale_voygr6,w_HI_plus_20,weight,345fb795-170a-4fb5-833c-f6bcf2eb450c,1,1,0,7.633,7.622,-0.01100000000000012,21,False
HU,nuscale_voygr6,w_HI_plus_20,weight,34d88ce8-d49c-4b19-af2d-6efcb1b72149,11,11,0,5.308,5.334,0.0259999999999998,11,False
UA,nuscale_voygr6,w_HI_plus_20,weight,3657989a-61ae-4fe3-9e8b-6ba7e68f8c59,14,14,0,6.017,5.95,-0.06700000000000017,20,False
ME,nuscale_voygr6,w_HI_plus_20,weight,3795824b-cb76-48dd-a65c-764c757ddc76,1,1,0,5.242,5.239,-0.0030000000000001137,1,True
TR,nuscale_voygr6,w_HI_plus_20,weight,381221dd-76da-4adf-9b19-5da9f0779c22,80,81,1,6.109,6.153,0.043999999999999595,110,False
TR,nuscale_voygr6,w_HI_plus_20,weight,3819acc8-761d-49ba-89e7-967d3d37ec0e,98,96,-2,5.851,5.907,0.05600000000000005,110,False
PL,nuscale_voygr6,w_HI_plus_20,weight,399668d6-bfed-4e5b-bf38-9ee5902101c3,57,59,2,5.597,5.552,-0.04500000000000082,61,False
TR,nuscale_voygr6,w_HI_plus_20,weight,3a06636d-c742-4b72-b9cd-21a4537c331b,84,83,-1,6.073,6.133,0.05999999999999961,110,False
BG,nuscale_voygr6,w_HI_plus_20,weight,3bb6666f-de2f-4c6f-a28e-c3bddb71b54a,3,3,0,6.891,6.917,0.0259999999999998,7,False
UA,nuscale_voygr6,w_HI_plus_20,weight,3bd2a957-ff3b-4bfd-9dba-808279edccb9,18,18,0,5.739,5.678,-0.06099999999999994,20,False
RO,nuscale_voygr6,w_HI_plus_20,weight,3bef37a3-239e-498d-a160-77452a6a9b79,20,19,-1,5.442,5.433,-0.009000000000000341,21,False
PL,nuscale_voygr6,w_HI_plus_20,weight,3d2d4c37-eb9d-4b35-a8b1-b3f485bc3e3f,32,34,2,6.146,6.143,-0.0030000000000001137,61,False
TR,nuscale_voygr6,w_HI_plus_20,weight,3e5f4317-6f40-44fb-bfa2-e21dc4d9922d,34,34,0,6.618,6.675,0.056999999999999496,110,False
TR,nuscale_voygr6,w_HI_plus_20,weight,3f1ad930-cffb-4991-badd-773db74b890c,43,40,-3,6.569,6.626,0.057000000000000384,110,False
PL,nuscale_voygr6,w_HI_plus_20,weight,40650551-0c9c-45ea-bac6-befdb0cb5909,31,32,1,6.19,6.173,-0.017000000000000348,61,False
PL,nuscale_voygr6,w_HI_plus_20,weight,409dde58-5df1-44d9-b5ec-f8e2edd86786,35,38,3,6.12,6.066,-0.05400000000000027,61,False
PL,nuscale_voygr6,w_HI_plus_20,weight,40b4334a-7ba4-4ed8-aa8e-3c405599fbd7,45,45,0,5.891,5.884,-0.006999999999999673,61,False
PL,nuscale_voygr6,w_HI_plus_20,weight,416aab55-6fd9-4a0a-b8f8-796fb62d86a5,30,31,1,6.198,6.176,-0.02200000000000024,61,False
TR,nuscale_voygr6,w_HI_plus_20,weight,42d5b3fd-7d07-409b-9154-4441695b7901,67,67,0,6.241,6.28,0.03900000000000059,110,False
CZ,nuscale_voygr6,w_HI_plus_20,weight,43e5b2b4-2ccf-46ab-b01e-e3d480146455,27,27,0,5.551,5.556,0.004999999999999893,29,False
TR,nuscale_voygr6,w_HI_plus_20,weight,43f99d45-6635-4392-a522-4a06445fdaf2,39,37,-2,6.576,6.663,0.08700000000000063,110,False
PL,nuscale_voygr6,w_HI_plus_20,weight,4411a22e-4e8a-4715-b000-1aae34494b68,8,9,1,7.088,7.055,-0.03300000000000036,61,False
TR,nuscale_voygr6,w_HI_plus_20,weight,44362378-9c74-44af-8a08-be4877f50e97,92,93,1,5.977,5.979,0.0019999999999997797,110,False
TR,nuscale_voygr6,w_HI_plus_20,weight,44698c12-3c50-4602-8104-dafa5fd215b6,56,54,-2,6.435,6.499,0.06400000000000006,110,False
UA,nuscale_voygr6,w_HI_plus_20,weight,447a9ea1-47fa-48a3-93f2-a77cbd629ac7,10,12,2,6.304,6.222,-0.08199999999999985,20,False
CZ,nuscale_voygr6,w_HI_plus_20,weight,44d40276-5847-41d1-ab9b-887bbdc1bcfe,22,22,0,5.823,5.819,-0.004000000000000448,29,False
UA,nuscale_voygr6,w_HI_plus_20,weight,46b96bc3-b190-4045-9c86-eb674e2ea35e,8,8,0,6.426,6.385,-0.04100000000000037,20,False
PL,nuscale_voygr6,w_HI_plus_20,weight,47be3ec4-7abe-4f4c-ac3d-b7f753b8514a,46,46,0,5.886,5.847,-0.0389999999999997,61,False
TR,nuscale_voygr6,w_HI_plus_20,weight,48149515-0774-404d-b273-790b660a8d90,44,43,-1,6.555,6.612,0.057000000000000384,110,False
TR,nuscale_voygr6,w_HI_plus_20,weight,4b11cac9-4fe0-4a2a-9c09-4fe9a0ac6015,24,23,-1,6.745,6.795,0.04999999999999982,110,False
UA,nuscale_voygr6,w_HI_plus_20,weight,4e45df00-0d28-44d0-9697-3fa33d76fc88,11,10,-1,6.278,6.253,-0.024999999999999467,20,False
CZ,nuscale_voygr6,w_HI_plus_20,weight,4eb7914c-e000-403c-b5a5-c350de67bb83,23,23,0,5.728,5.727,-0.0009999999999994458,29,False
TR,nuscale_voygr6,w_HI_plus_20,weight,5067ece3-b204-495e-81c1-90a523252547,103,101,-2,5.776,5.826,0.04999999999999982,110,False
TR,nuscale_voygr6,w_HI_plus_20,weight,52028d4f-7796-4463-832e-cff2e439c96a,82,80,-2,6.102,6.176,0.07399999999999984,110,False
RO,nuscale_voygr6,w_HI_plus_20,weight,52a7babe-313f-493b-86b9-bd0c4aece4c3,5,5,0,6.597,6.593,-0.004000000000000448,21,False
PL,nuscale_voygr6,w_HI_plus_20,weight,52db4dae-b014-45a4-96c4-49f80c1fdd11,6,7,1,7.125,7.092,-0.03300000000000036,61,False
AT,nuscale_voygr6,w_HI_plus_20,weight,532bfb42-0d4c-42cf-a81a-287f2b3a75bf,4,4,0,6.562,6.542,-0.020000000000000462,6,False
TR,nuscale_voygr6,w_HI_plus_20,weight,53481b7f-5b85-4bab-be04-4866c2e72c12,108,108,0,5.5,5.507,0.006999999999999673,110,False
PL,nuscale_voygr6,w_HI_plus_20,weight,558e7bff-5b5d-4666-9ca3-ec02f2269aab,2,2,0,7.314,7.309,-0.004999999999999893,61,False
TR,nuscale_voygr6,w_HI_plus_20,weight,55cfe45b-6357-40f9-8623-e9916f91f839,22,22,0,6.781,6.8,0.019000000000000128,110,False
TR,nuscale_voygr6,w_HI_plus_20,weight,56b8e2a3-1885-431f-9fd1-4cd3bebfad61,32,32,0,6.664,6.72,0.05600000000000005,110,False
TR,nuscale_voygr6,w_HI_plus_20,weight,57c0c830-725f-46ee-9322-0a4a3ad9efda,5,4,-1,7.107,7.178,0.07099999999999973,110,False
TR,nuscale_voygr6,w_HI_plus_20,weight,5a19f424-1a15-44e6-bf1b-c2c5886ac1bf,72,79,7,6.19,6.184,-0.006000000000000227,110,False
RO,nuscale_voygr6,w_HI_plus_20,weight,5a33e5f0-6d86-4eab-adea-6c6bad7f3f45,16,16,0,5.925,5.914,-0.01100000000000012,21,False
PL,nuscale_voygr6,w_HI_plus_20,weight,5a57ae0a-6f91-46f4-a1f5-56a6b37596e9,61,61,0,5.458,5.466,0.008000000000000007,61,False
TR,nuscale_voygr6,w_HI_plus_20,weight,5b6be56c-d981-470c-a979-13a8764a34b8,91,90,-1,5.982,6.03,0.04800000000000004,110,False
RS,nuscale_voygr6,w_HI_plus_20,weight,5d4aee8d-9e73-4987-907a-d092e0ba92ed,5,5,0,6.524,6.505,-0.019000000000000128,6,False
HU,nuscale_voygr6,w_HI_plus_20,weight,5de5f907-98e7-42d3-a7dd-cb65f839697b,3,3,0,6.873,6.858,-0.015000000000000568,11,False
UA,nuscale_voygr6,w_HI_plus_20,weight,5ed0a674-a292-44bc-997f-5c1990da1235,2,2,0,6.966,6.944,-0.02200000000000024,20,False
TR,nuscale_voygr6,w_HI_plus_20,weight,5ed91c1b-0a1b-4a4c-9b2b-f6bdc8ff9770,102,104,2,5.79,5.8,0.009999999999999787,110,False
CZ,nuscale_voygr6,w_HI_plus_20,weight,5f4ed23c-cea2-41ef-a3e8-ac863e1bdcd6,15,15,0,6.293,6.284,-0.009000000000000341,29,False
TR,nuscale_voygr6,w_HI_plus_20,weight,5fa0dfa9-c272-444e-8e70-80ab55b5d36c,16,19,3,6.847,6.855,0.008000000000000007,110,False
CZ,nuscale_voygr6,w_HI_plus_20,weight,60baaa73-dd8c-4865-bb18-6c73d63a4052,10,11,1,6.49,6.463,-0.027000000000000135,29,False
CZ,nuscale_voygr6,w_HI_plus_20,weight,63601ccc-3f20-4cbd-95cb-0fbeaf821c6a,11,10,-1,6.469,6.51,0.04099999999999948,29,False
HU,nuscale_voygr6,w_HI_plus_20,weight,651839d3-4e8f-4214-89aa-1f96ea221121,7,7,0,5.981,5.93,-0.051000000000000156,11,False
AT,nuscale_voygr6,w_HI_plus_20,weight,660d9d71-6733-4294-951b-1c58614d58cf,2,2,0,7.101,7.12,0.019000000000000128,6,False
PL,nuscale_voygr6,w_HI_plus_20,weight,66bdc30c-4179-480b-a55a-5d15be5ac66b,21,22,1,6.636,6.548,-0.08800000000000008,61,False
CZ,nuscale_voygr6,w_HI_plus_20,weight,66c3f077-1ee6-41d7-8e6c-da374bb45139,28,28,0,5.551,5.556,0.004999999999999893,29,False
TR,nuscale_voygr6,w_HI_plus_20,weight,674deb4f-110c-4120-bea0-5f0711da3ea1,12,12,0,6.891,6.935,0.043999999999999595,110,False
BY,nuscale_voygr6,w_HI_plus_20,weight,68aabff9-e662-4b9f-b37d-4c2ebc5f7539,2,2,0,6.399,6.329,-0.07000000000000028,2,True
RO,nuscale_voygr6,w_HI_plus_20,weight,693d9b73-f9fc-4502-9b94-be020c5d21fb,4,4,0,6.679,6.619,-0.0600000000000005,21,False
RO,nuscale_voygr6,w_HI_plus_20,weight,6aed2eac-1c97-40c5-b842-fb15fd510f35,9,9,0,6.149,6.155,0.006000000000000227,21,False
RO,nuscale_voygr6,w_HI_plus_20,weight,6c428b2a-ad09-448b-b24c-22465929d69c,19,20,1,5.458,5.413,-0.04499999999999993,21,False
TR,nuscale_voygr6,w_HI_plus_20,weight,6c9571c4-5d3b-4f88-a7be-fa8c21425eeb,8,8,0,7.031,7.104,0.0730000000000004,110,False
TR,nuscale_voygr6,w_HI_plus_20,weight,6ddc2960-3d72-4d5f-b358-56d1c54f47e0,57,55,-2,6.435,6.499,0.06400000000000006,110,False
AT,nuscale_voygr6,w_HI_plus_20,weight,6e7fc4d8-636d-411a-baef-e138a5a07acc,5,5,0,6.513,6.493,-0.019999999999999574,6,False
BG,nuscale_voygr6,w_HI_plus_20,weight,704ef487-f600-4f23-b06e-a0f81b627597,7,7,0,5.646,5.58,-0.06599999999999984,7,False
UA,nuscale_voygr6,w_HI_plus_20,weight,70781f2c-24c2-486c-8b32-310c36ba1238,17,17,0,5.887,5.838,-0.04899999999999949,20,False
UA,nuscale_voygr6,w_HI_plus_20,weight,725406d6-860f-4ca0-9c6a-425675bac381,7,6,-1,6.44,6.447,0.006999999999999673,20,False
TR,nuscale_voygr6,w_HI_plus_20,weight,737b6d06-1d0c-4ae6-9683-ab3fea192b32,86,84,-2,6.062,6.117,0.054999999999999716,110,False
PL,nuscale_voygr6,w_HI_plus_20,weight,73fe8f06-c53b-4877-9c1d-5caf3d8f2749,60,60,0,5.51,5.533,0.023000000000000576,61,False
TR,nuscale_voygr6,w_HI_plus_20,weight,746fc66e-d31f-4c5d-bf5c-ab5031b04b15,75,74,-1,6.145,6.22,0.07500000000000018,110,False
MK,nuscale_voygr6,w_HI_plus_20,weight,756218bb-3f16-443e-b6c6-400cd0ce2f87,3,3,0,5.294,5.239,-0.054999999999999716,3,False
TR,nuscale_voygr6,w_HI_plus_20,weight,76cd9b7f-7613-4fd4-95ab-bf534a2e2f5e,73,71,-2,6.176,6.25,0.07399999999999984,110,False
SK,nuscale_voygr6,w_HI_plus_20,weight,770f1d3c-e5fd-493c-a376-e708d2abec6c,2,2,0,6.864,6.873,0.009000000000000341,5,False
TR,nuscale_voygr6,w_HI_plus_20,weight,772e2484-419b-47de-9739-924ac371ad10,61,62,1,6.409,6.454,0.04499999999999993,110,False
TR,nuscale_voygr6,w_HI_plus_20,weight,778e0750-19f9-426e-a6c7-e0e30645fb97,3,3,0,7.198,7.267,0.06899999999999995,110,False
TR,nuscale_voygr6,w_HI_plus_20,weight,7a805295-0cd2-48be-972e-5282c996549c,58,56,-2,6.435,6.499,0.06400000000000006,110,False
TR,nuscale_voygr6,w_HI_plus_20,weight,7b4d3f8f-a644-48a3-93f9-cd3c154dc5c2,104,102,-2,5.766,5.816,0.04999999999999982,110,False
TR,nuscale_voygr6,w_HI_plus_20,weight,7cc9cffa-e4e4-4546-902d-c8f4800dbdb2,30,27,-3,6.672,6.76,0.08800000000000008,110,False
PL,nuscale_voygr6,w_HI_plus_20,weight,7fc17ab0-ce24-4830-a938-b8424d1e9368,13,12,-1,6.957,6.97,0.0129999999999999,61,False
BA,nuscale_voygr6,w_HI_plus_20,weight,82011c29-a3d3-4a81-a27b-019d2649a251,1,3,2,5.907,5.883,-0.02400000000000002,5,False
RO,nuscale_voygr6,w_HI_plus_20,weight,825dc024-9a53-4237-bf59-cbe0af0cf87d,10,10,0,6.082,6.068,-0.014000000000000234,21,False
TR,nuscale_voygr6,w_HI_plus_20,weight,82aac38c-3037-466c-9b37-bff9da707645,40,39,-1,6.573,6.631,0.05799999999999983,110,False
MK,nuscale_voygr6,w_HI_plus_20,weight,83d3abe4-2049-47ad-a66b-46034edb7569,2,2,0,5.827,5.76,-0.06700000000000017,3,False
UA,nuscale_voygr6,w_HI_plus_20,weight,83fede8b-5f92-429d-920d-9a8928a74780,4,3,-1,6.697,6.733,0.03599999999999959,20,False
RO,nuscale_voygr6,w_HI_plus_20,weight,8781d874-5923-4795-9c9f-b2a6c709025a,17,17,0,5.811,5.822,0.01100000000000012,21,False
TR,nuscale_voygr6,w_HI_plus_20,weight,8a5dc384-e272-41ed-9868-a0686ac3fc7e,33,33,0,6.664,6.72,0.05600000000000005,110,False
PL,nuscale_voygr6,w_HI_plus_20,weight,8a9d5c87-7edc-49c3-85a2-d97727b9c9b2,24,25,1,6.425,6.422,-0.0030000000000001137,61,False
TR,nuscale_voygr6,w_HI_plus_20,weight,8b16dc60-1a2b-4b2c-bcad-1c334d246ae3,65,66,1,6.288,6.322,0.03399999999999981,110,False
TR,nuscale_voygr6,w_HI_plus_20,weight,8dd46a05-6e0c-4009-90ad-bd5909c25622,90,91,1,5.984,6.028,0.043999999999999595,110,False
PL,nuscale_voygr6,w_HI_plus_20,weight,8dd8db4c-b62d-4f6b-a2ee-70a9ed785e7a,43,44,1,5.925,5.897,-0.02799999999999958,61,False
PL,nuscale_voygr6,w_HI_plus_20,weight,8e485f8a-5c68-4541-ab1d-77783f6fcb2d,17,17,0,6.762,6.725,-0.03699999999999992,61,False
HU,nuscale_voygr6,w_HI_plus_20,weight,903d6b94-cd9d-4c32-b7e2-4bbfbee929df,5,5,0,6.338,6.39,0.0519999999999996,11,False
AT,nuscale_voygr6,w_HI_plus_20,weight,90820fe3-9889-4faf-9906-7c528f8d7bc5,6,6,0,6.399,6.38,-0.019000000000000128,6,False
TR,nuscale_voygr6,w_HI_plus_20,weight,9163ca37-1b31-409d-974f-9e7ed5e5f33d,55,59,4,6.445,6.477,0.03200000000000003,110,False
PL,nuscale_voygr6,w_HI_plus_20,weight,917008f5-fba1-4ef7-b82d-9aded2b69267,16,16,0,6.812,6.785,-0.027000000000000135,61,False
TR,nuscale_voygr6,w_HI_plus_20,weight,91f28dbb-16bd-449b-a20a-dc2b70cf2e66,69,69,0,6.206,6.261,0.054999999999999716,110,False
TR,nuscale_voygr6,w_HI_plus_20,weight,94a5c55f-c499-41b1-81da-deaa36686399,21,21,0,6.803,6.831,0.02800000000000047,110,False
UA,nuscale_voygr6,w_HI_plus_20,weight,95872473-c476-4ceb-bcf5-54cfdf415e42,19,19,0,5.574,5.508,-0.06599999999999984,20,False
RO,nuscale_voygr6,w_HI_plus_20,weight,958e4d82-853a-41f1-a442-94b4c4314221,2,2,0,7.272,7.285,0.0129999999999999,21,False
TR,nuscale_voygr6,w_HI_plus_20,weight,96129c93-83a6-4b1c-929b-bfccba86a796,70,70,0,6.204,6.257,0.052999999999999936,110,False
TR,nuscale_voygr6,w_HI_plus_20,weight,9699244b-14c0-4e27-afd1-105494fccd60,38,46,8,6.584,6.581,-0.0029999999999992255,110,False
CZ,nuscale_voygr6,w_HI_plus_20,weight,97ed917e-acfa-4002-be89-4ec44972ab45,21,21,0,5.85,5.845,-0.004999999999999893,29,False
TR,nuscale_voygr6,w_HI_plus_20,weight,98019711-a8c3-424a-870e-00d4fea75ed1,88,86,-2,6.036,6.083,0.0470000000000006,110,False
RO,nuscale_voygr6,w_HI_plus_20,weight,9825e28e-fd6e-460d-9caf-0342563f9060,6,6,0,6.422,6.452,0.03000000000000025,21,False
RS,nuscale_voygr6,w_HI_plus_20,weight,993ccce2-d5e1-498d-827d-8dbfeb42582b,3,3,0,6.584,6.564,-0.019999999999999574,6,False
HU,nuscale_voygr6,w_HI_plus_20,weight,997474f6-9bfd-4abd-a2ac-d8618db8f0b4,1,1,0,7.568,7.585,0.017000000000000348,11,False
AT,nuscale_voygr6,w_HI_plus_20,weight,99d712ac-7993-4186-8a0e-2e88bae7e90f,3,3,0,6.646,6.684,0.038000000000000256,6,False
TR,nuscale_voygr6,w_HI_plus_20,weight,9a6447f2-2887-4cce-a115-dc773d7f6eb1,48,47,-1,6.511,6.57,0.05900000000000016,110,False
CZ,nuscale_voygr6,w_HI_plus_20,weight,9c4291f1-173b-467e-ae26-8cb01312c605,8,8,0,6.66,6.639,-0.020999999999999908,29,False
TR,nuscale_voygr6,w_HI_plus_20,weight,9eb693f6-6994-4937-bc4d-e8213baa5d47,29,31,2,6.702,6.724,0.02200000000000024,110,False
BG,nuscale_voygr6,w_HI_plus_20,weight,a064c7ae-e699-4a94-a18c-79bdfe42bce3,4,4,0,6.83,6.789,-0.04100000000000037,7,False
PL,nuscale_voygr6,w_HI_plus_20,weight,a19228ce-f25a-4ffd-a249-9d01403e6b81,11,10,-1,7.045,7.04,-0.004999999999999893,61,False
BA,nuscale_voygr6,w_HI_plus_20,weight,a23d073a-cbbd-469a-b134-380945fd3f4c,4,4,0,5.84,5.826,-0.014000000000000234,5,False
SK,nuscale_voygr6,w_HI_plus_20,weight,a2d8261c-3d08-4015-946c-47dbddbd0b98,5,5,0,5.565,5.569,0.0039999999999995595,5,False
TR,nuscale_voygr6,w_HI_plus_20,weight,a4af3789-2c40-41fc-a3ec-3b8d2fc6c645,62,61,-1,6.389,6.455,0.06599999999999984,110,False
RO,nuscale_voygr6,w_HI_plus_20,weight,a4fa3246-27d6-4740-898c-bdf9dadcb88c,13,14,1,6.014,5.984,-0.03000000000000025,21,False
PL,nuscale_voygr6,w_HI_plus_20,weight,a55e3643-8ed4-434b-b14f-2d549d09c0d9,20,18,-2,6.642,6.659,0.01699999999999946,61,False
TR,nuscale_voygr6,w_HI_plus_20,weight,a6478cb9-5b8c-4d64-bbe6-3d3ed6a3da2c,7,7,0,7.061,7.133,0.07200000000000006,110,False
PL,nuscale_voygr6,w_HI_plus_20,weight,a67255dd-8134-418e-9377-e28516c53722,27,28,1,6.361,6.338,-0.022999999999999687,61,False
PL,nuscale_voygr6,w_HI_plus_20,weight,a6b51b4f-ba1d-49cd-bc99-8898acdbeb78,29,29,0,6.211,6.205,-0.006000000000000227,61,False
CZ,nuscale_voygr6,w_HI_plus_20,weight,a6bf9980-016e-47ea-b40a-82e384a9eb43,26,26,0,5.578,5.582,0.0039999999999995595,29,False
CZ,nuscale_voygr6,w_HI_plus_20,weight,a733fc13-11a4-4722-b62d-85c85a4f8ef3,12,12,0,6.419,6.405,-0.013999999999999346,29,False
PL,nuscale_voygr6,w_HI_plus_20,weight,a7eeee6e-e14a-40ba-80b6-75ed2e170b20,42,42,0,5.951,5.956,0.005000000000000782,61,False
PL,nuscale_voygr6,w_HI_plus_20,weight,a91dfe3d-93e0-43a1-99d2-41abdd1fc2ce,58,57,-1,5.591,5.576,-0.015000000000000568,61,False
TR,nuscale_voygr6,w_HI_plus_20,weight,a96dc545-41a9-4b0d-a7a3-f40ef711e5e3,45,44,-1,6.555,6.612,0.057000000000000384,110,False
BA,nuscale_voygr6,w_HI_plus_20,weight,aa0bdb5e-45aa-4d15-8aee-cb5b0e14f5d9,3,2,-1,5.901,5.898,-0.0030000000000001137,5,False
TR,nuscale_voygr6,w_HI_plus_20,weight,aa336cdc-f6fe-4b08-b46d-69e852c501bf,41,41,0,6.573,6.614,0.04099999999999948,110,False
CZ,nuscale_voygr6,w_HI_plus_20,weight,aa38441d-aec7-4ae9-b4c3-68c5bf567db3,19,19,0,6.122,6.108,-0.014000000000000234,29,False
HR,nuscale_voygr6,w_HI_plus_20,weight,ab151830-e5bd-46de-8400-01aa4c165366,1,1,0,6.433,6.464,0.031000000000000583,1,True
PL,nuscale_voygr6,w_HI_plus_20,weight,ab57f5c3-8699-46f9-970f-3007dfc58af4,23,24,1,6.463,6.436,-0.027000000000000135,61,False
TR,nuscale_voygr6,w_HI_plus_20,weight,ad0c8590-c672-43f2-a813-1217a10f7d2d,1,1,0,7.473,7.533,0.0600000000000005,110,False
PL,nuscale_voygr6,w_HI_plus_20,weight,ad7a9c00-0c75-411f-8f89-859e603df1e6,54,54,0,5.695,5.695,0.0,61,False
TR,nuscale_voygr6,w_HI_plus_20,weight,adeb10a5-aaae-4e2c-b426-3db1c3d9bd5b,71,68,-3,6.191,6.264,0.0730000000000004,110,False
RO,nuscale_voygr6,w_HI_plus_20,weight,aff5ffe6-fe7a-4de7-afad-9d4645a64cd9,8,7,-1,6.201,6.214,0.013000000000000789,21,False
BG,nuscale_voygr6,w_HI_plus_20,weight,b01fe781-dbc7-40f8-a544-946288020042,2,2,0,7.01,6.983,-0.027000000000000135,7,False
CZ,nuscale_voygr6,w_HI_plus_20,weight,b0ba194f-3c80-4725-b1e7-fa5277b38833,6,6,0,6.748,6.712,-0.036000000000000476,29,False
PL,nuscale_voygr6,w_HI_plus_20,weight,b24c9876-5a4d-4b83-b442-af2f4b0d1047,50,51,1,5.744,5.74,-0.0039999999999995595,61,False
PL,nuscale_voygr6,w_HI_plus_20,weight,b24f9ac5-5ddf-4b19-ba95-76dafeca3d2c,5,3,-2,7.192,7.192,0.0,61,False
MD,nuscale_voygr6,w_HI_plus_20,weight,b3eb5dd2-98cf-40c4-b9ee-2a86fd066093,1,1,0,6.456,6.376,-0.08000000000000007,1,True
TR,nuscale_voygr6,w_HI_plus_20,weight,b588126a-42d6-49dc-b227-9283af5a2578,25,24,-1,6.745,6.795,0.04999999999999982,110,False
TR,nuscale_voygr6,w_HI_plus_20,weight,b5a75ec8-a2fe-42ad-b33e-ea32e20ebdfb,51,50,-1,6.467,6.527,0.0600000000000005,110,False
TR,nuscale_voygr6,w_HI_plus_20,weight,b5ff798e-e059-4d8b-a903-00a1fefc62ab,26,25,-1,6.745,6.795,0.04999999999999982,110,False
PL,nuscale_voygr6,w_HI_plus_20,weight,b789a244-7d29-4be3-afe4-2f45d7f11eab,52,50,-2,5.718,5.75,0.03200000000000003,61,False
TR,nuscale_voygr6,w_HI_plus_20,weight,b8875ff2-9e9d-4520-8879-c71468e9cc50,60,60,0,6.413,6.477,0.06400000000000006,110,False
PL,nuscale_voygr6,w_HI_plus_20,weight,b8a00967-90a3-4a4e-9979-6b8651d87380,33,30,-3,6.146,6.178,0.03200000000000003,61,False
PL,nuscale_voygr6,w_HI_plus_20,weight,b8bc6544-1571-4906-95e0-314d62c78a24,10,11,1,7.055,7.032,-0.022999999999999687,61,False
TR,nuscale_voygr6,w_HI_plus_20,weight,bac4a081-83dc-4aba-8076-b67bfc55f54c,106,105,-1,5.617,5.659,0.041999999999999815,110,False
TR,nuscale_voygr6,w_HI_plus_20,weight,bfadbe66-971d-4f64-b222-604a7ee6ac6b,28,26,-2,6.715,6.767,0.05200000000000049,110,False
RO,nuscale_voygr6,w_HI_plus_20,weight,c3790475-3d3b-4e2b-92ae-24503fe03e6b,7,8,1,6.237,6.178,-0.05900000000000016,21,False
PL,nuscale_voygr6,w_HI_plus_20,weight,c39819ef-6798-4c01-9a82-9eead65b5f56,26,27,1,6.381,6.357,-0.02400000000000002,61,False
PL,nuscale_voygr6,w_HI_plus_20,weight,c42c5942-264d-43a1-a9eb-95b00480eb1a,49,48,-1,5.756,5.77,0.013999999999999346,61,False
UA,nuscale_voygr6,w_HI_plus_20,weight,c47eb6a3-49c1-4879-95b6-9bcd53b7af04,5,5,0,6.617,6.619,0.0019999999999997797,20,False
PL,nuscale_voygr6,w_HI_plus_20,weight,c4d7f628-c108-4496-ac02-6076ea3ae448,38,37,-1,6.068,6.071,0.0030000000000001137,61,False
TR,nuscale_voygr6,w_HI_plus_20,weight,c657c5c3-38a2-472d-8962-9e7cefcd2c1e,10,10,0,6.908,6.985,0.07699999999999996,110,False
TR,nuscale_voygr6,w_HI_plus_20,weight,c6b846cb-3a01-4e17-9d51-da4b58fd1827,101,103,2,5.794,5.803,0.009000000000000341,110,False
TR,nuscale_voygr6,w_HI_plus_20,weight,c7afd455-7beb-4d23-8d3b-e9a102782d2b,107,107,0,5.558,5.563,0.004999999999999893,110,False
TR,nuscale_voygr6,w_HI_plus_20,weight,c8e1cc12-080a-4e01-925d-8fd6e4334856,97,97,0,5.863,5.897,0.03399999999999981,110,False
RS,nuscale_voygr6,w_HI_plus_20,weight,c8f15aca-174b-4be6-a6d9-abfa4685d10d,4,4,0,6.562,6.53,-0.03200000000000003,6,False
SK,nuscale_voygr6,w_HI_plus_20,weight,c97125b3-20ed-4e21-a853-b928644ec7dd,1,1,0,7.02,6.975,-0.04499999999999993,5,False
TR,nuscale_voygr6,w_HI_plus_20,weight,c9c85786-eb26-4e7b-b280-83a54b7e834f,47,45,-2,6.527,6.587,0.05999999999999961,110,False
TR,nuscale_voygr6,w_HI_plus_20,weight,ca423571-d2ab-44d4-b5ce-3e649d9cc776,74,73,-1,6.175,6.229,0.05400000000000027,110,False
TR,nuscale_voygr6,w_HI_plus_20,weight,cb08e7b6-0af3-45d9-95c3-3832e7e2677c,13,18,5,6.878,6.863,-0.01499999999999968,110,False
TR,nuscale_voygr6,w_HI_plus_20,weight,cb825b0f-e315-4221-b194-43d5b472382d,83,85,2,6.088,6.086,-0.0019999999999997797,110,False
CZ,nuscale_voygr6,w_HI_plus_20,weight,cbd67443-4a4e-44fd-a9ed-20ba9574c99e,29,29,0,5.551,5.556,0.004999999999999893,29,False
TR,nuscale_voygr6,w_HI_plus_20,weight,cc635340-954c-4428-9fa1-14383c7faceb,49,48,-1,6.496,6.558,0.06199999999999939,110,False
PL,nuscale_voygr6,w_HI_plus_20,weight,ccc15bde-1c5a-40bf-8f09-2fcb1e896ce5,53,52,-1,5.718,5.715,-0.0030000000000001137,61,False
PL,nuscale_voygr6,w_HI_plus_20,weight,cd84938d-eea8-47a1-8ea6-2e9f943e5914,3,4,1,7.231,7.191,-0.040000000000000036,61,False
UA,nuscale_voygr6,w_HI_plus_20,weight,cdb6adfb-52ff-4631-939a-001080b20450,6,7,1,6.461,6.423,-0.038000000000000256,20,False
PL,nuscale_voygr6,w_HI_plus_20,weight,cdc888ad-fd51-4710-a5ab-3cd0fe9ddb48,15,15,0,6.838,6.841,0.0030000000000001137,61,False
TR,nuscale_voygr6,w_HI_plus_20,weight,ce39538c-997e-4a7d-bc32-f164f50f9aa0,79,77,-2,6.115,6.191,0.07599999999999962,110,False
UA,nuscale_voygr6,w_HI_plus_20,weight,cec871bd-c7f6-4444-b0da-9b3a9ecc6963,3,4,1,6.73,6.711,-0.019000000000000128,20,False
TR,nuscale_voygr6,w_HI_plus_20,weight,cf9150af-0325-44d8-bbaf-493e742f2e2b,50,53,3,6.474,6.505,0.030999999999999694,110,False
TR,nuscale_voygr6,w_HI_plus_20,weight,d020ac37-4f23-41b1-8f1e-b425b5769424,53,52,-1,6.456,6.522,0.06599999999999984,110,False
TR,nuscale_voygr6,w_HI_plus_20,weight,d12e7ffc-4cd3-4ff4-81da-ae360d59409b,85,89,4,6.066,6.052,-0.014000000000000234,110,False
TR,nuscale_voygr6,w_HI_plus_20,weight,d1863136-5ff4-4b4d-a9c0-6219e92d637d,6,5,-1,7.107,7.178,0.07099999999999973,110,False
TR,nuscale_voygr6,w_HI_plus_20,weight,d21335d4-0a3d-4464-85e0-352745a38db4,59,57,-2,6.435,6.499,0.06400000000000006,110,False
RS,nuscale_voygr6,w_HI_plus_20,weight,d30af109-79cb-4ab5-a878-6f574b58116a,2,2,0,6.613,6.668,0.054999999999999716,6,False
PL,nuscale_voygr6,w_HI_plus_20,weight,d3b5a049-6bff-400b-9312-96985f03acea,59,58,-1,5.539,5.561,0.02200000000000024,61,False
UA,nuscale_voygr6,w_HI_plus_20,weight,d3b9e403-7744-44c5-b5c3-999c4c1911d8,20,20,0,5.252,5.178,-0.07399999999999984,20,False
TR,nuscale_voygr6,w_HI_plus_20,weight,d3f986d9-a023-4d43-a0fb-03361f310873,14,13,-1,6.878,6.907,0.028999999999999915,110,False
TR,nuscale_voygr6,w_HI_plus_20,weight,d48d2f39-d58f-4299-9b2f-56d194d2d13b,87,87,0,6.061,6.068,0.006999999999999673,110,False
RO,nuscale_voygr6,w_HI_plus_20,weight,d498ded8-449c-4672-8bb9-0ed6c8fef775,12,12,0,6.027,6.003,-0.02400000000000002,21,False
TR,nuscale_voygr6,w_HI_plus_20,weight,d5151598-5a1a-4697-8147-592845ffef6c,94,94,0,5.917,5.921,0.004000000000000448,110,False
PL,nuscale_voygr6,w_HI_plus_20,weight,d60b377c-9bb4-4fd5-adb7-a9a9ba98ae76,36,36,0,6.107,6.088,-0.019000000000000128,61,False
TR,nuscale_voygr6,w_HI_plus_20,weight,d6cb5642-d5ec-4a15-bc6b-8be4cb0a382e,17,20,3,6.847,6.855,0.008000000000000007,110,False
CZ,nuscale_voygr6,w_HI_plus_20,weight,d762ceeb-514f-43a6-9f91-a2d422ed6c60,2,2,0,7.014,6.98,-0.03399999999999981,29,False
RO,nuscale_voygr6,w_HI_plus_20,weight,dac2a974-a2de-46c5-b581-03985a9ae7d0,11,11,0,6.054,6.024,-0.03000000000000025,21,False
PL,nuscale_voygr6,w_HI_plus_20,weight,dadadad9-b67e-44b8-a9ab-4cbf116da20b,4,5,1,7.224,7.177,-0.0470000000000006,61,False
TR,nuscale_voygr6,w_HI_plus_20,weight,db87ce6a-3802-44c5-945f-8a95d3cf111b,81,82,1,6.109,6.153,0.043999999999999595,110,False
PL,nuscale_voygr6,w_HI_plus_20,weight,dc87cdf1-9936-4a59-a5e9-b5e360173490,39,39,0,6.042,6.044,0.0019999999999997797,61,False
TR,nuscale_voygr6,w_HI_plus_20,weight,dd413ee8-a6f2-4e7c-8e6c-6d0ed8637d83,19,14,-5,6.817,6.896,0.07899999999999974,110,False
TR,nuscale_voygr6,w_HI_plus_20,weight,ddc8bb9c-bf77-4075-b38c-600fb072acf8,11,11,0,6.902,6.974,0.07200000000000006,110,False
PL,nuscale_voygr6,w_HI_plus_20,weight,de6735bd-7a79-43c8-baad-1fe23d50d6f0,22,21,-1,6.536,6.552,0.016000000000000014,61,False
TR,nuscale_voygr6,w_HI_plus_20,weight,e03c394f-1c08-4101-b1fe-f6662fe4b424,15,17,2,6.861,6.871,0.010000000000000675,110,False
RO,nuscale_voygr6,w_HI_plus_20,weight,e073b3f8-4312-4d34-b322-6289a3121af1,14,13,-1,6.014,6.003,-0.01100000000000012,21,False
TR,nuscale_voygr6,w_HI_plus_20,weight,e10aae79-05b7-4ad9-9d69-60ce190b4444,42,42,0,6.573,6.614,0.04099999999999948,110,False
HU,nuscale_voygr6,w_HI_plus_20,weight,e1649639-2e45-4226-9c7a-783d2dcb6724,10,10,0,5.344,5.357,0.0129999999999999,11,False
CZ,nuscale_voygr6,w_HI_plus_20,weight,e299922a-1670-4aff-acda-fd80600af9af,7,7,0,6.721,6.686,-0.03500000000000014,29,False
PL,nuscale_voygr6,w_HI_plus_20,weight,e2c23866-db1e-4316-82b5-7e3fe50c3c09,47,47,0,5.848,5.821,-0.027000000000000135,61,False
RO,nuscale_voygr6,w_HI_plus_20,weight,e43af28e-a3d3-4047-a9cf-f3b0990754b4,18,18,0,5.759,5.756,-0.0030000000000001137,21,False
UA,nuscale_voygr6,w_HI_plus_20,weight,e4c6a713-99e6-4fdf-afaa-d456779c504c,16,15,-1,5.913,5.895,-0.018000000000000682,20,False
PL,nuscale_voygr6,w_HI_plus_20,weight,e4e3b5f0-7038-47a5-84e3-04eb07b3c4d7,14,14,0,6.925,6.938,0.0129999999999999,61,False
TR,nuscale_voygr6,w_HI_plus_20,weight,e71ec827-7143-48dd-8c8a-8e81705fa971,52,51,-1,6.467,6.527,0.0600000000000005,110,False
BA,nuscale_voygr6,w_HI_plus_20,weight,e75c63e5-ef2f-4e08-8f8c-3da41215af9d,2,1,-1,5.907,5.905,-0.0019999999999997797,5,False
TR,nuscale_voygr6,w_HI_plus_20,weight,e780e4ac-0506-4186-9b58-0f378f878345,9,9,0,6.969,6.993,0.02400000000000002,110,False
TR,nuscale_voygr6,w_HI_plus_20,weight,e894ba3e-e397-47c9-b0b9-a72cfb6bd680,95,99,4,5.876,5.869,-0.007000000000000561,110,False
TR,nuscale_voygr6,w_HI_plus_20,weight,e8b6e342-2011-4343-b415-a8bf08501499,99,98,-1,5.809,5.88,0.07099999999999973,110,False
PL,nuscale_voygr6,w_HI_plus_20,weight,e9a1ae49-ff79-462c-af4e-7c6843221d36,55,56,1,5.645,5.578,-0.06699999999999928,61,False
TR,nuscale_voygr6,w_HI_plus_20,weight,e9bc02be-cf10-4b27-9b8a-0d4a954720e4,36,38,2,6.606,6.632,0.0259999999999998,110,False
PL,nuscale_voygr6,w_HI_plus_20,weight,ebc0f461-acfa-47da-8094-5b15ea3e25a0,19,20,1,6.662,6.649,-0.0129999999999999,61,False
PL,nuscale_voygr6,w_HI_plus_20,weight,ee332928-87b2-4e7b-9203-20e402bc551f,12,13,1,6.99,6.953,-0.03699999999999992,61,False
PL,nuscale_voygr6,w_HI_plus_20,weight,ef2ee2ae-e73e-490c-aa07-746543fe20e6,40,40,0,6.029,6.014,-0.01499999999999968,61,False
HU,nuscale_voygr6,w_HI_plus_20,weight,ef325d90-6d2d-4f8f-89f2-3bc98beb149b,8,8,0,5.812,5.768,-0.04400000000000048,11,False
CZ,nuscale_voygr6,w_HI_plus_20,weight,f1d2bca1-a7a9-4404-84c1-34fc8a59dab7,25,25,0,5.619,5.622,0.0030000000000001137,29,False
HU,nuscale_voygr6,w_HI_plus_20,weight,f2b3a729-602a-4b6b-acc9-004244f2e556,9,9,0,5.373,5.379,0.005999999999999339,11,False
UA,nuscale_voygr6,w_HI_plus_20,weight,f2c061de-66ad-4fce-b911-7f1899f25b75,12,11,-1,6.278,6.253,-0.024999999999999467,20,False
TR,nuscale_voygr6,w_HI_plus_20,weight,f2e65fcf-afc4-4443-ac14-f15c8ffe48f3,20,15,-5,6.817,6.896,0.07899999999999974,110,False
CZ,nuscale_voygr6,w_HI_plus_20,weight,f3523341-daaa-4573-a856-becb2e1bb9e3,4,4,0,6.939,6.896,-0.04300000000000015,29,False
PL,nuscale_voygr6,w_HI_plus_20,weight,f5be4e73-938d-4fe2-b585-5090ec780670,28,26,-2,6.36,6.36,0.0,61,False
HU,nuscale_voygr6,w_HI_plus_20,weight,f7dcdb63-26e6-44cd-b440-ec14fe507d90,2,2,0,7.042,7.002,-0.040000000000000036,11,False
PL,nuscale_voygr6,w_HI_plus_20,weight,f8f9f43d-6a3b-445d-818e-ca82a90ace65,51,53,2,5.74,5.7,-0.040000000000000036,61,False
TR,nuscale_voygr6,w_HI_plus_20,weight,f92bc907-9b9b-4d21-92fd-1705bd71128c,89,88,-1,6.036,6.063,0.027000000000000135,110,False
TR,nuscale_voygr6,w_HI_plus_20,weight,fa6b7ac3-c1bf-478f-8d0a-1f357ea480cf,100,100,0,5.808,5.857,0.04900000000000038,110,False
BY,nuscale_voygr6,w_HI_plus_20,weight,fac3d0b5-36a5-48ae-8494-f2f08e4342f4,1,1,0,6.786,6.752,-0.03399999999999981,2,True
UA,nuscale_voygr6,w_HI_plus_20,weight,fb7d4d9a-3f27-4b50-9941-6a8fccd25e9a,9,9,0,6.335,6.31,-0.025000000000000355,20,False
TR,nuscale_voygr6,w_HI_plus_20,weight,fc307877-758b-4dbf-afbe-abfc4a778155,35,36,1,6.613,6.668,0.054999999999999716,110,False
TR,nuscale_voygr6,w_HI_plus_20,weight,fecb62d9-6fb8-4f8d-83e3-78a7c75adb6e,64,64,0,6.321,6.387,0.06599999999999984,110,False
TR,nuscale_voygr6,w_NH_minus_20,weight,0049a899-af5f-41cd-86ae-2ba729b6365f,93,94,1,5.942,5.861,-0.0810000000000004,110,False
RS,nuscale_voygr6,w_NH_minus_20,weight,0182ec25-0df9-4e4b-9861-d76a332bc282,1,1,0,6.715,6.655,-0.05999999999999961,6,False
UA,nuscale_voygr6,w_NH_minus_20,weight,02253fcc-4fc6-42d4-a6a8-42365487302f,13,13,0,6.148,6.044,-0.10400000000000009,20,False
TR,nuscale_voygr6,w_NH_minus_20,weight,0248611c-b745-404f-ad50-c2870882c7a1,18,16,-2,6.832,6.802,-0.03000000000000025,110,False
UA,nuscale_voygr6,w_NH_minus_20,weight,038d42e9-769b-4b22-9513-dccff48b42cd,15,16,1,5.93,5.804,-0.12599999999999945,20,False
HU,nuscale_voygr6,w_NH_minus_20,weight,059b3ad4-7196-4e6b-b169-8605ceeed841,4,4,0,6.601,6.515,-0.0860000000000003,11,False
CZ,nuscale_voygr6,w_NH_minus_20,weight,05daa6b2-bb29-4c26-a459-855626673955,13,14,1,6.34,6.248,-0.09199999999999964,29,False
PL,nuscale_voygr6,w_NH_minus_20,weight,06641fea-8997-4b69-a618-6afa34b82591,44,45,1,5.912,5.74,-0.1719999999999997,61,False
SK,nuscale_voygr6,w_NH_minus_20,weight,06defca3-9105-437f-afd4-52f5603d9b8e,4,4,0,6.272,6.242,-0.03000000000000025,5,False
TR,nuscale_voygr6,w_NH_minus_20,weight,0947a4c8-4fc1-492f-9c66-2c9a993c7fb0,54,58,4,6.445,6.359,-0.0860000000000003,110,False
CZ,nuscale_voygr6,w_NH_minus_20,weight,0ae8917b-a70b-41e5-82de-e4963a7686e3,16,17,1,6.265,6.188,-0.07699999999999996,29,False
PL,nuscale_voygr6,w_NH_minus_20,weight,0b187a1d-55de-47cf-96a3-06abc8ff2476,18,18,0,6.662,6.575,-0.08699999999999974,61,False
TR,nuscale_voygr6,w_NH_minus_20,weight,0ca4ff78-4113-4ad9-ac04-0fd541d42338,78,75,-3,6.123,6.084,-0.03900000000000059,110,False
TR,nuscale_voygr6,w_NH_minus_20,weight,0fec985c-c66e-40af-a123-a9ba4db269bb,63,63,0,6.35,6.27,-0.08000000000000007,110,False
TR,nuscale_voygr6,w_NH_minus_20,weight,1289753b-43db-4058-8fe1-6e38b5fb01b5,27,23,-4,6.726,6.712,-0.014000000000000234,110,False
TR,nuscale_voygr6,w_NH_minus_20,weight,142cad75-648a-495d-8c10-792351e72126,4,4,0,7.153,7.102,-0.05099999999999927,110,False
CZ,nuscale_voygr6,w_NH_minus_20,weight,14e88076-ce0e-4693-bca4-e80f3f013c7f,18,16,-2,6.259,6.201,-0.05800000000000072,29,False
TR,nuscale_voygr6,w_NH_minus_20,weight,1624a526-07d8-44a4-8ed7-3b035b748f03,105,105,0,5.653,5.601,-0.0519999999999996,110,False
TR,nuscale_voygr6,w_NH_minus_20,weight,166f5fcc-1cc4-4cf5-9e52-59e7ce1557c6,23,27,4,6.759,6.68,-0.07900000000000063,110,False
SK,nuscale_voygr6,w_NH_minus_20,weight,1719d38b-61e8-4b01-844b-3a2f85c8a186,3,3,0,6.503,6.428,-0.07500000000000018,5,False
MK,nuscale_voygr6,w_NH_minus_20,weight,1739b1b7-a6f3-466c-9dfa-3d1de9d5b6db,1,1,0,6.391,6.305,-0.0860000000000003,3,False
TR,nuscale_voygr6,w_NH_minus_20,weight,17568f0f-91fd-4efe-b4df-2c7cc5d80b7d,110,110,0,5.073,4.99,-0.08300000000000018,110,False
CZ,nuscale_voygr6,w_NH_minus_20,weight,180880c2-7284-4723-b02a-a62348b9b40b,9,8,-1,6.633,6.586,-0.04699999999999971,29,False
TR,nuscale_voygr6,w_NH_minus_20,weight,1820429d-bd95-4e56-a6db-d9bb57e2ae07,96,97,1,5.865,5.766,-0.0990000000000002,110,False
PL,nuscale_voygr6,w_NH_minus_20,weight,187b4fd7-6a61-4e94-8ed4-495ac6dfc317,25,23,-2,6.419,6.33,-0.08899999999999952,61,False
RO,nuscale_voygr6,w_NH_minus_20,weight,18ecb024-ee4f-4045-8254-5e95d61dea8c,15,14,-1,5.958,5.877,-0.0810000000000004,21,False
LV,nuscale_voygr6,w_NH_minus_20,weight,1a5b8f8f-f4be-4514-8738-755d25e19b41,1,1,0,6.728,6.618,-0.10999999999999943,1,True
CZ,nuscale_voygr6,w_NH_minus_20,weight,1c059a42-608c-4753-8fcf-ba797d94f900,24,24,0,5.68,5.559,-0.12099999999999955,29,False
TR,nuscale_voygr6,w_NH_minus_20,weight,1ce7624e-1d72-4293-8ff4-09096b56ddd2,109,109,0,5.401,5.333,-0.06799999999999962,110,False
PL,nuscale_voygr6,w_NH_minus_20,weight,1d19dce6-c458-4656-901d-6a8d3c548761,9,7,-2,7.075,7.013,-0.06200000000000028,61,False
RO,nuscale_voygr6,w_NH_minus_20,weight,1d8be6d0-f3a5-4b32-9d46-3526289731f8,21,21,0,5.375,5.263,-0.1120000000000001,21,False
TR,nuscale_voygr6,w_NH_minus_20,weight,1f305180-6bbf-4758-9a98-78bc9e96e195,46,47,1,6.528,6.454,-0.07399999999999984,110,False
PL,nuscale_voygr6,w_NH_minus_20,weight,202d797d-b0f9-4cd0-bbac-d7bb06805c09,37,36,-1,6.071,5.986,-0.08499999999999996,61,False
CZ,nuscale_voygr6,w_NH_minus_20,weight,20bce4f5-ca0b-4145-87e5-0a0694343f31,17,18,1,6.263,6.176,-0.08699999999999974,29,False
CZ,nuscale_voygr6,w_NH_minus_20,weight,20c9d02d-e9e8-40b3-a11e-7a2e01018d8c,14,15,1,6.34,6.242,-0.09799999999999986,29,False
TR,nuscale_voygr6,w_NH_minus_20,weight,21ccc44f-3244-4e7f-9654-eae424288200,76,76,0,6.13,6.08,-0.04999999999999982,110,False
TR,nuscale_voygr6,w_NH_minus_20,weight,231565d3-4f56-43ee-a357-1f4451c6fbc3,37,41,4,6.588,6.521,-0.06700000000000017,110,False
TR,nuscale_voygr6,w_NH_minus_20,weight,2350bab4-9869-43f1-b62f-a4d5aea77ef5,77,77,0,6.13,6.063,-0.06700000000000017,110,False
PL,nuscale_voygr6,w_NH_minus_20,weight,239ea0eb-a9c4-43cc-ac5f-35271bdc6613,7,8,1,7.102,6.999,-0.10300000000000065,61,False
CZ,nuscale_voygr6,w_NH_minus_20,weight,274ec928-e527-44cf-86c5-b6eddc09d0f7,20,20,0,5.918,5.778,-0.14000000000000057,29,False
PL,nuscale_voygr6,w_NH_minus_20,weight,27fc89b3-ee57-44ac-8073-a700bc8d12e8,41,40,-1,6.003,5.875,-0.1280000000000001,61,False
CZ,nuscale_voygr6,w_NH_minus_20,weight,287cbb48-bb08-40dd-82c5-cfe1530dfbb9,1,1,0,7.075,7.01,-0.06500000000000039,29,False
HU,nuscale_voygr6,w_NH_minus_20,weight,28b36531-865d-42ae-afb3-b8bad86f7014,6,6,0,6.305,6.201,-0.10400000000000009,11,False
PL,nuscale_voygr6,w_NH_minus_20,weight,29479c3f-8db8-4f62-90e8-59ad6739f90b,34,34,0,6.12,5.999,-0.12100000000000044,61,False
RS,nuscale_voygr6,w_NH_minus_20,weight,296282b1-d079-4c1e-b2df-12c25128b963,6,6,0,6.259,6.188,-0.07100000000000062,6,False
PL,nuscale_voygr6,w_NH_minus_20,weight,2981a12d-3444-4301-96ba-a63ef50bec3e,1,1,0,7.516,7.482,-0.03399999999999981,61,False
RO,nuscale_voygr6,w_NH_minus_20,weight,29836b52-a882-4921-95a7-6417e636d9a2,3,3,0,6.76,6.711,-0.04899999999999949,21,False
PL,nuscale_voygr6,w_NH_minus_20,weight,29a58981-aaf7-4450-ad41-49dd6d786168,48,49,1,5.782,5.616,-0.16600000000000037,61,False
UA,nuscale_voygr6,w_NH_minus_20,weight,29b3a802-7ef1-4722-ad59-b1511b1b0075,1,1,0,7.046,6.991,-0.055000000000000604,20,False
TR,nuscale_voygr6,w_NH_minus_20,weight,2a3aad60-2bff-4206-8275-f6e2029f9278,66,66,0,6.252,6.207,-0.04499999999999993,110,False
TR,nuscale_voygr6,w_NH_minus_20,weight,2b6a65d3-efb0-44d8-b88b-9aad311f4ac4,31,33,2,6.664,6.603,-0.06099999999999994,110,False
PL,nuscale_voygr6,w_NH_minus_20,weight,2da9dab9-7b4e-46e7-b1c8-70eeb329c177,56,56,0,5.614,5.481,-0.133,61,False
AT,nuscale_voygr6,w_NH_minus_20,weight,2dcd2c6d-f375-4408-9492-7910662fac03,1,1,0,7.333,7.259,-0.07399999999999984,6,False
TR,nuscale_voygr6,w_NH_minus_20,weight,2ec95392-978d-4a43-85b9-af3282c212ba,2,2,0,7.305,7.292,-0.0129999999999999,110,False
TR,nuscale_voygr6,w_NH_minus_20,weight,2ed9363f-a9fe-46e5-8b92-c50b47a9077a,68,68,0,6.237,6.148,-0.08900000000000041,110,False
BG,nuscale_voygr6,w_NH_minus_20,weight,2fb27566-cc7b-4530-8ff9-e55e3a1985bd,5,5,0,6.504,6.437,-0.06699999999999928,7,False
CZ,nuscale_voygr6,w_NH_minus_20,weight,2fe0a0b3-4108-427e-8e54-f77e1ea7227c,3,3,0,6.939,6.865,-0.07399999999999984,29,False
BG,nuscale_voygr6,w_NH_minus_20,weight,30c9e377-b575-46fa-880f-922c46e6500a,1,1,0,7.102,7.025,-0.07699999999999996,7,False
CZ,nuscale_voygr6,w_NH_minus_20,weight,32484f7b-18a4-4b21-8e6a-6d68ae099d02,5,5,0,6.85,6.791,-0.058999999999999275,29,False
BG,nuscale_voygr6,w_NH_minus_20,weight,33a015dd-51e0-497e-b0d3-4b1b3f070438,6,6,0,5.792,5.662,-0.1299999999999999,7,False
BA,nuscale_voygr6,w_NH_minus_20,weight,344e0e9a-558e-4749-bb66-cd746be50cbd,5,5,0,5.556,5.423,-0.133,5,False
RO,nuscale_voygr6,w_NH_minus_20,weight,345fb795-170a-4fb5-833c-f6bcf2eb450c,1,1,0,7.633,7.59,-0.04300000000000015,21,False
HU,nuscale_voygr6,w_NH_minus_20,weight,34d88ce8-d49c-4b19-af2d-6efcb1b72149,11,10,-1,5.308,5.201,-0.1070000000000002,11,False
UA,nuscale_voygr6,w_NH_minus_20,weight,3657989a-61ae-4fe3-9e8b-6ba7e68f8c59,14,14,0,6.017,5.904,-0.11300000000000043,20,False
ME,nuscale_voygr6,w_NH_minus_20,weight,3795824b-cb76-48dd-a65c-764c757ddc76,1,1,0,5.242,5.155,-0.08699999999999974,1,True
TR,nuscale_voygr6,w_NH_minus_20,weight,381221dd-76da-4adf-9b19-5da9f0779c22,80,82,2,6.109,6.028,-0.0810000000000004,110,False
TR,nuscale_voygr6,w_NH_minus_20,weight,3819acc8-761d-49ba-89e7-967d3d37ec0e,98,96,-2,5.851,5.796,-0.054999999999999716,110,False
PL,nuscale_voygr6,w_NH_minus_20,weight,399668d6-bfed-4e5b-bf38-9ee5902101c3,57,58,1,5.597,5.444,-0.15300000000000047,61,False
TR,nuscale_voygr6,w_NH_minus_20,weight,3a06636d-c742-4b72-b9cd-21a4537c331b,84,79,-5,6.073,6.047,-0.02600000000000069,110,False
BG,nuscale_voygr6,w_NH_minus_20,weight,3bb6666f-de2f-4c6f-a28e-c3bddb71b54a,3,3,0,6.891,6.826,-0.06500000000000039,7,False
UA,nuscale_voygr6,w_NH_minus_20,weight,3bd2a957-ff3b-4bfd-9dba-808279edccb9,18,18,0,5.739,5.6,-0.13900000000000023,20,False
RO,nuscale_voygr6,w_NH_minus_20,weight,3bef37a3-239e-498d-a160-77452a6a9b79,20,20,0,5.442,5.303,-0.13900000000000023,21,False
PL,nuscale_voygr6,w_NH_minus_20,weight,3d2d4c37-eb9d-4b35-a8b1-b3f485bc3e3f,32,33,1,6.146,6.002,-0.14400000000000013,61,False
TR,nuscale_voygr6,w_NH_minus_20,weight,3e5f4317-6f40-44fb-bfa2-e21dc4d9922d,34,34,0,6.618,6.583,-0.03500000000000014,110,False
TR,nuscale_voygr6,w_NH_minus_20,weight,3f1ad930-cffb-4991-badd-773db74b890c,43,43,0,6.569,6.505,-0.06400000000000006,110,False
PL,nuscale_voygr6,w_NH_minus_20,weight,40650551-0c9c-45ea-bac6-befdb0cb5909,31,32,1,6.19,6.028,-0.1620000000000008,61,False
PL,nuscale_voygr6,w_NH_minus_20,weight,409dde58-5df1-44d9-b5ec-f8e2edd86786,35,37,2,6.12,5.974,-0.1459999999999999,61,False
PL,nuscale_voygr6,w_NH_minus_20,weight,40b4334a-7ba4-4ed8-aa8e-3c405599fbd7,45,46,1,5.891,5.709,-0.18200000000000038,61,False
PL,nuscale_voygr6,w_NH_minus_20,weight,416aab55-6fd9-4a0a-b8f8-796fb62d86a5,30,31,1,6.198,6.063,-0.13500000000000068,61,False
TR,nuscale_voygr6,w_NH_minus_20,weight,42d5b3fd-7d07-409b-9154-4441695b7901,67,67,0,6.241,6.153,-0.08800000000000008,110,False
CZ,nuscale_voygr6,w_NH_minus_20,weight,43e5b2b4-2ccf-46ab-b01e-e3d480146455,27,26,-1,5.551,5.468,-0.08300000000000018,29,False
TR,nuscale_voygr6,w_NH_minus_20,weight,43f99d45-6635-4392-a522-4a06445fdaf2,39,40,1,6.576,6.525,-0.05099999999999927,110,False
PL,nuscale_voygr6,w_NH_minus_20,weight,4411a22e-4e8a-4715-b000-1aae34494b68,8,9,1,7.088,6.988,-0.09999999999999964,61,False
TR,nuscale_voygr6,w_NH_minus_20,weight,44362378-9c74-44af-8a08-be4877f50e97,92,90,-2,5.977,5.901,-0.07600000000000051,110,False
TR,nuscale_voygr6,w_NH_minus_20,weight,44698c12-3c50-4602-8104-dafa5fd215b6,56,54,-2,6.435,6.388,-0.04699999999999971,110,False
UA,nuscale_voygr6,w_NH_minus_20,weight,447a9ea1-47fa-48a3-93f2-a77cbd629ac7,10,12,2,6.304,6.185,-0.11900000000000066,20,False
CZ,nuscale_voygr6,w_NH_minus_20,weight,44d40276-5847-41d1-ab9b-887bbdc1bcfe,22,22,0,5.823,5.671,-0.15200000000000014,29,False
UA,nuscale_voygr6,w_NH_minus_20,weight,46b96bc3-b190-4045-9c86-eb674e2ea35e,8,7,-1,6.426,6.359,-0.06700000000000017,20,False
PL,nuscale_voygr6,w_NH_minus_20,weight,47be3ec4-7abe-4f4c-ac3d-b7f753b8514a,46,44,-2,5.886,5.751,-0.1349999999999998,61,False
TR,nuscale_voygr6,w_NH_minus_20,weight,48149515-0774-404d-b273-790b660a8d90,44,44,0,6.555,6.505,-0.04999999999999982,110,False
TR,nuscale_voygr6,w_NH_minus_20,weight,4b11cac9-4fe0-4a2a-9c09-4fe9a0ac6015,24,24,0,6.745,6.692,-0.052999999999999936,110,False
UA,nuscale_voygr6,w_NH_minus_20,weight,4e45df00-0d28-44d0-9697-3fa33d76fc88,11,9,-2,6.278,6.201,-0.07699999999999996,20,False
CZ,nuscale_voygr6,w_NH_minus_20,weight,4eb7914c-e000-403c-b5a5-c350de67bb83,23,23,0,5.728,5.59,-0.1379999999999999,29,False
TR,nuscale_voygr6,w_NH_minus_20,weight,5067ece3-b204-495e-81c1-90a523252547,103,103,0,5.776,5.669,-0.1070000000000002,110,False
TR,nuscale_voygr6,w_NH_minus_20,weight,52028d4f-7796-4463-832e-cff2e439c96a,82,81,-1,6.102,6.033,-0.06899999999999995,110,False
RO,nuscale_voygr6,w_NH_minus_20,weight,52a7babe-313f-493b-86b9-bd0c4aece4c3,5,5,0,6.597,6.505,-0.09200000000000053,21,False
PL,nuscale_voygr6,w_NH_minus_20,weight,52db4dae-b014-45a4-96c4-49f80c1fdd11,6,6,0,7.125,7.045,-0.08000000000000007,61,False
AT,nuscale_voygr6,w_NH_minus_20,weight,532bfb42-0d4c-42cf-a81a-287f2b3a75bf,4,4,0,6.562,6.43,-0.13200000000000056,6,False
TR,nuscale_voygr6,w_NH_minus_20,weight,53481b7f-5b85-4bab-be04-4866c2e72c12,108,108,0,5.5,5.438,-0.06200000000000028,110,False
PL,nuscale_voygr6,w_NH_minus_20,weight,558e7bff-5b5d-4666-9ca3-ec02f2269aab,2,2,0,7.314,7.245,-0.06899999999999995,61,False
TR,nuscale_voygr6,w_NH_minus_20,weight,55cfe45b-6357-40f9-8623-e9916f91f839,22,21,-1,6.781,6.731,-0.04999999999999982,110,False
TR,nuscale_voygr6,w_NH_minus_20,weight,56b8e2a3-1885-431f-9fd1-4cd3bebfad61,32,29,-3,6.664,6.648,-0.016000000000000014,110,False
TR,nuscale_voygr6,w_NH_minus_20,weight,57c0c830-725f-46ee-9322-0a4a3ad9efda,5,5,0,7.107,7.079,-0.02800000000000047,110,False
TR,nuscale_voygr6,w_NH_minus_20,weight,5a19f424-1a15-44e6-bf1b-c2c5886ac1bf,72,72,0,6.19,6.127,-0.06300000000000061,110,False
RO,nuscale_voygr6,w_NH_minus_20,weight,5a33e5f0-6d86-4eab-adea-6c6bad7f3f45,16,16,0,5.925,5.817,-0.10799999999999965,21,False
PL,nuscale_voygr6,w_NH_minus_20,weight,5a57ae0a-6f91-46f4-a1f5-56a6b37596e9,61,61,0,5.458,5.31,-0.14800000000000058,61,False
TR,nuscale_voygr6,w_NH_minus_20,weight,5b6be56c-d981-470c-a979-13a8764a34b8,91,91,0,5.982,5.891,-0.09100000000000019,110,False
RS,nuscale_voygr6,w_NH_minus_20,weight,5d4aee8d-9e73-4987-907a-d092e0ba92ed,5,5,0,6.524,6.448,-0.07599999999999962,6,False
HU,nuscale_voygr6,w_NH_minus_20,weight,5de5f907-98e7-42d3-a7dd-cb65f839697b,3,3,0,6.873,6.786,-0.08700000000000063,11,False
UA,nuscale_voygr6,w_NH_minus_20,weight,5ed0a674-a292-44bc-997f-5c1990da1235,2,2,0,6.966,6.887,-0.07900000000000063,20,False
TR,nuscale_voygr6,w_NH_minus_20,weight,5ed91c1b-0a1b-4a4c-9b2b-f6bdc8ff9770,102,99,-3,5.79,5.728,-0.06200000000000028,110,False
CZ,nuscale_voygr6,w_NH_minus_20,weight,5f4ed23c-cea2-41ef-a3e8-ac863e1bdcd6,15,13,-2,6.293,6.264,-0.028999999999999915,29,False
TR,nuscale_voygr6,w_NH_minus_20,weight,5fa0dfa9-c272-444e-8e70-80ab55b5d36c,16,17,1,6.847,6.797,-0.05000000000000071,110,False
CZ,nuscale_voygr6,w_NH_minus_20,weight,60baaa73-dd8c-4865-bb18-6c73d63a4052,10,10,0,6.49,6.401,-0.08900000000000041,29,False
CZ,nuscale_voygr6,w_NH_minus_20,weight,63601ccc-3f20-4cbd-95cb-0fbeaf821c6a,11,11,0,6.469,6.386,-0.08300000000000018,29,False
HU,nuscale_voygr6,w_NH_minus_20,weight,651839d3-4e8f-4214-89aa-1f96ea221121,7,7,0,5.981,5.901,-0.08000000000000007,11,False
AT,nuscale_voygr6,w_NH_minus_20,weight,660d9d71-6733-4294-951b-1c58614d58cf,2,2,0,7.101,7.002,-0.0990000000000002,6,False
PL,nuscale_voygr6,w_NH_minus_20,weight,66bdc30c-4179-480b-a55a-5d15be5ac66b,21,21,0,6.636,6.509,-0.12699999999999978,61,False
CZ,nuscale_voygr6,w_NH_minus_20,weight,66c3f077-1ee6-41d7-8e6c-da374bb45139,28,27,-1,5.551,5.448,-0.10299999999999976,29,False
TR,nuscale_voygr6,w_NH_minus_20,weight,674deb4f-110c-4120-bea0-5f0711da3ea1,12,11,-1,6.891,6.864,-0.027000000000000135,110,False
BY,nuscale_voygr6,w_NH_minus_20,weight,68aabff9-e662-4b9f-b37d-4c2ebc5f7539,2,2,0,6.399,6.237,-0.16199999999999992,2,True
RO,nuscale_voygr6,w_NH_minus_20,weight,693d9b73-f9fc-4502-9b94-be020c5d21fb,4,4,0,6.679,6.603,-0.07600000000000051,21,False
RO,nuscale_voygr6,w_NH_minus_20,weight,6aed2eac-1c97-40c5-b842-fb15fd510f35,9,9,0,6.149,6.077,-0.07200000000000006,21,False
RO,nuscale_voygr6,w_NH_minus_20,weight,6c428b2a-ad09-448b-b24c-22465929d69c,19,19,0,5.458,5.34,-0.11800000000000033,21,False
TR,nuscale_voygr6,w_NH_minus_20,weight,6c9571c4-5d3b-4f88-a7be-fa8c21425eeb,8,8,0,7.031,6.967,-0.06400000000000006,110,False
TR,nuscale_voygr6,w_NH_minus_20,weight,6ddc2960-3d72-4d5f-b358-56d1c54f47e0,57,55,-2,6.435,6.388,-0.04699999999999971,110,False
AT,nuscale_voygr6,w_NH_minus_20,weight,6e7fc4d8-636d-411a-baef-e138a5a07acc,5,5,0,6.513,6.428,-0.08499999999999996,6,False
BG,nuscale_voygr6,w_NH_minus_20,weight,704ef487-f600-4f23-b06e-a0f81b627597,7,7,0,5.646,5.514,-0.13199999999999967,7,False
UA,nuscale_voygr6,w_NH_minus_20,weight,70781f2c-24c2-486c-8b32-310c36ba1238,17,15,-2,5.887,5.81,-0.07699999999999996,20,False
UA,nuscale_voygr6,w_NH_minus_20,weight,725406d6-860f-4ca0-9c6a-425675bac381,7,8,1,6.44,6.352,-0.08800000000000008,20,False
TR,nuscale_voygr6,w_NH_minus_20,weight,737b6d06-1d0c-4ae6-9683-ab3fea192b32,86,84,-2,6.062,6.011,-0.051000000000000156,110,False
PL,nuscale_voygr6,w_NH_minus_20,weight,73fe8f06-c53b-4877-9c1d-5caf3d8f2749,60,60,0,5.51,5.39,-0.1200000000000001,61,False
TR,nuscale_voygr6,w_NH_minus_20,weight,746fc66e-d31f-4c5d-bf5c-ab5031b04b15,75,74,-1,6.145,6.096,-0.04899999999999949,110,False
MK,nuscale_voygr6,w_NH_minus_20,weight,756218bb-3f16-443e-b6c6-400cd0ce2f87,3,3,0,5.294,5.171,-0.12299999999999933,3,False
TR,nuscale_voygr6,w_NH_minus_20,weight,76cd9b7f-7613-4fd4-95ab-bf534a2e2f5e,73,73,0,6.176,6.099,-0.07699999999999996,110,False
SK,nuscale_voygr6,w_NH_minus_20,weight,770f1d3c-e5fd-493c-a376-e708d2abec6c,2,2,0,6.864,6.838,-0.0259999999999998,5,False
TR,nuscale_voygr6,w_NH_minus_20,weight,772e2484-419b-47de-9739-924ac371ad10,61,62,1,6.409,6.32,-0.08899999999999952,110,False
TR,nuscale_voygr6,w_NH_minus_20,weight,778e0750-19f9-426e-a6c7-e0e30645fb97,3,3,0,7.198,7.148,-0.05000000000000071,110,False
TR,nuscale_voygr6,w_NH_minus_20,weight,7a805295-0cd2-48be-972e-5282c996549c,58,56,-2,6.435,6.388,-0.04699999999999971,110,False
TR,nuscale_voygr6,w_NH_minus_20,weight,7b4d3f8f-a644-48a3-93f9-cd3c154dc5c2,104,104,0,5.766,5.645,-0.12100000000000044,110,False
TR,nuscale_voygr6,w_NH_minus_20,weight,7cc9cffa-e4e4-4546-902d-c8f4800dbdb2,30,32,2,6.672,6.625,-0.04699999999999971,110,False
PL,nuscale_voygr6,w_NH_minus_20,weight,7fc17ab0-ce24-4830-a938-b8424d1e9368,13,13,0,6.957,6.863,-0.09399999999999942,61,False
BA,nuscale_voygr6,w_NH_minus_20,weight,82011c29-a3d3-4a81-a27b-019d2649a251,1,3,2,5.907,5.777,-0.1299999999999999,5,False
RO,nuscale_voygr6,w_NH_minus_20,weight,825dc024-9a53-4237-bf59-cbe0af0cf87d,10,10,0,6.082,5.964,-0.11799999999999944,21,False
TR,nuscale_voygr6,w_NH_minus_20,weight,82aac38c-3037-466c-9b37-bff9da707645,40,36,-4,6.573,6.55,-0.023000000000000576,110,False
MK,nuscale_voygr6,w_NH_minus_20,weight,83d3abe4-2049-47ad-a66b-46034edb7569,2,2,0,5.827,5.665,-0.16199999999999992,3,False
UA,nuscale_voygr6,w_NH_minus_20,weight,83fede8b-5f92-429d-920d-9a8928a74780,4,3,-1,6.697,6.645,-0.05200000000000049,20,False
RO,nuscale_voygr6,w_NH_minus_20,weight,8781d874-5923-4795-9c9f-b2a6c709025a,17,17,0,5.811,5.709,-0.10200000000000031,21,False
TR,nuscale_voygr6,w_NH_minus_20,weight,8a5dc384-e272-41ed-9868-a0686ac3fc7e,33,30,-3,6.664,6.648,-0.016000000000000014,110,False
PL,nuscale_voygr6,w_NH_minus_20,weight,8a9d5c87-7edc-49c3-85a2-d97727b9c9b2,24,24,0,6.425,6.323,-0.10199999999999942,61,False
TR,nuscale_voygr6,w_NH_minus_20,weight,8b16dc60-1a2b-4b2c-bcad-1c334d246ae3,65,65,0,6.288,6.215,-0.0730000000000004,110,False
TR,nuscale_voygr6,w_NH_minus_20,weight,8dd46a05-6e0c-4009-90ad-bd5909c25622,90,92,2,5.984,5.874,-0.11000000000000032,110,False
PL,nuscale_voygr6,w_NH_minus_20,weight,8dd8db4c-b62d-4f6b-a2ee-70a9ed785e7a,43,43,0,5.925,5.754,-0.17100000000000026,61,False
PL,nuscale_voygr6,w_NH_minus_20,weight,8e485f8a-5c68-4541-ab1d-77783f6fcb2d,17,17,0,6.762,6.691,-0.07099999999999973,61,False
HU,nuscale_voygr6,w_NH_minus_20,weight,903d6b94-cd9d-4c32-b7e2-4bbfbee929df,5,5,0,6.338,6.274,-0.06400000000000006,11,False
AT,nuscale_voygr6,w_NH_minus_20,weight,90820fe3-9889-4faf-9906-7c528f8d7bc5,6,6,0,6.399,6.282,-0.11699999999999999,6,False
TR,nuscale_voygr6,w_NH_minus_20,weight,9163ca37-1b31-409d-974f-9e7ed5e5f33d,55,59,4,6.445,6.359,-0.0860000000000003,110,False
PL,nuscale_voygr6,w_NH_minus_20,weight,917008f5-fba1-4ef7-b82d-9aded2b69267,16,16,0,6.812,6.709,-0.10300000000000065,61,False
TR,nuscale_voygr6,w_NH_minus_20,weight,91f28dbb-16bd-449b-a20a-dc2b70cf2e66,69,69,0,6.206,6.144,-0.06200000000000028,110,False
TR,nuscale_voygr6,w_NH_minus_20,weight,94a5c55f-c499-41b1-81da-deaa36686399,21,22,1,6.803,6.727,-0.07599999999999962,110,False
UA,nuscale_voygr6,w_NH_minus_20,weight,95872473-c476-4ceb-bcf5-54cfdf415e42,19,19,0,5.574,5.45,-0.12399999999999967,20,False
RO,nuscale_voygr6,w_NH_minus_20,weight,958e4d82-853a-41f1-a442-94b4c4314221,2,2,0,7.272,7.232,-0.040000000000000036,21,False
TR,nuscale_voygr6,w_NH_minus_20,weight,96129c93-83a6-4b1c-929b-bfccba86a796,70,70,0,6.204,6.142,-0.06199999999999939,110,False
TR,nuscale_voygr6,w_NH_minus_20,weight,9699244b-14c0-4e27-afd1-105494fccd60,38,42,4,6.584,6.52,-0.06400000000000006,110,False
CZ,nuscale_voygr6,w_NH_minus_20,weight,97ed917e-acfa-4002-be89-4ec44972ab45,21,21,0,5.85,5.706,-0.14399999999999924,29,False
TR,nuscale_voygr6,w_NH_minus_20,weight,98019711-a8c3-424a-870e-00d4fea75ed1,88,88,0,6.036,5.934,-0.10199999999999942,110,False
RO,nuscale_voygr6,w_NH_minus_20,weight,9825e28e-fd6e-460d-9caf-0342563f9060,6,6,0,6.422,6.341,-0.08099999999999952,21,False
RS,nuscale_voygr6,w_NH_minus_20,weight,993ccce2-d5e1-498d-827d-8dbfeb42582b,3,3,0,6.584,6.492,-0.09199999999999964,6,False
HU,nuscale_voygr6,w_NH_minus_20,weight,997474f6-9bfd-4abd-a2ac-d8618db8f0b4,1,1,0,7.568,7.543,-0.024999999999999467,11,False
AT,nuscale_voygr6,w_NH_minus_20,weight,99d712ac-7993-4186-8a0e-2e88bae7e90f,3,3,0,6.646,6.597,-0.04899999999999949,6,False
TR,nuscale_voygr6,w_NH_minus_20,weight,9a6447f2-2887-4cce-a115-dc773d7f6eb1,48,49,1,6.511,6.442,-0.06899999999999995,110,False
CZ,nuscale_voygr6,w_NH_minus_20,weight,9c4291f1-173b-467e-ae26-8cb01312c605,8,9,1,6.66,6.548,-0.1120000000000001,29,False
TR,nuscale_voygr6,w_NH_minus_20,weight,9eb693f6-6994-4937-bc4d-e8213baa5d47,29,31,2,6.702,6.647,-0.054999999999999716,110,False
BG,nuscale_voygr6,w_NH_minus_20,weight,a064c7ae-e699-4a94-a18c-79bdfe42bce3,4,4,0,6.83,6.755,-0.07500000000000018,7,False
PL,nuscale_voygr6,w_NH_minus_20,weight,a19228ce-f25a-4ffd-a249-9d01403e6b81,11,11,0,7.045,6.943,-0.10200000000000031,61,False
BA,nuscale_voygr6,w_NH_minus_20,weight,a23d073a-cbbd-469a-b134-380945fd3f4c,4,4,0,5.84,5.759,-0.08099999999999952,5,False
SK,nuscale_voygr6,w_NH_minus_20,weight,a2d8261c-3d08-4015-946c-47dbddbd0b98,5,5,0,5.565,5.448,-0.11699999999999999,5,False
TR,nuscale_voygr6,w_NH_minus_20,weight,a4af3789-2c40-41fc-a3ec-3b8d2fc6c645,62,60,-2,6.389,6.339,-0.04999999999999982,110,False
RO,nuscale_voygr6,w_NH_minus_20,weight,a4fa3246-27d6-4740-898c-bdf9dadcb88c,13,15,2,6.014,5.865,-0.14900000000000002,21,False
PL,nuscale_voygr6,w_NH_minus_20,weight,a55e3643-8ed4-434b-b14f-2d549d09c0d9,20,20,0,6.642,6.529,-0.11300000000000043,61,False
TR,nuscale_voygr6,w_NH_minus_20,weight,a6478cb9-5b8c-4d64-bbe6-3d3ed6a3da2c,7,7,0,7.061,7.016,-0.04499999999999993,110,False
PL,nuscale_voygr6,w_NH_minus_20,weight,a67255dd-8134-418e-9377-e28516c53722,27,28,1,6.361,6.209,-0.15200000000000014,61,False
PL,nuscale_voygr6,w_NH_minus_20,weight,a6b51b4f-ba1d-49cd-bc99-8898acdbeb78,29,29,0,6.211,6.096,-0.11500000000000021,61,False
CZ,nuscale_voygr6,w_NH_minus_20,weight,a6bf9980-016e-47ea-b40a-82e384a9eb43,26,29,3,5.578,5.43,-0.14800000000000058,29,False
CZ,nuscale_voygr6,w_NH_minus_20,weight,a733fc13-11a4-4722-b62d-85c85a4f8ef3,12,12,0,6.419,6.38,-0.0389999999999997,29,False
PL,nuscale_voygr6,w_NH_minus_20,weight,a7eeee6e-e14a-40ba-80b6-75ed2e170b20,42,42,0,5.951,5.781,-0.16999999999999993,61,False
PL,nuscale_voygr6,w_NH_minus_20,weight,a91dfe3d-93e0-43a1-99d2-41abdd1fc2ce,58,57,-1,5.591,5.475,-0.11600000000000055,61,False
TR,nuscale_voygr6,w_NH_minus_20,weight,a96dc545-41a9-4b0d-a7a3-f40ef711e5e3,45,45,0,6.555,6.489,-0.06599999999999984,110,False
BA,nuscale_voygr6,w_NH_minus_20,weight,aa0bdb5e-45aa-4d15-8aee-cb5b0e14f5d9,3,1,-2,5.901,5.861,-0.040000000000000036,5,False
TR,nuscale_voygr6,w_NH_minus_20,weight,aa336cdc-f6fe-4b08-b46d-69e852c501bf,41,38,-3,6.573,6.534,-0.03900000000000059,110,False
CZ,nuscale_voygr6,w_NH_minus_20,weight,aa38441d-aec7-4ae9-b4c3-68c5bf567db3,19,19,0,6.122,6.01,-0.1120000000000001,29,False
HR,nuscale_voygr6,w_NH_minus_20,weight,ab151830-e5bd-46de-8400-01aa4c165366,1,1,0,6.433,6.419,-0.014000000000000234,1,True
PL,nuscale_voygr6,w_NH_minus_20,weight,ab57f5c3-8699-46f9-970f-3007dfc58af4,23,25,2,6.463,6.317,-0.1459999999999999,61,False
TR,nuscale_voygr6,w_NH_minus_20,weight,ad0c8590-c672-43f2-a813-1217a10f7d2d,1,1,0,7.473,7.443,-0.03000000000000025,110,False
PL,nuscale_voygr6,w_NH_minus_20,weight,ad7a9c00-0c75-411f-8f89-859e603df1e6,54,54,0,5.695,5.527,-0.16800000000000015,61,False
TR,nuscale_voygr6,w_NH_minus_20,weight,adeb10a5-aaae-4e2c-b426-3db1c3d9bd5b,71,71,0,6.191,6.128,-0.06299999999999972,110,False
RO,nuscale_voygr6,w_NH_minus_20,weight,aff5ffe6-fe7a-4de7-afad-9d4645a64cd9,8,8,0,6.201,6.097,-0.1039999999999992,21,False
BG,nuscale_voygr6,w_NH_minus_20,weight,b01fe781-dbc7-40f8-a544-946288020042,2,2,0,7.01,6.955,-0.054999999999999716,7,False
CZ,nuscale_voygr6,w_NH_minus_20,weight,b0ba194f-3c80-4725-b1e7-fa5277b38833,6,6,0,6.748,6.662,-0.0860000000000003,29,False
PL,nuscale_voygr6,w_NH_minus_20,weight,b24c9876-5a4d-4b83-b442-af2f4b0d1047,50,50,0,5.744,5.599,-0.14499999999999957,61,False
PL,nuscale_voygr6,w_NH_minus_20,weight,b24f9ac5-5ddf-4b19-ba95-76dafeca3d2c,5,5,0,7.192,7.099,-0.09299999999999997,61,False
MD,nuscale_voygr6,w_NH_minus_20,weight,b3eb5dd2-98cf-40c4-b9ee-2a86fd066093,1,1,0,6.456,6.361,-0.09500000000000064,1,True
TR,nuscale_voygr6,w_NH_minus_20,weight,b588126a-42d6-49dc-b227-9283af5a2578,25,25,0,6.745,6.692,-0.052999999999999936,110,False
TR,nuscale_voygr6,w_NH_minus_20,weight,b5a75ec8-a2fe-42ad-b33e-ea32e20ebdfb,51,51,0,6.467,6.395,-0.07200000000000006,110,False
TR,nuscale_voygr6,w_NH_minus_20,weight,b5ff798e-e059-4d8b-a903-00a1fefc62ab,26,26,0,6.745,6.692,-0.052999999999999936,110,False
PL,nuscale_voygr6,w_NH_minus_20,weight,b789a244-7d29-4be3-afe4-2f45d7f11eab,52,51,-1,5.718,5.586,-0.13199999999999967,61,False
TR,nuscale_voygr6,w_NH_minus_20,weight,b8875ff2-9e9d-4520-8879-c71468e9cc50,60,61,1,6.413,6.334,-0.07900000000000063,110,False
PL,nuscale_voygr6,w_NH_minus_20,weight,b8a00967-90a3-4a4e-9979-6b8651d87380,33,30,-3,6.146,6.066,-0.08000000000000007,61,False
PL,nuscale_voygr6,w_NH_minus_20,weight,b8bc6544-1571-4906-95e0-314d62c78a24,10,10,0,7.055,6.954,-0.10099999999999998,61,False
TR,nuscale_voygr6,w_NH_minus_20,weight,bac4a081-83dc-4aba-8076-b67bfc55f54c,106,107,1,5.617,5.485,-0.13199999999999967,110,False
TR,nuscale_voygr6,w_NH_minus_20,weight,bfadbe66-971d-4f64-b222-604a7ee6ac6b,28,28,0,6.715,6.677,-0.038000000000000256,110,False
RO,nuscale_voygr6,w_NH_minus_20,weight,c3790475-3d3b-4e2b-92ae-24503fe03e6b,7,7,0,6.237,6.134,-0.10299999999999976,21,False
PL,nuscale_voygr6,w_NH_minus_20,weight,c39819ef-6798-4c01-9a82-9eead65b5f56,26,26,0,6.381,6.23,-0.1509999999999998,61,False
PL,nuscale_voygr6,w_NH_minus_20,weight,c42c5942-264d-43a1-a9eb-95b00480eb1a,49,48,-1,5.756,5.627,-0.12900000000000045,61,False
UA,nuscale_voygr6,w_NH_minus_20,weight,c47eb6a3-49c1-4879-95b6-9bcd53b7af04,5,5,0,6.617,6.583,-0.03399999999999981,20,False
PL,nuscale_voygr6,w_NH_minus_20,weight,c4d7f628-c108-4496-ac02-6076ea3ae448,38,38,0,6.068,5.958,-0.10999999999999943,61,False
TR,nuscale_voygr6,w_NH_minus_20,weight,c657c5c3-38a2-472d-8962-9e7cefcd2c1e,10,10,0,6.908,6.866,-0.0420000000000007,110,False
TR,nuscale_voygr6,w_NH_minus_20,weight,c6b846cb-3a01-4e17-9d51-da4b58fd1827,101,101,0,5.794,5.706,-0.08799999999999919,110,False
TR,nuscale_voygr6,w_NH_minus_20,weight,c7afd455-7beb-4d23-8d3b-e9a102782d2b,107,106,-1,5.558,5.494,-0.06400000000000006,110,False
TR,nuscale_voygr6,w_NH_minus_20,weight,c8e1cc12-080a-4e01-925d-8fd6e4334856,97,95,-2,5.863,5.808,-0.055000000000000604,110,False
RS,nuscale_voygr6,w_NH_minus_20,weight,c8f15aca-174b-4be6-a6d9-abfa4685d10d,4,4,0,6.562,6.469,-0.09299999999999997,6,False
SK,nuscale_voygr6,w_NH_minus_20,weight,c97125b3-20ed-4e21-a853-b928644ec7dd,1,1,0,7.02,6.958,-0.06199999999999939,5,False
TR,nuscale_voygr6,w_NH_minus_20,weight,c9c85786-eb26-4e7b-b280-83a54b7e834f,47,46,-1,6.527,6.485,-0.041999999999999815,110,False
TR,nuscale_voygr6,w_NH_minus_20,weight,ca423571-d2ab-44d4-b5ce-3e649d9cc776,74,78,4,6.175,6.055,-0.1200000000000001,110,False
TR,nuscale_voygr6,w_NH_minus_20,weight,cb08e7b6-0af3-45d9-95c3-3832e7e2677c,13,13,0,6.878,6.83,-0.04800000000000004,110,False
TR,nuscale_voygr6,w_NH_minus_20,weight,cb825b0f-e315-4221-b194-43d5b472382d,83,86,3,6.088,5.989,-0.0990000000000002,110,False
CZ,nuscale_voygr6,w_NH_minus_20,weight,cbd67443-4a4e-44fd-a9ed-20ba9574c99e,29,28,-1,5.551,5.448,-0.10299999999999976,29,False
TR,nuscale_voygr6,w_NH_minus_20,weight,cc635340-954c-4428-9fa1-14383c7faceb,49,48,-1,6.496,6.453,-0.04300000000000015,110,False
PL,nuscale_voygr6,w_NH_minus_20,weight,ccc15bde-1c5a-40bf-8f09-2fcb1e896ce5,53,53,0,5.718,5.572,-0.1459999999999999,61,False
PL,nuscale_voygr6,w_NH_minus_20,weight,cd84938d-eea8-47a1-8ea6-2e9f943e5914,3,4,1,7.231,7.157,-0.07399999999999984,61,False
UA,nuscale_voygr6,w_NH_minus_20,weight,cdb6adfb-52ff-4631-939a-001080b20450,6,6,0,6.461,6.378,-0.08300000000000018,20,False
PL,nuscale_voygr6,w_NH_minus_20,weight,cdc888ad-fd51-4710-a5ab-3cd0fe9ddb48,15,15,0,6.838,6.723,-0.11500000000000021,61,False
TR,nuscale_voygr6,w_NH_minus_20,weight,ce39538c-997e-4a7d-bc32-f164f50f9aa0,79,80,1,6.115,6.047,-0.0680000000000005,110,False
UA,nuscale_voygr6,w_NH_minus_20,weight,cec871bd-c7f6-4444-b0da-9b3a9ecc6963,3,4,1,6.73,6.625,-0.10500000000000043,20,False
TR,nuscale_voygr6,w_NH_minus_20,weight,cf9150af-0325-44d8-bbaf-493e742f2e2b,50,53,3,6.474,6.391,-0.08300000000000018,110,False
TR,nuscale_voygr6,w_NH_minus_20,weight,d020ac37-4f23-41b1-8f1e-b425b5769424,53,50,-3,6.456,6.409,-0.0470000000000006,110,False
TR,nuscale_voygr6,w_NH_minus_20,weight,d12e7ffc-4cd3-4ff4-81da-ae360d59409b,85,85,0,6.066,5.994,-0.07200000000000006,110,False
TR,nuscale_voygr6,w_NH_minus_20,weight,d1863136-5ff4-4b4d-a9c0-6219e92d637d,6,6,0,7.107,7.079,-0.02800000000000047,110,False
TR,nuscale_voygr6,w_NH_minus_20,weight,d21335d4-0a3d-4464-85e0-352745a38db4,59,57,-2,6.435,6.388,-0.04699999999999971,110,False
RS,nuscale_voygr6,w_NH_minus_20,weight,d30af109-79cb-4ab5-a878-6f574b58116a,2,2,0,6.613,6.567,-0.04600000000000026,6,False
PL,nuscale_voygr6,w_NH_minus_20,weight,d3b5a049-6bff-400b-9312-96985f03acea,59,59,0,5.539,5.439,-0.09999999999999964,61,False
UA,nuscale_voygr6,w_NH_minus_20,weight,d3b9e403-7744-44c5-b5c3-999c4c1911d8,20,20,0,5.252,5.107,-0.14499999999999957,20,False
TR,nuscale_voygr6,w_NH_minus_20,weight,d3f986d9-a023-4d43-a0fb-03361f310873,14,14,0,6.878,6.83,-0.04800000000000004,110,False
TR,nuscale_voygr6,w_NH_minus_20,weight,d48d2f39-d58f-4299-9b2f-56d194d2d13b,87,83,-4,6.061,6.023,-0.038000000000000256,110,False
RO,nuscale_voygr6,w_NH_minus_20,weight,d498ded8-449c-4672-8bb9-0ed6c8fef775,12,12,0,6.027,5.92,-0.1070000000000002,21,False
TR,nuscale_voygr6,w_NH_minus_20,weight,d5151598-5a1a-4697-8147-592845ffef6c,94,93,-1,5.917,5.864,-0.052999999999999936,110,False
PL,nuscale_voygr6,w_NH_minus_20,weight,d60b377c-9bb4-4fd5-adb7-a9a9ba98ae76,36,35,-1,6.107,5.999,-0.10800000000000054,61,False
TR,nuscale_voygr6,w_NH_minus_20,weight,d6cb5642-d5ec-4a15-bc6b-8be4cb0a382e,17,18,1,6.847,6.797,-0.05000000000000071,110,False
CZ,nuscale_voygr6,w_NH_minus_20,weight,d762ceeb-514f-43a6-9f91-a2d422ed6c60,2,2,0,7.014,7.0,-0.014000000000000234,29,False
RO,nuscale_voygr6,w_NH_minus_20,weight,dac2a974-a2de-46c5-b581-03985a9ae7d0,11,11,0,6.054,5.935,-0.11900000000000066,21,False
PL,nuscale_voygr6,w_NH_minus_20,weight,dadadad9-b67e-44b8-a9ab-4cbf116da20b,4,3,-1,7.224,7.172,-0.05200000000000049,61,False
TR,nuscale_voygr6,w_NH_minus_20,weight,db87ce6a-3802-44c5-945f-8a95d3cf111b,81,87,6,6.109,5.984,-0.125,110,False
PL,nuscale_voygr6,w_NH_minus_20,weight,dc87cdf1-9936-4a59-a5e9-b5e360173490,39,39,0,6.042,5.892,-0.14999999999999947,61,False
TR,nuscale_voygr6,w_NH_minus_20,weight,dd413ee8-a6f2-4e7c-8e6c-6d0ed8637d83,19,19,0,6.817,6.797,-0.020000000000000462,110,False
TR,nuscale_voygr6,w_NH_minus_20,weight,ddc8bb9c-bf77-4075-b38c-600fb072acf8,11,12,1,6.902,6.86,-0.041999999999999815,110,False
PL,nuscale_voygr6,w_NH_minus_20,weight,de6735bd-7a79-43c8-baad-1fe23d50d6f0,22,22,0,6.536,6.402,-0.13399999999999945,61,False
TR,nuscale_voygr6,w_NH_minus_20,weight,e03c394f-1c08-4101-b1fe-f6662fe4b424,15,15,0,6.861,6.805,-0.05600000000000005,110,False
RO,nuscale_voygr6,w_NH_minus_20,weight,e073b3f8-4312-4d34-b322-6289a3121af1,14,13,-1,6.014,5.88,-0.13400000000000034,21,False
TR,nuscale_voygr6,w_NH_minus_20,weight,e10aae79-05b7-4ad9-9d69-60ce190b4444,42,39,-3,6.573,6.534,-0.03900000000000059,110,False
HU,nuscale_voygr6,w_NH_minus_20,weight,e1649639-2e45-4226-9c7a-783d2dcb6724,10,11,1,5.344,5.181,-0.16300000000000026,11,False
CZ,nuscale_voygr6,w_NH_minus_20,weight,e299922a-1670-4aff-acda-fd80600af9af,7,7,0,6.721,6.648,-0.0730000000000004,29,False
PL,nuscale_voygr6,w_NH_minus_20,weight,e2c23866-db1e-4316-82b5-7e3fe50c3c09,47,47,0,5.848,5.697,-0.1509999999999998,61,False
RO,nuscale_voygr6,w_NH_minus_20,weight,e43af28e-a3d3-4047-a9cf-f3b0990754b4,18,18,0,5.759,5.634,-0.125,21,False
UA,nuscale_voygr6,w_NH_minus_20,weight,e4c6a713-99e6-4fdf-afaa-d456779c504c,16,17,1,5.913,5.786,-0.12700000000000067,20,False
PL,nuscale_voygr6,w_NH_minus_20,weight,e4e3b5f0-7038-47a5-84e3-04eb07b3c4d7,14,14,0,6.925,6.81,-0.11500000000000021,61,False
TR,nuscale_voygr6,w_NH_minus_20,weight,e71ec827-7143-48dd-8c8a-8e81705fa971,52,52,0,6.467,6.395,-0.07200000000000006,110,False
BA,nuscale_voygr6,w_NH_minus_20,weight,e75c63e5-ef2f-4e08-8f8c-3da41215af9d,2,2,0,5.907,5.825,-0.08199999999999985,5,False
TR,nuscale_voygr6,w_NH_minus_20,weight,e780e4ac-0506-4186-9b58-0f378f878345,9,9,0,6.969,6.927,-0.0420000000000007,110,False
TR,nuscale_voygr6,w_NH_minus_20,weight,e894ba3e-e397-47c9-b0b9-a72cfb6bd680,95,98,3,5.876,5.75,-0.12600000000000033,110,False
TR,nuscale_voygr6,w_NH_minus_20,weight,e8b6e342-2011-4343-b415-a8bf08501499,99,100,1,5.809,5.722,-0.08699999999999974,110,False
PL,nuscale_voygr6,w_NH_minus_20,weight,e9a1ae49-ff79-462c-af4e-7c6843221d36,55,55,0,5.645,5.497,-0.1479999999999997,61,False
TR,nuscale_voygr6,w_NH_minus_20,weight,e9bc02be-cf10-4b27-9b8a-0d4a954720e4,36,37,1,6.606,6.544,-0.06200000000000028,110,False
PL,nuscale_voygr6,w_NH_minus_20,weight,ebc0f461-acfa-47da-8094-5b15ea3e25a0,19,19,0,6.662,6.575,-0.08699999999999974,61,False
PL,nuscale_voygr6,w_NH_minus_20,weight,ee332928-87b2-4e7b-9203-20e402bc551f,12,12,0,6.99,6.885,-0.10500000000000043,61,False
PL,nuscale_voygr6,w_NH_minus_20,weight,ef2ee2ae-e73e-490c-aa07-746543fe20e6,40,41,1,6.029,5.864,-0.16500000000000004,61,False
HU,nuscale_voygr6,w_NH_minus_20,weight,ef325d90-6d2d-4f8f-89f2-3bc98beb149b,8,8,0,5.812,5.73,-0.08199999999999985,11,False
CZ,nuscale_voygr6,w_NH_minus_20,weight,f1d2bca1-a7a9-4404-84c1-34fc8a59dab7,25,25,0,5.619,5.494,-0.125,29,False
HU,nuscale_voygr6,w_NH_minus_20,weight,f2b3a729-602a-4b6b-acc9-004244f2e556,9,9,0,5.373,5.256,-0.11699999999999999,11,False
UA,nuscale_voygr6,w_NH_minus_20,weight,f2c061de-66ad-4fce-b911-7f1899f25b75,12,10,-2,6.278,6.201,-0.07699999999999996,20,False
TR,nuscale_voygr6,w_NH_minus_20,weight,f2e65fcf-afc4-4443-ac14-f15c8ffe48f3,20,20,0,6.817,6.797,-0.020000000000000462,110,False
CZ,nuscale_voygr6,w_NH_minus_20,weight,f3523341-daaa-4573-a856-becb2e1bb9e3,4,4,0,6.939,6.865,-0.07399999999999984,29,False
PL,nuscale_voygr6,w_NH_minus_20,weight,f5be4e73-938d-4fe2-b585-5090ec780670,28,27,-1,6.36,6.23,-0.1299999999999999,61,False
HU,nuscale_voygr6,w_NH_minus_20,weight,f7dcdb63-26e6-44cd-b440-ec14fe507d90,2,2,0,7.042,6.984,-0.05799999999999983,11,False
PL,nuscale_voygr6,w_NH_minus_20,weight,f8f9f43d-6a3b-445d-818e-ca82a90ace65,51,52,1,5.74,5.583,-0.15700000000000003,61,False
TR,nuscale_voygr6,w_NH_minus_20,weight,f92bc907-9b9b-4d21-92fd-1705bd71128c,89,89,0,6.036,5.906,-0.1299999999999999,110,False
TR,nuscale_voygr6,w_NH_minus_20,weight,fa6b7ac3-c1bf-478f-8d0a-1f357ea480cf,100,102,2,5.808,5.703,-0.10499999999999954,110,False
BY,nuscale_voygr6,w_NH_minus_20,weight,fac3d0b5-36a5-48ae-8494-f2f08e4342f4,1,1,0,6.786,6.686,-0.09999999999999964,2,True
UA,nuscale_voygr6,w_NH_minus_20,weight,fb7d4d9a-3f27-4b50-9941-6a8fccd25e9a,9,11,2,6.335,6.192,-0.1429999999999998,20,False
TR,nuscale_voygr6,w_NH_minus_20,weight,fc307877-758b-4dbf-afbe-abfc4a778155,35,35,0,6.613,6.552,-0.06100000000000083,110,False
TR,nuscale_voygr6,w_NH_minus_20,weight,fecb62d9-6fb8-4f8d-83e3-78a7c75adb6e,64,64,0,6.321,6.239,-0.08199999999999985,110,False
TR,nuscale_voygr6,w_NH_plus_20,weight,0049a899-af5f-41cd-86ae-2ba729b6365f,93,93,0,5.942,6.012,0.0699999999999994,110,False
RS,nuscale_voygr6,w_NH_plus_20,weight,0182ec25-0df9-4e4b-9861-d76a332bc282,1,1,0,6.715,6.768,0.052999999999999936,6,False
UA,nuscale_voygr6,w_NH_plus_20,weight,02253fcc-4fc6-42d4-a6a8-42365487302f,13,13,0,6.148,6.24,0.09200000000000053,20,False
TR,nuscale_voygr6,w_NH_plus_20,weight,0248611c-b745-404f-ad50-c2870882c7a1,18,19,1,6.832,6.859,0.027000000000000135,110,False
UA,nuscale_voygr6,w_NH_plus_20,weight,038d42e9-769b-4b22-9513-dccff48b42cd,15,15,0,5.93,6.042,0.1120000000000001,20,False
HU,nuscale_voygr6,w_NH_plus_20,weight,059b3ad4-7196-4e6b-b169-8605ceeed841,4,4,0,6.601,6.677,0.07599999999999962,11,False
CZ,nuscale_voygr6,w_NH_plus_20,weight,05daa6b2-bb29-4c26-a459-855626673955,13,14,1,6.34,6.422,0.08199999999999985,29,False
PL,nuscale_voygr6,w_NH_plus_20,weight,06641fea-8997-4b69-a618-6afa34b82591,44,44,0,5.912,6.066,0.15399999999999991,61,False
SK,nuscale_voygr6,w_NH_plus_20,weight,06defca3-9105-437f-afd4-52f5603d9b8e,4,4,0,6.272,6.299,0.027000000000000135,5,False
TR,nuscale_voygr6,w_NH_plus_20,weight,0947a4c8-4fc1-492f-9c66-2c9a993c7fb0,54,53,-1,6.445,6.521,0.07599999999999962,110,False
CZ,nuscale_voygr6,w_NH_plus_20,weight,0ae8917b-a70b-41e5-82de-e4963a7686e3,16,16,0,6.265,6.333,0.0680000000000005,29,False
PL,nuscale_voygr6,w_NH_plus_20,weight,0b187a1d-55de-47cf-96a3-06abc8ff2476,18,20,2,6.662,6.74,0.07800000000000029,61,False
TR,nuscale_voygr6,w_NH_plus_20,weight,0ca4ff78-4113-4ad9-ac04-0fd541d42338,78,83,5,6.123,6.158,0.03500000000000014,110,False
TR,nuscale_voygr6,w_NH_plus_20,weight,0fec985c-c66e-40af-a123-a9ba4db269bb,63,63,0,6.35,6.421,0.07100000000000062,110,False
TR,nuscale_voygr6,w_NH_plus_20,weight,1289753b-43db-4058-8fe1-6e38b5fb01b5,27,29,2,6.726,6.737,0.01100000000000012,110,False
TR,nuscale_voygr6,w_NH_plus_20,weight,142cad75-648a-495d-8c10-792351e72126,4,4,0,7.153,7.199,0.04600000000000026,110,False
CZ,nuscale_voygr6,w_NH_plus_20,weight,14e88076-ce0e-4693-bca4-e80f3f013c7f,18,18,0,6.259,6.309,0.04999999999999982,29,False
TR,nuscale_voygr6,w_NH_plus_20,weight,1624a526-07d8-44a4-8ed7-3b035b748f03,105,106,1,5.653,5.699,0.04600000000000026,110,False
TR,nuscale_voygr6,w_NH_plus_20,weight,166f5fcc-1cc4-4cf5-9e52-59e7ce1557c6,23,22,-1,6.759,6.829,0.0699999999999994,110,False
SK,nuscale_voygr6,w_NH_plus_20,weight,1719d38b-61e8-4b01-844b-3a2f85c8a186,3,3,0,6.503,6.571,0.06799999999999962,5,False
MK,nuscale_voygr6,w_NH_plus_20,weight,1739b1b7-a6f3-466c-9dfa-3d1de9d5b6db,1,1,0,6.391,6.465,0.07399999999999984,3,False
TR,nuscale_voygr6,w_NH_plus_20,weight,17568f0f-91fd-4efe-b4df-2c7cc5d80b7d,110,110,0,5.073,5.146,0.07299999999999951,110,False
CZ,nuscale_voygr6,w_NH_plus_20,weight,180880c2-7284-4723-b02a-a62348b9b40b,9,9,0,6.633,6.674,0.04100000000000037,29,False
TR,nuscale_voygr6,w_NH_plus_20,weight,1820429d-bd95-4e56-a6db-d9bb57e2ae07,96,96,0,5.865,5.951,0.08599999999999941,110,False
PL,nuscale_voygr6,w_NH_plus_20,weight,187b4fd7-6a61-4e94-8ed4-495ac6dfc317,25,26,1,6.419,6.498,0.07900000000000063,61,False
RO,nuscale_voygr6,w_NH_plus_20,weight,18ecb024-ee4f-4045-8254-5e95d61dea8c,15,15,0,5.958,6.03,0.07200000000000006,21,False
LV,nuscale_voygr6,w_NH_plus_20,weight,1a5b8f8f-f4be-4514-8738-755d25e19b41,1,1,0,6.728,6.826,0.09799999999999986,1,True
CZ,nuscale_voygr6,w_NH_plus_20,weight,1c059a42-608c-4753-8fcf-ba797d94f900,24,24,0,5.68,5.787,0.1070000000000002,29,False
TR,nuscale_voygr6,w_NH_plus_20,weight,1ce7624e-1d72-4293-8ff4-09096b56ddd2,109,109,0,5.401,5.461,0.0600000000000005,110,False
PL,nuscale_voygr6,w_NH_plus_20,weight,1d19dce6-c458-4656-901d-6a8d3c548761,9,11,2,7.075,7.129,0.05399999999999938,61,False
RO,nuscale_voygr6,w_NH_plus_20,weight,1d8be6d0-f3a5-4b32-9d46-3526289731f8,21,21,0,5.375,5.476,0.10099999999999998,21,False
TR,nuscale_voygr6,w_NH_plus_20,weight,1f305180-6bbf-4758-9a98-78bc9e96e195,46,45,-1,6.528,6.593,0.06500000000000039,110,False
PL,nuscale_voygr6,w_NH_plus_20,weight,202d797d-b0f9-4cd0-bbac-d7bb06805c09,37,40,3,6.071,6.148,0.07699999999999996,61,False
CZ,nuscale_voygr6,w_NH_plus_20,weight,20bce4f5-ca0b-4145-87e5-0a0694343f31,17,15,-2,6.263,6.34,0.07699999999999996,29,False
CZ,nuscale_voygr6,w_NH_plus_20,weight,20c9d02d-e9e8-40b3-a11e-7a2e01018d8c,14,13,-1,6.34,6.427,0.08699999999999974,29,False
TR,nuscale_voygr6,w_NH_plus_20,weight,21ccc44f-3244-4e7f-9654-eae424288200,76,79,3,6.13,6.174,0.04400000000000048,110,False
TR,nuscale_voygr6,w_NH_plus_20,weight,231565d3-4f56-43ee-a357-1f4451c6fbc3,37,37,0,6.588,6.646,0.05799999999999983,110,False
TR,nuscale_voygr6,w_NH_plus_20,weight,2350bab4-9869-43f1-b62f-a4d5aea77ef5,77,76,-1,6.13,6.189,0.05900000000000016,110,False
PL,nuscale_voygr6,w_NH_plus_20,weight,239ea0eb-a9c4-43cc-ac5f-35271bdc6613,7,7,0,7.102,7.194,0.09199999999999964,61,False
CZ,nuscale_voygr6,w_NH_plus_20,weight,274ec928-e527-44cf-86c5-b6eddc09d0f7,20,20,0,5.918,6.042,0.12399999999999967,29,False
PL,nuscale_voygr6,w_NH_plus_20,weight,27fc89b3-ee57-44ac-8073-a700bc8d12e8,41,41,0,6.003,6.117,0.11399999999999988,61,False
CZ,nuscale_voygr6,w_NH_plus_20,weight,287cbb48-bb08-40dd-82c5-cfe1530dfbb9,1,1,0,7.075,7.132,0.056999999999999496,29,False
HU,nuscale_voygr6,w_NH_plus_20,weight,28b36531-865d-42ae-afb3-b8bad86f7014,6,5,-1,6.305,6.398,0.09299999999999997,11,False
PL,nuscale_voygr6,w_NH_plus_20,weight,29479c3f-8db8-4f62-90e8-59ad6739f90b,34,34,0,6.12,6.228,0.10799999999999965,61,False
RS,nuscale_voygr6,w_NH_plus_20,weight,296282b1-d079-4c1e-b2df-12c25128b963,6,6,0,6.259,6.321,0.06199999999999939,6,False
PL,nuscale_voygr6,w_NH_plus_20,weight,2981a12d-3444-4301-96ba-a63ef50bec3e,1,1,0,7.516,7.547,0.030999999999999694,61,False
RO,nuscale_voygr6,w_NH_plus_20,weight,29836b52-a882-4921-95a7-6417e636d9a2,3,3,0,6.76,6.804,0.04400000000000048,21,False
PL,nuscale_voygr6,w_NH_plus_20,weight,29a58981-aaf7-4450-ad41-49dd6d786168,48,48,0,5.782,5.931,0.14900000000000002,61,False
UA,nuscale_voygr6,w_NH_plus_20,weight,29b3a802-7ef1-4722-ad59-b1511b1b0075,1,1,0,7.046,7.094,0.04800000000000004,20,False
TR,nuscale_voygr6,w_NH_plus_20,weight,2a3aad60-2bff-4206-8275-f6e2029f9278,66,68,2,6.252,6.291,0.03900000000000059,110,False
TR,nuscale_voygr6,w_NH_plus_20,weight,2b6a65d3-efb0-44d8-b88b-9aad311f4ac4,31,30,-1,6.664,6.717,0.052999999999999936,110,False
PL,nuscale_voygr6,w_NH_plus_20,weight,2da9dab9-7b4e-46e7-b1c8-70eeb329c177,56,57,1,5.614,5.732,0.11800000000000033,61,False
AT,nuscale_voygr6,w_NH_plus_20,weight,2dcd2c6d-f375-4408-9492-7910662fac03,1,1,0,7.333,7.399,0.06599999999999984,6,False
TR,nuscale_voygr6,w_NH_plus_20,weight,2ec95392-978d-4a43-85b9-af3282c212ba,2,2,0,7.305,7.317,0.012000000000000455,110,False
TR,nuscale_voygr6,w_NH_plus_20,weight,2ed9363f-a9fe-46e5-8b92-c50b47a9077a,68,67,-1,6.237,6.316,0.07899999999999974,110,False
BG,nuscale_voygr6,w_NH_plus_20,weight,2fb27566-cc7b-4530-8ff9-e55e3a1985bd,5,5,0,6.504,6.563,0.05900000000000016,7,False
CZ,nuscale_voygr6,w_NH_plus_20,weight,2fe0a0b3-4108-427e-8e54-f77e1ea7227c,3,3,0,6.939,7.004,0.0649999999999995,29,False
BG,nuscale_voygr6,w_NH_plus_20,weight,30c9e377-b575-46fa-880f-922c46e6500a,1,1,0,7.102,7.171,0.06899999999999995,7,False
CZ,nuscale_voygr6,w_NH_plus_20,weight,32484f7b-18a4-4b21-8e6a-6d68ae099d02,5,5,0,6.85,6.903,0.052999999999999936,29,False
BG,nuscale_voygr6,w_NH_plus_20,weight,33a015dd-51e0-497e-b0d3-4b1b3f070438,6,6,0,5.792,5.908,0.11600000000000055,7,False
BA,nuscale_voygr6,w_NH_plus_20,weight,344e0e9a-558e-4749-bb66-cd746be50cbd,5,5,0,5.556,5.672,0.11599999999999966,5,False
RO,nuscale_voygr6,w_NH_plus_20,weight,345fb795-170a-4fb5-833c-f6bcf2eb450c,1,1,0,7.633,7.671,0.038000000000000256,21,False
HU,nuscale_voygr6,w_NH_plus_20,weight,34d88ce8-d49c-4b19-af2d-6efcb1b72149,11,11,0,5.308,5.404,0.09600000000000009,11,False
UA,nuscale_voygr6,w_NH_plus_20,weight,3657989a-61ae-4fe3-9e8b-6ba7e68f8c59,14,14,0,6.017,6.117,0.09999999999999964,20,False
ME,nuscale_voygr6,w_NH_plus_20,weight,3795824b-cb76-48dd-a65c-764c757ddc76,1,1,0,5.242,5.317,0.07500000000000018,1,True
TR,nuscale_voygr6,w_NH_plus_20,weight,381221dd-76da-4adf-9b19-5da9f0779c22,80,78,-2,6.109,6.181,0.07200000000000006,110,False
TR,nuscale_voygr6,w_NH_plus_20,weight,3819acc8-761d-49ba-89e7-967d3d37ec0e,98,99,1,5.851,5.9,0.04900000000000038,110,False
PL,nuscale_voygr6,w_NH_plus_20,weight,399668d6-bfed-4e5b-bf38-9ee5902101c3,57,56,-1,5.597,5.734,0.13699999999999957,61,False
TR,nuscale_voygr6,w_NH_plus_20,weight,3a06636d-c742-4b72-b9cd-21a4537c331b,84,88,4,6.073,6.095,0.021999999999999353,110,False
BG,nuscale_voygr6,w_NH_plus_20,weight,3bb6666f-de2f-4c6f-a28e-c3bddb71b54a,3,3,0,6.891,6.949,0.05799999999999983,7,False
UA,nuscale_voygr6,w_NH_plus_20,weight,3bd2a957-ff3b-4bfd-9dba-808279edccb9,18,18,0,5.739,5.862,0.12300000000000022,20,False
RO,nuscale_voygr6,w_NH_plus_20,weight,3bef37a3-239e-498d-a160-77452a6a9b79,20,19,-1,5.442,5.564,0.12199999999999989,21,False
PL,nuscale_voygr6,w_NH_plus_20,weight,3d2d4c37-eb9d-4b35-a8b1-b3f485bc3e3f,32,32,0,6.146,6.274,0.1280000000000001,61,False
TR,nuscale_voygr6,w_NH_plus_20,weight,3e5f4317-6f40-44fb-bfa2-e21dc4d9922d,34,36,2,6.618,6.65,0.03200000000000003,110,False
TR,nuscale_voygr6,w_NH_plus_20,weight,3f1ad930-cffb-4991-badd-773db74b890c,43,39,-4,6.569,6.626,0.057000000000000384,110,False
PL,nuscale_voygr6,w_NH_plus_20,weight,40650551-0c9c-45ea-bac6-befdb0cb5909,31,29,-2,6.19,6.335,0.14499999999999957,61,False
PL,nuscale_voygr6,w_NH_plus_20,weight,409dde58-5df1-44d9-b5ec-f8e2edd86786,35,33,-2,6.12,6.25,0.1299999999999999,61,False
PL,nuscale_voygr6,w_NH_plus_20,weight,40b4334a-7ba4-4ed8-aa8e-3c405599fbd7,45,45,0,5.891,6.053,0.16199999999999992,61,False
PL,nuscale_voygr6,w_NH_plus_20,weight,416aab55-6fd9-4a0a-b8f8-796fb62d86a5,30,30,0,6.198,6.318,0.11999999999999922,61,False
TR,nuscale_voygr6,w_NH_plus_20,weight,42d5b3fd-7d07-409b-9154-4441695b7901,67,66,-1,6.241,6.318,0.07699999999999996,110,False
CZ,nuscale_voygr6,w_NH_plus_20,weight,43e5b2b4-2ccf-46ab-b01e-e3d480146455,27,29,2,5.551,5.624,0.07299999999999951,29,False
TR,nuscale_voygr6,w_NH_plus_20,weight,43f99d45-6635-4392-a522-4a06445fdaf2,39,40,1,6.576,6.621,0.04500000000000082,110,False
PL,nuscale_voygr6,w_NH_plus_20,weight,4411a22e-4e8a-4715-b000-1aae34494b68,8,8,0,7.088,7.176,0.08800000000000008,61,False
TR,nuscale_voygr6,w_NH_plus_20,weight,44362378-9c74-44af-8a08-be4877f50e97,92,92,0,5.977,6.045,0.06799999999999962,110,False
TR,nuscale_voygr6,w_NH_plus_20,weight,44698c12-3c50-4602-8104-dafa5fd215b6,56,58,2,6.435,6.477,0.0420000000000007,110,False
UA,nuscale_voygr6,w_NH_plus_20,weight,447a9ea1-47fa-48a3-93f2-a77cbd629ac7,10,10,0,6.304,6.41,0.10599999999999987,20,False
CZ,nuscale_voygr6,w_NH_plus_20,weight,44d40276-5847-41d1-ab9b-887bbdc1bcfe,22,22,0,5.823,5.958,0.1349999999999998,29,False
UA,nuscale_voygr6,w_NH_plus_20,weight,46b96bc3-b190-4045-9c86-eb674e2ea35e,8,8,0,6.426,6.485,0.05900000000000016,20,False
PL,nuscale_voygr6,w_NH_plus_20,weight,47be3ec4-7abe-4f4c-ac3d-b7f753b8514a,46,46,0,5.886,6.007,0.12099999999999955,61,False
TR,nuscale_voygr6,w_NH_plus_20,weight,48149515-0774-404d-b273-790b660a8d90,44,44,0,6.555,6.599,0.04400000000000048,110,False
TR,nuscale_voygr6,w_NH_plus_20,weight,4b11cac9-4fe0-4a2a-9c09-4fe9a0ac6015,24,24,0,6.745,6.79,0.04499999999999993,110,False
UA,nuscale_voygr6,w_NH_plus_20,weight,4e45df00-0d28-44d0-9697-3fa33d76fc88,11,11,0,6.278,6.346,0.0680000000000005,20,False
CZ,nuscale_voygr6,w_NH_plus_20,weight,4eb7914c-e000-403c-b5a5-c350de67bb83,23,23,0,5.728,5.85,0.12199999999999989,29,False
TR,nuscale_voygr6,w_NH_plus_20,weight,5067ece3-b204-495e-81c1-90a523252547,103,103,0,5.776,5.87,0.0940000000000003,110,False
TR,nuscale_voygr6,w_NH_plus_20,weight,52028d4f-7796-4463-832e-cff2e439c96a,82,82,0,6.102,6.163,0.06099999999999994,110,False
RO,nuscale_voygr6,w_NH_plus_20,weight,52a7babe-313f-493b-86b9-bd0c4aece4c3,5,5,0,6.597,6.678,0.08099999999999952,21,False
PL,nuscale_voygr6,w_NH_plus_20,weight,52db4dae-b014-45a4-96c4-49f80c1fdd11,6,6,0,7.125,7.197,0.07200000000000006,61,False
AT,nuscale_voygr6,w_NH_plus_20,weight,532bfb42-0d4c-42cf-a81a-287f2b3a75bf,4,4,0,6.562,6.679,0.11699999999999999,6,False
TR,nuscale_voygr6,w_NH_plus_20,weight,53481b7f-5b85-4bab-be04-4866c2e72c12,108,108,0,5.5,5.555,0.054999999999999716,110,False
PL,nuscale_voygr6,w_NH_plus_20,weight,558e7bff-5b5d-4666-9ca3-ec02f2269aab,2,2,0,7.314,7.377,0.06299999999999972,61,False
TR,nuscale_voygr6,w_NH_plus_20,weight,55cfe45b-6357-40f9-8623-e9916f91f839,22,23,1,6.781,6.825,0.04400000000000048,110,False
TR,nuscale_voygr6,w_NH_plus_20,weight,56b8e2a3-1885-431f-9fd1-4cd3bebfad61,32,32,0,6.664,6.679,0.015000000000000568,110,False
TR,nuscale_voygr6,w_NH_plus_20,weight,57c0c830-725f-46ee-9322-0a4a3ad9efda,5,5,0,7.107,7.131,0.02400000000000002,110,False
TR,nuscale_voygr6,w_NH_plus_20,weight,5a19f424-1a15-44e6-bf1b-c2c5886ac1bf,72,73,1,6.19,6.245,0.054999999999999716,110,False
RO,nuscale_voygr6,w_NH_plus_20,weight,5a33e5f0-6d86-4eab-adea-6c6bad7f3f45,16,16,0,5.925,6.021,0.09600000000000009,21,False
PL,nuscale_voygr6,w_NH_plus_20,weight,5a57ae0a-6f91-46f4-a1f5-56a6b37596e9,61,61,0,5.458,5.59,0.13199999999999967,61,False
TR,nuscale_voygr6,w_NH_plus_20,weight,5b6be56c-d981-470c-a979-13a8764a34b8,91,91,0,5.982,6.061,0.07899999999999974,110,False
RS,nuscale_voygr6,w_NH_plus_20,weight,5d4aee8d-9e73-4987-907a-d092e0ba92ed,5,5,0,6.524,6.592,0.06799999999999962,6,False
HU,nuscale_voygr6,w_NH_plus_20,weight,5de5f907-98e7-42d3-a7dd-cb65f839697b,3,3,0,6.873,6.952,0.07899999999999974,11,False
UA,nuscale_voygr6,w_NH_plus_20,weight,5ed0a674-a292-44bc-997f-5c1990da1235,2,2,0,6.966,7.036,0.0699999999999994,20,False
TR,nuscale_voygr6,w_NH_plus_20,weight,5ed91c1b-0a1b-4a4c-9b2b-f6bdc8ff9770,102,104,2,5.79,5.844,0.05400000000000027,110,False
CZ,nuscale_voygr6,w_NH_plus_20,weight,5f4ed23c-cea2-41ef-a3e8-ac863e1bdcd6,15,17,2,6.293,6.318,0.024999999999999467,29,False
TR,nuscale_voygr6,w_NH_plus_20,weight,5fa0dfa9-c272-444e-8e70-80ab55b5d36c,16,16,0,6.847,6.892,0.04499999999999993,110,False
CZ,nuscale_voygr6,w_NH_plus_20,weight,60baaa73-dd8c-4865-bb18-6c73d63a4052,10,10,0,6.49,6.568,0.0779999999999994,29,False
CZ,nuscale_voygr6,w_NH_plus_20,weight,63601ccc-3f20-4cbd-95cb-0fbeaf821c6a,11,11,0,6.469,6.544,0.07499999999999929,29,False
HU,nuscale_voygr6,w_NH_plus_20,weight,651839d3-4e8f-4214-89aa-1f96ea221121,7,7,0,5.981,6.052,0.07099999999999973,11,False
AT,nuscale_voygr6,w_NH_plus_20,weight,660d9d71-6733-4294-951b-1c58614d58cf,2,2,0,7.101,7.188,0.08699999999999974,6,False
PL,nuscale_voygr6,w_NH_plus_20,weight,66bdc30c-4179-480b-a55a-5d15be5ac66b,21,18,-3,6.636,6.75,0.11399999999999988,61,False
CZ,nuscale_voygr6,w_NH_plus_20,weight,66c3f077-1ee6-41d7-8e6c-da374bb45139,28,27,-1,5.551,5.642,0.09100000000000019,29,False
TR,nuscale_voygr6,w_NH_plus_20,weight,674deb4f-110c-4120-bea0-5f0711da3ea1,12,14,2,6.891,6.914,0.022999999999999687,110,False
BY,nuscale_voygr6,w_NH_plus_20,weight,68aabff9-e662-4b9f-b37d-4c2ebc5f7539,2,2,0,6.399,6.539,0.13999999999999968,2,True
RO,nuscale_voygr6,w_NH_plus_20,weight,693d9b73-f9fc-4502-9b94-be020c5d21fb,4,4,0,6.679,6.745,0.06599999999999984,21,False
RO,nuscale_voygr6,w_NH_plus_20,weight,6aed2eac-1c97-40c5-b842-fb15fd510f35,9,9,0,6.149,6.214,0.06500000000000039,21,False
RO,nuscale_voygr6,w_NH_plus_20,weight,6c428b2a-ad09-448b-b24c-22465929d69c,19,20,1,5.458,5.563,0.10499999999999954,21,False
TR,nuscale_voygr6,w_NH_plus_20,weight,6c9571c4-5d3b-4f88-a7be-fa8c21425eeb,8,8,0,7.031,7.086,0.055000000000000604,110,False
TR,nuscale_voygr6,w_NH_plus_20,weight,6ddc2960-3d72-4d5f-b358-56d1c54f47e0,57,59,2,6.435,6.477,0.0420000000000007,110,False
AT,nuscale_voygr6,w_NH_plus_20,weight,6e7fc4d8-636d-411a-baef-e138a5a07acc,5,5,0,6.513,6.589,0.07600000000000051,6,False
BG,nuscale_voygr6,w_NH_plus_20,weight,704ef487-f600-4f23-b06e-a0f81b627597,7,7,0,5.646,5.763,0.11699999999999999,7,False
UA,nuscale_voygr6,w_NH_plus_20,weight,70781f2c-24c2-486c-8b32-310c36ba1238,17,17,0,5.887,5.955,0.0680000000000005,20,False
UA,nuscale_voygr6,w_NH_plus_20,weight,725406d6-860f-4ca0-9c6a-425675bac381,7,7,0,6.44,6.519,0.07899999999999974,20,False
TR,nuscale_voygr6,w_NH_plus_20,weight,737b6d06-1d0c-4ae6-9683-ab3fea192b32,86,87,1,6.062,6.107,0.04499999999999993,110,False
PL,nuscale_voygr6,w_NH_plus_20,weight,73fe8f06-c53b-4877-9c1d-5caf3d8f2749,60,60,0,5.51,5.617,0.1070000000000002,61,False
TR,nuscale_voygr6,w_NH_plus_20,weight,746fc66e-d31f-4c5d-bf5c-ab5031b04b15,75,77,2,6.145,6.189,0.04400000000000048,110,False
MK,nuscale_voygr6,w_NH_plus_20,weight,756218bb-3f16-443e-b6c6-400cd0ce2f87,3,3,0,5.294,5.401,0.1070000000000002,3,False
TR,nuscale_voygr6,w_NH_plus_20,weight,76cd9b7f-7613-4fd4-95ab-bf534a2e2f5e,73,74,1,6.176,6.244,0.06799999999999962,110,False
SK,nuscale_voygr6,w_NH_plus_20,weight,770f1d3c-e5fd-493c-a376-e708d2abec6c,2,2,0,6.864,6.887,0.022999999999999687,5,False
TR,nuscale_voygr6,w_NH_plus_20,weight,772e2484-419b-47de-9739-924ac371ad10,61,56,-5,6.409,6.486,0.07699999999999996,110,False
TR,nuscale_voygr6,w_NH_plus_20,weight,778e0750-19f9-426e-a6c7-e0e30645fb97,3,3,0,7.198,7.243,0.04499999999999993,110,False
TR,nuscale_voygr6,w_NH_plus_20,weight,7a805295-0cd2-48be-972e-5282c996549c,58,60,2,6.435,6.477,0.0420000000000007,110,False
TR,nuscale_voygr6,w_NH_plus_20,weight,7b4d3f8f-a644-48a3-93f9-cd3c154dc5c2,104,101,-3,5.766,5.873,0.1070000000000002,110,False
TR,nuscale_voygr6,w_NH_plus_20,weight,7cc9cffa-e4e4-4546-902d-c8f4800dbdb2,30,31,1,6.672,6.714,0.0420000000000007,110,False
PL,nuscale_voygr6,w_NH_plus_20,weight,7fc17ab0-ce24-4830-a938-b8424d1e9368,13,13,0,6.957,7.042,0.08499999999999996,61,False
BA,nuscale_voygr6,w_NH_plus_20,weight,82011c29-a3d3-4a81-a27b-019d2649a251,1,1,0,5.907,6.02,0.11299999999999955,5,False
RO,nuscale_voygr6,w_NH_plus_20,weight,825dc024-9a53-4237-bf59-cbe0af0cf87d,10,10,0,6.082,6.186,0.10400000000000009,21,False
TR,nuscale_voygr6,w_NH_plus_20,weight,82aac38c-3037-466c-9b37-bff9da707645,40,46,6,6.573,6.592,0.01899999999999924,110,False
MK,nuscale_voygr6,w_NH_plus_20,weight,83d3abe4-2049-47ad-a66b-46034edb7569,2,2,0,5.827,5.966,0.13900000000000023,3,False
UA,nuscale_voygr6,w_NH_plus_20,weight,83fede8b-5f92-429d-920d-9a8928a74780,4,4,0,6.697,6.743,0.04600000000000026,20,False
RO,nuscale_voygr6,w_NH_plus_20,weight,8781d874-5923-4795-9c9f-b2a6c709025a,17,17,0,5.811,5.902,0.09100000000000019,21,False
TR,nuscale_voygr6,w_NH_plus_20,weight,8a5dc384-e272-41ed-9868-a0686ac3fc7e,33,33,0,6.664,6.679,0.015000000000000568,110,False
PL,nuscale_voygr6,w_NH_plus_20,weight,8a9d5c87-7edc-49c3-85a2-d97727b9c9b2,24,24,0,6.425,6.516,0.09100000000000019,61,False
TR,nuscale_voygr6,w_NH_plus_20,weight,8b16dc60-1a2b-4b2c-bcad-1c334d246ae3,65,65,0,6.288,6.352,0.06400000000000006,110,False
TR,nuscale_voygr6,w_NH_plus_20,weight,8dd46a05-6e0c-4009-90ad-bd5909c25622,90,90,0,5.984,6.081,0.09700000000000042,110,False
PL,nuscale_voygr6,w_NH_plus_20,weight,8dd8db4c-b62d-4f6b-a2ee-70a9ed785e7a,43,43,0,5.925,6.078,0.15300000000000047,61,False
PL,nuscale_voygr6,w_NH_plus_20,weight,8e485f8a-5c68-4541-ab1d-77783f6fcb2d,17,17,0,6.762,6.824,0.06200000000000028,61,False
HU,nuscale_voygr6,w_NH_plus_20,weight,903d6b94-cd9d-4c32-b7e2-4bbfbee929df,5,6,1,6.338,6.394,0.05600000000000005,11,False
AT,nuscale_voygr6,w_NH_plus_20,weight,90820fe3-9889-4faf-9906-7c528f8d7bc5,6,6,0,6.399,6.504,0.10499999999999954,6,False
TR,nuscale_voygr6,w_NH_plus_20,weight,9163ca37-1b31-409d-974f-9e7ed5e5f33d,55,54,-1,6.445,6.521,0.07599999999999962,110,False
PL,nuscale_voygr6,w_NH_plus_20,weight,917008f5-fba1-4ef7-b82d-9aded2b69267,16,16,0,6.812,6.904,0.09199999999999964,61,False
TR,nuscale_voygr6,w_NH_plus_20,weight,91f28dbb-16bd-449b-a20a-dc2b70cf2e66,69,70,1,6.206,6.261,0.054999999999999716,110,False
TR,nuscale_voygr6,w_NH_plus_20,weight,94a5c55f-c499-41b1-81da-deaa36686399,21,18,-3,6.803,6.87,0.06700000000000017,110,False
UA,nuscale_voygr6,w_NH_plus_20,weight,95872473-c476-4ceb-bcf5-54cfdf415e42,19,19,0,5.574,5.683,0.10899999999999999,20,False
RO,nuscale_voygr6,w_NH_plus_20,weight,958e4d82-853a-41f1-a442-94b4c4314221,2,2,0,7.272,7.308,0.03599999999999959,21,False
TR,nuscale_voygr6,w_NH_plus_20,weight,96129c93-83a6-4b1c-929b-bfccba86a796,70,71,1,6.204,6.259,0.055000000000000604,110,False
TR,nuscale_voygr6,w_NH_plus_20,weight,9699244b-14c0-4e27-afd1-105494fccd60,38,38,0,6.584,6.64,0.05600000000000005,110,False
CZ,nuscale_voygr6,w_NH_plus_20,weight,97ed917e-acfa-4002-be89-4ec44972ab45,21,21,0,5.85,5.978,0.1280000000000001,29,False
TR,nuscale_voygr6,w_NH_plus_20,weight,98019711-a8c3-424a-870e-00d4fea75ed1,88,86,-2,6.036,6.126,0.09000000000000075,110,False
RO,nuscale_voygr6,w_NH_plus_20,weight,9825e28e-fd6e-460d-9caf-0342563f9060,6,6,0,6.422,6.494,0.07200000000000006,21,False
RS,nuscale_voygr6,w_NH_plus_20,weight,993ccce2-d5e1-498d-827d-8dbfeb42582b,3,2,-1,6.584,6.664,0.08000000000000007,6,False
HU,nuscale_voygr6,w_NH_plus_20,weight,997474f6-9bfd-4abd-a2ac-d8618db8f0b4,1,1,0,7.568,7.591,0.023000000000000576,11,False
AT,nuscale_voygr6,w_NH_plus_20,weight,99d712ac-7993-4186-8a0e-2e88bae7e90f,3,3,0,6.646,6.69,0.04400000000000048,6,False
TR,nuscale_voygr6,w_NH_plus_20,weight,9a6447f2-2887-4cce-a115-dc773d7f6eb1,48,47,-1,6.511,6.571,0.05999999999999961,110,False
CZ,nuscale_voygr6,w_NH_plus_20,weight,9c4291f1-173b-467e-ae26-8cb01312c605,8,8,0,6.66,6.759,0.0990000000000002,29,False
TR,nuscale_voygr6,w_NH_plus_20,weight,9eb693f6-6994-4937-bc4d-e8213baa5d47,29,27,-2,6.702,6.751,0.04900000000000038,110,False
BG,nuscale_voygr6,w_NH_plus_20,weight,a064c7ae-e699-4a94-a18c-79bdfe42bce3,4,4,0,6.83,6.897,0.06700000000000017,7,False
PL,nuscale_voygr6,w_NH_plus_20,weight,a19228ce-f25a-4ffd-a249-9d01403e6b81,11,10,-1,7.045,7.136,0.09100000000000019,61,False
BA,nuscale_voygr6,w_NH_plus_20,weight,a23d073a-cbbd-469a-b134-380945fd3f4c,4,4,0,5.84,5.91,0.07000000000000028,5,False
SK,nuscale_voygr6,w_NH_plus_20,weight,a2d8261c-3d08-4015-946c-47dbddbd0b98,5,5,0,5.565,5.668,0.10299999999999976,5,False
TR,nuscale_voygr6,w_NH_plus_20,weight,a4af3789-2c40-41fc-a3ec-3b8d2fc6c645,62,62,0,6.389,6.434,0.04499999999999993,110,False
RO,nuscale_voygr6,w_NH_plus_20,weight,a4fa3246-27d6-4740-898c-bdf9dadcb88c,13,12,-1,6.014,6.145,0.13099999999999934,21,False
PL,nuscale_voygr6,w_NH_plus_20,weight,a55e3643-8ed4-434b-b14f-2d549d09c0d9,20,19,-1,6.642,6.743,0.10099999999999998,61,False
TR,nuscale_voygr6,w_NH_plus_20,weight,a6478cb9-5b8c-4d64-bbe6-3d3ed6a3da2c,7,7,0,7.061,7.1,0.0389999999999997,110,False
PL,nuscale_voygr6,w_NH_plus_20,weight,a67255dd-8134-418e-9377-e28516c53722,27,27,0,6.361,6.495,0.13400000000000034,61,False
PL,nuscale_voygr6,w_NH_plus_20,weight,a6b51b4f-ba1d-49cd-bc99-8898acdbeb78,29,31,2,6.211,6.313,0.10199999999999942,61,False
CZ,nuscale_voygr6,w_NH_plus_20,weight,a6bf9980-016e-47ea-b40a-82e384a9eb43,26,26,0,5.578,5.709,0.13099999999999934,29,False
CZ,nuscale_voygr6,w_NH_plus_20,weight,a733fc13-11a4-4722-b62d-85c85a4f8ef3,12,12,0,6.419,6.453,0.034000000000000696,29,False
PL,nuscale_voygr6,w_NH_plus_20,weight,a7eeee6e-e14a-40ba-80b6-75ed2e170b20,42,42,0,5.951,6.102,0.1510000000000007,61,False
PL,nuscale_voygr6,w_NH_plus_20,weight,a91dfe3d-93e0-43a1-99d2-41abdd1fc2ce,58,58,0,5.591,5.694,0.10299999999999976,61,False
TR,nuscale_voygr6,w_NH_plus_20,weight,a96dc545-41a9-4b0d-a7a3-f40ef711e5e3,45,41,-4,6.555,6.612,0.057000000000000384,110,False
BA,nuscale_voygr6,w_NH_plus_20,weight,aa0bdb5e-45aa-4d15-8aee-cb5b0e14f5d9,3,3,0,5.901,5.936,0.03500000000000014,5,False
TR,nuscale_voygr6,w_NH_plus_20,weight,aa336cdc-f6fe-4b08-b46d-69e852c501bf,41,42,1,6.573,6.607,0.03399999999999981,110,False
CZ,nuscale_voygr6,w_NH_plus_20,weight,aa38441d-aec7-4ae9-b4c3-68c5bf567db3,19,19,0,6.122,6.222,0.10000000000000053,29,False
HR,nuscale_voygr6,w_NH_plus_20,weight,ab151830-e5bd-46de-8400-01aa4c165366,1,1,0,6.433,6.445,0.012000000000000455,1,True
PL,nuscale_voygr6,w_NH_plus_20,weight,ab57f5c3-8699-46f9-970f-3007dfc58af4,23,23,0,6.463,6.591,0.1280000000000001,61,False
TR,nuscale_voygr6,w_NH_plus_20,weight,ad0c8590-c672-43f2-a813-1217a10f7d2d,1,1,0,7.473,7.5,0.027000000000000135,110,False
PL,nuscale_voygr6,w_NH_plus_20,weight,ad7a9c00-0c75-411f-8f89-859e603df1e6,54,53,-1,5.695,5.845,0.14999999999999947,61,False
TR,nuscale_voygr6,w_NH_plus_20,weight,adeb10a5-aaae-4e2c-b426-3db1c3d9bd5b,71,72,1,6.191,6.246,0.055000000000000604,110,False
RO,nuscale_voygr6,w_NH_plus_20,weight,aff5ffe6-fe7a-4de7-afad-9d4645a64cd9,8,8,0,6.201,6.294,0.09299999999999997,21,False
BG,nuscale_voygr6,w_NH_plus_20,weight,b01fe781-dbc7-40f8-a544-946288020042,2,2,0,7.01,7.058,0.04800000000000004,7,False
CZ,nuscale_voygr6,w_NH_plus_20,weight,b0ba194f-3c80-4725-b1e7-fa5277b38833,6,6,0,6.748,6.824,0.07599999999999962,29,False
PL,nuscale_voygr6,w_NH_plus_20,weight,b24c9876-5a4d-4b83-b442-af2f4b0d1047,50,50,0,5.744,5.872,0.1280000000000001,61,False
PL,nuscale_voygr6,w_NH_plus_20,weight,b24f9ac5-5ddf-4b19-ba95-76dafeca3d2c,5,4,-1,7.192,7.274,0.08199999999999985,61,False
MD,nuscale_voygr6,w_NH_plus_20,weight,b3eb5dd2-98cf-40c4-b9ee-2a86fd066093,1,1,0,6.456,6.538,0.08199999999999985,1,True
TR,nuscale_voygr6,w_NH_plus_20,weight,b588126a-42d6-49dc-b227-9283af5a2578,25,25,0,6.745,6.79,0.04499999999999993,110,False
TR,nuscale_voygr6,w_NH_plus_20,weight,b5a75ec8-a2fe-42ad-b33e-ea32e20ebdfb,51,51,0,6.467,6.53,0.06300000000000061,110,False
TR,nuscale_voygr6,w_NH_plus_20,weight,b5ff798e-e059-4d8b-a903-00a1fefc62ab,26,26,0,6.745,6.79,0.04499999999999993,110,False
PL,nuscale_voygr6,w_NH_plus_20,weight,b789a244-7d29-4be3-afe4-2f45d7f11eab,52,54,2,5.718,5.835,0.11699999999999999,61,False
TR,nuscale_voygr6,w_NH_plus_20,weight,b8875ff2-9e9d-4520-8879-c71468e9cc50,60,57,-3,6.413,6.482,0.06899999999999995,110,False
PL,nuscale_voygr6,w_NH_plus_20,weight,b8a00967-90a3-4a4e-9979-6b8651d87380,33,35,2,6.146,6.218,0.07200000000000006,61,False
PL,nuscale_voygr6,w_NH_plus_20,weight,b8bc6544-1571-4906-95e0-314d62c78a24,10,9,-1,7.055,7.145,0.08999999999999986,61,False
TR,nuscale_voygr6,w_NH_plus_20,weight,bac4a081-83dc-4aba-8076-b67bfc55f54c,106,105,-1,5.617,5.732,0.11500000000000021,110,False
TR,nuscale_voygr6,w_NH_plus_20,weight,bfadbe66-971d-4f64-b222-604a7ee6ac6b,28,28,0,6.715,6.749,0.03399999999999981,110,False
RO,nuscale_voygr6,w_NH_plus_20,weight,c3790475-3d3b-4e2b-92ae-24503fe03e6b,7,7,0,6.237,6.328,0.09100000000000019,21,False
PL,nuscale_voygr6,w_NH_plus_20,weight,c39819ef-6798-4c01-9a82-9eead65b5f56,26,25,-1,6.381,6.514,0.133,61,False
PL,nuscale_voygr6,w_NH_plus_20,weight,c42c5942-264d-43a1-a9eb-95b00480eb1a,49,51,2,5.756,5.872,0.11599999999999966,61,False
UA,nuscale_voygr6,w_NH_plus_20,weight,c47eb6a3-49c1-4879-95b6-9bcd53b7af04,5,5,0,6.617,6.646,0.028999999999999915,20,False
PL,nuscale_voygr6,w_NH_plus_20,weight,c4d7f628-c108-4496-ac02-6076ea3ae448,38,39,1,6.068,6.166,0.09800000000000075,61,False
TR,nuscale_voygr6,w_NH_plus_20,weight,c657c5c3-38a2-472d-8962-9e7cefcd2c1e,10,10,0,6.908,6.946,0.03799999999999937,110,False
TR,nuscale_voygr6,w_NH_plus_20,weight,c6b846cb-3a01-4e17-9d51-da4b58fd1827,101,102,1,5.794,5.872,0.07800000000000029,110,False
TR,nuscale_voygr6,w_NH_plus_20,weight,c7afd455-7beb-4d23-8d3b-e9a102782d2b,107,107,0,5.558,5.615,0.057000000000000384,110,False
TR,nuscale_voygr6,w_NH_plus_20,weight,c8e1cc12-080a-4e01-925d-8fd6e4334856,97,97,0,5.863,5.911,0.047999999999999154,110,False
RS,nuscale_voygr6,w_NH_plus_20,weight,c8f15aca-174b-4be6-a6d9-abfa4685d10d,4,4,0,6.562,6.644,0.08199999999999985,6,False
SK,nuscale_voygr6,w_NH_plus_20,weight,c97125b3-20ed-4e21-a853-b928644ec7dd,1,1,0,7.02,7.076,0.05600000000000005,5,False
TR,nuscale_voygr6,w_NH_plus_20,weight,c9c85786-eb26-4e7b-b280-83a54b7e834f,47,48,1,6.527,6.563,0.03599999999999959,110,False
TR,nuscale_voygr6,w_NH_plus_20,weight,ca423571-d2ab-44d4-b5ce-3e649d9cc776,74,69,-5,6.175,6.281,0.10599999999999987,110,False
TR,nuscale_voygr6,w_NH_plus_20,weight,cb08e7b6-0af3-45d9-95c3-3832e7e2677c,13,12,-1,6.878,6.921,0.04300000000000015,110,False
TR,nuscale_voygr6,w_NH_plus_20,weight,cb825b0f-e315-4221-b194-43d5b472382d,83,80,-3,6.088,6.174,0.0860000000000003,110,False
CZ,nuscale_voygr6,w_NH_plus_20,weight,cbd67443-4a4e-44fd-a9ed-20ba9574c99e,29,28,-1,5.551,5.642,0.09100000000000019,29,False
TR,nuscale_voygr6,w_NH_plus_20,weight,cc635340-954c-4428-9fa1-14383c7faceb,49,50,1,6.496,6.535,0.0389999999999997,110,False
PL,nuscale_voygr6,w_NH_plus_20,weight,ccc15bde-1c5a-40bf-8f09-2fcb1e896ce5,53,52,-1,5.718,5.847,0.12900000000000045,61,False
PL,nuscale_voygr6,w_NH_plus_20,weight,cd84938d-eea8-47a1-8ea6-2e9f943e5914,3,3,0,7.231,7.297,0.06599999999999984,61,False
UA,nuscale_voygr6,w_NH_plus_20,weight,cdb6adfb-52ff-4631-939a-001080b20450,6,6,0,6.461,6.534,0.07299999999999951,20,False
PL,nuscale_voygr6,w_NH_plus_20,weight,cdc888ad-fd51-4710-a5ab-3cd0fe9ddb48,15,15,0,6.838,6.94,0.10200000000000031,61,False
TR,nuscale_voygr6,w_NH_plus_20,weight,ce39538c-997e-4a7d-bc32-f164f50f9aa0,79,81,2,6.115,6.174,0.05900000000000016,110,False
UA,nuscale_voygr6,w_NH_plus_20,weight,cec871bd-c7f6-4444-b0da-9b3a9ecc6963,3,3,0,6.73,6.82,0.08999999999999986,20,False
TR,nuscale_voygr6,w_NH_plus_20,weight,cf9150af-0325-44d8-bbaf-493e742f2e2b,50,49,-1,6.474,6.548,0.07399999999999984,110,False
TR,nuscale_voygr6,w_NH_plus_20,weight,d020ac37-4f23-41b1-8f1e-b425b5769424,53,55,2,6.456,6.499,0.04299999999999926,110,False
TR,nuscale_voygr6,w_NH_plus_20,weight,d12e7ffc-4cd3-4ff4-81da-ae360d59409b,85,85,0,6.066,6.129,0.06299999999999972,110,False
TR,nuscale_voygr6,w_NH_plus_20,weight,d1863136-5ff4-4b4d-a9c0-6219e92d637d,6,6,0,7.107,7.131,0.02400000000000002,110,False
TR,nuscale_voygr6,w_NH_plus_20,weight,d21335d4-0a3d-4464-85e0-352745a38db4,59,61,2,6.435,6.477,0.0420000000000007,110,False
RS,nuscale_voygr6,w_NH_plus_20,weight,d30af109-79cb-4ab5-a878-6f574b58116a,2,3,1,6.613,6.653,0.03999999999999915,6,False
PL,nuscale_voygr6,w_NH_plus_20,weight,d3b5a049-6bff-400b-9312-96985f03acea,59,59,0,5.539,5.628,0.08900000000000041,61,False
UA,nuscale_voygr6,w_NH_plus_20,weight,d3b9e403-7744-44c5-b5c3-999c4c1911d8,20,20,0,5.252,5.381,0.12900000000000045,20,False
TR,nuscale_voygr6,w_NH_plus_20,weight,d3f986d9-a023-4d43-a0fb-03361f310873,14,13,-1,6.878,6.921,0.04300000000000015,110,False
TR,nuscale_voygr6,w_NH_plus_20,weight,d48d2f39-d58f-4299-9b2f-56d194d2d13b,87,89,2,6.061,6.095,0.03399999999999981,110,False
RO,nuscale_voygr6,w_NH_plus_20,weight,d498ded8-449c-4672-8bb9-0ed6c8fef775,12,14,2,6.027,6.122,0.09499999999999975,21,False
TR,nuscale_voygr6,w_NH_plus_20,weight,d5151598-5a1a-4697-8147-592845ffef6c,94,95,1,5.917,5.963,0.04600000000000026,110,False
PL,nuscale_voygr6,w_NH_plus_20,weight,d60b377c-9bb4-4fd5-adb7-a9a9ba98ae76,36,36,0,6.107,6.203,0.09600000000000009,61,False
TR,nuscale_voygr6,w_NH_plus_20,weight,d6cb5642-d5ec-4a15-bc6b-8be4cb0a382e,17,17,0,6.847,6.892,0.04499999999999993,110,False
CZ,nuscale_voygr6,w_NH_plus_20,weight,d762ceeb-514f-43a6-9f91-a2d422ed6c60,2,2,0,7.014,7.026,0.011999999999999567,29,False
RO,nuscale_voygr6,w_NH_plus_20,weight,dac2a974-a2de-46c5-b581-03985a9ae7d0,11,11,0,6.054,6.16,0.10599999999999987,21,False
PL,nuscale_voygr6,w_NH_plus_20,weight,dadadad9-b67e-44b8-a9ab-4cbf116da20b,4,5,1,7.224,7.271,0.04699999999999971,61,False
TR,nuscale_voygr6,w_NH_plus_20,weight,db87ce6a-3802-44c5-945f-8a95d3cf111b,81,75,-6,6.109,6.219,0.11000000000000032,110,False
PL,nuscale_voygr6,w_NH_plus_20,weight,dc87cdf1-9936-4a59-a5e9-b5e360173490,39,37,-2,6.042,6.176,0.13400000000000034,61,False
TR,nuscale_voygr6,w_NH_plus_20,weight,dd413ee8-a6f2-4e7c-8e6c-6d0ed8637d83,19,20,1,6.817,6.834,0.01699999999999946,110,False
TR,nuscale_voygr6,w_NH_plus_20,weight,ddc8bb9c-bf77-4075-b38c-600fb072acf8,11,11,0,6.902,6.939,0.03699999999999992,110,False
PL,nuscale_voygr6,w_NH_plus_20,weight,de6735bd-7a79-43c8-baad-1fe23d50d6f0,22,22,0,6.536,6.655,0.11900000000000066,61,False
TR,nuscale_voygr6,w_NH_plus_20,weight,e03c394f-1c08-4101-b1fe-f6662fe4b424,15,15,0,6.861,6.911,0.04999999999999982,110,False
RO,nuscale_voygr6,w_NH_plus_20,weight,e073b3f8-4312-4d34-b322-6289a3121af1,14,13,-1,6.014,6.132,0.11799999999999944,21,False
TR,nuscale_voygr6,w_NH_plus_20,weight,e10aae79-05b7-4ad9-9d69-60ce190b4444,42,43,1,6.573,6.607,0.03399999999999981,110,False
HU,nuscale_voygr6,w_NH_plus_20,weight,e1649639-2e45-4226-9c7a-783d2dcb6724,10,9,-1,5.344,5.49,0.1459999999999999,11,False
CZ,nuscale_voygr6,w_NH_plus_20,weight,e299922a-1670-4aff-acda-fd80600af9af,7,7,0,6.721,6.786,0.0649999999999995,29,False
PL,nuscale_voygr6,w_NH_plus_20,weight,e2c23866-db1e-4316-82b5-7e3fe50c3c09,47,47,0,5.848,5.984,0.13600000000000012,61,False
RO,nuscale_voygr6,w_NH_plus_20,weight,e43af28e-a3d3-4047-a9cf-f3b0990754b4,18,18,0,5.759,5.869,0.10999999999999943,21,False
UA,nuscale_voygr6,w_NH_plus_20,weight,e4c6a713-99e6-4fdf-afaa-d456779c504c,16,16,0,5.913,6.025,0.1120000000000001,20,False
PL,nuscale_voygr6,w_NH_plus_20,weight,e4e3b5f0-7038-47a5-84e3-04eb07b3c4d7,14,14,0,6.925,7.027,0.10200000000000031,61,False
TR,nuscale_voygr6,w_NH_plus_20,weight,e71ec827-7143-48dd-8c8a-8e81705fa971,52,52,0,6.467,6.53,0.06300000000000061,110,False
BA,nuscale_voygr6,w_NH_plus_20,weight,e75c63e5-ef2f-4e08-8f8c-3da41215af9d,2,2,0,5.907,5.978,0.07099999999999973,5,False
TR,nuscale_voygr6,w_NH_plus_20,weight,e780e4ac-0506-4186-9b58-0f378f878345,9,9,0,6.969,7.007,0.03799999999999937,110,False
TR,nuscale_voygr6,w_NH_plus_20,weight,e894ba3e-e397-47c9-b0b9-a72cfb6bd680,95,94,-1,5.876,5.986,0.10999999999999943,110,False
TR,nuscale_voygr6,w_NH_plus_20,weight,e8b6e342-2011-4343-b415-a8bf08501499,99,100,1,5.809,5.886,0.07699999999999996,110,False
PL,nuscale_voygr6,w_NH_plus_20,weight,e9a1ae49-ff79-462c-af4e-7c6843221d36,55,55,0,5.645,5.779,0.13400000000000034,61,False
TR,nuscale_voygr6,w_NH_plus_20,weight,e9bc02be-cf10-4b27-9b8a-0d4a954720e4,36,35,-1,6.606,6.66,0.05400000000000027,110,False
PL,nuscale_voygr6,w_NH_plus_20,weight,ebc0f461-acfa-47da-8094-5b15ea3e25a0,19,21,2,6.662,6.74,0.07800000000000029,61,False
PL,nuscale_voygr6,w_NH_plus_20,weight,ee332928-87b2-4e7b-9203-20e402bc551f,12,12,0,6.99,7.084,0.09399999999999942,61,False
PL,nuscale_voygr6,w_NH_plus_20,weight,ef2ee2ae-e73e-490c-aa07-746543fe20e6,40,38,-2,6.029,6.176,0.14700000000000024,61,False
HU,nuscale_voygr6,w_NH_plus_20,weight,ef325d90-6d2d-4f8f-89f2-3bc98beb149b,8,8,0,5.812,5.885,0.07299999999999951,11,False
CZ,nuscale_voygr6,w_NH_plus_20,weight,f1d2bca1-a7a9-4404-84c1-34fc8a59dab7,25,25,0,5.619,5.729,0.11000000000000032,29,False
HU,nuscale_voygr6,w_NH_plus_20,weight,f2b3a729-602a-4b6b-acc9-004244f2e556,9,10,1,5.373,5.478,0.10499999999999954,11,False
UA,nuscale_voygr6,w_NH_plus_20,weight,f2c061de-66ad-4fce-b911-7f1899f25b75,12,12,0,6.278,6.346,0.0680000000000005,20,False
TR,nuscale_voygr6,w_NH_plus_20,weight,f2e65fcf-afc4-4443-ac14-f15c8ffe48f3,20,21,1,6.817,6.834,0.01699999999999946,110,False
CZ,nuscale_voygr6,w_NH_plus_20,weight,f3523341-daaa-4573-a856-becb2e1bb9e3,4,4,0,6.939,7.004,0.0649999999999995,29,False
PL,nuscale_voygr6,w_NH_plus_20,weight,f5be4e73-938d-4fe2-b585-5090ec780670,28,28,0,6.36,6.477,0.11699999999999999,61,False
HU,nuscale_voygr6,w_NH_plus_20,weight,f7dcdb63-26e6-44cd-b440-ec14fe507d90,2,2,0,7.042,7.094,0.05200000000000049,11,False
PL,nuscale_voygr6,w_NH_plus_20,weight,f8f9f43d-6a3b-445d-818e-ca82a90ace65,51,49,-2,5.74,5.881,0.14100000000000001,61,False
TR,nuscale_voygr6,w_NH_plus_20,weight,f92bc907-9b9b-4d21-92fd-1705bd71128c,89,84,-5,6.036,6.151,0.11500000000000021,110,False
TR,nuscale_voygr6,w_NH_plus_20,weight,fa6b7ac3-c1bf-478f-8d0a-1f357ea480cf,100,98,-2,5.808,5.901,0.09299999999999997,110,False
BY,nuscale_voygr6,w_NH_plus_20,weight,fac3d0b5-36a5-48ae-8494-f2f08e4342f4,1,1,0,6.786,6.873,0.08700000000000063,2,True
UA,nuscale_voygr6,w_NH_plus_20,weight,fb7d4d9a-3f27-4b50-9941-6a8fccd25e9a,9,9,0,6.335,6.458,0.12300000000000022,20,False
TR,nuscale_voygr6,w_NH_plus_20,weight,fc307877-758b-4dbf-afbe-abfc4a778155,35,34,-1,6.613,6.667,0.05399999999999938,110,False
TR,nuscale_voygr6,w_NH_plus_20,weight,fecb62d9-6fb8-4f8d-83e3-78a7c75adb6e,64,64,0,6.321,6.393,0.07200000000000006,110,False
TR,nuscale_voygr6,w_NS_minus_20,weight,0049a899-af5f-41cd-86ae-2ba729b6365f,93,91,-2,5.942,6.036,0.09399999999999942,110,False
RS,nuscale_voygr6,w_NS_minus_20,weight,0182ec25-0df9-4e4b-9861-d76a332bc282,1,1,0,6.715,6.759,0.04400000000000048,6,False
UA,nuscale_voygr6,w_NS_minus_20,weight,02253fcc-4fc6-42d4-a6a8-42365487302f,13,13,0,6.148,6.056,-0.09199999999999964,20,False
TR,nuscale_voygr6,w_NS_minus_20,weight,0248611c-b745-404f-ad50-c2870882c7a1,18,16,-2,6.832,6.882,0.04999999999999982,110,False
UA,nuscale_voygr6,w_NS_minus_20,weight,038d42e9-769b-4b22-9513-dccff48b42cd,15,16,1,5.93,5.884,-0.045999999999999375,20,False
HU,nuscale_voygr6,w_NS_minus_20,weight,059b3ad4-7196-4e6b-b169-8605ceeed841,4,4,0,6.601,6.599,-0.0019999999999997797,11,False
CZ,nuscale_voygr6,w_NS_minus_20,weight,05daa6b2-bb29-4c26-a459-855626673955,13,12,-1,6.34,6.374,0.03399999999999981,29,False
PL,nuscale_voygr6,w_NS_minus_20,weight,06641fea-8997-4b69-a618-6afa34b82591,44,44,0,5.912,5.932,0.020000000000000462,61,False
SK,nuscale_voygr6,w_NS_minus_20,weight,06defca3-9105-437f-afd4-52f5603d9b8e,4,4,0,6.272,6.225,-0.0470000000000006,5,False
TR,nuscale_voygr6,w_NS_minus_20,weight,0947a4c8-4fc1-492f-9c66-2c9a993c7fb0,54,56,2,6.445,6.499,0.05399999999999938,110,False
CZ,nuscale_voygr6,w_NS_minus_20,weight,0ae8917b-a70b-41e5-82de-e4963a7686e3,16,17,1,6.265,6.318,0.052999999999999936,29,False
PL,nuscale_voygr6,w_NS_minus_20,weight,0b187a1d-55de-47cf-96a3-06abc8ff2476,18,19,1,6.662,6.679,0.017000000000000348,61,False
TR,nuscale_voygr6,w_NS_minus_20,weight,0ca4ff78-4113-4ad9-ac04-0fd541d42338,78,74,-4,6.123,6.221,0.09799999999999986,110,False
TR,nuscale_voygr6,w_NS_minus_20,weight,0fec985c-c66e-40af-a123-a9ba4db269bb,63,62,-1,6.35,6.43,0.08000000000000007,110,False
TR,nuscale_voygr6,w_NS_minus_20,weight,1289753b-43db-4058-8fe1-6e38b5fb01b5,27,26,-1,6.726,6.756,0.03000000000000025,110,False
TR,nuscale_voygr6,w_NS_minus_20,weight,142cad75-648a-495d-8c10-792351e72126,4,6,2,7.153,7.15,-0.0029999999999992255,110,False
CZ,nuscale_voygr6,w_NS_minus_20,weight,14e88076-ce0e-4693-bca4-e80f3f013c7f,18,18,0,6.259,6.294,0.034999999999999254,29,False
TR,nuscale_voygr6,w_NS_minus_20,weight,1624a526-07d8-44a4-8ed7-3b035b748f03,105,106,1,5.653,5.59,-0.06299999999999972,110,False
TR,nuscale_voygr6,w_NS_minus_20,weight,166f5fcc-1cc4-4cf5-9e52-59e7ce1557c6,23,21,-2,6.759,6.845,0.08599999999999941,110,False
SK,nuscale_voygr6,w_NS_minus_20,weight,1719d38b-61e8-4b01-844b-3a2f85c8a186,3,3,0,6.503,6.502,-0.001000000000000334,5,False
MK,nuscale_voygr6,w_NS_minus_20,weight,1739b1b7-a6f3-466c-9dfa-3d1de9d5b6db,1,1,0,6.391,6.383,-0.008000000000000007,3,False
TR,nuscale_voygr6,w_NS_minus_20,weight,17568f0f-91fd-4efe-b4df-2c7cc5d80b7d,110,110,0,5.073,5.155,0.08199999999999985,110,False
CZ,nuscale_voygr6,w_NS_minus_20,weight,180880c2-7284-4723-b02a-a62348b9b40b,9,9,0,6.633,6.649,0.016000000000000014,29,False
TR,nuscale_voygr6,w_NS_minus_20,weight,1820429d-bd95-4e56-a6db-d9bb57e2ae07,96,93,-3,5.865,5.982,0.11699999999999999,110,False
PL,nuscale_voygr6,w_NS_minus_20,weight,187b4fd7-6a61-4e94-8ed4-495ac6dfc317,25,25,0,6.419,6.392,-0.026999999999999247,61,False
RO,nuscale_voygr6,w_NS_minus_20,weight,18ecb024-ee4f-4045-8254-5e95d61dea8c,15,14,-1,5.958,5.977,0.019000000000000128,21,False
LV,nuscale_voygr6,w_NS_minus_20,weight,1a5b8f8f-f4be-4514-8738-755d25e19b41,1,1,0,6.728,6.73,0.002000000000000668,1,True
CZ,nuscale_voygr6,w_NS_minus_20,weight,1c059a42-608c-4753-8fcf-ba797d94f900,24,24,0,5.68,5.615,-0.0649999999999995,29,False
TR,nuscale_voygr6,w_NS_minus_20,weight,1ce7624e-1d72-4293-8ff4-09096b56ddd2,109,109,0,5.401,5.392,-0.008999999999999453,110,False
PL,nuscale_voygr6,w_NS_minus_20,weight,1d19dce6-c458-4656-901d-6a8d3c548761,9,14,5,7.075,7.008,-0.06700000000000017,61,False
RO,nuscale_voygr6,w_NS_minus_20,weight,1d8be6d0-f3a5-4b32-9d46-3526289731f8,21,21,0,5.375,5.349,-0.0259999999999998,21,False
TR,nuscale_voygr6,w_NS_minus_20,weight,1f305180-6bbf-4758-9a98-78bc9e96e195,46,50,4,6.528,6.528,0.0,110,False
PL,nuscale_voygr6,w_NS_minus_20,weight,202d797d-b0f9-4cd0-bbac-d7bb06805c09,37,37,0,6.071,6.039,-0.03200000000000003,61,False
CZ,nuscale_voygr6,w_NS_minus_20,weight,20bce4f5-ca0b-4145-87e5-0a0694343f31,17,15,-2,6.263,6.337,0.07399999999999984,29,False
CZ,nuscale_voygr6,w_NS_minus_20,weight,20c9d02d-e9e8-40b3-a11e-7a2e01018d8c,14,14,0,6.34,6.356,0.016000000000000014,29,False
TR,nuscale_voygr6,w_NS_minus_20,weight,21ccc44f-3244-4e7f-9654-eae424288200,76,79,3,6.13,6.201,0.07099999999999973,110,False
TR,nuscale_voygr6,w_NS_minus_20,weight,231565d3-4f56-43ee-a357-1f4451c6fbc3,37,33,-4,6.588,6.678,0.08999999999999986,110,False
TR,nuscale_voygr6,w_NS_minus_20,weight,2350bab4-9869-43f1-b62f-a4d5aea77ef5,77,75,-2,6.13,6.217,0.08699999999999974,110,False
PL,nuscale_voygr6,w_NS_minus_20,weight,239ea0eb-a9c4-43cc-ac5f-35271bdc6613,7,6,-1,7.102,7.154,0.0519999999999996,61,False
CZ,nuscale_voygr6,w_NS_minus_20,weight,274ec928-e527-44cf-86c5-b6eddc09d0f7,20,20,0,5.918,5.936,0.017999999999999794,29,False
PL,nuscale_voygr6,w_NS_minus_20,weight,27fc89b3-ee57-44ac-8073-a700bc8d12e8,41,41,0,6.003,5.981,-0.02200000000000024,61,False
CZ,nuscale_voygr6,w_NS_minus_20,weight,287cbb48-bb08-40dd-82c5-cfe1530dfbb9,1,1,0,7.075,7.039,-0.036000000000000476,29,False
HU,nuscale_voygr6,w_NS_minus_20,weight,28b36531-865d-42ae-afb3-b8bad86f7014,6,6,0,6.305,6.357,0.05200000000000049,11,False
PL,nuscale_voygr6,w_NS_minus_20,weight,29479c3f-8db8-4f62-90e8-59ad6739f90b,34,33,-1,6.12,6.136,0.016000000000000014,61,False
RS,nuscale_voygr6,w_NS_minus_20,weight,296282b1-d079-4c1e-b2df-12c25128b963,6,6,0,6.259,6.361,0.10199999999999942,6,False
PL,nuscale_voygr6,w_NS_minus_20,weight,2981a12d-3444-4301-96ba-a63ef50bec3e,1,1,0,7.516,7.465,-0.051000000000000156,61,False
RO,nuscale_voygr6,w_NS_minus_20,weight,29836b52-a882-4921-95a7-6417e636d9a2,3,3,0,6.76,6.723,-0.03699999999999992,21,False
PL,nuscale_voygr6,w_NS_minus_20,weight,29a58981-aaf7-4450-ad41-49dd6d786168,48,48,0,5.782,5.801,0.019000000000000128,61,False
UA,nuscale_voygr6,w_NS_minus_20,weight,29b3a802-7ef1-4722-ad59-b1511b1b0075,1,1,0,7.046,7.026,-0.020000000000000462,20,False
TR,nuscale_voygr6,w_NS_minus_20,weight,2a3aad60-2bff-4206-8275-f6e2029f9278,66,65,-1,6.252,6.352,0.10000000000000053,110,False
TR,nuscale_voygr6,w_NS_minus_20,weight,2b6a65d3-efb0-44d8-b88b-9aad311f4ac4,31,27,-4,6.664,6.756,0.09200000000000053,110,False
PL,nuscale_voygr6,w_NS_minus_20,weight,2da9dab9-7b4e-46e7-b1c8-70eeb329c177,56,55,-1,5.614,5.635,0.020999999999999908,61,False
AT,nuscale_voygr6,w_NS_minus_20,weight,2dcd2c6d-f375-4408-9492-7910662fac03,1,1,0,7.333,7.365,0.03200000000000003,6,False
TR,nuscale_voygr6,w_NS_minus_20,weight,2ec95392-978d-4a43-85b9-af3282c212ba,2,2,0,7.305,7.285,-0.019999999999999574,110,False
TR,nuscale_voygr6,w_NS_minus_20,weight,2ed9363f-a9fe-46e5-8b92-c50b47a9077a,68,68,0,6.237,6.298,0.06099999999999994,110,False
BG,nuscale_voygr6,w_NS_minus_20,weight,2fb27566-cc7b-4530-8ff9-e55e3a1985bd,5,5,0,6.504,6.52,0.016000000000000014,7,False
CZ,nuscale_voygr6,w_NS_minus_20,weight,2fe0a0b3-4108-427e-8e54-f77e1ea7227c,3,3,0,6.939,6.908,-0.030999999999999694,29,False
BG,nuscale_voygr6,w_NS_minus_20,weight,30c9e377-b575-46fa-880f-922c46e6500a,1,1,0,7.102,7.156,0.05399999999999938,7,False
CZ,nuscale_voygr6,w_NS_minus_20,weight,32484f7b-18a4-4b21-8e6a-6d68ae099d02,5,5,0,6.85,6.798,-0.0519999999999996,29,False
BG,nuscale_voygr6,w_NS_minus_20,weight,33a015dd-51e0-497e-b0d3-4b1b3f070438,6,6,0,5.792,5.763,-0.028999999999999915,7,False
BA,nuscale_voygr6,w_NS_minus_20,weight,344e0e9a-558e-4749-bb66-cd746be50cbd,5,5,0,5.556,5.6,0.043999999999999595,5,False
RO,nuscale_voygr6,w_NS_minus_20,weight,345fb795-170a-4fb5-833c-f6bcf2eb450c,1,1,0,7.633,7.642,0.009000000000000341,21,False
HU,nuscale_voygr6,w_NS_minus_20,weight,34d88ce8-d49c-4b19-af2d-6efcb1b72149,11,10,-1,5.308,5.403,0.09499999999999975,11,False
UA,nuscale_voygr6,w_NS_minus_20,weight,3657989a-61ae-4fe3-9e8b-6ba7e68f8c59,14,14,0,6.017,5.962,-0.055000000000000604,20,False
ME,nuscale_voygr6,w_NS_minus_20,weight,3795824b-cb76-48dd-a65c-764c757ddc76,1,1,0,5.242,5.243,0.001000000000000334,1,True
TR,nuscale_voygr6,w_NS_minus_20,weight,381221dd-76da-4adf-9b19-5da9f0779c22,80,81,1,6.109,6.155,0.04600000000000026,110,False
TR,nuscale_voygr6,w_NS_minus_20,weight,3819acc8-761d-49ba-89e7-967d3d37ec0e,98,96,-2,5.851,5.928,0.07699999999999996,110,False
PL,nuscale_voygr6,w_NS_minus_20,weight,399668d6-bfed-4e5b-bf38-9ee5902101c3,57,56,-1,5.597,5.588,-0.009000000000000341,61,False
TR,nuscale_voygr6,w_NS_minus_20,weight,3a06636d-c742-4b72-b9cd-21a4537c331b,84,87,3,6.073,6.069,-0.004000000000000448,110,False
BG,nuscale_voygr6,w_NS_minus_20,weight,3bb6666f-de2f-4c6f-a28e-c3bddb71b54a,3,3,0,6.891,6.944,0.052999999999999936,7,False
UA,nuscale_voygr6,w_NS_minus_20,weight,3bd2a957-ff3b-4bfd-9dba-808279edccb9,18,18,0,5.739,5.732,-0.006999999999999673,20,False
RO,nuscale_voygr6,w_NS_minus_20,weight,3bef37a3-239e-498d-a160-77452a6a9b79,20,19,-1,5.442,5.433,-0.009000000000000341,21,False
PL,nuscale_voygr6,w_NS_minus_20,weight,3d2d4c37-eb9d-4b35-a8b1-b3f485bc3e3f,32,32,0,6.146,6.144,-0.0019999999999997797,61,False
TR,nuscale_voygr6,w_NS_minus_20,weight,3e5f4317-6f40-44fb-bfa2-e21dc4d9922d,34,39,5,6.618,6.617,-0.001000000000000334,110,False
TR,nuscale_voygr6,w_NS_minus_20,weight,3f1ad930-cffb-4991-badd-773db74b890c,43,41,-2,6.569,6.602,0.03300000000000036,110,False
PL,nuscale_voygr6,w_NS_minus_20,weight,40650551-0c9c-45ea-bac6-befdb0cb5909,31,30,-1,6.19,6.168,-0.02200000000000024,61,False
PL,nuscale_voygr6,w_NS_minus_20,weight,409dde58-5df1-44d9-b5ec-f8e2edd86786,35,38,3,6.12,6.038,-0.08199999999999985,61,False
PL,nuscale_voygr6,w_NS_minus_20,weight,40b4334a-7ba4-4ed8-aa8e-3c405599fbd7,45,46,1,5.891,5.885,-0.006000000000000227,61,False
PL,nuscale_voygr6,w_NS_minus_20,weight,416aab55-6fd9-4a0a-b8f8-796fb62d86a5,30,31,1,6.198,6.163,-0.03500000000000014,61,False
TR,nuscale_voygr6,w_NS_minus_20,weight,42d5b3fd-7d07-409b-9154-4441695b7901,67,70,3,6.241,6.256,0.015000000000000568,110,False
CZ,nuscale_voygr6,w_NS_minus_20,weight,43e5b2b4-2ccf-46ab-b01e-e3d480146455,27,29,2,5.551,5.525,-0.0259999999999998,29,False
TR,nuscale_voygr6,w_NS_minus_20,weight,43f99d45-6635-4392-a522-4a06445fdaf2,39,34,-5,6.576,6.643,0.06700000000000017,110,False
PL,nuscale_voygr6,w_NS_minus_20,weight,4411a22e-4e8a-4715-b000-1aae34494b68,8,8,0,7.088,7.087,-0.001000000000000334,61,False
TR,nuscale_voygr6,w_NS_minus_20,weight,44362378-9c74-44af-8a08-be4877f50e97,92,95,3,5.977,5.943,-0.034000000000000696,110,False
TR,nuscale_voygr6,w_NS_minus_20,weight,44698c12-3c50-4602-8104-dafa5fd215b6,56,58,2,6.435,6.462,0.027000000000000135,110,False
UA,nuscale_voygr6,w_NS_minus_20,weight,447a9ea1-47fa-48a3-93f2-a77cbd629ac7,10,10,0,6.304,6.253,-0.051000000000000156,20,False
CZ,nuscale_voygr6,w_NS_minus_20,weight,44d40276-5847-41d1-ab9b-887bbdc1bcfe,22,22,0,5.823,5.839,0.016000000000000014,29,False
UA,nuscale_voygr6,w_NS_minus_20,weight,46b96bc3-b190-4045-9c86-eb674e2ea35e,8,8,0,6.426,6.382,-0.04400000000000048,20,False
PL,nuscale_voygr6,w_NS_minus_20,weight,47be3ec4-7abe-4f4c-ac3d-b7f753b8514a,46,45,-1,5.886,5.905,0.019000000000000128,61,False
TR,nuscale_voygr6,w_NS_minus_20,weight,48149515-0774-404d-b273-790b660a8d90,44,40,-4,6.555,6.605,0.05000000000000071,110,False
TR,nuscale_voygr6,w_NS_minus_20,weight,4b11cac9-4fe0-4a2a-9c09-4fe9a0ac6015,24,28,4,6.745,6.75,0.004999999999999893,110,False
UA,nuscale_voygr6,w_NS_minus_20,weight,4e45df00-0d28-44d0-9697-3fa33d76fc88,11,11,0,6.278,6.247,-0.030999999999999694,20,False
CZ,nuscale_voygr6,w_NS_minus_20,weight,4eb7914c-e000-403c-b5a5-c350de67bb83,23,23,0,5.728,5.739,0.01100000000000012,29,False
TR,nuscale_voygr6,w_NS_minus_20,weight,5067ece3-b204-495e-81c1-90a523252547,103,101,-2,5.776,5.847,0.07100000000000062,110,False
TR,nuscale_voygr6,w_NS_minus_20,weight,52028d4f-7796-4463-832e-cff2e439c96a,82,78,-4,6.102,6.205,0.10299999999999976,110,False
RO,nuscale_voygr6,w_NS_minus_20,weight,52a7babe-313f-493b-86b9-bd0c4aece4c3,5,4,-1,6.597,6.647,0.04999999999999982,21,False
PL,nuscale_voygr6,w_NS_minus_20,weight,52db4dae-b014-45a4-96c4-49f80c1fdd11,6,7,1,7.125,7.126,0.001000000000000334,61,False
AT,nuscale_voygr6,w_NS_minus_20,weight,532bfb42-0d4c-42cf-a81a-287f2b3a75bf,4,4,0,6.562,6.541,-0.020999999999999908,6,False
TR,nuscale_voygr6,w_NS_minus_20,weight,53481b7f-5b85-4bab-be04-4866c2e72c12,108,108,0,5.5,5.506,0.006000000000000227,110,False
PL,nuscale_voygr6,w_NS_minus_20,weight,558e7bff-5b5d-4666-9ca3-ec02f2269aab,2,2,0,7.314,7.308,-0.006000000000000227,61,False
TR,nuscale_voygr6,w_NS_minus_20,weight,55cfe45b-6357-40f9-8623-e9916f91f839,22,23,1,6.781,6.795,0.014000000000000234,110,False
TR,nuscale_voygr6,w_NS_minus_20,weight,56b8e2a3-1885-431f-9fd1-4cd3bebfad61,32,35,3,6.664,6.64,-0.02400000000000002,110,False
TR,nuscale_voygr6,w_NS_minus_20,weight,57c0c830-725f-46ee-9322-0a4a3ad9efda,5,4,-1,7.107,7.159,0.0519999999999996,110,False
TR,nuscale_voygr6,w_NS_minus_20,weight,5a19f424-1a15-44e6-bf1b-c2c5886ac1bf,72,76,4,6.19,6.208,0.017999999999999794,110,False
RO,nuscale_voygr6,w_NS_minus_20,weight,5a33e5f0-6d86-4eab-adea-6c6bad7f3f45,16,16,0,5.925,5.875,-0.04999999999999982,21,False
PL,nuscale_voygr6,w_NS_minus_20,weight,5a57ae0a-6f91-46f4-a1f5-56a6b37596e9,61,61,0,5.458,5.51,0.0519999999999996,61,False
TR,nuscale_voygr6,w_NS_minus_20,weight,5b6be56c-d981-470c-a979-13a8764a34b8,91,85,-6,5.982,6.081,0.0990000000000002,110,False
RS,nuscale_voygr6,w_NS_minus_20,weight,5d4aee8d-9e73-4987-907a-d092e0ba92ed,5,4,-1,6.524,6.539,0.01499999999999968,6,False
HU,nuscale_voygr6,w_NS_minus_20,weight,5de5f907-98e7-42d3-a7dd-cb65f839697b,3,3,0,6.873,6.917,0.043999999999999595,11,False
UA,nuscale_voygr6,w_NS_minus_20,weight,5ed0a674-a292-44bc-997f-5c1990da1235,2,2,0,6.966,6.978,0.011999999999999567,20,False
TR,nuscale_voygr6,w_NS_minus_20,weight,5ed91c1b-0a1b-4a4c-9b2b-f6bdc8ff9770,102,102,0,5.79,5.844,0.05400000000000027,110,False
CZ,nuscale_voygr6,w_NS_minus_20,weight,5f4ed23c-cea2-41ef-a3e8-ac863e1bdcd6,15,16,1,6.293,6.332,0.0389999999999997,29,False
TR,nuscale_voygr6,w_NS_minus_20,weight,5fa0dfa9-c272-444e-8e70-80ab55b5d36c,16,14,-2,6.847,6.91,0.06299999999999972,110,False
CZ,nuscale_voygr6,w_NS_minus_20,weight,60baaa73-dd8c-4865-bb18-6c73d63a4052,10,11,1,6.49,6.511,0.020999999999999908,29,False
CZ,nuscale_voygr6,w_NS_minus_20,weight,63601ccc-3f20-4cbd-95cb-0fbeaf821c6a,11,10,-1,6.469,6.544,0.07499999999999929,29,False
HU,nuscale_voygr6,w_NS_minus_20,weight,651839d3-4e8f-4214-89aa-1f96ea221121,7,7,0,5.981,6.017,0.036000000000000476,11,False
AT,nuscale_voygr6,w_NS_minus_20,weight,660d9d71-6733-4294-951b-1c58614d58cf,2,2,0,7.101,7.18,0.07899999999999974,6,False
PL,nuscale_voygr6,w_NS_minus_20,weight,66bdc30c-4179-480b-a55a-5d15be5ac66b,21,21,0,6.636,6.606,-0.03000000000000025,61,False
CZ,nuscale_voygr6,w_NS_minus_20,weight,66c3f077-1ee6-41d7-8e6c-da374bb45139,28,27,-1,5.551,5.545,-0.006000000000000227,29,False
TR,nuscale_voygr6,w_NS_minus_20,weight,674deb4f-110c-4120-bea0-5f0711da3ea1,12,17,5,6.891,6.882,-0.009000000000000341,110,False
BY,nuscale_voygr6,w_NS_minus_20,weight,68aabff9-e662-4b9f-b37d-4c2ebc5f7539,2,2,0,6.399,6.443,0.043999999999999595,2,True
RO,nuscale_voygr6,w_NS_minus_20,weight,693d9b73-f9fc-4502-9b94-be020c5d21fb,4,5,1,6.679,6.642,-0.03699999999999992,21,False
RO,nuscale_voygr6,w_NS_minus_20,weight,6aed2eac-1c97-40c5-b842-fb15fd510f35,9,9,0,6.149,6.129,-0.020000000000000462,21,False
RO,nuscale_voygr6,w_NS_minus_20,weight,6c428b2a-ad09-448b-b24c-22465929d69c,19,20,1,5.458,5.426,-0.03200000000000003,21,False
TR,nuscale_voygr6,w_NS_minus_20,weight,6c9571c4-5d3b-4f88-a7be-fa8c21425eeb,8,8,0,7.031,7.098,0.06700000000000017,110,False
TR,nuscale_voygr6,w_NS_minus_20,weight,6ddc2960-3d72-4d5f-b358-56d1c54f47e0,57,59,2,6.435,6.462,0.027000000000000135,110,False
AT,nuscale_voygr6,w_NS_minus_20,weight,6e7fc4d8-636d-411a-baef-e138a5a07acc,5,5,0,6.513,6.455,-0.05799999999999983,6,False
BG,nuscale_voygr6,w_NS_minus_20,weight,704ef487-f600-4f23-b06e-a0f81b627597,7,7,0,5.646,5.582,-0.06400000000000006,7,False
UA,nuscale_voygr6,w_NS_minus_20,weight,70781f2c-24c2-486c-8b32-310c36ba1238,17,17,0,5.887,5.801,-0.08599999999999941,20,False
UA,nuscale_voygr6,w_NS_minus_20,weight,725406d6-860f-4ca0-9c6a-425675bac381,7,9,2,6.44,6.379,-0.06100000000000083,20,False
TR,nuscale_voygr6,w_NS_minus_20,weight,737b6d06-1d0c-4ae6-9683-ab3fea192b32,86,82,-4,6.062,6.135,0.07299999999999951,110,False
PL,nuscale_voygr6,w_NS_minus_20,weight,73fe8f06-c53b-4877-9c1d-5caf3d8f2749,60,60,0,5.51,5.518,0.008000000000000007,61,False
TR,nuscale_voygr6,w_NS_minus_20,weight,746fc66e-d31f-4c5d-bf5c-ab5031b04b15,75,77,2,6.145,6.207,0.06200000000000028,110,False
MK,nuscale_voygr6,w_NS_minus_20,weight,756218bb-3f16-443e-b6c6-400cd0ce2f87,3,3,0,5.294,5.357,0.06300000000000061,3,False
TR,nuscale_voygr6,w_NS_minus_20,weight,76cd9b7f-7613-4fd4-95ab-bf534a2e2f5e,73,69,-4,6.176,6.278,0.10199999999999942,110,False
SK,nuscale_voygr6,w_NS_minus_20,weight,770f1d3c-e5fd-493c-a376-e708d2abec6c,2,2,0,6.864,6.852,-0.011999999999999567,5,False
TR,nuscale_voygr6,w_NS_minus_20,weight,772e2484-419b-47de-9739-924ac371ad10,61,55,-6,6.409,6.501,0.09200000000000053,110,False
TR,nuscale_voygr6,w_NS_minus_20,weight,778e0750-19f9-426e-a6c7-e0e30645fb97,3,3,0,7.198,7.236,0.03799999999999937,110,False
TR,nuscale_voygr6,w_NS_minus_20,weight,7a805295-0cd2-48be-972e-5282c996549c,58,60,2,6.435,6.462,0.027000000000000135,110,False
TR,nuscale_voygr6,w_NS_minus_20,weight,7b4d3f8f-a644-48a3-93f9-cd3c154dc5c2,104,103,-1,5.766,5.824,0.05799999999999983,110,False
TR,nuscale_voygr6,w_NS_minus_20,weight,7cc9cffa-e4e4-4546-902d-c8f4800dbdb2,30,32,2,6.672,6.687,0.015000000000000568,110,False
PL,nuscale_voygr6,w_NS_minus_20,weight,7fc17ab0-ce24-4830-a938-b8424d1e9368,13,11,-2,6.957,7.025,0.0680000000000005,61,False
BA,nuscale_voygr6,w_NS_minus_20,weight,82011c29-a3d3-4a81-a27b-019d2649a251,1,2,1,5.907,5.938,0.030999999999999694,5,False
RO,nuscale_voygr6,w_NS_minus_20,weight,825dc024-9a53-4237-bf59-cbe0af0cf87d,10,10,0,6.082,6.076,-0.006000000000000227,21,False
TR,nuscale_voygr6,w_NS_minus_20,weight,82aac38c-3037-466c-9b37-bff9da707645,40,44,4,6.573,6.562,-0.01100000000000012,110,False
MK,nuscale_voygr6,w_NS_minus_20,weight,83d3abe4-2049-47ad-a66b-46034edb7569,2,2,0,5.827,5.887,0.05999999999999961,3,False
UA,nuscale_voygr6,w_NS_minus_20,weight,83fede8b-5f92-429d-920d-9a8928a74780,4,4,0,6.697,6.701,0.0039999999999995595,20,False
RO,nuscale_voygr6,w_NS_minus_20,weight,8781d874-5923-4795-9c9f-b2a6c709025a,17,17,0,5.811,5.78,-0.030999999999999694,21,False
TR,nuscale_voygr6,w_NS_minus_20,weight,8a5dc384-e272-41ed-9868-a0686ac3fc7e,33,36,3,6.664,6.64,-0.02400000000000002,110,False
PL,nuscale_voygr6,w_NS_minus_20,weight,8a9d5c87-7edc-49c3-85a2-d97727b9c9b2,24,26,2,6.425,6.38,-0.04499999999999993,61,False
TR,nuscale_voygr6,w_NS_minus_20,weight,8b16dc60-1a2b-4b2c-bcad-1c334d246ae3,65,66,1,6.288,6.308,0.019999999999999574,110,False
TR,nuscale_voygr6,w_NS_minus_20,weight,8dd46a05-6e0c-4009-90ad-bd5909c25622,90,88,-2,5.984,6.067,0.08300000000000018,110,False
PL,nuscale_voygr6,w_NS_minus_20,weight,8dd8db4c-b62d-4f6b-a2ee-70a9ed785e7a,43,43,0,5.925,5.935,0.009999999999999787,61,False
PL,nuscale_voygr6,w_NS_minus_20,weight,8e485f8a-5c68-4541-ab1d-77783f6fcb2d,17,17,0,6.762,6.785,0.023000000000000576,61,False
HU,nuscale_voygr6,w_NS_minus_20,weight,903d6b94-cd9d-4c32-b7e2-4bbfbee929df,5,5,0,6.338,6.459,0.12099999999999955,11,False
AT,nuscale_voygr6,w_NS_minus_20,weight,90820fe3-9889-4faf-9906-7c528f8d7bc5,6,6,0,6.399,6.41,0.01100000000000012,6,False
TR,nuscale_voygr6,w_NS_minus_20,weight,9163ca37-1b31-409d-974f-9e7ed5e5f33d,55,57,2,6.445,6.499,0.05399999999999938,110,False
PL,nuscale_voygr6,w_NS_minus_20,weight,917008f5-fba1-4ef7-b82d-9aded2b69267,16,16,0,6.812,6.832,0.019999999999999574,61,False
TR,nuscale_voygr6,w_NS_minus_20,weight,91f28dbb-16bd-449b-a20a-dc2b70cf2e66,69,73,4,6.206,6.233,0.026999999999999247,110,False
TR,nuscale_voygr6,w_NS_minus_20,weight,94a5c55f-c499-41b1-81da-deaa36686399,21,20,-1,6.803,6.858,0.054999999999999716,110,False
UA,nuscale_voygr6,w_NS_minus_20,weight,95872473-c476-4ceb-bcf5-54cfdf415e42,19,19,0,5.574,5.527,-0.04699999999999971,20,False
RO,nuscale_voygr6,w_NS_minus_20,weight,958e4d82-853a-41f1-a442-94b4c4314221,2,2,0,7.272,7.289,0.01699999999999946,21,False
TR,nuscale_voygr6,w_NS_minus_20,weight,96129c93-83a6-4b1c-929b-bfccba86a796,70,72,2,6.204,6.236,0.03200000000000003,110,False
TR,nuscale_voygr6,w_NS_minus_20,weight,9699244b-14c0-4e27-afd1-105494fccd60,38,42,4,6.584,6.599,0.015000000000000568,110,False
CZ,nuscale_voygr6,w_NS_minus_20,weight,97ed917e-acfa-4002-be89-4ec44972ab45,21,21,0,5.85,5.842,-0.008000000000000007,29,False
TR,nuscale_voygr6,w_NS_minus_20,weight,98019711-a8c3-424a-870e-00d4fea75ed1,88,89,1,6.036,6.065,0.029000000000000803,110,False
RO,nuscale_voygr6,w_NS_minus_20,weight,9825e28e-fd6e-460d-9caf-0342563f9060,6,6,0,6.422,6.491,0.06899999999999995,21,False
RS,nuscale_voygr6,w_NS_minus_20,weight,993ccce2-d5e1-498d-827d-8dbfeb42582b,3,3,0,6.584,6.608,0.02400000000000002,6,False
HU,nuscale_voygr6,w_NS_minus_20,weight,997474f6-9bfd-4abd-a2ac-d8618db8f0b4,1,1,0,7.568,7.574,0.006000000000000227,11,False
AT,nuscale_voygr6,w_NS_minus_20,weight,99d712ac-7993-4186-8a0e-2e88bae7e90f,3,3,0,6.646,6.665,0.019000000000000128,6,False
TR,nuscale_voygr6,w_NS_minus_20,weight,9a6447f2-2887-4cce-a115-dc773d7f6eb1,48,43,-5,6.511,6.578,0.06700000000000017,110,False
CZ,nuscale_voygr6,w_NS_minus_20,weight,9c4291f1-173b-467e-ae26-8cb01312c605,8,7,-1,6.66,6.738,0.07800000000000029,29,False
TR,nuscale_voygr6,w_NS_minus_20,weight,9eb693f6-6994-4937-bc4d-e8213baa5d47,29,24,-5,6.702,6.786,0.08399999999999963,110,False
BG,nuscale_voygr6,w_NS_minus_20,weight,a064c7ae-e699-4a94-a18c-79bdfe42bce3,4,4,0,6.83,6.846,0.016000000000000014,7,False
PL,nuscale_voygr6,w_NS_minus_20,weight,a19228ce-f25a-4ffd-a249-9d01403e6b81,11,9,-2,7.045,7.075,0.03000000000000025,61,False
BA,nuscale_voygr6,w_NS_minus_20,weight,a23d073a-cbbd-469a-b134-380945fd3f4c,4,4,0,5.84,5.887,0.04699999999999971,5,False
SK,nuscale_voygr6,w_NS_minus_20,weight,a2d8261c-3d08-4015-946c-47dbddbd0b98,5,5,0,5.565,5.548,-0.017000000000000348,5,False
TR,nuscale_voygr6,w_NS_minus_20,weight,a4af3789-2c40-41fc-a3ec-3b8d2fc6c645,62,63,1,6.389,6.407,0.017999999999999794,110,False
RO,nuscale_voygr6,w_NS_minus_20,weight,a4fa3246-27d6-4740-898c-bdf9dadcb88c,13,15,2,6.014,5.971,-0.04300000000000015,21,False
PL,nuscale_voygr6,w_NS_minus_20,weight,a55e3643-8ed4-434b-b14f-2d549d09c0d9,20,18,-2,6.642,6.725,0.0829999999999993,61,False
TR,nuscale_voygr6,w_NS_minus_20,weight,a6478cb9-5b8c-4d64-bbe6-3d3ed6a3da2c,7,7,0,7.061,7.11,0.04900000000000038,110,False
PL,nuscale_voygr6,w_NS_minus_20,weight,a67255dd-8134-418e-9377-e28516c53722,27,28,1,6.361,6.275,-0.08599999999999941,61,False
PL,nuscale_voygr6,w_NS_minus_20,weight,a6b51b4f-ba1d-49cd-bc99-8898acdbeb78,29,29,0,6.211,6.215,0.0039999999999995595,61,False
CZ,nuscale_voygr6,w_NS_minus_20,weight,a6bf9980-016e-47ea-b40a-82e384a9eb43,26,25,-1,5.578,5.599,0.020999999999999908,29,False
CZ,nuscale_voygr6,w_NS_minus_20,weight,a733fc13-11a4-4722-b62d-85c85a4f8ef3,12,13,1,6.419,6.367,-0.0519999999999996,29,False
PL,nuscale_voygr6,w_NS_minus_20,weight,a7eeee6e-e14a-40ba-80b6-75ed2e170b20,42,42,0,5.951,5.951,0.0,61,False
PL,nuscale_voygr6,w_NS_minus_20,weight,a91dfe3d-93e0-43a1-99d2-41abdd1fc2ce,58,57,-1,5.591,5.579,-0.012000000000000455,61,False
TR,nuscale_voygr6,w_NS_minus_20,weight,a96dc545-41a9-4b0d-a7a3-f40ef711e5e3,45,38,-7,6.555,6.618,0.06300000000000061,110,False
BA,nuscale_voygr6,w_NS_minus_20,weight,aa0bdb5e-45aa-4d15-8aee-cb5b0e14f5d9,3,3,0,5.901,5.931,0.03000000000000025,5,False
TR,nuscale_voygr6,w_NS_minus_20,weight,aa336cdc-f6fe-4b08-b46d-69e852c501bf,41,46,5,6.573,6.543,-0.03000000000000025,110,False
CZ,nuscale_voygr6,w_NS_minus_20,weight,aa38441d-aec7-4ae9-b4c3-68c5bf567db3,19,19,0,6.122,6.185,0.06299999999999972,29,False
HR,nuscale_voygr6,w_NS_minus_20,weight,ab151830-e5bd-46de-8400-01aa4c165366,1,1,0,6.433,6.517,0.08400000000000052,1,True
PL,nuscale_voygr6,w_NS_minus_20,weight,ab57f5c3-8699-46f9-970f-3007dfc58af4,23,23,0,6.463,6.491,0.02799999999999958,61,False
TR,nuscale_voygr6,w_NS_minus_20,weight,ad0c8590-c672-43f2-a813-1217a10f7d2d,1,1,0,7.473,7.527,0.05400000000000027,110,False
PL,nuscale_voygr6,w_NS_minus_20,weight,ad7a9c00-0c75-411f-8f89-859e603df1e6,54,54,0,5.695,5.687,-0.008000000000000007,61,False
TR,nuscale_voygr6,w_NS_minus_20,weight,adeb10a5-aaae-4e2c-b426-3db1c3d9bd5b,71,71,0,6.191,6.256,0.06500000000000039,110,False
RO,nuscale_voygr6,w_NS_minus_20,weight,aff5ffe6-fe7a-4de7-afad-9d4645a64cd9,8,7,-1,6.201,6.234,0.03300000000000036,21,False
BG,nuscale_voygr6,w_NS_minus_20,weight,b01fe781-dbc7-40f8-a544-946288020042,2,2,0,7.01,6.995,-0.01499999999999968,7,False
CZ,nuscale_voygr6,w_NS_minus_20,weight,b0ba194f-3c80-4725-b1e7-fa5277b38833,6,6,0,6.748,6.765,0.01699999999999946,29,False
PL,nuscale_voygr6,w_NS_minus_20,weight,b24c9876-5a4d-4b83-b442-af2f4b0d1047,50,51,1,5.744,5.763,0.019000000000000128,61,False
PL,nuscale_voygr6,w_NS_minus_20,weight,b24f9ac5-5ddf-4b19-ba95-76dafeca3d2c,5,3,-2,7.192,7.223,0.030999999999999694,61,False
MD,nuscale_voygr6,w_NS_minus_20,weight,b3eb5dd2-98cf-40c4-b9ee-2a86fd066093,1,1,0,6.456,6.383,-0.0730000000000004,1,True
TR,nuscale_voygr6,w_NS_minus_20,weight,b588126a-42d6-49dc-b227-9283af5a2578,25,29,4,6.745,6.75,0.004999999999999893,110,False
TR,nuscale_voygr6,w_NS_minus_20,weight,b5a75ec8-a2fe-42ad-b33e-ea32e20ebdfb,51,51,0,6.467,6.525,0.05800000000000072,110,False
TR,nuscale_voygr6,w_NS_minus_20,weight,b5ff798e-e059-4d8b-a903-00a1fefc62ab,26,30,4,6.745,6.75,0.004999999999999893,110,False
PL,nuscale_voygr6,w_NS_minus_20,weight,b789a244-7d29-4be3-afe4-2f45d7f11eab,52,50,-2,5.718,5.766,0.04800000000000004,61,False
TR,nuscale_voygr6,w_NS_minus_20,weight,b8875ff2-9e9d-4520-8879-c71468e9cc50,60,52,-8,6.413,6.52,0.10699999999999932,110,False
PL,nuscale_voygr6,w_NS_minus_20,weight,b8a00967-90a3-4a4e-9979-6b8651d87380,33,34,1,6.146,6.103,-0.04300000000000015,61,False
PL,nuscale_voygr6,w_NS_minus_20,weight,b8bc6544-1571-4906-95e0-314d62c78a24,10,10,0,7.055,7.034,-0.020999999999999908,61,False
TR,nuscale_voygr6,w_NS_minus_20,weight,bac4a081-83dc-4aba-8076-b67bfc55f54c,106,105,-1,5.617,5.727,0.11000000000000032,110,False
TR,nuscale_voygr6,w_NS_minus_20,weight,bfadbe66-971d-4f64-b222-604a7ee6ac6b,28,25,-3,6.715,6.784,0.06899999999999995,110,False
RO,nuscale_voygr6,w_NS_minus_20,weight,c3790475-3d3b-4e2b-92ae-24503fe03e6b,7,8,1,6.237,6.163,-0.07399999999999984,21,False
PL,nuscale_voygr6,w_NS_minus_20,weight,c39819ef-6798-4c01-9a82-9eead65b5f56,26,24,-2,6.381,6.422,0.04099999999999948,61,False
PL,nuscale_voygr6,w_NS_minus_20,weight,c42c5942-264d-43a1-a9eb-95b00480eb1a,49,49,0,5.756,5.78,0.02400000000000002,61,False
UA,nuscale_voygr6,w_NS_minus_20,weight,c47eb6a3-49c1-4879-95b6-9bcd53b7af04,5,5,0,6.617,6.602,-0.01499999999999968,20,False
PL,nuscale_voygr6,w_NS_minus_20,weight,c4d7f628-c108-4496-ac02-6076ea3ae448,38,35,-3,6.068,6.071,0.0030000000000001137,61,False
TR,nuscale_voygr6,w_NS_minus_20,weight,c657c5c3-38a2-472d-8962-9e7cefcd2c1e,10,11,1,6.908,6.969,0.06099999999999994,110,False
TR,nuscale_voygr6,w_NS_minus_20,weight,c6b846cb-3a01-4e17-9d51-da4b58fd1827,101,104,3,5.794,5.788,-0.005999999999999339,110,False
TR,nuscale_voygr6,w_NS_minus_20,weight,c7afd455-7beb-4d23-8d3b-e9a102782d2b,107,107,0,5.558,5.583,0.025000000000000355,110,False
TR,nuscale_voygr6,w_NS_minus_20,weight,c8e1cc12-080a-4e01-925d-8fd6e4334856,97,100,3,5.863,5.851,-0.012000000000000455,110,False
RS,nuscale_voygr6,w_NS_minus_20,weight,c8f15aca-174b-4be6-a6d9-abfa4685d10d,4,5,1,6.562,6.512,-0.05000000000000071,6,False
SK,nuscale_voygr6,w_NS_minus_20,weight,c97125b3-20ed-4e21-a853-b928644ec7dd,1,1,0,7.02,6.994,-0.0259999999999998,5,False
TR,nuscale_voygr6,w_NS_minus_20,weight,c9c85786-eb26-4e7b-b280-83a54b7e834f,47,48,1,6.527,6.54,0.0129999999999999,110,False
TR,nuscale_voygr6,w_NS_minus_20,weight,ca423571-d2ab-44d4-b5ce-3e649d9cc776,74,67,-7,6.175,6.301,0.12600000000000033,110,False
TR,nuscale_voygr6,w_NS_minus_20,weight,cb08e7b6-0af3-45d9-95c3-3832e7e2677c,13,22,9,6.878,6.84,-0.038000000000000256,110,False
TR,nuscale_voygr6,w_NS_minus_20,weight,cb825b0f-e315-4221-b194-43d5b472382d,83,84,1,6.088,6.095,0.006999999999999673,110,False
CZ,nuscale_voygr6,w_NS_minus_20,weight,cbd67443-4a4e-44fd-a9ed-20ba9574c99e,29,28,-1,5.551,5.545,-0.006000000000000227,29,False
TR,nuscale_voygr6,w_NS_minus_20,weight,cc635340-954c-4428-9fa1-14383c7faceb,49,45,-4,6.496,6.546,0.04999999999999982,110,False
PL,nuscale_voygr6,w_NS_minus_20,weight,ccc15bde-1c5a-40bf-8f09-2fcb1e896ce5,53,52,-1,5.718,5.763,0.04499999999999993,61,False
PL,nuscale_voygr6,w_NS_minus_20,weight,cd84938d-eea8-47a1-8ea6-2e9f943e5914,3,4,1,7.231,7.209,-0.02200000000000024,61,False
UA,nuscale_voygr6,w_NS_minus_20,weight,cdb6adfb-52ff-4631-939a-001080b20450,6,6,0,6.461,6.405,-0.05600000000000005,20,False
PL,nuscale_voygr6,w_NS_minus_20,weight,cdc888ad-fd51-4710-a5ab-3cd0fe9ddb48,15,15,0,6.838,6.901,0.06299999999999972,61,False
TR,nuscale_voygr6,w_NS_minus_20,weight,ce39538c-997e-4a7d-bc32-f164f50f9aa0,79,80,1,6.115,6.185,0.0699999999999994,110,False
UA,nuscale_voygr6,w_NS_minus_20,weight,cec871bd-c7f6-4444-b0da-9b3a9ecc6963,3,3,0,6.73,6.756,0.0259999999999998,20,False
TR,nuscale_voygr6,w_NS_minus_20,weight,cf9150af-0325-44d8-bbaf-493e742f2e2b,50,54,4,6.474,6.508,0.03399999999999981,110,False
TR,nuscale_voygr6,w_NS_minus_20,weight,d020ac37-4f23-41b1-8f1e-b425b5769424,53,49,-4,6.456,6.531,0.07499999999999929,110,False
TR,nuscale_voygr6,w_NS_minus_20,weight,d12e7ffc-4cd3-4ff4-81da-ae360d59409b,85,92,7,6.066,6.007,-0.05900000000000016,110,False
TR,nuscale_voygr6,w_NS_minus_20,weight,d1863136-5ff4-4b4d-a9c0-6219e92d637d,6,5,-1,7.107,7.159,0.0519999999999996,110,False
TR,nuscale_voygr6,w_NS_minus_20,weight,d21335d4-0a3d-4464-85e0-352745a38db4,59,61,2,6.435,6.462,0.027000000000000135,110,False
RS,nuscale_voygr6,w_NS_minus_20,weight,d30af109-79cb-4ab5-a878-6f574b58116a,2,2,0,6.613,6.652,0.0389999999999997,6,False
PL,nuscale_voygr6,w_NS_minus_20,weight,d3b5a049-6bff-400b-9312-96985f03acea,59,59,0,5.539,5.554,0.015000000000000568,61,False
UA,nuscale_voygr6,w_NS_minus_20,weight,d3b9e403-7744-44c5-b5c3-999c4c1911d8,20,20,0,5.252,5.214,-0.03799999999999937,20,False
TR,nuscale_voygr6,w_NS_minus_20,weight,d3f986d9-a023-4d43-a0fb-03361f310873,14,13,-1,6.878,6.936,0.05799999999999983,110,False
TR,nuscale_voygr6,w_NS_minus_20,weight,d48d2f39-d58f-4299-9b2f-56d194d2d13b,87,90,3,6.061,6.054,-0.006999999999999673,110,False
RO,nuscale_voygr6,w_NS_minus_20,weight,d498ded8-449c-4672-8bb9-0ed6c8fef775,12,13,1,6.027,5.979,-0.04800000000000004,21,False
TR,nuscale_voygr6,w_NS_minus_20,weight,d5151598-5a1a-4697-8147-592845ffef6c,94,94,0,5.917,5.951,0.03399999999999981,110,False
PL,nuscale_voygr6,w_NS_minus_20,weight,d60b377c-9bb4-4fd5-adb7-a9a9ba98ae76,36,39,3,6.107,6.038,-0.06899999999999995,61,False
TR,nuscale_voygr6,w_NS_minus_20,weight,d6cb5642-d5ec-4a15-bc6b-8be4cb0a382e,17,15,-2,6.847,6.91,0.06299999999999972,110,False
CZ,nuscale_voygr6,w_NS_minus_20,weight,d762ceeb-514f-43a6-9f91-a2d422ed6c60,2,2,0,7.014,6.946,-0.0680000000000005,29,False
RO,nuscale_voygr6,w_NS_minus_20,weight,dac2a974-a2de-46c5-b581-03985a9ae7d0,11,12,1,6.054,5.996,-0.05799999999999983,21,False
PL,nuscale_voygr6,w_NS_minus_20,weight,dadadad9-b67e-44b8-a9ab-4cbf116da20b,4,5,1,7.224,7.192,-0.03200000000000003,61,False
TR,nuscale_voygr6,w_NS_minus_20,weight,db87ce6a-3802-44c5-945f-8a95d3cf111b,81,83,2,6.109,6.13,0.020999999999999908,110,False
PL,nuscale_voygr6,w_NS_minus_20,weight,dc87cdf1-9936-4a59-a5e9-b5e360173490,39,40,1,6.042,6.014,-0.02799999999999958,61,False
TR,nuscale_voygr6,w_NS_minus_20,weight,dd413ee8-a6f2-4e7c-8e6c-6d0ed8637d83,19,18,-1,6.817,6.859,0.041999999999999815,110,False
TR,nuscale_voygr6,w_NS_minus_20,weight,ddc8bb9c-bf77-4075-b38c-600fb072acf8,11,10,-1,6.902,7.006,0.10400000000000009,110,False
PL,nuscale_voygr6,w_NS_minus_20,weight,de6735bd-7a79-43c8-baad-1fe23d50d6f0,22,22,0,6.536,6.522,-0.013999999999999346,61,False
TR,nuscale_voygr6,w_NS_minus_20,weight,e03c394f-1c08-4101-b1fe-f6662fe4b424,15,12,-3,6.861,6.941,0.08000000000000007,110,False
RO,nuscale_voygr6,w_NS_minus_20,weight,e073b3f8-4312-4d34-b322-6289a3121af1,14,11,-3,6.014,5.999,-0.015000000000000568,21,False
TR,nuscale_voygr6,w_NS_minus_20,weight,e10aae79-05b7-4ad9-9d69-60ce190b4444,42,47,5,6.573,6.543,-0.03000000000000025,110,False
HU,nuscale_voygr6,w_NS_minus_20,weight,e1649639-2e45-4226-9c7a-783d2dcb6724,10,9,-1,5.344,5.423,0.07899999999999974,11,False
CZ,nuscale_voygr6,w_NS_minus_20,weight,e299922a-1670-4aff-acda-fd80600af9af,7,8,1,6.721,6.714,-0.006999999999999673,29,False
PL,nuscale_voygr6,w_NS_minus_20,weight,e2c23866-db1e-4316-82b5-7e3fe50c3c09,47,47,0,5.848,5.826,-0.02200000000000024,61,False
RO,nuscale_voygr6,w_NS_minus_20,weight,e43af28e-a3d3-4047-a9cf-f3b0990754b4,18,18,0,5.759,5.754,-0.005000000000000782,21,False
UA,nuscale_voygr6,w_NS_minus_20,weight,e4c6a713-99e6-4fdf-afaa-d456779c504c,16,15,-1,5.913,5.903,-0.010000000000000675,20,False
PL,nuscale_voygr6,w_NS_minus_20,weight,e4e3b5f0-7038-47a5-84e3-04eb07b3c4d7,14,12,-2,6.925,7.014,0.08900000000000041,61,False
TR,nuscale_voygr6,w_NS_minus_20,weight,e71ec827-7143-48dd-8c8a-8e81705fa971,52,53,1,6.467,6.51,0.04300000000000015,110,False
BA,nuscale_voygr6,w_NS_minus_20,weight,e75c63e5-ef2f-4e08-8f8c-3da41215af9d,2,1,-1,5.907,5.952,0.04499999999999993,5,False
TR,nuscale_voygr6,w_NS_minus_20,weight,e780e4ac-0506-4186-9b58-0f378f878345,9,9,0,6.969,7.02,0.05099999999999927,110,False
TR,nuscale_voygr6,w_NS_minus_20,weight,e894ba3e-e397-47c9-b0b9-a72cfb6bd680,95,99,4,5.876,5.853,-0.023000000000000576,110,False
TR,nuscale_voygr6,w_NS_minus_20,weight,e8b6e342-2011-4343-b415-a8bf08501499,99,97,-2,5.809,5.875,0.06599999999999984,110,False
PL,nuscale_voygr6,w_NS_minus_20,weight,e9a1ae49-ff79-462c-af4e-7c6843221d36,55,58,3,5.645,5.556,-0.08899999999999952,61,False
TR,nuscale_voygr6,w_NS_minus_20,weight,e9bc02be-cf10-4b27-9b8a-0d4a954720e4,36,37,1,6.606,6.628,0.02200000000000024,110,False
PL,nuscale_voygr6,w_NS_minus_20,weight,ebc0f461-acfa-47da-8094-5b15ea3e25a0,19,20,1,6.662,6.679,0.017000000000000348,61,False
PL,nuscale_voygr6,w_NS_minus_20,weight,ee332928-87b2-4e7b-9203-20e402bc551f,12,13,1,6.99,7.012,0.021999999999999353,61,False
PL,nuscale_voygr6,w_NS_minus_20,weight,ef2ee2ae-e73e-490c-aa07-746543fe20e6,40,36,-4,6.029,6.041,0.012000000000000455,61,False
HU,nuscale_voygr6,w_NS_minus_20,weight,ef325d90-6d2d-4f8f-89f2-3bc98beb149b,8,8,0,5.812,5.867,0.054999999999999716,11,False
CZ,nuscale_voygr6,w_NS_minus_20,weight,f1d2bca1-a7a9-4404-84c1-34fc8a59dab7,25,26,1,5.619,5.599,-0.019999999999999574,29,False
HU,nuscale_voygr6,w_NS_minus_20,weight,f2b3a729-602a-4b6b-acc9-004244f2e556,9,11,2,5.373,5.395,0.021999999999999353,11,False
UA,nuscale_voygr6,w_NS_minus_20,weight,f2c061de-66ad-4fce-b911-7f1899f25b75,12,12,0,6.278,6.24,-0.03799999999999937,20,False
TR,nuscale_voygr6,w_NS_minus_20,weight,f2e65fcf-afc4-4443-ac14-f15c8ffe48f3,20,19,-1,6.817,6.859,0.041999999999999815,110,False
CZ,nuscale_voygr6,w_NS_minus_20,weight,f3523341-daaa-4573-a856-becb2e1bb9e3,4,4,0,6.939,6.896,-0.04300000000000015,29,False
PL,nuscale_voygr6,w_NS_minus_20,weight,f5be4e73-938d-4fe2-b585-5090ec780670,28,27,-1,6.36,6.322,-0.038000000000000256,61,False
HU,nuscale_voygr6,w_NS_minus_20,weight,f7dcdb63-26e6-44cd-b440-ec14fe507d90,2,2,0,7.042,7.02,-0.02200000000000024,11,False
PL,nuscale_voygr6,w_NS_minus_20,weight,f8f9f43d-6a3b-445d-818e-ca82a90ace65,51,53,2,5.74,5.715,-0.025000000000000355,61,False
TR,nuscale_voygr6,w_NS_minus_20,weight,f92bc907-9b9b-4d21-92fd-1705bd71128c,89,86,-3,6.036,6.072,0.036000000000000476,110,False
TR,nuscale_voygr6,w_NS_minus_20,weight,fa6b7ac3-c1bf-478f-8d0a-1f357ea480cf,100,98,-2,5.808,5.874,0.06599999999999984,110,False
BY,nuscale_voygr6,w_NS_minus_20,weight,fac3d0b5-36a5-48ae-8494-f2f08e4342f4,1,1,0,6.786,6.836,0.05000000000000071,2,True
UA,nuscale_voygr6,w_NS_minus_20,weight,fb7d4d9a-3f27-4b50-9941-6a8fccd25e9a,9,7,-2,6.335,6.385,0.04999999999999982,20,False
TR,nuscale_voygr6,w_NS_minus_20,weight,fc307877-758b-4dbf-afbe-abfc4a778155,35,31,-4,6.613,6.692,0.07899999999999974,110,False
TR,nuscale_voygr6,w_NS_minus_20,weight,fecb62d9-6fb8-4f8d-83e3-78a7c75adb6e,64,64,0,6.321,6.399,0.07800000000000029,110,False
TR,nuscale_voygr6,w_NS_plus_20,weight,0049a899-af5f-41cd-86ae-2ba729b6365f,93,96,3,5.942,5.856,-0.0860000000000003,110,False
RS,nuscale_voygr6,w_NS_plus_20,weight,0182ec25-0df9-4e4b-9861-d76a332bc282,1,1,0,6.715,6.676,-0.0389999999999997,6,False
UA,nuscale_voygr6,w_NS_plus_20,weight,02253fcc-4fc6-42d4-a6a8-42365487302f,13,13,0,6.148,6.229,0.0810000000000004,20,False
TR,nuscale_voygr6,w_NS_plus_20,weight,0248611c-b745-404f-ad50-c2870882c7a1,18,18,0,6.832,6.787,-0.04499999999999993,110,False
UA,nuscale_voygr6,w_NS_plus_20,weight,038d42e9-769b-4b22-9513-dccff48b42cd,15,15,0,5.93,5.971,0.04100000000000037,20,False
HU,nuscale_voygr6,w_NS_plus_20,weight,059b3ad4-7196-4e6b-b169-8605ceeed841,4,4,0,6.601,6.602,0.001000000000000334,11,False
CZ,nuscale_voygr6,w_NS_plus_20,weight,05daa6b2-bb29-4c26-a459-855626673955,13,14,1,6.34,6.31,-0.03000000000000025,29,False
PL,nuscale_voygr6,w_NS_plus_20,weight,06641fea-8997-4b69-a618-6afa34b82591,44,45,1,5.912,5.894,-0.017999999999999794,61,False
SK,nuscale_voygr6,w_NS_plus_20,weight,06defca3-9105-437f-afd4-52f5603d9b8e,4,4,0,6.272,6.315,0.04300000000000015,5,False
TR,nuscale_voygr6,w_NS_plus_20,weight,0947a4c8-4fc1-492f-9c66-2c9a993c7fb0,54,57,3,6.445,6.397,-0.04800000000000004,110,False
CZ,nuscale_voygr6,w_NS_plus_20,weight,0ae8917b-a70b-41e5-82de-e4963a7686e3,16,17,1,6.265,6.218,-0.04699999999999971,29,False
PL,nuscale_voygr6,w_NS_plus_20,weight,0b187a1d-55de-47cf-96a3-06abc8ff2476,18,19,1,6.662,6.647,-0.01499999999999968,61,False
TR,nuscale_voygr6,w_NS_plus_20,weight,0ca4ff78-4113-4ad9-ac04-0fd541d42338,78,85,7,6.123,6.034,-0.08900000000000041,110,False
TR,nuscale_voygr6,w_NS_plus_20,weight,0fec985c-c66e-40af-a123-a9ba4db269bb,63,63,0,6.35,6.278,-0.07200000000000006,110,False
TR,nuscale_voygr6,w_NS_plus_20,weight,1289753b-43db-4058-8fe1-6e38b5fb01b5,27,26,-1,6.726,6.699,-0.027000000000000135,110,False
TR,nuscale_voygr6,w_NS_plus_20,weight,142cad75-648a-495d-8c10-792351e72126,4,4,0,7.153,7.156,0.0030000000000001137,110,False
CZ,nuscale_voygr6,w_NS_plus_20,weight,14e88076-ce0e-4693-bca4-e80f3f013c7f,18,16,-2,6.259,6.227,-0.03200000000000003,29,False
TR,nuscale_voygr6,w_NS_plus_20,weight,1624a526-07d8-44a4-8ed7-3b035b748f03,105,105,0,5.653,5.709,0.05600000000000005,110,False
TR,nuscale_voygr6,w_NS_plus_20,weight,166f5fcc-1cc4-4cf5-9e52-59e7ce1557c6,23,29,6,6.759,6.681,-0.07800000000000029,110,False
SK,nuscale_voygr6,w_NS_plus_20,weight,1719d38b-61e8-4b01-844b-3a2f85c8a186,3,3,0,6.503,6.505,0.0019999999999997797,5,False
MK,nuscale_voygr6,w_NS_plus_20,weight,1739b1b7-a6f3-466c-9dfa-3d1de9d5b6db,1,1,0,6.391,6.398,0.006999999999999673,3,False
TR,nuscale_voygr6,w_NS_plus_20,weight,17568f0f-91fd-4efe-b4df-2c7cc5d80b7d,110,110,0,5.073,4.999,-0.07400000000000073,110,False
CZ,nuscale_voygr6,w_NS_plus_20,weight,180880c2-7284-4723-b02a-a62348b9b40b,9,8,-1,6.633,6.618,-0.01499999999999968,29,False
TR,nuscale_voygr6,w_NS_plus_20,weight,1820429d-bd95-4e56-a6db-d9bb57e2ae07,96,99,3,5.865,5.759,-0.10599999999999987,110,False
PL,nuscale_voygr6,w_NS_plus_20,weight,187b4fd7-6a61-4e94-8ed4-495ac6dfc317,25,24,-1,6.419,6.443,0.02400000000000002,61,False
RO,nuscale_voygr6,w_NS_plus_20,weight,18ecb024-ee4f-4045-8254-5e95d61dea8c,15,16,1,5.958,5.94,-0.017999999999999794,21,False
LV,nuscale_voygr6,w_NS_plus_20,weight,1a5b8f8f-f4be-4514-8738-755d25e19b41,1,1,0,6.728,6.727,-0.0009999999999994458,1,True
CZ,nuscale_voygr6,w_NS_plus_20,weight,1c059a42-608c-4753-8fcf-ba797d94f900,24,23,-1,5.68,5.74,0.0600000000000005,29,False
TR,nuscale_voygr6,w_NS_plus_20,weight,1ce7624e-1d72-4293-8ff4-09096b56ddd2,109,109,0,5.401,5.409,0.008000000000000007,110,False
PL,nuscale_voygr6,w_NS_plus_20,weight,1d19dce6-c458-4656-901d-6a8d3c548761,9,6,-3,7.075,7.135,0.05999999999999961,61,False
RO,nuscale_voygr6,w_NS_plus_20,weight,1d8be6d0-f3a5-4b32-9d46-3526289731f8,21,21,0,5.375,5.399,0.02400000000000002,21,False
TR,nuscale_voygr6,w_NS_plus_20,weight,1f305180-6bbf-4758-9a98-78bc9e96e195,46,42,-4,6.528,6.528,0.0,110,False
PL,nuscale_voygr6,w_NS_plus_20,weight,202d797d-b0f9-4cd0-bbac-d7bb06805c09,37,37,0,6.071,6.101,0.03000000000000025,61,False
CZ,nuscale_voygr6,w_NS_plus_20,weight,20bce4f5-ca0b-4145-87e5-0a0694343f31,17,18,1,6.263,6.195,-0.06799999999999962,29,False
CZ,nuscale_voygr6,w_NS_plus_20,weight,20c9d02d-e9e8-40b3-a11e-7a2e01018d8c,14,13,-1,6.34,6.325,-0.01499999999999968,29,False
TR,nuscale_voygr6,w_NS_plus_20,weight,21ccc44f-3244-4e7f-9654-eae424288200,76,81,5,6.13,6.066,-0.06400000000000006,110,False
TR,nuscale_voygr6,w_NS_plus_20,weight,231565d3-4f56-43ee-a357-1f4451c6fbc3,37,46,9,6.588,6.507,-0.0810000000000004,110,False
TR,nuscale_voygr6,w_NS_plus_20,weight,2350bab4-9869-43f1-b62f-a4d5aea77ef5,77,83,6,6.13,6.051,-0.07899999999999974,110,False
PL,nuscale_voygr6,w_NS_plus_20,weight,239ea0eb-a9c4-43cc-ac5f-35271bdc6613,7,10,3,7.102,7.055,-0.0470000000000006,61,False
CZ,nuscale_voygr6,w_NS_plus_20,weight,274ec928-e527-44cf-86c5-b6eddc09d0f7,20,20,0,5.918,5.902,-0.016000000000000014,29,False
PL,nuscale_voygr6,w_NS_plus_20,weight,27fc89b3-ee57-44ac-8073-a700bc8d12e8,41,40,-1,6.003,6.024,0.020999999999999908,61,False
CZ,nuscale_voygr6,w_NS_plus_20,weight,287cbb48-bb08-40dd-82c5-cfe1530dfbb9,1,1,0,7.075,7.107,0.03200000000000003,29,False
HU,nuscale_voygr6,w_NS_plus_20,weight,28b36531-865d-42ae-afb3-b8bad86f7014,6,5,-1,6.305,6.258,-0.04699999999999971,11,False
PL,nuscale_voygr6,w_NS_plus_20,weight,29479c3f-8db8-4f62-90e8-59ad6739f90b,34,36,2,6.12,6.106,-0.014000000000000234,61,False
RS,nuscale_voygr6,w_NS_plus_20,weight,296282b1-d079-4c1e-b2df-12c25128b963,6,6,0,6.259,6.167,-0.09200000000000053,6,False
PL,nuscale_voygr6,w_NS_plus_20,weight,2981a12d-3444-4301-96ba-a63ef50bec3e,1,1,0,7.516,7.563,0.04699999999999971,61,False
RO,nuscale_voygr6,w_NS_plus_20,weight,29836b52-a882-4921-95a7-6417e636d9a2,3,3,0,6.76,6.794,0.03399999999999981,21,False
PL,nuscale_voygr6,w_NS_plus_20,weight,29a58981-aaf7-4450-ad41-49dd6d786168,48,48,0,5.782,5.765,-0.017000000000000348,61,False
UA,nuscale_voygr6,w_NS_plus_20,weight,29b3a802-7ef1-4722-ad59-b1511b1b0075,1,1,0,7.046,7.063,0.01699999999999946,20,False
TR,nuscale_voygr6,w_NS_plus_20,weight,2a3aad60-2bff-4206-8275-f6e2029f9278,66,71,5,6.252,6.162,-0.08999999999999986,110,False
TR,nuscale_voygr6,w_NS_plus_20,weight,2b6a65d3-efb0-44d8-b88b-9aad311f4ac4,31,37,6,6.664,6.582,-0.08199999999999985,110,False
PL,nuscale_voygr6,w_NS_plus_20,weight,2da9dab9-7b4e-46e7-b1c8-70eeb329c177,56,58,2,5.614,5.594,-0.019999999999999574,61,False
AT,nuscale_voygr6,w_NS_plus_20,weight,2dcd2c6d-f375-4408-9492-7910662fac03,1,1,0,7.333,7.305,-0.02800000000000047,6,False
TR,nuscale_voygr6,w_NS_plus_20,weight,2ec95392-978d-4a43-85b9-af3282c212ba,2,2,0,7.305,7.324,0.019000000000000128,110,False
TR,nuscale_voygr6,w_NS_plus_20,weight,2ed9363f-a9fe-46e5-8b92-c50b47a9077a,68,67,-1,6.237,6.182,-0.054999999999999716,110,False
BG,nuscale_voygr6,w_NS_plus_20,weight,2fb27566-cc7b-4530-8ff9-e55e3a1985bd,5,5,0,6.504,6.489,-0.01499999999999968,7,False
CZ,nuscale_voygr6,w_NS_plus_20,weight,2fe0a0b3-4108-427e-8e54-f77e1ea7227c,3,4,1,6.939,6.967,0.02799999999999958,29,False
BG,nuscale_voygr6,w_NS_plus_20,weight,30c9e377-b575-46fa-880f-922c46e6500a,1,1,0,7.102,7.053,-0.04900000000000038,7,False
CZ,nuscale_voygr6,w_NS_plus_20,weight,32484f7b-18a4-4b21-8e6a-6d68ae099d02,5,5,0,6.85,6.898,0.04800000000000004,29,False
BG,nuscale_voygr6,w_NS_plus_20,weight,33a015dd-51e0-497e-b0d3-4b1b3f070438,6,6,0,5.792,5.819,0.027000000000000135,7,False
BA,nuscale_voygr6,w_NS_plus_20,weight,344e0e9a-558e-4749-bb66-cd746be50cbd,5,5,0,5.556,5.518,-0.038000000000000256,5,False
RO,nuscale_voygr6,w_NS_plus_20,weight,345fb795-170a-4fb5-833c-f6bcf2eb450c,1,1,0,7.633,7.624,-0.009000000000000341,21,False
HU,nuscale_voygr6,w_NS_plus_20,weight,34d88ce8-d49c-4b19-af2d-6efcb1b72149,11,11,0,5.308,5.222,-0.08599999999999941,11,False
UA,nuscale_voygr6,w_NS_plus_20,weight,3657989a-61ae-4fe3-9e8b-6ba7e68f8c59,14,14,0,6.017,6.066,0.04899999999999949,20,False
ME,nuscale_voygr6,w_NS_plus_20,weight,3795824b-cb76-48dd-a65c-764c757ddc76,1,1,0,5.242,5.24,-0.0019999999999997797,1,True
TR,nuscale_voygr6,w_NS_plus_20,weight,381221dd-76da-4adf-9b19-5da9f0779c22,80,79,-1,6.109,6.069,-0.040000000000000036,110,False
TR,nuscale_voygr6,w_NS_plus_20,weight,3819acc8-761d-49ba-89e7-967d3d37ec0e,98,98,0,5.851,5.782,-0.06899999999999995,110,False
PL,nuscale_voygr6,w_NS_plus_20,weight,399668d6-bfed-4e5b-bf38-9ee5902101c3,57,56,-1,5.597,5.606,0.008999999999999453,61,False
TR,nuscale_voygr6,w_NS_plus_20,weight,3a06636d-c742-4b72-b9cd-21a4537c331b,84,78,-6,6.073,6.075,0.0019999999999997797,110,False
BG,nuscale_voygr6,w_NS_plus_20,weight,3bb6666f-de2f-4c6f-a28e-c3bddb71b54a,3,3,0,6.891,6.844,-0.04699999999999971,7,False
UA,nuscale_voygr6,w_NS_plus_20,weight,3bd2a957-ff3b-4bfd-9dba-808279edccb9,18,18,0,5.739,5.745,0.006000000000000227,20,False
RO,nuscale_voygr6,w_NS_plus_20,weight,3bef37a3-239e-498d-a160-77452a6a9b79,20,20,0,5.442,5.45,0.008000000000000007,21,False
PL,nuscale_voygr6,w_NS_plus_20,weight,3d2d4c37-eb9d-4b35-a8b1-b3f485bc3e3f,32,35,3,6.146,6.148,0.0019999999999997797,61,False
TR,nuscale_voygr6,w_NS_plus_20,weight,3e5f4317-6f40-44fb-bfa2-e21dc4d9922d,34,33,-1,6.618,6.62,0.0019999999999997797,110,False
TR,nuscale_voygr6,w_NS_plus_20,weight,3f1ad930-cffb-4991-badd-773db74b890c,43,41,-2,6.569,6.54,-0.028999999999999915,110,False
PL,nuscale_voygr6,w_NS_plus_20,weight,40650551-0c9c-45ea-bac6-befdb0cb5909,31,30,-1,6.19,6.211,0.020999999999999908,61,False
PL,nuscale_voygr6,w_NS_plus_20,weight,409dde58-5df1-44d9-b5ec-f8e2edd86786,35,32,-3,6.12,6.195,0.07500000000000018,61,False
PL,nuscale_voygr6,w_NS_plus_20,weight,40b4334a-7ba4-4ed8-aa8e-3c405599fbd7,45,44,-1,5.891,5.897,0.006000000000000227,61,False
PL,nuscale_voygr6,w_NS_plus_20,weight,416aab55-6fd9-4a0a-b8f8-796fb62d86a5,30,29,-1,6.198,6.23,0.03200000000000003,61,False
TR,nuscale_voygr6,w_NS_plus_20,weight,42d5b3fd-7d07-409b-9154-4441695b7901,67,66,-1,6.241,6.227,-0.013999999999999346,110,False
CZ,nuscale_voygr6,w_NS_plus_20,weight,43e5b2b4-2ccf-46ab-b01e-e3d480146455,27,26,-1,5.551,5.575,0.02400000000000002,29,False
TR,nuscale_voygr6,w_NS_plus_20,weight,43f99d45-6635-4392-a522-4a06445fdaf2,39,43,4,6.576,6.517,-0.058999999999999275,110,False
PL,nuscale_voygr6,w_NS_plus_20,weight,4411a22e-4e8a-4715-b000-1aae34494b68,8,8,0,7.088,7.088,0.0,61,False
TR,nuscale_voygr6,w_NS_plus_20,weight,44362378-9c74-44af-8a08-be4877f50e97,92,88,-4,5.977,6.008,0.030999999999999694,110,False
TR,nuscale_voygr6,w_NS_plus_20,weight,44698c12-3c50-4602-8104-dafa5fd215b6,56,53,-3,6.435,6.411,-0.02400000000000002,110,False
UA,nuscale_voygr6,w_NS_plus_20,weight,447a9ea1-47fa-48a3-93f2-a77cbd629ac7,10,9,-1,6.304,6.35,0.045999999999999375,20,False
CZ,nuscale_voygr6,w_NS_plus_20,weight,44d40276-5847-41d1-ab9b-887bbdc1bcfe,22,22,0,5.823,5.808,-0.015000000000000568,29,False
UA,nuscale_voygr6,w_NS_plus_20,weight,46b96bc3-b190-4045-9c86-eb674e2ea35e,8,8,0,6.426,6.465,0.0389999999999997,20,False
PL,nuscale_voygr6,w_NS_plus_20,weight,47be3ec4-7abe-4f4c-ac3d-b7f753b8514a,46,46,0,5.886,5.87,-0.016000000000000014,61,False
TR,nuscale_voygr6,w_NS_plus_20,weight,48149515-0774-404d-b273-790b660a8d90,44,45,1,6.555,6.509,-0.045999999999999375,110,False
TR,nuscale_voygr6,w_NS_plus_20,weight,4b11cac9-4fe0-4a2a-9c09-4fe9a0ac6015,24,23,-1,6.745,6.74,-0.004999999999999893,110,False
UA,nuscale_voygr6,w_NS_plus_20,weight,4e45df00-0d28-44d0-9697-3fa33d76fc88,11,11,0,6.278,6.306,0.02800000000000047,20,False
CZ,nuscale_voygr6,w_NS_plus_20,weight,4eb7914c-e000-403c-b5a5-c350de67bb83,23,24,1,5.728,5.718,-0.009999999999999787,29,False
TR,nuscale_voygr6,w_NS_plus_20,weight,5067ece3-b204-495e-81c1-90a523252547,103,104,1,5.776,5.713,-0.06299999999999972,110,False
TR,nuscale_voygr6,w_NS_plus_20,weight,52028d4f-7796-4463-832e-cff2e439c96a,82,87,5,6.102,6.009,-0.09299999999999997,110,False
RO,nuscale_voygr6,w_NS_plus_20,weight,52a7babe-313f-493b-86b9-bd0c4aece4c3,5,5,0,6.597,6.552,-0.04500000000000082,21,False
PL,nuscale_voygr6,w_NS_plus_20,weight,52db4dae-b014-45a4-96c4-49f80c1fdd11,6,7,1,7.125,7.124,-0.001000000000000334,61,False
AT,nuscale_voygr6,w_NS_plus_20,weight,532bfb42-0d4c-42cf-a81a-287f2b3a75bf,4,4,0,6.562,6.58,0.017999999999999794,6,False
TR,nuscale_voygr6,w_NS_plus_20,weight,53481b7f-5b85-4bab-be04-4866c2e72c12,108,108,0,5.5,5.494,-0.006000000000000227,110,False
PL,nuscale_voygr6,w_NS_plus_20,weight,558e7bff-5b5d-4666-9ca3-ec02f2269aab,2,2,0,7.314,7.32,0.006000000000000227,61,False
TR,nuscale_voygr6,w_NS_plus_20,weight,55cfe45b-6357-40f9-8623-e9916f91f839,22,21,-1,6.781,6.769,-0.011999999999999567,110,False
TR,nuscale_voygr6,w_NS_plus_20,weight,56b8e2a3-1885-431f-9fd1-4cd3bebfad61,32,27,-5,6.664,6.686,0.02200000000000024,110,False
TR,nuscale_voygr6,w_NS_plus_20,weight,57c0c830-725f-46ee-9322-0a4a3ad9efda,5,5,0,7.107,7.06,-0.0470000000000006,110,False
TR,nuscale_voygr6,w_NS_plus_20,weight,5a19f424-1a15-44e6-bf1b-c2c5886ac1bf,72,70,-2,6.19,6.173,-0.017000000000000348,110,False
RO,nuscale_voygr6,w_NS_plus_20,weight,5a33e5f0-6d86-4eab-adea-6c6bad7f3f45,16,15,-1,5.925,5.971,0.04600000000000026,21,False
PL,nuscale_voygr6,w_NS_plus_20,weight,5a57ae0a-6f91-46f4-a1f5-56a6b37596e9,61,61,0,5.458,5.41,-0.04800000000000004,61,False
TR,nuscale_voygr6,w_NS_plus_20,weight,5b6be56c-d981-470c-a979-13a8764a34b8,91,93,2,5.982,5.892,-0.08999999999999986,110,False
RS,nuscale_voygr6,w_NS_plus_20,weight,5d4aee8d-9e73-4987-907a-d092e0ba92ed,5,5,0,6.524,6.511,-0.0129999999999999,6,False
HU,nuscale_voygr6,w_NS_plus_20,weight,5de5f907-98e7-42d3-a7dd-cb65f839697b,3,3,0,6.873,6.834,-0.03900000000000059,11,False
UA,nuscale_voygr6,w_NS_plus_20,weight,5ed0a674-a292-44bc-997f-5c1990da1235,2,2,0,6.966,6.956,-0.009999999999999787,20,False
TR,nuscale_voygr6,w_NS_plus_20,weight,5ed91c1b-0a1b-4a4c-9b2b-f6bdc8ff9770,102,102,0,5.79,5.74,-0.04999999999999982,110,False
CZ,nuscale_voygr6,w_NS_plus_20,weight,5f4ed23c-cea2-41ef-a3e8-ac863e1bdcd6,15,15,0,6.293,6.256,-0.03699999999999992,29,False
TR,nuscale_voygr6,w_NS_plus_20,weight,5fa0dfa9-c272-444e-8e70-80ab55b5d36c,16,15,-1,6.847,6.791,-0.05600000000000005,110,False
CZ,nuscale_voygr6,w_NS_plus_20,weight,60baaa73-dd8c-4865-bb18-6c73d63a4052,10,10,0,6.49,6.471,-0.019000000000000128,29,False
CZ,nuscale_voygr6,w_NS_plus_20,weight,63601ccc-3f20-4cbd-95cb-0fbeaf821c6a,11,12,1,6.469,6.402,-0.06700000000000017,29,False
HU,nuscale_voygr6,w_NS_plus_20,weight,651839d3-4e8f-4214-89aa-1f96ea221121,7,7,0,5.981,5.947,-0.03399999999999981,11,False
AT,nuscale_voygr6,w_NS_plus_20,weight,660d9d71-6733-4294-951b-1c58614d58cf,2,2,0,7.101,7.029,-0.07200000000000006,6,False
PL,nuscale_voygr6,w_NS_plus_20,weight,66bdc30c-4179-480b-a55a-5d15be5ac66b,21,18,-3,6.636,6.664,0.02799999999999958,61,False
CZ,nuscale_voygr6,w_NS_plus_20,weight,66c3f077-1ee6-41d7-8e6c-da374bb45139,28,28,0,5.551,5.556,0.004999999999999893,29,False
TR,nuscale_voygr6,w_NS_plus_20,weight,674deb4f-110c-4120-bea0-5f0711da3ea1,12,11,-1,6.891,6.898,0.006999999999999673,110,False
BY,nuscale_voygr6,w_NS_plus_20,weight,68aabff9-e662-4b9f-b37d-4c2ebc5f7539,2,2,0,6.399,6.36,-0.0389999999999997,2,True
RO,nuscale_voygr6,w_NS_plus_20,weight,693d9b73-f9fc-4502-9b94-be020c5d21fb,4,4,0,6.679,6.712,0.032999999999999474,21,False
RO,nuscale_voygr6,w_NS_plus_20,weight,6aed2eac-1c97-40c5-b842-fb15fd510f35,9,9,0,6.149,6.167,0.017999999999999794,21,False
RO,nuscale_voygr6,w_NS_plus_20,weight,6c428b2a-ad09-448b-b24c-22465929d69c,19,19,0,5.458,5.487,0.028999999999999915,21,False
TR,nuscale_voygr6,w_NS_plus_20,weight,6c9571c4-5d3b-4f88-a7be-fa8c21425eeb,8,8,0,7.031,6.97,-0.06099999999999994,110,False
TR,nuscale_voygr6,w_NS_plus_20,weight,6ddc2960-3d72-4d5f-b358-56d1c54f47e0,57,54,-3,6.435,6.411,-0.02400000000000002,110,False
AT,nuscale_voygr6,w_NS_plus_20,weight,6e7fc4d8-636d-411a-baef-e138a5a07acc,5,5,0,6.513,6.566,0.052999999999999936,6,False
BG,nuscale_voygr6,w_NS_plus_20,weight,704ef487-f600-4f23-b06e-a0f81b627597,7,7,0,5.646,5.705,0.05900000000000016,7,False
UA,nuscale_voygr6,w_NS_plus_20,weight,70781f2c-24c2-486c-8b32-310c36ba1238,17,16,-1,5.887,5.963,0.07600000000000051,20,False
UA,nuscale_voygr6,w_NS_plus_20,weight,725406d6-860f-4ca0-9c6a-425675bac381,7,7,0,6.44,6.494,0.05399999999999938,20,False
TR,nuscale_voygr6,w_NS_plus_20,weight,737b6d06-1d0c-4ae6-9683-ab3fea192b32,86,90,4,6.062,5.996,-0.06599999999999984,110,False
PL,nuscale_voygr6,w_NS_plus_20,weight,73fe8f06-c53b-4877-9c1d-5caf3d8f2749,60,60,0,5.51,5.502,-0.008000000000000007,61,False
TR,nuscale_voygr6,w_NS_plus_20,weight,746fc66e-d31f-4c5d-bf5c-ab5031b04b15,75,75,0,6.145,6.089,-0.05599999999999916,110,False
MK,nuscale_voygr6,w_NS_plus_20,weight,756218bb-3f16-443e-b6c6-400cd0ce2f87,3,3,0,5.294,5.238,-0.05599999999999916,3,False
TR,nuscale_voygr6,w_NS_plus_20,weight,76cd9b7f-7613-4fd4-95ab-bf534a2e2f5e,73,76,3,6.176,6.083,-0.09299999999999997,110,False
SK,nuscale_voygr6,w_NS_plus_20,weight,770f1d3c-e5fd-493c-a376-e708d2abec6c,2,2,0,6.864,6.875,0.01100000000000012,5,False
TR,nuscale_voygr6,w_NS_plus_20,weight,772e2484-419b-47de-9739-924ac371ad10,61,61,0,6.409,6.326,-0.08300000000000018,110,False
TR,nuscale_voygr6,w_NS_plus_20,weight,778e0750-19f9-426e-a6c7-e0e30645fb97,3,3,0,7.198,7.164,-0.034000000000000696,110,False
TR,nuscale_voygr6,w_NS_plus_20,weight,7a805295-0cd2-48be-972e-5282c996549c,58,55,-3,6.435,6.411,-0.02400000000000002,110,False
TR,nuscale_voygr6,w_NS_plus_20,weight,7b4d3f8f-a644-48a3-93f9-cd3c154dc5c2,104,103,-1,5.766,5.715,-0.051000000000000156,110,False
TR,nuscale_voygr6,w_NS_plus_20,weight,7cc9cffa-e4e4-4546-902d-c8f4800dbdb2,30,30,0,6.672,6.658,-0.013999999999999346,110,False
PL,nuscale_voygr6,w_NS_plus_20,weight,7fc17ab0-ce24-4830-a938-b8424d1e9368,13,13,0,6.957,6.897,-0.05999999999999961,61,False
BA,nuscale_voygr6,w_NS_plus_20,weight,82011c29-a3d3-4a81-a27b-019d2649a251,1,1,0,5.907,5.879,-0.02800000000000047,5,False
RO,nuscale_voygr6,w_NS_plus_20,weight,825dc024-9a53-4237-bf59-cbe0af0cf87d,10,11,1,6.082,6.086,0.004000000000000448,21,False
TR,nuscale_voygr6,w_NS_plus_20,weight,82aac38c-3037-466c-9b37-bff9da707645,40,38,-2,6.573,6.582,0.008999999999999453,110,False
MK,nuscale_voygr6,w_NS_plus_20,weight,83d3abe4-2049-47ad-a66b-46034edb7569,2,2,0,5.827,5.773,-0.05400000000000027,3,False
UA,nuscale_voygr6,w_NS_plus_20,weight,83fede8b-5f92-429d-920d-9a8928a74780,4,4,0,6.697,6.694,-0.0030000000000001137,20,False
RO,nuscale_voygr6,w_NS_plus_20,weight,8781d874-5923-4795-9c9f-b2a6c709025a,17,17,0,5.811,5.839,0.02800000000000047,21,False
TR,nuscale_voygr6,w_NS_plus_20,weight,8a5dc384-e272-41ed-9868-a0686ac3fc7e,33,28,-5,6.664,6.686,0.02200000000000024,110,False
PL,nuscale_voygr6,w_NS_plus_20,weight,8a9d5c87-7edc-49c3-85a2-d97727b9c9b2,24,23,-1,6.425,6.467,0.041999999999999815,61,False
TR,nuscale_voygr6,w_NS_plus_20,weight,8b16dc60-1a2b-4b2c-bcad-1c334d246ae3,65,64,-1,6.288,6.27,-0.018000000000000682,110,False
TR,nuscale_voygr6,w_NS_plus_20,weight,8dd46a05-6e0c-4009-90ad-bd5909c25622,90,91,1,5.984,5.91,-0.07399999999999984,110,False
PL,nuscale_voygr6,w_NS_plus_20,weight,8dd8db4c-b62d-4f6b-a2ee-70a9ed785e7a,43,43,0,5.925,5.917,-0.008000000000000007,61,False
PL,nuscale_voygr6,w_NS_plus_20,weight,8e485f8a-5c68-4541-ab1d-77783f6fcb2d,17,17,0,6.762,6.741,-0.020999999999999908,61,False
HU,nuscale_voygr6,w_NS_plus_20,weight,903d6b94-cd9d-4c32-b7e2-4bbfbee929df,5,6,1,6.338,6.227,-0.11099999999999977,11,False
AT,nuscale_voygr6,w_NS_plus_20,weight,90820fe3-9889-4faf-9906-7c528f8d7bc5,6,6,0,6.399,6.39,-0.009000000000000341,6,False
TR,nuscale_voygr6,w_NS_plus_20,weight,9163ca37-1b31-409d-974f-9e7ed5e5f33d,55,58,3,6.445,6.397,-0.04800000000000004,110,False
PL,nuscale_voygr6,w_NS_plus_20,weight,917008f5-fba1-4ef7-b82d-9aded2b69267,16,15,-1,6.812,6.794,-0.018000000000000682,61,False
TR,nuscale_voygr6,w_NS_plus_20,weight,91f28dbb-16bd-449b-a20a-dc2b70cf2e66,69,68,-1,6.206,6.182,-0.02400000000000002,110,False
TR,nuscale_voygr6,w_NS_plus_20,weight,94a5c55f-c499-41b1-81da-deaa36686399,21,22,1,6.803,6.753,-0.04999999999999982,110,False
UA,nuscale_voygr6,w_NS_plus_20,weight,95872473-c476-4ceb-bcf5-54cfdf415e42,19,19,0,5.574,5.616,0.041999999999999815,20,False
RO,nuscale_voygr6,w_NS_plus_20,weight,958e4d82-853a-41f1-a442-94b4c4314221,2,2,0,7.272,7.256,-0.016000000000000014,21,False
TR,nuscale_voygr6,w_NS_plus_20,weight,96129c93-83a6-4b1c-929b-bfccba86a796,70,69,-1,6.204,6.176,-0.02799999999999958,110,False
TR,nuscale_voygr6,w_NS_plus_20,weight,9699244b-14c0-4e27-afd1-105494fccd60,38,39,1,6.584,6.57,-0.013999999999999346,110,False
CZ,nuscale_voygr6,w_NS_plus_20,weight,97ed917e-acfa-4002-be89-4ec44972ab45,21,21,0,5.85,5.858,0.008000000000000007,29,False
TR,nuscale_voygr6,w_NS_plus_20,weight,98019711-a8c3-424a-870e-00d4fea75ed1,88,86,-2,6.036,6.01,-0.0259999999999998,110,False
RO,nuscale_voygr6,w_NS_plus_20,weight,9825e28e-fd6e-460d-9caf-0342563f9060,6,6,0,6.422,6.359,-0.06299999999999972,21,False
RS,nuscale_voygr6,w_NS_plus_20,weight,993ccce2-d5e1-498d-827d-8dbfeb42582b,3,4,1,6.584,6.562,-0.021999999999999353,6,False
HU,nuscale_voygr6,w_NS_plus_20,weight,997474f6-9bfd-4abd-a2ac-d8618db8f0b4,1,1,0,7.568,7.563,-0.004999999999999893,11,False
AT,nuscale_voygr6,w_NS_plus_20,weight,99d712ac-7993-4186-8a0e-2e88bae7e90f,3,3,0,6.646,6.629,-0.017000000000000348,6,False
TR,nuscale_voygr6,w_NS_plus_20,weight,9a6447f2-2887-4cce-a115-dc773d7f6eb1,48,48,0,6.511,6.451,-0.0600000000000005,110,False
CZ,nuscale_voygr6,w_NS_plus_20,weight,9c4291f1-173b-467e-ae26-8cb01312c605,8,9,1,6.66,6.589,-0.07099999999999973,29,False
TR,nuscale_voygr6,w_NS_plus_20,weight,9eb693f6-6994-4937-bc4d-e8213baa5d47,29,32,3,6.702,6.626,-0.07599999999999962,110,False
BG,nuscale_voygr6,w_NS_plus_20,weight,a064c7ae-e699-4a94-a18c-79bdfe42bce3,4,4,0,6.83,6.816,-0.014000000000000234,7,False
PL,nuscale_voygr6,w_NS_plus_20,weight,a19228ce-f25a-4ffd-a249-9d01403e6b81,11,11,0,7.045,7.019,-0.0259999999999998,61,False
BA,nuscale_voygr6,w_NS_plus_20,weight,a23d073a-cbbd-469a-b134-380945fd3f4c,4,4,0,5.84,5.797,-0.04300000000000015,5,False
SK,nuscale_voygr6,w_NS_plus_20,weight,a2d8261c-3d08-4015-946c-47dbddbd0b98,5,5,0,5.565,5.58,0.01499999999999968,5,False
TR,nuscale_voygr6,w_NS_plus_20,weight,a4af3789-2c40-41fc-a3ec-3b8d2fc6c645,62,60,-2,6.389,6.373,-0.016000000000000014,110,False
RO,nuscale_voygr6,w_NS_plus_20,weight,a4fa3246-27d6-4740-898c-bdf9dadcb88c,13,13,0,6.014,6.053,0.0389999999999997,21,False
PL,nuscale_voygr6,w_NS_plus_20,weight,a55e3643-8ed4-434b-b14f-2d549d09c0d9,20,21,1,6.642,6.567,-0.07500000000000018,61,False
TR,nuscale_voygr6,w_NS_plus_20,weight,a6478cb9-5b8c-4d64-bbe6-3d3ed6a3da2c,7,7,0,7.061,7.017,-0.043999999999999595,110,False
PL,nuscale_voygr6,w_NS_plus_20,weight,a67255dd-8134-418e-9377-e28516c53722,27,25,-2,6.361,6.438,0.07699999999999996,61,False
PL,nuscale_voygr6,w_NS_plus_20,weight,a6b51b4f-ba1d-49cd-bc99-8898acdbeb78,29,31,2,6.211,6.207,-0.004000000000000448,61,False
CZ,nuscale_voygr6,w_NS_plus_20,weight,a6bf9980-016e-47ea-b40a-82e384a9eb43,26,27,1,5.578,5.559,-0.019000000000000128,29,False
CZ,nuscale_voygr6,w_NS_plus_20,weight,a733fc13-11a4-4722-b62d-85c85a4f8ef3,12,11,-1,6.419,6.466,0.0470000000000006,29,False
PL,nuscale_voygr6,w_NS_plus_20,weight,a7eeee6e-e14a-40ba-80b6-75ed2e170b20,42,42,0,5.951,5.952,0.001000000000000334,61,False
PL,nuscale_voygr6,w_NS_plus_20,weight,a91dfe3d-93e0-43a1-99d2-41abdd1fc2ce,58,57,-1,5.591,5.602,0.01100000000000012,61,False
TR,nuscale_voygr6,w_NS_plus_20,weight,a96dc545-41a9-4b0d-a7a3-f40ef711e5e3,45,47,2,6.555,6.498,-0.056999999999999496,110,False
BA,nuscale_voygr6,w_NS_plus_20,weight,aa0bdb5e-45aa-4d15-8aee-cb5b0e14f5d9,3,2,-1,5.901,5.874,-0.027000000000000135,5,False
TR,nuscale_voygr6,w_NS_plus_20,weight,aa336cdc-f6fe-4b08-b46d-69e852c501bf,41,34,-7,6.573,6.599,0.0259999999999998,110,False
CZ,nuscale_voygr6,w_NS_plus_20,weight,aa38441d-aec7-4ae9-b4c3-68c5bf567db3,19,19,0,6.122,6.066,-0.05600000000000005,29,False
HR,nuscale_voygr6,w_NS_plus_20,weight,ab151830-e5bd-46de-8400-01aa4c165366,1,1,0,6.433,6.356,-0.07699999999999996,1,True
PL,nuscale_voygr6,w_NS_plus_20,weight,ab57f5c3-8699-46f9-970f-3007dfc58af4,23,26,3,6.463,6.437,-0.0259999999999998,61,False
TR,nuscale_voygr6,w_NS_plus_20,weight,ad0c8590-c672-43f2-a813-1217a10f7d2d,1,1,0,7.473,7.425,-0.04800000000000004,110,False
PL,nuscale_voygr6,w_NS_plus_20,weight,ad7a9c00-0c75-411f-8f89-859e603df1e6,54,53,-1,5.695,5.702,0.006999999999999673,61,False
TR,nuscale_voygr6,w_NS_plus_20,weight,adeb10a5-aaae-4e2c-b426-3db1c3d9bd5b,71,72,1,6.191,6.133,-0.05799999999999983,110,False
RO,nuscale_voygr6,w_NS_plus_20,weight,aff5ffe6-fe7a-4de7-afad-9d4645a64cd9,8,8,0,6.201,6.171,-0.02999999999999936,21,False
BG,nuscale_voygr6,w_NS_plus_20,weight,b01fe781-dbc7-40f8-a544-946288020042,2,2,0,7.01,7.024,0.014000000000000234,7,False
CZ,nuscale_voygr6,w_NS_plus_20,weight,b0ba194f-3c80-4725-b1e7-fa5277b38833,6,6,0,6.748,6.733,-0.015000000000000568,29,False
PL,nuscale_voygr6,w_NS_plus_20,weight,b24c9876-5a4d-4b83-b442-af2f4b0d1047,50,52,2,5.744,5.725,-0.019000000000000128,61,False
PL,nuscale_voygr6,w_NS_plus_20,weight,b24f9ac5-5ddf-4b19-ba95-76dafeca3d2c,5,5,0,7.192,7.163,-0.028999999999999915,61,False
MD,nuscale_voygr6,w_NS_plus_20,weight,b3eb5dd2-98cf-40c4-b9ee-2a86fd066093,1,1,0,6.456,6.521,0.0649999999999995,1,True
TR,nuscale_voygr6,w_NS_plus_20,weight,b588126a-42d6-49dc-b227-9283af5a2578,25,24,-1,6.745,6.74,-0.004999999999999893,110,False
TR,nuscale_voygr6,w_NS_plus_20,weight,b5a75ec8-a2fe-42ad-b33e-ea32e20ebdfb,51,52,1,6.467,6.415,-0.0519999999999996,110,False
TR,nuscale_voygr6,w_NS_plus_20,weight,b5ff798e-e059-4d8b-a903-00a1fefc62ab,26,25,-1,6.745,6.74,-0.004999999999999893,110,False
PL,nuscale_voygr6,w_NS_plus_20,weight,b789a244-7d29-4be3-afe4-2f45d7f11eab,52,55,3,5.718,5.673,-0.04499999999999993,61,False
TR,nuscale_voygr6,w_NS_plus_20,weight,b8875ff2-9e9d-4520-8879-c71468e9cc50,60,62,2,6.413,6.315,-0.09799999999999986,110,False
PL,nuscale_voygr6,w_NS_plus_20,weight,b8a00967-90a3-4a4e-9979-6b8651d87380,33,33,0,6.146,6.185,0.0389999999999997,61,False
PL,nuscale_voygr6,w_NS_plus_20,weight,b8bc6544-1571-4906-95e0-314d62c78a24,10,9,-1,7.055,7.075,0.020000000000000462,61,False
TR,nuscale_voygr6,w_NS_plus_20,weight,bac4a081-83dc-4aba-8076-b67bfc55f54c,106,107,1,5.617,5.517,-0.09999999999999964,110,False
TR,nuscale_voygr6,w_NS_plus_20,weight,bfadbe66-971d-4f64-b222-604a7ee6ac6b,28,31,3,6.715,6.653,-0.06200000000000028,110,False
RO,nuscale_voygr6,w_NS_plus_20,weight,c3790475-3d3b-4e2b-92ae-24503fe03e6b,7,7,0,6.237,6.304,0.06700000000000017,21,False
PL,nuscale_voygr6,w_NS_plus_20,weight,c39819ef-6798-4c01-9a82-9eead65b5f56,26,28,2,6.381,6.344,-0.03699999999999992,61,False
PL,nuscale_voygr6,w_NS_plus_20,weight,c42c5942-264d-43a1-a9eb-95b00480eb1a,49,50,1,5.756,5.735,-0.020999999999999908,61,False
UA,nuscale_voygr6,w_NS_plus_20,weight,c47eb6a3-49c1-4879-95b6-9bcd53b7af04,5,5,0,6.617,6.631,0.014000000000000234,20,False
PL,nuscale_voygr6,w_NS_plus_20,weight,c4d7f628-c108-4496-ac02-6076ea3ae448,38,39,1,6.068,6.066,-0.0019999999999997797,61,False
TR,nuscale_voygr6,w_NS_plus_20,weight,c657c5c3-38a2-472d-8962-9e7cefcd2c1e,10,12,2,6.908,6.854,-0.05400000000000027,110,False
TR,nuscale_voygr6,w_NS_plus_20,weight,c6b846cb-3a01-4e17-9d51-da4b58fd1827,101,97,-4,5.794,5.799,0.005000000000000782,110,False
TR,nuscale_voygr6,w_NS_plus_20,weight,c7afd455-7beb-4d23-8d3b-e9a102782d2b,107,106,-1,5.558,5.536,-0.02200000000000024,110,False
TR,nuscale_voygr6,w_NS_plus_20,weight,c8e1cc12-080a-4e01-925d-8fd6e4334856,97,95,-2,5.863,5.873,0.009999999999999787,110,False
RS,nuscale_voygr6,w_NS_plus_20,weight,c8f15aca-174b-4be6-a6d9-abfa4685d10d,4,2,-2,6.562,6.608,0.045999999999999375,6,False
SK,nuscale_voygr6,w_NS_plus_20,weight,c97125b3-20ed-4e21-a853-b928644ec7dd,1,1,0,7.02,7.045,0.025000000000000355,5,False
TR,nuscale_voygr6,w_NS_plus_20,weight,c9c85786-eb26-4e7b-b280-83a54b7e834f,47,44,-3,6.527,6.515,-0.012000000000000455,110,False
TR,nuscale_voygr6,w_NS_plus_20,weight,ca423571-d2ab-44d4-b5ce-3e649d9cc776,74,82,8,6.175,6.062,-0.11299999999999955,110,False
TR,nuscale_voygr6,w_NS_plus_20,weight,cb08e7b6-0af3-45d9-95c3-3832e7e2677c,13,10,-3,6.878,6.912,0.03399999999999981,110,False
TR,nuscale_voygr6,w_NS_plus_20,weight,cb825b0f-e315-4221-b194-43d5b472382d,83,77,-6,6.088,6.081,-0.006999999999999673,110,False
CZ,nuscale_voygr6,w_NS_plus_20,weight,cbd67443-4a4e-44fd-a9ed-20ba9574c99e,29,29,0,5.551,5.556,0.004999999999999893,29,False
TR,nuscale_voygr6,w_NS_plus_20,weight,cc635340-954c-4428-9fa1-14383c7faceb,49,49,0,6.496,6.451,-0.04500000000000082,110,False
PL,nuscale_voygr6,w_NS_plus_20,weight,ccc15bde-1c5a-40bf-8f09-2fcb1e896ce5,53,54,1,5.718,5.676,-0.041999999999999815,61,False
PL,nuscale_voygr6,w_NS_plus_20,weight,cd84938d-eea8-47a1-8ea6-2e9f943e5914,3,4,1,7.231,7.251,0.020000000000000462,61,False
UA,nuscale_voygr6,w_NS_plus_20,weight,cdb6adfb-52ff-4631-939a-001080b20450,6,6,0,6.461,6.511,0.04999999999999982,20,False
PL,nuscale_voygr6,w_NS_plus_20,weight,cdc888ad-fd51-4710-a5ab-3cd0fe9ddb48,15,16,1,6.838,6.78,-0.05799999999999983,61,False
TR,nuscale_voygr6,w_NS_plus_20,weight,ce39538c-997e-4a7d-bc32-f164f50f9aa0,79,84,5,6.115,6.051,-0.06400000000000006,110,False
UA,nuscale_voygr6,w_NS_plus_20,weight,cec871bd-c7f6-4444-b0da-9b3a9ecc6963,3,3,0,6.73,6.707,-0.023000000000000576,20,False
TR,nuscale_voygr6,w_NS_plus_20,weight,cf9150af-0325-44d8-bbaf-493e742f2e2b,50,50,0,6.474,6.444,-0.03000000000000025,110,False
TR,nuscale_voygr6,w_NS_plus_20,weight,d020ac37-4f23-41b1-8f1e-b425b5769424,53,59,6,6.456,6.389,-0.06700000000000017,110,False
TR,nuscale_voygr6,w_NS_plus_20,weight,d12e7ffc-4cd3-4ff4-81da-ae360d59409b,85,73,-12,6.066,6.119,0.052999999999999936,110,False
TR,nuscale_voygr6,w_NS_plus_20,weight,d1863136-5ff4-4b4d-a9c0-6219e92d637d,6,6,0,7.107,7.06,-0.0470000000000006,110,False
TR,nuscale_voygr6,w_NS_plus_20,weight,d21335d4-0a3d-4464-85e0-352745a38db4,59,56,-3,6.435,6.411,-0.02400000000000002,110,False
RS,nuscale_voygr6,w_NS_plus_20,weight,d30af109-79cb-4ab5-a878-6f574b58116a,2,3,1,6.613,6.578,-0.03500000000000014,6,False
PL,nuscale_voygr6,w_NS_plus_20,weight,d3b5a049-6bff-400b-9312-96985f03acea,59,59,0,5.539,5.525,-0.013999999999999346,61,False
UA,nuscale_voygr6,w_NS_plus_20,weight,d3b9e403-7744-44c5-b5c3-999c4c1911d8,20,20,0,5.252,5.286,0.03399999999999981,20,False
TR,nuscale_voygr6,w_NS_plus_20,weight,d3f986d9-a023-4d43-a0fb-03361f310873,14,13,-1,6.878,6.825,-0.052999999999999936,110,False
TR,nuscale_voygr6,w_NS_plus_20,weight,d48d2f39-d58f-4299-9b2f-56d194d2d13b,87,80,-7,6.061,6.067,0.006000000000000227,110,False
RO,nuscale_voygr6,w_NS_plus_20,weight,d498ded8-449c-4672-8bb9-0ed6c8fef775,12,12,0,6.027,6.071,0.043999999999999595,21,False
TR,nuscale_voygr6,w_NS_plus_20,weight,d5151598-5a1a-4697-8147-592845ffef6c,94,94,0,5.917,5.886,-0.030999999999999694,110,False
PL,nuscale_voygr6,w_NS_plus_20,weight,d60b377c-9bb4-4fd5-adb7-a9a9ba98ae76,36,34,-2,6.107,6.17,0.06299999999999972,61,False
TR,nuscale_voygr6,w_NS_plus_20,weight,d6cb5642-d5ec-4a15-bc6b-8be4cb0a382e,17,16,-1,6.847,6.791,-0.05600000000000005,110,False
CZ,nuscale_voygr6,w_NS_plus_20,weight,d762ceeb-514f-43a6-9f91-a2d422ed6c60,2,2,0,7.014,7.075,0.06099999999999994,29,False
RO,nuscale_voygr6,w_NS_plus_20,weight,dac2a974-a2de-46c5-b581-03985a9ae7d0,11,10,-1,6.054,6.107,0.052999999999999936,21,False
PL,nuscale_voygr6,w_NS_plus_20,weight,dadadad9-b67e-44b8-a9ab-4cbf116da20b,4,3,-1,7.224,7.253,0.028999999999999915,61,False
TR,nuscale_voygr6,w_NS_plus_20,weight,db87ce6a-3802-44c5-945f-8a95d3cf111b,81,74,-7,6.109,6.091,-0.017999999999999794,110,False
PL,nuscale_voygr6,w_NS_plus_20,weight,dc87cdf1-9936-4a59-a5e9-b5e360173490,39,38,-1,6.042,6.068,0.0259999999999998,61,False
TR,nuscale_voygr6,w_NS_plus_20,weight,dd413ee8-a6f2-4e7c-8e6c-6d0ed8637d83,19,19,0,6.817,6.779,-0.038000000000000256,110,False
TR,nuscale_voygr6,w_NS_plus_20,weight,ddc8bb9c-bf77-4075-b38c-600fb072acf8,11,14,3,6.902,6.809,-0.09299999999999997,110,False
PL,nuscale_voygr6,w_NS_plus_20,weight,de6735bd-7a79-43c8-baad-1fe23d50d6f0,22,22,0,6.536,6.548,0.012000000000000455,61,False
TR,nuscale_voygr6,w_NS_plus_20,weight,e03c394f-1c08-4101-b1fe-f6662fe4b424,15,17,2,6.861,6.79,-0.07099999999999973,110,False
RO,nuscale_voygr6,w_NS_plus_20,weight,e073b3f8-4312-4d34-b322-6289a3121af1,14,14,0,6.014,6.027,0.0129999999999999,21,False
TR,nuscale_voygr6,w_NS_plus_20,weight,e10aae79-05b7-4ad9-9d69-60ce190b4444,42,35,-7,6.573,6.599,0.0259999999999998,110,False
HU,nuscale_voygr6,w_NS_plus_20,weight,e1649639-2e45-4226-9c7a-783d2dcb6724,10,10,0,5.344,5.272,-0.07200000000000006,11,False
CZ,nuscale_voygr6,w_NS_plus_20,weight,e299922a-1670-4aff-acda-fd80600af9af,7,7,0,6.721,6.728,0.006999999999999673,29,False
PL,nuscale_voygr6,w_NS_plus_20,weight,e2c23866-db1e-4316-82b5-7e3fe50c3c09,47,47,0,5.848,5.868,0.020000000000000462,61,False
RO,nuscale_voygr6,w_NS_plus_20,weight,e43af28e-a3d3-4047-a9cf-f3b0990754b4,18,18,0,5.759,5.763,0.0039999999999995595,21,False
UA,nuscale_voygr6,w_NS_plus_20,weight,e4c6a713-99e6-4fdf-afaa-d456779c504c,16,17,1,5.913,5.922,0.008999999999999453,20,False
PL,nuscale_voygr6,w_NS_plus_20,weight,e4e3b5f0-7038-47a5-84e3-04eb07b3c4d7,14,14,0,6.925,6.845,-0.08000000000000007,61,False
TR,nuscale_voygr6,w_NS_plus_20,weight,e71ec827-7143-48dd-8c8a-8e81705fa971,52,51,-1,6.467,6.428,-0.0389999999999997,110,False
BA,nuscale_voygr6,w_NS_plus_20,weight,e75c63e5-ef2f-4e08-8f8c-3da41215af9d,2,3,1,5.907,5.867,-0.040000000000000036,5,False
TR,nuscale_voygr6,w_NS_plus_20,weight,e780e4ac-0506-4186-9b58-0f378f878345,9,9,0,6.969,6.924,-0.04499999999999993,110,False
TR,nuscale_voygr6,w_NS_plus_20,weight,e894ba3e-e397-47c9-b0b9-a72cfb6bd680,95,92,-3,5.876,5.897,0.020999999999999908,110,False
TR,nuscale_voygr6,w_NS_plus_20,weight,e8b6e342-2011-4343-b415-a8bf08501499,99,100,1,5.809,5.75,-0.05900000000000016,110,False
PL,nuscale_voygr6,w_NS_plus_20,weight,e9a1ae49-ff79-462c-af4e-7c6843221d36,55,51,-4,5.645,5.726,0.0810000000000004,61,False
TR,nuscale_voygr6,w_NS_plus_20,weight,e9bc02be-cf10-4b27-9b8a-0d4a954720e4,36,36,0,6.606,6.585,-0.020999999999999908,110,False
PL,nuscale_voygr6,w_NS_plus_20,weight,ebc0f461-acfa-47da-8094-5b15ea3e25a0,19,20,1,6.662,6.647,-0.01499999999999968,61,False
PL,nuscale_voygr6,w_NS_plus_20,weight,ee332928-87b2-4e7b-9203-20e402bc551f,12,12,0,6.99,6.97,-0.020000000000000462,61,False
PL,nuscale_voygr6,w_NS_plus_20,weight,ef2ee2ae-e73e-490c-aa07-746543fe20e6,40,41,1,6.029,6.019,-0.009999999999999787,61,False
HU,nuscale_voygr6,w_NS_plus_20,weight,ef325d90-6d2d-4f8f-89f2-3bc98beb149b,8,8,0,5.812,5.761,-0.051000000000000156,11,False
CZ,nuscale_voygr6,w_NS_plus_20,weight,f1d2bca1-a7a9-4404-84c1-34fc8a59dab7,25,25,0,5.619,5.637,0.017999999999999794,29,False
HU,nuscale_voygr6,w_NS_plus_20,weight,f2b3a729-602a-4b6b-acc9-004244f2e556,9,9,0,5.373,5.354,-0.019000000000000128,11,False
UA,nuscale_voygr6,w_NS_plus_20,weight,f2c061de-66ad-4fce-b911-7f1899f25b75,12,10,-2,6.278,6.312,0.034000000000000696,20,False
TR,nuscale_voygr6,w_NS_plus_20,weight,f2e65fcf-afc4-4443-ac14-f15c8ffe48f3,20,20,0,6.817,6.779,-0.038000000000000256,110,False
CZ,nuscale_voygr6,w_NS_plus_20,weight,f3523341-daaa-4573-a856-becb2e1bb9e3,4,3,-1,6.939,6.977,0.038000000000000256,29,False
PL,nuscale_voygr6,w_NS_plus_20,weight,f5be4e73-938d-4fe2-b585-5090ec780670,28,27,-1,6.36,6.395,0.034999999999999254,61,False
HU,nuscale_voygr6,w_NS_plus_20,weight,f7dcdb63-26e6-44cd-b440-ec14fe507d90,2,2,0,7.042,7.062,0.020000000000000462,11,False
PL,nuscale_voygr6,w_NS_plus_20,weight,f8f9f43d-6a3b-445d-818e-ca82a90ace65,51,49,-2,5.74,5.763,0.022999999999999687,61,False
TR,nuscale_voygr6,w_NS_plus_20,weight,f92bc907-9b9b-4d21-92fd-1705bd71128c,89,89,0,6.036,6.005,-0.030999999999999694,110,False
TR,nuscale_voygr6,w_NS_plus_20,weight,fa6b7ac3-c1bf-478f-8d0a-1f357ea480cf,100,101,1,5.808,5.749,-0.05900000000000016,110,False
BY,nuscale_voygr6,w_NS_plus_20,weight,fac3d0b5-36a5-48ae-8494-f2f08e4342f4,1,1,0,6.786,6.742,-0.043999999999999595,2,True
UA,nuscale_voygr6,w_NS_plus_20,weight,fb7d4d9a-3f27-4b50-9941-6a8fccd25e9a,9,12,3,6.335,6.29,-0.04499999999999993,20,False
TR,nuscale_voygr6,w_NS_plus_20,weight,fc307877-758b-4dbf-afbe-abfc4a778155,35,40,5,6.613,6.542,-0.07100000000000062,110,False
TR,nuscale_voygr6,w_NS_plus_20,weight,fecb62d9-6fb8-4f8d-83e3-78a7c75adb6e,64,65,1,6.321,6.251,-0.0699999999999994,110,False
TR,nuscale_voygr6,w_RI_minus_20,weight,0049a899-af5f-41cd-86ae-2ba729b6365f,93,94,1,5.942,5.965,0.022999999999999687,110,False
RS,nuscale_voygr6,w_RI_minus_20,weight,0182ec25-0df9-4e4b-9861-d76a332bc282,1,1,0,6.715,6.764,0.04900000000000038,6,False
UA,nuscale_voygr6,w_RI_minus_20,weight,02253fcc-4fc6-42d4-a6a8-42365487302f,13,13,0,6.148,6.197,0.04900000000000038,20,False
TR,nuscale_voygr6,w_RI_minus_20,weight,0248611c-b745-404f-ad50-c2870882c7a1,18,21,3,6.832,6.821,-0.01100000000000012,110,False
UA,nuscale_voygr6,w_RI_minus_20,weight,038d42e9-769b-4b22-9513-dccff48b42cd,15,15,0,5.93,5.972,0.0420000000000007,20,False
HU,nuscale_voygr6,w_RI_minus_20,weight,059b3ad4-7196-4e6b-b169-8605ceeed841,4,4,0,6.601,6.661,0.05999999999999961,11,False
CZ,nuscale_voygr6,w_RI_minus_20,weight,05daa6b2-bb29-4c26-a459-855626673955,13,14,1,6.34,6.359,0.019000000000000128,29,False
PL,nuscale_voygr6,w_RI_minus_20,weight,06641fea-8997-4b69-a618-6afa34b82591,44,43,-1,5.912,6.03,0.11800000000000033,61,False
SK,nuscale_voygr6,w_RI_minus_20,weight,06defca3-9105-437f-afd4-52f5603d9b8e,4,4,0,6.272,6.297,0.024999999999999467,5,False
TR,nuscale_voygr6,w_RI_minus_20,weight,0947a4c8-4fc1-492f-9c66-2c9a993c7fb0,54,53,-1,6.445,6.492,0.04699999999999971,110,False
CZ,nuscale_voygr6,w_RI_minus_20,weight,0ae8917b-a70b-41e5-82de-e4963a7686e3,16,15,-1,6.265,6.267,0.002000000000000668,29,False
PL,nuscale_voygr6,w_RI_minus_20,weight,0b187a1d-55de-47cf-96a3-06abc8ff2476,18,18,0,6.662,6.666,0.004000000000000448,61,False
TR,nuscale_voygr6,w_RI_minus_20,weight,0ca4ff78-4113-4ad9-ac04-0fd541d42338,78,84,6,6.123,6.137,0.013999999999999346,110,False
TR,nuscale_voygr6,w_RI_minus_20,weight,0fec985c-c66e-40af-a123-a9ba4db269bb,63,63,0,6.35,6.385,0.03500000000000014,110,False
TR,nuscale_voygr6,w_RI_minus_20,weight,1289753b-43db-4058-8fe1-6e38b5fb01b5,27,27,0,6.726,6.735,0.009000000000000341,110,False
TR,nuscale_voygr6,w_RI_minus_20,weight,142cad75-648a-495d-8c10-792351e72126,4,4,0,7.153,7.196,0.04300000000000015,110,False
CZ,nuscale_voygr6,w_RI_minus_20,weight,14e88076-ce0e-4693-bca4-e80f3f013c7f,18,17,-1,6.259,6.246,-0.0129999999999999,29,False
TR,nuscale_voygr6,w_RI_minus_20,weight,1624a526-07d8-44a4-8ed7-3b035b748f03,105,105,0,5.653,5.744,0.09100000000000019,110,False
TR,nuscale_voygr6,w_RI_minus_20,weight,166f5fcc-1cc4-4cf5-9e52-59e7ce1557c6,23,30,7,6.759,6.721,-0.038000000000000256,110,False
SK,nuscale_voygr6,w_RI_minus_20,weight,1719d38b-61e8-4b01-844b-3a2f85c8a186,3,3,0,6.503,6.515,0.011999999999999567,5,False
MK,nuscale_voygr6,w_RI_minus_20,weight,1739b1b7-a6f3-466c-9dfa-3d1de9d5b6db,1,1,0,6.391,6.381,-0.009999999999999787,3,False
TR,nuscale_voygr6,w_RI_minus_20,weight,17568f0f-91fd-4efe-b4df-2c7cc5d80b7d,110,110,0,5.073,5.105,0.03200000000000003,110,False
CZ,nuscale_voygr6,w_RI_minus_20,weight,180880c2-7284-4723-b02a-a62348b9b40b,9,9,0,6.633,6.621,-0.011999999999999567,29,False
TR,nuscale_voygr6,w_RI_minus_20,weight,1820429d-bd95-4e56-a6db-d9bb57e2ae07,96,97,1,5.865,5.895,0.02999999999999936,110,False
PL,nuscale_voygr6,w_RI_minus_20,weight,187b4fd7-6a61-4e94-8ed4-495ac6dfc317,25,24,-1,6.419,6.543,0.12400000000000055,61,False
RO,nuscale_voygr6,w_RI_minus_20,weight,18ecb024-ee4f-4045-8254-5e95d61dea8c,15,16,1,5.958,5.98,0.02200000000000024,21,False
LV,nuscale_voygr6,w_RI_minus_20,weight,1a5b8f8f-f4be-4514-8738-755d25e19b41,1,1,0,6.728,6.762,0.03399999999999981,1,True
CZ,nuscale_voygr6,w_RI_minus_20,weight,1c059a42-608c-4753-8fcf-ba797d94f900,24,23,-1,5.68,5.843,0.16300000000000026,29,False
TR,nuscale_voygr6,w_RI_minus_20,weight,1ce7624e-1d72-4293-8ff4-09096b56ddd2,109,109,0,5.401,5.484,0.08300000000000018,110,False
PL,nuscale_voygr6,w_RI_minus_20,weight,1d19dce6-c458-4656-901d-6a8d3c548761,9,6,-3,7.075,7.181,0.10599999999999987,61,False
RO,nuscale_voygr6,w_RI_minus_20,weight,1d8be6d0-f3a5-4b32-9d46-3526289731f8,21,21,0,5.375,5.453,0.07800000000000029,21,False
TR,nuscale_voygr6,w_RI_minus_20,weight,1f305180-6bbf-4758-9a98-78bc9e96e195,46,44,-2,6.528,6.608,0.08000000000000007,110,False
PL,nuscale_voygr6,w_RI_minus_20,weight,202d797d-b0f9-4cd0-bbac-d7bb06805c09,37,37,0,6.071,6.182,0.11100000000000065,61,False
CZ,nuscale_voygr6,w_RI_minus_20,weight,20bce4f5-ca0b-4145-87e5-0a0694343f31,17,18,1,6.263,6.238,-0.024999999999999467,29,False
CZ,nuscale_voygr6,w_RI_minus_20,weight,20c9d02d-e9e8-40b3-a11e-7a2e01018d8c,14,13,-1,6.34,6.382,0.041999999999999815,29,False
TR,nuscale_voygr6,w_RI_minus_20,weight,21ccc44f-3244-4e7f-9654-eae424288200,76,79,3,6.13,6.16,0.03000000000000025,110,False
TR,nuscale_voygr6,w_RI_minus_20,weight,231565d3-4f56-43ee-a357-1f4451c6fbc3,37,37,0,6.588,6.634,0.04600000000000026,110,False
TR,nuscale_voygr6,w_RI_minus_20,weight,2350bab4-9869-43f1-b62f-a4d5aea77ef5,77,80,3,6.13,6.16,0.03000000000000025,110,False
PL,nuscale_voygr6,w_RI_minus_20,weight,239ea0eb-a9c4-43cc-ac5f-35271bdc6613,7,8,1,7.102,7.132,0.02999999999999936,61,False
CZ,nuscale_voygr6,w_RI_minus_20,weight,274ec928-e527-44cf-86c5-b6eddc09d0f7,20,20,0,5.918,6.005,0.08699999999999974,29,False
PL,nuscale_voygr6,w_RI_minus_20,weight,27fc89b3-ee57-44ac-8073-a700bc8d12e8,41,41,0,6.003,6.111,0.10799999999999965,61,False
CZ,nuscale_voygr6,w_RI_minus_20,weight,287cbb48-bb08-40dd-82c5-cfe1530dfbb9,1,1,0,7.075,7.096,0.020999999999999908,29,False
HU,nuscale_voygr6,w_RI_minus_20,weight,28b36531-865d-42ae-afb3-b8bad86f7014,6,6,0,6.305,6.273,-0.03200000000000003,11,False
PL,nuscale_voygr6,w_RI_minus_20,weight,29479c3f-8db8-4f62-90e8-59ad6739f90b,34,35,1,6.12,6.232,0.1120000000000001,61,False
RS,nuscale_voygr6,w_RI_minus_20,weight,296282b1-d079-4c1e-b2df-12c25128b963,6,6,0,6.259,6.255,-0.004000000000000448,6,False
PL,nuscale_voygr6,w_RI_minus_20,weight,2981a12d-3444-4301-96ba-a63ef50bec3e,1,1,0,7.516,7.532,0.016000000000000014,61,False
RO,nuscale_voygr6,w_RI_minus_20,weight,29836b52-a882-4921-95a7-6417e636d9a2,3,3,0,6.76,6.83,0.07000000000000028,21,False
PL,nuscale_voygr6,w_RI_minus_20,weight,29a58981-aaf7-4450-ad41-49dd6d786168,48,48,0,5.782,5.881,0.0990000000000002,61,False
UA,nuscale_voygr6,w_RI_minus_20,weight,29b3a802-7ef1-4722-ad59-b1511b1b0075,1,1,0,7.046,7.069,0.022999999999999687,20,False
TR,nuscale_voygr6,w_RI_minus_20,weight,2a3aad60-2bff-4206-8275-f6e2029f9278,66,67,1,6.252,6.304,0.05200000000000049,110,False
TR,nuscale_voygr6,w_RI_minus_20,weight,2b6a65d3-efb0-44d8-b88b-9aad311f4ac4,31,31,0,6.664,6.719,0.055000000000000604,110,False
PL,nuscale_voygr6,w_RI_minus_20,weight,2da9dab9-7b4e-46e7-b1c8-70eeb329c177,56,56,0,5.614,5.706,0.09200000000000053,61,False
AT,nuscale_voygr6,w_RI_minus_20,weight,2dcd2c6d-f375-4408-9492-7910662fac03,1,1,0,7.333,7.342,0.008999999999999453,6,False
TR,nuscale_voygr6,w_RI_minus_20,weight,2ec95392-978d-4a43-85b9-af3282c212ba,2,2,0,7.305,7.373,0.0680000000000005,110,False
TR,nuscale_voygr6,w_RI_minus_20,weight,2ed9363f-a9fe-46e5-8b92-c50b47a9077a,68,68,0,6.237,6.279,0.041999999999999815,110,False
BG,nuscale_voygr6,w_RI_minus_20,weight,2fb27566-cc7b-4530-8ff9-e55e3a1985bd,5,5,0,6.504,6.486,-0.017999999999999794,7,False
CZ,nuscale_voygr6,w_RI_minus_20,weight,2fe0a0b3-4108-427e-8e54-f77e1ea7227c,3,4,1,6.939,6.954,0.01499999999999968,29,False
BG,nuscale_voygr6,w_RI_minus_20,weight,30c9e377-b575-46fa-880f-922c46e6500a,1,1,0,7.102,7.087,-0.015000000000000568,7,False
CZ,nuscale_voygr6,w_RI_minus_20,weight,32484f7b-18a4-4b21-8e6a-6d68ae099d02,5,5,0,6.85,6.89,0.040000000000000036,29,False
BG,nuscale_voygr6,w_RI_minus_20,weight,33a015dd-51e0-497e-b0d3-4b1b3f070438,6,6,0,5.792,5.891,0.0990000000000002,7,False
BA,nuscale_voygr6,w_RI_minus_20,weight,344e0e9a-558e-4749-bb66-cd746be50cbd,5,5,0,5.556,5.557,0.001000000000000334,5,False
RO,nuscale_voygr6,w_RI_minus_20,weight,345fb795-170a-4fb5-833c-f6bcf2eb450c,1,1,0,7.633,7.617,-0.016000000000000014,21,False
HU,nuscale_voygr6,w_RI_minus_20,weight,34d88ce8-d49c-4b19-af2d-6efcb1b72149,11,11,0,5.308,5.318,0.009999999999999787,11,False
UA,nuscale_voygr6,w_RI_minus_20,weight,3657989a-61ae-4fe3-9e8b-6ba7e68f8c59,14,14,0,6.017,6.033,0.016000000000000014,20,False
ME,nuscale_voygr6,w_RI_minus_20,weight,3795824b-cb76-48dd-a65c-764c757ddc76,1,1,0,5.242,5.284,0.041999999999999815,1,True
TR,nuscale_voygr6,w_RI_minus_20,weight,381221dd-76da-4adf-9b19-5da9f0779c22,80,78,-2,6.109,6.161,0.0519999999999996,110,False
TR,nuscale_voygr6,w_RI_minus_20,weight,3819acc8-761d-49ba-89e7-967d3d37ec0e,98,100,2,5.851,5.882,0.030999999999999694,110,False
PL,nuscale_voygr6,w_RI_minus_20,weight,399668d6-bfed-4e5b-bf38-9ee5902101c3,57,57,0,5.597,5.689,0.09199999999999964,61,False
TR,nuscale_voygr6,w_RI_minus_20,weight,3a06636d-c742-4b72-b9cd-21a4537c331b,84,85,1,6.073,6.135,0.06199999999999939,110,False
BG,nuscale_voygr6,w_RI_minus_20,weight,3bb6666f-de2f-4c6f-a28e-c3bddb71b54a,3,3,0,6.891,6.89,-0.001000000000000334,7,False
UA,nuscale_voygr6,w_RI_minus_20,weight,3bd2a957-ff3b-4bfd-9dba-808279edccb9,18,18,0,5.739,5.746,0.007000000000000561,20,False
RO,nuscale_voygr6,w_RI_minus_20,weight,3bef37a3-239e-498d-a160-77452a6a9b79,20,19,-1,5.442,5.561,0.11899999999999977,21,False
PL,nuscale_voygr6,w_RI_minus_20,weight,3d2d4c37-eb9d-4b35-a8b1-b3f485bc3e3f,32,32,0,6.146,6.259,0.11300000000000043,61,False
TR,nuscale_voygr6,w_RI_minus_20,weight,3e5f4317-6f40-44fb-bfa2-e21dc4d9922d,34,33,-1,6.618,6.675,0.056999999999999496,110,False
TR,nuscale_voygr6,w_RI_minus_20,weight,3f1ad930-cffb-4991-badd-773db74b890c,43,42,-1,6.569,6.622,0.052999999999999936,110,False
PL,nuscale_voygr6,w_RI_minus_20,weight,40650551-0c9c-45ea-bac6-befdb0cb5909,31,29,-2,6.19,6.325,0.1349999999999998,61,False
PL,nuscale_voygr6,w_RI_minus_20,weight,409dde58-5df1-44d9-b5ec-f8e2edd86786,35,33,-2,6.12,6.259,0.13900000000000023,61,False
PL,nuscale_voygr6,w_RI_minus_20,weight,40b4334a-7ba4-4ed8-aa8e-3c405599fbd7,45,45,0,5.891,6.028,0.13699999999999957,61,False
PL,nuscale_voygr6,w_RI_minus_20,weight,416aab55-6fd9-4a0a-b8f8-796fb62d86a5,30,30,0,6.198,6.313,0.11499999999999932,61,False
TR,nuscale_voygr6,w_RI_minus_20,weight,42d5b3fd-7d07-409b-9154-4441695b7901,67,66,-1,6.241,6.321,0.08000000000000007,110,False
CZ,nuscale_voygr6,w_RI_minus_20,weight,43e5b2b4-2ccf-46ab-b01e-e3d480146455,27,27,0,5.551,5.645,0.09399999999999942,29,False
TR,nuscale_voygr6,w_RI_minus_20,weight,43f99d45-6635-4392-a522-4a06445fdaf2,39,43,4,6.576,6.613,0.03700000000000081,110,False
PL,nuscale_voygr6,w_RI_minus_20,weight,4411a22e-4e8a-4715-b000-1aae34494b68,8,10,2,7.088,7.108,0.019999999999999574,61,False
TR,nuscale_voygr6,w_RI_minus_20,weight,44362378-9c74-44af-8a08-be4877f50e97,92,90,-2,5.977,6.078,0.10099999999999998,110,False
TR,nuscale_voygr6,w_RI_minus_20,weight,44698c12-3c50-4602-8104-dafa5fd215b6,56,55,-1,6.435,6.487,0.05200000000000049,110,False
UA,nuscale_voygr6,w_RI_minus_20,weight,447a9ea1-47fa-48a3-93f2-a77cbd629ac7,10,11,1,6.304,6.301,-0.0030000000000001137,20,False
CZ,nuscale_voygr6,w_RI_minus_20,weight,44d40276-5847-41d1-ab9b-887bbdc1bcfe,22,22,0,5.823,5.928,0.10499999999999954,29,False
UA,nuscale_voygr6,w_RI_minus_20,weight,46b96bc3-b190-4045-9c86-eb674e2ea35e,8,8,0,6.426,6.427,0.0009999999999994458,20,False
PL,nuscale_voygr6,w_RI_minus_20,weight,47be3ec4-7abe-4f4c-ac3d-b7f753b8514a,46,47,1,5.886,5.935,0.04899999999999949,61,False
TR,nuscale_voygr6,w_RI_minus_20,weight,48149515-0774-404d-b273-790b660a8d90,44,45,1,6.555,6.595,0.040000000000000036,110,False
TR,nuscale_voygr6,w_RI_minus_20,weight,4b11cac9-4fe0-4a2a-9c09-4fe9a0ac6015,24,23,-1,6.745,6.803,0.05799999999999983,110,False
UA,nuscale_voygr6,w_RI_minus_20,weight,4e45df00-0d28-44d0-9697-3fa33d76fc88,11,12,1,6.278,6.274,-0.0039999999999995595,20,False
CZ,nuscale_voygr6,w_RI_minus_20,weight,4eb7914c-e000-403c-b5a5-c350de67bb83,23,24,1,5.728,5.829,0.10099999999999998,29,False
TR,nuscale_voygr6,w_RI_minus_20,weight,5067ece3-b204-495e-81c1-90a523252547,103,102,-1,5.776,5.859,0.08300000000000018,110,False
TR,nuscale_voygr6,w_RI_minus_20,weight,52028d4f-7796-4463-832e-cff2e439c96a,82,81,-1,6.102,6.154,0.0519999999999996,110,False
RO,nuscale_voygr6,w_RI_minus_20,weight,52a7babe-313f-493b-86b9-bd0c4aece4c3,5,5,0,6.597,6.58,-0.017000000000000348,21,False
PL,nuscale_voygr6,w_RI_minus_20,weight,52db4dae-b014-45a4-96c4-49f80c1fdd11,6,7,1,7.125,7.139,0.014000000000000234,61,False
AT,nuscale_voygr6,w_RI_minus_20,weight,532bfb42-0d4c-42cf-a81a-287f2b3a75bf,4,4,0,6.562,6.656,0.09399999999999942,6,False
TR,nuscale_voygr6,w_RI_minus_20,weight,53481b7f-5b85-4bab-be04-4866c2e72c12,108,108,0,5.5,5.561,0.06099999999999994,110,False
PL,nuscale_voygr6,w_RI_minus_20,weight,558e7bff-5b5d-4666-9ca3-ec02f2269aab,2,2,0,7.314,7.336,0.02200000000000024,61,False
TR,nuscale_voygr6,w_RI_minus_20,weight,55cfe45b-6357-40f9-8623-e9916f91f839,22,22,0,6.781,6.813,0.03200000000000003,110,False
TR,nuscale_voygr6,w_RI_minus_20,weight,56b8e2a3-1885-431f-9fd1-4cd3bebfad61,32,28,-4,6.664,6.722,0.05800000000000072,110,False
TR,nuscale_voygr6,w_RI_minus_20,weight,57c0c830-725f-46ee-9322-0a4a3ad9efda,5,5,0,7.107,7.128,0.020999999999999908,110,False
TR,nuscale_voygr6,w_RI_minus_20,weight,5a19f424-1a15-44e6-bf1b-c2c5886ac1bf,72,73,1,6.19,6.214,0.02400000000000002,110,False
RO,nuscale_voygr6,w_RI_minus_20,weight,5a33e5f0-6d86-4eab-adea-6c6bad7f3f45,16,15,-1,5.925,6.03,0.10500000000000043,21,False
PL,nuscale_voygr6,w_RI_minus_20,weight,5a57ae0a-6f91-46f4-a1f5-56a6b37596e9,61,61,0,5.458,5.544,0.08599999999999941,61,False
TR,nuscale_voygr6,w_RI_minus_20,weight,5b6be56c-d981-470c-a979-13a8764a34b8,91,92,1,5.982,6.015,0.032999999999999474,110,False
RS,nuscale_voygr6,w_RI_minus_20,weight,5d4aee8d-9e73-4987-907a-d092e0ba92ed,5,5,0,6.524,6.528,0.0039999999999995595,6,False
HU,nuscale_voygr6,w_RI_minus_20,weight,5de5f907-98e7-42d3-a7dd-cb65f839697b,3,3,0,6.873,6.877,0.0039999999999995595,11,False
UA,nuscale_voygr6,w_RI_minus_20,weight,5ed0a674-a292-44bc-997f-5c1990da1235,2,2,0,6.966,6.944,-0.02200000000000024,20,False
TR,nuscale_voygr6,w_RI_minus_20,weight,5ed91c1b-0a1b-4a4c-9b2b-f6bdc8ff9770,102,104,2,5.79,5.82,0.03000000000000025,110,False
CZ,nuscale_voygr6,w_RI_minus_20,weight,5f4ed23c-cea2-41ef-a3e8-ac863e1bdcd6,15,16,1,6.293,6.258,-0.03500000000000014,29,False
TR,nuscale_voygr6,w_RI_minus_20,weight,5fa0dfa9-c272-444e-8e70-80ab55b5d36c,16,18,2,6.847,6.836,-0.01100000000000012,110,False
CZ,nuscale_voygr6,w_RI_minus_20,weight,60baaa73-dd8c-4865-bb18-6c73d63a4052,10,10,0,6.49,6.509,0.019000000000000128,29,False
CZ,nuscale_voygr6,w_RI_minus_20,weight,63601ccc-3f20-4cbd-95cb-0fbeaf821c6a,11,11,0,6.469,6.488,0.019000000000000128,29,False
HU,nuscale_voygr6,w_RI_minus_20,weight,651839d3-4e8f-4214-89aa-1f96ea221121,7,7,0,5.981,5.944,-0.03699999999999992,11,False
AT,nuscale_voygr6,w_RI_minus_20,weight,660d9d71-6733-4294-951b-1c58614d58cf,2,2,0,7.101,7.113,0.012000000000000455,6,False
PL,nuscale_voygr6,w_RI_minus_20,weight,66bdc30c-4179-480b-a55a-5d15be5ac66b,21,21,0,6.636,6.661,0.024999999999999467,61,False
CZ,nuscale_voygr6,w_RI_minus_20,weight,66c3f077-1ee6-41d7-8e6c-da374bb45139,28,28,0,5.551,5.645,0.09399999999999942,29,False
TR,nuscale_voygr6,w_RI_minus_20,weight,674deb4f-110c-4120-bea0-5f0711da3ea1,12,10,-2,6.891,6.965,0.07399999999999984,110,False
BY,nuscale_voygr6,w_RI_minus_20,weight,68aabff9-e662-4b9f-b37d-4c2ebc5f7539,2,2,0,6.399,6.399,0.0,2,True
RO,nuscale_voygr6,w_RI_minus_20,weight,693d9b73-f9fc-4502-9b94-be020c5d21fb,4,4,0,6.679,6.704,0.024999999999999467,21,False
RO,nuscale_voygr6,w_RI_minus_20,weight,6aed2eac-1c97-40c5-b842-fb15fd510f35,9,9,0,6.149,6.199,0.04999999999999982,21,False
RO,nuscale_voygr6,w_RI_minus_20,weight,6c428b2a-ad09-448b-b24c-22465929d69c,19,20,1,5.458,5.557,0.0990000000000002,21,False
TR,nuscale_voygr6,w_RI_minus_20,weight,6c9571c4-5d3b-4f88-a7be-fa8c21425eeb,8,8,0,7.031,7.056,0.025000000000000355,110,False
TR,nuscale_voygr6,w_RI_minus_20,weight,6ddc2960-3d72-4d5f-b358-56d1c54f47e0,57,56,-1,6.435,6.487,0.05200000000000049,110,False
AT,nuscale_voygr6,w_RI_minus_20,weight,6e7fc4d8-636d-411a-baef-e138a5a07acc,5,5,0,6.513,6.632,0.11899999999999977,6,False
BG,nuscale_voygr6,w_RI_minus_20,weight,704ef487-f600-4f23-b06e-a0f81b627597,7,7,0,5.646,5.73,0.08400000000000052,7,False
UA,nuscale_voygr6,w_RI_minus_20,weight,70781f2c-24c2-486c-8b32-310c36ba1238,17,17,0,5.887,5.898,0.01100000000000012,20,False
UA,nuscale_voygr6,w_RI_minus_20,weight,725406d6-860f-4ca0-9c6a-425675bac381,7,6,-1,6.44,6.503,0.06299999999999972,20,False
TR,nuscale_voygr6,w_RI_minus_20,weight,737b6d06-1d0c-4ae6-9683-ab3fea192b32,86,89,3,6.062,6.089,0.027000000000000135,110,False
PL,nuscale_voygr6,w_RI_minus_20,weight,73fe8f06-c53b-4877-9c1d-5caf3d8f2749,60,60,0,5.51,5.611,0.10099999999999998,61,False
TR,nuscale_voygr6,w_RI_minus_20,weight,746fc66e-d31f-4c5d-bf5c-ab5031b04b15,75,76,1,6.145,6.2,0.055000000000000604,110,False
MK,nuscale_voygr6,w_RI_minus_20,weight,756218bb-3f16-443e-b6c6-400cd0ce2f87,3,3,0,5.294,5.276,-0.017999999999999794,3,False
TR,nuscale_voygr6,w_RI_minus_20,weight,76cd9b7f-7613-4fd4-95ab-bf534a2e2f5e,73,72,-1,6.176,6.216,0.040000000000000036,110,False
SK,nuscale_voygr6,w_RI_minus_20,weight,770f1d3c-e5fd-493c-a376-e708d2abec6c,2,2,0,6.864,6.853,-0.01100000000000012,5,False
TR,nuscale_voygr6,w_RI_minus_20,weight,772e2484-419b-47de-9739-924ac371ad10,61,61,0,6.409,6.454,0.04499999999999993,110,False
TR,nuscale_voygr6,w_RI_minus_20,weight,778e0750-19f9-426e-a6c7-e0e30645fb97,3,3,0,7.198,7.27,0.07199999999999918,110,False
TR,nuscale_voygr6,w_RI_minus_20,weight,7a805295-0cd2-48be-972e-5282c996549c,58,57,-1,6.435,6.487,0.05200000000000049,110,False
TR,nuscale_voygr6,w_RI_minus_20,weight,7b4d3f8f-a644-48a3-93f9-cd3c154dc5c2,104,103,-1,5.766,5.857,0.09100000000000019,110,False
TR,nuscale_voygr6,w_RI_minus_20,weight,7cc9cffa-e4e4-4546-902d-c8f4800dbdb2,30,26,-4,6.672,6.773,0.10099999999999998,110,False
PL,nuscale_voygr6,w_RI_minus_20,weight,7fc17ab0-ce24-4830-a938-b8424d1e9368,13,13,0,6.957,6.989,0.03200000000000003,61,False
BA,nuscale_voygr6,w_RI_minus_20,weight,82011c29-a3d3-4a81-a27b-019d2649a251,1,1,0,5.907,5.908,0.001000000000000334,5,False
RO,nuscale_voygr6,w_RI_minus_20,weight,825dc024-9a53-4237-bf59-cbe0af0cf87d,10,11,1,6.082,6.161,0.07899999999999974,21,False
TR,nuscale_voygr6,w_RI_minus_20,weight,82aac38c-3037-466c-9b37-bff9da707645,40,40,0,6.573,6.628,0.054999999999999716,110,False
MK,nuscale_voygr6,w_RI_minus_20,weight,83d3abe4-2049-47ad-a66b-46034edb7569,2,2,0,5.827,5.825,-0.0019999999999997797,3,False
UA,nuscale_voygr6,w_RI_minus_20,weight,83fede8b-5f92-429d-920d-9a8928a74780,4,4,0,6.697,6.708,0.01100000000000012,20,False
RO,nuscale_voygr6,w_RI_minus_20,weight,8781d874-5923-4795-9c9f-b2a6c709025a,17,17,0,5.811,5.915,0.10400000000000009,21,False
TR,nuscale_voygr6,w_RI_minus_20,weight,8a5dc384-e272-41ed-9868-a0686ac3fc7e,33,29,-4,6.664,6.722,0.05800000000000072,110,False
PL,nuscale_voygr6,w_RI_minus_20,weight,8a9d5c87-7edc-49c3-85a2-d97727b9c9b2,24,26,2,6.425,6.536,0.11099999999999977,61,False
TR,nuscale_voygr6,w_RI_minus_20,weight,8b16dc60-1a2b-4b2c-bcad-1c334d246ae3,65,65,0,6.288,6.361,0.07299999999999951,110,False
TR,nuscale_voygr6,w_RI_minus_20,weight,8dd46a05-6e0c-4009-90ad-bd5909c25622,90,91,1,5.984,6.047,0.06299999999999972,110,False
PL,nuscale_voygr6,w_RI_minus_20,weight,8dd8db4c-b62d-4f6b-a2ee-70a9ed785e7a,43,44,1,5.925,6.03,0.10500000000000043,61,False
PL,nuscale_voygr6,w_RI_minus_20,weight,8e485f8a-5c68-4541-ab1d-77783f6fcb2d,17,17,0,6.762,6.747,-0.01499999999999968,61,False
HU,nuscale_voygr6,w_RI_minus_20,weight,903d6b94-cd9d-4c32-b7e2-4bbfbee929df,5,5,0,6.338,6.307,-0.030999999999999694,11,False
AT,nuscale_voygr6,w_RI_minus_20,weight,90820fe3-9889-4faf-9906-7c528f8d7bc5,6,6,0,6.399,6.452,0.052999999999999936,6,False
TR,nuscale_voygr6,w_RI_minus_20,weight,9163ca37-1b31-409d-974f-9e7ed5e5f33d,55,54,-1,6.445,6.492,0.04699999999999971,110,False
PL,nuscale_voygr6,w_RI_minus_20,weight,917008f5-fba1-4ef7-b82d-9aded2b69267,16,16,0,6.812,6.822,0.009999999999999787,61,False
TR,nuscale_voygr6,w_RI_minus_20,weight,91f28dbb-16bd-449b-a20a-dc2b70cf2e66,69,70,1,6.206,6.267,0.06099999999999994,110,False
TR,nuscale_voygr6,w_RI_minus_20,weight,94a5c55f-c499-41b1-81da-deaa36686399,21,20,-1,6.803,6.83,0.027000000000000135,110,False
UA,nuscale_voygr6,w_RI_minus_20,weight,95872473-c476-4ceb-bcf5-54cfdf415e42,19,19,0,5.574,5.603,0.028999999999999915,20,False
RO,nuscale_voygr6,w_RI_minus_20,weight,958e4d82-853a-41f1-a442-94b4c4314221,2,2,0,7.272,7.278,0.005999999999999339,21,False
TR,nuscale_voygr6,w_RI_minus_20,weight,96129c93-83a6-4b1c-929b-bfccba86a796,70,69,-1,6.204,6.277,0.0730000000000004,110,False
TR,nuscale_voygr6,w_RI_minus_20,weight,9699244b-14c0-4e27-afd1-105494fccd60,38,41,3,6.584,6.625,0.04100000000000037,110,False
CZ,nuscale_voygr6,w_RI_minus_20,weight,97ed917e-acfa-4002-be89-4ec44972ab45,21,21,0,5.85,5.971,0.12100000000000044,29,False
TR,nuscale_voygr6,w_RI_minus_20,weight,98019711-a8c3-424a-870e-00d4fea75ed1,88,86,-2,6.036,6.11,0.07400000000000073,110,False
RO,nuscale_voygr6,w_RI_minus_20,weight,9825e28e-fd6e-460d-9caf-0342563f9060,6,6,0,6.422,6.416,-0.005999999999999339,21,False
RS,nuscale_voygr6,w_RI_minus_20,weight,993ccce2-d5e1-498d-827d-8dbfeb42582b,3,4,1,6.584,6.589,0.005000000000000782,6,False
HU,nuscale_voygr6,w_RI_minus_20,weight,997474f6-9bfd-4abd-a2ac-d8618db8f0b4,1,1,0,7.568,7.572,0.004000000000000448,11,False
AT,nuscale_voygr6,w_RI_minus_20,weight,99d712ac-7993-4186-8a0e-2e88bae7e90f,3,3,0,6.646,6.682,0.036000000000000476,6,False
TR,nuscale_voygr6,w_RI_minus_20,weight,9a6447f2-2887-4cce-a115-dc773d7f6eb1,48,48,0,6.511,6.574,0.06299999999999972,110,False
CZ,nuscale_voygr6,w_RI_minus_20,weight,9c4291f1-173b-467e-ae26-8cb01312c605,8,8,0,6.66,6.649,-0.01100000000000012,29,False
TR,nuscale_voygr6,w_RI_minus_20,weight,9eb693f6-6994-4937-bc4d-e8213baa5d47,29,34,5,6.702,6.675,-0.027000000000000135,110,False
BG,nuscale_voygr6,w_RI_minus_20,weight,a064c7ae-e699-4a94-a18c-79bdfe42bce3,4,4,0,6.83,6.803,-0.027000000000000135,7,False
PL,nuscale_voygr6,w_RI_minus_20,weight,a19228ce-f25a-4ffd-a249-9d01403e6b81,11,11,0,7.045,7.086,0.04100000000000037,61,False
BA,nuscale_voygr6,w_RI_minus_20,weight,a23d073a-cbbd-469a-b134-380945fd3f4c,4,4,0,5.84,5.813,-0.027000000000000135,5,False
SK,nuscale_voygr6,w_RI_minus_20,weight,a2d8261c-3d08-4015-946c-47dbddbd0b98,5,5,0,5.565,5.665,0.09999999999999964,5,False
TR,nuscale_voygr6,w_RI_minus_20,weight,a4af3789-2c40-41fc-a3ec-3b8d2fc6c645,62,60,-2,6.389,6.455,0.06599999999999984,110,False
RO,nuscale_voygr6,w_RI_minus_20,weight,a4fa3246-27d6-4740-898c-bdf9dadcb88c,13,12,-1,6.014,6.127,0.11299999999999955,21,False
PL,nuscale_voygr6,w_RI_minus_20,weight,a55e3643-8ed4-434b-b14f-2d549d09c0d9,20,22,2,6.642,6.651,0.008999999999999453,61,False
TR,nuscale_voygr6,w_RI_minus_20,weight,a6478cb9-5b8c-4d64-bbe6-3d3ed6a3da2c,7,7,0,7.061,7.122,0.06099999999999994,110,False
PL,nuscale_voygr6,w_RI_minus_20,weight,a67255dd-8134-418e-9377-e28516c53722,27,25,-2,6.361,6.538,0.1770000000000005,61,False
PL,nuscale_voygr6,w_RI_minus_20,weight,a6b51b4f-ba1d-49cd-bc99-8898acdbeb78,29,31,2,6.211,6.286,0.07499999999999929,61,False
CZ,nuscale_voygr6,w_RI_minus_20,weight,a6bf9980-016e-47ea-b40a-82e384a9eb43,26,26,0,5.578,5.688,0.10999999999999943,29,False
CZ,nuscale_voygr6,w_RI_minus_20,weight,a733fc13-11a4-4722-b62d-85c85a4f8ef3,12,12,0,6.419,6.462,0.04300000000000015,29,False
PL,nuscale_voygr6,w_RI_minus_20,weight,a7eeee6e-e14a-40ba-80b6-75ed2e170b20,42,42,0,5.951,6.084,0.133,61,False
PL,nuscale_voygr6,w_RI_minus_20,weight,a91dfe3d-93e0-43a1-99d2-41abdd1fc2ce,58,58,0,5.591,5.682,0.09100000000000019,61,False
TR,nuscale_voygr6,w_RI_minus_20,weight,a96dc545-41a9-4b0d-a7a3-f40ef711e5e3,45,47,2,6.555,6.58,0.025000000000000355,110,False
BA,nuscale_voygr6,w_RI_minus_20,weight,aa0bdb5e-45aa-4d15-8aee-cb5b0e14f5d9,3,3,0,5.901,5.859,-0.041999999999999815,5,False
TR,nuscale_voygr6,w_RI_minus_20,weight,aa336cdc-f6fe-4b08-b46d-69e852c501bf,41,35,-6,6.573,6.644,0.07099999999999973,110,False
CZ,nuscale_voygr6,w_RI_minus_20,weight,aa38441d-aec7-4ae9-b4c3-68c5bf567db3,19,19,0,6.122,6.127,0.004999999999999893,29,False
HR,nuscale_voygr6,w_RI_minus_20,weight,ab151830-e5bd-46de-8400-01aa4c165366,1,1,0,6.433,6.379,-0.05400000000000027,1,True
PL,nuscale_voygr6,w_RI_minus_20,weight,ab57f5c3-8699-46f9-970f-3007dfc58af4,23,23,0,6.463,6.549,0.0860000000000003,61,False
TR,nuscale_voygr6,w_RI_minus_20,weight,ad0c8590-c672-43f2-a813-1217a10f7d2d,1,1,0,7.473,7.496,0.023000000000000576,110,False
PL,nuscale_voygr6,w_RI_minus_20,weight,ad7a9c00-0c75-411f-8f89-859e603df1e6,54,52,-2,5.695,5.829,0.13399999999999945,61,False
TR,nuscale_voygr6,w_RI_minus_20,weight,adeb10a5-aaae-4e2c-b426-3db1c3d9bd5b,71,71,0,6.191,6.235,0.04400000000000048,110,False
RO,nuscale_voygr6,w_RI_minus_20,weight,aff5ffe6-fe7a-4de7-afad-9d4645a64cd9,8,8,0,6.201,6.241,0.040000000000000036,21,False
BG,nuscale_voygr6,w_RI_minus_20,weight,b01fe781-dbc7-40f8-a544-946288020042,2,2,0,7.01,6.992,-0.017999999999999794,7,False
CZ,nuscale_voygr6,w_RI_minus_20,weight,b0ba194f-3c80-4725-b1e7-fa5277b38833,6,6,0,6.748,6.756,0.008000000000000007,29,False
PL,nuscale_voygr6,w_RI_minus_20,weight,b24c9876-5a4d-4b83-b442-af2f4b0d1047,50,51,1,5.744,5.841,0.09700000000000042,61,False
PL,nuscale_voygr6,w_RI_minus_20,weight,b24f9ac5-5ddf-4b19-ba95-76dafeca3d2c,5,5,0,7.192,7.208,0.016000000000000014,61,False
MD,nuscale_voygr6,w_RI_minus_20,weight,b3eb5dd2-98cf-40c4-b9ee-2a86fd066093,1,1,0,6.456,6.474,0.017999999999999794,1,True
TR,nuscale_voygr6,w_RI_minus_20,weight,b588126a-42d6-49dc-b227-9283af5a2578,25,24,-1,6.745,6.803,0.05799999999999983,110,False
TR,nuscale_voygr6,w_RI_minus_20,weight,b5a75ec8-a2fe-42ad-b33e-ea32e20ebdfb,51,52,1,6.467,6.508,0.04100000000000037,110,False
TR,nuscale_voygr6,w_RI_minus_20,weight,b5ff798e-e059-4d8b-a903-00a1fefc62ab,26,25,-1,6.745,6.803,0.05799999999999983,110,False
PL,nuscale_voygr6,w_RI_minus_20,weight,b789a244-7d29-4be3-afe4-2f45d7f11eab,52,53,1,5.718,5.814,0.09600000000000009,61,False
TR,nuscale_voygr6,w_RI_minus_20,weight,b8875ff2-9e9d-4520-8879-c71468e9cc50,60,62,2,6.413,6.435,0.021999999999999353,110,False
PL,nuscale_voygr6,w_RI_minus_20,weight,b8a00967-90a3-4a4e-9979-6b8651d87380,33,34,1,6.146,6.259,0.11300000000000043,61,False
PL,nuscale_voygr6,w_RI_minus_20,weight,b8bc6544-1571-4906-95e0-314d62c78a24,10,9,-1,7.055,7.109,0.05400000000000027,61,False
TR,nuscale_voygr6,w_RI_minus_20,weight,bac4a081-83dc-4aba-8076-b67bfc55f54c,106,106,0,5.617,5.679,0.06200000000000028,110,False
TR,nuscale_voygr6,w_RI_minus_20,weight,bfadbe66-971d-4f64-b222-604a7ee6ac6b,28,32,4,6.715,6.7,-0.01499999999999968,110,False
RO,nuscale_voygr6,w_RI_minus_20,weight,c3790475-3d3b-4e2b-92ae-24503fe03e6b,7,7,0,6.237,6.318,0.08099999999999952,21,False
PL,nuscale_voygr6,w_RI_minus_20,weight,c39819ef-6798-4c01-9a82-9eead65b5f56,26,28,2,6.381,6.464,0.08300000000000018,61,False
PL,nuscale_voygr6,w_RI_minus_20,weight,c42c5942-264d-43a1-a9eb-95b00480eb1a,49,50,1,5.756,5.854,0.09799999999999986,61,False
UA,nuscale_voygr6,w_RI_minus_20,weight,c47eb6a3-49c1-4879-95b6-9bcd53b7af04,5,5,0,6.617,6.624,0.006999999999999673,20,False
PL,nuscale_voygr6,w_RI_minus_20,weight,c4d7f628-c108-4496-ac02-6076ea3ae448,38,39,1,6.068,6.151,0.08300000000000018,61,False
TR,nuscale_voygr6,w_RI_minus_20,weight,c657c5c3-38a2-472d-8962-9e7cefcd2c1e,10,11,1,6.908,6.946,0.03799999999999937,110,False
TR,nuscale_voygr6,w_RI_minus_20,weight,c6b846cb-3a01-4e17-9d51-da4b58fd1827,101,99,-2,5.794,5.889,0.09500000000000064,110,False
TR,nuscale_voygr6,w_RI_minus_20,weight,c7afd455-7beb-4d23-8d3b-e9a102782d2b,107,107,0,5.558,5.583,0.025000000000000355,110,False
TR,nuscale_voygr6,w_RI_minus_20,weight,c8e1cc12-080a-4e01-925d-8fd6e4334856,97,96,-1,5.863,5.919,0.05599999999999916,110,False
RS,nuscale_voygr6,w_RI_minus_20,weight,c8f15aca-174b-4be6-a6d9-abfa4685d10d,4,3,-1,6.562,6.63,0.06799999999999962,6,False
SK,nuscale_voygr6,w_RI_minus_20,weight,c97125b3-20ed-4e21-a853-b928644ec7dd,1,1,0,7.02,7.016,-0.0039999999999995595,5,False
TR,nuscale_voygr6,w_RI_minus_20,weight,c9c85786-eb26-4e7b-b280-83a54b7e834f,47,46,-1,6.527,6.581,0.05400000000000027,110,False
TR,nuscale_voygr6,w_RI_minus_20,weight,ca423571-d2ab-44d4-b5ce-3e649d9cc776,74,74,0,6.175,6.214,0.03900000000000059,110,False
TR,nuscale_voygr6,w_RI_minus_20,weight,cb08e7b6-0af3-45d9-95c3-3832e7e2677c,13,12,-1,6.878,6.939,0.06099999999999994,110,False
TR,nuscale_voygr6,w_RI_minus_20,weight,cb825b0f-e315-4221-b194-43d5b472382d,83,77,-6,6.088,6.163,0.07500000000000018,110,False
CZ,nuscale_voygr6,w_RI_minus_20,weight,cbd67443-4a4e-44fd-a9ed-20ba9574c99e,29,29,0,5.551,5.645,0.09399999999999942,29,False
TR,nuscale_voygr6,w_RI_minus_20,weight,cc635340-954c-4428-9fa1-14383c7faceb,49,49,0,6.496,6.537,0.04099999999999948,110,False
PL,nuscale_voygr6,w_RI_minus_20,weight,ccc15bde-1c5a-40bf-8f09-2fcb1e896ce5,53,54,1,5.718,5.792,0.07399999999999984,61,False
PL,nuscale_voygr6,w_RI_minus_20,weight,cd84938d-eea8-47a1-8ea6-2e9f943e5914,3,3,0,7.231,7.236,0.004999999999999893,61,False
UA,nuscale_voygr6,w_RI_minus_20,weight,cdb6adfb-52ff-4631-939a-001080b20450,6,7,1,6.461,6.492,0.030999999999999694,20,False
PL,nuscale_voygr6,w_RI_minus_20,weight,cdc888ad-fd51-4710-a5ab-3cd0fe9ddb48,15,15,0,6.838,6.87,0.03200000000000003,61,False
TR,nuscale_voygr6,w_RI_minus_20,weight,ce39538c-997e-4a7d-bc32-f164f50f9aa0,79,83,4,6.115,6.144,0.028999999999999915,110,False
UA,nuscale_voygr6,w_RI_minus_20,weight,cec871bd-c7f6-4444-b0da-9b3a9ecc6963,3,3,0,6.73,6.74,0.009999999999999787,20,False
TR,nuscale_voygr6,w_RI_minus_20,weight,cf9150af-0325-44d8-bbaf-493e742f2e2b,50,50,0,6.474,6.537,0.06299999999999972,110,False
TR,nuscale_voygr6,w_RI_minus_20,weight,d020ac37-4f23-41b1-8f1e-b425b5769424,53,59,6,6.456,6.481,0.024999999999999467,110,False
TR,nuscale_voygr6,w_RI_minus_20,weight,d12e7ffc-4cd3-4ff4-81da-ae360d59409b,85,82,-3,6.066,6.149,0.08300000000000018,110,False
TR,nuscale_voygr6,w_RI_minus_20,weight,d1863136-5ff4-4b4d-a9c0-6219e92d637d,6,6,0,7.107,7.128,0.020999999999999908,110,False
TR,nuscale_voygr6,w_RI_minus_20,weight,d21335d4-0a3d-4464-85e0-352745a38db4,59,58,-1,6.435,6.487,0.05200000000000049,110,False
RS,nuscale_voygr6,w_RI_minus_20,weight,d30af109-79cb-4ab5-a878-6f574b58116a,2,2,0,6.613,6.658,0.04499999999999993,6,False
PL,nuscale_voygr6,w_RI_minus_20,weight,d3b5a049-6bff-400b-9312-96985f03acea,59,59,0,5.539,5.628,0.08900000000000041,61,False
UA,nuscale_voygr6,w_RI_minus_20,weight,d3b9e403-7744-44c5-b5c3-999c4c1911d8,20,20,0,5.252,5.271,0.019000000000000128,20,False
TR,nuscale_voygr6,w_RI_minus_20,weight,d3f986d9-a023-4d43-a0fb-03361f310873,14,13,-1,6.878,6.892,0.014000000000000234,110,False
TR,nuscale_voygr6,w_RI_minus_20,weight,d48d2f39-d58f-4299-9b2f-56d194d2d13b,87,88,1,6.061,6.101,0.040000000000000036,110,False
RO,nuscale_voygr6,w_RI_minus_20,weight,d498ded8-449c-4672-8bb9-0ed6c8fef775,12,13,1,6.027,6.127,0.09999999999999964,21,False
TR,nuscale_voygr6,w_RI_minus_20,weight,d5151598-5a1a-4697-8147-592845ffef6c,94,95,1,5.917,5.951,0.03399999999999981,110,False
PL,nuscale_voygr6,w_RI_minus_20,weight,d60b377c-9bb4-4fd5-adb7-a9a9ba98ae76,36,36,0,6.107,6.219,0.1120000000000001,61,False
TR,nuscale_voygr6,w_RI_minus_20,weight,d6cb5642-d5ec-4a15-bc6b-8be4cb0a382e,17,19,2,6.847,6.836,-0.01100000000000012,110,False
CZ,nuscale_voygr6,w_RI_minus_20,weight,d762ceeb-514f-43a6-9f91-a2d422ed6c60,2,2,0,7.014,7.032,0.017999999999999794,29,False
RO,nuscale_voygr6,w_RI_minus_20,weight,dac2a974-a2de-46c5-b581-03985a9ae7d0,11,10,-1,6.054,6.169,0.11499999999999932,21,False
PL,nuscale_voygr6,w_RI_minus_20,weight,dadadad9-b67e-44b8-a9ab-4cbf116da20b,4,4,0,7.224,7.228,0.0039999999999995595,61,False
TR,nuscale_voygr6,w_RI_minus_20,weight,db87ce6a-3802-44c5-945f-8a95d3cf111b,81,75,-6,6.109,6.209,0.09999999999999964,110,False
PL,nuscale_voygr6,w_RI_minus_20,weight,dc87cdf1-9936-4a59-a5e9-b5e360173490,39,38,-1,6.042,6.178,0.13600000000000012,61,False
TR,nuscale_voygr6,w_RI_minus_20,weight,dd413ee8-a6f2-4e7c-8e6c-6d0ed8637d83,19,15,-4,6.817,6.855,0.038000000000000256,110,False
TR,nuscale_voygr6,w_RI_minus_20,weight,ddc8bb9c-bf77-4075-b38c-600fb072acf8,11,14,3,6.902,6.892,-0.009999999999999787,110,False
PL,nuscale_voygr6,w_RI_minus_20,weight,de6735bd-7a79-43c8-baad-1fe23d50d6f0,22,20,-2,6.536,6.664,0.1280000000000001,61,False
TR,nuscale_voygr6,w_RI_minus_20,weight,e03c394f-1c08-4101-b1fe-f6662fe4b424,15,17,2,6.861,6.842,-0.019000000000000128,110,False
RO,nuscale_voygr6,w_RI_minus_20,weight,e073b3f8-4312-4d34-b322-6289a3121af1,14,14,0,6.014,6.104,0.08999999999999986,21,False
TR,nuscale_voygr6,w_RI_minus_20,weight,e10aae79-05b7-4ad9-9d69-60ce190b4444,42,36,-6,6.573,6.644,0.07099999999999973,110,False
HU,nuscale_voygr6,w_RI_minus_20,weight,e1649639-2e45-4226-9c7a-783d2dcb6724,10,10,0,5.344,5.426,0.08199999999999985,11,False
CZ,nuscale_voygr6,w_RI_minus_20,weight,e299922a-1670-4aff-acda-fd80600af9af,7,7,0,6.721,6.742,0.020999999999999908,29,False
PL,nuscale_voygr6,w_RI_minus_20,weight,e2c23866-db1e-4316-82b5-7e3fe50c3c09,47,46,-1,5.848,5.968,0.1200000000000001,61,False
RO,nuscale_voygr6,w_RI_minus_20,weight,e43af28e-a3d3-4047-a9cf-f3b0990754b4,18,18,0,5.759,5.861,0.10199999999999942,21,False
UA,nuscale_voygr6,w_RI_minus_20,weight,e4c6a713-99e6-4fdf-afaa-d456779c504c,16,16,0,5.913,5.954,0.04099999999999948,20,False
PL,nuscale_voygr6,w_RI_minus_20,weight,e4e3b5f0-7038-47a5-84e3-04eb07b3c4d7,14,14,0,6.925,6.94,0.015000000000000568,61,False
TR,nuscale_voygr6,w_RI_minus_20,weight,e71ec827-7143-48dd-8c8a-8e81705fa971,52,51,-1,6.467,6.523,0.05600000000000005,110,False
BA,nuscale_voygr6,w_RI_minus_20,weight,e75c63e5-ef2f-4e08-8f8c-3da41215af9d,2,2,0,5.907,5.892,-0.01499999999999968,5,False
TR,nuscale_voygr6,w_RI_minus_20,weight,e780e4ac-0506-4186-9b58-0f378f878345,9,9,0,6.969,6.977,0.008000000000000007,110,False
TR,nuscale_voygr6,w_RI_minus_20,weight,e894ba3e-e397-47c9-b0b9-a72cfb6bd680,95,93,-2,5.876,5.969,0.09299999999999997,110,False
TR,nuscale_voygr6,w_RI_minus_20,weight,e8b6e342-2011-4343-b415-a8bf08501499,99,101,2,5.809,5.88,0.07099999999999973,110,False
PL,nuscale_voygr6,w_RI_minus_20,weight,e9a1ae49-ff79-462c-af4e-7c6843221d36,55,55,0,5.645,5.771,0.12600000000000033,61,False
TR,nuscale_voygr6,w_RI_minus_20,weight,e9bc02be-cf10-4b27-9b8a-0d4a954720e4,36,39,3,6.606,6.633,0.027000000000000135,110,False
PL,nuscale_voygr6,w_RI_minus_20,weight,ebc0f461-acfa-47da-8094-5b15ea3e25a0,19,19,0,6.662,6.666,0.004000000000000448,61,False
PL,nuscale_voygr6,w_RI_minus_20,weight,ee332928-87b2-4e7b-9203-20e402bc551f,12,12,0,6.99,7.007,0.01699999999999946,61,False
PL,nuscale_voygr6,w_RI_minus_20,weight,ef2ee2ae-e73e-490c-aa07-746543fe20e6,40,40,0,6.029,6.138,0.10899999999999999,61,False
HU,nuscale_voygr6,w_RI_minus_20,weight,ef325d90-6d2d-4f8f-89f2-3bc98beb149b,8,8,0,5.812,5.769,-0.04300000000000015,11,False
CZ,nuscale_voygr6,w_RI_minus_20,weight,f1d2bca1-a7a9-4404-84c1-34fc8a59dab7,25,25,0,5.619,5.744,0.125,29,False
HU,nuscale_voygr6,w_RI_minus_20,weight,f2b3a729-602a-4b6b-acc9-004244f2e556,9,9,0,5.373,5.443,0.0699999999999994,11,False
UA,nuscale_voygr6,w_RI_minus_20,weight,f2c061de-66ad-4fce-b911-7f1899f25b75,12,10,-2,6.278,6.303,0.025000000000000355,20,False
TR,nuscale_voygr6,w_RI_minus_20,weight,f2e65fcf-afc4-4443-ac14-f15c8ffe48f3,20,16,-4,6.817,6.855,0.038000000000000256,110,False
CZ,nuscale_voygr6,w_RI_minus_20,weight,f3523341-daaa-4573-a856-becb2e1bb9e3,4,3,-1,6.939,6.982,0.04300000000000015,29,False
PL,nuscale_voygr6,w_RI_minus_20,weight,f5be4e73-938d-4fe2-b585-5090ec780670,28,27,-1,6.36,6.495,0.1349999999999998,61,False
HU,nuscale_voygr6,w_RI_minus_20,weight,f7dcdb63-26e6-44cd-b440-ec14fe507d90,2,2,0,7.042,7.053,0.01100000000000012,11,False
PL,nuscale_voygr6,w_RI_minus_20,weight,f8f9f43d-6a3b-445d-818e-ca82a90ace65,51,49,-2,5.74,5.855,0.11500000000000021,61,False
TR,nuscale_voygr6,w_RI_minus_20,weight,f92bc907-9b9b-4d21-92fd-1705bd71128c,89,87,-2,6.036,6.11,0.07400000000000073,110,False
TR,nuscale_voygr6,w_RI_minus_20,weight,fa6b7ac3-c1bf-478f-8d0a-1f357ea480cf,100,98,-2,5.808,5.892,0.08400000000000052,110,False
BY,nuscale_voygr6,w_RI_minus_20,weight,fac3d0b5-36a5-48ae-8494-f2f08e4342f4,1,1,0,6.786,6.772,-0.013999999999999346,2,True
UA,nuscale_voygr6,w_RI_minus_20,weight,fb7d4d9a-3f27-4b50-9941-6a8fccd25e9a,9,9,0,6.335,6.359,0.02400000000000002,20,False
TR,nuscale_voygr6,w_RI_minus_20,weight,fc307877-758b-4dbf-afbe-abfc4a778155,35,38,3,6.613,6.634,0.020999999999999908,110,False
TR,nuscale_voygr6,w_RI_minus_20,weight,fecb62d9-6fb8-4f8d-83e3-78a7c75adb6e,64,64,0,6.321,6.379,0.05799999999999983,110,False
TR,nuscale_voygr6,w_RI_plus_20,weight,0049a899-af5f-41cd-86ae-2ba729b6365f,93,92,-1,5.942,5.92,-0.02200000000000024,110,False
RS,nuscale_voygr6,w_RI_plus_20,weight,0182ec25-0df9-4e4b-9861-d76a332bc282,1,1,0,6.715,6.67,-0.04499999999999993,6,False
UA,nuscale_voygr6,w_RI_plus_20,weight,02253fcc-4fc6-42d4-a6a8-42365487302f,13,13,0,6.148,6.102,-0.045999999999999375,20,False
TR,nuscale_voygr6,w_RI_plus_20,weight,0248611c-b745-404f-ad50-c2870882c7a1,18,16,-2,6.832,6.843,0.01100000000000012,110,False
UA,nuscale_voygr6,w_RI_plus_20,weight,038d42e9-769b-4b22-9513-dccff48b42cd,15,15,0,5.93,5.891,-0.0389999999999997,20,False
HU,nuscale_voygr6,w_RI_plus_20,weight,059b3ad4-7196-4e6b-b169-8605ceeed841,4,4,0,6.601,6.544,-0.057000000000000384,11,False
CZ,nuscale_voygr6,w_RI_plus_20,weight,05daa6b2-bb29-4c26-a459-855626673955,13,14,1,6.34,6.323,-0.01699999999999946,29,False
PL,nuscale_voygr6,w_RI_plus_20,weight,06641fea-8997-4b69-a618-6afa34b82591,44,45,1,5.912,5.804,-0.10799999999999965,61,False
SK,nuscale_voygr6,w_RI_plus_20,weight,06defca3-9105-437f-afd4-52f5603d9b8e,4,4,0,6.272,6.249,-0.023000000000000576,5,False
TR,nuscale_voygr6,w_RI_plus_20,weight,0947a4c8-4fc1-492f-9c66-2c9a993c7fb0,54,54,0,6.445,6.401,-0.04400000000000048,110,False
CZ,nuscale_voygr6,w_RI_plus_20,weight,0ae8917b-a70b-41e5-82de-e4963a7686e3,16,18,2,6.265,6.264,-0.0009999999999994458,29,False
PL,nuscale_voygr6,w_RI_plus_20,weight,0b187a1d-55de-47cf-96a3-06abc8ff2476,18,18,0,6.662,6.659,-0.0030000000000001137,61,False
TR,nuscale_voygr6,w_RI_plus_20,weight,0ca4ff78-4113-4ad9-ac04-0fd541d42338,78,75,-3,6.123,6.109,-0.014000000000000234,110,False
TR,nuscale_voygr6,w_RI_plus_20,weight,0fec985c-c66e-40af-a123-a9ba4db269bb,63,63,0,6.35,6.317,-0.032999999999999474,110,False
TR,nuscale_voygr6,w_RI_plus_20,weight,1289753b-43db-4058-8fe1-6e38b5fb01b5,27,26,-1,6.726,6.716,-0.009999999999999787,110,False
TR,nuscale_voygr6,w_RI_plus_20,weight,142cad75-648a-495d-8c10-792351e72126,4,4,0,7.153,7.113,-0.03999999999999915,110,False
CZ,nuscale_voygr6,w_RI_plus_20,weight,14e88076-ce0e-4693-bca4-e80f3f013c7f,18,17,-1,6.259,6.27,0.010999999999999233,29,False
TR,nuscale_voygr6,w_RI_plus_20,weight,1624a526-07d8-44a4-8ed7-3b035b748f03,105,105,0,5.653,5.567,-0.08599999999999941,110,False
TR,nuscale_voygr6,w_RI_plus_20,weight,166f5fcc-1cc4-4cf5-9e52-59e7ce1557c6,23,19,-4,6.759,6.795,0.03599999999999959,110,False
SK,nuscale_voygr6,w_RI_plus_20,weight,1719d38b-61e8-4b01-844b-3a2f85c8a186,3,3,0,6.503,6.493,-0.009999999999999787,5,False
MK,nuscale_voygr6,w_RI_plus_20,weight,1739b1b7-a6f3-466c-9dfa-3d1de9d5b6db,1,1,0,6.391,6.401,0.009999999999999787,3,False
TR,nuscale_voygr6,w_RI_plus_20,weight,17568f0f-91fd-4efe-b4df-2c7cc5d80b7d,110,110,0,5.073,5.042,-0.031000000000000583,110,False
CZ,nuscale_voygr6,w_RI_plus_20,weight,180880c2-7284-4723-b02a-a62348b9b40b,9,9,0,6.633,6.643,0.009999999999999787,29,False
TR,nuscale_voygr6,w_RI_plus_20,weight,1820429d-bd95-4e56-a6db-d9bb57e2ae07,96,95,-1,5.865,5.837,-0.02800000000000047,110,False
PL,nuscale_voygr6,w_RI_plus_20,weight,187b4fd7-6a61-4e94-8ed4-495ac6dfc317,25,25,0,6.419,6.304,-0.11499999999999932,61,False
RO,nuscale_voygr6,w_RI_plus_20,weight,18ecb024-ee4f-4045-8254-5e95d61dea8c,15,12,-3,5.958,5.937,-0.020999999999999908,21,False
LV,nuscale_voygr6,w_RI_plus_20,weight,1a5b8f8f-f4be-4514-8738-755d25e19b41,1,1,0,6.728,6.697,-0.030999999999999694,1,True
CZ,nuscale_voygr6,w_RI_plus_20,weight,1c059a42-608c-4753-8fcf-ba797d94f900,24,24,0,5.68,5.529,-0.1509999999999998,29,False
TR,nuscale_voygr6,w_RI_plus_20,weight,1ce7624e-1d72-4293-8ff4-09096b56ddd2,109,109,0,5.401,5.322,-0.07899999999999974,110,False
PL,nuscale_voygr6,w_RI_plus_20,weight,1d19dce6-c458-4656-901d-6a8d3c548761,9,11,2,7.075,6.976,-0.0990000000000002,61,False
RO,nuscale_voygr6,w_RI_plus_20,weight,1d8be6d0-f3a5-4b32-9d46-3526289731f8,21,21,0,5.375,5.303,-0.07200000000000006,21,False
TR,nuscale_voygr6,w_RI_plus_20,weight,1f305180-6bbf-4758-9a98-78bc9e96e195,46,48,2,6.528,6.453,-0.07499999999999929,110,False
PL,nuscale_voygr6,w_RI_plus_20,weight,202d797d-b0f9-4cd0-bbac-d7bb06805c09,37,38,1,6.071,5.969,-0.10199999999999942,61,False
CZ,nuscale_voygr6,w_RI_plus_20,weight,20bce4f5-ca0b-4145-87e5-0a0694343f31,17,16,-1,6.263,6.287,0.02400000000000002,29,False
CZ,nuscale_voygr6,w_RI_plus_20,weight,20c9d02d-e9e8-40b3-a11e-7a2e01018d8c,14,15,1,6.34,6.302,-0.038000000000000256,29,False
TR,nuscale_voygr6,w_RI_plus_20,weight,21ccc44f-3244-4e7f-9654-eae424288200,76,76,0,6.13,6.102,-0.02799999999999958,110,False
TR,nuscale_voygr6,w_RI_plus_20,weight,231565d3-4f56-43ee-a357-1f4451c6fbc3,37,38,1,6.588,6.544,-0.04400000000000048,110,False
TR,nuscale_voygr6,w_RI_plus_20,weight,2350bab4-9869-43f1-b62f-a4d5aea77ef5,77,77,0,6.13,6.102,-0.02799999999999958,110,False
PL,nuscale_voygr6,w_RI_plus_20,weight,239ea0eb-a9c4-43cc-ac5f-35271bdc6613,7,7,0,7.102,7.074,-0.02800000000000047,61,False
CZ,nuscale_voygr6,w_RI_plus_20,weight,274ec928-e527-44cf-86c5-b6eddc09d0f7,20,20,0,5.918,5.838,-0.08000000000000007,29,False
PL,nuscale_voygr6,w_RI_plus_20,weight,27fc89b3-ee57-44ac-8073-a700bc8d12e8,41,41,0,6.003,5.904,-0.0990000000000002,61,False
CZ,nuscale_voygr6,w_RI_plus_20,weight,287cbb48-bb08-40dd-82c5-cfe1530dfbb9,1,1,0,7.075,7.056,-0.019000000000000128,29,False
HU,nuscale_voygr6,w_RI_plus_20,weight,28b36531-865d-42ae-afb3-b8bad86f7014,6,6,0,6.305,6.335,0.03000000000000025,11,False
PL,nuscale_voygr6,w_RI_plus_20,weight,29479c3f-8db8-4f62-90e8-59ad6739f90b,34,34,0,6.12,6.016,-0.10400000000000009,61,False
RS,nuscale_voygr6,w_RI_plus_20,weight,296282b1-d079-4c1e-b2df-12c25128b963,6,6,0,6.259,6.263,0.0039999999999995595,6,False
PL,nuscale_voygr6,w_RI_plus_20,weight,2981a12d-3444-4301-96ba-a63ef50bec3e,1,1,0,7.516,7.502,-0.014000000000000234,61,False
RO,nuscale_voygr6,w_RI_plus_20,weight,29836b52-a882-4921-95a7-6417e636d9a2,3,3,0,6.76,6.696,-0.06400000000000006,21,False
PL,nuscale_voygr6,w_RI_plus_20,weight,29a58981-aaf7-4450-ad41-49dd6d786168,48,48,0,5.782,5.691,-0.09100000000000019,61,False
UA,nuscale_voygr6,w_RI_plus_20,weight,29b3a802-7ef1-4722-ad59-b1511b1b0075,1,1,0,7.046,7.024,-0.02200000000000024,20,False
TR,nuscale_voygr6,w_RI_plus_20,weight,2a3aad60-2bff-4206-8275-f6e2029f9278,66,66,0,6.252,6.203,-0.04899999999999949,110,False
TR,nuscale_voygr6,w_RI_plus_20,weight,2b6a65d3-efb0-44d8-b88b-9aad311f4ac4,31,30,-1,6.664,6.612,-0.0519999999999996,110,False
PL,nuscale_voygr6,w_RI_plus_20,weight,2da9dab9-7b4e-46e7-b1c8-70eeb329c177,56,56,0,5.614,5.528,-0.0860000000000003,61,False
AT,nuscale_voygr6,w_RI_plus_20,weight,2dcd2c6d-f375-4408-9492-7910662fac03,1,1,0,7.333,7.325,-0.008000000000000007,6,False
TR,nuscale_voygr6,w_RI_plus_20,weight,2ec95392-978d-4a43-85b9-af3282c212ba,2,2,0,7.305,7.241,-0.06400000000000006,110,False
TR,nuscale_voygr6,w_RI_plus_20,weight,2ed9363f-a9fe-46e5-8b92-c50b47a9077a,68,67,-1,6.237,6.197,-0.040000000000000036,110,False
BG,nuscale_voygr6,w_RI_plus_20,weight,2fb27566-cc7b-4530-8ff9-e55e3a1985bd,5,5,0,6.504,6.52,0.016000000000000014,7,False
CZ,nuscale_voygr6,w_RI_plus_20,weight,2fe0a0b3-4108-427e-8e54-f77e1ea7227c,3,3,0,6.939,6.925,-0.014000000000000234,29,False
BG,nuscale_voygr6,w_RI_plus_20,weight,30c9e377-b575-46fa-880f-922c46e6500a,1,1,0,7.102,7.116,0.013999999999999346,7,False
CZ,nuscale_voygr6,w_RI_plus_20,weight,32484f7b-18a4-4b21-8e6a-6d68ae099d02,5,5,0,6.85,6.813,-0.03699999999999992,29,False
BG,nuscale_voygr6,w_RI_plus_20,weight,33a015dd-51e0-497e-b0d3-4b1b3f070438,6,6,0,5.792,5.7,-0.09199999999999964,7,False
BA,nuscale_voygr6,w_RI_plus_20,weight,344e0e9a-558e-4749-bb66-cd746be50cbd,5,5,0,5.556,5.556,0.0,5,False
RO,nuscale_voygr6,w_RI_plus_20,weight,345fb795-170a-4fb5-833c-f6bcf2eb450c,1,1,0,7.633,7.647,0.014000000000000234,21,False
HU,nuscale_voygr6,w_RI_plus_20,weight,34d88ce8-d49c-4b19-af2d-6efcb1b72149,11,10,-1,5.308,5.299,-0.008999999999999453,11,False
UA,nuscale_voygr6,w_RI_plus_20,weight,3657989a-61ae-4fe3-9e8b-6ba7e68f8c59,14,14,0,6.017,6.003,-0.014000000000000234,20,False
ME,nuscale_voygr6,w_RI_plus_20,weight,3795824b-cb76-48dd-a65c-764c757ddc76,1,1,0,5.242,5.202,-0.040000000000000036,1,True
TR,nuscale_voygr6,w_RI_plus_20,weight,381221dd-76da-4adf-9b19-5da9f0779c22,80,80,0,6.109,6.06,-0.04900000000000038,110,False
TR,nuscale_voygr6,w_RI_plus_20,weight,3819acc8-761d-49ba-89e7-967d3d37ec0e,98,96,-2,5.851,5.822,-0.028999999999999915,110,False
PL,nuscale_voygr6,w_RI_plus_20,weight,399668d6-bfed-4e5b-bf38-9ee5902101c3,57,57,0,5.597,5.513,-0.08400000000000052,61,False
TR,nuscale_voygr6,w_RI_plus_20,weight,3a06636d-c742-4b72-b9cd-21a4537c331b,84,86,2,6.073,6.013,-0.0600000000000005,110,False
BG,nuscale_voygr6,w_RI_plus_20,weight,3bb6666f-de2f-4c6f-a28e-c3bddb71b54a,3,3,0,6.891,6.892,0.001000000000000334,7,False
UA,nuscale_voygr6,w_RI_plus_20,weight,3bd2a957-ff3b-4bfd-9dba-808279edccb9,18,18,0,5.739,5.733,-0.006000000000000227,20,False
RO,nuscale_voygr6,w_RI_plus_20,weight,3bef37a3-239e-498d-a160-77452a6a9b79,20,20,0,5.442,5.331,-0.11099999999999977,21,False
PL,nuscale_voygr6,w_RI_plus_20,weight,3d2d4c37-eb9d-4b35-a8b1-b3f485bc3e3f,32,32,0,6.146,6.041,-0.10499999999999954,61,False
TR,nuscale_voygr6,w_RI_plus_20,weight,3e5f4317-6f40-44fb-bfa2-e21dc4d9922d,34,36,2,6.618,6.565,-0.052999999999999936,110,False
TR,nuscale_voygr6,w_RI_plus_20,weight,3f1ad930-cffb-4991-badd-773db74b890c,43,42,-1,6.569,6.519,-0.04999999999999982,110,False
PL,nuscale_voygr6,w_RI_plus_20,weight,40650551-0c9c-45ea-bac6-befdb0cb5909,31,31,0,6.19,6.066,-0.12400000000000055,61,False
PL,nuscale_voygr6,w_RI_plus_20,weight,409dde58-5df1-44d9-b5ec-f8e2edd86786,35,36,1,6.12,5.991,-0.12900000000000045,61,False
PL,nuscale_voygr6,w_RI_plus_20,weight,40b4334a-7ba4-4ed8-aa8e-3c405599fbd7,45,46,1,5.891,5.765,-0.12600000000000033,61,False
PL,nuscale_voygr6,w_RI_plus_20,weight,416aab55-6fd9-4a0a-b8f8-796fb62d86a5,30,30,0,6.198,6.091,-0.1070000000000002,61,False
TR,nuscale_voygr6,w_RI_plus_20,weight,42d5b3fd-7d07-409b-9154-4441695b7901,67,69,2,6.241,6.165,-0.07599999999999962,110,False
CZ,nuscale_voygr6,w_RI_plus_20,weight,43e5b2b4-2ccf-46ab-b01e-e3d480146455,27,27,0,5.551,5.464,-0.08699999999999974,29,False
TR,nuscale_voygr6,w_RI_plus_20,weight,43f99d45-6635-4392-a522-4a06445fdaf2,39,39,0,6.576,6.542,-0.03399999999999981,110,False
PL,nuscale_voygr6,w_RI_plus_20,weight,4411a22e-4e8a-4715-b000-1aae34494b68,8,8,0,7.088,7.069,-0.019000000000000128,61,False
TR,nuscale_voygr6,w_RI_plus_20,weight,44362378-9c74-44af-8a08-be4877f50e97,92,94,2,5.977,5.882,-0.09500000000000064,110,False
TR,nuscale_voygr6,w_RI_plus_20,weight,44698c12-3c50-4602-8104-dafa5fd215b6,56,57,1,6.435,6.386,-0.04899999999999949,110,False
UA,nuscale_voygr6,w_RI_plus_20,weight,447a9ea1-47fa-48a3-93f2-a77cbd629ac7,10,10,0,6.304,6.307,0.0030000000000001137,20,False
CZ,nuscale_voygr6,w_RI_plus_20,weight,44d40276-5847-41d1-ab9b-887bbdc1bcfe,22,22,0,5.823,5.726,-0.09700000000000042,29,False
UA,nuscale_voygr6,w_RI_plus_20,weight,46b96bc3-b190-4045-9c86-eb674e2ea35e,8,7,-1,6.426,6.425,-0.001000000000000334,20,False
PL,nuscale_voygr6,w_RI_plus_20,weight,47be3ec4-7abe-4f4c-ac3d-b7f753b8514a,46,42,-4,5.886,5.841,-0.04499999999999993,61,False
TR,nuscale_voygr6,w_RI_plus_20,weight,48149515-0774-404d-b273-790b660a8d90,44,43,-1,6.555,6.516,-0.0389999999999997,110,False
TR,nuscale_voygr6,w_RI_plus_20,weight,4b11cac9-4fe0-4a2a-9c09-4fe9a0ac6015,24,27,3,6.745,6.69,-0.054999999999999716,110,False
UA,nuscale_voygr6,w_RI_plus_20,weight,4e45df00-0d28-44d0-9697-3fa33d76fc88,11,11,0,6.278,6.282,0.004000000000000448,20,False
CZ,nuscale_voygr6,w_RI_plus_20,weight,4eb7914c-e000-403c-b5a5-c350de67bb83,23,23,0,5.728,5.634,-0.09399999999999942,29,False
TR,nuscale_voygr6,w_RI_plus_20,weight,5067ece3-b204-495e-81c1-90a523252547,103,103,0,5.776,5.698,-0.0779999999999994,110,False
TR,nuscale_voygr6,w_RI_plus_20,weight,52028d4f-7796-4463-832e-cff2e439c96a,82,81,-1,6.102,6.053,-0.04900000000000038,110,False
RO,nuscale_voygr6,w_RI_plus_20,weight,52a7babe-313f-493b-86b9-bd0c4aece4c3,5,5,0,6.597,6.614,0.01699999999999946,21,False
PL,nuscale_voygr6,w_RI_plus_20,weight,52db4dae-b014-45a4-96c4-49f80c1fdd11,6,6,0,7.125,7.112,-0.0129999999999999,61,False
AT,nuscale_voygr6,w_RI_plus_20,weight,532bfb42-0d4c-42cf-a81a-287f2b3a75bf,4,4,0,6.562,6.474,-0.08800000000000008,6,False
TR,nuscale_voygr6,w_RI_plus_20,weight,53481b7f-5b85-4bab-be04-4866c2e72c12,108,108,0,5.5,5.442,-0.05799999999999983,110,False
PL,nuscale_voygr6,w_RI_plus_20,weight,558e7bff-5b5d-4666-9ca3-ec02f2269aab,2,2,0,7.314,7.294,-0.020000000000000462,61,False
TR,nuscale_voygr6,w_RI_plus_20,weight,55cfe45b-6357-40f9-8623-e9916f91f839,22,23,1,6.781,6.751,-0.02999999999999936,110,False
TR,nuscale_voygr6,w_RI_plus_20,weight,56b8e2a3-1885-431f-9fd1-4cd3bebfad61,32,31,-1,6.664,6.609,-0.054999999999999716,110,False
TR,nuscale_voygr6,w_RI_plus_20,weight,57c0c830-725f-46ee-9322-0a4a3ad9efda,5,5,0,7.107,7.087,-0.020000000000000462,110,False
TR,nuscale_voygr6,w_RI_plus_20,weight,5a19f424-1a15-44e6-bf1b-c2c5886ac1bf,72,68,-4,6.19,6.167,-0.023000000000000576,110,False
RO,nuscale_voygr6,w_RI_plus_20,weight,5a33e5f0-6d86-4eab-adea-6c6bad7f3f45,16,16,0,5.925,5.829,-0.09600000000000009,21,False
PL,nuscale_voygr6,w_RI_plus_20,weight,5a57ae0a-6f91-46f4-a1f5-56a6b37596e9,61,61,0,5.458,5.378,-0.08000000000000007,61,False
TR,nuscale_voygr6,w_RI_plus_20,weight,5b6be56c-d981-470c-a979-13a8764a34b8,91,90,-1,5.982,5.95,-0.03200000000000003,110,False
RS,nuscale_voygr6,w_RI_plus_20,weight,5d4aee8d-9e73-4987-907a-d092e0ba92ed,5,4,-1,6.524,6.521,-0.0030000000000001137,6,False
HU,nuscale_voygr6,w_RI_plus_20,weight,5de5f907-98e7-42d3-a7dd-cb65f839697b,3,3,0,6.873,6.87,-0.0030000000000001137,11,False
UA,nuscale_voygr6,w_RI_plus_20,weight,5ed0a674-a292-44bc-997f-5c1990da1235,2,2,0,6.966,6.987,0.020999999999999908,20,False
TR,nuscale_voygr6,w_RI_plus_20,weight,5ed91c1b-0a1b-4a4c-9b2b-f6bdc8ff9770,102,99,-3,5.79,5.761,-0.028999999999999915,110,False
CZ,nuscale_voygr6,w_RI_plus_20,weight,5f4ed23c-cea2-41ef-a3e8-ac863e1bdcd6,15,13,-2,6.293,6.324,0.030999999999999694,29,False
TR,nuscale_voygr6,w_RI_plus_20,weight,5fa0dfa9-c272-444e-8e70-80ab55b5d36c,16,14,-2,6.847,6.858,0.010999999999999233,110,False
CZ,nuscale_voygr6,w_RI_plus_20,weight,60baaa73-dd8c-4865-bb18-6c73d63a4052,10,10,0,6.49,6.472,-0.017999999999999794,29,False
CZ,nuscale_voygr6,w_RI_plus_20,weight,63601ccc-3f20-4cbd-95cb-0fbeaf821c6a,11,11,0,6.469,6.452,-0.017000000000000348,29,False
HU,nuscale_voygr6,w_RI_plus_20,weight,651839d3-4e8f-4214-89aa-1f96ea221121,7,7,0,5.981,6.014,0.03300000000000036,11,False
AT,nuscale_voygr6,w_RI_plus_20,weight,660d9d71-6733-4294-951b-1c58614d58cf,2,2,0,7.101,7.089,-0.011999999999999567,6,False
PL,nuscale_voygr6,w_RI_plus_20,weight,66bdc30c-4179-480b-a55a-5d15be5ac66b,21,21,0,6.636,6.614,-0.02200000000000024,61,False
CZ,nuscale_voygr6,w_RI_plus_20,weight,66c3f077-1ee6-41d7-8e6c-da374bb45139,28,28,0,5.551,5.464,-0.08699999999999974,29,False
TR,nuscale_voygr6,w_RI_plus_20,weight,674deb4f-110c-4120-bea0-5f0711da3ea1,12,17,5,6.891,6.82,-0.07099999999999973,110,False
BY,nuscale_voygr6,w_RI_plus_20,weight,68aabff9-e662-4b9f-b37d-4c2ebc5f7539,2,2,0,6.399,6.399,0.0,2,True
RO,nuscale_voygr6,w_RI_plus_20,weight,693d9b73-f9fc-4502-9b94-be020c5d21fb,4,4,0,6.679,6.655,-0.02400000000000002,21,False
RO,nuscale_voygr6,w_RI_plus_20,weight,6aed2eac-1c97-40c5-b842-fb15fd510f35,9,9,0,6.149,6.103,-0.04600000000000026,21,False
RO,nuscale_voygr6,w_RI_plus_20,weight,6c428b2a-ad09-448b-b24c-22465929d69c,19,19,0,5.458,5.365,-0.09299999999999997,21,False
TR,nuscale_voygr6,w_RI_plus_20,weight,6c9571c4-5d3b-4f88-a7be-fa8c21425eeb,8,7,-1,7.031,7.007,-0.02400000000000002,110,False
TR,nuscale_voygr6,w_RI_plus_20,weight,6ddc2960-3d72-4d5f-b358-56d1c54f47e0,57,58,1,6.435,6.386,-0.04899999999999949,110,False
AT,nuscale_voygr6,w_RI_plus_20,weight,6e7fc4d8-636d-411a-baef-e138a5a07acc,5,5,0,6.513,6.402,-0.11099999999999977,6,False
BG,nuscale_voygr6,w_RI_plus_20,weight,704ef487-f600-4f23-b06e-a0f81b627597,7,7,0,5.646,5.569,-0.07699999999999996,7,False
UA,nuscale_voygr6,w_RI_plus_20,weight,70781f2c-24c2-486c-8b32-310c36ba1238,17,16,-1,5.887,5.876,-0.010999999999999233,20,False
UA,nuscale_voygr6,w_RI_plus_20,weight,725406d6-860f-4ca0-9c6a-425675bac381,7,8,1,6.44,6.382,-0.05800000000000072,20,False
TR,nuscale_voygr6,w_RI_plus_20,weight,737b6d06-1d0c-4ae6-9683-ab3fea192b32,86,82,-4,6.062,6.037,-0.025000000000000355,110,False
PL,nuscale_voygr6,w_RI_plus_20,weight,73fe8f06-c53b-4877-9c1d-5caf3d8f2749,60,60,0,5.51,5.416,-0.09399999999999942,61,False
TR,nuscale_voygr6,w_RI_plus_20,weight,746fc66e-d31f-4c5d-bf5c-ab5031b04b15,75,78,3,6.145,6.093,-0.0519999999999996,110,False
MK,nuscale_voygr6,w_RI_plus_20,weight,756218bb-3f16-443e-b6c6-400cd0ce2f87,3,3,0,5.294,5.311,0.017000000000000348,3,False
TR,nuscale_voygr6,w_RI_plus_20,weight,76cd9b7f-7613-4fd4-95ab-bf534a2e2f5e,73,73,0,6.176,6.137,-0.03900000000000059,110,False
SK,nuscale_voygr6,w_RI_plus_20,weight,770f1d3c-e5fd-493c-a376-e708d2abec6c,2,2,0,6.864,6.874,0.009999999999999787,5,False
TR,nuscale_voygr6,w_RI_plus_20,weight,772e2484-419b-47de-9739-924ac371ad10,61,61,0,6.409,6.366,-0.04300000000000015,110,False
TR,nuscale_voygr6,w_RI_plus_20,weight,778e0750-19f9-426e-a6c7-e0e30645fb97,3,3,0,7.198,7.131,-0.06700000000000017,110,False
TR,nuscale_voygr6,w_RI_plus_20,weight,7a805295-0cd2-48be-972e-5282c996549c,58,59,1,6.435,6.386,-0.04899999999999949,110,False
TR,nuscale_voygr6,w_RI_plus_20,weight,7b4d3f8f-a644-48a3-93f9-cd3c154dc5c2,104,104,0,5.766,5.681,-0.08499999999999996,110,False
TR,nuscale_voygr6,w_RI_plus_20,weight,7cc9cffa-e4e4-4546-902d-c8f4800dbdb2,30,35,5,6.672,6.577,-0.09499999999999975,110,False
PL,nuscale_voygr6,w_RI_plus_20,weight,7fc17ab0-ce24-4830-a938-b8424d1e9368,13,13,0,6.957,6.928,-0.028999999999999915,61,False
BA,nuscale_voygr6,w_RI_plus_20,weight,82011c29-a3d3-4a81-a27b-019d2649a251,1,3,2,5.907,5.906,-0.001000000000000334,5,False
RO,nuscale_voygr6,w_RI_plus_20,weight,825dc024-9a53-4237-bf59-cbe0af0cf87d,10,10,0,6.082,6.009,-0.07299999999999951,21,False
TR,nuscale_voygr6,w_RI_plus_20,weight,82aac38c-3037-466c-9b37-bff9da707645,40,41,1,6.573,6.52,-0.053000000000000824,110,False
MK,nuscale_voygr6,w_RI_plus_20,weight,83d3abe4-2049-47ad-a66b-46034edb7569,2,2,0,5.827,5.828,0.001000000000000334,3,False
UA,nuscale_voygr6,w_RI_plus_20,weight,83fede8b-5f92-429d-920d-9a8928a74780,4,4,0,6.697,6.687,-0.009999999999999787,20,False
RO,nuscale_voygr6,w_RI_plus_20,weight,8781d874-5923-4795-9c9f-b2a6c709025a,17,17,0,5.811,5.715,-0.09600000000000009,21,False
TR,nuscale_voygr6,w_RI_plus_20,weight,8a5dc384-e272-41ed-9868-a0686ac3fc7e,33,32,-1,6.664,6.609,-0.054999999999999716,110,False
PL,nuscale_voygr6,w_RI_plus_20,weight,8a9d5c87-7edc-49c3-85a2-d97727b9c9b2,24,24,0,6.425,6.323,-0.10199999999999942,61,False
TR,nuscale_voygr6,w_RI_plus_20,weight,8b16dc60-1a2b-4b2c-bcad-1c334d246ae3,65,65,0,6.288,6.22,-0.0680000000000005,110,False
TR,nuscale_voygr6,w_RI_plus_20,weight,8dd46a05-6e0c-4009-90ad-bd5909c25622,90,91,1,5.984,5.925,-0.05900000000000016,110,False
PL,nuscale_voygr6,w_RI_plus_20,weight,8dd8db4c-b62d-4f6b-a2ee-70a9ed785e7a,43,43,0,5.925,5.829,-0.09600000000000009,61,False
PL,nuscale_voygr6,w_RI_plus_20,weight,8e485f8a-5c68-4541-ab1d-77783f6fcb2d,17,17,0,6.762,6.776,0.014000000000000234,61,False
HU,nuscale_voygr6,w_RI_plus_20,weight,903d6b94-cd9d-4c32-b7e2-4bbfbee929df,5,5,0,6.338,6.366,0.02799999999999958,11,False
AT,nuscale_voygr6,w_RI_plus_20,weight,90820fe3-9889-4faf-9906-7c528f8d7bc5,6,6,0,6.399,6.35,-0.04900000000000038,6,False
TR,nuscale_voygr6,w_RI_plus_20,weight,9163ca37-1b31-409d-974f-9e7ed5e5f33d,55,55,0,6.445,6.401,-0.04400000000000048,110,False
PL,nuscale_voygr6,w_RI_plus_20,weight,917008f5-fba1-4ef7-b82d-9aded2b69267,16,16,0,6.812,6.802,-0.010000000000000675,61,False
TR,nuscale_voygr6,w_RI_plus_20,weight,91f28dbb-16bd-449b-a20a-dc2b70cf2e66,69,70,1,6.206,6.149,-0.057000000000000384,110,False
TR,nuscale_voygr6,w_RI_plus_20,weight,94a5c55f-c499-41b1-81da-deaa36686399,21,22,1,6.803,6.778,-0.025000000000000355,110,False
UA,nuscale_voygr6,w_RI_plus_20,weight,95872473-c476-4ceb-bcf5-54cfdf415e42,19,19,0,5.574,5.546,-0.02799999999999958,20,False
RO,nuscale_voygr6,w_RI_plus_20,weight,958e4d82-853a-41f1-a442-94b4c4314221,2,2,0,7.272,7.266,-0.006000000000000227,21,False
TR,nuscale_voygr6,w_RI_plus_20,weight,96129c93-83a6-4b1c-929b-bfccba86a796,70,74,4,6.204,6.136,-0.06799999999999962,110,False
TR,nuscale_voygr6,w_RI_plus_20,weight,9699244b-14c0-4e27-afd1-105494fccd60,38,37,-1,6.584,6.545,-0.0389999999999997,110,False
CZ,nuscale_voygr6,w_RI_plus_20,weight,97ed917e-acfa-4002-be89-4ec44972ab45,21,21,0,5.85,5.739,-0.11099999999999977,29,False
TR,nuscale_voygr6,w_RI_plus_20,weight,98019711-a8c3-424a-870e-00d4fea75ed1,88,88,0,6.036,5.967,-0.06899999999999995,110,False
RO,nuscale_voygr6,w_RI_plus_20,weight,9825e28e-fd6e-460d-9caf-0342563f9060,6,6,0,6.422,6.427,0.004999999999999893,21,False
RS,nuscale_voygr6,w_RI_plus_20,weight,993ccce2-d5e1-498d-827d-8dbfeb42582b,3,2,-1,6.584,6.579,-0.004999999999999893,6,False
HU,nuscale_voygr6,w_RI_plus_20,weight,997474f6-9bfd-4abd-a2ac-d8618db8f0b4,1,1,0,7.568,7.564,-0.0039999999999995595,11,False
AT,nuscale_voygr6,w_RI_plus_20,weight,99d712ac-7993-4186-8a0e-2e88bae7e90f,3,3,0,6.646,6.613,-0.032999999999999474,6,False
TR,nuscale_voygr6,w_RI_plus_20,weight,9a6447f2-2887-4cce-a115-dc773d7f6eb1,48,49,1,6.511,6.451,-0.0600000000000005,110,False
CZ,nuscale_voygr6,w_RI_plus_20,weight,9c4291f1-173b-467e-ae26-8cb01312c605,8,8,0,6.66,6.67,0.009999999999999787,29,False
TR,nuscale_voygr6,w_RI_plus_20,weight,9eb693f6-6994-4937-bc4d-e8213baa5d47,29,25,-4,6.702,6.727,0.025000000000000355,110,False
BG,nuscale_voygr6,w_RI_plus_20,weight,a064c7ae-e699-4a94-a18c-79bdfe42bce3,4,4,0,6.83,6.855,0.025000000000000355,7,False
PL,nuscale_voygr6,w_RI_plus_20,weight,a19228ce-f25a-4ffd-a249-9d01403e6b81,11,9,-2,7.045,7.008,-0.03699999999999992,61,False
BA,nuscale_voygr6,w_RI_plus_20,weight,a23d073a-cbbd-469a-b134-380945fd3f4c,4,4,0,5.84,5.864,0.02400000000000002,5,False
SK,nuscale_voygr6,w_RI_plus_20,weight,a2d8261c-3d08-4015-946c-47dbddbd0b98,5,5,0,5.565,5.472,-0.09299999999999997,5,False
TR,nuscale_voygr6,w_RI_plus_20,weight,a4af3789-2c40-41fc-a3ec-3b8d2fc6c645,62,62,0,6.389,6.327,-0.06200000000000028,110,False
RO,nuscale_voygr6,w_RI_plus_20,weight,a4fa3246-27d6-4740-898c-bdf9dadcb88c,13,15,2,6.014,5.909,-0.10500000000000043,21,False
PL,nuscale_voygr6,w_RI_plus_20,weight,a55e3643-8ed4-434b-b14f-2d549d09c0d9,20,20,0,6.642,6.634,-0.008000000000000007,61,False
TR,nuscale_voygr6,w_RI_plus_20,weight,a6478cb9-5b8c-4d64-bbe6-3d3ed6a3da2c,7,8,1,7.061,7.004,-0.057000000000000384,110,False
PL,nuscale_voygr6,w_RI_plus_20,weight,a67255dd-8134-418e-9377-e28516c53722,27,28,1,6.361,6.197,-0.1639999999999997,61,False
PL,nuscale_voygr6,w_RI_plus_20,weight,a6b51b4f-ba1d-49cd-bc99-8898acdbeb78,29,29,0,6.211,6.141,-0.07000000000000028,61,False
CZ,nuscale_voygr6,w_RI_plus_20,weight,a6bf9980-016e-47ea-b40a-82e384a9eb43,26,26,0,5.578,5.477,-0.10099999999999998,29,False
CZ,nuscale_voygr6,w_RI_plus_20,weight,a733fc13-11a4-4722-b62d-85c85a4f8ef3,12,12,0,6.419,6.379,-0.040000000000000036,29,False
PL,nuscale_voygr6,w_RI_plus_20,weight,a7eeee6e-e14a-40ba-80b6-75ed2e170b20,42,44,2,5.951,5.829,-0.12199999999999989,61,False
PL,nuscale_voygr6,w_RI_plus_20,weight,a91dfe3d-93e0-43a1-99d2-41abdd1fc2ce,58,58,0,5.591,5.506,-0.08499999999999996,61,False
TR,nuscale_voygr6,w_RI_plus_20,weight,a96dc545-41a9-4b0d-a7a3-f40ef711e5e3,45,40,-5,6.555,6.531,-0.02400000000000002,110,False
BA,nuscale_voygr6,w_RI_plus_20,weight,aa0bdb5e-45aa-4d15-8aee-cb5b0e14f5d9,3,1,-2,5.901,5.94,0.03900000000000059,5,False
TR,nuscale_voygr6,w_RI_plus_20,weight,aa336cdc-f6fe-4b08-b46d-69e852c501bf,41,44,3,6.573,6.505,-0.0680000000000005,110,False
CZ,nuscale_voygr6,w_RI_plus_20,weight,aa38441d-aec7-4ae9-b4c3-68c5bf567db3,19,19,0,6.122,6.118,-0.0039999999999995595,29,False
HR,nuscale_voygr6,w_RI_plus_20,weight,ab151830-e5bd-46de-8400-01aa4c165366,1,1,0,6.433,6.482,0.04900000000000038,1,True
PL,nuscale_voygr6,w_RI_plus_20,weight,ab57f5c3-8699-46f9-970f-3007dfc58af4,23,23,0,6.463,6.383,-0.08000000000000007,61,False
TR,nuscale_voygr6,w_RI_plus_20,weight,ad0c8590-c672-43f2-a813-1217a10f7d2d,1,1,0,7.473,7.452,-0.020999999999999908,110,False
PL,nuscale_voygr6,w_RI_plus_20,weight,ad7a9c00-0c75-411f-8f89-859e603df1e6,54,54,0,5.695,5.572,-0.12300000000000022,61,False
TR,nuscale_voygr6,w_RI_plus_20,weight,adeb10a5-aaae-4e2c-b426-3db1c3d9bd5b,71,71,0,6.191,6.149,-0.041999999999999815,110,False
RO,nuscale_voygr6,w_RI_plus_20,weight,aff5ffe6-fe7a-4de7-afad-9d4645a64cd9,8,7,-1,6.201,6.165,-0.03599999999999959,21,False
BG,nuscale_voygr6,w_RI_plus_20,weight,b01fe781-dbc7-40f8-a544-946288020042,2,2,0,7.01,7.026,0.016000000000000014,7,False
CZ,nuscale_voygr6,w_RI_plus_20,weight,b0ba194f-3c80-4725-b1e7-fa5277b38833,6,6,0,6.748,6.741,-0.007000000000000561,29,False
PL,nuscale_voygr6,w_RI_plus_20,weight,b24c9876-5a4d-4b83-b442-af2f4b0d1047,50,50,0,5.744,5.653,-0.09100000000000019,61,False
PL,nuscale_voygr6,w_RI_plus_20,weight,b24f9ac5-5ddf-4b19-ba95-76dafeca3d2c,5,5,0,7.192,7.176,-0.016000000000000014,61,False
MD,nuscale_voygr6,w_RI_plus_20,weight,b3eb5dd2-98cf-40c4-b9ee-2a86fd066093,1,1,0,6.456,6.438,-0.018000000000000682,1,True
TR,nuscale_voygr6,w_RI_plus_20,weight,b588126a-42d6-49dc-b227-9283af5a2578,25,28,3,6.745,6.69,-0.054999999999999716,110,False
TR,nuscale_voygr6,w_RI_plus_20,weight,b5a75ec8-a2fe-42ad-b33e-ea32e20ebdfb,51,51,0,6.467,6.428,-0.0389999999999997,110,False
TR,nuscale_voygr6,w_RI_plus_20,weight,b5ff798e-e059-4d8b-a903-00a1fefc62ab,26,29,3,6.745,6.69,-0.054999999999999716,110,False
PL,nuscale_voygr6,w_RI_plus_20,weight,b789a244-7d29-4be3-afe4-2f45d7f11eab,52,53,1,5.718,5.628,-0.08999999999999986,61,False
TR,nuscale_voygr6,w_RI_plus_20,weight,b8875ff2-9e9d-4520-8879-c71468e9cc50,60,56,-4,6.413,6.392,-0.020999999999999908,110,False
PL,nuscale_voygr6,w_RI_plus_20,weight,b8a00967-90a3-4a4e-9979-6b8651d87380,33,33,0,6.146,6.041,-0.10499999999999954,61,False
PL,nuscale_voygr6,w_RI_plus_20,weight,b8bc6544-1571-4906-95e0-314d62c78a24,10,10,0,7.055,7.005,-0.04999999999999982,61,False
TR,nuscale_voygr6,w_RI_plus_20,weight,bac4a081-83dc-4aba-8076-b67bfc55f54c,106,106,0,5.617,5.558,-0.05900000000000016,110,False
TR,nuscale_voygr6,w_RI_plus_20,weight,bfadbe66-971d-4f64-b222-604a7ee6ac6b,28,24,-4,6.715,6.729,0.014000000000000234,110,False
RO,nuscale_voygr6,w_RI_plus_20,weight,c3790475-3d3b-4e2b-92ae-24503fe03e6b,7,8,1,6.237,6.161,-0.07600000000000051,21,False
PL,nuscale_voygr6,w_RI_plus_20,weight,c39819ef-6798-4c01-9a82-9eead65b5f56,26,26,0,6.381,6.304,-0.07699999999999996,61,False
PL,nuscale_voygr6,w_RI_plus_20,weight,c42c5942-264d-43a1-a9eb-95b00480eb1a,49,49,0,5.756,5.666,-0.08999999999999986,61,False
UA,nuscale_voygr6,w_RI_plus_20,weight,c47eb6a3-49c1-4879-95b6-9bcd53b7af04,5,5,0,6.617,6.61,-0.006999999999999673,20,False
PL,nuscale_voygr6,w_RI_plus_20,weight,c4d7f628-c108-4496-ac02-6076ea3ae448,38,37,-1,6.068,5.991,-0.07699999999999996,61,False
TR,nuscale_voygr6,w_RI_plus_20,weight,c657c5c3-38a2-472d-8962-9e7cefcd2c1e,10,12,2,6.908,6.873,-0.03500000000000014,110,False
TR,nuscale_voygr6,w_RI_plus_20,weight,c6b846cb-3a01-4e17-9d51-da4b58fd1827,101,102,1,5.794,5.704,-0.08999999999999986,110,False
TR,nuscale_voygr6,w_RI_plus_20,weight,c7afd455-7beb-4d23-8d3b-e9a102782d2b,107,107,0,5.558,5.536,-0.02200000000000024,110,False
TR,nuscale_voygr6,w_RI_plus_20,weight,c8e1cc12-080a-4e01-925d-8fd6e4334856,97,97,0,5.863,5.809,-0.05400000000000027,110,False
RS,nuscale_voygr6,w_RI_plus_20,weight,c8f15aca-174b-4be6-a6d9-abfa4685d10d,4,5,1,6.562,6.498,-0.06400000000000006,6,False
SK,nuscale_voygr6,w_RI_plus_20,weight,c97125b3-20ed-4e21-a853-b928644ec7dd,1,1,0,7.02,7.024,0.004000000000000448,5,False
TR,nuscale_voygr6,w_RI_plus_20,weight,c9c85786-eb26-4e7b-b280-83a54b7e834f,47,46,-1,6.527,6.476,-0.051000000000000156,110,False
TR,nuscale_voygr6,w_RI_plus_20,weight,ca423571-d2ab-44d4-b5ce-3e649d9cc776,74,72,-2,6.175,6.138,-0.03699999999999992,110,False
TR,nuscale_voygr6,w_RI_plus_20,weight,cb08e7b6-0af3-45d9-95c3-3832e7e2677c,13,18,5,6.878,6.82,-0.05799999999999983,110,False
TR,nuscale_voygr6,w_RI_plus_20,weight,cb825b0f-e315-4221-b194-43d5b472382d,83,84,1,6.088,6.016,-0.07200000000000006,110,False
CZ,nuscale_voygr6,w_RI_plus_20,weight,cbd67443-4a4e-44fd-a9ed-20ba9574c99e,29,29,0,5.551,5.464,-0.08699999999999974,29,False
TR,nuscale_voygr6,w_RI_plus_20,weight,cc635340-954c-4428-9fa1-14383c7faceb,49,47,-2,6.496,6.458,-0.038000000000000256,110,False
PL,nuscale_voygr6,w_RI_plus_20,weight,ccc15bde-1c5a-40bf-8f09-2fcb1e896ce5,53,51,-2,5.718,5.648,-0.07000000000000028,61,False
PL,nuscale_voygr6,w_RI_plus_20,weight,cd84938d-eea8-47a1-8ea6-2e9f943e5914,3,3,0,7.231,7.227,-0.0039999999999995595,61,False
UA,nuscale_voygr6,w_RI_plus_20,weight,cdb6adfb-52ff-4631-939a-001080b20450,6,6,0,6.461,6.432,-0.028999999999999915,20,False
PL,nuscale_voygr6,w_RI_plus_20,weight,cdc888ad-fd51-4710-a5ab-3cd0fe9ddb48,15,15,0,6.838,6.808,-0.03000000000000025,61,False
TR,nuscale_voygr6,w_RI_plus_20,weight,ce39538c-997e-4a7d-bc32-f164f50f9aa0,79,79,0,6.115,6.087,-0.02800000000000047,110,False
UA,nuscale_voygr6,w_RI_plus_20,weight,cec871bd-c7f6-4444-b0da-9b3a9ecc6963,3,3,0,6.73,6.72,-0.010000000000000675,20,False
TR,nuscale_voygr6,w_RI_plus_20,weight,cf9150af-0325-44d8-bbaf-493e742f2e2b,50,52,2,6.474,6.415,-0.05900000000000016,110,False
TR,nuscale_voygr6,w_RI_plus_20,weight,d020ac37-4f23-41b1-8f1e-b425b5769424,53,50,-3,6.456,6.433,-0.023000000000000576,110,False
TR,nuscale_voygr6,w_RI_plus_20,weight,d12e7ffc-4cd3-4ff4-81da-ae360d59409b,85,87,2,6.066,5.987,-0.07899999999999974,110,False
TR,nuscale_voygr6,w_RI_plus_20,weight,d1863136-5ff4-4b4d-a9c0-6219e92d637d,6,6,0,7.107,7.087,-0.020000000000000462,110,False
TR,nuscale_voygr6,w_RI_plus_20,weight,d21335d4-0a3d-4464-85e0-352745a38db4,59,60,1,6.435,6.386,-0.04899999999999949,110,False
RS,nuscale_voygr6,w_RI_plus_20,weight,d30af109-79cb-4ab5-a878-6f574b58116a,2,3,1,6.613,6.57,-0.04300000000000015,6,False
PL,nuscale_voygr6,w_RI_plus_20,weight,d3b5a049-6bff-400b-9312-96985f03acea,59,59,0,5.539,5.456,-0.0829999999999993,61,False
UA,nuscale_voygr6,w_RI_plus_20,weight,d3b9e403-7744-44c5-b5c3-999c4c1911d8,20,20,0,5.252,5.235,-0.01699999999999946,20,False
TR,nuscale_voygr6,w_RI_plus_20,weight,d3f986d9-a023-4d43-a0fb-03361f310873,14,13,-1,6.878,6.864,-0.014000000000000234,110,False
TR,nuscale_voygr6,w_RI_plus_20,weight,d48d2f39-d58f-4299-9b2f-56d194d2d13b,87,83,-4,6.061,6.023,-0.038000000000000256,110,False
RO,nuscale_voygr6,w_RI_plus_20,weight,d498ded8-449c-4672-8bb9-0ed6c8fef775,12,13,1,6.027,5.935,-0.09200000000000053,21,False
TR,nuscale_voygr6,w_RI_plus_20,weight,d5151598-5a1a-4697-8147-592845ffef6c,94,93,-1,5.917,5.884,-0.032999999999999474,110,False
PL,nuscale_voygr6,w_RI_plus_20,weight,d60b377c-9bb4-4fd5-adb7-a9a9ba98ae76,36,35,-1,6.107,6.004,-0.10300000000000065,61,False
TR,nuscale_voygr6,w_RI_plus_20,weight,d6cb5642-d5ec-4a15-bc6b-8be4cb0a382e,17,15,-2,6.847,6.858,0.010999999999999233,110,False
CZ,nuscale_voygr6,w_RI_plus_20,weight,d762ceeb-514f-43a6-9f91-a2d422ed6c60,2,2,0,7.014,6.997,-0.017000000000000348,29,False
RO,nuscale_voygr6,w_RI_plus_20,weight,dac2a974-a2de-46c5-b581-03985a9ae7d0,11,11,0,6.054,5.948,-0.10599999999999987,21,False
PL,nuscale_voygr6,w_RI_plus_20,weight,dadadad9-b67e-44b8-a9ab-4cbf116da20b,4,4,0,7.224,7.22,-0.004000000000000448,61,False
TR,nuscale_voygr6,w_RI_plus_20,weight,db87ce6a-3802-44c5-945f-8a95d3cf111b,81,85,4,6.109,6.015,-0.0940000000000003,110,False
PL,nuscale_voygr6,w_RI_plus_20,weight,dc87cdf1-9936-4a59-a5e9-b5e360173490,39,40,1,6.042,5.916,-0.12599999999999945,61,False
TR,nuscale_voygr6,w_RI_plus_20,weight,dd413ee8-a6f2-4e7c-8e6c-6d0ed8637d83,19,20,1,6.817,6.781,-0.036000000000000476,110,False
TR,nuscale_voygr6,w_RI_plus_20,weight,ddc8bb9c-bf77-4075-b38c-600fb072acf8,11,10,-1,6.902,6.912,0.009999999999999787,110,False
PL,nuscale_voygr6,w_RI_plus_20,weight,de6735bd-7a79-43c8-baad-1fe23d50d6f0,22,22,0,6.536,6.417,-0.11899999999999977,61,False
TR,nuscale_voygr6,w_RI_plus_20,weight,e03c394f-1c08-4101-b1fe-f6662fe4b424,15,11,-4,6.861,6.88,0.019000000000000128,110,False
RO,nuscale_voygr6,w_RI_plus_20,weight,e073b3f8-4312-4d34-b322-6289a3121af1,14,14,0,6.014,5.93,-0.08400000000000052,21,False
TR,nuscale_voygr6,w_RI_plus_20,weight,e10aae79-05b7-4ad9-9d69-60ce190b4444,42,45,3,6.573,6.505,-0.0680000000000005,110,False
HU,nuscale_voygr6,w_RI_plus_20,weight,e1649639-2e45-4226-9c7a-783d2dcb6724,10,11,1,5.344,5.268,-0.07600000000000051,11,False
CZ,nuscale_voygr6,w_RI_plus_20,weight,e299922a-1670-4aff-acda-fd80600af9af,7,7,0,6.721,6.702,-0.019000000000000128,29,False
PL,nuscale_voygr6,w_RI_plus_20,weight,e2c23866-db1e-4316-82b5-7e3fe50c3c09,47,47,0,5.848,5.737,-0.11099999999999977,61,False
RO,nuscale_voygr6,w_RI_plus_20,weight,e43af28e-a3d3-4047-a9cf-f3b0990754b4,18,18,0,5.759,5.664,-0.09500000000000064,21,False
UA,nuscale_voygr6,w_RI_plus_20,weight,e4c6a713-99e6-4fdf-afaa-d456779c504c,16,17,1,5.913,5.875,-0.038000000000000256,20,False
PL,nuscale_voygr6,w_RI_plus_20,weight,e4e3b5f0-7038-47a5-84e3-04eb07b3c4d7,14,14,0,6.925,6.912,-0.0129999999999999,61,False
TR,nuscale_voygr6,w_RI_plus_20,weight,e71ec827-7143-48dd-8c8a-8e81705fa971,52,53,1,6.467,6.414,-0.052999999999999936,110,False
BA,nuscale_voygr6,w_RI_plus_20,weight,e75c63e5-ef2f-4e08-8f8c-3da41215af9d,2,2,0,5.907,5.922,0.01499999999999968,5,False
TR,nuscale_voygr6,w_RI_plus_20,weight,e780e4ac-0506-4186-9b58-0f378f878345,9,9,0,6.969,6.962,-0.007000000000000561,110,False
TR,nuscale_voygr6,w_RI_plus_20,weight,e894ba3e-e397-47c9-b0b9-a72cfb6bd680,95,98,3,5.876,5.788,-0.08800000000000008,110,False
TR,nuscale_voygr6,w_RI_plus_20,weight,e8b6e342-2011-4343-b415-a8bf08501499,99,100,1,5.809,5.743,-0.06599999999999984,110,False
PL,nuscale_voygr6,w_RI_plus_20,weight,e9a1ae49-ff79-462c-af4e-7c6843221d36,55,55,0,5.645,5.529,-0.11599999999999966,61,False
TR,nuscale_voygr6,w_RI_plus_20,weight,e9bc02be-cf10-4b27-9b8a-0d4a954720e4,36,34,-2,6.606,6.58,-0.0259999999999998,110,False
PL,nuscale_voygr6,w_RI_plus_20,weight,ebc0f461-acfa-47da-8094-5b15ea3e25a0,19,19,0,6.662,6.659,-0.0030000000000001137,61,False
PL,nuscale_voygr6,w_RI_plus_20,weight,ee332928-87b2-4e7b-9203-20e402bc551f,12,12,0,6.99,6.975,-0.015000000000000568,61,False
PL,nuscale_voygr6,w_RI_plus_20,weight,ef2ee2ae-e73e-490c-aa07-746543fe20e6,40,39,-1,6.029,5.929,-0.09999999999999964,61,False
HU,nuscale_voygr6,w_RI_plus_20,weight,ef325d90-6d2d-4f8f-89f2-3bc98beb149b,8,8,0,5.812,5.852,0.040000000000000036,11,False
CZ,nuscale_voygr6,w_RI_plus_20,weight,f1d2bca1-a7a9-4404-84c1-34fc8a59dab7,25,25,0,5.619,5.503,-0.11599999999999966,29,False
HU,nuscale_voygr6,w_RI_plus_20,weight,f2b3a729-602a-4b6b-acc9-004244f2e556,9,9,0,5.373,5.309,-0.06400000000000006,11,False
UA,nuscale_voygr6,w_RI_plus_20,weight,f2c061de-66ad-4fce-b911-7f1899f25b75,12,12,0,6.278,6.255,-0.022999999999999687,20,False
TR,nuscale_voygr6,w_RI_plus_20,weight,f2e65fcf-afc4-4443-ac14-f15c8ffe48f3,20,21,1,6.817,6.781,-0.036000000000000476,110,False
CZ,nuscale_voygr6,w_RI_plus_20,weight,f3523341-daaa-4573-a856-becb2e1bb9e3,4,4,0,6.939,6.899,-0.040000000000000036,29,False
PL,nuscale_voygr6,w_RI_plus_20,weight,f5be4e73-938d-4fe2-b585-5090ec780670,28,27,-1,6.36,6.235,-0.125,61,False
HU,nuscale_voygr6,w_RI_plus_20,weight,f7dcdb63-26e6-44cd-b440-ec14fe507d90,2,2,0,7.042,7.033,-0.008999999999999453,11,False
PL,nuscale_voygr6,w_RI_plus_20,weight,f8f9f43d-6a3b-445d-818e-ca82a90ace65,51,52,1,5.74,5.633,-0.1070000000000002,61,False
TR,nuscale_voygr6,w_RI_plus_20,weight,f92bc907-9b9b-4d21-92fd-1705bd71128c,89,89,0,6.036,5.967,-0.06899999999999995,110,False
TR,nuscale_voygr6,w_RI_plus_20,weight,fa6b7ac3-c1bf-478f-8d0a-1f357ea480cf,100,101,1,5.808,5.729,-0.07899999999999974,110,False
BY,nuscale_voygr6,w_RI_plus_20,weight,fac3d0b5-36a5-48ae-8494-f2f08e4342f4,1,1,0,6.786,6.8,0.014000000000000234,2,True
UA,nuscale_voygr6,w_RI_plus_20,weight,fb7d4d9a-3f27-4b50-9941-6a8fccd25e9a,9,9,0,6.335,6.311,-0.02400000000000002,20,False
TR,nuscale_voygr6,w_RI_plus_20,weight,fc307877-758b-4dbf-afbe-abfc4a778155,35,33,-2,6.613,6.593,-0.020000000000000462,110,False
TR,nuscale_voygr6,w_RI_plus_20,weight,fecb62d9-6fb8-4f8d-83e3-78a7c75adb6e,64,64,0,6.321,6.266,-0.054999999999999716,110,False
TR,nuscale_voygr6,w_swing,swing,0049a899-af5f-41cd-86ae-2ba729b6365f,93,94,1,5.942,5.359,-0.5830000000000002,110,False
RS,nuscale_voygr6,w_swing,swing,0182ec25-0df9-4e4b-9861-d76a332bc282,1,3,2,6.715,6.245,-0.46999999999999975,6,False
UA,nuscale_voygr6,w_swing,swing,02253fcc-4fc6-42d4-a6a8-42365487302f,13,13,0,6.148,5.792,-0.35599999999999987,20,False
TR,nuscale_voygr6,w_swing,swing,0248611c-b745-404f-ad50-c2870882c7a1,18,20,2,6.832,6.594,-0.23799999999999955,110,False
UA,nuscale_voygr6,w_swing,swing,038d42e9-769b-4b22-9513-dccff48b42cd,15,17,2,5.93,5.421,-0.5089999999999995,20,False
HU,nuscale_voygr6,w_swing,swing,059b3ad4-7196-4e6b-b169-8605ceeed841,4,4,0,6.601,6.383,-0.21799999999999997,11,False
CZ,nuscale_voygr6,w_swing,swing,05daa6b2-bb29-4c26-a459-855626673955,13,14,1,6.34,6.032,-0.30799999999999983,29,False
PL,nuscale_voygr6,w_swing,swing,06641fea-8997-4b69-a618-6afa34b82591,44,43,-1,5.912,5.426,-0.48599999999999977,61,False
SK,nuscale_voygr6,w_swing,swing,06defca3-9105-437f-afd4-52f5603d9b8e,4,4,0,6.272,5.91,-0.3620000000000001,5,False
TR,nuscale_voygr6,w_swing,swing,0947a4c8-4fc1-492f-9c66-2c9a993c7fb0,54,46,-8,6.445,6.169,-0.2760000000000007,110,False
CZ,nuscale_voygr6,w_swing,swing,0ae8917b-a70b-41e5-82de-e4963a7686e3,16,16,0,6.265,5.983,-0.28200000000000003,29,False
PL,nuscale_voygr6,w_swing,swing,0b187a1d-55de-47cf-96a3-06abc8ff2476,18,20,2,6.662,6.423,-0.23899999999999988,61,False
TR,nuscale_voygr6,w_swing,swing,0ca4ff78-4113-4ad9-ac04-0fd541d42338,78,79,1,6.123,5.682,-0.44099999999999984,110,False
TR,nuscale_voygr6,w_swing,swing,0fec985c-c66e-40af-a123-a9ba4db269bb,63,63,0,6.35,5.959,-0.391,110,False
TR,nuscale_voygr6,w_swing,swing,1289753b-43db-4058-8fe1-6e38b5fb01b5,27,21,-6,6.726,6.584,-0.14200000000000035,110,False
TR,nuscale_voygr6,w_swing,swing,142cad75-648a-495d-8c10-792351e72126,4,3,-1,7.153,7.044,-0.10899999999999999,110,False
CZ,nuscale_voygr6,w_swing,swing,14e88076-ce0e-4693-bca4-e80f3f013c7f,18,17,-1,6.259,5.975,-0.2840000000000007,29,False
TR,nuscale_voygr6,w_swing,swing,1624a526-07d8-44a4-8ed7-3b035b748f03,105,103,-2,5.653,5.145,-0.508,110,False
TR,nuscale_voygr6,w_swing,swing,166f5fcc-1cc4-4cf5-9e52-59e7ce1557c6,23,22,-1,6.759,6.51,-0.24900000000000055,110,False
SK,nuscale_voygr6,w_swing,swing,1719d38b-61e8-4b01-844b-3a2f85c8a186,3,3,0,6.503,6.21,-0.29300000000000015,5,False
MK,nuscale_voygr6,w_swing,swing,1739b1b7-a6f3-466c-9dfa-3d1de9d5b6db,1,1,0,6.391,6.262,-0.12900000000000045,3,False
TR,nuscale_voygr6,w_swing,swing,17568f0f-91fd-4efe-b4df-2c7cc5d80b7d,110,110,0,5.073,4.221,-0.8520000000000003,110,False
CZ,nuscale_voygr6,w_swing,swing,180880c2-7284-4723-b02a-a62348b9b40b,9,10,1,6.633,6.285,-0.34799999999999986,29,False
TR,nuscale_voygr6,w_swing,swing,1820429d-bd95-4e56-a6db-d9bb57e2ae07,96,95,-1,5.865,5.326,-0.5390000000000006,110,False
PL,nuscale_voygr6,w_swing,swing,187b4fd7-6a61-4e94-8ed4-495ac6dfc317,25,25,0,6.419,6.006,-0.41299999999999937,61,False
RO,nuscale_voygr6,w_swing,swing,18ecb024-ee4f-4045-8254-5e95d61dea8c,15,15,0,5.958,5.379,-0.5790000000000006,21,False
LV,nuscale_voygr6,w_swing,swing,1a5b8f8f-f4be-4514-8738-755d25e19b41,1,1,0,6.728,6.519,-0.20899999999999963,1,True
CZ,nuscale_voygr6,w_swing,swing,1c059a42-608c-4753-8fcf-ba797d94f900,24,24,0,5.68,5.013,-0.6669999999999998,29,False
TR,nuscale_voygr6,w_swing,swing,1ce7624e-1d72-4293-8ff4-09096b56ddd2,109,109,0,5.401,4.724,-0.6769999999999996,110,False
PL,nuscale_voygr6,w_swing,swing,1d19dce6-c458-4656-901d-6a8d3c548761,9,10,1,7.075,6.927,-0.14800000000000058,61,False
RO,nuscale_voygr6,w_swing,swing,1d8be6d0-f3a5-4b32-9d46-3526289731f8,21,19,-2,5.375,4.792,-0.5830000000000002,21,False
TR,nuscale_voygr6,w_swing,swing,1f305180-6bbf-4758-9a98-78bc9e96e195,46,51,5,6.528,6.132,-0.3959999999999999,110,False
PL,nuscale_voygr6,w_swing,swing,202d797d-b0f9-4cd0-bbac-d7bb06805c09,37,34,-3,6.071,5.665,-0.4059999999999997,61,False
CZ,nuscale_voygr6,w_swing,swing,20bce4f5-ca0b-4145-87e5-0a0694343f31,17,18,1,6.263,5.959,-0.30400000000000027,29,False
CZ,nuscale_voygr6,w_swing,swing,20c9d02d-e9e8-40b3-a11e-7a2e01018d8c,14,12,-2,6.34,6.118,-0.22199999999999953,29,False
TR,nuscale_voygr6,w_swing,swing,21ccc44f-3244-4e7f-9654-eae424288200,76,70,-6,6.13,5.77,-0.3600000000000003,110,False
TR,nuscale_voygr6,w_swing,swing,231565d3-4f56-43ee-a357-1f4451c6fbc3,37,61,24,6.588,6.014,-0.5739999999999998,110,False
TR,nuscale_voygr6,w_swing,swing,2350bab4-9869-43f1-b62f-a4d5aea77ef5,77,72,-5,6.13,5.75,-0.3799999999999999,110,False
PL,nuscale_voygr6,w_swing,swing,239ea0eb-a9c4-43cc-ac5f-35271bdc6613,7,9,2,7.102,6.973,-0.12900000000000045,61,False
CZ,nuscale_voygr6,w_swing,swing,274ec928-e527-44cf-86c5-b6eddc09d0f7,20,20,0,5.918,5.376,-0.5419999999999998,29,False
PL,nuscale_voygr6,w_swing,swing,27fc89b3-ee57-44ac-8073-a700bc8d12e8,41,42,1,6.003,5.466,-0.5369999999999999,61,False
CZ,nuscale_voygr6,w_swing,swing,287cbb48-bb08-40dd-82c5-cfe1530dfbb9,1,1,0,7.075,7.151,0.07599999999999962,29,False
HU,nuscale_voygr6,w_swing,swing,28b36531-865d-42ae-afb3-b8bad86f7014,6,5,-1,6.305,6.086,-0.21899999999999942,11,False
PL,nuscale_voygr6,w_swing,swing,29479c3f-8db8-4f62-90e8-59ad6739f90b,34,31,-3,6.12,5.745,-0.375,61,False
RS,nuscale_voygr6,w_swing,swing,296282b1-d079-4c1e-b2df-12c25128b963,6,6,0,6.259,5.762,-0.4970000000000008,6,False
PL,nuscale_voygr6,w_swing,swing,2981a12d-3444-4301-96ba-a63ef50bec3e,1,1,0,7.516,7.533,0.017000000000000348,61,False
RO,nuscale_voygr6,w_swing,swing,29836b52-a882-4921-95a7-6417e636d9a2,3,3,0,6.76,6.525,-0.23499999999999943,21,False
PL,nuscale_voygr6,w_swing,swing,29a58981-aaf7-4450-ad41-49dd6d786168,48,52,4,5.782,5.157,-0.625,61,False
UA,nuscale_voygr6,w_swing,swing,29b3a802-7ef1-4722-ad59-b1511b1b0075,1,2,1,7.046,6.952,-0.0940000000000003,20,False
TR,nuscale_voygr6,w_swing,swing,2a3aad60-2bff-4206-8275-f6e2029f9278,66,85,19,6.252,5.562,-0.6899999999999995,110,False
TR,nuscale_voygr6,w_swing,swing,2b6a65d3-efb0-44d8-b88b-9aad311f4ac4,31,49,18,6.664,6.164,-0.5,110,False
PL,nuscale_voygr6,w_swing,swing,2da9dab9-7b4e-46e7-b1c8-70eeb329c177,56,59,3,5.614,4.972,-0.6419999999999995,61,False
AT,nuscale_voygr6,w_swing,swing,2dcd2c6d-f375-4408-9492-7910662fac03,1,1,0,7.333,7.31,-0.023000000000000576,6,False
TR,nuscale_voygr6,w_swing,swing,2ec95392-978d-4a43-85b9-af3282c212ba,2,2,0,7.305,7.048,-0.2569999999999997,110,False
TR,nuscale_voygr6,w_swing,swing,2ed9363f-a9fe-46e5-8b92-c50b47a9077a,68,68,0,6.237,5.802,-0.4350000000000005,110,False
BG,nuscale_voygr6,w_swing,swing,2fb27566-cc7b-4530-8ff9-e55e3a1985bd,5,5,0,6.504,6.284,-0.21999999999999975,7,False
CZ,nuscale_voygr6,w_swing,swing,2fe0a0b3-4108-427e-8e54-f77e1ea7227c,3,4,1,6.939,6.829,-0.11000000000000032,29,False
BG,nuscale_voygr6,w_swing,swing,30c9e377-b575-46fa-880f-922c46e6500a,1,1,0,7.102,7.047,-0.055000000000000604,7,False
CZ,nuscale_voygr6,w_swing,swing,32484f7b-18a4-4b21-8e6a-6d68ae099d02,5,5,0,6.85,6.811,-0.0389999999999997,29,False
BG,nuscale_voygr6,w_swing,swing,33a015dd-51e0-497e-b0d3-4b1b3f070438,6,6,0,5.792,5.186,-0.6059999999999999,7,False
BA,nuscale_voygr6,w_swing,swing,344e0e9a-558e-4749-bb66-cd746be50cbd,5,5,0,5.556,4.956,-0.5999999999999996,5,False
RO,nuscale_voygr6,w_swing,swing,345fb795-170a-4fb5-833c-f6bcf2eb450c,1,1,0,7.633,7.783,0.15000000000000036,21,False
HU,nuscale_voygr6,w_swing,swing,34d88ce8-d49c-4b19-af2d-6efcb1b72149,11,9,-2,5.308,4.686,-0.6219999999999999,11,False
UA,nuscale_voygr6,w_swing,swing,3657989a-61ae-4fe3-9e8b-6ba7e68f8c59,14,14,0,6.017,5.643,-0.37400000000000055,20,False
ME,nuscale_voygr6,w_swing,swing,3795824b-cb76-48dd-a65c-764c757ddc76,1,1,0,5.242,4.847,-0.3949999999999996,1,True
TR,nuscale_voygr6,w_swing,swing,381221dd-76da-4adf-9b19-5da9f0779c22,80,75,-5,6.109,5.73,-0.37899999999999956,110,False
TR,nuscale_voygr6,w_swing,swing,3819acc8-761d-49ba-89e7-967d3d37ec0e,98,100,2,5.851,5.247,-0.6040000000000001,110,False
PL,nuscale_voygr6,w_swing,swing,399668d6-bfed-4e5b-bf38-9ee5902101c3,57,57,0,5.597,5.045,-0.5520000000000005,61,False
TR,nuscale_voygr6,w_swing,swing,3a06636d-c742-4b72-b9cd-21a4537c331b,84,71,-13,6.073,5.755,-0.3180000000000005,110,False
BG,nuscale_voygr6,w_swing,swing,3bb6666f-de2f-4c6f-a28e-c3bddb71b54a,3,4,1,6.891,6.63,-0.2610000000000001,7,False
UA,nuscale_voygr6,w_swing,swing,3bd2a957-ff3b-4bfd-9dba-808279edccb9,18,18,0,5.739,5.362,-0.3769999999999998,20,False
RO,nuscale_voygr6,w_swing,swing,3bef37a3-239e-498d-a160-77452a6a9b79,20,21,1,5.442,4.675,-0.7670000000000003,21,False
PL,nuscale_voygr6,w_swing,swing,3d2d4c37-eb9d-4b35-a8b1-b3f485bc3e3f,32,37,5,6.146,5.633,-0.5129999999999999,61,False
TR,nuscale_voygr6,w_swing,swing,3e5f4317-6f40-44fb-bfa2-e21dc4d9922d,34,31,-3,6.618,6.36,-0.258,110,False
TR,nuscale_voygr6,w_swing,swing,3f1ad930-cffb-4991-badd-773db74b890c,43,42,-1,6.569,6.23,-0.3389999999999995,110,False
PL,nuscale_voygr6,w_swing,swing,40650551-0c9c-45ea-bac6-befdb0cb5909,31,33,2,6.19,5.674,-0.516,61,False
PL,nuscale_voygr6,w_swing,swing,409dde58-5df1-44d9-b5ec-f8e2edd86786,35,39,4,6.12,5.613,-0.5069999999999997,61,False
PL,nuscale_voygr6,w_swing,swing,40b4334a-7ba4-4ed8-aa8e-3c405599fbd7,45,48,3,5.891,5.248,-0.6429999999999998,61,False
PL,nuscale_voygr6,w_swing,swing,416aab55-6fd9-4a0a-b8f8-796fb62d86a5,30,35,5,6.198,5.663,-0.5350000000000001,61,False
TR,nuscale_voygr6,w_swing,swing,42d5b3fd-7d07-409b-9154-4441695b7901,67,65,-2,6.241,5.84,-0.4009999999999998,110,False
CZ,nuscale_voygr6,w_swing,swing,43e5b2b4-2ccf-46ab-b01e-e3d480146455,27,29,2,5.551,4.851,-0.7000000000000002,29,False
TR,nuscale_voygr6,w_swing,swing,43f99d45-6635-4392-a522-4a06445fdaf2,39,57,18,6.576,6.071,-0.5049999999999999,110,False
PL,nuscale_voygr6,w_swing,swing,4411a22e-4e8a-4715-b000-1aae34494b68,8,7,-1,7.088,7.069,-0.019000000000000128,61,False
TR,nuscale_voygr6,w_swing,swing,44362378-9c74-44af-8a08-be4877f50e97,92,90,-2,5.977,5.463,-0.5140000000000002,110,False
TR,nuscale_voygr6,w_swing,swing,44698c12-3c50-4602-8104-dafa5fd215b6,56,52,-4,6.435,6.119,-0.31599999999999984,110,False
UA,nuscale_voygr6,w_swing,swing,447a9ea1-47fa-48a3-93f2-a77cbd629ac7,10,10,0,6.304,6.062,-0.242,20,False
CZ,nuscale_voygr6,w_swing,swing,44d40276-5847-41d1-ab9b-887bbdc1bcfe,22,22,0,5.823,5.318,-0.5050000000000008,29,False
UA,nuscale_voygr6,w_swing,swing,46b96bc3-b190-4045-9c86-eb674e2ea35e,8,6,-2,6.426,6.352,-0.07399999999999984,20,False
PL,nuscale_voygr6,w_swing,swing,47be3ec4-7abe-4f4c-ac3d-b7f753b8514a,46,38,-8,5.886,5.615,-0.2709999999999999,61,False
TR,nuscale_voygr6,w_swing,swing,48149515-0774-404d-b273-790b660a8d90,44,43,-1,6.555,6.195,-0.35999999999999943,110,False
TR,nuscale_voygr6,w_swing,swing,4b11cac9-4fe0-4a2a-9c09-4fe9a0ac6015,24,24,0,6.745,6.463,-0.28200000000000003,110,False
UA,nuscale_voygr6,w_swing,swing,4e45df00-0d28-44d0-9697-3fa33d76fc88,11,11,0,6.278,6.045,-0.23299999999999965,20,False
CZ,nuscale_voygr6,w_swing,swing,4eb7914c-e000-403c-b5a5-c350de67bb83,23,23,0,5.728,5.215,-0.5129999999999999,29,False
TR,nuscale_voygr6,w_swing,swing,5067ece3-b204-495e-81c1-90a523252547,103,105,2,5.776,5.051,-0.7249999999999996,110,False
TR,nuscale_voygr6,w_swing,swing,52028d4f-7796-4463-832e-cff2e439c96a,82,86,4,6.102,5.529,-0.5730000000000004,110,False
RO,nuscale_voygr6,w_swing,swing,52a7babe-313f-493b-86b9-bd0c4aece4c3,5,5,0,6.597,6.324,-0.2730000000000006,21,False
PL,nuscale_voygr6,w_swing,swing,52db4dae-b014-45a4-96c4-49f80c1fdd11,6,6,0,7.125,7.102,-0.022999999999999687,61,False
AT,nuscale_voygr6,w_swing,swing,532bfb42-0d4c-42cf-a81a-287f2b3a75bf,4,4,0,6.562,6.182,-0.3799999999999999,6,False
TR,nuscale_voygr6,w_swing,swing,53481b7f-5b85-4bab-be04-4866c2e72c12,108,106,-2,5.5,5.025,-0.47499999999999964,110,False
PL,nuscale_voygr6,w_swing,swing,558e7bff-5b5d-4666-9ca3-ec02f2269aab,2,2,0,7.314,7.328,0.014000000000000234,61,False
TR,nuscale_voygr6,w_swing,swing,55cfe45b-6357-40f9-8623-e9916f91f839,22,15,-7,6.781,6.627,-0.15399999999999991,110,False
TR,nuscale_voygr6,w_swing,swing,56b8e2a3-1885-431f-9fd1-4cd3bebfad61,32,35,3,6.664,6.314,-0.34999999999999964,110,False
TR,nuscale_voygr6,w_swing,swing,57c0c830-725f-46ee-9322-0a4a3ad9efda,5,6,1,7.107,6.847,-0.2599999999999998,110,False
TR,nuscale_voygr6,w_swing,swing,5a19f424-1a15-44e6-bf1b-c2c5886ac1bf,72,82,10,6.19,5.59,-0.6000000000000005,110,False
RO,nuscale_voygr6,w_swing,swing,5a33e5f0-6d86-4eab-adea-6c6bad7f3f45,16,16,0,5.925,5.377,-0.548,21,False
PL,nuscale_voygr6,w_swing,swing,5a57ae0a-6f91-46f4-a1f5-56a6b37596e9,61,61,0,5.458,4.745,-0.7130000000000001,61,False
TR,nuscale_voygr6,w_swing,swing,5b6be56c-d981-470c-a979-13a8764a34b8,91,88,-3,5.982,5.51,-0.4720000000000004,110,False
RS,nuscale_voygr6,w_swing,swing,5d4aee8d-9e73-4987-907a-d092e0ba92ed,5,2,-3,6.524,6.249,-0.27500000000000036,6,False
HU,nuscale_voygr6,w_swing,swing,5de5f907-98e7-42d3-a7dd-cb65f839697b,3,3,0,6.873,6.689,-0.18400000000000016,11,False
UA,nuscale_voygr6,w_swing,swing,5ed0a674-a292-44bc-997f-5c1990da1235,2,1,-1,6.966,7.0,0.03399999999999981,20,False
TR,nuscale_voygr6,w_swing,swing,5ed91c1b-0a1b-4a4c-9b2b-f6bdc8ff9770,102,99,-3,5.79,5.266,-0.524,110,False
CZ,nuscale_voygr6,w_swing,swing,5f4ed23c-cea2-41ef-a3e8-ac863e1bdcd6,15,15,0,6.293,6.02,-0.2730000000000006,29,False
TR,nuscale_voygr6,w_swing,swing,5fa0dfa9-c272-444e-8e70-80ab55b5d36c,16,12,-4,6.847,6.685,-0.1620000000000008,110,False
CZ,nuscale_voygr6,w_swing,swing,60baaa73-dd8c-4865-bb18-6c73d63a4052,10,9,-1,6.49,6.308,-0.18200000000000038,29,False
CZ,nuscale_voygr6,w_swing,swing,63601ccc-3f20-4cbd-95cb-0fbeaf821c6a,11,11,0,6.469,6.25,-0.2190000000000003,29,False
HU,nuscale_voygr6,w_swing,swing,651839d3-4e8f-4214-89aa-1f96ea221121,7,7,0,5.981,5.628,-0.35299999999999976,11,False
AT,nuscale_voygr6,w_swing,swing,660d9d71-6733-4294-951b-1c58614d58cf,2,2,0,7.101,6.911,-0.1900000000000004,6,False
PL,nuscale_voygr6,w_swing,swing,66bdc30c-4179-480b-a55a-5d15be5ac66b,21,19,-2,6.636,6.445,-0.19099999999999984,61,False
CZ,nuscale_voygr6,w_swing,swing,66c3f077-1ee6-41d7-8e6c-da374bb45139,28,27,-1,5.551,4.922,-0.6290000000000004,29,False
TR,nuscale_voygr6,w_swing,swing,674deb4f-110c-4120-bea0-5f0711da3ea1,12,16,4,6.891,6.623,-0.2679999999999998,110,False
BY,nuscale_voygr6,w_swing,swing,68aabff9-e662-4b9f-b37d-4c2ebc5f7539,2,2,0,6.399,6.267,-0.13199999999999967,2,True
RO,nuscale_voygr6,w_swing,swing,693d9b73-f9fc-4502-9b94-be020c5d21fb,4,4,0,6.679,6.389,-0.29000000000000004,21,False
RO,nuscale_voygr6,w_swing,swing,6aed2eac-1c97-40c5-b842-fb15fd510f35,9,7,-2,6.149,5.854,-0.29499999999999993,21,False
RO,nuscale_voygr6,w_swing,swing,6c428b2a-ad09-448b-b24c-22465929d69c,19,20,1,5.458,4.727,-0.7309999999999999,21,False
TR,nuscale_voygr6,w_swing,swing,6c9571c4-5d3b-4f88-a7be-fa8c21425eeb,8,8,0,7.031,6.79,-0.24099999999999966,110,False
TR,nuscale_voygr6,w_swing,swing,6ddc2960-3d72-4d5f-b358-56d1c54f47e0,57,53,-4,6.435,6.119,-0.31599999999999984,110,False
AT,nuscale_voygr6,w_swing,swing,6e7fc4d8-636d-411a-baef-e138a5a07acc,5,5,0,6.513,6.075,-0.4379999999999997,6,False
BG,nuscale_voygr6,w_swing,swing,704ef487-f600-4f23-b06e-a0f81b627597,7,7,0,5.646,5.16,-0.48599999999999977,7,False
UA,nuscale_voygr6,w_swing,swing,70781f2c-24c2-486c-8b32-310c36ba1238,17,15,-2,5.887,5.546,-0.3409999999999993,20,False
UA,nuscale_voygr6,w_swing,swing,725406d6-860f-4ca0-9c6a-425675bac381,7,7,0,6.44,6.345,-0.09500000000000064,20,False
TR,nuscale_voygr6,w_swing,swing,737b6d06-1d0c-4ae6-9683-ab3fea192b32,86,89,3,6.062,5.508,-0.5540000000000003,110,False
PL,nuscale_voygr6,w_swing,swing,73fe8f06-c53b-4877-9c1d-5caf3d8f2749,60,60,0,5.51,4.946,-0.5640000000000001,61,False
TR,nuscale_voygr6,w_swing,swing,746fc66e-d31f-4c5d-bf5c-ab5031b04b15,75,69,-6,6.145,5.779,-0.36599999999999966,110,False
MK,nuscale_voygr6,w_swing,swing,756218bb-3f16-443e-b6c6-400cd0ce2f87,3,3,0,5.294,4.734,-0.5599999999999996,3,False
TR,nuscale_voygr6,w_swing,swing,76cd9b7f-7613-4fd4-95ab-bf534a2e2f5e,73,76,3,6.176,5.73,-0.44599999999999973,110,False
SK,nuscale_voygr6,w_swing,swing,770f1d3c-e5fd-493c-a376-e708d2abec6c,2,2,0,6.864,6.741,-0.12300000000000022,5,False
TR,nuscale_voygr6,w_swing,swing,772e2484-419b-47de-9739-924ac371ad10,61,62,1,6.409,6.012,-0.39700000000000024,110,False
TR,nuscale_voygr6,w_swing,swing,778e0750-19f9-426e-a6c7-e0e30645fb97,3,4,1,7.198,6.891,-0.3070000000000004,110,False
TR,nuscale_voygr6,w_swing,swing,7a805295-0cd2-48be-972e-5282c996549c,58,54,-4,6.435,6.119,-0.31599999999999984,110,False
TR,nuscale_voygr6,w_swing,swing,7b4d3f8f-a644-48a3-93f9-cd3c154dc5c2,104,104,0,5.766,5.099,-0.6669999999999998,110,False
TR,nuscale_voygr6,w_swing,swing,7cc9cffa-e4e4-4546-902d-c8f4800dbdb2,30,34,4,6.672,6.342,-0.33000000000000007,110,False
PL,nuscale_voygr6,w_swing,swing,7fc17ab0-ce24-4830-a938-b8424d1e9368,13,14,1,6.957,6.797,-0.16000000000000014,61,False
BA,nuscale_voygr6,w_swing,swing,82011c29-a3d3-4a81-a27b-019d2649a251,1,3,2,5.907,5.498,-0.4089999999999998,5,False
RO,nuscale_voygr6,w_swing,swing,825dc024-9a53-4237-bf59-cbe0af0cf87d,10,12,2,6.082,5.502,-0.5800000000000001,21,False
TR,nuscale_voygr6,w_swing,swing,82aac38c-3037-466c-9b37-bff9da707645,40,45,5,6.573,6.171,-0.40200000000000014,110,False
MK,nuscale_voygr6,w_swing,swing,83d3abe4-2049-47ad-a66b-46034edb7569,2,2,0,5.827,5.399,-0.42799999999999994,3,False
UA,nuscale_voygr6,w_swing,swing,83fede8b-5f92-429d-920d-9a8928a74780,4,5,1,6.697,6.484,-0.21300000000000008,20,False
RO,nuscale_voygr6,w_swing,swing,8781d874-5923-4795-9c9f-b2a6c709025a,17,17,0,5.811,5.247,-0.5640000000000001,21,False
TR,nuscale_voygr6,w_swing,swing,8a5dc384-e272-41ed-9868-a0686ac3fc7e,33,36,3,6.664,6.314,-0.34999999999999964,110,False
PL,nuscale_voygr6,w_swing,swing,8a9d5c87-7edc-49c3-85a2-d97727b9c9b2,24,24,0,6.425,6.044,-0.3810000000000002,61,False
TR,nuscale_voygr6,w_swing,swing,8b16dc60-1a2b-4b2c-bcad-1c334d246ae3,65,67,2,6.288,5.812,-0.476,110,False
TR,nuscale_voygr6,w_swing,swing,8dd46a05-6e0c-4009-90ad-bd5909c25622,90,97,7,5.984,5.289,-0.6950000000000003,110,False
PL,nuscale_voygr6,w_swing,swing,8dd8db4c-b62d-4f6b-a2ee-70a9ed785e7a,43,44,1,5.925,5.358,-0.5670000000000002,61,False
PL,nuscale_voygr6,w_swing,swing,8e485f8a-5c68-4541-ab1d-77783f6fcb2d,17,15,-2,6.762,6.778,0.016000000000000014,61,False
HU,nuscale_voygr6,w_swing,swing,903d6b94-cd9d-4c32-b7e2-4bbfbee929df,5,6,1,6.338,6.024,-0.31400000000000006,11,False
AT,nuscale_voygr6,w_swing,swing,90820fe3-9889-4faf-9906-7c528f8d7bc5,6,6,0,6.399,5.903,-0.49600000000000044,6,False
TR,nuscale_voygr6,w_swing,swing,9163ca37-1b31-409d-974f-9e7ed5e5f33d,55,47,-8,6.445,6.169,-0.2760000000000007,110,False
PL,nuscale_voygr6,w_swing,swing,917008f5-fba1-4ef7-b82d-9aded2b69267,16,16,0,6.812,6.654,-0.15800000000000036,61,False
TR,nuscale_voygr6,w_swing,swing,91f28dbb-16bd-449b-a20a-dc2b70cf2e66,69,66,-3,6.206,5.833,-0.3730000000000002,110,False
TR,nuscale_voygr6,w_swing,swing,94a5c55f-c499-41b1-81da-deaa36686399,21,23,2,6.803,6.497,-0.30600000000000005,110,False
UA,nuscale_voygr6,w_swing,swing,95872473-c476-4ceb-bcf5-54cfdf415e42,19,19,0,5.574,4.97,-0.6040000000000001,20,False
RO,nuscale_voygr6,w_swing,swing,958e4d82-853a-41f1-a442-94b4c4314221,2,2,0,7.272,7.177,-0.09500000000000064,21,False
TR,nuscale_voygr6,w_swing,swing,96129c93-83a6-4b1c-929b-bfccba86a796,70,83,13,6.204,5.573,-0.6309999999999993,110,False
TR,nuscale_voygr6,w_swing,swing,9699244b-14c0-4e27-afd1-105494fccd60,38,37,-1,6.584,6.298,-0.2859999999999996,110,False
CZ,nuscale_voygr6,w_swing,swing,97ed917e-acfa-4002-be89-4ec44972ab45,21,21,0,5.85,5.333,-0.5169999999999995,29,False
TR,nuscale_voygr6,w_swing,swing,98019711-a8c3-424a-870e-00d4fea75ed1,88,77,-11,6.036,5.709,-0.32699999999999996,110,False
RO,nuscale_voygr6,w_swing,swing,9825e28e-fd6e-460d-9caf-0342563f9060,6,6,0,6.422,6.206,-0.2159999999999993,21,False
RS,nuscale_voygr6,w_swing,swing,993ccce2-d5e1-498d-827d-8dbfeb42582b,3,1,-2,6.584,6.288,-0.2959999999999994,6,False
HU,nuscale_voygr6,w_swing,swing,997474f6-9bfd-4abd-a2ac-d8618db8f0b4,1,1,0,7.568,7.516,-0.0519999999999996,11,False
AT,nuscale_voygr6,w_swing,swing,99d712ac-7993-4186-8a0e-2e88bae7e90f,3,3,0,6.646,6.291,-0.35499999999999954,6,False
TR,nuscale_voygr6,w_swing,swing,9a6447f2-2887-4cce-a115-dc773d7f6eb1,48,44,-4,6.511,6.172,-0.3390000000000004,110,False
CZ,nuscale_voygr6,w_swing,swing,9c4291f1-173b-467e-ae26-8cb01312c605,8,8,0,6.66,6.437,-0.22299999999999986,29,False
TR,nuscale_voygr6,w_swing,swing,9eb693f6-6994-4937-bc4d-e8213baa5d47,29,17,-12,6.702,6.617,-0.08499999999999996,110,False
BG,nuscale_voygr6,w_swing,swing,a064c7ae-e699-4a94-a18c-79bdfe42bce3,4,3,-1,6.83,6.7,-0.1299999999999999,7,False
PL,nuscale_voygr6,w_swing,swing,a19228ce-f25a-4ffd-a249-9d01403e6b81,11,11,0,7.045,6.903,-0.14200000000000035,61,False
BA,nuscale_voygr6,w_swing,swing,a23d073a-cbbd-469a-b134-380945fd3f4c,4,2,-2,5.84,5.545,-0.29499999999999993,5,False
SK,nuscale_voygr6,w_swing,swing,a2d8261c-3d08-4015-946c-47dbddbd0b98,5,5,0,5.565,4.816,-0.7490000000000006,5,False
TR,nuscale_voygr6,w_swing,swing,a4af3789-2c40-41fc-a3ec-3b8d2fc6c645,62,56,-6,6.389,6.089,-0.2999999999999998,110,False
RO,nuscale_voygr6,w_swing,swing,a4fa3246-27d6-4740-898c-bdf9dadcb88c,13,14,1,6.014,5.468,-0.5460000000000003,21,False
PL,nuscale_voygr6,w_swing,swing,a55e3643-8ed4-434b-b14f-2d549d09c0d9,20,17,-3,6.642,6.599,-0.04300000000000015,61,False
TR,nuscale_voygr6,w_swing,swing,a6478cb9-5b8c-4d64-bbe6-3d3ed6a3da2c,7,5,-2,7.061,6.862,-0.19899999999999984,110,False
PL,nuscale_voygr6,w_swing,swing,a67255dd-8134-418e-9377-e28516c53722,27,27,0,6.361,5.874,-0.4870000000000001,61,False
PL,nuscale_voygr6,w_swing,swing,a6b51b4f-ba1d-49cd-bc99-8898acdbeb78,29,28,-1,6.211,5.874,-0.33700000000000063,61,False
CZ,nuscale_voygr6,w_swing,swing,a6bf9980-016e-47ea-b40a-82e384a9eb43,26,25,-1,5.578,4.963,-0.6150000000000002,29,False
CZ,nuscale_voygr6,w_swing,swing,a733fc13-11a4-4722-b62d-85c85a4f8ef3,12,13,1,6.419,6.067,-0.3519999999999994,29,False
PL,nuscale_voygr6,w_swing,swing,a7eeee6e-e14a-40ba-80b6-75ed2e170b20,42,45,3,5.951,5.313,-0.6379999999999999,61,False
PL,nuscale_voygr6,w_swing,swing,a91dfe3d-93e0-43a1-99d2-41abdd1fc2ce,58,56,-2,5.591,5.118,-0.47299999999999986,61,False
TR,nuscale_voygr6,w_swing,swing,a96dc545-41a9-4b0d-a7a3-f40ef711e5e3,45,40,-5,6.555,6.24,-0.3149999999999995,110,False
BA,nuscale_voygr6,w_swing,swing,aa0bdb5e-45aa-4d15-8aee-cb5b0e14f5d9,3,1,-2,5.901,5.552,-0.3490000000000002,5,False
TR,nuscale_voygr6,w_swing,swing,aa336cdc-f6fe-4b08-b46d-69e852c501bf,41,32,-9,6.573,6.355,-0.21799999999999997,110,False
CZ,nuscale_voygr6,w_swing,swing,aa38441d-aec7-4ae9-b4c3-68c5bf567db3,19,19,0,6.122,5.815,-0.3069999999999995,29,False
HR,nuscale_voygr6,w_swing,swing,ab151830-e5bd-46de-8400-01aa4c165366,1,1,0,6.433,6.323,-0.10999999999999943,1,True
PL,nuscale_voygr6,w_swing,swing,ab57f5c3-8699-46f9-970f-3007dfc58af4,23,23,0,6.463,6.055,-0.40800000000000036,61,False
TR,nuscale_voygr6,w_swing,swing,ad0c8590-c672-43f2-a813-1217a10f7d2d,1,1,0,7.473,7.415,-0.05799999999999983,110,False
PL,nuscale_voygr6,w_swing,swing,ad7a9c00-0c75-411f-8f89-859e603df1e6,54,50,-4,5.695,5.242,-0.4530000000000003,61,False
TR,nuscale_voygr6,w_swing,swing,adeb10a5-aaae-4e2c-b426-3db1c3d9bd5b,71,74,3,6.191,5.738,-0.4529999999999994,110,False
RO,nuscale_voygr6,w_swing,swing,aff5ffe6-fe7a-4de7-afad-9d4645a64cd9,8,9,1,6.201,5.763,-0.4379999999999997,21,False
BG,nuscale_voygr6,w_swing,swing,b01fe781-dbc7-40f8-a544-946288020042,2,2,0,7.01,6.938,-0.07200000000000006,7,False
CZ,nuscale_voygr6,w_swing,swing,b0ba194f-3c80-4725-b1e7-fa5277b38833,6,6,0,6.748,6.675,-0.0730000000000004,29,False
PL,nuscale_voygr6,w_swing,swing,b24c9876-5a4d-4b83-b442-af2f4b0d1047,50,54,4,5.744,5.136,-0.6079999999999997,61,False
PL,nuscale_voygr6,w_swing,swing,b24f9ac5-5ddf-4b19-ba95-76dafeca3d2c,5,5,0,7.192,7.105,-0.08699999999999974,61,False
MD,nuscale_voygr6,w_swing,swing,b3eb5dd2-98cf-40c4-b9ee-2a86fd066093,1,1,0,6.456,6.328,-0.1280000000000001,1,True
TR,nuscale_voygr6,w_swing,swing,b588126a-42d6-49dc-b227-9283af5a2578,25,25,0,6.745,6.463,-0.28200000000000003,110,False
TR,nuscale_voygr6,w_swing,swing,b5a75ec8-a2fe-42ad-b33e-ea32e20ebdfb,51,59,8,6.467,6.029,-0.4379999999999997,110,False
TR,nuscale_voygr6,w_swing,swing,b5ff798e-e059-4d8b-a903-00a1fefc62ab,26,26,0,6.745,6.463,-0.28200000000000003,110,False
PL,nuscale_voygr6,w_swing,swing,b789a244-7d29-4be3-afe4-2f45d7f11eab,52,51,-1,5.718,5.197,-0.5209999999999999,61,False
TR,nuscale_voygr6,w_swing,swing,b8875ff2-9e9d-4520-8879-c71468e9cc50,60,60,0,6.413,6.02,-0.3930000000000007,110,False
PL,nuscale_voygr6,w_swing,swing,b8a00967-90a3-4a4e-9979-6b8651d87380,33,32,-1,6.146,5.737,-0.4089999999999998,61,False
PL,nuscale_voygr6,w_swing,swing,b8bc6544-1571-4906-95e0-314d62c78a24,10,8,-2,7.055,6.996,-0.058999999999999275,61,False
TR,nuscale_voygr6,w_swing,swing,bac4a081-83dc-4aba-8076-b67bfc55f54c,106,107,1,5.617,4.836,-0.7809999999999997,110,False
TR,nuscale_voygr6,w_swing,swing,bfadbe66-971d-4f64-b222-604a7ee6ac6b,28,27,-1,6.715,6.41,-0.3049999999999997,110,False
RO,nuscale_voygr6,w_swing,swing,c3790475-3d3b-4e2b-92ae-24503fe03e6b,7,8,1,6.237,5.802,-0.4350000000000005,21,False
PL,nuscale_voygr6,w_swing,swing,c39819ef-6798-4c01-9a82-9eead65b5f56,26,26,0,6.381,5.934,-0.44700000000000006,61,False
PL,nuscale_voygr6,w_swing,swing,c42c5942-264d-43a1-a9eb-95b00480eb1a,49,55,6,5.756,5.123,-0.633,61,False
UA,nuscale_voygr6,w_swing,swing,c47eb6a3-49c1-4879-95b6-9bcd53b7af04,5,4,-1,6.617,6.5,-0.11699999999999999,20,False
PL,nuscale_voygr6,w_swing,swing,c4d7f628-c108-4496-ac02-6076ea3ae448,38,30,-8,6.068,5.822,-0.24599999999999955,61,False
TR,nuscale_voygr6,w_swing,swing,c657c5c3-38a2-472d-8962-9e7cefcd2c1e,10,18,8,6.908,6.615,-0.29300000000000015,110,False
TR,nuscale_voygr6,w_swing,swing,c6b846cb-3a01-4e17-9d51-da4b58fd1827,101,96,-5,5.794,5.312,-0.4819999999999993,110,False
TR,nuscale_voygr6,w_swing,swing,c7afd455-7beb-4d23-8d3b-e9a102782d2b,107,108,1,5.558,4.822,-0.7359999999999998,110,False
TR,nuscale_voygr6,w_swing,swing,c8e1cc12-080a-4e01-925d-8fd6e4334856,97,92,-5,5.863,5.402,-0.4610000000000003,110,False
RS,nuscale_voygr6,w_swing,swing,c8f15aca-174b-4be6-a6d9-abfa4685d10d,4,4,0,6.562,6.195,-0.367,6,False
SK,nuscale_voygr6,w_swing,swing,c97125b3-20ed-4e21-a853-b928644ec7dd,1,1,0,7.02,6.93,-0.08999999999999986,5,False
TR,nuscale_voygr6,w_swing,swing,c9c85786-eb26-4e7b-b280-83a54b7e834f,47,41,-6,6.527,6.24,-0.2869999999999999,110,False
TR,nuscale_voygr6,w_swing,swing,ca423571-d2ab-44d4-b5ce-3e649d9cc776,74,80,6,6.175,5.64,-0.5350000000000001,110,False
TR,nuscale_voygr6,w_swing,swing,cb08e7b6-0af3-45d9-95c3-3832e7e2677c,13,14,1,6.878,6.665,-0.21300000000000008,110,False
TR,nuscale_voygr6,w_swing,swing,cb825b0f-e315-4221-b194-43d5b472382d,83,87,4,6.088,5.516,-0.5720000000000001,110,False
CZ,nuscale_voygr6,w_swing,swing,cbd67443-4a4e-44fd-a9ed-20ba9574c99e,29,28,-1,5.551,4.922,-0.6290000000000004,29,False
TR,nuscale_voygr6,w_swing,swing,cc635340-954c-4428-9fa1-14383c7faceb,49,39,-10,6.496,6.25,-0.24600000000000044,110,False
PL,nuscale_voygr6,w_swing,swing,ccc15bde-1c5a-40bf-8f09-2fcb1e896ce5,53,49,-4,5.718,5.245,-0.47299999999999986,61,False
PL,nuscale_voygr6,w_swing,swing,cd84938d-eea8-47a1-8ea6-2e9f943e5914,3,4,1,7.231,7.2,-0.030999999999999694,61,False
UA,nuscale_voygr6,w_swing,swing,cdb6adfb-52ff-4631-939a-001080b20450,6,8,2,6.461,6.262,-0.19900000000000073,20,False
PL,nuscale_voygr6,w_swing,swing,cdc888ad-fd51-4710-a5ab-3cd0fe9ddb48,15,18,3,6.838,6.59,-0.24800000000000022,61,False
TR,nuscale_voygr6,w_swing,swing,ce39538c-997e-4a7d-bc32-f164f50f9aa0,79,73,-6,6.115,5.749,-0.36600000000000055,110,False
UA,nuscale_voygr6,w_swing,swing,cec871bd-c7f6-4444-b0da-9b3a9ecc6963,3,3,0,6.73,6.666,-0.06400000000000006,20,False
TR,nuscale_voygr6,w_swing,swing,cf9150af-0325-44d8-bbaf-493e742f2e2b,50,48,-2,6.474,6.166,-0.30799999999999983,110,False
TR,nuscale_voygr6,w_swing,swing,d020ac37-4f23-41b1-8f1e-b425b5769424,53,50,-3,6.456,6.15,-0.30600000000000005,110,False
TR,nuscale_voygr6,w_swing,swing,d12e7ffc-4cd3-4ff4-81da-ae360d59409b,85,84,-1,6.066,5.566,-0.5,110,False
TR,nuscale_voygr6,w_swing,swing,d1863136-5ff4-4b4d-a9c0-6219e92d637d,6,7,1,7.107,6.847,-0.2599999999999998,110,False
TR,nuscale_voygr6,w_swing,swing,d21335d4-0a3d-4464-85e0-352745a38db4,59,55,-4,6.435,6.119,-0.31599999999999984,110,False
RS,nuscale_voygr6,w_swing,swing,d30af109-79cb-4ab5-a878-6f574b58116a,2,5,3,6.613,6.109,-0.5040000000000004,6,False
PL,nuscale_voygr6,w_swing,swing,d3b5a049-6bff-400b-9312-96985f03acea,59,58,-1,5.539,4.998,-0.5409999999999995,61,False
UA,nuscale_voygr6,w_swing,swing,d3b9e403-7744-44c5-b5c3-999c4c1911d8,20,20,0,5.252,4.704,-0.548,20,False
TR,nuscale_voygr6,w_swing,swing,d3f986d9-a023-4d43-a0fb-03361f310873,14,11,-3,6.878,6.72,-0.15800000000000036,110,False
TR,nuscale_voygr6,w_swing,swing,d48d2f39-d58f-4299-9b2f-56d194d2d13b,87,78,-9,6.061,5.694,-0.367,110,False
RO,nuscale_voygr6,w_swing,swing,d498ded8-449c-4672-8bb9-0ed6c8fef775,12,10,-2,6.027,5.69,-0.33699999999999974,21,False
TR,nuscale_voygr6,w_swing,swing,d5151598-5a1a-4697-8147-592845ffef6c,94,93,-1,5.917,5.373,-0.5439999999999996,110,False
PL,nuscale_voygr6,w_swing,swing,d60b377c-9bb4-4fd5-adb7-a9a9ba98ae76,36,36,0,6.107,5.649,-0.4580000000000002,61,False
TR,nuscale_voygr6,w_swing,swing,d6cb5642-d5ec-4a15-bc6b-8be4cb0a382e,17,13,-4,6.847,6.685,-0.1620000000000008,110,False
CZ,nuscale_voygr6,w_swing,swing,d762ceeb-514f-43a6-9f91-a2d422ed6c60,2,2,0,7.014,6.94,-0.07399999999999984,29,False
RO,nuscale_voygr6,w_swing,swing,dac2a974-a2de-46c5-b581-03985a9ae7d0,11,13,2,6.054,5.491,-0.5630000000000006,21,False
PL,nuscale_voygr6,w_swing,swing,dadadad9-b67e-44b8-a9ab-4cbf116da20b,4,3,-1,7.224,7.211,-0.0129999999999999,61,False
TR,nuscale_voygr6,w_swing,swing,db87ce6a-3802-44c5-945f-8a95d3cf111b,81,81,0,6.109,5.621,-0.48799999999999955,110,False
PL,nuscale_voygr6,w_swing,swing,dc87cdf1-9936-4a59-a5e9-b5e360173490,39,40,1,6.042,5.526,-0.516,61,False
TR,nuscale_voygr6,w_swing,swing,dd413ee8-a6f2-4e7c-8e6c-6d0ed8637d83,19,28,9,6.817,6.4,-0.4169999999999998,110,False
TR,nuscale_voygr6,w_swing,swing,ddc8bb9c-bf77-4075-b38c-600fb072acf8,11,19,8,6.902,6.604,-0.29800000000000004,110,False
PL,nuscale_voygr6,w_swing,swing,de6735bd-7a79-43c8-baad-1fe23d50d6f0,22,22,0,6.536,6.182,-0.3539999999999992,61,False
TR,nuscale_voygr6,w_swing,swing,e03c394f-1c08-4101-b1fe-f6662fe4b424,15,10,-5,6.861,6.725,-0.13600000000000012,110,False
RO,nuscale_voygr6,w_swing,swing,e073b3f8-4312-4d34-b322-6289a3121af1,14,11,-3,6.014,5.556,-0.4580000000000002,21,False
TR,nuscale_voygr6,w_swing,swing,e10aae79-05b7-4ad9-9d69-60ce190b4444,42,33,-9,6.573,6.355,-0.21799999999999997,110,False
HU,nuscale_voygr6,w_swing,swing,e1649639-2e45-4226-9c7a-783d2dcb6724,10,10,0,5.344,4.668,-0.6760000000000002,11,False
CZ,nuscale_voygr6,w_swing,swing,e299922a-1670-4aff-acda-fd80600af9af,7,7,0,6.721,6.534,-0.18700000000000028,29,False
PL,nuscale_voygr6,w_swing,swing,e2c23866-db1e-4316-82b5-7e3fe50c3c09,47,47,0,5.848,5.259,-0.5889999999999995,61,False
RO,nuscale_voygr6,w_swing,swing,e43af28e-a3d3-4047-a9cf-f3b0990754b4,18,18,0,5.759,5.044,-0.7150000000000007,21,False
UA,nuscale_voygr6,w_swing,swing,e4c6a713-99e6-4fdf-afaa-d456779c504c,16,16,0,5.913,5.445,-0.46799999999999997,20,False
PL,nuscale_voygr6,w_swing,swing,e4e3b5f0-7038-47a5-84e3-04eb07b3c4d7,14,12,-2,6.925,6.877,-0.04800000000000004,61,False
TR,nuscale_voygr6,w_swing,swing,e71ec827-7143-48dd-8c8a-8e81705fa971,52,58,6,6.467,6.047,-0.41999999999999993,110,False
BA,nuscale_voygr6,w_swing,swing,e75c63e5-ef2f-4e08-8f8c-3da41215af9d,2,4,2,5.907,5.448,-0.45899999999999963,5,False
TR,nuscale_voygr6,w_swing,swing,e780e4ac-0506-4186-9b58-0f378f878345,9,9,0,6.969,6.785,-0.18400000000000016,110,False
TR,nuscale_voygr6,w_swing,swing,e894ba3e-e397-47c9-b0b9-a72cfb6bd680,95,98,3,5.876,5.268,-0.6080000000000005,110,False
TR,nuscale_voygr6,w_swing,swing,e8b6e342-2011-4343-b415-a8bf08501499,99,101,2,5.809,5.202,-0.6070000000000002,110,False
PL,nuscale_voygr6,w_swing,swing,e9a1ae49-ff79-462c-af4e-7c6843221d36,55,46,-9,5.645,5.28,-0.3649999999999993,61,False
TR,nuscale_voygr6,w_swing,swing,e9bc02be-cf10-4b27-9b8a-0d4a954720e4,36,30,-6,6.606,6.394,-0.21199999999999974,110,False
PL,nuscale_voygr6,w_swing,swing,ebc0f461-acfa-47da-8094-5b15ea3e25a0,19,21,2,6.662,6.423,-0.23899999999999988,61,False
PL,nuscale_voygr6,w_swing,swing,ee332928-87b2-4e7b-9203-20e402bc551f,12,13,1,6.99,6.841,-0.14900000000000002,61,False
PL,nuscale_voygr6,w_swing,swing,ef2ee2ae-e73e-490c-aa07-746543fe20e6,40,41,1,6.029,5.523,-0.5060000000000002,61,False
HU,nuscale_voygr6,w_swing,swing,ef325d90-6d2d-4f8f-89f2-3bc98beb149b,8,8,0,5.812,5.437,-0.375,11,False
CZ,nuscale_voygr6,w_swing,swing,f1d2bca1-a7a9-4404-84c1-34fc8a59dab7,25,26,1,5.619,4.945,-0.6739999999999995,29,False
HU,nuscale_voygr6,w_swing,swing,f2b3a729-602a-4b6b-acc9-004244f2e556,9,11,2,5.373,4.668,-0.7050000000000001,11,False
UA,nuscale_voygr6,w_swing,swing,f2c061de-66ad-4fce-b911-7f1899f25b75,12,12,0,6.278,6.021,-0.2569999999999997,20,False
TR,nuscale_voygr6,w_swing,swing,f2e65fcf-afc4-4443-ac14-f15c8ffe48f3,20,29,9,6.817,6.4,-0.4169999999999998,110,False
CZ,nuscale_voygr6,w_swing,swing,f3523341-daaa-4573-a856-becb2e1bb9e3,4,3,-1,6.939,6.838,-0.10099999999999998,29,False
PL,nuscale_voygr6,w_swing,swing,f5be4e73-938d-4fe2-b585-5090ec780670,28,29,1,6.36,5.852,-0.508,61,False
HU,nuscale_voygr6,w_swing,swing,f7dcdb63-26e6-44cd-b440-ec14fe507d90,2,2,0,7.042,6.918,-0.12399999999999967,11,False
PL,nuscale_voygr6,w_swing,swing,f8f9f43d-6a3b-445d-818e-ca82a90ace65,51,53,2,5.74,5.147,-0.593,61,False
TR,nuscale_voygr6,w_swing,swing,f92bc907-9b9b-4d21-92fd-1705bd71128c,89,91,2,6.036,5.431,-0.6049999999999995,110,False
TR,nuscale_voygr6,w_swing,swing,fa6b7ac3-c1bf-478f-8d0a-1f357ea480cf,100,102,2,5.808,5.194,-0.6139999999999999,110,False
BY,nuscale_voygr6,w_swing,swing,fac3d0b5-36a5-48ae-8494-f2f08e4342f4,1,1,0,6.786,6.623,-0.16299999999999937,2,True
UA,nuscale_voygr6,w_swing,swing,fb7d4d9a-3f27-4b50-9941-6a8fccd25e9a,9,9,0,6.335,6.169,-0.16600000000000037,20,False
TR,nuscale_voygr6,w_swing,swing,fc307877-758b-4dbf-afbe-abfc4a778155,35,38,3,6.613,6.279,-0.3340000000000005,110,False
TR,nuscale_voygr6,w_swing,swing,fecb62d9-6fb8-4f8d-83e3-78a7c75adb6e,64,64,0,6.321,5.872,-0.44899999999999984,110,False
